time,side,reason,pts,usd,R,qty,path,action,orbBps,stopPts,tgtPts,trig,lock,regime,f0,f1,f2,f3,f4,f5,f6,f7,f8,f9,f10,f11,f12,f13
2023-09-08 10:15:00,1,stop,-100.0,-202.5,-1.0,1,parent_no_condition,control,50.10757558600385,100.0,125.0,1.25,0.0,hv,-4.678395735571161,-55.68713697625904,-116.30025081620366,62.62660846243939,12.880966352339929,7.910051415334074,1.0,2.0,50.10757558600385,8.0,-0.9510565162951536,0.30901699437494723,-0.8660254037844384,-0.5000000000000004
2023-09-11 10:15:00,-1,stop,-90.75,-184.0,-1.0,1,parent_no_condition,control,40.81862455310644,90.75,271.75,0.75,0.1,ct,-74.13392300277933,-1.843056638548557,140.86869025658254,-49.42949530633456,23.344596467088643,19.45388161326278,-1.0,2.0,40.81862455310644,13.0,0.0,1.0,-0.8660254037844384,-0.5000000000000004
2023-09-12 10:00:00,1,stop,-73.75,-300.0,-1.0,2,rc1_direct,direct,33.209501294607676,73.75,221.25,1.25,0.0,base,-37.16585790019877,90.28642590286351,-25.460242851547132,222.215850441565,16.9925060264986,13.217097862767702,1.0,1.0,33.209501294607676,4.0,0.9510565162951535,0.30901699437494745,-0.8660254037844384,-0.5000000000000004
2023-09-13 10:16:00,1,close1600,80.0,157.5,0.9411764705882353,1,intraday_reverse,h2cap,38.464801877987384,85.0,255.0,1.25,0.0,base,-3.8251211288353737,90.13309372718604,134.17940905151914,-20.584602717168554,24.530043838092432,31.23454172849982,-1.0,2.0,38.464801877987384,9.0,0.5877852522924732,-0.8090169943749473,-0.8660254037844384,-0.5000000000000004
2023-09-14 10:00:00,-1,stop,-70.25,-143.0,-1.0,1,rc1_direct,direct,31.669399618559673,70.25,211.0,0.75,0.1,ct,-35.29827038475153,-27.75064067167987,20.0093000972279,-139.87515748482338,15.387697287037039,21.82453077258839,-1.0,1.0,31.669399618559673,9.0,-0.587785252292473,-0.8090169943749476,-0.8660254037844384,-0.5000000000000004
2023-09-15 10:00:00,-1,target,125.0,247.5,1.25,1,parent_no_condition,control,59.51793295065089,100.0,125.0,1.25,0.0,hv,37.864976299329946,-60.953240962835494,-109.02079759558703,-305.37771161822656,29.960410546399086,16.822165677127245,-1.0,1.0,59.51793295065089,11.0,-0.9510565162951536,0.30901699437494723,-0.8660254037844384,-0.5000000000000004
2023-09-18 11:45:00,1,cond1530,-36.75,-76.0,-0.3675,1,parent_no_condition,control,52.4515393386545,100.0,125.0,1.25,0.0,hv,-27.35081696320418,-157.3169192804358,-49.46986448942536,241.6001634010767,19.85643655860958,21.365086599818284,1.0,8.0,52.4515393386545,9.0,0.0,1.0,-0.8660254037844384,-0.5000000000000004
2023-09-19 10:00:00,-1,stop,6.25,10.0,0.1016260162601626,1,rc1_direct,direct,28.143460217004648,61.5,184.75,0.75,0.1,ct,32.88677552996111,-2.2783908864365543,148.80368012117452,-271.5547496490411,15.047516053273702,18.5740820117164,-1.0,1.0,28.143460217004648,8.0,0.9510565162951535,0.30901699437494745,-0.8660254037844384,-0.5000000000000004
2023-09-20 11:00:00,-1,cond1530,115.75,229.0,1.6654676258992807,1,parent_no_condition,control,31.61717581713309,69.5,208.0,0.75,0.1,ct,-25.09911297452927,27.022414381613345,65.73541495480728,-109.27858831670578,16.970668237222817,4.707963591747966,-1.0,5.0,31.61717581713309,9.0,0.5877852522924732,-0.8090169943749473,-0.8660254037844384,-0.5000000000000004
2023-09-21 10:01:00,1,stop,5.75,9.0,0.10176991150442478,1,prior_session_reverse,h5,26.386955222357475,56.5,169.75,0.75,0.1,ct,99.69369473501688,129.492298916144,227.74444052241495,8.228789213068355,25.42974368153206,32.80457222837762,-1.0,1.0,26.386955222357475,14.0,-0.587785252292473,-0.8090169943749476,-0.8660254037844384,-0.5000000000000004
2023-09-22 10:30:00,1,stop,6.5,10.5,0.09811320754716982,1,parent_no_condition,control,31.056810524156923,66.25,198.75,0.75,0.1,ct,40.38831529321829,-146.5948887152324,-451.154180573865,-292.8303608342953,10.381870371782842,5.85240241119056,1.0,3.0,31.056810524156923,8.0,-0.9510565162951536,0.30901699437494723,-0.8660254037844384,-0.5000000000000004
2023-09-25 11:15:00,1,close1600,55.75,109.0,0.5575,1,parent_no_condition,control,50.07068803016023,100.0,125.0,1.25,0.0,hv,-34.36274725758803,4.11347309347887,-299.43446487841754,-120.99055577316497,17.13409915208075,18.091960109434257,1.0,6.0,50.07068803016023,5.0,0.0,1.0,-0.8660254037844384,-0.5000000000000004
2023-09-26 10:00:00,-1,cond1530,87.25,344.0,1.6009174311926606,2,parent_no_condition,control,25.625165679950516,54.5,163.0,1.25,0.0,base,63.953403286941544,-16.858215081505534,271.92095784513316,142.3872587206787,25.800543467870973,33.13843026937824,-1.0,1.0,25.625165679950516,10.0,0.9510565162951535,0.30901699437494745,-0.8660254037844384,-0.5000000000000004
2023-09-27 10:16:00,1,stop,5.0,7.5,0.1,1,prior_session_reverse,h5,23.640312643134703,50.0,150.0,0.75,0.1,ct,-27.13442661842702,136.74188689179135,382.1910384757998,333.806309211564,26.93522019084238,33.67998109194082,-1.0,2.0,23.640312643134703,13.0,0.5877852522924732,-0.8090169943749473,-0.8660254037844384,-0.5000000000000004
2023-09-28 10:00:00,1,target,195.0,387.5,3.0,1,parent_no_condition,control,30.882069098629607,65.0,195.0,0.75,0.1,ct,-27.688116319701805,9.040117373326773,-241.86557244408436,-490.68611576531526,22.601529381516272,38.500416220716986,1.0,1.0,30.882069098629607,8.0,-0.587785252292473,-0.8090169943749476,-0.8660254037844384,-0.5000000000000004
2023-09-29 10:00:00,1,stop,-49.25,-101.0,-1.0,1,rc1_direct,direct,23.035427904942413,49.25,148.25,0.75,0.1,ct,81.975642362897,65.95389142747266,-2.9373320213255116,-462.11834601426415,17.55074965430925,28.4451446326206,1.0,1.0,23.035427904942413,11.0,-0.9510565162951536,0.30901699437494723,-0.8660254037844384,-0.5000000000000004
2023-10-02 11:16:00,-1,close1600,6.5,10.5,0.065,1,intraday_reverse,h2cap,63.4790321280136,100.0,125.0,1.25,0.0,hv,3.672797790443827,-11.592586614230793,-4.258631070385155,-487.4503885069037,24.417948675912182,34.55748843202766,1.0,6.0,63.4790321280136,12.0,0.0,1.0,-1.0,-1.8369701987210297e-16
2023-10-03 10:00:00,1,stop,-63.75,-130.0,-1.0,1,parent_no_condition,control,29.912023460410555,63.75,191.25,0.75,0.1,ct,-61.149136760992874,23.258535443666517,27.805827516060866,-414.4983492809584,21.5759994938014,26.082114702692394,1.0,1.0,29.912023460410555,11.0,0.9510565162951535,0.30901699437494745,-1.0,-1.8369701987210297e-16
2023-10-05 10:00:00,-1,cond1530,-46.0,-189.0,-0.5168539325842697,2,parent_no_condition,control,41.80877984376719,89.0,267.25,1.25,0.0,base,13.460919439323149,-128.93473234927956,-119.63635286801555,369.32658841433374,22.530746273770053,20.417456190602312,-1.0,1.0,41.80877984376719,12.0,-0.587785252292473,-0.8090169943749476,-1.0,-1.8369701987210297e-16
2023-10-06 10:30:00,1,target,125.0,247.5,1.25,1,parent_no_condition,control,58.4228781032532,100.0,125.0,1.25,0.0,hv,-79.75442100934148,-21.83694106957068,2.203646300078521,-347.7607496774737,40.15692299297102,43.1722751197583,1.0,3.0,58.4228781032532,6.0,-0.9510565162951536,0.30901699437494723,-1.0,-1.8369701987210297e-16
2023-10-09 10:00:00,1,target,125.0,247.5,1.25,1,parent_no_condition,control,46.818596171376484,100.0,125.0,1.25,0.0,hv,-57.924003707136016,150.2190081429866,145.14896867838135,-211.48721437886263,22.554571577524385,11.35172895564196,1.0,1.0,46.818596171376484,15.0,0.0,1.0,-1.0,-1.8369701987210297e-16
2023-10-10 10:15:00,1,stop,5.75,9.0,0.1,1,parent_no_condition,control,26.506857208712688,57.5,172.5,0.75,0.1,ct,9.37234149928523,100.34370266806425,121.42262955882055,-273.3443662169366,21.787839056954805,19.71081217178705,1.0,2.0,26.506857208712688,15.0,0.9510565162951535,0.30901699437494745,-1.0,-1.8369701987210297e-16
2023-10-11 10:15:00,-1,cond1530,-32.0,-133.0,-0.3987538940809969,2,parent_no_condition,control,36.70144021021214,80.25,241.0,1.25,0.0,base,-33.58353545646287,-42.952478415658746,-331.85545455893583,128.77907800413647,18.976418302618647,20.999999999999908,-1.0,2.0,36.70144021021214,15.0,0.5877852522924732,-0.8090169943749473,-1.0,-1.8369701987210297e-16
2023-10-12 10:15:00,1,stop,-62.75,-128.0,-1.0,1,parent_no_condition,control,28.64533230723188,62.75,188.5,0.75,0.1,ct,7.131446827932653,52.62025951681126,258.3911274983164,-100.67066713731032,27.339839266136146,32.07046951167358,1.0,2.0,28.64533230723188,8.0,-0.587785252292473,-0.8090169943749476,-1.0,-1.8369701987210297e-16
2023-10-13 10:16:00,1,stop,-80.25,-163.0,-1.0,1,intraday_reverse,h2cap,36.744468670693784,80.25,241.0,0.75,0.1,ct,-15.316566226255546,51.55153016903724,-260.7073614946254,202.9282248338149,19.81268935642655,28.72372350915309,-1.0,2.0,36.744468670693784,11.0,-0.9510565162951536,0.30901699437494723,-1.0,-1.8369701987210297e-16
2023-10-16 10:31:00,1,close1600,11.75,21.0,0.1175,1,prior_session_reverse,h5,52.54709443360711,100.0,125.0,1.25,0.0,hv,36.345207066319496,-119.88898108672652,0.5792400370707718,-162.25302354734404,35.771164998561474,45.49577436399499,1.0,3.0,52.54709443360711,13.0,0.0,1.0,-1.0,-1.8369701987210297e-16
2023-10-17 10:15:00,1,close1600,77.25,152.0,1.4784688995215312,1,parent_no_condition,control,24.168747060313326,52.25,156.5,0.75,0.1,ct,-95.78626347665487,93.06492868394133,70.653035917696,-56.662063467205485,32.301555484377516,32.30292319726491,1.0,2.0,24.168747060313326,5.0,0.9510565162951535,0.30901699437494745,-1.0,-1.8369701987210297e-16
2023-10-18 11:00:00,-1,close1600,75.5,297.0,0.8162162162162162,2,parent_no_condition,control,42.74306508209268,92.5,277.5,1.25,0.0,base,63.25110689437086,26.952632182589696,16.217690199061828,79.57559681697646,27.994991919610968,40.83635156779897,-1.0,5.0,42.74306508209268,13.0,0.5877852522924732,-0.8090169943749473,-1.0,-1.8369701987210297e-16
2023-10-20 10:15:00,-1,stop,9.25,16.0,0.09893048128342247,1,parent_no_condition,control,43.972851543829464,93.5,280.25,0.75,0.1,ct,23.89889156061198,77.39757914338897,236.90576733133906,-16.88965912261864,32.78813087656207,50.80688976667025,-1.0,2.0,43.972851543829464,3.0,-0.9510565162951536,0.30901699437494723,-1.0,-1.8369701987210297e-16
2023-10-23 10:16:00,-1,stop,-100.0,-202.5,-1.0,1,intraday_reverse,h2cap,69.06655504395145,100.0,125.0,1.25,0.0,hv,-38.94289366509152,-97.4389166911982,-258.0364900086885,-120.26961540155922,36.19769504970449,75.8438755321067,1.0,2.0,69.06655504395145,13.0,0.0,1.0,-1.0,-1.8369701987210297e-16
2023-10-24 12:30:00,-1,stop,-93.75,-380.0,-1.0,2,parent_no_condition,control,44.24387222369702,93.75,281.25,1.25,0.0,base,-45.39722572509453,-3.1164668170480248,349.06862534541784,135.51682252564757,42.28752740672692,44.20605917717757,-1.0,11.0,44.24387222369702,6.0,0.9510565162951535,0.30901699437494745,-1.0,-1.8369701987210297e-16
2023-10-25 10:15:00,-1,target,125.0,247.5,1.25,1,parent_no_condition,control,72.89679387726318,100.0,125.0,1.25,0.0,hv,67.63512321355081,-63.17969963749448,223.10390431832582,-84.5170665164141,18.73766596473758,10.871831531290566,-1.0,2.0,72.89679387726318,12.0,0.5877852522924732,-0.8090169943749473,-1.0,-1.8369701987210297e-16
2023-10-26 10:01:00,1,stop,-100.0,-202.5,-1.0,1,prior_session_reverse,h5,54.48275341649122,100.0,125.0,1.25,0.0,hv,33.53232185014154,199.24839731781051,321.90933566179194,153.24706091385588,47.86677559312502,63.36370768209476,-1.0,1.0,54.48275341649122,11.0,-0.587785252292473,-0.8090169943749476,-1.0,-1.8369701987210297e-16
2023-10-27 10:15:00,1,stop,-60.25,-123.0,-1.0,1,parent_no_condition,control,29.284798458375374,60.25,181.0,0.75,0.1,ct,67.86915316417064,-100.77777441515612,-408.1872030965927,-389.16393659375046,20.98562511158475,22.159151274150357,1.0,2.0,29.284798458375374,4.0,-0.9510565162951536,0.30901699437494723,-1.0,-1.8369701987210297e-16
2023-10-30 10:46:00,1,target,125.0,247.5,1.25,1,intraday_reverse,h2cap,62.132928184312576,100.0,125.0,1.25,0.0,hv,-68.59965242842713,24.93841428180432,249.71015785249296,362.8724216959511,43.35555149604375,58.22460215702541,-1.0,4.0,62.132928184312576,13.0,0.0,1.0,-1.0,-1.8369701987210297e-16
2023-10-31 13:01:00,1,close1600,59.25,116.0,0.5925,1,intraday_keep,control,61.71065567571655,100.0,125.0,1.25,0.0,hv,-6.185224855552729,55.9786401286444,-165.86306653809112,-326.03143561827807,31.725352594940137,28.261395236368614,1.0,13.0,61.71065567571655,13.0,0.9510565162951535,0.30901699437494745,-1.0,-1.8369701987210297e-16
2023-11-01 10:30:00,1,stop,-66.75,-136.0,-1.0,1,parent_no_condition,control,32.049362008027316,66.75,200.75,0.75,0.1,ct,16.219625747153632,53.14491046894298,-209.66888196200628,-126.48467503966532,37.485906924021876,50.01048123858265,1.0,3.0,32.049362008027316,14.0,0.5877852522924732,-0.8090169943749473,-0.8660254037844386,0.5000000000000001
2023-11-02 10:15:00,-1,stop,-61.0,-249.0,-1.0,2,parent_no_condition,control,28.543616842197714,61.0,182.75,1.25,0.0,base,-102.22347145583343,-170.7742770304832,-164.50385696885837,109.58944195710086,25.193253996211862,35.84648923873779,-1.0,2.0,28.543616842197714,7.0,-0.587785252292473,-0.8090169943749476,-0.8660254037844386,0.5000000000000001
2023-11-03 10:00:00,1,stop,-56.0,-229.0,-1.0,2,parent_no_condition,control,25.996470870155616,56.0,167.75,1.25,0.0,base,34.41537609006229,131.79279572116621,482.11556099052365,71.96991951119224,24.586642048136653,28.432168968317573,1.0,1.0,25.996470870155616,15.0,-0.9510565162951536,0.30901699437494723,-0.8660254037844386,0.5000000000000001
2024-03-11 10:16:00,-1,stop,-100.0,-202.5,-1.0,1,intraday_keep,control,46.4940939934657,100.0,300.0,0.75,0.1,ct,-1495.2165192421462,-132.61397198584658,-564.4989176499294,-35.47845227062085,21.451277320359008,40.40860376979594,-1.0,2.0,46.4940939934657,12.0,0.0,1.0,0.8660254037844386,0.5000000000000001
2024-03-12 10:31:00,-1,stop,-100.0,-202.5,-1.0,1,intraday_reverse,h2cap,66.73803755110218,100.0,125.0,1.25,0.0,hv,48.225453997436944,-5.899112622845815,2012.3101060539784,1481.2625264948886,45.36223129983252,40.42452003704567,1.0,3.0,66.73803755110218,6.0,0.9510565162951535,0.30901699437494745,0.8660254037844386,0.5000000000000001
2024-03-13 10:00:00,-1,close1600,12.75,23.0,0.15315315315315314,1,rc1_direct,direct,33.091985767958,83.25,249.25,0.75,0.1,ct,25.03284011202811,-100.13267579542796,-2118.7637040819386,-1581.1530347173375,17.91604730370322,14.329325275683757,-1.0,1.0,33.091985767958,15.0,0.5877852522924732,-0.8090169943749473,0.8660254037844386,0.5000000000000001
2024-03-14 10:00:00,-1,stop,-77.75,-158.0,-1.0,1,parent_no_condition,control,31.030937470791663,77.75,233.5,0.75,0.1,ct,-20.601822949182225,72.88232231835168,-1848.1589419648792,-1423.1515289822005,35.997792046363884,57.5865980280954,-1.0,1.0,31.030937470791663,13.0,-0.587785252292473,-0.8090169943749476,0.8660254037844386,0.5000000000000001
2024-03-15 11:45:00,-1,cond1530,-32.0,-66.5,-0.32,1,parent_no_condition,control,42.87353567960859,100.0,300.0,0.75,0.1,ct,58.76824760353338,49.996259631448495,-1637.7927494385624,-1423.7249316480338,22.713521623174415,25.115163753391954,-1.0,8.0,42.87353567960859,10.0,-0.9510565162951536,0.30901699437494723,0.8660254037844386,0.5000000000000001
2024-03-18 10:15:00,1,stop,-95.25,-386.0,-1.0,2,parent_no_condition,control,38.12047319380824,95.25,286.0,1.25,0.0,base,112.18313960849935,-99.9059855844564,1396.3723467193834,1436.1424847958303,13.705030666826268,7.115394217807047,1.0,2.0,38.12047319380824,3.0,0.0,1.0,0.8660254037844386,0.5000000000000001
2024-03-19 12:30:00,1,close1600,83.0,163.5,0.83,1,parent_no_condition,control,49.75501338586655,100.0,125.0,1.25,0.0,hv,-36.909634167775486,71.82054978125186,3.5164393539788286,1404.7220193863375,41.98214723801108,28.7349078718524,1.0,11.0,49.75501338586655,15.0,0.9510565162951535,0.30901699437494745,0.8660254037844386,0.5000000000000001
2024-03-20 10:45:00,-1,stop,-91.0,-184.5,-1.0,1,parent_no_condition,control,36.38978334948573,91.0,272.75,0.75,0.1,ct,-14.517239221576439,-48.79459738169167,97.77678637816977,-1486.5447645333795,9.19969275541721,0.8768853034024637,-1.0,4.0,36.38978334948573,6.0,0.5877852522924732,-0.8090169943749473,0.8660254037844386,0.5000000000000001
2024-03-21 10:00:00,-1,close1600,71.25,140.0,1.0594795539033457,1,rc1_direct,direct,26.379235247566058,67.25,201.5,0.75,0.1,ct,-106.96181351709689,-99.7671682147061,-74.04170308403124,-1741.6866768536709,11.884340063453847,12.891027844620373,-1.0,1.0,26.379235247566058,11.0,-0.587785252292473,-0.8090169943749476,0.8660254037844386,0.5000000000000001
2024-03-22 10:45:00,-1,stop,-38.5,-79.5,-1.0,1,parent_no_condition,control,15.204425353070242,38.5,115.25,0.75,0.1,ct,15.914530336302857,-7.160493827160774,-157.0077062840669,-1884.6401970558913,9.05795082102423,14.331957794855299,-1.0,4.0,15.204425353070242,10.0,-0.9510565162951536,0.30901699437494723,0.8660254037844386,0.5000000000000001
2024-03-25 10:15:00,1,close1600,-7.5,-35.0,-0.09090909090909091,2,parent_no_condition,control,32.76816523099074,82.5,247.5,1.25,0.0,base,-62.240408198479535,0.9860838910880076,273.36726683380164,2059.9601652843426,26.160134069470597,46.478103096883046,1.0,2.0,32.76816523099074,12.0,0.0,1.0,0.8660254037844386,0.5000000000000001
2024-03-26 10:46:00,1,cond1530,-18.0,-77.0,-0.32142857142857145,2,delay_weak,control,22.081182268440564,56.0,167.75,1.25,0.0,base,-29.327327624610877,25.057088193544132,-145.37876315062536,-1989.0215859357618,14.529019512633523,23.044314092768303,-1.0,4.0,22.081182268440564,13.0,0.9510565162951535,0.30901699437494745,0.8660254037844386,0.5000000000000001
2024-03-27 10:00:00,-1,close1600,-41.5,-85.5,-0.415,1,parent_no_condition,control,41.78359066915555,100.0,300.0,0.75,0.1,ct,-59.32950215348676,41.28502737914208,-82.8483824541637,-1845.9977651002757,21.065777031895607,17.211277720682318,-1.0,1.0,41.78359066915555,7.0,0.5877852522924732,-0.8090169943749473,0.8660254037844386,0.5000000000000001
2024-03-28 11:30:00,1,cond1530,-10.0,-45.0,-0.1532567049808429,2,parent_no_condition,control,25.89566154742066,65.25,196.0,1.25,0.0,base,0.37135147179068184,13.510665989067139,12.766010188018928,2147.7226591281596,4.313999872747054,3.5896864594553435,1.0,7.0,25.89566154742066,7.0,-0.587785252292473,-0.8090169943749476,0.8660254037844386,0.5000000000000001
2024-04-01 11:01:00,-1,close1600,-10.25,-23.0,-0.1025,1,intraday_keep,control,60.654350498143934,100.0,125.0,1.25,0.0,hv,-5.574481263548314,-3.0978934324665808,41.08169458906019,-2339.4986242739215,33.783158691752526,31.50248313690596,-1.0,5.0,60.654350498143934,8.0,0.0,1.0,1.0,6.123233995736766e-17
2024-04-02 10:15:00,-1,stop,-86.0,-174.5,-1.0,1,parent_no_condition,control,34.45877790377856,86.0,257.75,0.75,0.1,ct,104.15505604062125,38.86010362694314,48.31334656198783,-2309.064300740877,17.954480977195875,10.66138196595845,-1.0,2.0,34.45877790377856,4.0,0.9510565162951535,0.30901699437494745,1.0,6.123233995736766e-17
2024-04-03 10:15:00,1,stop,0.0,-5.0,0.0,2,parent_no_condition,control,24.43226311667972,61.0,182.75,1.25,0.0,base,-50.174111656120516,-70.51679266327882,-85.50710290550879,2086.9853817490603,30.706408668883522,49.6147340725428,1.0,2.0,24.43226311667972,14.0,0.5877852522924732,-0.8090169943749473,1.0,6.123233995736766e-17
2024-04-04 10:00:00,-1,stop,-50.25,-103.0,-1.0,1,rc1_direct,direct,19.884767156787067,50.25,151.0,0.75,0.1,ct,-85.7395660680682,-20.10439299717781,40.214976355082975,-2051.031748415584,11.264532809563965,13.713523263571004,-1.0,1.0,19.884767156787067,10.0,-0.587785252292473,-0.8090169943749476,1.0,6.123233995736766e-17
2024-04-05 10:00:00,1,close1600,97.25,384.0,0.974937343358396,2,parent_no_condition,control,40.204425007404424,99.75,299.0,1.25,0.0,base,35.28876071943632,-157.35876304060926,-213.40331245512823,1696.081187034928,20.490391207770298,20.897589223893842,1.0,1.0,40.204425007404424,12.0,-0.9510565162951536,0.30901699437494723,1.0,6.123233995736766e-17
2024-04-09 10:30:00,-1,stop,7.75,13.0,0.09967845659163987,1,parent_no_condition,control,31.020113242100148,77.75,233.5,0.75,0.1,ct,-47.28073247610931,8.623167576889967,98.7058022168552,-1536.3414669340991,34.28448623183256,27.942020307860638,-1.0,3.0,31.020113242100148,4.0,0.9510565162951535,0.30901699437494745,1.0,6.123233995736766e-17
2024-04-10 10:45:00,1,stop,-88.5,-359.0,-1.0,2,parent_no_condition,control,35.64568441603426,88.5,265.25,1.25,0.0,base,-107.16870025201497,14.9936277082241,4.118770359831103,66.30999924647662,20.968811353994088,21.901393381751344,1.0,4.0,35.64568441603426,12.0,0.5877852522924732,-0.8090169943749473,1.0,6.123233995736766e-17
2024-04-11 10:15:00,-1,stop,-64.0,-261.0,-1.0,2,parent_no_condition,control,25.699367544832857,64.0,192.25,1.25,0.0,base,-25.24523040982718,81.59553529162645,77.76379248034092,133.2193223783673,17.305246284549103,18.302849477866978,-1.0,2.0,25.699367544832857,5.0,-0.587785252292473,-0.8090169943749476,1.0,6.123233995736766e-17
2024-04-12 10:00:00,1,stop,-57.5,-235.0,-1.0,2,rc1_direct,direct,23.0025877911265,57.5,172.5,1.25,0.0,base,-101.29905512005988,162.72747866797442,213.62980951658227,82.532151329755,8.58648515188909,9.4976255936019,1.0,1.0,23.0025877911265,11.0,-0.9510565162951536,0.30901699437494723,1.0,6.123233995736766e-17
2024-04-15 10:15:00,-1,target,300.0,1195.0,3.0,2,parent_no_condition,control,42.381622128457565,100.0,300.0,1.25,0.0,base,-84.18800729881104,159.13312693498494,65.3848077211583,42.603846876762,25.97411757930046,39.116687703862894,-1.0,2.0,42.381622128457565,6.0,0.0,1.0,1.0,6.123233995736766e-17
2024-04-16 10:00:00,1,stop,-66.0,-134.5,-1.0,1,parent_no_condition,control,26.97537059173224,66.0,197.75,0.75,0.1,ct,-2.80974214230012,-173.19494471567108,-206.2590683944565,-85.97330902276545,22.48424421272377,30.574780283745273,1.0,1.0,26.97537059173224,3.0,0.9510565162951535,0.30901699437494745,1.0,6.123233995736766e-17
2024-04-17 10:00:00,-1,target,178.0,707.0,2.991596638655462,2,rc1_direct,direct,24.197040319910343,59.5,178.0,1.25,0.0,base,-38.575516043326544,2.043318348998735,232.80185642637895,171.49170160946082,19.15918418286866,24.96465463438291,-1.0,1.0,24.197040319910343,10.0,0.5877852522924732,-0.8090169943749473,1.0,6.123233995736766e-17
2024-04-18 10:46:00,-1,target,125.0,247.5,1.25,1,intraday_reverse,h2cap,65.64253947291759,100.0,125.0,1.25,0.0,hv,-2.5810781163293495,-118.09266320635614,-267.775279769904,-302.6093486014647,38.44226405426588,30.122428927874534,1.0,4.0,65.64253947291759,10.0,-0.587785252292473,-0.8090169943749476,1.0,6.123233995736766e-17
2024-04-19 10:16:00,1,stop,-87.25,-177.0,-1.0,1,intraday_reverse,h2cap,36.40182922453666,87.25,261.5,0.75,0.1,ct,24.04439765534616,71.48848312794387,471.8207824051712,463.79038954922345,21.499987613319284,30.89960886571097,-1.0,2.0,36.40182922453666,5.0,-0.9510565162951536,0.30901699437494723,1.0,6.123233995736766e-17
2024-04-22 10:31:00,1,target,163.25,324.0,3.0092165898617513,1,delay_weak,control,22.919465739350354,54.25,163.25,0.75,0.1,ct,-54.01398008896496,172.90053990763,494.43151072799395,681.2405931555188,47.19282104513112,55.82914175861764,-1.0,3.0,22.919465739350354,14.0,0.0,1.0,1.0,6.123233995736766e-17
2024-04-23 10:00:00,1,cond1530,125.0,247.5,1.5625,1,rc1_direct,direct,33.43870007053476,80.0,240.0,0.75,0.1,ct,52.8175953541532,37.8508124076804,-279.44162760699334,-619.4461219911996,15.886316327577976,22.322302721753395,1.0,1.0,33.43870007053476,13.0,0.9510565162951535,0.30901699437494745,1.0,6.123233995736766e-17
2024-04-24 10:45:00,-1,close1600,34.75,134.0,0.37669376693766937,2,parent_no_condition,control,37.92968222640806,92.25,276.5,1.25,0.0,base,-69.34183580890263,-134.9061436809551,144.84978540772576,452.6555462060089,18.386971888803004,16.336926599603842,-1.0,4.0,37.92968222640806,7.0,0.5877852522924732,-0.8090169943749473,1.0,6.123233995736766e-17
2024-04-25 10:15:00,1,cond1530,184.25,366.0,2.267692307692308,1,parent_no_condition,control,34.14851979300743,81.25,243.75,0.75,0.1,ct,-165.48127686489167,-1.8068013163841101,-2.0648624930630355,-384.2764407263521,30.647313614691196,21.3770491803289,1.0,2.0,34.14851979300743,9.0,-0.587785252292473,-0.8090169943749476,1.0,6.123233995736766e-17
2024-04-26 10:00:00,1,close1600,50.75,99.0,0.5075,1,parent_no_condition,control,49.9729527832874,100.0,125.0,1.25,0.0,hv,63.60745115856492,50.88394546284736,12.217153403257797,-464.3131235610132,32.94094683923498,39.27325169647666,1.0,1.0,49.9729527832874,9.0,-0.9510565162951536,0.30901699437494723,1.0,6.123233995736766e-17
2024-04-29 15:16:00,-1,cond1530,-10.0,-22.5,-0.1,1,intraday_keep,control,59.86992015216406,100.0,125.0,1.25,0.0,hv,-33.26126725428313,-37.237252661179724,-348.5755136623592,316.6305357695887,26.862038435198077,27.20132813996523,-1.0,22.0,59.86992015216406,11.0,0.0,1.0,1.0,6.123233995736766e-17
2024-04-30 11:15:00,-1,cond1530,76.75,302.0,1.189922480620155,2,parent_no_condition,control,26.351472356537982,64.5,193.0,1.25,0.0,base,32.91614039116597,-21.99235382117193,-298.24861058191266,292.7735463496195,39.97370017998936,46.79947830089737,-1.0,6.0,26.351472356537982,13.0,0.9510565162951535,0.30901699437494745,1.0,6.123233995736766e-17
2024-05-01 10:15:00,-1,stop,-61.25,-250.0,-1.0,2,parent_no_condition,control,25.538457529284535,61.25,183.75,1.25,0.0,base,41.627762215997734,165.03838991913878,5.443658138268859,375.5569700827499,16.32705376278132,22.803382718945553,-1.0,2.0,25.538457529284535,14.0,0.5877852522924732,-0.8090169943749473,0.8660254037844387,-0.4999999999999998
2024-05-02 10:45:00,-1,stop,-100.0,-405.0,-1.0,2,parent_no_condition,control,44.92806315898821,100.0,300.0,1.25,0.0,base,-67.24817842312714,23.83898912264759,114.75261710833684,456.2391735104621,16.71561502117114,-13.326365299191067,-1.0,4.0,44.92806315898821,15.0,-0.587785252292473,-0.8090169943749476,0.8660254037844387,-0.4999999999999998
2024-05-03 10:00:00,1,stop,-69.75,-142.0,-1.0,1,parent_no_condition,control,28.38468245432039,69.75,209.0,0.75,0.1,ct,162.07057119205226,69.15773433531669,35.95768157331092,-221.34527332979158,24.03066994093761,25.436554873008443,1.0,1.0,28.38468245432039,15.0,-0.9510565162951536,0.30901699437494723,0.8660254037844387,-0.4999999999999998
2024-05-06 10:45:00,1,close1600,91.5,180.5,1.2448979591836735,1,parent_no_condition,control,29.722944215725335,73.5,220.25,0.75,0.1,ct,38.09765699409384,126.54158254137738,73.68649976333242,-155.39830974646173,7.067365569717321,5.306916681409035,1.0,4.0,29.722944215725335,7.0,0.0,1.0,0.8660254037844387,-0.4999999999999998
2024-05-07 10:00:00,-1,stop,-48.25,-198.0,-1.0,2,rc1_direct,direct,19.33653097611813,48.25,144.25,1.25,0.0,base,-7.165304839722442,-81.61610016982124,-149.14328727625215,49.782358533047024,10.763601556887936,11.051250172675608,-1.0,1.0,19.33653097611813,6.0,0.9510565162951535,0.30901699437494745,0.8660254037844387,-0.4999999999999998
2024-05-08 10:00:00,1,stop,6.0,9.5,0.1,1,rc1_direct,direct,24.247016480394013,60.0,180.0,0.75,0.1,ct,-56.16142325861939,6.160190085866546,321.61012553169496,-70.11502857000251,17.2363184240254,20.567304295160405,1.0,1.0,24.247016480394013,14.0,0.5877852522924732,-0.8090169943749473,0.8660254037844387,-0.4999999999999998
2024-05-09 11:01:00,-1,cond1530,-1.75,-6.0,-0.0175,1,intraday_reverse,h2cap,41.043460744321905,100.0,300.0,1.25,0.0,base,-4.524886877828038,-3.643719609494056,388.8642239690787,-7.410291513332279,22.599333136179567,28.971997934170712,1.0,5.0,41.043460744321905,11.0,-0.587785252292473,-0.8090169943749476,0.8660254037844387,-0.4999999999999998
2024-05-10 10:30:00,-1,cond1530,-28.75,-120.0,-0.30997304582210244,2,parent_no_condition,control,37.14705606453832,92.75,278.5,1.25,0.0,base,-33.03895581824756,-19.887972811378773,-296.3317466887427,142.1654221000357,31.302831730237735,50.18413332501082,-1.0,3.0,37.14705606453832,10.0,-0.9510565162951536,0.30901699437494723,0.8660254037844387,-0.4999999999999998
2024-05-14 10:30:00,1,stop,-65.5,-267.0,-1.0,2,parent_no_condition,control,26.26904505766681,65.5,197.0,1.25,0.0,base,-5.505367733540378,19.93405463686093,46.7630421118792,207.2823407706359,30.262828071971892,31.631326265253445,1.0,3.0,26.26904505766681,6.0,0.9510565162951535,0.30901699437494745,0.8660254037844387,-0.4999999999999998
2024-05-15 10:45:00,1,cond1530,131.25,520.0,2.599009900990099,2,parent_no_condition,control,20.044047412833137,50.5,152.0,1.25,0.0,base,41.37879616283202,71.96405551870511,111.06643883807443,279.48089106887284,27.474645728069458,29.33204618869034,1.0,4.0,20.044047412833137,15.0,0.5877852522924732,-0.8090169943749473,0.8660254037844387,-0.4999999999999998
2024-05-16 10:00:00,1,stop,-35.0,-145.0,-1.0,2,rc1_direct,direct,13.739128301377592,35.0,105.0,1.25,0.0,base,-5.885310020966594,135.20398652930865,251.256913021618,525.5075044846236,9.041182869555797,9.934018494444086,1.0,1.0,13.739128301377592,13.0,-0.587785252292473,-0.8090169943749476,0.8660254037844387,-0.4999999999999998
2024-05-17 10:45:00,1,stop,-35.5,-147.0,-1.0,2,parent_no_condition,control,14.006978915810686,35.5,107.0,1.25,0.0,base,0.6140469377480251,-18.387535702465428,229.1370928231351,583.0441507128836,10.554610969890632,17.094017094017033,1.0,4.0,14.006978915810686,12.0,-0.9510565162951536,0.30901699437494723,0.8660254037844387,-0.4999999999999998
2024-05-20 10:00:00,1,close1600,0.75,-2.0,0.0079155672823219,2,parent_no_condition,control,37.19274557338816,94.75,284.0,1.25,0.0,base,8.983288621988716,-14.622577751564059,178.87115765212735,758.0491421309055,23.87831672992169,20.833843966763244,1.0,1.0,37.19274557338816,11.0,0.0,1.0,0.8660254037844387,-0.4999999999999998
2024-05-21 10:30:00,1,close1600,76.0,299.0,1.6888888888888889,2,parent_no_condition,control,17.65593006289925,45.0,135.0,1.25,0.0,base,-32.04030719561657,46.81107247730188,231.47568879657632,743.7821077111062,12.443093542899852,12.991788209339994,1.0,3.0,17.65593006289925,15.0,0.9510565162951535,0.30901699437494745,0.8660254037844387,-0.4999999999999998
2024-05-22 11:15:00,1,stop,-46.75,-192.0,-1.0,2,parent_no_condition,control,18.291567587342236,46.75,140.75,1.25,0.0,base,-2.0731960145858874,29.599911934146128,189.24896863661277,627.964849521736,7.672235488342949,11.096072478082863,1.0,6.0,18.291567587342236,10.0,0.5877852522924732,-0.8090169943749473,0.8660254037844387,-0.4999999999999998
2024-05-23 10:00:00,-1,cond1530,192.5,382.5,2.162921348314607,1,parent_no_condition,control,34.51888546391565,89.0,267.25,0.75,0.1,ct,-100.53750305399456,19.629119371867844,-36.905798256476885,-566.534574227775,35.347782219996574,37.83285638065625,-1.0,1.0,34.51888546391565,13.0,-0.587785252292473,-0.8090169943749476,0.8660254037844387,-0.4999999999999998
2024-05-24 10:15:00,1,cond1530,74.25,292.0,1.3438914027149322,2,parent_no_condition,control,21.63933223710351,55.25,166.0,1.25,0.0,base,33.478036936207545,-78.8378713774729,14.614317118399889,585.577984033232,12.850091229683613,10.75111176269461,1.0,2.0,21.63933223710351,14.0,-0.9510565162951536,0.30901699437494723,0.8660254037844387,-0.4999999999999998
2024-05-28 10:00:00,-1,stop,-60.0,-122.5,-1.0,1,rc1_direct,direct,23.293903548680618,60.0,180.0,0.75,0.1,ct,-24.314335732347203,-86.32528938591344,-122.32039575693409,-522.8415356471228,13.489087210354356,16.87999417093744,-1.0,1.0,23.293903548680618,15.0,0.9510565162951535,0.30901699437494745,0.8660254037844387,-0.4999999999999998
2024-05-29 10:00:00,1,close1600,-37.0,-153.0,-0.49333333333333335,2,rc1_direct,direct,29.29472938993726,75.0,225.0,1.25,0.0,base,-75.8145515417652,-1.2128856976523217,81.44597172626389,517.5999285541133,12.893181793600661,20.74840725462046,1.0,1.0,29.29472938993726,9.0,0.5877852522924732,-0.8090169943749473,0.8660254037844387,-0.4999999999999998
2024-05-31 10:00:00,-1,target,198.75,395.0,3.0,1,parent_no_condition,control,26.11351990540008,66.25,198.75,0.75,0.1,ct,0.3695218387411714,59.87144168962399,82.33569508917627,-601.185657204042,20.96484209963223,40.84494912835357,-1.0,1.0,26.11351990540008,11.0,-0.9510565162951536,0.30901699437494723,0.8660254037844387,-0.4999999999999998
2024-06-03 10:00:00,-1,target,192.25,382.0,3.00390625,1,rc1_direct,direct,25.10055527325934,64.0,192.25,0.75,0.1,ct,-69.21397110532635,0.49347989686254756,60.45667476025751,-483.8834850993368,14.687848372317847,24.843960347570302,-1.0,1.0,25.10055527325934,8.0,0.0,1.0,0.49999999999999994,-0.8660254037844387
2024-06-04 12:15:00,-1,stop,-86.5,-175.5,-1.0,1,parent_no_condition,control,34.09671403689092,86.5,259.75,0.75,0.1,ct,-3.1984647369265318,-29.73546540321781,117.55981326590171,-323.06813130992487,17.12194391426225,8.626001232285851,-1.0,10.0,34.09671403689092,10.0,0.9510565162951535,0.30901699437494745,0.49999999999999994,-0.8660254037844387
2024-06-05 10:30:00,1,target,150.0,595.0,3.0,2,parent_no_condition,control,19.48605529168189,50.0,150.0,1.25,0.0,base,66.77939518698217,23.458321563232243,-100.19651131759622,259.20804525455753,22.462631868893634,22.397507060083477,1.0,3.0,19.48605529168189,8.0,0.5877852522924732,-0.8090169943749473,0.49999999999999994,-0.8660254037844387
2024-06-06 10:00:00,-1,stop,-37.75,-78.0,-1.0,1,parent_no_condition,control,14.547203270115114,37.75,113.5,0.75,0.1,ct,-16.01232828884802,-173.05996472663176,-135.07577421480343,-435.84782390190037,21.760562418816633,31.613996706374436,-1.0,1.0,14.547203270115114,14.0,-0.587785252292473,-0.8090169943749476,0.49999999999999994,-0.8660254037844387
2024-06-07 10:45:00,1,stop,-66.5,-271.0,-1.0,2,parent_no_condition,control,25.708647399262535,66.5,199.75,1.25,0.0,base,-5.903401081888138,-17.318724668358154,223.8070603305986,432.75515334338934,25.340266526954203,22.90812635640238,1.0,4.0,25.708647399262535,11.0,-0.9510565162951536,0.30901699437494723,0.49999999999999994,-0.8660254037844387
2024-06-10 10:30:00,1,cond1530,78.25,308.0,1.3608695652173912,2,parent_no_condition,control,22.22812824663558,57.5,172.5,1.25,0.0,base,-26.039155174076846,-16.848794107735543,234.29114283246787,420.71278720651196,13.424958598504677,17.27846112950404,1.0,3.0,22.22812824663558,8.0,0.0,1.0,0.49999999999999994,-0.8660254037844387
2024-06-11 10:45:00,1,cond1530,88.25,348.0,1.7135922330097086,2,parent_no_condition,control,19.869344010596983,51.5,154.75,1.25,0.0,base,-19.721494023425823,25.679667249383087,229.92040743520016,416.36395520705526,24.36680217789755,22.645145748012574,1.0,4.0,19.869344010596983,13.0,0.9510565162951535,0.30901699437494745,0.49999999999999994,-0.8660254037844387
2024-06-12 10:00:00,1,cond1530,-27.75,-58.0,-0.2775,1,rc1_direct,direct,48.41468539332492,100.0,125.0,1.25,0.0,hv,81.94762996941884,66.74122443089514,257.31510072048326,474.2123570481227,17.138292867058258,7.321508703148627,1.0,1.0,48.41468539332492,15.0,0.5877852522924732,-0.8090169943749473,0.49999999999999994,-0.8660254037844387
2024-06-13 10:15:00,-1,stop,5.75,9.0,0.10176991150442478,1,parent_no_condition,control,21.209653321771533,56.5,169.75,0.75,0.1,ct,-57.41231948128478,-121.4695669812782,-212.37403835735248,-540.4095630995575,17.168597310540655,20.854080018745115,-1.0,2.0,21.209653321771533,4.0,-0.587785252292473,-0.8090169943749476,0.49999999999999994,-0.8660254037844387
2024-06-14 10:00:00,1,stop,-57.75,-236.0,-1.0,2,rc1_direct,direct,21.74002456035207,57.75,173.5,1.25,0.0,base,-26.1491557223259,16.91411388836661,274.32743394817163,456.2341372503331,15.11786172941676,19.147186655703585,1.0,1.0,21.74002456035207,14.0,-0.9510565162951536,0.30901699437494723,0.49999999999999994,-0.8660254037844387
2024-06-17 10:15:00,1,target,171.5,681.0,2.995633187772926,2,parent_no_condition,control,21.39437550051732,57.25,171.5,1.25,0.0,base,7.955263342613872,31.451707546061858,304.51345356350635,497.5008289633665,13.448595132936614,17.429958472245932,1.0,2.0,21.39437550051732,4.0,0.0,1.0,0.49999999999999994,-0.8660254037844387
2024-06-18 10:45:00,-1,stop,4.75,7.0,0.09947643979057591,1,parent_no_condition,control,17.68142237219972,47.75,143.5,0.75,0.1,ct,-3.58298659269618,-102.0479648786865,-404.29062748021937,-647.0428982796394,9.480932649956753,15.713097328773351,-1.0,4.0,17.68142237219972,5.0,0.9510565162951535,0.30901699437494745,0.49999999999999994,-0.8660254037844387
2024-06-19 13:00:00,-1,stop,-21.5,-45.5,-1.0,1,parent_no_condition,control,7.957789118588358,21.5,64.75,0.75,0.1,ct,-17.56271159023326,1.039789269374758,-338.66112385321003,-583.9407132025642,3.9336208104012726,2.076771312865544,-1.0,13.0,7.957789118588358,9.0,0.5877852522924732,-0.8090169943749473,0.49999999999999994,-0.8660254037844387
2024-06-21 10:30:00,-1,stop,-81.0,-164.5,-1.0,1,parent_no_condition,control,30.19967934703396,81.0,242.75,0.75,0.1,ct,80.76536448403782,1.039789269374758,-338.66112385321003,-583.9407132025642,2.9660822056531977,-9.938614440221372,-1.0,3.0,30.19967934703396,7.0,-0.9510565162951536,0.30901699437494723,0.49999999999999994,-0.8660254037844387
2024-06-24 10:46:00,1,cond1530,-31.0,-64.5,-0.3229166666666667,1,intraday_reverse,h2cap,35.931858215462405,96.0,287.75,1.25,0.0,base,27.090461121684896,38.84940620892618,-95.9622752726208,-443.9078525347862,27.521653318968163,44.16042618316074,-1.0,4.0,35.931858215462405,4.0,0.0,1.0,0.49999999999999994,-0.8660254037844387
2024-06-25 10:15:00,1,cond1530,82.75,326.0,1.3400809716599191,2,parent_no_condition,control,23.294117647058822,61.75,185.75,1.25,0.0,base,38.718968753319594,-126.11457544145944,-66.48686679174509,348.52186660151443,25.22176475024729,25.857104239390694,1.0,2.0,23.294117647058822,14.0,0.9510565162951535,0.30901699437494745,0.49999999999999994,-0.8660254037844387
2024-06-26 10:15:00,1,stop,-41.75,-172.0,-1.0,2,parent_no_condition,control,15.676915157471104,41.75,125.75,1.25,0.0,base,-21.606091749977185,100.26659117182257,17.08041835326135,500.08584112035015,17.250988818020563,22.67891795842969,1.0,2.0,15.676915157471104,15.0,0.5877852522924732,-0.8090169943749473,0.49999999999999994,-0.8660254037844387
2024-06-28 10:00:00,1,stop,0.0,-5.0,0.0,2,parent_no_condition,control,28.600660372971213,76.75,230.75,1.25,0.0,base,19.806132910802354,43.999251076576314,-82.61407096721962,411.70334069239976,22.401147482435935,19.97282766468933,1.0,1.0,28.600660372971213,15.0,-0.9510565162951536,0.30901699437494723,0.49999999999999994,-0.8660254037844387
2024-07-01 10:15:00,-1,stop,-82.5,-167.5,-1.0,1,parent_no_condition,control,30.861671907695545,82.5,247.5,0.75,0.1,ct,-7.950333797102083,61.12227941945436,12.611076729059922,-436.464358054518,34.07061100779707,48.54766444790215,-1.0,2.0,30.861671907695545,15.0,0.0,1.0,1.2246467991473532e-16,-1.0
2024-07-02 11:00:00,1,cond1530,111.0,219.5,1.11,1,parent_no_condition,control,49.38789297736777,100.0,125.0,1.25,0.0,hv,-36.17793494951393,39.356744951941636,147.67509119025357,588.5251151676396,27.989979033273826,29.202345495160653,1.0,5.0,49.38789297736777,13.0,0.9510565162951535,0.30901699437494745,1.2246467991473532e-16,-1.0
2024-07-03 10:00:00,1,target,194.0,771.0,2.996138996138996,2,rc1_direct,direct,23.875845602865102,64.75,194.0,1.25,0.0,base,-14.524830543644063,103.77721094377846,131.2716060917496,702.626676372251,6.93577782290733,10.147133434805777,1.0,1.0,23.875845602865102,10.0,0.5877852522924732,-0.8090169943749473,1.2246467991473532e-16,-1.0
2024-07-08 10:45:00,-1,stop,-55.25,-113.0,-1.0,1,parent_no_condition,control,20.062909121822663,55.25,166.0,0.75,0.1,ct,-175.45073085258434,-103.77721094377846,-131.2716060917496,-702.626676372251,12.037154739240608,17.10757378349248,-1.0,4.0,20.062909121822663,4.0,0.0,1.0,1.2246467991473532e-16,-1.0
2024-07-09 10:30:00,-1,close1600,28.75,55.0,0.49356223175965663,1,parent_no_condition,control,20.97026956943301,58.25,174.25,0.75,0.1,ct,-30.674846625766694,-24.73674655047109,-296.4965851611856,-868.1371403264903,11.885329146457124,19.267822736031004,-1.0,3.0,20.97026956943301,4.0,0.9510565162951535,0.30901699437494745,1.2246467991473532e-16,-1.0
2024-07-10 10:15:00,1,stop,-58.0,-237.0,-1.0,2,parent_no_condition,control,20.966960128958075,58.0,174.5,1.25,0.0,base,34.93064740394125,-2.938284719788964,306.2960201323506,839.2148213498008,13.816487354194606,15.775358889413837,1.0,2.0,20.966960128958075,13.0,0.5877852522924732,-0.8090169943749473,1.2246467991473532e-16,-1.0
2024-07-11 10:15:00,-1,target,187.5,372.5,3.0,1,parent_no_condition,control,22.41122354074921,62.5,187.5,0.75,0.1,ct,4.812104120504035,-95.35214768285228,-447.44010943400747,-758.117528081772,44.94378244091601,54.23333781542694,-1.0,2.0,22.41122354074921,12.0,-0.587785252292473,-0.8090169943749476,1.2246467991473532e-16,-1.0
2024-07-12 10:00:00,1,target,197.75,786.0,2.996212121212121,2,parent_no_condition,control,24.103680095043895,66.0,197.75,1.25,0.0,base,-2.3997805914888204,-200.23293316609903,179.61006933134848,542.7514668144529,32.22430039016233,36.882250844980646,1.0,1.0,24.103680095043895,12.0,-0.9510565162951536,0.30901699437494723,1.2246467991473532e-16,-1.0
2024-07-15 10:31:00,-1,stop,-82.0,-166.5,-1.0,1,intraday_reverse,h2cap,29.683003648063806,82.0,245.5,0.75,0.1,ct,38.02454518545551,38.51384555605186,125.65131184580692,589.0153341691585,19.746647312057775,28.007075471698784,1.0,3.0,29.683003648063806,13.0,0.0,1.0,1.2246467991473532e-16,-1.0
2024-07-16 10:00:00,-1,stop,6.75,11.0,0.10074626865671642,1,parent_no_condition,control,24.21828140737639,67.0,200.5,0.75,0.1,ct,-36.93643523622336,-9.783511370486941,40.409299798519484,-580.9423026046811,23.33136678968173,29.661160860853244,-1.0,1.0,24.21828140737639,14.0,0.9510565162951535,0.30901699437494745,1.2246467991473532e-16,-1.0
2024-07-17 10:15:00,-1,close1600,118.5,234.5,1.373913043478261,1,parent_no_condition,control,31.826568265682656,86.25,258.75,0.75,0.1,ct,159.78317570479183,10.082586579963637,31.53932241326651,-533.97362385321,36.09278997670384,48.11575473657514,-1.0,2.0,31.826568265682656,15.0,0.5877852522924732,-0.8090169943749473,1.2246467991473532e-16,-1.0
2024-07-18 10:45:00,-1,stop,-100.0,-202.5,-1.0,1,parent_no_condition,control,49.5845695606482,100.0,125.0,1.25,0.0,hv,-60.62443164595255,263.3550525574957,401.083282974104,-111.8773946360152,63.96622038957523,83.6402077065157,-1.0,4.0,49.5845695606482,15.0,-0.587785252292473,-0.8090169943749476,1.2246467991473532e-16,-1.0
2024-07-22 10:45:00,1,stop,-100.0,-202.5,-1.0,1,parent_no_condition,control,45.28619824121044,100.0,125.0,1.25,0.0,hv,30.729893618268722,-82.12644680974823,-257.0050738218221,-2.4624765478420407,23.89878383402655,31.23391511861806,1.0,4.0,45.28619824121044,8.0,0.0,1.0,1.2246467991473532e-16,-1.0
2024-07-23 10:30:00,1,stop,-100.0,-405.0,-1.0,2,parent_no_condition,control,41.450898200096916,100.0,300.0,1.25,0.0,base,-19.247594050744166,96.93529009917378,-240.55647897265442,28.89632420037813,16.92121398125357,11.892131373074655,1.0,3.0,41.450898200096916,9.0,0.9510565162951535,0.30901699437494745,1.2246467991473532e-16,-1.0
2024-07-24 10:00:00,-1,target,125.0,247.5,1.25,1,parent_no_condition,control,60.52858459434552,100.0,125.0,1.25,0.0,hv,129.72416053950275,30.813763481021272,292.8775187807564,128.06287563569163,27.77416464995408,12.162113823076526,-1.0,1.0,60.52858459434552,4.0,0.5877852522924732,-0.8090169943749473,1.2246467991473532e-16,-1.0
2024-07-25 10:00:00,-1,target,125.0,247.5,1.25,1,parent_no_condition,control,57.76628924406257,100.0,125.0,1.25,0.0,hv,-10.905389685924582,290.48084050025346,641.1739357238444,464.37195974441624,57.5584884705449,68.699325144439,-1.0,1.0,57.76628924406257,7.0,-0.587785252292473,-0.8090169943749476,1.2246467991473532e-16,-1.0
2024-07-26 10:33:00,-1,stop,-100.0,-202.5,-1.0,1,delay_hv,control,44.75197918060098,100.0,125.0,1.25,0.0,hv,-18.78150445909221,-290.48084050025346,-641.1739357238444,-464.37195974441624,36.03495748479402,33.69665709697767,1.0,3.0,44.75197918060098,3.0,-0.9510565162951536,0.30901699437494723,1.2246467991473532e-16,-1.0
2024-07-29 10:00:00,1,stop,-100.0,-202.5,-1.0,1,parent_no_condition,control,51.54919205393953,100.0,125.0,1.25,0.0,hv,62.42333709816528,71.06164383561708,-400.23783430876534,-385.1049171522325,26.53662017286118,17.228085393474757,1.0,1.0,51.54919205393953,13.0,0.0,1.0,1.2246467991473532e-16,-1.0
2024-07-30 10:00:00,-1,target,241.75,962.0,2.9938080495356036,2,parent_no_condition,control,31.128592456745736,80.75,241.75,1.25,0.0,base,-41.43244814886593,14.274999395127441,318.4414548610703,256.040985444973,23.749456267438962,33.183704990829014,-1.0,1.0,31.128592456745736,14.0,0.9510565162951535,0.30901699437494745,1.2246467991473532e-16,-1.0
2024-07-31 10:16:00,1,target,125.0,247.5,1.25,1,intraday_keep,control,49.890301445616565,100.0,125.0,1.25,0.0,hv,197.2652421093901,-118.29089632293343,-479.32341790609456,-468.0930580211151,27.09089907893647,37.64734183305363,1.0,2.0,49.890301445616565,13.0,0.5877852522924732,-0.8090169943749473,1.2246467991473532e-16,-1.0
2024-08-01 10:31:00,1,stop,-100.0,-202.5,-1.0,1,intraday_reverse,h2cap,59.28500851180343,100.0,125.0,1.25,0.0,hv,-8.118239774599356,-263.0643876738348,193.1812860019666,237.75669564812029,46.03094843862232,79.33590275718939,-1.0,3.0,59.28500851180343,8.0,-0.587785252292473,-0.8090169943749476,-0.4999999999999997,-0.8660254037844388
2024-08-02 10:16:00,1,target,125.0,247.5,1.25,1,prior_session_reverse,h5,109.03930891981379,100.0,125.0,1.25,0.0,hv,176.2836185819072,290.9164282916521,88.21248545948012,469.7548699785625,83.39394092737318,129.18612739739598,-1.0,2.0,109.03930891981379,9.0,-0.9510565162951536,0.30901699437494723,-0.4999999999999997,-0.8660254037844388
2024-08-05 10:01:00,-1,stop,-100.0,-202.5,-1.0,1,intraday_reverse,h2cap,189.81632786456632,100.0,125.0,1.25,0.0,hv,-689.6088019559899,-290.9164282916521,-88.21248545948012,-469.7548699785625,58.90627400423787,60.14528601556934,1.0,1.0,189.81632786456632,13.0,0.0,1.0,-0.4999999999999997,-0.8660254037844388
2024-08-06 10:16:00,1,target,125.0,247.5,1.25,1,intraday_keep,control,104.0732101202225,100.0,125.0,1.25,0.0,hv,-449.7555012224941,-290.9164282916521,-88.21248545948012,-469.7548699785625,50.49814496129734,107.95995573513073,1.0,2.0,104.0732101202225,11.0,0.9510565162951535,0.30901699437494745,-0.4999999999999997,-0.8660254037844388
2024-08-07 10:33:00,1,stop,-100.0,-202.5,-1.0,1,delay_hv,control,51.19775131445207,100.0,125.0,1.25,0.0,hv,-145.62425880822792,13.244189748488067,476.06903000935176,831.2775484911905,38.58664777434129,34.38064645653438,-1.0,3.0,51.19775131445207,3.0,0.5877852522924732,-0.8090169943749473,-0.4999999999999997,-0.8660254037844388
2024-08-08 10:15:00,1,target,125.0,247.5,1.25,1,parent_no_condition,control,50.95281769081831,100.0,125.0,1.25,0.0,hv,135.82124172057507,-66.43540149255611,-598.7109905020349,-972.732771857987,52.92759223345156,67.3641235008926,1.0,2.0,50.95281769081831,12.0,-0.587785252292473,-0.8090169943749476,-0.4999999999999997,-0.8660254037844388
2024-08-09 10:00:00,-1,stop,-100.0,-405.0,-1.0,2,rc1_direct,direct,42.294972922432024,100.0,300.0,1.25,0.0,base,21.332396381021912,-301.8511815502345,235.86061556557513,813.5057868769313,17.436611048660122,17.708451075694185,-1.0,1.0,42.294972922432024,7.0,-0.9510565162951536,0.30901699437494723,-0.4999999999999997,-0.8660254037844388
2024-08-12 10:00:00,-1,stop,-100.0,-405.0,-1.0,2,parent_no_condition,control,44.364687702507354,100.0,300.0,1.25,0.0,base,-7.478685745625491,-33.76772805723016,421.90969652109555,918.8871029814594,24.570219871906662,18.732438339057467,-1.0,1.0,44.364687702507354,15.0,0.0,1.0,-0.4999999999999997,-0.8660254037844388
2024-08-13 10:00:00,1,cond1530,156.5,310.5,1.753501400560224,1,rc1_direct,direct,35.247719990140496,89.25,268.25,0.75,0.1,ct,103.4861104184337,10.734167103523262,-195.11002444987824,-933.4056815998015,16.40236057407707,23.78487626934822,1.0,1.0,35.247719990140496,10.0,0.9510565162951535,0.30901699437494745,-0.4999999999999997,-0.8660254037844388
2024-08-14 10:00:00,-1,stop,-100.0,-202.5,-1.0,1,parent_no_condition,control,56.69030790379679,100.0,125.0,1.25,0.0,hv,-12.053033346726139,-230.29593463531396,-473.8526670152132,808.0977640502251,33.179593794019354,20.615287028227236,-1.0,1.0,56.69030790379679,12.0,0.5877852522924732,-0.8090169943749473,-0.4999999999999997,-0.8660254037844388
2024-08-15 10:00:00,1,cond1530,120.75,239.0,1.6153846153846154,1,parent_no_condition,control,28.72717001316161,74.75,224.0,0.75,0.1,ct,104.78459593503908,17.16936789937007,600.7577124300911,-599.2594962746267,35.40556750402102,41.09440899751293,1.0,1.0,28.72717001316161,11.0,-0.587785252292473,-0.8090169943749476,-0.4999999999999997,-0.8660254037844388
2024-08-16 10:16:00,-1,stop,-90.0,-365.0,-1.0,2,delay_weak,control,34.3979170150252,90.0,270.0,1.25,0.0,base,-28.224029724547293,209.24012158054728,537.0744500633706,-440.2422641681281,20.125383328870594,26.274303730950965,1.0,2.0,34.3979170150252,12.0,-0.9510565162951536,0.30901699437494723,-0.4999999999999997,-0.8660254037844388
2024-08-19 11:00:00,1,cond1530,130.75,259.0,1.4447513812154695,1,parent_no_condition,control,34.50121943965261,90.5,272.0,0.75,0.1,ct,3.566206626011148,-2.2580875187183658,485.4913496534885,-439.37310345611434,26.314277751264825,17.935195743064014,1.0,5.0,34.50121943965261,14.0,0.0,1.0,-0.4999999999999997,-0.8660254037844388
2024-08-20 10:00:00,1,stop,-79.0,-160.5,-1.0,1,parent_no_condition,control,29.722918955116043,79.0,237.25,0.75,0.1,ct,-14.918009679086852,95.3419979129122,614.4331953518533,-345.8755755142773,25.22703166643936,31.23642213793243,1.0,1.0,29.722918955116043,12.0,0.9510565162951535,0.30901699437494745,-0.4999999999999997,-0.8660254037844388
2024-08-21 10:00:00,1,stop,6.0,9.5,0.10126582278481013,1,rc1_direct,direct,22.332185380646223,59.25,178.25,0.75,0.1,ct,11.174892956289373,-23.002534973242117,350.0249583013737,-88.83810945041648,11.757544695740751,17.51437001163758,1.0,1.0,22.332185380646223,11.0,0.5877852522924732,-0.8090169943749473,-0.4999999999999997,-0.8660254037844388
2024-08-22 10:15:00,-1,target,207.25,412.0,3.003623188405797,1,parent_no_condition,control,25.780862667327714,69.0,207.25,0.75,0.1,ct,-39.826636991917574,-54.0566004404619,-377.564912963142,-13.019153403159844,26.680189233841965,31.058801550605253,-1.0,2.0,25.780862667327714,14.0,-0.587785252292473,-0.8090169943749476,-0.4999999999999997,-0.8660254037844388
2024-08-23 10:15:00,1,stop,-72.75,-148.0,-1.0,1,parent_no_condition,control,27.517139162321598,72.75,218.5,0.75,0.1,ct,91.5923248252115,-177.59163283690316,-1.4290647961801017,-206.0075823855356,47.60851744658234,76.33677991137455,1.0,2.0,27.517139162321598,14.0,-0.9510565162951536,0.30901699437494723,-0.4999999999999997,-0.8660254037844388
2024-08-26 10:00:00,-1,cond1530,131.0,519.0,1.7583892617449663,2,rc1_direct,direct,28.059750763390277,74.5,223.0,1.25,0.0,base,10.60020729294231,-76.190928295079,-92.84024583050999,59.47642017515076,15.449089404120375,12.98164866938123,-1.0,1.0,28.059750763390277,14.0,0.0,1.0,-0.4999999999999997,-0.8660254037844388
2024-08-27 10:00:00,1,cond1530,109.25,432.0,1.0925,2,rc1_direct,direct,40.61204744442719,100.0,300.0,1.25,0.0,base,-28.089218976885544,-80.4023660255726,-130.8556124606497,180.54478480030946,19.324618726246356,33.48160903046793,1.0,1.0,40.61204744442719,6.0,0.9510565162951535,0.30901699437494745,-0.4999999999999997,-0.8660254037844388
2024-08-28 10:45:00,-1,close1600,104.25,206.0,1.1487603305785123,1,parent_no_condition,control,34.43648842815242,90.75,271.75,0.75,0.1,ct,10.202386884001768,-49.23641825919978,84.45866465910723,-237.18439173680218,22.458315462560165,10.247488769467017,-1.0,4.0,34.43648842815242,15.0,0.5877852522924732,-0.8090169943749473,-0.4999999999999997,-0.8660254037844388
2024-08-29 10:01:00,-1,target,125.0,247.5,1.25,1,intraday_reverse,h2cap,62.80650947162683,100.0,125.0,1.25,0.0,hv,34.28434428194738,-82.15334498460348,-228.41747686540904,106.1252180655159,27.761532705907754,41.470535661085606,1.0,1.0,62.80650947162683,6.0,-0.587785252292473,-0.8090169943749476,-0.4999999999999997,-0.8660254037844388
2024-08-30 10:00:00,1,stop,-79.0,-321.0,-1.0,2,rc1_direct,direct,30.14973574292881,79.0,237.25,1.25,0.0,base,83.45140606613732,100.54212702994336,-80.63459545730622,204.1266418349341,17.70923086228171,14.406648489682095,1.0,1.0,30.14973574292881,11.0,-0.9510565162951536,0.30901699437494723,-0.4999999999999997,-0.8660254037844388
2024-09-02 10:15:00,-1,stop,-26.5,-55.5,-1.0,1,parent_no_condition,control,10.09159607496275,26.5,79.75,0.75,0.1,ct,-0.7126398555712399,-87.70458412211468,83.62385753321378,-51.57469974451434,7.783690209968164,11.749626148258585,-1.0,2.0,10.09159607496275,11.0,0.0,1.0,-0.8660254037844384,-0.5000000000000004
2024-09-03 10:15:00,-1,target,125.0,247.5,1.25,1,parent_no_condition,control,59.94125756758377,100.0,125.0,1.25,0.0,hv,66.27550656816416,-87.70458412211468,83.62385753321378,-51.57469974451434,36.79820441876647,39.50433467015735,-1.0,2.0,59.94125756758377,14.0,0.9510565162951535,0.30901699437494745,-0.8660254037844384,-0.5000000000000004
2024-09-04 10:30:00,1,target,125.0,247.5,1.25,1,parent_no_condition,control,51.97613766918356,100.0,125.0,1.25,0.0,hv,-62.39295326645467,-299.76502978662836,-271.1323763955342,-7.334963325182908,19.800999388468465,5.638982531412928,1.0,3.0,51.97613766918356,9.0,0.5877852522924732,-0.8090169943749473,-0.8660254037844384,-0.5000000000000004
2024-09-05 10:01:00,1,stop,-100.0,-202.5,-1.0,1,intraday_keep,control,73.93012805973261,100.0,125.0,1.25,0.0,hv,-51.7735183961221,15.936841072916597,-307.4951953875715,418.38283112941576,40.38130622234792,32.92614262283111,1.0,1.0,73.93012805973261,6.0,-0.587785252292473,-0.8090169943749476,-0.8660254037844384,-0.5000000000000004
2024-09-06 10:16:00,-1,target,125.0,247.5,1.25,1,intraday_keep,control,99.63483647694174,100.0,125.0,1.25,0.0,hv,3.927633355426119,19.35515484123851,233.2773915128261,-498.9562124687508,49.65100912793119,65.31598146504946,-1.0,2.0,99.63483647694174,15.0,-0.9510565162951536,0.30901699437494723,-0.8660254037844384,-0.5000000000000004
2024-09-09 10:00:00,1,stop,-86.75,-176.0,-1.0,1,parent_no_condition,control,34.62448623738946,86.75,260.75,0.75,0.1,ct,84.96625230954847,-227.72216422035197,-446.795225859129,-16.313008997251856,20.580285655740216,18.044476523513264,1.0,1.0,34.62448623738946,6.0,0.0,1.0,-0.8660254037844384,-0.5000000000000004
2024-09-11 10:00:00,-1,target,125.0,247.5,1.25,1,parent_no_condition,control,48.17495764669644,100.0,125.0,1.25,0.0,hv,-19.21395228535072,-82.08121197069485,67.16417910447747,-123.06119395541381,28.63174587706796,24.552139367319814,-1.0,1.0,48.17495764669644,13.0,0.5877852522924732,-0.8090169943749473,-0.8660254037844384,-0.5000000000000004
2024-09-13 10:48:00,1,cond1530,-3.5,-9.5,-0.035,1,delay_hv,control,47.05375262656921,100.0,125.0,1.25,0.0,hv,-6.227619492449321,95.27148746841351,248.5455482730692,150.12642225031624,19.400718462456723,12.788029448322913,1.0,4.0,47.05375262656921,3.0,-0.9510565162951536,0.30901699437494723,-0.8660254037844384,-0.5000000000000004
2024-09-16 10:16:00,-1,target,125.0,247.5,1.25,1,intraday_reverse,h2cap,55.00444359042106,100.0,125.0,1.25,0.0,hv,-51.022232818740406,45.50625711035261,543.4823594474669,-10.241631039287213,25.215432813427974,34.955794733806385,1.0,2.0,55.00444359042106,11.0,0.0,1.0,-0.8660254037844384,-0.5000000000000004
2024-09-17 12:15:00,-1,cond1530,105.75,418.0,1.1782729805013927,2,parent_no_condition,control,34.181519350670236,89.75,269.0,1.25,0.0,base,-53.29277493682616,29.85038984609112,-374.08373711020016,73.93935071264734,16.30406274333751,5.129367417781028,-1.0,10.0,34.181519350670236,5.0,0.9510565162951535,0.30901699437494745,-0.8660254037844384,-0.5000000000000004
2024-09-20 10:00:00,-1,stop,-0.0,-5.0,-0.0,2,rc1_direct,direct,24.347641983803523,64.75,194.0,1.25,0.0,base,-174.27863020589962,4.429864470092415,-282.7899644049214,193.22933796927177,18.992770059774735,26.573854149518628,-1.0,1.0,24.347641983803523,5.0,-0.9510565162951536,0.30901699437494723,-0.8660254037844384,-0.5000000000000004
2024-09-23 10:30:00,1,stop,-68.0,-138.5,-1.0,1,parent_no_condition,control,25.639216239738435,68.0,204.5,0.75,0.1,ct,22.021503350331262,-8.236553825878845,248.49742933693796,-11.174892956288263,11.100639864027873,6.578638221887978,1.0,3.0,25.639216239738435,10.0,0.0,1.0,-0.8660254037844384,-0.5000000000000004
2024-09-24 10:30:00,-1,stop,-73.75,-300.0,-1.0,2,parent_no_condition,control,27.670301324891547,73.75,221.25,1.25,0.0,base,-30.555163822685305,-15.065204086437411,-190.78072791290924,32.56413259927427,32.334146493793185,50.484889755089135,-1.0,3.0,27.670301324891547,15.0,0.9510565162951535,0.30901699437494745,-0.8660254037844384,-0.5000000000000004
2024-09-25 10:00:00,1,cond1530,-36.25,-150.0,-0.4264705882352941,2,rc1_direct,direct,31.820308844174075,85.0,255.0,1.25,0.0,base,-3.629849068533808,47.64817995717596,180.96203135244738,171.988708774522,16.78340828188185,29.97412390085108,1.0,1.0,31.820308844174075,4.0,0.5877852522924732,-0.8090169943749473,-0.8660254037844384,-0.5000000000000004
2024-09-26 10:15:00,-1,target,125.0,247.5,1.25,1,parent_no_condition,control,45.34676428336535,100.0,125.0,1.25,0.0,hv,-150.4629629629628,-0.9353661958666493,-243.7096561717822,-74.43701121266466,16.524179502648284,15.600804308133487,-1.0,2.0,45.34676428336535,14.0,-0.587785252292473,-0.8090169943749476,-0.8660254037844384,-0.5000000000000004
2024-09-27 11:15:00,-1,close1600,56.0,109.5,0.6170798898071626,1,parent_no_condition,control,33.65088942781884,90.75,271.75,0.75,0.1,ct,-14.03907736575949,-47.09502937610743,-323.52342280834057,-258.27798805017954,19.013873893900524,15.339562125226136,-1.0,6.0,33.65088942781884,15.0,-0.9510565162951536,0.30901699437494723,-0.8660254037844384,-0.5000000000000004
2024-09-30 14:30:00,-1,cond1530,-58.0,-118.5,-0.58,1,parent_no_condition,control,42.615543581690496,100.0,300.0,0.75,0.1,ct,21.938013442868165,63.77107344108679,-91.73663695137613,-166.32263269034553,47.129301566102285,55.47315683137377,-1.0,19.0,42.615543581690496,15.0,0.0,1.0,-0.8660254037844384,-0.5000000000000004
2024-10-01 10:15:00,-1,target,125.0,247.5,1.25,1,parent_no_condition,control,91.7345314986427,100.0,125.0,1.25,0.0,hv,10.130060663926521,-15.159819481533887,-92.95820993747927,-295.25293694557587,52.574715876321235,67.49380817672845,-1.0,2.0,91.7345314986427,15.0,0.9510565162951535,0.30901699437494745,-1.0,-1.8369701987210297e-16
2024-10-02 10:31:00,-1,cond1530,-42.75,-88.0,-0.4275,1,intraday_reverse,h2cap,60.89903082865335,100.0,125.0,1.25,0.0,hv,-20.892104672985965,-117.57981546501206,-79.856679507746,172.78643644484947,32.6696053276998,39.670321862492756,1.0,3.0,60.89903082865335,11.0,0.5877852522924732,-0.8090169943749473,-1.0,-1.8369701987210297e-16
2024-10-03 10:00:00,1,stop,-100.0,-202.5,-1.0,1,parent_no_condition,control,52.840314677668175,100.0,125.0,1.25,0.0,hv,-56.31015349818025,50.55647643855021,-75.8744855967075,82.30990331852706,28.38790269739544,20.88199900899035,1.0,1.0,52.840314677668175,6.0,-0.587785252292473,-0.8090169943749476,-1.0,-1.8369701987210297e-16
2024-10-04 10:00:00,-1,stop,6.75,11.0,0.10150375939849623,1,parent_no_condition,control,24.871119725833854,66.5,199.75,0.75,0.1,ct,-110.05603066941872,23.301519306132555,163.94393651088302,-371.2992414974314,38.68949844357705,53.6950355437793,-1.0,1.0,24.871119725833854,8.0,-0.9510565162951536,0.30901699437494723,-1.0,-1.8369701987210297e-16
2024-10-07 10:00:00,-1,stop,-60.25,-123.0,-1.0,1,rc1_direct,direct,22.612638473119667,60.25,181.0,0.75,0.1,ct,49.101936085841345,-119.67990935486172,-5.13442867811742,-494.2351472424167,11.063299885648581,5.511968007130275,-1.0,1.0,22.612638473119667,11.0,0.0,1.0,-1.0,-1.8369701987210297e-16
2024-10-08 10:00:00,1,cond1530,144.0,571.0,2.5043478260869567,2,rc1_direct,direct,21.605626856733558,57.5,172.5,1.25,0.0,base,50.27141845645566,-120.0886090707709,-133.08803837779325,400.8640793381946,19.208012559457366,25.834938231010796,1.0,1.0,21.605626856733558,7.0,0.9510565162951535,0.30901699437494745,-1.0,-1.8369701987210297e-16
2024-10-09 10:16:00,-1,stop,-71.0,-144.5,-1.0,1,prior_session_reverse,h5,26.43330829738054,71.0,212.75,0.75,0.1,ct,-9.184124253063253,164.72868217054292,153.09073311221556,811.5785372230122,14.262534840991936,26.232336893159403,1.0,2.0,26.43330829738054,6.0,0.5877852522924732,-0.8090169943749473,-1.0,-1.8369701987210297e-16
2024-10-10 10:15:00,1,stop,0.0,-5.0,0.0,2,parent_no_condition,control,22.955723279190288,61.75,185.75,1.25,0.0,base,-53.75351820237184,88.32462499854587,212.63562147325166,770.5305006833152,14.979577710678704,8.342216248784506,1.0,2.0,22.955723279190288,6.0,-0.587785252292473,-0.8090169943749476,-1.0,-1.8369701987210297e-16
2024-10-11 10:15:00,1,cond1530,56.0,219.0,1.302325581395349,2,parent_no_condition,control,16.024152345564328,43.0,129.5,1.25,0.0,base,-39.76143141153132,-8.315239987065626,205.36714833382374,655.8608712788372,31.418485869996182,36.55055580051414,1.0,2.0,16.024152345564328,15.0,-0.9510565162951536,0.30901699437494723,-1.0,-1.8369701987210297e-16
2024-10-14 10:00:00,1,stop,-83.0,-337.0,-1.0,2,parent_no_condition,control,30.543467027982867,83.0,249.5,1.25,0.0,base,46.30859307334312,7.280711891828329,99.4868206204802,450.7711989186314,27.496584171367022,27.176405834328232,1.0,1.0,30.543467027982867,14.0,0.0,1.0,-1.0,-1.8369701987210297e-16
2024-10-15 10:15:00,-1,target,200.5,398.5,2.9925373134328357,1,parent_no_condition,control,24.50699709122558,67.0,200.5,0.75,0.1,ct,-5.499667728408042,-84.69582298226364,-299.5043662969077,-452.58027042240025,19.380276721279177,18.672531903681787,-1.0,2.0,24.50699709122558,4.0,0.9510565162951535,0.30901699437494745,-1.0,-1.8369701987210297e-16
2024-10-16 10:00:00,-1,stop,-100.0,-202.5,-1.0,1,parent_no_condition,control,42.18698246857767,100.0,300.0,0.75,0.1,ct,-13.238726759647879,135.74505131964787,-10.811690576391086,-265.36329498718425,24.162886676410977,25.494464558037944,-1.0,1.0,42.18698246857767,15.0,0.5877852522924732,-0.8090169943749473,-1.0,-1.8369701987210297e-16
2024-10-17 10:15:00,-1,stop,-100.0,-202.5,-1.0,1,parent_no_condition,control,82.29598893499309,100.0,125.0,1.25,0.0,hv,-107.00027852567074,3.712296983758856,60.44387025331055,-319.3973724865562,26.313969217268696,22.642730066311234,-1.0,2.0,82.29598893499309,13.0,-0.587785252292473,-0.8090169943749476,-1.0,-1.8369701987210297e-16
2024-10-18 11:30:00,1,cond1530,-21.75,-92.0,-0.25970149253731345,2,parent_no_condition,control,30.926169540030926,83.75,251.25,1.25,0.0,base,60.750101443394215,16.489960865373465,-30.16783022793512,331.54862433672383,15.119265418543915,23.083226573410442,1.0,7.0,30.926169540030926,10.0,-0.9510565162951536,0.30901699437494723,-1.0,-1.8369701987210297e-16
2024-10-21 10:00:00,1,stop,-87.25,-354.0,-1.0,2,rc1_direct,direct,32.215044079186654,87.25,261.5,1.25,0.0,base,-29.05870550385714,35.29438992779133,14.78179529523116,212.44273820318682,11.24901477054907,7.61315923037964,1.0,1.0,32.215044079186654,10.0,0.0,1.0,-1.0,-1.8369701987210297e-16
2024-10-22 10:15:00,1,close1600,59.0,231.0,0.59,2,parent_no_condition,control,41.06538650626102,100.0,300.0,1.25,0.0,base,-55.843408175014766,-0.23027679270537504,-49.03870391163912,206.59991538570122,20.61577859221231,17.78290993071696,1.0,2.0,41.06538650626102,14.0,0.9510565162951535,0.30901699437494745,-1.0,-1.8369701987210297e-16
2024-10-23 11:00:00,-1,target,206.25,410.0,3.0,1,parent_no_condition,control,25.423826748176996,68.75,206.25,0.75,0.1,ct,52.76589874465443,-13.929340255793843,-101.84529270360399,-185.59067011697516,7.26638964820947,4.165798791918585,-1.0,5.0,25.423826748176996,6.0,0.5877852522924732,-0.8090169943749473,-1.0,-1.8369701987210297e-16
2024-10-24 12:15:00,-1,stop,-80.75,-164.0,-1.0,1,parent_no_condition,control,29.94150960913564,80.75,241.75,0.75,0.1,ct,-73.09156294514673,133.40399059951102,60.579333395227586,-12.860082304526621,28.386847228616396,26.01686450324103,-1.0,10.0,29.94150960913564,9.0,-0.587785252292473,-0.8090169943749476,-1.0,-1.8369701987210297e-16
2024-10-25 10:00:00,1,stop,-100.0,-202.5,-1.0,1,parent_no_condition,control,45.313398504887864,100.0,125.0,1.25,0.0,hv,50.73731277584148,44.56390207576932,8.347342183061546,16.12753515570553,37.264241955978775,32.71199669436564,1.0,1.0,45.313398504887864,14.0,-0.9510565162951536,0.30901699437494723,-1.0,-1.8369701987210297e-16
2024-10-28 11:45:00,-1,close1600,34.5,66.5,0.3780821917808219,1,parent_no_condition,control,33.50006883575788,91.25,273.75,0.75,0.1,ct,-62.139727922527754,-49.35468174340096,-2.1909341451320508,-121.82598954443513,16.969841223366533,14.472112468988385,-1.0,8.0,33.50006883575788,15.0,0.0,1.0,-1.0,-1.8369701987210297e-16
2024-10-29 10:15:00,1,cond1530,205.25,816.0,2.0525,2,parent_no_condition,control,43.47851158177593,100.0,300.0,1.25,0.0,base,4.262918370874225,-46.90151827897782,-6.3327576280947095,106.19098075288491,21.390764970299347,24.5592593019639,1.0,2.0,43.47851158177593,13.0,0.9510565162951535,0.30901699437494745,-1.0,-1.8369701987210297e-16
2024-10-30 10:31:00,1,stop,-100.0,-202.5,-1.0,1,intraday_keep,control,58.016877637130804,100.0,125.0,1.25,0.0,hv,-17.702551451609374,89.53572786669861,65.52627948682499,334.8638472161558,29.400281644871296,30.24332126655427,1.0,3.0,58.016877637130804,13.0,0.5877852522924732,-0.8090169943749473,-1.0,-1.8369701987210297e-16
2024-10-31 10:00:00,-1,target,125.0,247.5,1.25,1,parent_no_condition,control,57.98785625054472,100.0,125.0,1.25,0.0,hv,69.50517836593839,103.4074344023328,-146.41664526072518,-237.1387845017492,39.99405031162251,50.77679174527727,-1.0,1.0,57.98785625054472,14.0,-0.587785252292473,-0.8090169943749476,-1.0,-1.8369701987210297e-16
2024-11-01 10:00:00,1,close1600,-25.5,-53.5,-0.255,1,parent_no_condition,control,50.44757558337342,100.0,125.0,1.25,0.0,hv,8.113828786453503,-172.53533334103733,-149.08429575914872,31.259215570627052,23.129418759160192,6.5560719763047,1.0,1.0,50.44757558337342,6.0,-0.9510565162951536,0.30901699437494723,-0.8660254037844386,0.5000000000000001
2025-03-10 10:15:00,-1,target,125.0,247.5,1.25,1,parent_no_condition,control,53.000554096701926,100.0,125.0,1.25,0.0,hv,257.8249461156401,-28.781880337864774,158.1738528937049,43.386983904828426,39.92988321287028,72.06621911018063,-1.0,2.0,53.000554096701926,15.0,0.0,1.0,0.8660254037844386,0.5000000000000001
2025-03-11 10:31:00,1,target,125.0,247.5,1.25,1,prior_session_reverse,h5,81.9380558111009,100.0,125.0,1.25,0.0,hv,9.944263019618926,279.8362748958816,615.3580275361481,387.7743686570689,72.75297579075746,98.0895770651402,-1.0,3.0,81.9380558111009,5.0,0.9510565162951535,0.30901699437494745,0.8660254037844386,0.5000000000000001
2025-03-12 10:00:00,-1,target,125.0,247.5,1.25,1,parent_no_condition,control,51.97196663617806,100.0,125.0,1.25,0.0,hv,-132.65958493164254,-15.268679505491267,710.6146782704037,544.304680415727,32.314527509282875,38.0675274292297,-1.0,1.0,51.97196663617806,12.0,0.5877852522924732,-0.8090169943749473,0.8660254037844386,0.5000000000000001
2025-03-13 10:00:00,-1,stop,-100.0,-405.0,-1.0,2,parent_no_condition,control,45.125746745504244,100.0,300.0,1.25,0.0,base,22.893326838772097,-70.38971868638555,550.0575373993099,527.3843030498781,52.03367122111891,65.37548052202413,-1.0,1.0,45.125746745504244,15.0,-0.587785252292473,-0.8090169943749476,0.8660254037844386,0.5000000000000001
2025-03-14 11:45:00,1,cond1530,-23.25,-49.0,-0.2325,1,parent_no_condition,control,73.27172310872716,100.0,125.0,1.25,0.0,hv,118.2690279104981,-189.9219615529768,-524.5766698024456,-686.231448518193,67.93832330545868,45.69826955886036,1.0,8.0,73.27172310872716,15.0,-0.9510565162951536,0.30901699437494723,0.8660254037844386,0.5000000000000001
2025-03-17 11:01:00,-1,stop,-100.0,-202.5,-1.0,1,intraday_keep,control,79.53199410157855,100.0,125.0,1.25,0.0,hv,16.348971831327,-183.25769534333068,327.28891387873716,464.1252757151271,38.84721835027194,26.152654010073164,-1.0,5.0,79.53199410157855,4.0,0.0,1.0,0.8660254037844386,0.5000000000000001
2025-03-18 10:00:00,-1,stop,-100.0,-202.5,-1.0,1,parent_no_condition,control,71.09293209651109,100.0,125.0,1.25,0.0,hv,73.71184930021867,-134.39121147390986,-192.99236378815144,487.1788996081483,41.707441607105046,47.22910386741663,-1.0,1.0,71.09293209651109,15.0,0.9510565162951535,0.30901699437494745,0.8660254037844386,0.5000000000000001
2025-03-19 10:01:00,1,target,125.0,247.5,1.25,1,intraday_keep,control,51.170260186728704,100.0,125.0,1.25,0.0,hv,38.5755223003259,-168.43854220595534,39.58886593882216,-517.1232479009647,22.898048275425964,55.2087158770953,1.0,1.0,51.170260186728704,5.0,0.5877852522924732,-0.8090169943749473,0.8660254037844386,0.5000000000000001
2025-03-20 10:00:00,1,target,125.0,247.5,1.25,1,parent_no_condition,control,73.75762222952496,100.0,125.0,1.25,0.0,hv,-71.44673585294137,111.42538784606248,55.893813930834035,-416.511930182899,21.386195176524847,14.32316954748547,1.0,1.0,73.75762222952496,14.0,-0.587785252292473,-0.8090169943749476,0.8660254037844386,0.5000000000000001
2025-03-21 10:00:00,1,target,125.0,247.5,1.25,1,parent_no_condition,control,51.06048703849175,100.0,125.0,1.25,0.0,hv,-113.8612058605748,-59.967663312339155,223.63146725573603,-449.1333835719669,27.230622120610892,19.481474220741646,1.0,1.0,51.06048703849175,10.0,-0.9510565162951536,0.30901699437494723,0.8660254037844386,0.5000000000000001
2025-03-24 10:00:00,1,close1600,63.0,123.5,0.7899686520376176,1,parent_no_condition,control,30.401115899783616,79.75,239.0,0.75,0.1,ct,149.1833030852985,32.774945375091406,9.203865623561569,-469.4364686754071,22.332720338922307,28.251618209778062,1.0,1.0,30.401115899783616,14.0,0.0,1.0,0.8660254037844386,0.5000000000000001
2025-03-25 10:31:00,-1,close1600,-29.5,-123.0,-0.3933333333333333,2,prior_session_reverse,h5,28.425914959137746,75.0,225.0,1.25,0.0,base,6.518132258828135,154.2756745048024,163.0814443668238,-284.3983880253309,15.811931317755157,10.059290642492336,1.0,3.0,28.425914959137746,13.0,0.9510565162951535,0.30901699437494745,0.8660254037844386,0.5000000000000001
2025-03-26 10:00:00,-1,target,232.5,925.0,3.0,2,parent_no_condition,control,29.31095615175511,77.5,232.5,1.25,0.0,base,19.9372389873298,-64.47170012941817,-380.61182002988136,255.437531613556,39.40327615420291,52.25018618561839,-1.0,1.0,29.31095615175511,12.0,0.5877852522924732,-0.8090169943749473,0.8660254037844386,0.5000000000000001
2025-03-27 10:01:00,-1,stop,-100.0,-202.5,-1.0,1,intraday_reverse,h2cap,65.17567257673228,100.0,125.0,1.25,0.0,hv,-49.43545193842213,-180.85206654413489,92.27527579650952,-269.13107442262384,33.79179214668682,51.262211045555176,1.0,1.0,65.17567257673228,5.0,-0.587785252292473,-0.8090169943749476,0.8660254037844386,0.5000000000000001
2025-03-28 10:15:00,-1,cond1530,255.5,1017.0,2.555,2,parent_no_condition,control,49.27363860334721,100.0,300.0,1.25,0.0,base,49.60353379919624,6.995115479707659,-57.78031342178469,401.95998934284717,66.38857076621818,87.71929824561431,-1.0,2.0,49.27363860334721,14.0,-0.9510565162951536,0.30901699437494723,0.8660254037844386,0.5000000000000001
2025-03-31 11:31:00,1,target,125.0,247.5,1.25,1,intraday_keep,control,90.22822061115423,100.0,125.0,1.25,0.0,hv,-150.40015857677335,-251.331537820505,-233.75680580762227,-694.2587041733916,42.11624102161693,29.35433070866189,1.0,7.0,90.22822061115423,7.0,0.0,1.0,0.8660254037844386,0.5000000000000001
2025-04-01 10:15:00,-1,stop,-100.0,-405.0,-1.0,2,parent_no_condition,control,47.15308579000081,100.0,300.0,1.25,0.0,base,50.75890756926715,-87.923067316098,427.3524531879591,693.7035543522096,42.95272223750368,49.73825244650065,-1.0,2.0,47.15308579000081,7.0,0.9510565162951535,0.30901699437494745,1.0,6.123233995736766e-17
2025-04-02 10:01:00,1,target,125.0,247.5,1.25,1,intraday_keep,control,104.32190760059613,100.0,125.0,1.25,0.0,hv,-136.3138663681207,117.87990440151441,-410.8958780643179,-716.66780876676,35.222157928378465,29.081998861471003,1.0,1.0,104.32190760059613,15.0,0.5877852522924732,-0.8090169943749473,1.0,6.123233995736766e-17
2025-04-03 10:16:00,-1,target,125.0,247.5,1.25,1,intraday_keep,control,82.73586701351437,100.0,125.0,1.25,0.0,hv,421.4316226276926,-63.74668369853565,168.70447918791442,571.346375143843,50.14570069579172,41.55335857879861,-1.0,2.0,82.73586701351437,9.0,-0.587785252292473,-0.8090169943749476,1.0,6.123233995736766e-17
2025-04-07 10:01:00,-1,stop,-100.0,-202.5,-1.0,1,delay_weak,control,167.45883006847998,100.0,125.0,1.25,0.0,hv,-347.2022562670285,-565.494258515351,-951.0889764364828,-1443.9836941242622,193.26471236938315,305.15185860006125,1.0,1.0,167.45883006847998,9.0,0.0,1.0,1.0,6.123233995736766e-17
2025-04-08 10:01:00,-1,stop,-100.0,-202.5,-1.0,1,prior_session_reverse,h5,75.77315825443061,100.0,125.0,1.25,0.0,hv,325.304502531818,521.2383009359245,-953.7722534478921,-1029.2926068701358,57.30735421062505,61.92484154135869,1.0,1.0,75.77315825443061,9.0,0.9510565162951535,0.30901699437494745,1.0,6.123233995736766e-17
2025-04-09 13:30:00,1,target,125.0,247.5,1.25,1,parent_no_condition,control,198.9478850554054,100.0,125.0,1.25,0.0,hv,-6.2800044657806975,-294.9860497873613,-1184.3804977670602,-1190.1249139372483,490.4815001930074,482.3336072308959,1.0,15.0,198.9478850554054,15.0,0.5877852522924732,-0.8090169943749473,1.0,6.123233995736766e-17
2025-04-11 10:31:00,1,target,125.0,247.5,1.25,1,prior_session_reverse,h5,114.11579819110158,100.0,125.0,1.25,0.0,hv,34.77105797780933,426.7494483300294,109.10027693694869,470.46997356631425,96.84444449816199,142.99419207633224,-1.0,3.0,114.11579819110158,8.0,-0.9510565162951536,0.30901699437494723,1.0,6.123233995736766e-17
2025-04-14 11:33:00,-1,target,125.0,247.5,1.25,1,prior_session_reverse,h5,127.28739224681152,100.0,125.0,1.25,0.0,hv,-215.68175414329315,-140.26338346450507,-689.6126832874683,544.4813137307148,70.31308462892571,81.80603524340135,-1.0,7.0,127.28739224681152,3.0,0.0,1.0,1.0,6.123233995736766e-17
2025-04-15 10:00:00,1,stop,-100.0,-202.5,-1.0,1,parent_no_condition,control,59.53662769339903,100.0,125.0,1.25,0.0,hv,24.063558350946312,-20.45665349478365,748.870945668536,-540.0717847421288,22.26645712624098,13.02231493773398,1.0,1.0,59.53662769339903,11.0,0.9510565162951535,0.30901699437494745,1.0,6.123233995736766e-17
2025-04-16 10:00:00,-1,stop,-100.0,-405.0,-1.0,2,parent_no_condition,control,54.95251456241636,100.0,300.0,1.25,0.0,base,196.56175749336091,-77.20870678617153,-983.4486993412983,361.8751377697227,35.7232515503203,49.7416020671837,-1.0,1.0,54.95251456241636,8.0,0.5877852522924732,-0.8090169943749473,1.0,6.123233995736766e-17
2025-04-17 10:30:00,-1,stop,-100.0,-202.5,-1.0,1,parent_no_condition,control,66.30295752956225,100.0,125.0,1.25,0.0,hv,-50.11645861139557,180.52860832358908,442.1126355416038,745.5890722822988,49.09324338886578,56.65944280529467,-1.0,3.0,66.30295752956225,12.0,-0.587785252292473,-0.8090169943749476,1.0,6.123233995736766e-17
2025-04-21 10:00:00,-1,target,300.0,1195.0,3.0,2,parent_no_condition,control,55.3891519615331,100.0,300.0,1.25,0.0,base,130.65471510195547,22.098147155353853,62.50976715111767,737.1845449800319,45.813466644800684,44.27249521378407,-1.0,1.0,55.3891519615331,8.0,0.0,1.0,1.0,6.123233995736766e-17
2025-04-22 10:00:00,1,stop,10.0,17.5,0.1,1,parent_no_condition,control,52.49622186282048,100.0,300.0,0.75,0.1,ct,110.04476851727674,-186.2618715634945,-444.68352160659805,-973.2607380520265,31.717986274444332,22.878755818873664,1.0,1.0,52.49622186282048,15.0,0.9510565162951535,0.30901699437494745,1.0,6.123233995736766e-17
2025-04-23 11:33:00,1,stop,-100.0,-202.5,-1.0,1,delay_hv,control,99.3763626223191,100.0,125.0,1.25,0.0,hv,-287.04878782724654,-271.4579441764209,268.51875429706354,941.810855652998,77.58792850867447,88.37809133667163,-1.0,7.0,99.3763626223191,3.0,0.5877852522924732,-0.8090169943749473,1.0,6.123233995736766e-17
2025-04-24 10:00:00,1,target,125.0,247.5,1.25,1,parent_no_condition,control,59.65279017003594,100.0,125.0,1.25,0.0,hv,20.480786462200307,37.77560775042321,-73.82183652465568,-783.8048274072152,56.8552943086198,46.4034173256378,1.0,1.0,59.65279017003594,14.0,-0.587785252292473,-0.8090169943749476,1.0,6.123233995736766e-17
2025-04-25 10:16:00,-1,stop,-0.0,-5.0,-0.0,2,prior_session_reverse,h5,53.82554777797898,100.0,300.0,1.25,0.0,base,-13.353467533602226,258.7443027602809,485.0697443144636,-385.404542782064,31.89234058896373,41.24072083781183,1.0,2.0,53.82554777797898,5.0,-0.9510565162951536,0.30901699437494723,1.0,6.123233995736766e-17
2025-04-29 10:15:00,1,stop,-84.25,-342.0,-1.0,2,parent_no_condition,control,33.50541050332572,84.25,253.25,1.25,0.0,base,-60.978620451290766,43.14192204700973,858.6440768838966,36.42310265368209,37.668638684642545,53.90735370659483,1.0,2.0,33.50541050332572,15.0,0.9510565162951535,0.30901699437494745,1.0,6.123233995736766e-17
2025-04-30 10:03:00,1,target,125.0,247.5,1.25,1,delay_hv,control,86.55402099875813,100.0,125.0,1.25,0.0,hv,170.70504869392212,-81.46689942923669,-653.3827011892779,-80.84284547007714,45.410973614706805,19.134178426213346,-1.0,1.0,86.55402099875813,3.0,0.5877852522924732,-0.8090169943749473,1.0,6.123233995736766e-17
2025-05-02 10:15:00,1,close1600,43.0,167.0,0.43,2,parent_no_condition,control,45.22165828783105,100.0,300.0,1.25,0.0,base,102.76468587532284,-14.555334530105268,273.9332825818375,47.476658326721655,23.837152609094137,22.71525407432362,1.0,2.0,45.22165828783105,11.0,-0.9510565162951536,0.30901699437494723,0.8660254037844387,-0.4999999999999998
2025-05-05 10:00:00,1,stop,0.0,-5.0,0.0,2,rc1_direct,direct,32.80626213650782,85.0,255.0,1.25,0.0,base,-79.93968622476477,194.33939246065623,319.095074031539,763.5731306755966,14.557076505035127,12.052549114136557,1.0,1.0,32.80626213650782,5.0,0.0,1.0,0.8660254037844387,-0.4999999999999998
2025-05-06 10:01:00,1,cond1530,194.5,386.5,1.945,1,intraday_reverse,h2cap,40.67218704335119,100.0,300.0,1.25,0.0,base,126.06559745701462,30.370325910810124,-251.8145459931853,-1370.600073931081,20.021812889399193,39.638631859246765,-1.0,1.0,40.67218704335119,8.0,0.9510565162951535,0.30901699437494745,0.8660254037844387,-0.4999999999999998
2025-05-07 10:00:00,1,stop,-72.75,-296.0,-1.0,2,rc1_direct,direct,28.271724029145357,72.75,218.5,1.25,0.0,base,-11.392696554315407,-47.52542127546611,132.87975732865,1291.7750102641312,18.696828433584223,8.482997648997515,1.0,1.0,28.271724029145357,9.0,0.5877852522924732,-0.8090169943749473,0.8660254037844387,-0.4999999999999998
2025-05-08 10:00:00,-1,stop,-95.25,-193.0,-1.0,1,rc1_direct,direct,36.58061227549399,95.25,286.0,0.75,0.1,ct,-98.22778685054212,56.65415704387944,-135.60735173310024,-1536.368203639611,16.20336502782149,21.23830093592516,-1.0,1.0,36.58061227549399,11.0,-0.587785252292473,-0.8090169943749476,0.8660254037844387,-0.4999999999999998
2025-05-09 10:30:00,-1,cond1530,-34.5,-71.5,-0.4946236559139785,1,parent_no_condition,control,26.597806575502588,69.75,209.0,0.75,0.1,ct,-36.67173999017281,-103.03661371561468,-135.9263398279964,-435.9843415836018,50.49047193675715,62.843582680451874,-1.0,3.0,26.597806575502588,11.0,-0.9510565162951536,0.30901699437494723,0.8660254037844387,-0.4999999999999998
2025-05-13 10:00:00,1,cond1530,206.75,822.0,2.0675,2,parent_no_condition,control,49.5741340341958,100.0,300.0,1.25,0.0,base,27.257397611513134,250.5150001183898,425.0349178827717,1089.1672430133958,28.03815066128479,29.17394100891313,1.0,1.0,49.5741340341958,9.0,0.9510565162951535,0.30901699437494745,0.8660254037844387,-0.4999999999999998
2025-05-14 10:00:00,-1,stop,-100.0,-202.5,-1.0,1,rc1_direct,direct,42.370961163728644,100.0,300.0,0.75,0.1,ct,-13.295605631882257,-172.35400194201668,-665.3819583318187,-1204.069160449186,13.729394566663888,24.468711767637874,-1.0,1.0,42.370961163728644,11.0,0.5877852522924732,-0.8090169943749473,0.8660254037844387,-0.4999999999999998
2025-05-15 11:15:00,1,stop,0.0,-5.0,0.0,2,parent_no_condition,control,27.932960893854748,76.75,230.75,1.25,0.0,base,-40.83294687192485,60.653648322637196,694.8527188048148,1233.243967828419,30.98298370496355,33.05090520864029,1.0,6.0,27.932960893854748,14.0,-0.587785252292473,-0.8090169943749476,0.8660254037844387,-0.4999999999999998
2025-05-16 10:45:00,-1,stop,-100.0,-202.5,-1.0,1,parent_no_condition,control,43.013180548107584,100.0,300.0,0.75,0.1,ct,-37.092323698375566,-8.601955813112294,-597.413803434681,-1571.0135824762506,31.592853791442277,32.30871770540378,-1.0,4.0,43.013180548107584,10.0,-0.9510565162951536,0.30901699437494723,0.8660254037844387,-0.4999999999999998
2025-05-19 10:00:00,1,target,125.0,247.5,1.25,1,parent_no_condition,control,62.695211382992646,100.0,125.0,1.25,0.0,hv,-137.21760077445188,50.685039993665356,653.8346225340285,1641.8986213765274,24.584931298448076,13.50078849142955,1.0,1.0,62.695211382992646,15.0,0.0,1.0,0.8660254037844387,-0.4999999999999998
2025-05-20 12:45:00,1,stop,-60.5,-247.0,-1.0,2,parent_no_condition,control,21.921894774905077,60.5,182.0,1.25,0.0,base,-46.46923803951597,62.38324370223536,264.9511445797037,1912.714795056698,21.98853557754399,18.41412578090562,1.0,12.0,21.921894774905077,13.0,0.9510565162951535,0.30901699437494745,0.8660254037844387,-0.4999999999999998
2025-05-21 11:00:00,1,stop,-100.0,-405.0,-1.0,2,parent_no_condition,control,41.87828060717832,100.0,300.0,1.25,0.0,base,-71.13339204660952,-30.05639796021753,64.43255036989059,1587.4033467219651,32.08762031005507,29.53591272760292,1.0,5.0,41.87828060717832,15.0,0.5877852522924732,-0.8090169943749473,0.8660254037844387,-0.4999999999999998
2025-05-22 10:00:00,1,stop,-100.0,-405.0,-1.0,2,parent_no_condition,control,48.34258089953772,100.0,300.0,1.25,0.0,base,-2.8563920340940463,-103.01467761268279,-100.21604135325602,1203.3742095696475,42.44929713785206,52.10416261983486,1.0,1.0,48.34258089953772,7.0,-0.587785252292473,-0.8090169943749476,0.8660254037844387,-0.4999999999999998
2025-05-26 10:45:00,-1,stop,-61.25,-125.0,-1.0,1,parent_no_condition,control,22.281082678731796,61.25,183.75,0.75,0.1,ct,-119.9990787018912,67.14633783644675,225.46911759739774,-723.026957606292,15.096985780133076,13.08037034509435,-1.0,4.0,22.281082678731796,14.0,0.0,1.0,0.8660254037844387,-0.4999999999999998
2025-05-28 10:00:00,-1,close1600,103.5,204.5,1.0753246753246752,1,rc1_direct,direct,34.62619449128724,96.25,288.75,0.75,0.1,ct,-228.48193104083592,67.14633783644675,225.46911759739774,-723.026957606292,15.469131879807252,32.794618088702876,-1.0,1.0,34.62619449128724,11.0,0.5877852522924732,-0.8090169943749473,0.8660254037844387,-0.4999999999999998
2025-05-29 10:15:00,-1,stop,-100.0,-202.5,-1.0,1,parent_no_condition,control,65.75741451256056,100.0,125.0,1.25,0.0,hv,-137.88731278231214,43.6203787195677,61.096358972051455,-903.6932800079001,50.52845973055109,59.86611555395815,-1.0,2.0,65.75741451256056,15.0,-0.587785252292473,-0.8090169943749476,0.8660254037844387,-0.4999999999999998
2025-05-30 10:00:00,-1,stop,-100.0,-202.5,-1.0,1,rc1_direct,direct,43.194585371660494,100.0,300.0,0.75,0.1,ct,17.96549269516334,77.13782780773838,7.113339204660729,-868.9992263008595,16.464321606748378,17.371558330967485,-1.0,1.0,43.194585371660494,12.0,-0.9510565162951536,0.30901699437494723,0.8660254037844387,-0.4999999999999998
2025-06-02 13:15:00,1,close1600,58.75,115.0,0.5875,1,parent_no_condition,control,80.85246124404081,100.0,125.0,1.25,0.0,hv,-55.0643359489833,23.346479894827965,105.00097117329244,843.9289348814971,40.77961133063246,22.145641489181855,1.0,14.0,80.85246124404081,13.0,0.0,1.0,0.49999999999999994,-0.8660254037844387
2025-06-03 10:16:00,1,cond1530,109.0,431.0,1.09,2,delay_weak,control,38.63215228255377,100.0,300.0,1.25,0.0,base,7.983179104309457,97.52719180726066,161.09314839992228,803.2894417180892,13.957356620408756,23.243801652892415,1.0,2.0,38.63215228255377,13.0,0.9510565162951535,0.30901699437494745,0.49999999999999994,-0.8660254037844387
2025-06-05 10:01:00,-1,stop,-100.0,-202.5,-1.0,1,intraday_keep,control,46.78531541192747,100.0,300.0,0.75,0.1,ct,-18.90611445984014,-27.09785335935244,-179.43463937599714,-826.71097625584,21.374576865600403,27.019514093511443,-1.0,1.0,46.78531541192747,14.0,-0.587785252292473,-0.8090169943749476,0.49999999999999994,-0.8660254037844387
2025-06-09 10:16:00,-1,cond1530,-4.75,-12.0,-0.059190031152647975,1,prior_session_reverse,h5,28.56650604954121,80.25,241.0,0.75,0.1,ct,1.9992669354573778,109.93329889729786,179.89190656023223,891.3082925058968,21.18460210708939,27.90221994953157,1.0,2.0,28.56650604954121,5.0,0.0,1.0,0.49999999999999994,-0.8660254037844387
2025-06-10 12:16:00,-1,stop,-85.75,-174.0,-1.0,1,intraday_reverse,h2cap,30.36246578682003,85.75,256.75,0.75,0.1,ct,-0.22177374642384784,41.644396935685,139.9867321812076,807.617175796651,16.335987631286297,29.06718736132019,1.0,10.0,30.36246578682003,13.0,0.9510565162951535,0.30901699437494745,0.49999999999999994,-0.8660254037844387
2025-06-11 10:31:00,-1,target,247.5,492.5,3.0,1,intraday_reverse,h2cap,29.074249465870796,82.5,247.5,0.75,0.1,ct,25.696451022343414,59.575978787844704,107.2320313893349,874.1380344186612,20.965535257957413,26.01009544382471,1.0,3.0,29.074249465870796,7.0,0.5877852522924732,-0.8090169943749473,0.49999999999999994,-0.8660254037844387
2025-06-12 10:15:00,1,close1600,17.75,66.0,0.221875,2,parent_no_condition,control,28.370051864001063,80.0,240.0,1.25,0.0,base,-22.468427984814188,-42.65120789984089,47.93256077759711,435.0788847566478,16.850193602953034,12.840238651332658,1.0,2.0,28.370051864001063,7.0,-0.587785252292473,-0.8090169943749476,0.49999999999999994,-0.8660254037844387
2025-06-13 10:30:00,-1,stop,-100.0,-202.5,-1.0,1,parent_no_condition,control,56.16600173847148,100.0,300.0,0.75,0.1,ct,111.57015664008173,-38.47902505017764,-159.01872987015952,-287.16235411766047,44.64464191894169,44.90901189030172,-1.0,3.0,56.16600173847148,8.0,-0.9510565162951536,0.30901699437494723,0.49999999999999994,-0.8660254037844387
2025-06-16 10:00:00,1,close1600,-3.25,-18.0,-0.0325,2,parent_no_condition,control,38.5817867358478,100.0,300.0,1.25,0.0,base,78.12150243989846,-112.10588638904007,-76.08321393266948,106.21090612946693,24.313453612447855,27.235286302644823,1.0,1.0,38.5817867358478,12.0,0.0,1.0,0.49999999999999994,-0.8660254037844387
2025-06-17 10:16:00,-1,cond1530,138.0,273.5,1.5290858725761773,1,prior_session_reverse,h5,32.01453393374432,90.25,271.0,0.75,0.1,ct,-37.76585171934022,126.13217041261393,41.693464327692276,240.87393133396694,17.0488361044141,32.278817996271854,1.0,2.0,32.01453393374432,5.0,0.9510565162951535,0.30901699437494745,0.49999999999999994,-0.8660254037844387
2025-06-18 10:00:00,1,stop,-91.75,-372.0,-1.0,2,rc1_direct,direct,32.72921583470633,91.75,275.75,1.25,0.0,base,19.60085531004907,-58.6789486503847,-97.27154421333539,107.50025327284752,13.964926836935732,14.909762556467587,1.0,1.0,32.72921583470633,11.0,0.5877852522924732,-0.8090169943749473,0.49999999999999994,-0.8660254037844387
2025-06-19 10:45:00,-1,stop,-92.75,-188.0,-1.0,1,parent_no_condition,control,33.38035054987665,92.75,278.5,0.75,0.1,ct,72.86908077994481,-33.76263303819016,66.29846484189072,-98.33925919258357,7.775676860404257,8.219887624002498,-1.0,4.0,33.38035054987665,14.0,-0.587785252292473,-0.8090169943749476,0.49999999999999994,-0.8660254037844387
2025-06-23 10:00:00,1,stop,-100.0,-405.0,-1.0,2,parent_no_condition,control,57.0215483198808,100.0,300.0,1.25,0.0,base,-32.86908077994477,33.76263303819016,-66.29846484189072,98.33925919258357,28.250599361649975,18.664222808351116,1.0,1.0,57.0215483198808,13.0,0.0,1.0,0.49999999999999994,-0.8660254037844387
2025-06-24 10:45:00,1,cond1530,86.5,341.0,1.0267062314540059,2,parent_no_condition,control,29.621178045221665,84.25,253.25,1.25,0.0,base,89.23134832331314,144.88358772195787,-21.982634823144444,198.83476729218864,14.34131840474695,17.660673738248978,1.0,4.0,29.621178045221665,5.0,0.9510565162951535,0.30901699437494745,0.49999999999999994,-0.8660254037844387
2025-06-25 10:15:00,-1,close1600,33.5,64.5,0.4944649446494465,1,parent_no_condition,control,23.572479944381982,67.75,203.5,0.75,0.1,ct,-35.352653631284255,-97.50669325606198,-257.42042351255765,-471.3046856254932,12.898558080436384,24.741194088157002,-1.0,2.0,23.572479944381982,4.0,0.5877852522924732,-0.8090169943749473,0.49999999999999994,-0.8660254037844387
2025-06-26 10:30:00,1,cond1530,100.75,398.0,1.1288515406162465,2,parent_no_condition,control,31.053540212163,89.25,268.25,1.25,0.0,base,44.22995217500336,25.44779379641815,136.3766867642835,487.39246175465877,16.475150378811865,14.43643626259039,1.0,3.0,31.053540212163,9.0,-0.587785252292473,-0.8090169943749476,0.49999999999999994,-0.8660254037844387
2025-06-27 10:00:00,1,stop,-71.75,-292.0,-1.0,2,rc1_direct,direct,24.775939331265082,71.75,215.75,1.25,0.0,base,10.678229355423063,95.9371018501387,325.19600855310136,676.9237856139298,15.253680446796203,12.268486133382162,1.0,1.0,24.775939331265082,10.0,-0.9510565162951536,0.30901699437494723,0.49999999999999994,-0.8660254037844387
2025-06-30 14:45:00,-1,stop,-83.5,-169.5,-1.0,1,parent_no_condition,control,28.60372062628221,83.5,250.25,0.75,0.1,ct,-50.96828998161218,-26.19776618224101,-362.00557103064136,-528.2284084090883,14.968431507439428,9.973190348525618,-1.0,20.0,28.60372062628221,13.0,0.0,1.0,0.49999999999999994,-0.8660254037844387
2025-07-02 10:00:00,1,cond1530,112.0,443.0,1.5501730103806228,2,rc1_direct,direct,24.92084126718702,72.25,216.5,1.25,0.0,base,-20.585002047722732,-65.951478555063,124.17074022346375,491.169353926868,9.233218038964264,10.78306627272596,1.0,1.0,24.92084126718702,14.0,0.5877852522924732,-0.8090169943749473,1.2246467991473532e-16,-1.0
2025-07-03 10:00:00,1,stop,0.0,-5.0,0.0,2,rc1_direct,direct,23.66535903121269,69.25,208.25,1.25,0.0,base,38.13073701573355,55.03381725757039,171.03700717919557,497.6556438827484,10.480650161630578,19.089464535186895,1.0,1.0,23.66535903121269,8.0,-0.587785252292473,-0.8090169943749476,1.2246467991473532e-16,-1.0
2025-07-07 11:00:00,-1,stop,9.5,16.5,0.10106382978723404,1,parent_no_condition,control,32.11403148455379,94.0,282.25,0.75,0.1,ct,-42.84352473677977,-55.03381725757039,-171.03700717919557,-497.6556438827484,20.382742176057178,23.148395080165862,-1.0,5.0,32.11403148455379,5.0,0.0,1.0,1.2246467991473532e-16,-1.0
2025-07-08 11:30:00,-1,stop,-67.5,-137.5,-1.0,1,parent_no_condition,control,23.066572691740884,67.5,202.5,0.75,0.1,ct,-25.352203074355817,45.99904168663183,-83.16075588920447,-420.34510433386794,14.805105110899941,11.012862595828343,-1.0,7.0,23.066572691740884,10.0,0.9510565162951535,0.30901699437494745,1.2246467991473532e-16,-1.0
2025-07-09 11:00:00,-1,stop,-100.0,-202.5,-1.0,1,parent_no_condition,control,41.04592677661871,100.0,300.0,0.75,0.1,ct,-32.17427554434327,-20.3506742499715,-59.570533016484184,-404.25721212660414,42.50658867195889,48.95038066619284,-1.0,5.0,41.04592677661871,12.0,0.5877852522924732,-0.8090169943749473,1.2246467991473532e-16,-1.0
2025-07-10 10:00:00,-1,stop,-85.25,-173.0,-1.0,1,parent_no_condition,control,28.981045546950888,85.25,256.0,0.75,0.1,ct,-9.767491241108317,-60.23967701279665,-59.487573825467436,-570.2005409105703,32.570487622818334,36.87762367819758,-1.0,1.0,28.981045546950888,14.0,-0.587785252292473,-0.8090169943749476,1.2246467991473532e-16,-1.0
2025-07-14 11:00:00,1,close1600,48.5,189.0,0.485,2,parent_no_condition,control,53.39427399805645,100.0,300.0,1.25,0.0,base,-12.256599912605637,-31.660026560424992,49.698488694664974,404.1826528575543,24.54879331972748,23.795296427504553,1.0,5.0,53.39427399805645,6.0,0.0,1.0,1.2246467991473532e-16,-1.0
2025-07-15 11:01:00,1,cond1530,-14.75,-32.0,-0.1475,1,intraday_reverse,h2cap,42.14751630707476,100.0,300.0,1.25,0.0,base,-69.47542864427226,-66.40787911841085,-69.63832996373709,-381.58678342192997,25.705005617773224,33.16119084582181,-1.0,5.0,42.14751630707476,7.0,0.9510565162951535,0.30901699437494745,1.2246467991473532e-16,-1.0
2025-07-16 10:00:00,-1,stop,-100.0,-202.5,-1.0,1,parent_no_condition,control,37.70318565367234,100.0,300.0,0.75,0.1,ct,0.7425401236860196,-30.643839843376153,-76.7479396705606,-434.09445594306595,22.09377747273922,19.992343357863042,-1.0,1.0,37.70318565367234,10.0,0.5877852522924732,-0.8090169943749473,1.2246467991473532e-16,-1.0
2025-07-17 10:00:00,1,cond1530,109.0,431.0,1.3885350318471337,2,rc1_direct,direct,26.59898584743203,78.5,235.25,1.25,0.0,base,8.80151004220453,30.527043556878297,11.890858902219303,417.1177341316312,16.84015187817689,13.86962552011095,1.0,1.0,26.59898584743203,13.0,-0.587785252292473,-0.8090169943749476,1.2246467991473532e-16,-1.0
2025-07-18 10:15:00,-1,stop,6.5,10.5,0.09848484848484848,1,parent_no_condition,control,22.18472198127441,66.0,197.75,0.75,0.1,ct,-15.679754175128569,-95.93727423398812,-105.81504168793555,-635.6046022294847,14.188261980894179,14.93542008498494,-1.0,2.0,22.18472198127441,13.0,-0.9510565162951536,0.30901699437494723,1.2246467991473532e-16,-1.0
2025-07-21 10:00:00,1,cond1530,-7.75,-36.0,-0.0775,2,rc1_direct,direct,41.60843936830824,100.0,300.0,1.25,0.0,base,15.394348376212008,-16.631929093243734,107.96465836059977,472.8461317608601,15.311253930614388,14.370830361263298,1.0,1.0,41.60843936830824,14.0,0.0,1.0,1.2246467991473532e-16,-1.0
2025-07-22 10:00:00,-1,stop,-100.0,-202.5,-1.0,1,parent_no_condition,control,38.02760678194004,100.0,300.0,0.75,0.1,ct,-1.6784507899214596,-39.17686458706271,-126.62799838528028,-616.313257305774,41.614068879374244,55.45967334568136,-1.0,1.0,38.02760678194004,15.0,0.9510565162951535,0.30901699437494745,1.2246467991473532e-16,-1.0
2025-07-23 10:15:00,-1,stop,-100.0,-202.5,-1.0,1,parent_no_condition,control,34.2572243215752,100.0,300.0,0.75,0.1,ct,-7.37199064810401,41.84451459314342,-72.45070063964576,-579.8328690807808,19.006973568067576,25.1025724863152,-1.0,2.0,34.2572243215752,15.0,0.5877852522924732,-0.8090169943749473,1.2246467991473532e-16,-1.0
2025-07-24 10:15:00,-1,stop,-81.5,-165.5,-1.0,1,parent_no_condition,control,27.34602146819846,81.5,244.75,0.75,0.1,ct,-31.41350255300379,-50.89757127771932,-93.3172149053041,-537.4915584487483,22.48979893272662,23.9991616013413,-1.0,2.0,27.34602146819846,5.0,-0.587785252292473,-0.8090169943749476,1.2246467991473532e-16,-1.0
2025-07-25 10:00:00,1,close1600,31.25,120.0,0.5274261603375527,2,rc1_direct,direct,19.917395224018282,59.25,178.25,1.25,0.0,base,-10.676715339927867,0.7327694497938353,53.45849074473552,424.1227304469275,9.63493405530036,12.365602665940223,1.0,1.0,19.917395224018282,11.0,-0.9510565162951536,0.30901699437494723,1.2246467991473532e-16,-1.0
2025-07-28 10:00:00,1,stop,-50.25,-206.0,-1.0,2,rc1_direct,direct,16.785608165520692,50.25,151.0,1.25,0.0,base,20.382778120393574,8.57857240001314,87.4103753690436,422.25442027169936,8.255895674165181,9.693558474046515,1.0,1.0,16.785608165520692,12.0,0.0,1.0,1.2246467991473532e-16,-1.0
2025-07-29 10:30:00,-1,cond1530,95.0,187.5,1.2541254125412542,1,parent_no_condition,control,25.086819053542737,75.75,226.75,0.75,0.1,ct,-43.563448390862014,9.370900231149282,-65.66938715565573,-349.4693243593061,15.997201641818615,14.532167991861966,-1.0,3.0,25.086819053542737,15.0,0.9510565162951535,0.30901699437494745,1.2246467991473532e-16,-1.0
2025-07-30 10:30:00,1,stop,-73.75,-300.0,-1.0,2,parent_no_condition,control,24.60973753089252,73.75,221.25,1.25,0.0,base,19.219721105134813,-36.84084546618283,82.25035280240877,294.1967117926003,9.163760401307286,10.007609953401886,1.0,3.0,24.60973753089252,7.0,0.5877852522924732,-0.8090169943749473,1.2246467991473532e-16,-1.0
2025-07-31 10:45:00,-1,stop,10.0,17.5,0.1,1,parent_no_condition,control,52.93193284261021,100.0,300.0,0.75,0.1,ct,-111.66951662009427,-4.902932370829394,-76.27492593137441,-242.96989309324778,21.736555540169398,22.76725654558609,-1.0,4.0,52.93193284261021,11.0,-0.587785252292473,-0.8090169943749476,1.2246467991473532e-16,-1.0
2025-08-01 10:00:00,-1,stop,-100.0,-202.5,-1.0,1,parent_no_condition,control,72.11231652839821,100.0,125.0,1.25,0.0,hv,120.05620098141989,156.16452495226252,17.061809807923378,-278.7058392429897,33.87236020425788,23.895372405111637,-1.0,1.0,72.11231652839821,15.0,-0.9510565162951536,0.30901699437494723,-0.4999999999999997,-0.8660254037844388
2025-08-04 10:00:00,1,close1600,56.5,221.0,0.565,2,parent_no_condition,control,46.85723351931671,100.0,300.0,1.25,0.0,base,83.05363747140638,-165.56465431151412,-221.074747305815,20.45778306181356,32.30106520743181,24.17498891539749,1.0,1.0,46.85723351931671,14.0,0.0,1.0,-0.4999999999999997,-0.8660254037844388
2025-08-05 10:30:00,-1,cond1530,107.5,212.5,1.4429530201342282,1,parent_no_condition,control,24.971408786158705,74.5,223.0,0.75,0.1,ct,-17.124906758558822,-168.5807382084281,80.14423878605959,-181.85124568103282,24.125478711499724,40.32807148019679,-1.0,3.0,24.971408786158705,12.0,0.9510565162951535,0.30901699437494745,-0.4999999999999997,-0.8660254037844388
2025-08-06 10:45:00,1,cond1530,175.5,697.0,1.7593984962406015,2,parent_no_condition,control,33.67483202170391,99.75,299.0,1.25,0.0,base,20.430414853864765,-85.32745591939505,-132.44894761581415,97.69863072269125,17.979194201860338,8.745126962386163,1.0,4.0,33.67483202170391,8.0,0.5877852522924732,-0.8090169943749473,-0.4999999999999997,-0.8660254037844388
2025-08-07 10:00:00,1,stop,-82.5,-335.0,-1.0,2,rc1_direct,direct,27.37566883736364,82.5,247.5,1.25,0.0,base,71.59954427151449,143.6659739598789,-24.711181548984218,157.23537530523356,15.600651855545156,19.91949205295329,1.0,1.0,27.37566883736364,3.0,-0.587785252292473,-0.8090169943749476,-0.4999999999999997,-0.8660254037844388
2025-08-08 10:00:00,1,close1600,71.0,279.0,0.71,2,rc1_direct,direct,35.007713123737204,100.0,300.0,1.25,0.0,base,27.744458930900606,7.306508011064583,52.740846370002984,195.9971073677047,19.057627424645673,17.431544870665228,1.0,1.0,35.007713123737204,14.0,-0.9510565162951536,0.30901699437494723,-0.4999999999999997,-0.8660254037844388
2025-08-11 10:15:00,1,stop,-71.25,-290.0,-1.0,2,parent_no_condition,control,23.550556226952995,71.25,213.75,1.25,0.0,base,-2.1687269572756573,65.38325606536333,350.27898326100535,320.1637055431816,11.75751906709488,5.674783326454769,1.0,2.0,23.550556226952995,12.0,0.0,1.0,-0.4999999999999997,-0.8660254037844388
2025-08-12 10:00:00,-1,stop,-100.0,-202.5,-1.0,1,parent_no_condition,control,40.40695576881449,100.0,300.0,0.75,0.1,ct,-48.20751000435442,45.614035087718776,-133.95249151634258,-246.88210423438937,33.130266621693714,56.001647107267736,-1.0,1.0,40.40695576881449,11.0,0.9510565162951535,0.30901699437494745,-0.4999999999999997,-0.8660254037844388
2025-08-13 10:00:00,-1,cond1530,82.5,162.5,1.6582914572864322,1,rc1_direct,direct,16.196311519244578,49.75,149.0,0.75,0.1,ct,-41.9488837504356,-125.56202473944734,-346.2584817978764,-367.76951554560844,9.458366595388457,10.493072534637493,-1.0,1.0,16.196311519244578,7.0,0.5877852522924732,-0.8090169943749473,-0.4999999999999997,-0.8660254037844388
2025-08-14 10:30:00,1,cond1530,-27.25,-114.0,-0.2725,2,parent_no_condition,control,33.946454851727836,100.0,300.0,1.25,0.0,base,-41.208650749016144,10.338403586709344,222.01084968276774,370.40571780025954,16.259335684944975,11.158314992065765,1.0,3.0,33.946454851727836,14.0,-0.587785252292473,-0.8090169943749476,-0.4999999999999997,-0.8660254037844388
2025-08-15 10:00:00,-1,cond1530,-4.0,-10.5,-0.04,1,rc1_direct,direct,35.59357674416219,100.0,300.0,0.75,0.1,ct,11.459559011612885,3.068582826164512,-194.00260756192944,-284.9716396392599,12.982039934362755,22.072109067017287,-1.0,1.0,35.59357674416219,14.0,-0.9510565162951536,0.30901699437494723,-0.4999999999999997,-0.8660254037844388
2025-08-18 10:00:00,-1,stop,-67.5,-137.5,-1.0,1,rc1_direct,direct,22.236634855925136,67.5,202.5,0.75,0.1,ct,15.332530690786994,38.54236071959449,-35.93890386343279,-246.6258962463086,17.628166396064238,14.421987349856336,-1.0,1.0,22.236634855925136,8.0,0.0,1.0,-0.4999999999999997,-0.8660254037844388
2025-08-20 10:00:00,-1,stop,10.0,17.5,0.1,1,parent_no_condition,control,40.09946342101819,100.0,300.0,0.75,0.1,ct,14.298536748282853,148.97751457388696,196.85281057521098,-90.57017081955499,46.602007472543725,66.49814875027582,-1.0,1.0,40.09946342101819,15.0,0.5877852522924732,-0.8090169943749473,-0.4999999999999997,-0.8660254037844388
2025-08-21 10:00:00,-1,stop,-100.0,-202.5,-1.0,1,rc1_direct,direct,38.33394765941762,100.0,300.0,0.75,0.1,ct,29.176549610629987,56.14694218326055,256.96610256148114,-10.50618814481652,16.313153914097043,27.254837996821824,-1.0,1.0,38.33394765941762,5.0,-0.587785252292473,-0.8090169943749476,-0.4999999999999997,-0.8660254037844388
2025-08-22 10:15:00,1,close1600,-2.0,-6.5,-0.02,1,parent_no_condition,control,49.56147042884877,100.0,300.0,0.75,0.1,ct,23.840416890830163,-48.18594104308404,-300.6087890724918,-77.2491756947713,73.60377801467921,103.9522869503129,1.0,2.0,49.56147042884877,14.0,-0.9510565162951536,0.30901699437494723,-0.4999999999999997,-0.8660254037844388
2025-08-25 10:16:00,-1,close1600,40.5,78.5,0.432,1,prior_session_reverse,h5,31.28291223057592,93.75,281.25,0.75,0.1,ct,-25.98266436633523,132.90366064282466,-98.8896778110493,57.385359938955105,17.758816652435616,22.10082982361028,1.0,2.0,31.28291223057592,15.0,0.0,1.0,-0.4999999999999997,-0.8660254037844388
2025-08-26 10:30:00,1,close1600,49.25,192.0,0.7137681159420289,2,parent_no_condition,control,23.03535040311863,69.0,207.25,1.25,0.0,base,-17.913121361397,-24.725474510944867,-123.53425221147907,6.982657995664443,18.66716710965388,21.266392844483395,1.0,3.0,23.03535040311863,12.0,0.9510565162951535,0.30901699437494745,-0.4999999999999997,-0.8660254037844388
2025-08-27 10:30:00,1,cond1530,-2.5,-15.0,-0.03861003861003861,2,parent_no_condition,control,21.532556288910737,64.75,194.0,1.25,0.0,base,-16.921879055281643,31.97317169697289,53.33249838228138,61.62845354363622,21.840746535319866,29.975956784662472,1.0,3.0,21.532556288910737,15.0,0.5877852522924732,-0.8090169943749473,-0.4999999999999997,-0.8660254037844388
2025-08-28 10:00:00,-1,stop,-100.0,-202.5,-1.0,1,parent_no_condition,control,46.526054590570716,100.0,300.0,0.75,0.1,ct,3.935825332215259,-11.406173850827539,-132.97369912470324,-66.83488342995369,37.328642575809035,50.92975206611561,-1.0,1.0,46.526054590570716,9.0,-0.587785252292473,-0.8090169943749476,-0.4999999999999997,-0.8660254037844388
2025-08-29 10:00:00,-1,close1600,64.25,126.0,0.6425,1,parent_no_condition,control,33.16474587513473,100.0,300.0,0.75,0.1,ct,47.07215326775538,-109.4404065226895,-241.35784887707513,-179.61246487438575,25.664104095457496,27.193656197455063,-1.0,1.0,33.16474587513473,14.0,-0.9510565162951536,0.30901699437494723,-0.4999999999999997,-0.8660254037844388
2025-09-01 10:00:00,1,stop,-52.75,-216.0,-1.0,2,rc1_direct,direct,17.635856095588426,52.75,158.5,1.25,0.0,base,-124.11804089200173,109.4404065226895,241.35784887707513,179.61246487438575,7.261684772763566,3.7540277589487303,1.0,1.0,17.635856095588426,10.0,0.0,1.0,-0.8660254037844384,-0.5000000000000004
2025-09-03 10:31:00,-1,stop,-82.5,-167.5,-1.0,1,prior_session_reverse,h5,27.616507139494743,82.5,247.5,0.75,0.1,ct,-142.0404799917596,109.4404065226895,241.35784887707513,179.61246487438575,15.165552822185013,25.437568042876446,1.0,3.0,27.616507139494743,11.0,0.5877852522924732,-0.8090169943749473,-0.8660254037844384,-0.5000000000000004
2025-09-04 10:15:00,-1,stop,-100.0,-202.5,-1.0,1,parent_no_condition,control,37.921801910675406,100.0,300.0,0.75,0.1,ct,-18.07260381300635,-41.224352788151734,51.237814130412616,-232.0584902836864,14.200873496174049,12.61954673925536,-1.0,2.0,37.921801910675406,12.0,-0.587785252292473,-0.8090169943749476,-0.8660254037844384,-0.5000000000000004
2025-09-05 10:15:00,-1,close1600,111.0,219.5,1.11,1,parent_no_condition,control,32.948929159802304,100.0,300.0,0.75,0.1,ct,-87.31456001324301,-98.72854351891559,-66.96591299638621,-155.38489015895607,25.594605467784692,34.89505824395778,-1.0,2.0,32.948929159802304,14.0,-0.9510565162951536,0.30901699437494723,-0.8660254037844384,-0.5000000000000004
2025-09-08 10:00:00,1,cond1530,-86.25,-350.0,-0.8937823834196891,2,rc1_direct,direct,31.78440095661789,96.5,289.75,1.25,0.0,base,48.52460373298007,-15.495547612652816,33.9475733194905,231.29770184297183,10.950754895733272,6.16465801559718,1.0,1.0,31.78440095661789,10.0,0.0,1.0,-0.8660254037844384,-0.5000000000000004
2025-09-09 10:00:00,-1,stop,5.25,8.0,0.1,1,rc1_direct,direct,17.262106593508214,52.5,157.5,0.75,0.1,ct,-17.50159573372878,-20.01237879100559,-60.59099524593714,-152.91990258280873,6.762792263784734,8.836645362816364,-1.0,1.0,17.262106593508214,7.0,0.9510565162951535,0.30901699437494745,-0.8660254037844384,-0.5000000000000004
2025-09-10 12:30:00,-1,cond1530,107.75,213.0,1.0775,1,parent_no_condition,control,35.473137021381,100.0,300.0,0.75,0.1,ct,-51.389359017754984,-22.514187021958065,-41.81902456610098,-168.55280312907394,14.280104495322243,15.441409565493114,-1.0,11.0,35.473137021381,8.0,0.5877852522924732,-0.8090169943749473,-0.8660254037844384,-0.5000000000000004
2025-09-11 10:45:00,1,close1600,24.25,92.0,0.2425,2,parent_no_condition,control,35.38085548045361,100.0,300.0,1.25,0.0,base,34.6577800563952,-4.202283582395161,188.0386523896571,71.67126230236187,16.615034954272634,18.603700296433434,1.0,4.0,35.38085548045361,10.0,-0.587785252292473,-0.8090169943749476,-0.8660254037844384,-0.5000000000000004
2025-09-12 10:31:00,-1,stop,-78.75,-160.0,-1.0,1,delay_weak,control,25.685978717331917,78.75,236.25,0.75,0.1,ct,3.8732430256138706,54.62408789046469,149.69688191843744,171.16257853158956,11.54524245319255,12.433501151627446,1.0,3.0,25.685978717331917,8.0,-0.9510565162951536,0.30901699437494723,-0.8660254037844384,-0.5000000000000004
2025-09-15 10:00:00,1,close1600,48.0,187.0,0.6881720430107527,2,rc1_direct,direct,22.57347768211887,69.75,209.0,1.25,0.0,base,23.15308453922249,45.90665646518666,188.61482431817177,75.40567640017093,17.31402519900227,18.719012445613803,1.0,1.0,22.57347768211887,10.0,0.0,1.0,-0.8660254037844384,-0.5000000000000004
2025-09-16 10:00:00,-1,close1600,5.75,9.0,0.0942622950819672,1,rc1_direct,direct,19.63143244018705,61.0,182.75,0.75,0.1,ct,-20.058866220467042,-74.94668426932138,-213.5194679514907,-144.4859144128019,8.515589952358127,10.574870080167775,-1.0,1.0,19.63143244018705,13.0,0.9510565162951535,0.30901699437494745,-0.8660254037844384,-0.5000000000000004
2025-09-19 11:15:00,-1,stop,-59.0,-120.5,-1.0,1,parent_no_condition,control,18.886684887154555,59.0,177.25,0.75,0.1,ct,-99.32839884637889,-1.6137165910246054,-171.8107312469863,-146.41632987159258,13.757073465641145,8.095628360684781,-1.0,6.0,18.886684887154555,8.0,-0.9510565162951536,0.30901699437494723,-0.8660254037844384,-0.5000000000000004
2025-09-22 10:00:00,1,cond1530,145.25,576.0,2.740566037735849,2,rc1_direct,direct,16.93766937669377,53.0,159.5,1.25,0.0,base,-26.250633893147857,59.213619132401085,312.1250961291966,348.84079893804153,8.75872549538581,10.05956056652213,1.0,1.0,16.93766937669377,11.0,0.0,1.0,-0.8660254037844384,-0.5000000000000004
2025-09-23 10:00:00,-1,cond1530,138.75,275.0,1.6567164179104477,1,rc1_direct,direct,26.552793492584044,83.75,251.25,0.75,0.1,ct,2.2762586225666404,-61.037538584087784,-299.05513255664704,-393.23184529932223,11.015428313931874,2.7771991946123897,-1.0,1.0,26.552793492584044,4.0,0.9510565162951535,0.30901699437494745,-0.8660254037844384,-0.5000000000000004
2025-09-29 10:00:00,1,stop,-88.5,-359.0,-1.0,2,rc1_direct,direct,28.144221732709454,88.5,265.25,1.25,0.0,base,51.1260742978914,36.85404992870289,74.6915571324891,489.80919795974074,11.735200891223041,12.91835599014135,1.0,1.0,28.144221732709454,14.0,0.0,1.0,-0.8660254037844384,-0.5000000000000004
2025-09-30 11:01:00,-1,stop,10.0,17.5,0.1,1,intraday_reverse,h2cap,35.738886504078025,100.0,300.0,0.75,0.1,ct,-7.772020725388407,30.58348491814522,120.40417078434062,586.8329166534813,22.987460144385796,28.168732706694843,1.0,5.0,35.738886504078025,11.0,0.9510565162951535,0.30901699437494745,-0.8660254037844384,-0.5000000000000004
2025-10-01 10:30:00,1,cond1530,124.5,493.0,1.245,2,parent_no_condition,control,39.42332163941135,100.0,300.0,1.25,0.0,base,-53.45733846046863,27.899283586254597,7.159263789040526,459.68529796919455,33.21823577631777,43.33153617284591,1.0,3.0,39.42332163941135,11.0,0.5877852522924732,-0.8090169943749473,-1.0,-1.8369701987210297e-16
2025-10-02 11:00:00,-1,stop,-100.0,-202.5,-1.0,1,parent_no_condition,control,52.34802068289028,100.0,125.0,1.25,0.0,hv,-55.07272169983813,-78.12266454088058,-9.50090555505989,-533.2277986648481,18.349372564721023,21.118698930249202,-1.0,5.0,52.34802068289028,11.0,-0.587785252292473,-0.8090169943749476,-1.0,-1.8369701987210297e-16
2025-10-03 10:00:00,-1,cond1530,100.5,198.5,1.5461538461538462,1,rc1_direct,direct,20.475665459127423,65.0,195.0,0.75,0.1,ct,-11.4346548902855,-36.90401986682801,-112.44243306286039,-531.6376849208405,14.444551806784833,10.537096488291153,-1.0,1.0,20.475665459127423,3.0,-0.9510565162951536,0.30901699437494723,-1.0,-1.8369701987210297e-16
2025-10-06 13:30:00,1,close1600,-25.0,-105.0,-0.25,2,parent_no_condition,control,40.01592771570011,100.0,300.0,1.25,0.0,base,88.93114273547332,-46.133372763565994,102.85245475192272,458.62722555386483,20.509168504434516,8.052399516855768,1.0,15.0,40.01592771570011,6.0,0.0,1.0,-1.0,-1.8369701987210297e-16
2025-10-07 10:45:00,-1,target,173.5,344.5,3.0043290043290045,1,parent_no_condition,control,18.139655738749738,57.75,173.5,0.75,0.1,ct,-16.20618192175849,-55.9028909498549,-144.77879633320035,-486.9959314003203,15.105009500528954,20.391157296211215,-1.0,4.0,18.139655738749738,13.0,0.9510565162951535,0.30901699437494745,-1.0,-1.8369701987210297e-16
2025-10-08 10:00:00,1,cond1530,131.75,522.0,1.3341772151898734,2,rc1_direct,direct,31.139140717382734,98.75,296.25,1.25,0.0,base,19.868728006009473,-40.95294349281353,51.96689222086492,568.1901279707491,17.144761882519344,22.65630387028761,1.0,1.0,31.139140717382734,12.0,0.5877852522924732,-0.8090169943749473,-1.0,-1.8369701987210297e-16
2025-10-09 10:30:00,-1,stop,9.75,17.0,0.09873417721518987,1,parent_no_condition,control,30.914017941869908,98.75,296.25,0.75,0.1,ct,2.93028843805887,-102.02772707089692,-122.60354561544062,-591.442345492541,10.25883568049668,9.691440206750501,-1.0,3.0,30.914017941869908,7.0,-0.587785252292473,-0.8090169943749476,-1.0,-1.8369701987210297e-16
2025-10-13 10:01:00,-1,stop,10.0,17.5,0.1,1,delay_weak,control,47.22420515073308,100.0,300.0,0.75,0.1,ct,171.52589108308635,-357.003206381481,-231.04271269695053,155.4553503407674,33.551341142668,29.021062709431167,1.0,1.0,47.22420515073308,9.0,0.0,1.0,-1.0,-1.8369701987210297e-16
2025-10-14 10:30:00,1,target,125.0,247.5,1.25,1,parent_no_condition,control,87.31423040471054,100.0,125.0,1.25,0.0,hv,-117.81403843099892,98.02152865475921,-104.21066072112572,334.492414684433,64.58891158982682,62.75939879921033,1.0,3.0,87.31423040471054,9.0,0.9510565162951535,0.30901699437494745,-1.0,-1.8369701987210297e-16
2025-10-15 10:01:00,1,stop,-100.0,-405.0,-1.0,2,intraday_keep,control,32.013638008018276,100.0,300.0,1.25,0.0,base,94.50927109974528,-62.94053410106248,-105.57115179312792,263.6247116124069,23.504000264116254,32.346083246515,1.0,1.0,32.013638008018276,4.0,0.5877852522924732,-0.8090169943749473,-1.0,-1.8369701987210297e-16
2025-10-16 10:16:00,-1,stop,-85.75,-174.0,-1.0,1,intraday_keep,control,27.04436657947984,85.75,256.75,0.75,0.1,ct,-53.33624679684456,-54.42543715110215,165.75664931284706,-262.2593238133097,16.529997936489682,25.643554591182614,-1.0,2.0,27.04436657947984,5.0,-0.587785252292473,-0.8090169943749476,-1.0,-1.8369701987210297e-16
2025-10-17 10:01:00,1,target,125.0,247.5,1.25,1,intraday_keep,control,51.478121798235755,100.0,125.0,1.25,0.0,hv,-33.900671033870736,-63.40839963143829,-179.19567580270802,184.6153846153853,30.570073449431856,60.62549477418244,1.0,1.0,51.478121798235755,7.0,-0.9510565162951536,0.30901699437494723,-1.0,-1.8369701987210297e-16
2025-10-20 10:15:00,1,close1600,63.75,250.0,0.6375,2,parent_no_condition,control,43.36048689598891,100.0,300.0,1.25,0.0,base,46.412666996535904,99.74813097189505,243.9073841287853,185.67051044270588,15.171566687588456,19.44589033696431,1.0,2.0,43.36048689598891,15.0,0.0,1.0,-1.0,-1.8369701987210297e-16
2025-10-21 10:30:00,-1,stop,-89.5,-181.5,-1.0,1,parent_no_condition,control,28.011478829786196,89.5,268.0,0.75,0.1,ct,7.52864797215369,-99.83706117612235,-151.2625059552164,-313.61555371800745,17.459092941771726,11.86495523676001,-1.0,3.0,28.011478829786196,3.0,0.9510565162951535,0.30901699437494745,-1.0,-1.8369701987210297e-16
2025-10-23 10:00:00,1,cond1530,117.5,465.0,1.175,2,parent_no_condition,control,33.007540345294444,100.0,300.0,1.25,0.0,base,-5.8328060740275856,-92.94717975338096,46.68163127470759,10.787486515642097,25.045437230877265,36.23403036944861,1.0,1.0,33.007540345294444,15.0,-0.587785252292473,-0.8090169943749476,-1.0,-1.8369701987210297e-16
2025-10-24 10:15:00,1,stop,-100.0,-405.0,-1.0,2,parent_no_condition,control,39.14654699285551,100.0,300.0,1.25,0.0,base,83.58156306341513,83.09045102010471,175.7849500962183,173.2490679638743,14.970827896538808,11.547232060549195,1.0,2.0,39.14654699285551,8.0,-0.9510565162951536,0.30901699437494723,-1.0,-1.8369701987210297e-16
2025-10-27 10:45:00,1,close1600,89.5,353.0,1.1365079365079365,2,parent_no_condition,control,24.152274339166937,78.75,236.25,1.25,0.0,base,122.93093745755046,85.52528573665174,199.50519544779777,311.8590481145378,14.494040349750659,8.423309594915995,1.0,4.0,24.152274339166937,15.0,0.0,1.0,-1.0,-1.8369701987210297e-16
2025-10-28 10:45:00,-1,stop,-66.5,-135.5,-1.0,1,parent_no_condition,control,20.228208379036737,66.5,199.75,0.75,0.1,ct,-30.690634590824217,-96.61835748792313,-258.3206226289647,-454.16500597847744,14.346200592791902,17.950252158304146,-1.0,4.0,20.228208379036737,14.0,0.9510565162951535,0.30901699437494745,-1.0,-1.8369701987210297e-16
2025-10-29 10:00:00,1,stop,-47.5,-195.0,-1.0,2,rc1_direct,direct,14.323272490835933,47.5,142.5,1.25,0.0,base,33.578630748567484,67.80306637463207,337.8411413261362,504.8638228952407,11.478600751269052,14.229710882429636,1.0,1.0,14.323272490835933,8.0,0.5877852522924732,-0.8090169943749473,-1.0,-1.8369701987210297e-16
2025-10-30 10:01:00,1,stop,-100.0,-202.5,-1.0,1,intraday_keep,control,70.46036960790373,100.0,125.0,1.25,0.0,hv,-57.99315397889582,30.26663009448871,483.925181904461,485.27274345208093,37.65578547556325,60.41777845543939,1.0,1.0,70.46036960790373,5.0,-0.587785252292473,-0.8090169943749476,-1.0,-1.8369701987210297e-16
2025-10-31 10:00:00,-1,stop,10.0,17.5,0.1,1,rc1_direct,direct,36.24611395286112,100.0,300.0,0.75,0.1,ct,-121.44626241955336,119.80234502697473,-246.62930155992856,-308.24280898211765,13.723286923651434,7.488506564292674,-1.0,1.0,36.24611395286112,15.0,-0.9510565162951536,0.30901699437494723,-1.0,-1.8369701987210297e-16
