stop,tgt,be,arm,tr,n_r,pts_r,pf_r,sh_r,dd_r,n_l,pts_l,pf_l,sh_l,dd_l
1.5,0.0,0.0,0.0,1.0,288,-3.181502368708782,0.8537280613617966,-0.6834877675003855,1573.581135513177,144,12.822587718291162,1.4776271151735099,1.5319796068125646,431.0990516239631
1.5,0.0,0.0,1.0,0.75,303,0.4897431591317117,1.0305207563825534,0.15441535754410504,977.6414362695326,152,11.347507722604227,1.630494534690993,2.019677327297897,414.71713458101726
1.5,0.0,0.0,1.0,1.0,302,-0.17674311816388044,0.9889548034683249,-0.05121693408127252,1155.165902800302,152,9.489953849149698,1.5270567920354337,1.689685328968745,477.9047834829619
1.5,0.0,0.0,1.0,1.5,297,0.2950023042049177,1.0175048084946285,0.07164516805836325,1094.499448383926,151,11.1292694341249,1.560440183242208,1.6723479743388823,515.969781094574
1.5,0.0,0.0,1.5,0.75,300,0.2961509625166464,1.0164453740578117,0.08482650228584446,1002.3884255009034,150,9.021285887283666,1.4059308163994968,1.5557758373662316,433.68220919119403
1.5,0.0,0.0,1.5,1.0,300,-0.580224234262259,0.9677799305841721,-0.15805028332088858,1150.04269123835,150,8.11179192915212,1.3650063152199967,1.376257473037221,474.3779662410684
1.5,0.0,0.0,1.5,1.5,296,0.06115714175211464,1.0034468189303896,0.014558715584639897,1178.495450041015,150,10.190785816491477,1.4580462025789513,1.5440375437493195,482.3333474976548
1.5,0.0,1.0,0.0,1.0,295,0.40895212338580494,1.0258981382139838,0.09985915659212584,1115.4450395500517,149,16.97709508412857,1.9246702837074383,2.065194192218473,485.9765925136503
1.5,0.0,1.0,1.0,0.75,303,0.4897431591317117,1.0305207563825534,0.15441535754410504,977.6414362695326,152,11.347507722604227,1.630494534690993,2.019677327297897,414.71713458101726
1.5,0.0,1.0,1.0,1.0,302,0.13480686640256948,1.0084321299482637,0.03905382227556013,1131.7482649533674,152,10.042567757750227,1.5579889646527922,1.7704825450820378,475.7079688238739
1.5,0.0,1.0,1.0,1.5,299,0.9358785824067042,1.0599266455533871,0.23827139172879058,1069.0796806039002,151,12.080731404831207,1.6668181730633518,1.7458937289853393,574.9964827616218
1.5,0.0,1.0,1.5,0.75,302,0.6800188482385969,1.042534979475699,0.2087482184014575,942.7878556779617,151,9.363820801740829,1.5168532989163561,1.6653611292340869,528.8582910784803
1.5,0.0,1.0,1.5,1.0,302,0.13755816799124884,1.008604223055549,0.03956802609047279,1082.7113631556683,151,9.092411140265485,1.5018723438274653,1.5976593013774423,547.6732944800183
1.5,0.0,1.0,1.5,1.5,299,0.9358785824067042,1.0599266455533871,0.23827139172879058,1069.0796806039002,151,12.080731404831207,1.6668181730633518,1.7458937289853393,574.9964827616218
1.5,0.0,1.5,0.0,1.0,291,-0.6144098522838606,0.9655286202552521,-0.14154578215692418,1234.389117507689,148,14.568130898853964,1.6467819146664446,1.8637095334560294,369.7766929092764
1.5,0.0,1.5,1.0,0.75,303,0.4897431591317117,1.0305207563825534,0.15441535754410504,977.6414362695326,152,11.347507722604227,1.630494534690993,2.019677327297897,414.71713458101726
1.5,0.0,1.5,1.0,1.0,302,-0.17674311816388044,0.9889548034683249,-0.05121693408127252,1155.165902800302,152,9.489953849149698,1.5270567920354337,1.689685328968745,477.9047834829619
1.5,0.0,1.5,1.0,1.5,297,0.5133261579610282,1.0305074476883633,0.12452906875562389,1084.0736793509755,151,11.378806861635262,1.5736482130716751,1.7085163422721306,509.9129625731016
1.5,0.0,1.5,1.5,0.75,300,0.2961509625166464,1.0164453740578117,0.08482650228584446,1002.3884255009034,150,9.021285887283666,1.4059308163994968,1.5557758373662316,433.68220919119403
1.5,0.0,1.5,1.5,1.0,300,-0.580224234262259,0.9677799305841721,-0.15805028332088858,1150.04269123835,150,8.11179192915212,1.3650063152199967,1.376257473037221,474.3779662410684
1.5,0.0,1.5,1.5,1.5,296,0.2952480465741927,1.0166660724646257,0.07019940031540586,1168.0696810080644,150,10.504336724075277,1.4726636574226792,1.5894009508151543,470.8382378214242
1.5,1.5,0.0,0.0,1.0,301,-0.7657245969924867,0.9576029229205305,-0.23963399858994489,1022.7806619360604,150,7.080034006414935,1.3185803022173799,1.4083857509829016,396.67151271045617
1.5,1.5,0.0,1.0,0.75,303,-0.4478437460974824,0.9720904118470487,-0.15510947542538028,992.3152996461985,152,8.73096659503454,1.4851132826085935,1.799326897079958,409.5683701803539
1.5,1.5,0.0,1.0,1.0,303,-0.6847549402009169,0.9573645854402979,-0.23369756500237163,1024.9743782592786,152,7.066955146791282,1.3924873364331318,1.4822839707911712,451.297314845302
1.5,1.5,0.0,1.0,1.5,302,-1.1071890350582905,0.9355727686557237,-0.36153093012498755,975.0461817423922,151,6.8324419823791835,1.344448955129242,1.3968849624742845,460.14266517777787
1.5,1.5,0.0,1.5,0.75,301,-0.7657245969924867,0.9576029229205305,-0.23963399858994489,1022.7806619360604,150,7.080034006414935,1.3185803022173799,1.4083857509829016,396.67151271045617
1.5,1.5,0.0,1.5,1.0,301,-0.7657245969924867,0.9576029229205305,-0.23963399858994489,1022.7806619360604,150,7.080034006414935,1.3185803022173799,1.4083857509829016,396.67151271045617
1.5,1.5,0.0,1.5,1.5,301,-0.7657245969924867,0.9576029229205305,-0.23963399858994489,1022.7806619360604,150,7.080034006414935,1.3185803022173799,1.4083857509829016,396.67151271045617
1.5,1.5,1.0,0.0,1.0,303,-0.40844958659443226,0.9745454528673658,-0.1383719765568136,963.718304890729,151,6.828585200172871,1.3769163103788369,1.4075667620139316,494.6077400378649
1.5,1.5,1.0,1.0,0.75,303,-0.4478437460974824,0.9720904118470487,-0.15510947542538028,992.3152996461985,152,8.73096659503454,1.4851132826085935,1.799326897079958,409.5683701803539
1.5,1.5,1.0,1.0,1.0,303,-0.3742331734053133,0.9766778171316904,-0.12773898743066175,1001.5567404123439,152,7.619569055391814,1.4233613903214526,1.576833518183552,449.1005001862143
1.5,1.5,1.0,1.0,1.5,303,-0.40844958659443226,0.9745454528673658,-0.1383719765568136,963.718304890729,151,6.828585200172871,1.3769163103788369,1.4075667620139316,494.6077400378649
1.5,1.5,1.0,1.5,0.75,303,-0.40844958659443226,0.9745454528673658,-0.1383719765568136,963.718304890729,151,6.828585200172871,1.3769163103788369,1.4075667620139316,494.6077400378649
1.5,1.5,1.0,1.5,1.0,303,-0.40844958659443226,0.9745454528673658,-0.1383719765568136,963.718304890729,151,6.828585200172871,1.3769163103788369,1.4075667620139316,494.6077400378649
1.5,1.5,1.0,1.5,1.5,303,-0.40844958659443226,0.9745454528673658,-0.1383719765568136,963.718304890729,151,6.828585200172871,1.3769163103788369,1.4075667620139316,494.6077400378649
1.5,1.5,1.5,0.0,1.0,301,-0.7657245969924867,0.9576029229205305,-0.23963399858994489,1022.7806619360604,150,7.080034006414935,1.3185803022173799,1.4083857509829016,396.67151271045617
1.5,1.5,1.5,1.0,0.75,303,-0.4478437460974824,0.9720904118470487,-0.15510947542538028,992.3152996461985,152,8.73096659503454,1.4851132826085935,1.799326897079958,409.5683701803539
1.5,1.5,1.5,1.0,1.0,303,-0.6847549402009169,0.9573645854402979,-0.23369756500237163,1024.9743782592786,152,7.066955146791282,1.3924873364331318,1.4822839707911712,451.297314845302
1.5,1.5,1.5,1.0,1.5,302,-1.1071890350582905,0.9355727686557237,-0.36153093012498755,975.0461817423922,151,6.8324419823791835,1.344448955129242,1.3968849624742845,460.14266517777787
1.5,1.5,1.5,1.5,0.75,301,-0.7657245969924867,0.9576029229205305,-0.23963399858994489,1022.7806619360604,150,7.080034006414935,1.3185803022173799,1.4083857509829016,396.67151271045617
1.5,1.5,1.5,1.5,1.0,301,-0.7657245969924867,0.9576029229205305,-0.23963399858994489,1022.7806619360604,150,7.080034006414935,1.3185803022173799,1.4083857509829016,396.67151271045617
1.5,1.5,1.5,1.5,1.5,301,-0.7657245969924867,0.9576029229205305,-0.23963399858994489,1022.7806619360604,150,7.080034006414935,1.3185803022173799,1.4083857509829016,396.67151271045617
1.5,2.0,0.0,0.0,1.0,297,-2.3953880452350873,0.8794687399900901,-0.6788297229824549,1276.622234080284,147,5.574756450237958,1.2237996465222976,0.9508502258822225,589.1209276541888
1.5,2.0,0.0,1.0,0.75,303,-0.7471068854338592,0.9534403557928564,-0.25971779996200084,1065.6470207643638,152,8.150784477844919,1.4528769834179944,1.7002317208279778,441.84907292724915
1.5,2.0,0.0,1.0,1.0,303,-1.2712830893184945,0.920845139839474,-0.42699405962294745,1138.3979555880478,152,6.470755715120759,1.3593753777382251,1.3260068673397294,497.2647059524061
1.5,2.0,0.0,1.0,1.5,300,-1.7596302413454263,0.8979435415323791,-0.5461917044480514,998.0512342116269,151,6.668311612929415,1.3357983023402435,1.2429472470865992,507.9055345919528
1.5,2.0,0.0,1.5,0.75,301,-0.8033499320905324,0.9555196618648479,-0.24603281643566743,1024.117605598917,150,5.940503046734399,1.2673048256882902,1.1918040819397342,447.1541070605358
1.5,2.0,0.0,1.5,1.0,301,-1.150380394328201,0.9363050809121107,-0.34708827997870273,1063.9831240324975,150,5.622308016210154,1.2529870033590986,1.0844760393403738,475.39276391671365
1.5,2.0,0.0,1.5,1.5,299,-1.6163213064505715,0.9108213122127111,-0.4769220172445003,1082.0472358687155,150,6.26201256481477,1.2814592640317692,1.1592499749125922,474.26910099503357
1.5,2.0,1.0,0.0,1.0,302,-0.8424144662941309,0.9474012212079715,-0.2719145365589435,1067.6686377989763,151,7.124556244020668,1.3932529761091352,1.2966975638884446,565.9500721830204
1.5,2.0,1.0,1.0,0.75,303,-0.7471068854338592,0.9534403557928564,-0.25971779996200084,1065.6470207643638,152,8.150784477844919,1.4528769834179944,1.7002317208279778,441.84907292724915
1.5,2.0,1.0,1.0,1.0,303,-0.9607613225228913,0.940125427543512,-0.32263979804050513,1106.6777253340856,152,7.023369623721288,1.3902351310191259,1.4254089870993132,495.0678912933183
1.5,2.0,1.0,1.0,1.5,302,-0.7971516007801475,0.9502273496114124,-0.2573401745095823,1060.0166709800042,151,7.266376245323197,1.4010809917319786,1.3225843199531302,565.9500721830204
1.5,2.0,1.0,1.5,0.75,303,-0.6344960954025837,0.9604582516521574,-0.2143037885047784,989.5246512656853,151,6.14267664936141,1.339056327285618,1.2855758917674351,535.1968256238629
1.5,2.0,1.0,1.5,1.0,303,-0.9104875996020959,0.9432584821275312,-0.3019360219373236,1054.3842920962206,151,6.173415024987291,1.3407529884223424,1.248631803064964,548.8835139840717
1.5,2.0,1.0,1.5,1.5,302,-0.7971516007801475,0.9502273496114124,-0.2573401745095823,1060.0166709800042,151,7.266376245323197,1.4010809917319786,1.3225843199531302,565.9500721830204
1.5,2.0,1.5,0.0,1.0,299,-1.2603043207266467,0.9303593368472132,-0.37164686528324664,1079.0118572742329,150,6.2536081737150395,1.2813936176190812,1.1579318616674485,462.7739913188029
1.5,2.0,1.5,1.0,0.75,303,-0.7471068854338592,0.9534403557928564,-0.25971779996200084,1065.6470207643638,152,8.150784477844919,1.4528769834179944,1.7002317208279778,441.84907292724915
1.5,2.0,1.5,1.0,1.0,303,-1.2712830893184945,0.920845139839474,-0.42699405962294745,1138.3979555880478,152,6.470755715120759,1.3593753777382251,1.3260068673397294,497.2647059524061
1.5,2.0,1.5,1.0,1.5,300,-1.5434896261268771,0.9103436014162472,-0.4784703808428255,987.6254651786762,151,6.917849040439776,1.34875464436678,1.287757026799656,501.84871607048035
1.5,2.0,1.5,1.5,0.75,301,-0.8033499320905324,0.9555196618648479,-0.24603281643566743,1024.117605598917,150,5.940503046734399,1.2673048256882902,1.1918040819397342,447.1541070605358
1.5,2.0,1.5,1.5,1.0,301,-1.150380394328201,0.9363050809121107,-0.34708827997870273,1063.9831240324975,150,5.622308016210154,1.2529870033590986,1.0844760393403738,475.39276391671365
1.5,2.0,1.5,1.5,1.5,299,-1.3845791398039657,0.9234922804772508,-0.4079308999494876,1071.6214668357647,150,6.575563472398572,1.2958806407410255,1.2155720955252933,462.7739913188029
1.5,3.0,0.0,0.0,1.0,293,-3.079115001649116,0.8546204657181516,-0.7659193176951216,1531.2246185215681,145,9.98596343233272,1.386425809340275,1.429764641938882,479.8638492996047
1.5,3.0,0.0,1.0,0.75,303,-0.13712739413035188,0.9914542312402137,-0.045327053839487125,986.0536516283437,152,9.409211721351376,1.5227981959637729,1.8803088067001568,414.71713458101726
1.5,3.0,0.0,1.0,1.0,302,-0.6424731032037793,0.9598499688988109,-0.19833828766773012,1128.1955305168385,152,7.372905269948077,1.4094793147922589,1.472430506099357,460.13468010888755
1.5,3.0,0.0,1.0,1.5,298,-0.8513190992531344,0.9498729176933289,-0.23567752195792085,1096.9157006759456,151,9.111720784890677,1.4588418401191752,1.4921922728428907,462.2419776080401
1.5,3.0,0.0,1.5,0.75,300,-0.22958699355739212,0.9872509481118174,-0.06813446998930604,1003.2443264851536,150,7.38508181481222,1.3323065389701845,1.4124807574314064,419.50748357125985
1.5,3.0,0.0,1.5,1.0,300,-0.9241671967598385,0.9486806488369219,-0.2652021722113619,1123.0723189548864,150,6.248818737705273,1.281178107358811,1.1794712857920553,455.07492557980504
1.5,3.0,0.0,1.5,1.5,297,-1.088236572281713,0.9391062853232337,-0.29404696228471544,1180.9117023330346,150,8.159786842929027,1.3667587018862604,1.3586328374698795,428.60554401112086
1.5,3.0,1.0,0.0,1.0,299,-0.14879581085550908,0.990584670295119,-0.04208092689406249,1083.5087312306832,150,12.395982220863129,1.67968776945726,1.8034932329544866,545.4368120177037
1.5,3.0,1.0,1.0,0.75,303,-0.13712739413035188,0.9914542312402137,-0.045327053839487125,986.0536516283437,152,9.409211721351376,1.5227981959637729,1.8803088067001568,414.71713458101726
1.5,3.0,1.0,1.0,1.0,302,-0.3309231186373293,0.9793008560046053,-0.10212116059630133,1104.7778926699036,152,7.925519178548608,1.4403607072863696,1.5670090279148405,457.9378654497998
1.5,3.0,1.0,1.0,1.5,300,0.00025515105937320943,1.0000161991516272,7.35641243081289e-05,1071.4959328959199,151,9.496206535190703,1.5241605727858334,1.5037175205390136,545.4368120177037
1.5,3.0,1.0,1.5,0.75,302,0.12232125153498627,1.0076511584009167,0.03918487407750224,943.6437566622119,151,7.536491830528952,1.4159905179027872,1.5036268647325062,514.6835654585461
1.5,3.0,1.0,1.5,1.0,302,-0.32817181704864995,0.9794729491118905,-0.10045761938476022,1055.7409908722047,151,6.9714942743618,1.384804439381252,1.3752275441669684,528.3702538187549
1.5,3.0,1.0,1.5,1.5,300,0.00025515105937320943,1.0000161991516272,7.35641243081289e-05,1071.4959328959199,151,9.496206535190703,1.5241605727858334,1.5037175205390136,545.4368120177037
1.5,3.0,1.5,0.0,1.0,296,-0.9021553959680509,0.9496825024177379,-0.23970872117702227,1202.4528091883205,149,10.805834947830727,1.4829886390192601,1.6401824565873833,417.1104343348902
1.5,3.0,1.5,1.0,0.75,303,-0.13712739413035188,0.9914542312402137,-0.045327053839487125,986.0536516283437,152,9.409211721351376,1.5227981959637729,1.8803088067001568,414.71713458101726
1.5,3.0,1.5,1.0,1.0,302,-0.6424731032037793,0.9598499688988109,-0.19833828766773012,1128.1955305168385,152,7.372905269948077,1.4094793147922589,1.472430506099357,460.13468010888755
1.5,3.0,1.5,1.0,1.5,298,-0.6337278758787559,0.9626271789856544,-0.175211106523944,1086.489931642995,151,9.361258212401038,1.47193603959938,1.5312739890112776,456.18515908656764
1.5,3.0,1.5,1.5,0.75,300,-0.22958699355739212,0.9872509481118174,-0.06813446998930604,1003.2443264851536,150,7.38508181481222,1.3323065389701845,1.4124807574314064,419.50748357125985
1.5,3.0,1.5,1.5,1.0,300,-0.9241671967598385,0.9486806488369219,-0.2652021722113619,1123.0723189548864,150,6.248818737705273,1.281178107358811,1.1794712857920553,455.07492557980504
1.5,3.0,1.5,1.5,1.5,297,-0.8549338523243559,0.9520874250414665,-0.23067561001125952,1170.485933300084,150,8.473337750512826,1.38127479315812,1.408777192589568,417.1104343348902
1.5,4.0,0.0,0.0,1.0,291,-1.5812496439903034,0.9256597304484988,-0.34819416402617515,1550.7757126105594,145,10.638928272893736,1.4030318455941801,1.3506619891699712,470.04601096270335
1.5,4.0,0.0,1.0,0.75,303,0.20553327165263044,1.0128088178377843,0.06636387449132349,984.3776513647759,152,9.976074614976003,1.5542944473950453,1.9399268187161918,414.71713458101726
1.5,4.0,0.0,1.0,1.0,302,-0.3359908596893414,0.9790029444050306,-0.09842038072286612,1153.2434976373997,152,7.820588337604707,1.434342913207843,1.526747764580123,462.8209550919455
1.5,4.0,0.0,1.0,1.5,297,-0.07229221320355397,0.9957103340219945,-0.01846489008271582,1085.419129101982,151,9.871669880421276,1.4971108399735586,1.4349866311372756,515.969781094574
1.5,4.0,0.0,1.5,0.75,300,0.009098976162774382,1.000505269560052,0.002658768304007289,1009.1246405961466,150,7.558702758410606,1.3401189608643056,1.4219725515476356,433.6822091911939
1.5,4.0,0.0,1.5,1.0,300,-0.7405336273978897,0.9588778898388272,-0.2036780700371404,1148.1202860754477,150,6.319609354846423,1.2843634728786022,1.1749771383920506,474.3779662410683
1.5,4.0,0.0,1.5,1.5,296,-0.30737823551246674,0.9826761504772662,-0.07682453367977335,1169.4151307590707,150,8.924802265763162,1.4011439215988017,1.3288017815735138,482.3333474976548
1.5,4.0,1.0,0.0,1.0,298,1.2991913567039763,1.0829122418615544,0.32530064541452236,1116.6978840747402,150,14.170563359381898,1.7769903530097528,1.8087417106910852,524.9235518523906
1.5,4.0,1.0,1.0,0.75,303,0.20553327165263044,1.0128088178377843,0.06636387449132349,984.3776513647759,152,9.976074614976003,1.5542944473950453,1.9399268187161918,414.71713458101726
1.5,4.0,1.0,1.0,1.0,302,-0.024440875122891444,0.9984712304307253,-0.007157227842425075,1129.8258597904648,152,8.373202246205237,1.4652350439540538,1.6176863338128373,460.62414043285776
1.5,4.0,1.0,1.0,1.5,299,0.6403270201929628,1.0410017400747447,0.17156878550236845,1059.9993613219563,151,10.823131851127583,1.5974026543547262,1.4995261619850728,574.9964827616218
1.5,4.0,1.0,1.5,0.75,302,0.3948678684168705,1.0246988693360914,0.12399034276981512,949.5240707732048,151,7.910923653853686,1.436657970559365,1.5419166607412462,528.8582910784803
1.5,4.0,1.0,1.5,1.0,302,-0.021689573534212095,0.9986433235380106,-0.006305487246198553,1080.788957992766,151,7.312097324730027,1.4036046507406006,1.4116653855004186,547.6732944800183
1.5,4.0,1.0,1.5,1.5,299,0.6403270201929628,1.0410017400747447,0.17156878550236845,1059.9993613219563,151,10.823131851127583,1.5974026543547262,1.4995261619850728,574.9964827616218
1.5,4.0,1.5,0.0,1.0,294,0.49359671391592697,1.0279182786533851,0.11610621435364285,1235.6419620323777,149,11.75893093558734,1.5255891910546862,1.5956146747617925,407.2925959979889
1.5,4.0,1.5,1.0,0.75,303,0.20553327165263044,1.0128088178377843,0.06636387449132349,984.3776513647759,152,9.976074614976003,1.5542944473950453,1.9399268187161918,414.71713458101726
1.5,4.0,1.5,1.0,1.0,302,-0.3359908596893414,0.9790029444050306,-0.09842038072286612,1153.2434976373997,152,7.820588337604707,1.434342913207843,1.526747764580123,462.8209550919455
1.5,4.0,1.5,1.0,1.5,297,0.14603164055255652,1.0086787952764744,0.03724966375252461,1074.9933600690315,151,10.121207307931638,1.5102479158775852,1.470151752599978,509.9129625731016
1.5,4.0,1.5,1.5,0.75,300,0.009098976162774382,1.000505269560052,0.002658768304007289,1009.1246405961466,150,7.558702758410606,1.3401189608643056,1.4219725515476356,433.6822091911939
1.5,4.0,1.5,1.5,1.0,300,-0.7405336273978897,0.9588778898388272,-0.2036780700371404,1148.1202860754477,150,6.319609354846423,1.2843634728786022,1.1749771383920506,474.3779662410683
1.5,4.0,1.5,1.5,1.5,296,-0.07328733069038867,0.9958630989156496,-0.01829063396613348,1158.9893617261203,150,9.238353173346962,1.4156981934393382,1.373942341425203,470.8382378214242
2.0,0.0,0.0,0.0,1.0,281,-3.9187504289894424,0.84739875707947,-0.7295741515813341,1619.6065250913853,141,11.43314042661282,1.3942484199257683,1.4063565686211597,458.98899997937076
2.0,0.0,0.0,1.0,0.75,298,-2.1668461853107615,0.8918464154913484,-0.5538521627880713,1294.214510351547,150,11.46558274178826,1.5367349317069723,1.7613237560223443,459.3749716758173
2.0,0.0,0.0,1.0,1.0,296,-1.549783589749991,0.920968114641285,-0.3676493578943866,1446.8856082805587,149,11.77684279514954,1.5472920489412667,1.5503508031035267,554.3535502617717
2.0,0.0,0.0,1.0,1.5,293,-1.503915495966781,0.9283849791274168,-0.32077551763998036,1404.8086506256318,144,15.047633593833654,1.6331058497303517,1.7861426101354176,451.04571691998393
2.0,0.0,0.0,1.5,0.75,289,-2.845453255351862,0.8774184394886103,-0.6288796329025649,1596.416791509306,144,9.186430956495794,1.3475995808809675,1.288253420161749,494.96387409245375
2.0,0.0,0.0,1.5,1.0,287,-2.6136084250353098,0.8851623439525251,-0.5623287717917899,1731.8135645021862,144,7.692663530515928,1.2910778551244493,1.0944876215118076,499.06132651595266
2.0,0.0,0.0,1.5,1.5,286,-2.2909456568518416,0.8997353237394902,-0.4600997296430275,1526.8184478410408,143,10.233646090745154,1.3845354364442872,1.3761096227129972,448.839954759231
2.0,0.0,1.0,0.0,1.0,292,-1.8378550316345685,0.9067882086284028,-0.4057167520306364,1254.163193901639,147,17.725779655886008,1.8131958436278763,2.019877377934741,431.0774728522349
2.0,0.0,1.0,1.0,0.75,298,-2.1668461853107615,0.8918464154913484,-0.5538521627880713,1294.214510351547,150,11.46558274178826,1.5367349317069723,1.7613237560223443,459.3749716758173
2.0,0.0,1.0,1.0,1.0,296,-2.104681569585936,0.8924736890075526,-0.5138862013666201,1462.2873568526968,149,12.73596289503007,1.5922301627787006,1.6725757826358283,514.4402338103075
2.0,0.0,1.0,1.0,1.5,294,-1.2272752838812304,0.9374509762378522,-0.2736463077485607,1256.7927416342038,148,15.752960444419651,1.727606159601051,1.870017889811623,404.89566134312963
2.0,0.0,1.0,1.5,0.75,297,-2.467713779147585,0.8767218166957209,-0.6235374289595396,1365.7706050728066,149,13.615245365700815,1.6331173422582357,1.7343637168866473,509.84073301755166
2.0,0.0,1.0,1.5,1.0,295,-1.9610805540251044,0.8997120701677435,-0.47720692092503286,1481.0970840374007,149,12.496960253367593,1.5811163919124598,1.6438872282227404,516.6784864059894
2.0,0.0,1.0,1.5,1.5,294,-1.2272752838812304,0.9374509762378522,-0.2736463077485607,1256.7927416342038,148,15.752960444419651,1.727606159601051,1.870017889811623,404.89566134312963
2.0,0.0,1.5,0.0,1.0,283,-2.365900113110486,0.8973186940082212,-0.4571352069560175,1474.9858680222976,142,10.676135596279552,1.3983569166293113,1.3805394828587836,448.839954759231
2.0,0.0,1.5,1.0,0.75,298,-2.1668461853107615,0.8918464154913484,-0.5538521627880713,1294.214510351547,150,11.46558274178826,1.5367349317069723,1.7613237560223443,459.3749716758173
2.0,0.0,1.5,1.0,1.0,296,-1.549783589749991,0.920968114641285,-0.3676493578943866,1446.8856082805587,149,11.77684279514954,1.5472920489412667,1.5503508031035267,554.3535502617717
2.0,0.0,1.5,1.0,1.5,293,-1.2875452654455237,0.9386591133059741,-0.27458767713132476,1375.7658056833811,144,15.063437497764275,1.6337707744817858,1.787990441278563,451.04571691998393
2.0,0.0,1.5,1.5,0.75,289,-2.845453255351862,0.8774184394886103,-0.6288796329025649,1596.416791509306,144,9.186430956495794,1.3475995808809675,1.288253420161749,494.96387409245375
2.0,0.0,1.5,1.5,1.0,287,-2.6136084250353098,0.8851623439525251,-0.5623287717917899,1731.8135645021862,144,7.692663530515928,1.2910778551244493,1.0944876215118076,499.06132651595266
2.0,0.0,1.5,1.5,1.5,286,-2.0487978792722976,0.9102928518445722,-0.4113948024328426,1491.9178160537685,143,9.267518845796003,1.348232621347602,1.2602949594295167,448.8399547592309
2.0,1.5,0.0,0.0,1.0,291,-4.390020041098233,0.8113613499438587,-1.1029749741453354,1643.7981397108022,144,5.469667785720404,1.2069633178410977,0.874163986205993,501.9219584900903
2.0,1.5,0.0,1.0,0.75,299,-2.56767375970564,0.8714098801670757,-0.7175314596792538,1292.5603222372085,150,7.488863628167528,1.3505739567320416,1.319097528559411,478.7348941452617
2.0,1.5,0.0,1.0,1.0,299,-2.7173738809193577,0.8641550035060329,-0.7383024244801003,1242.7886565870735,149,6.632280386353408,1.3082145516364805,1.0903980520434544,544.5611725865103
2.0,1.5,0.0,1.0,1.5,297,-3.4375652096436657,0.8401547179925938,-0.9119854088172361,1468.193944392497,145,7.320195979067984,1.3084892985051872,1.1725969368832725,500.1912971582698
2.0,1.5,0.0,1.5,0.75,291,-4.390020041098233,0.8113613499438587,-1.1029749741453354,1643.7981397108022,144,5.469667785720404,1.2069633178410977,0.874163986205993,501.9219584900903
2.0,1.5,0.0,1.5,1.0,291,-4.390020041098233,0.8113613499438587,-1.1029749741453354,1643.7981397108022,144,5.469667785720404,1.2069633178410977,0.874163986205993,501.9219584900903
2.0,1.5,0.0,1.5,1.5,291,-4.390020041098233,0.8113613499438587,-1.1029749741453354,1643.7981397108022,144,5.469667785720404,1.2069633178410977,0.874163986205993,501.9219584900903
2.0,1.5,1.0,0.0,1.0,298,-2.688259940616521,0.865251941997911,-0.7371371290806863,1302.697601643949,149,7.352397844571463,1.341891053561682,1.208396512729547,506.886108730728
2.0,1.5,1.0,1.0,0.75,299,-2.56767375970564,0.8714098801670757,-0.7175314596792538,1292.5603222372085,150,7.488863628167528,1.3505739567320416,1.319097528559411,478.7348941452617
2.0,1.5,1.0,1.0,1.0,299,-2.827988105229948,0.8583732345423458,-0.7780785754019853,1279.9082225007564,149,7.591400486233939,1.3530048244279227,1.2455326443117616,504.64785613504614
2.0,1.5,1.0,1.0,1.5,298,-2.688259940616521,0.865251941997911,-0.7371371290806863,1302.697601643949,149,7.352397844571463,1.341891053561682,1.208396512729547,506.886108730728
2.0,1.5,1.0,1.5,0.75,298,-2.688259940616521,0.865251941997911,-0.7371371290806863,1302.697601643949,149,7.352397844571463,1.341891053561682,1.208396512729547,506.886108730728
2.0,1.5,1.0,1.5,1.0,298,-2.688259940616521,0.865251941997911,-0.7371371290806863,1302.697601643949,149,7.352397844571463,1.341891053561682,1.208396512729547,506.886108730728
2.0,1.5,1.0,1.5,1.5,298,-2.688259940616521,0.865251941997911,-0.7371371290806863,1302.697601643949,149,7.352397844571463,1.341891053561682,1.208396512729547,506.886108730728
2.0,1.5,1.5,0.0,1.0,291,-4.390020041098233,0.8113613499438587,-1.1029749741453354,1643.7981397108022,144,5.469667785720404,1.2069633178410977,0.874163986205993,501.9219584900903
2.0,1.5,1.5,1.0,0.75,299,-2.56767375970564,0.8714098801670757,-0.7175314596792538,1292.5603222372085,150,7.488863628167528,1.3505739567320416,1.319097528559411,478.7348941452617
2.0,1.5,1.5,1.0,1.0,299,-2.7173738809193577,0.8641550035060329,-0.7383024244801003,1242.7886565870735,149,6.632280386353408,1.3082145516364805,1.0903980520434544,544.5611725865103
2.0,1.5,1.5,1.0,1.5,297,-3.4375652096436657,0.8401547179925938,-0.9119854088172361,1468.193944392497,145,7.320195979067984,1.3084892985051872,1.1725969368832725,500.1912971582698
2.0,1.5,1.5,1.5,0.75,291,-4.390020041098233,0.8113613499438587,-1.1029749741453354,1643.7981397108022,144,5.469667785720404,1.2069633178410977,0.874163986205993,501.9219584900903
2.0,1.5,1.5,1.5,1.0,291,-4.390020041098233,0.8113613499438587,-1.1029749741453354,1643.7981397108022,144,5.469667785720404,1.2069633178410977,0.874163986205993,501.9219584900903
2.0,1.5,1.5,1.5,1.5,291,-4.390020041098233,0.8113613499438587,-1.1029749741453354,1643.7981397108022,144,5.469667785720404,1.2069633178410977,0.874163986205993,501.9219584900903
2.0,2.0,0.0,0.0,1.0,289,-4.005087047902195,0.833288887734975,-0.9102124105817204,1699.2079646548423,144,10.141238615355709,1.3802279751645457,1.4147084661479612,457.8918974339699
2.0,2.0,0.0,1.0,0.75,298,-2.678719595575232,0.866297327369604,-0.7234339538120954,1315.8472920547326,150,9.522115270003317,1.4457559641102042,1.5296349049318558,453.9815435829187
2.0,2.0,0.0,1.0,1.0,297,-2.5954255336321865,0.868862950199007,-0.6711742521490883,1375.0809682661397,149,9.389900033214511,1.436366326520739,1.3412977285076635,535.050509600512
2.0,2.0,0.0,1.0,1.5,295,-2.7927338034156297,0.8676895984214593,-0.6846317880660957,1455.6548359356611,145,10.388028109975942,1.4377745505259898,1.4570386755311946,480.6218340672033
2.0,2.0,0.0,1.5,0.75,290,-4.294837350781967,0.8144281232006032,-1.0431147686356397,1767.0303511562538,144,7.009280220209652,1.2652197440290254,1.037526358265879,457.89189743396975
2.0,2.0,0.0,1.5,1.0,289,-4.304920576719864,0.8117474617402288,-1.0343488337923632,1833.1945595954394,144,6.865936400347311,1.259795847420866,1.003414387432747,457.89189743396975
2.0,2.0,0.0,1.5,1.5,289,-4.15138927115671,0.818541775996477,-0.9734935227178105,1765.4656938945657,144,7.876534828303597,1.2980352454700264,1.1342593092769613,457.8918974339698
2.0,2.0,1.0,0.0,1.0,296,-2.3950462787900824,0.878654464455898,-0.614546248723767,1267.3065908146505,149,11.65578408690854,1.5420011791803303,1.6346298165619815,497.37544574472963
2.0,2.0,1.0,1.0,0.75,298,-2.678719595575232,0.866297327369604,-0.7234339538120954,1315.8472920547326,150,9.522115270003317,1.4457559641102042,1.5296349049318558,453.9815435829187
2.0,2.0,1.0,1.0,1.0,297,-2.7080592944242463,0.8629237965764567,-0.7083645150576615,1390.4827168382776,149,10.34902013309504,1.4812358459692616,1.475808155409356,495.1371931490478
2.0,2.0,1.0,1.0,1.5,296,-2.3524206094044944,0.8808141031757531,-0.6035421137168847,1257.094597475059,149,10.830224363058175,1.5036121407017216,1.5352151833172722,497.37544574472963
2.0,2.0,1.0,1.5,0.75,297,-2.915193679463897,0.8543673160877815,-0.7762026275327952,1360.1716466290945,149,10.418217089588847,1.4844535473041258,1.4847734344678862,497.37544574472963
2.0,2.0,1.0,1.5,1.0,296,-2.5669818556890873,0.8699433114219642,-0.6691852935554923,1409.2924440229813,149,10.110017491432563,1.4701220751030208,1.444137488380329,497.37544574472963
2.0,2.0,1.0,1.5,1.5,296,-2.3524206094044944,0.8808141031757531,-0.6035421137168847,1257.094597475059,149,10.830224363058175,1.5036121407017216,1.5352151833172722,497.37544574472963
2.0,2.0,1.5,0.0,1.0,289,-3.9901208114034876,0.8255135356568684,-0.9357046543078286,1745.4345528775584,144,8.077296213420064,1.3056317292028325,1.156577843797876,457.8918974339699
2.0,2.0,1.5,1.0,0.75,298,-2.678719595575232,0.866297327369604,-0.7234339538120954,1315.8472920547326,150,9.522115270003317,1.4457559641102042,1.5296349049318558,453.9815435829187
2.0,2.0,1.5,1.0,1.0,297,-2.5954255336321865,0.868862950199007,-0.6711742521490883,1375.0809682661397,149,9.389900033214511,1.436366326520739,1.3412977285076635,535.050509600512
2.0,2.0,1.5,1.0,1.5,295,-2.5778304897114657,0.877813504766977,-0.6317943182755108,1418.8338022446067,145,10.403723021465662,1.438435968915526,1.4592003305017311,480.6218340672033
2.0,2.0,1.5,1.5,0.75,290,-4.294837350781967,0.8144281232006032,-1.0431147686356397,1767.0303511562538,144,7.009280220209652,1.2652197440290254,1.037526358265879,457.89189743396975
2.0,2.0,1.5,1.5,1.0,289,-4.304920576719864,0.8117474617402288,-1.0343488337923632,1833.1945595954394,144,6.865936400347311,1.259795847420866,1.003414387432747,457.89189743396975
2.0,2.0,1.5,1.5,1.5,289,-3.911755138327127,0.828940436712567,-0.9169907164121897,1722.78687335849,144,7.223071221380451,1.273309247205506,1.047020500604145,457.89189743396975
2.0,3.0,0.0,0.0,1.0,284,-2.887600988826476,0.8847381114025131,-0.5695259274563148,1561.0969986365676,142,7.908799502485518,1.2733259692062107,1.0718651900624914,458.9889999793707
2.0,3.0,0.0,1.0,0.75,298,-2.3282314804137454,0.8837912068333923,-0.6002958316582037,1339.8273012155244,150,9.675353832182566,1.452929475571282,1.6063351023391486,444.29114328480114
2.0,3.0,0.0,1.0,1.0,296,-1.5024494953533214,0.9233819372850773,-0.35516247777926757,1433.4183761067954,149,10.502788464015802,1.4880843463780753,1.3483652190137756,554.3535502617717
2.0,3.0,0.0,1.0,1.5,293,-1.5083303457494608,0.9281747481934421,-0.3312130506054777,1417.8916060492916,144,10.411513747705284,1.4380482962398384,1.3435018206405593,461.8923181569975
2.0,3.0,0.0,1.5,0.75,289,-3.4474075143418283,0.8514863696910544,-0.7865939864993415,1693.7450506729642,144,6.8842335095452105,1.260488180223305,1.0497731441611924,494.96387409245364
2.0,3.0,0.0,1.5,1.0,287,-2.865208345129391,0.8741074572263523,-0.6254613210060862,1718.3463323284234,144,5.312685522635346,1.2010233647611124,0.8268642047418625,499.0613265159524
2.0,3.0,0.0,1.5,1.5,286,-2.5264156250982692,0.88942983261416,-0.5272571980126777,1605.9522631968534,143,5.407338635251566,1.2031840170815513,0.8395187193347768,458.79638915211837
2.0,3.0,1.0,0.0,1.0,294,-0.6751287810487401,0.9655915451708762,-0.15102294164812782,1236.605892927485,148,14.974078984049449,1.691630766266957,1.7795397672863478,470.0244321909752
2.0,3.0,1.0,1.0,0.75,298,-2.3282314804137454,0.8837912068333923,-0.6002958316582037,1339.8273012155244,150,9.675353832182566,1.452929475571282,1.6063351023391486,444.29114328480114
2.0,3.0,1.0,1.0,1.0,296,-1.8500574122363393,0.9054822109260245,-0.44540147319416656,1448.8201246789333,149,11.461908563896333,1.5329858472813083,1.4688560209314772,514.4402338103075
2.0,3.0,1.0,1.0,1.5,294,-1.1419585771522196,0.9417992074672995,-0.26129124206546067,1194.1184809371384,148,11.24214113467313,1.5192580255345054,1.4420759557938247,470.0244321909752
2.0,3.0,1.0,1.5,0.75,297,-2.6296424590825653,0.8686324371023793,-0.6701648804169404,1403.7884016547541,149,12.011104488672295,1.5585237979339746,1.5351322685488267,509.84073301755166
2.0,3.0,1.0,1.5,1.0,295,-1.7055932639387297,0.9127774648393832,-0.4092384902855288,1467.629851863637,149,11.222905922233856,1.5218720764150675,1.4411359638679562,516.6784864059894
2.0,3.0,1.0,1.5,1.5,294,-1.1419585771522196,0.9417992074672995,-0.26129124206546067,1194.1184809371384,148,11.24214113467313,1.5192580255345054,1.4420759557938247,470.0244321909752
2.0,3.0,1.5,0.0,1.0,285,-2.1035531997724433,0.9082174200316696,-0.4309760092836227,1457.4285670481443,143,7.62332714369836,1.2864511244932233,1.0732981519226525,483.8804906621276
2.0,3.0,1.5,1.0,0.75,298,-2.3282314804137454,0.8837912068333923,-0.6002958316582037,1339.8273012155244,150,9.675353832182566,1.452929475571282,1.6063351023391486,444.29114328480114
2.0,3.0,1.5,1.0,1.0,296,-1.5024494953533214,0.9233819372850773,-0.35516247777926757,1433.4183761067954,149,10.502788464015802,1.4880843463780753,1.3483652190137756,554.3535502617717
2.0,3.0,1.5,1.0,1.5,293,-1.2919601152282034,0.9384487822150537,-0.2836594179893447,1388.848761107041,144,10.427317651635905,1.4387132209912725,1.3455096450953352,461.8923181569975
2.0,3.0,1.5,1.5,0.75,289,-3.4474075143418283,0.8514863696910544,-0.7865939864993415,1693.7450506729642,144,6.8842335095452105,1.260488180223305,1.0497731441611924,494.96387409245364
2.0,3.0,1.5,1.5,1.0,287,-2.865208345129391,0.8741074572263523,-0.6254613210060862,1718.3463323284234,144,5.312685522635346,1.2010233647611124,0.8268642047418625,499.0613265159524
2.0,3.0,1.5,1.5,1.5,286,-2.2842678475187252,0.8999827380254684,-0.4766249420726432,1571.0516314095812,143,4.3447859004156415,1.1632579559287517,0.6871063992022797,458.7963891521182
2.0,4.0,0.0,0.0,1.0,282,-3.581185414688472,0.8597286581682227,-0.6776722403275801,1544.3129876791472,142,7.691739349014065,1.2612015596976505,1.0541205034225876,458.9889999793707
2.0,4.0,0.0,1.0,0.75,298,-2.059745927813118,0.8971921003067699,-0.5229085085057068,1283.216321935239,150,11.097769734747777,1.519516610260886,1.7343796420093422,459.3749716758173
2.0,4.0,0.0,1.0,1.0,296,-1.3303469030040975,0.9321583835182419,-0.3122395668468603,1425.8248486682505,149,11.492715333005409,1.5340881110419353,1.5339901326516736,554.3535502617717
2.0,4.0,0.0,1.0,1.5,293,-1.1702141116194926,0.9442755206301348,-0.24845072852711264,1363.0297832880156,144,12.689181185543475,1.533877621804133,1.5785354249613954,451.045716919984
2.0,4.0,0.0,1.5,0.75,289,-2.8229848336322854,0.8783863746291485,-0.626036306688964,1581.7715698776124,144,8.698631720897488,1.3291420525273543,1.2432695120219799,494.96387409245375
2.0,4.0,0.0,1.5,1.0,287,-2.4386629591714337,0.8928491600201116,-0.5228154688873983,1710.752804889878,144,7.39867053149179,1.2799536390141146,1.0716335838787594,499.0613265159526
2.0,4.0,0.0,1.5,1.5,286,-1.8907491394304567,0.917250175800616,-0.3779873334624984,1468.3578821346637,143,7.858701008271128,1.2952954396999923,1.124858783277611,448.83995475923086
2.0,4.0,1.0,0.0,1.0,293,-1.5853918681100643,0.919474122892893,-0.3489876484883644,1231.4557934218046,148,15.388767848885074,1.7107846372765965,1.8703277013322197,442.6734186372207
2.0,4.0,1.0,1.0,0.75,298,-2.059745927813118,0.8971921003067699,-0.5229085085057068,1283.216321935239,150,11.097769734747777,1.519516610260886,1.7343796420093422,459.3749716758173
2.0,4.0,1.0,1.0,1.0,296,-1.9125484565159385,0.9022895990085966,-0.4621201405542155,1441.2265972403886,149,12.451835432885938,1.5790180598115051,1.657963906808327,514.4402338103075
2.0,4.0,1.0,1.0,1.5,294,-0.9448564002556497,0.9518446707045985,-0.20995214575415838,1222.9009060606634,148,13.458249993110288,1.6216168463691334,1.6693782627673779,442.6734186372207
2.0,4.0,1.0,1.5,0.75,297,-2.3602529147223397,0.8820901783973878,-0.5924020544595718,1351.1253834411127,149,13.143815231968224,1.6111955490541907,1.696807402928414,509.84073301755166
2.0,4.0,1.0,1.5,1.0,295,-1.7682961422667347,0.9095708949465081,-0.42582493804986227,1460.0363244250923,149,12.212832791223462,1.5679042889452643,1.6288976580288128,516.6784864059894
2.0,4.0,1.0,1.5,1.5,294,-0.9448564002556497,0.9518446707045985,-0.20995214575415838,1222.9009060606634,148,13.458249993110288,1.6216168463691334,1.6693782627673779,442.6734186372207
2.0,4.0,1.5,0.0,1.0,284,-2.391710362512085,0.896010658858252,-0.47171488930059274,1452.2784675424637,143,8.306708299940171,1.312129584432433,1.1751633166983568,456.5294771083731
2.0,4.0,1.5,1.0,0.75,298,-2.059745927813118,0.8971921003067699,-0.5229085085057068,1283.216321935239,150,11.097769734747777,1.519516610260886,1.7343796420093422,459.3749716758173
2.0,4.0,1.5,1.0,1.0,296,-1.3303469030040975,0.9321583835182419,-0.3122395668468603,1425.8248486682505,149,11.492715333005409,1.5340881110419353,1.5339901326516736,554.3535502617717
2.0,4.0,1.5,1.0,1.5,293,-0.9538438810982351,0.9545572252840439,-0.20248793952665667,1333.9869383457644,144,12.704985089474096,1.5345425465555673,1.5804705386514892,451.045716919984
2.0,4.0,1.5,1.5,0.75,289,-2.8229848336322854,0.8783863746291485,-0.626036306688964,1581.7715698776124,144,8.698631720897488,1.3291420525273543,1.2432695120219799,494.96387409245375
2.0,4.0,1.5,1.5,1.0,287,-2.4386629591714337,0.8928491600201116,-0.5228154688873983,1710.752804889878,144,7.39867053149179,1.2799536390141146,1.0716335838787594,499.0613265159526
2.0,4.0,1.5,1.5,1.5,286,-1.6486013618509128,0.9278155604742578,-0.3295253861240465,1443.7235801813217,143,6.892573763321978,1.2589926246033072,0.9994398039832354,448.8399547592309
2.5,0.0,0.0,0.0,1.0,278,-7.012311021467751,0.7631129289643427,-1.2281222241371137,2237.2030865796078,136,11.300922848529448,1.3499578607065355,1.271568426824892,593.2631954828471
2.5,0.0,0.0,1.0,0.75,293,-6.130993593118849,0.7577565556818828,-1.3316671299487344,2254.288610629184,144,9.444607575788647,1.3415897590937096,1.1184180474899599,595.1404346660645
2.5,0.0,0.0,1.0,1.0,291,-5.676768744309106,0.7703507290951587,-1.1700046695639983,2339.817539668057,144,8.708195451291935,1.314784696746153,1.064019371363152,593.1697251688466
2.5,0.0,0.0,1.0,1.5,287,-5.668921477620237,0.7854560359661603,-1.0872905393986934,2061.127459456492,141,9.23161826116608,1.3133230785290593,1.1425650382995653,559.5724434490332
2.5,0.0,0.0,1.5,0.75,286,-5.8042959743148215,0.786323969114259,-1.1430746926497353,2088.176715980238,139,10.63015623966492,1.3602964013016132,1.321360251273181,559.5724434490332
2.5,0.0,0.0,1.5,1.0,286,-5.628937010988972,0.792865385328793,-1.071789803262868,2038.3640865076513,138,11.514901909363301,1.3874759979720708,1.3877214418419592,559.5724434490332
2.5,0.0,0.0,1.5,1.5,283,-5.773380541279091,0.7898647216651592,-1.0728689080753975,1796.546656655055,138,11.95882218550727,1.4024138978667327,1.429160001665505,559.5724434490332
2.5,0.0,1.0,0.0,1.0,289,-5.708752911820334,0.7732579745285822,-1.1130445562503577,2043.3538250326696,142,12.696235646364284,1.4528159865499064,1.335278718969938,604.7924740562466
2.5,0.0,1.0,1.0,0.75,293,-6.130993593118849,0.7577565556818828,-1.3316671299487344,2254.288610629184,144,9.444607575788647,1.3415897590937096,1.1184180474899599,595.1404346660645
2.5,0.0,1.0,1.0,1.0,292,-5.875903180979483,0.7645594589578415,-1.2161753530002186,2239.4227677953468,144,9.161687611158083,1.331357193919832,1.0996213808960968,559.5724434490331
2.5,0.0,1.0,1.0,1.5,290,-5.584752109774696,0.7777582422919876,-1.1173575552853285,2034.854542203862,143,11.568982648403086,1.4155178062576725,1.256175566456517,650.7934072230801
2.5,0.0,1.0,1.5,0.75,292,-6.477025506384746,0.740473193209953,-1.403307772279059,2312.325929775846,144,9.235074762433264,1.334011438590508,1.094071035069889,673.3541188532407
2.5,0.0,1.0,1.5,1.0,292,-6.081437245796713,0.7563239503164114,-1.2597996444539166,2270.950933414864,143,9.543161589237458,1.3427573269694366,1.134504648252162,559.5724434490332
2.5,0.0,1.0,1.5,1.5,290,-5.584752109774696,0.7777582422919876,-1.1173575552853285,2034.854542203862,143,11.568982648403086,1.4155178062576725,1.256175566456517,650.7934072230801
2.5,0.0,1.5,0.0,1.0,281,-5.4908725675647565,0.8011087949375757,-0.985381011357875,1830.7158140972704,137,13.284568445040899,1.4437858944448698,1.521988044002626,559.5724434490332
2.5,0.0,1.5,1.0,0.75,293,-6.130993593118849,0.7577565556818828,-1.3316671299487344,2254.288610629184,144,9.444607575788647,1.3415897590937096,1.1184180474899599,595.1404346660645
2.5,0.0,1.5,1.0,1.0,291,-5.676768744309106,0.7703507290951587,-1.1700046695639983,2339.817539668057,144,8.708195451291935,1.314784696746153,1.064019371363152,593.1697251688466
2.5,0.0,1.5,1.0,1.5,287,-5.74035540408091,0.7826613064382985,-1.1025157549064248,2081.628996350705,141,9.466707617166259,1.321302061050601,1.167955739005445,559.5724434490332
2.5,0.0,1.5,1.5,0.75,286,-5.8042959743148215,0.786323969114259,-1.1430746926497353,2088.176715980238,139,10.63015623966492,1.3602964013016132,1.321360251273181,559.5724434490332
2.5,0.0,1.5,1.5,1.0,286,-5.628937010988972,0.792865385328793,-1.071789803262868,2038.3640865076513,138,11.514901909363301,1.3874759979720708,1.3877214418419592,559.5724434490332
2.5,0.0,1.5,1.5,1.5,283,-5.8397415851350205,0.7873622717073717,-1.0866329604435991,1817.048193549268,138,12.199022179681366,1.4104966182570655,1.4534271707952495,559.5724434490332
2.5,1.5,0.0,0.0,1.0,288,-6.971555429386548,0.7446755061660916,-1.5079549541241566,2246.839269815667,139,9.024328950933711,1.3058688105684764,1.1779646617690611,559.5724434490332
2.5,1.5,0.0,1.0,0.75,294,-7.393222806109356,0.7104647073755215,-1.7552681869255886,2370.241030979954,144,6.7862417250783,1.2454427732882918,0.8857631203459154,610.3292742699349
2.5,1.5,0.0,1.0,1.0,292,-7.155953728956531,0.7131701654631973,-1.6765416599577312,2457.1862076143743,144,6.14023897344219,1.221957956044401,0.8166354326484458,719.1164100027354
2.5,1.5,0.0,1.0,1.5,292,-7.398662621421564,0.7190272996769964,-1.6689317598748776,2487.708075383018,142,6.928352999546262,1.2368174966957293,0.931125595548104,559.5724434490332
2.5,1.5,0.0,1.5,0.75,288,-6.971555429386548,0.7446755061660916,-1.5079549541241566,2246.839269815667,139,9.024328950933711,1.3058688105684764,1.1779646617690611,559.5724434490332
2.5,1.5,0.0,1.5,1.0,288,-6.971555429386548,0.7446755061660916,-1.5079549541241566,2246.839269815667,139,9.024328950933711,1.3058688105684764,1.1779646617690611,559.5724434490332
2.5,1.5,0.0,1.5,1.5,288,-6.971555429386548,0.7446755061660916,-1.5079549541241566,2246.839269815667,139,9.024328950933711,1.3058688105684764,1.1779646617690611,559.5724434490332
2.5,1.5,1.0,0.0,1.0,293,-7.554192696361767,0.7000470873226518,-1.779931602201883,2373.1389800839397,144,6.873763487822597,1.2486082343846234,0.8964523811834403,665.7279474408359
2.5,1.5,1.0,1.0,0.75,294,-7.393222806109356,0.7104647073755215,-1.7552681869255886,2370.241030979954,144,6.7862417250783,1.2454427732882918,0.8857631203459154,610.3292742699349
2.5,1.5,1.0,1.0,1.0,293,-7.349360112994426,0.7081803362960133,-1.7296390788629712,2341.6108144644236,144,6.593731133308339,1.2384801074349991,0.862357586485593,682.4696408758437
2.5,1.5,1.0,1.0,1.5,293,-7.554192696361767,0.7000470873226518,-1.779931602201883,2373.1389800839397,144,6.873763487822597,1.2486082343846234,0.8964523811834403,665.7279474408359
2.5,1.5,1.0,1.5,0.75,293,-7.554192696361767,0.7000470873226518,-1.779931602201883,2373.1389800839397,144,6.873763487822597,1.2486082343846234,0.8964523811834403,665.7279474408359
2.5,1.5,1.0,1.5,1.0,293,-7.554192696361767,0.7000470873226518,-1.779931602201883,2373.1389800839397,144,6.873763487822597,1.2486082343846234,0.8964523811834403,665.7279474408359
2.5,1.5,1.0,1.5,1.5,293,-7.554192696361767,0.7000470873226518,-1.779931602201883,2373.1389800839397,144,6.873763487822597,1.2486082343846234,0.8964523811834403,665.7279474408359
2.5,1.5,1.5,0.0,1.0,288,-6.971555429386548,0.7446755061660916,-1.5079549541241566,2246.839269815667,139,9.024328950933711,1.3058688105684764,1.1779646617690611,559.5724434490332
2.5,1.5,1.5,1.0,0.75,294,-7.393222806109356,0.7104647073755215,-1.7552681869255886,2370.241030979954,144,6.7862417250783,1.2454427732882918,0.8857631203459154,610.3292742699349
2.5,1.5,1.5,1.0,1.0,292,-7.155953728956531,0.7131701654631973,-1.6765416599577312,2457.1862076143743,144,6.14023897344219,1.221957956044401,0.8166354326484458,719.1164100027354
2.5,1.5,1.5,1.0,1.5,292,-7.398662621421564,0.7190272996769964,-1.6689317598748776,2487.708075383018,142,6.928352999546262,1.2368174966957293,0.931125595548104,559.5724434490332
2.5,1.5,1.5,1.5,0.75,288,-6.971555429386548,0.7446755061660916,-1.5079549541241566,2246.839269815667,139,9.024328950933711,1.3058688105684764,1.1779646617690611,559.5724434490332
2.5,1.5,1.5,1.5,1.0,288,-6.971555429386548,0.7446755061660916,-1.5079549541241566,2246.839269815667,139,9.024328950933711,1.3058688105684764,1.1779646617690611,559.5724434490332
2.5,1.5,1.5,1.5,1.5,288,-6.971555429386548,0.7446755061660916,-1.5079549541241566,2246.839269815667,139,9.024328950933711,1.3058688105684764,1.1779646617690611,559.5724434490332
2.5,2.0,0.0,0.0,1.0,284,-6.5249889399256205,0.7705324206012943,-1.2888300650356022,2254.4694303597284,137,7.7458927734627165,1.2393162861832696,0.9549522876385004,768.9881451627041
2.5,2.0,0.0,1.0,0.75,294,-6.887677662052725,0.7302629963028301,-1.564522513740845,2392.1308399375007,144,7.796224741673996,1.281971538783226,0.9669763377391564,668.0758898278187
2.5,2.0,0.0,1.0,1.0,292,-6.614380377202054,0.7348778791736282,-1.4695853632612401,2494.8988914590905,144,6.736175603540385,1.2434999313519894,0.8526917268902423,725.9659861273549
2.5,2.0,0.0,1.0,1.5,291,-6.254298397092267,0.7633972402988145,-1.304428722764182,2453.4304883868112,141,8.527382121883164,1.2894211548436152,1.08565323895201,559.5724434490332
2.5,2.0,0.0,1.5,0.75,287,-6.797312352410813,0.7518197031023096,-1.4089252595608879,2322.612006326973,139,9.42304122342266,1.3193826850303145,1.248313417096818,559.5724434490332
2.5,2.0,0.0,1.5,1.0,287,-6.502799954346808,0.7625728023571425,-1.3295804299098348,2300.1044261333586,138,9.156612878778715,1.3081196645160893,1.2052625459411892,559.5724434490332
2.5,2.0,0.0,1.5,1.5,286,-6.264122321423673,0.7721764943504753,-1.258394734768261,2220.122253729152,138,11.058798554201653,1.3721281379459283,1.3617610311041775,559.5724434490332
2.5,2.0,1.0,0.0,1.0,292,-6.77249466745218,0.732003620177833,-1.4857222941240682,2358.992869602568,143,9.806002851764019,1.3521976751934965,1.1326890496115112,751.9306426986531
2.5,2.0,1.0,1.0,0.75,294,-6.887677662052725,0.7302629963028301,-1.564522513740845,2392.1308399375007,144,7.796224741673996,1.281971538783226,0.9669763377391564,668.0758898278187
2.5,2.0,1.0,1.0,1.0,293,-6.809635134454126,0.7296110947986196,-1.5196050071900313,2379.3234983091397,144,7.1896677634065345,1.2600337663114363,0.89128577332367,689.3192170004631
2.5,2.0,1.0,1.0,1.5,292,-6.720064167751291,0.7340783629132734,-1.4739013372393375,2353.423143411522,143,9.88722123746542,1.3551147584392815,1.141931818321602,741.038692307089
2.5,2.0,1.0,1.5,0.75,293,-7.265061507229765,0.7115275652257078,-1.6474820707885438,2458.943622978459,144,7.619202639769004,1.275569056026928,0.9450053339042084,746.289574014995
2.5,2.0,1.0,1.5,1.0,293,-7.014467717821467,0.7214778458252581,-1.5669311444937393,2410.8516639286563,143,7.536978535243135,1.2707021768424624,0.9254061097937231,670.4264100062809
2.5,2.0,1.0,1.5,1.5,292,-6.720064167751291,0.7340783629132734,-1.4739013372393375,2353.423143411522,143,9.88722123746542,1.3551147584392815,1.141931818321602,741.038692307089
2.5,2.0,1.5,0.0,1.0,286,-6.315164421707129,0.7702270652415101,-1.2700793061228202,2246.8914260941015,138,11.214837467540235,1.3773788412644845,1.377471207399386,559.5724434490332
2.5,2.0,1.5,1.0,0.75,294,-6.887677662052725,0.7302629963028301,-1.564522513740845,2392.1308399375007,144,7.796224741673996,1.281971538783226,0.9669763377391564,668.0758898278187
2.5,2.0,1.5,1.0,1.0,292,-6.614380377202054,0.7348778791736282,-1.4695853632612401,2494.8988914590905,144,6.736175603540385,1.2434999313519894,0.8526917268902423,725.9659861273549
2.5,2.0,1.5,1.0,1.5,291,-6.324750413910868,0.760632914983362,-1.3212345198074054,2473.9320252810244,141,8.762471477883341,1.2974001373651571,1.1124845081680355,559.5724434490332
2.5,2.0,1.5,1.5,0.75,287,-6.797312352410813,0.7518197031023096,-1.4089252595608879,2322.612006326973,139,9.42304122342266,1.3193826850303145,1.248313417096818,559.5724434490332
2.5,2.0,1.5,1.5,1.0,287,-6.502799954346808,0.7625728023571425,-1.3295804299098348,2300.1044261333586,138,9.156612878778715,1.3081196645160893,1.2052625459411892,559.5724434490332
2.5,2.0,1.5,1.5,1.5,286,-6.32978727041398,0.7696950229006403,-1.2735142952912928,2240.623790623365,138,11.298998548375748,1.3802108583362611,1.387611057130636,559.5724434490332
2.5,3.0,0.0,0.0,1.0,281,-5.535956694812621,0.8091191223502469,-0.9907753589969311,1992.0922918115994,137,6.568102819360056,1.1996531736008262,0.8294066265623651,623.6725860872608
2.5,3.0,0.0,1.0,0.75,293,-6.110345365910718,0.7585723937025871,-1.3262806168075592,2271.3951608195125,144,8.397830141039954,1.3037302240213189,1.0227874258290732,641.1430398540768
2.5,3.0,0.0,1.0,1.0,291,-5.734524521821696,0.7680142639697112,-1.2016857675042063,2315.1822886883197,144,7.17916273416429,1.259513073265933,0.9131599373149063,639.1723303568589
2.5,3.0,0.0,1.0,1.5,288,-5.448826493656313,0.7935343439108532,-1.0520826060587052,2095.455163012027,141,7.0984926286354195,1.2409243428831889,0.9257746207573796,559.5724434490331
2.5,3.0,0.0,1.5,0.75,286,-5.839977569965,0.7850104072683539,-1.1573032780566428,2121.5381330985,139,9.545724940356921,1.3235409025308988,1.2280879142400056,559.5724434490331
2.5,3.0,0.0,1.5,1.0,286,-5.5139747174921245,0.797011689746382,-1.06710781120175,2022.1039893503462,138,10.176265657240107,1.3424309405503263,1.2770450859493196,559.5724434490332
2.5,3.0,0.0,1.5,1.5,283,-5.336872845210021,0.8056719318596045,-0.9928319596028469,1801.0311161270329,138,9.779324256617251,1.329073877975811,1.2292731255920484,559.5724434490332
2.5,3.0,1.0,0.0,1.0,290,-5.481425227087905,0.7818700717117053,-1.0957752424766052,2151.3289950492813,143,9.743110308700016,1.34993879277331,1.1013445313741237,559.5724434490332
2.5,3.0,1.0,1.0,0.75,293,-6.110345365910718,0.7585723937025871,-1.3262806168075592,2271.3951608195125,144,8.397830141039954,1.3037302240213189,1.0227874258290732,641.1430398540768
2.5,3.0,1.0,1.0,1.0,292,-5.933461164733468,0.7622531781327591,-1.248674971073722,2214.7875168156097,144,7.6326548940304395,1.2760555931599484,0.952527764552719,602.5255612299667
2.5,3.0,1.0,1.0,1.5,290,-5.416371125708025,0.7844588594595938,-1.0880175876833469,2051.7288167733036,143,9.465690940802926,1.3399748494720465,1.0678839104255664,642.1659903785422
2.5,3.0,1.0,1.5,0.75,292,-6.384585507045585,0.7441771554414616,-1.3798119465590777,2308.4899307311216,144,8.188297327684571,1.2961519035181173,0.9977062645973658,719.3567240412532
2.5,3.0,1.0,1.5,1.0,292,-6.138995229550697,0.7540176694913291,-1.2930813095320062,2246.3156824351263,143,8.251330800475214,1.2963592372051043,1.017066200796129,559.5724434490331
2.5,3.0,1.0,1.5,1.5,290,-5.416371125708025,0.7844588594595938,-1.0880175876833469,2051.7288167733036,143,9.465690940802926,1.3399748494720465,1.0678839104255664,642.1659903785422
2.5,3.0,1.5,0.0,1.0,283,-5.131022722497036,0.8130908346163083,-0.9465780136624138,1890.1339914213627,138,10.220182531383891,1.3439087416441278,1.2835640416244003,559.5724434490332
2.5,3.0,1.5,1.0,0.75,293,-6.110345365910718,0.7585723937025871,-1.3262806168075592,2271.3951608195125,144,8.397830141039954,1.3037302240213189,1.0227874258290732,641.1430398540768
2.5,3.0,1.5,1.0,1.0,291,-5.734524521821696,0.7680142639697112,-1.2016857675042063,2315.1822886883197,144,7.17916273416429,1.259513073265933,0.9131599373149063,639.1723303568589
2.5,3.0,1.5,1.0,1.5,288,-5.520012385650109,0.7907493127221491,-1.0673103339151846,2115.95669990624,141,7.333581984635598,1.2489033254047306,0.952882961653963,559.5724434490331
2.5,3.0,1.5,1.5,0.75,286,-5.839977569965,0.7850104072683539,-1.1573032780566428,2121.5381330985,139,9.545724940356921,1.3235409025308988,1.2280879142400056,559.5724434490331
2.5,3.0,1.5,1.5,1.0,286,-5.5139747174921245,0.797011689746382,-1.06710781120175,2022.1039893503462,138,10.176265657240107,1.3424309405503263,1.2770450859493196,559.5724434490332
2.5,3.0,1.5,1.5,1.5,283,-5.40323388906595,0.8031749241432484,-1.006502697197633,1821.532653021246,138,10.019524250791346,1.3371565983661438,1.2549777004719402,559.5724434490332
2.5,4.0,0.0,0.0,1.0,279,-6.915217293504836,0.765871810983068,-1.2123437748317447,2170.952090889393,137,7.82856021341317,1.2379677867901264,0.9527380412602985,593.2631954828472
2.5,4.0,0.0,1.0,0.75,293,-6.130993593118849,0.7577565556818828,-1.3316671299487344,2254.288610629184,144,9.784885691963508,1.3538968368411222,1.1521209375979455,595.1404346660645
2.5,4.0,0.0,1.0,1.0,291,-5.657334731060405,0.7711369170084488,-1.163858147153878,2339.817539668057,144,9.152202309451745,1.3308346998703149,1.1088026563779756,593.1697251688466
2.5,4.0,0.0,1.0,1.5,287,-5.524072456286785,0.7909379399484231,-1.0447065093961392,2066.4516179746997,141,8.861330751672561,1.300755442050478,1.1000849639763164,559.5724434490331
2.5,4.0,0.0,1.5,0.75,286,-5.767033489097974,0.787695728924115,-1.1330982249180226,2077.5196452082196,139,10.98267457584607,1.3722445876739806,1.3534096653479153,559.5724434490332
2.5,4.0,0.0,1.5,1.0,286,-5.520022385539496,0.7968732448821143,-1.0441098199459464,2012.869801484473,138,11.97821341353006,1.4030664119297422,1.4277968843803177,559.5724434490332
2.5,4.0,0.0,1.5,1.5,283,-5.62648418395506,0.7952113477383853,-1.031457534547697,1801.8708151732624,138,11.5804849475465,1.3896828646366848,1.3879831697078926,559.5724434490332
2.5,4.0,1.0,0.0,1.0,290,-6.081299349170348,0.7579984518663383,-1.2032130666553298,2129.6402432579957,143,10.688863703751942,1.383906980635271,1.1736783875344257,604.7924740562466
2.5,4.0,1.0,1.0,0.75,293,-6.130993593118849,0.7577565556818828,-1.3316671299487344,2254.288610629184,144,9.784885691963508,1.3538968368411222,1.1521209375979455,595.1404346660645
2.5,4.0,1.0,1.0,1.0,292,-5.856535722570675,0.7653354902752296,-1.2099364664244836,2239.4227677953468,144,9.605694469317893,1.3474159019707168,1.1426581958838904,559.5724434490331
2.5,4.0,1.0,1.0,1.5,290,-5.585868519760357,0.7777138154467742,-1.110246513679628,2082.074128740612,143,11.20387398519619,1.402404367039027,1.2184680031602226,650.7934072230801
2.5,4.0,1.0,1.5,0.75,292,-6.477025506384746,0.740473193209953,-1.403307772279059,2312.325929775846,144,9.575352878608125,1.3463185163379205,1.1279691551703772,673.3541188532407
2.5,4.0,1.0,1.5,1.0,292,-6.062069787387905,0.7570999816337997,-1.2534722321111458,2270.950933414864,143,9.990273390461326,1.3588160350203213,1.1771574894195715,559.5724434490332
2.5,4.0,1.0,1.5,1.5,290,-5.585868519760357,0.7777138154467742,-1.110246513679628,2082.074128740612,143,11.20387398519619,1.402404367039027,1.2184680031602226,650.7934072230801
2.5,4.0,1.5,0.0,1.0,282,-5.726194975923681,0.7921473984330714,-1.033932150098443,1856.3934492120218,138,11.20020235379277,1.376886370260444,1.3540319515164156,559.5724434490332
2.5,4.0,1.5,1.0,0.75,293,-6.130993593118849,0.7577565556818828,-1.3316671299487344,2254.288610629184,144,9.784885691963508,1.3538968368411222,1.1521209375979455,595.1404346660645
2.5,4.0,1.5,1.0,1.0,291,-5.657334731060405,0.7711369170084488,-1.163858147153878,2339.817539668057,144,9.152202309451745,1.3308346998703149,1.1088026563779756,593.1697251688466
2.5,4.0,1.5,1.0,1.5,287,-5.595506382747458,0.7881455133983627,-1.0596387939839846,2086.953154868913,141,9.096420107672738,1.3087344245720198,1.124703027939219,559.5724434490331
2.5,4.0,1.5,1.5,0.75,286,-5.767033489097974,0.787695728924115,-1.1330982249180226,2077.5196452082196,139,10.98267457584607,1.3722445876739806,1.3534096653479153,559.5724434490332
2.5,4.0,1.5,1.5,1.0,286,-5.520022385539496,0.7968732448821143,-1.0441098199459464,2012.869801484473,138,11.97821341353006,1.4030664119297422,1.4277968843803177,559.5724434490332
2.5,4.0,1.5,1.5,1.5,283,-5.692845227810988,0.7927110884761401,-1.0449618869979795,1822.3723520674757,138,11.820684941720595,1.3977655850270176,1.4112447982834908,559.5724434490332
3.0,0.0,0.0,0.0,1.0,270,-5.727967511147871,0.8113030220672204,-0.9415666551979134,1823.0239268124515,132,14.437937808222964,1.4317905347006519,1.5087199323865947,577.9211612361784
3.0,0.0,0.0,1.0,0.75,278,-3.2078231170920284,0.8785561251888683,-0.5861762167449234,1648.2929395934923,137,8.97795001689014,1.2991857496484795,1.085273569743178,555.4644337852046
3.0,0.0,0.0,1.0,1.0,277,-3.5250961153084606,0.867112250796476,-0.6323744692309017,1784.2509479750142,136,12.02598483609195,1.3978347489128409,1.387782006327902,532.2240739416079
3.0,0.0,0.0,1.0,1.5,275,-3.781499157459872,0.863624390883575,-0.6521878778422922,1566.3941893173196,136,11.944637047418661,1.3859305735980465,1.3806587382458504,500.0138910939636
3.0,0.0,0.0,1.5,0.75,274,-4.077238209123393,0.8577257726439214,-0.7037907302865077,1504.2642787401612,133,11.005691633201122,1.3386942314822627,1.2788190714121486,584.2568913712191
3.0,0.0,0.0,1.5,1.0,274,-4.394080010061809,0.8466696557062963,-0.7591266845404321,1647.4972467915065,133,13.482916387288153,1.4149294888615673,1.487930184911195,607.5354680828957
3.0,0.0,0.0,1.5,1.5,272,-4.475379146599593,0.8450441193931363,-0.7546284836071929,1532.5506658872623,133,11.135259057880091,1.3425871590224177,1.2687720811980023,598.3426215062597
3.0,0.0,1.0,0.0,1.0,275,-3.1853101881229207,0.8805272321246376,-0.5530369558666098,1535.4260873811043,135,11.56119100304433,1.379646585656881,1.3008291436643253,548.1654082358826
3.0,0.0,1.0,1.0,0.75,278,-3.2078231170920284,0.8785561251888683,-0.5861762167449234,1648.2929395934923,137,8.97795001689014,1.2991857496484795,1.085273569743178,555.4644337852046
3.0,0.0,1.0,1.0,1.0,277,-3.279648846871578,0.8762835293857997,-0.590218971528586,1740.9486289477964,136,10.630545409636166,1.3516718523672702,1.2405731779527582,562.660593330237
3.0,0.0,1.0,1.0,1.5,276,-3.106282346252862,0.8832463632403137,-0.5451190918919291,1591.7737714368889,136,9.520743465941354,1.314958204077299,1.134972888589766,568.5868685059639
3.0,0.0,1.0,1.5,0.75,277,-3.0857821915554773,0.8835966593839597,-0.5550649168578172,1586.5516818498859,136,8.735966146255564,1.2889967803614888,1.059109183083992,555.4644337852046
3.0,0.0,1.0,1.5,1.0,277,-3.2549007314816856,0.8772170895421899,-0.5848409517179893,1720.4353972908837,136,11.508576497006084,1.3807182283557995,1.3216344720259148,577.7797150825998
3.0,0.0,1.0,1.5,1.5,276,-3.106282346252862,0.8832463632403137,-0.5451190918919291,1591.7737714368889,136,9.520743465941354,1.314958204077299,1.134972888589766,568.5868685059639
3.0,0.0,1.5,0.0,1.0,271,-4.605486740211679,0.840824793244014,-0.7690307331161251,1524.5596053998909,132,15.195288160715629,1.4794046711614077,1.618531552849131,577.9211612361784
3.0,0.0,1.5,1.0,0.75,278,-3.2078231170920284,0.8785561251888683,-0.5861762167449234,1648.2929395934923,137,8.97795001689014,1.2991857496484795,1.085273569743178,555.4644337852046
3.0,0.0,1.5,1.0,1.0,277,-3.5250961153084606,0.867112250796476,-0.6323744692309017,1784.2509479750142,136,12.02598483609195,1.3978347489128409,1.387782006327902,532.2240739416079
3.0,0.0,1.5,1.0,1.5,275,-3.8625806608137325,0.8606694209238325,-0.6667431448545339,1597.5411120046283,136,12.049809894956242,1.3893287025839658,1.3927269411888017,500.0138910939636
3.0,0.0,1.5,1.5,0.75,274,-4.077238209123393,0.8577257726439214,-0.7037907302865077,1504.2642787401612,133,11.005691633201122,1.3386942314822627,1.2788190714121486,584.2568913712191
3.0,0.0,1.5,1.5,1.0,274,-4.394080010061809,0.8466696557062963,-0.7591266845404321,1647.4972467915065,133,13.482916387288153,1.4149294888615673,1.487930184911195,607.5354680828957
3.0,0.0,1.5,1.5,1.5,272,-4.531165497346485,0.8430402073702802,-0.7646627948023557,1556.574062555414,133,11.36974607102767,1.349897810698075,1.2953699792925446,598.3426215062597
3.0,1.5,0.0,0.0,1.0,275,-5.4364358224624105,0.8116131395144289,-1.0273165523225436,1951.6548026418352,133,10.49821390691444,1.3230768778231325,1.2448266265017365,642.8446322613916
3.0,1.5,0.0,1.0,0.75,279,-4.834314212470165,0.8183915588959535,-0.9781630555630064,2019.1330115214205,137,6.516809742882447,1.217169465699049,0.8591270967423014,543.2854462916115
3.0,1.5,0.0,1.0,1.0,278,-4.84158360507541,0.8188884212720708,-0.9582271583455885,2079.309940459809,136,8.127085372872294,1.2688542362872768,1.039264699486904,540.6192371152824
3.0,1.5,0.0,1.0,1.5,278,-4.894082864056859,0.8234738490959191,-0.9491643844278156,2013.323067353094,136,10.314161486642137,1.3332499968747824,1.2523225356597825,540.6192371152824
3.0,1.5,0.0,1.5,0.75,275,-5.4364358224624105,0.8116131395144289,-1.0273165523225436,1951.6548026418352,133,10.49821390691444,1.3230768778231325,1.2448266265017365,642.8446322613916
3.0,1.5,0.0,1.5,1.0,275,-5.4364358224624105,0.8116131395144289,-1.0273165523225436,1951.6548026418352,133,10.49821390691444,1.3230768778231325,1.2448266265017365,642.8446322613916
3.0,1.5,0.0,1.5,1.5,275,-5.4364358224624105,0.8116131395144289,-1.0273165523225436,1951.6548026418352,133,10.49821390691444,1.3230768778231325,1.2448266265017365,642.8446322613916
3.0,1.5,1.0,0.0,1.0,278,-4.825454224810194,0.8193741312860817,-0.964472943648857,2025.676084351878,136,8.277240978871905,1.2738215731519824,1.0310992985152834,589.08819690124
3.0,1.5,1.0,1.0,0.75,279,-4.834314212470165,0.8183915588959535,-0.9781630555630064,2019.1330115214205,137,6.516809742882447,1.217169465699049,0.8591270967423014,543.2854462916115
3.0,1.5,1.0,1.0,1.0,278,-4.883076427415166,0.8172172233727875,-0.978617987634778,2055.3530603699724,136,6.949262609722728,1.229890373482864,0.8977154516024985,573.9690751488772
3.0,1.5,1.0,1.0,1.5,278,-4.825454224810194,0.8193741312860817,-0.964472943648857,2025.676084351878,136,8.277240978871905,1.2738215731519824,1.0310992985152834,589.08819690124
3.0,1.5,1.0,1.5,0.75,278,-4.825454224810194,0.8193741312860817,-0.964472943648857,2025.676084351878,136,8.277240978871905,1.2738215731519824,1.0310992985152834,589.08819690124
3.0,1.5,1.0,1.5,1.0,278,-4.825454224810194,0.8193741312860817,-0.964472943648857,2025.676084351878,136,8.277240978871905,1.2738215731519824,1.0310992985152834,589.08819690124
3.0,1.5,1.0,1.5,1.5,278,-4.825454224810194,0.8193741312860817,-0.964472943648857,2025.676084351878,136,8.277240978871905,1.2738215731519824,1.0310992985152834,589.08819690124
3.0,1.5,1.5,0.0,1.0,275,-5.4364358224624105,0.8116131395144289,-1.0273165523225436,1951.6548026418352,133,10.49821390691444,1.3230768778231325,1.2448266265017365,642.8446322613916
3.0,1.5,1.5,1.0,0.75,279,-4.834314212470165,0.8183915588959535,-0.9781630555630064,2019.1330115214205,137,6.516809742882447,1.217169465699049,0.8591270967423014,543.2854462916115
3.0,1.5,1.5,1.0,1.0,278,-4.84158360507541,0.8188884212720708,-0.9582271583455885,2079.309940459809,136,8.127085372872294,1.2688542362872768,1.039264699486904,540.6192371152824
3.0,1.5,1.5,1.0,1.5,278,-4.894082864056859,0.8234738490959191,-0.9491643844278156,2013.323067353094,136,10.314161486642137,1.3332499968747824,1.2523225356597825,540.6192371152824
3.0,1.5,1.5,1.5,0.75,275,-5.4364358224624105,0.8116131395144289,-1.0273165523225436,1951.6548026418352,133,10.49821390691444,1.3230768778231325,1.2448266265017365,642.8446322613916
3.0,1.5,1.5,1.5,1.0,275,-5.4364358224624105,0.8116131395144289,-1.0273165523225436,1951.6548026418352,133,10.49821390691444,1.3230768778231325,1.2448266265017365,642.8446322613916
3.0,1.5,1.5,1.5,1.5,275,-5.4364358224624105,0.8116131395144289,-1.0273165523225436,1951.6548026418352,133,10.49821390691444,1.3230768778231325,1.2448266265017365,642.8446322613916
3.0,2.0,0.0,0.0,1.0,273,-4.237929592084822,0.8561303440216426,-0.7335393073053583,1724.696167002503,133,10.091073373813286,1.2996533769056744,1.1445487133374554,514.696034402851
3.0,2.0,0.0,1.0,0.75,278,-3.862448828267432,0.8537728749864062,-0.7383544426910489,1786.4963282161407,137,6.4791610655700325,1.215914842124202,0.8401227343534632,555.4644337852043
3.0,2.0,0.0,1.0,1.0,277,-3.6443518250702973,0.862616593846557,-0.6736239756858914,1865.4612737306966,136,7.109949165456019,1.2352060874493382,0.9176193157622627,551.016405855527
3.0,2.0,0.0,1.0,1.5,276,-3.4064084662882737,0.8767049028582975,-0.6094017380848169,1699.4936253695262,136,10.713687913988863,1.3461586740209686,1.2525340502698288,521.0959464273701
3.0,2.0,0.0,1.5,0.75,274,-4.646420477320231,0.8378642969883462,-0.8351832661788822,1669.9900820115802,133,9.085876083931465,1.2796129421168565,1.109017567938106,576.6650287407926
3.0,2.0,0.0,1.5,1.0,274,-4.431038297091529,0.8453800053444921,-0.7859797813983554,1757.800311589303,133,10.395752396708886,1.3199236800403695,1.1997626323044375,592.4349373169669
3.0,2.0,0.0,1.5,1.5,273,-4.093624894758931,0.8577409131669358,-0.7154429157607878,1680.7514052625354,133,10.499269562465262,1.3230203188375833,1.2012301540689085,521.0959464273701
3.0,2.0,1.0,0.0,1.0,277,-2.824173788184219,0.8934651757585043,-0.5155833975966794,1704.355103664487,136,8.181187175311859,1.2706439921602992,0.9893841759194556,539.5815891163968
3.0,2.0,1.0,1.0,0.75,278,-3.862448828267432,0.8537728749864062,-0.7383544426910489,1786.4963282161407,137,6.4791610655700325,1.215914842124202,0.8401227343534632,555.4644337852043
3.0,2.0,1.0,1.0,1.0,277,-3.398904556633415,0.8717849088928162,-0.63038005322394,1820.6065338338797,136,5.613121172428115,1.18568912922195,0.7366693026396642,574.1154127996656
3.0,2.0,1.0,1.0,1.5,277,-2.812563757681457,0.8939031348402806,-0.5134445258153181,1701.1391252152218,136,8.188405765939436,1.2708827922443646,0.9902497135694595,539.5815891163968
3.0,2.0,1.0,1.5,0.75,277,-3.683176819353431,0.8610614556576381,-0.6920621007150534,1708.247434665805,136,6.31141661066499,1.208789623204298,0.819352205583523,560.6981207943055
3.0,2.0,1.0,1.5,1.0,277,-3.241497620906277,0.8777226880416217,-0.5983986164793881,1763.3468089435498,136,7.722265468521378,1.2554622831792845,0.9430523823641777,589.2345345520284
3.0,2.0,1.0,1.5,1.5,277,-2.812563757681457,0.8939031348402806,-0.5134445258153181,1701.1391252152218,136,8.188405765939436,1.2708827922443646,0.9902497135694595,539.5815891163968
3.0,2.0,1.5,0.0,1.0,273,-3.994554443717764,0.861119721328874,-0.6975684267410253,1662.5546813932942,133,10.72637515963276,1.3300984174699766,1.2270968608790378,519.972098692383
3.0,2.0,1.5,1.0,0.75,278,-3.862448828267432,0.8537728749864062,-0.7383544426910489,1786.4963282161407,137,6.4791610655700325,1.215914842124202,0.8401227343534632,555.4644337852043
3.0,2.0,1.5,1.0,1.0,277,-3.6443518250702973,0.862616593846557,-0.6736239756858914,1865.4612737306966,136,7.109949165456019,1.2352060874493382,0.9176193157622627,551.016405855527
3.0,2.0,1.5,1.0,1.5,276,-3.4871961960792577,0.8737528302137941,-0.6244237580036436,1730.6405480568349,136,10.818860761526444,1.3495568030068879,1.264738616424748,519.972098692383
3.0,2.0,1.5,1.5,0.75,274,-4.646420477320231,0.8378642969883462,-0.8351832661788822,1669.9900820115802,133,9.085876083931465,1.2796129421168565,1.109017567938106,576.6650287407926
3.0,2.0,1.5,1.5,1.0,274,-4.431038297091529,0.8453800053444921,-0.7859797813983554,1757.800311589303,133,10.395752396708886,1.3199236800403695,1.1997626323044375,592.4349373169669
3.0,2.0,1.5,1.5,1.5,273,-4.149206899898691,0.8557428572720178,-0.7257906304927709,1704.7748019306873,133,10.733756575612839,1.3303255765705533,1.227933782343081,519.972098692383
3.0,3.0,0.0,0.0,1.0,271,-5.351000196793163,0.8233104911492659,-0.8814745117588666,1692.595381744052,133,11.071762141113318,1.3235220634235347,1.234906839168603,577.9211612361785
3.0,3.0,0.0,1.0,0.75,278,-3.090020994714814,0.8830159553229665,-0.5661456933834439,1605.6505478648785,137,9.096196558214576,1.3031262572301587,1.0997550292892946,555.4644337852046
3.0,3.0,0.0,1.0,1.0,277,-3.0221324692406935,0.8860727853949191,-0.5350958955938975,1714.5203154604578,136,10.24297752590536,1.3388506178644641,1.221541113630287,532.2240739416079
3.0,3.0,0.0,1.0,1.5,275,-3.431933106968704,0.8762311061245691,-0.5911731301670473,1447.544627970271,136,11.101759229771432,1.3586972371353063,1.3011589449810836,500.0138910939636
3.0,3.0,0.0,1.5,0.75,274,-3.957716347733372,0.8618964586841372,-0.6848133753011661,1461.6218870115474,133,11.127494461482682,1.3424426479100624,1.2958569633478279,584.2568913712191
3.0,3.0,0.0,1.5,1.0,274,-3.810009619818276,0.8670506487293475,-0.6491056433029759,1557.052257310993,133,11.659690867097355,1.3588207056100905,1.3328559797676915,607.5354680828957
3.0,3.0,0.0,1.5,1.5,272,-4.1219575881985975,0.8572810153104546,-0.6941845779319684,1402.421631612769,133,10.273368958631796,1.3160702653465521,1.1937783370982227,598.3426215062598
3.0,3.0,1.0,0.0,1.0,276,-3.115727879635121,0.8828913406600759,-0.5442373669962873,1614.9816033609013,136,10.00618411546532,1.3310171931370434,1.178249057427398,548.1654082358828
3.0,3.0,1.0,1.0,0.75,278,-3.090020994714814,0.8830159553229665,-0.5661456933834439,1605.6505478648785,137,9.096196558214576,1.3031262572301587,1.0997550292892946,555.4644337852046
3.0,3.0,1.0,1.0,1.0,277,-2.776685200803811,0.8952565627939676,-0.49317165924440265,1671.2179964332397,136,8.84753809944958,1.2926877213188932,1.0679921153163698,562.6605933302372
3.0,3.0,1.0,1.0,1.5,276,-2.895631939374715,0.8911639310420943,-0.50882595950693,1510.9153616765423,136,8.677865648294125,1.2870747425963298,1.0470825311485648,568.586868505964
3.0,3.0,1.0,1.5,0.75,277,-2.967554790758128,0.8880564895180579,-0.5351795347970846,1543.909290121272,136,8.855082147442676,1.2929372879431678,1.0742233400111554,555.4644337852046
3.0,3.0,1.0,1.5,1.0,277,-2.751937085413918,0.8961901229503578,-0.488025635049847,1650.7047647763268,136,9.725569186819497,1.3217340973074228,1.1542066313485648,577.7797150826001
3.0,3.0,1.0,1.5,1.5,276,-2.895631939374715,0.8911639310420943,-0.50882595950693,1510.9153616765423,136,8.677865648294125,1.2870747425963298,1.0470825311485648,568.586868505964
3.0,3.0,1.5,0.0,1.0,272,-4.2340321026411285,0.8533329225764736,-0.7085050456716795,1485.0751709786216,133,12.300608062577743,1.3785445870526838,1.3906715049912772,577.9211612361785
3.0,3.0,1.5,1.0,0.75,278,-3.090020994714814,0.8830159553229665,-0.5661456933834439,1605.6505478648785,137,9.096196558214576,1.3031262572301587,1.0997550292892946,555.4644337852046
3.0,3.0,1.5,1.0,1.0,277,-3.0221324692406935,0.8860727853949191,-0.5350958955938975,1714.5203154604578,136,10.24297752590536,1.3388506178644641,1.221541113630287,532.2240739416079
3.0,3.0,1.5,1.0,1.5,275,-3.5130146103225646,0.8732789285347472,-0.6056556084467076,1478.6915506575797,136,11.206932077309013,1.3620953661212256,1.3133933033993908,500.0138910939636
3.0,3.0,1.5,1.5,0.75,274,-3.957716347733372,0.8618964586841372,-0.6848133753011661,1461.6218870115474,133,11.127494461482682,1.3424426479100624,1.2958569633478279,584.2568913712191
3.0,3.0,1.5,1.5,1.0,274,-3.810009619818276,0.8670506487293475,-0.6491056433029759,1557.052257310993,133,11.659690867097355,1.3588207056100905,1.3328559797676915,607.5354680828957
3.0,3.0,1.5,1.5,1.5,272,-4.177743938945489,0.8552827472973649,-0.7041547199345971,1426.4450282809207,133,10.507855971779374,1.3233736071753779,1.22089513438641,598.3426215062598
3.0,4.0,0.0,0.0,1.0,271,-5.491342773807803,0.8186763928327635,-0.8884588320640479,1807.4700352087627,133,12.291281738406457,1.3591569959187555,1.3388517969691245,577.9211612361785
3.0,4.0,0.0,1.0,0.75,278,-2.979794197828996,0.8871889938083206,-0.5340874978187528,1648.2929395934918,137,9.445157897746057,1.3147552215003595,1.1218592268387415,555.4644337852046
3.0,4.0,0.0,1.0,1.0,277,-3.2069143195451146,0.8791069486127727,-0.561058886341944,1784.250947975014,136,11.617003416956573,1.384305127646113,1.3380109607083788,532.2240739416079
3.0,4.0,0.0,1.0,1.5,275,-3.6564102790517388,0.8681355837402353,-0.6197998598007373,1587.3076931614207,136,12.299536898134471,1.3973973684795382,1.3948195451502063,500.0138910939636
3.0,4.0,0.0,1.5,0.75,274,-3.8458804005280527,0.8657989466338646,-0.6521440744258613,1504.264278740161,133,11.48695087889481,1.3535047255244756,1.3119880282999226,584.2568913712191
3.0,4.0,0.0,1.5,1.0,274,-4.072414472009083,0.8578940957674935,-0.687000399019147,1647.497246791506,133,13.06470982336025,1.402059407135572,1.4390951008128121,607.5354680828957
3.0,4.0,0.0,1.5,1.5,272,-4.348910611444313,0.8494229759306737,-0.7210033540616159,1542.184696803919,133,11.498164168386484,1.3537522904447639,1.2849576355664418,598.3426215062598
3.0,4.0,1.0,0.0,1.0,276,-2.962184657339828,0.8886624611200049,-0.5054662476386695,1546.8757892514975,136,10.868450243763629,1.3595420443923092,1.2440340900332123,548.1654082358828
3.0,4.0,1.0,1.0,0.75,278,-2.979794197828996,0.8871889938083206,-0.5340874978187528,1648.2929395934918,137,9.445157897746057,1.3147552215003595,1.1218592268387415,555.4644337852046
3.0,4.0,1.0,1.0,1.0,277,-2.961467051108232,0.8882861341229131,-0.5196929455568632,1740.948628947796,136,10.221563990500792,1.3381422311005422,1.190539065581471,562.6605933302372
3.0,4.0,1.0,1.0,1.5,276,-2.9816466884186723,0.8879309555278214,-0.5140355534601062,1612.6872752809895,136,9.875643316657165,1.3266987388379108,1.1536093795115046,568.586868505964
3.0,4.0,1.0,1.5,0.75,277,-2.856930063197632,0.8922295280034119,-0.5042962532190511,1586.5516818498852,136,9.206609379176596,1.3045662522133687,1.0963212644732152,555.4644337852046
3.0,4.0,1.0,1.5,1.0,277,-2.936718935718339,0.8892196942793034,-0.5145772572132554,1720.4353972908832,136,11.09959507787071,1.3671886070890715,1.2722565929848815,577.7797150826001
3.0,4.0,1.0,1.5,1.5,276,-2.9816466884186723,0.8879309555278214,-0.5140355534601062,1612.6872752809895,136,9.875643316657165,1.3266987388379108,1.1536093795115046,568.586868505964
3.0,4.0,1.5,0.0,1.0,272,-4.373858714299097,0.8484893219658132,-0.71852827470146,1509.0057137962017,133,13.182323802792554,1.4056789139964792,1.4618883662181283,577.9211612361785
3.0,4.0,1.5,1.0,0.75,278,-2.979794197828996,0.8871889938083206,-0.5340874978187528,1648.2929395934918,137,9.445157897746057,1.3147552215003595,1.1218592268387415,555.4644337852046
3.0,4.0,1.5,1.0,1.0,277,-3.2069143195451146,0.8791069486127727,-0.561058886341944,1784.250947975014,136,11.617003416956573,1.384305127646113,1.3380109607083788,532.2240739416079
3.0,4.0,1.5,1.0,1.5,275,-3.737491782405599,0.8651816130034463,-0.6340681061719444,1618.4546158487299,136,12.404709745672053,1.4007954974654575,1.4066632076352619,500.0138910939636
3.0,4.0,1.5,1.5,0.75,274,-3.8458804005280527,0.8657989466338646,-0.6521440744258613,1504.264278740161,133,11.48695087889481,1.3535047255244756,1.3119880282999226,584.2568913712191
3.0,4.0,1.5,1.5,1.0,274,-4.072414472009083,0.8578940957674935,-0.687000399019147,1647.497246791506,133,13.06470982336025,1.402059407135572,1.4390951008128121,607.5354680828957
3.0,4.0,1.5,1.5,1.5,272,-4.4046969621912035,0.8474210835629026,-0.7308315774663595,1566.2080934720707,133,11.732651181534061,1.3610660199847273,1.3110510594921585,598.3426215062598
4.0,0.0,0.0,0.0,1.0,259,-1.992293005156687,0.935885116004205,-0.29446946176368705,1581.2957936668852,130,14.956321915779824,1.4284300426905818,1.5412044985675835,545.4630642107245
4.0,0.0,0.0,1.0,0.75,265,-0.7877843137783652,0.9724491024507955,-0.12536762464898762,1457.6694886154323,132,16.7897782809167,1.5378848817084039,1.8489900468828306,545.4630642107245
4.0,0.0,0.0,1.0,1.0,262,-0.005644387253661593,0.9998041838384821,-0.000854445885742627,1262.0682477969458,132,15.22979333715053,1.4877696907636904,1.7101510880727315,553.9770237820017
4.0,0.0,0.0,1.0,1.5,260,-0.40481752724845615,0.9863620260542785,-0.060517672542104314,1319.8546788079752,130,15.190788930036055,1.4625090685507915,1.6163538475492405,604.855043878382
4.0,0.0,0.0,1.5,0.75,262,-1.1706140730547967,0.9610216805221438,-0.18021661926690627,1509.8760725189131,131,13.179750359297136,1.371404269025443,1.4114220608137267,545.4630642107245
4.0,0.0,0.0,1.5,1.0,261,-0.4209231393661275,0.9860378793390336,-0.06263017878646766,1418.8315120087216,131,11.586379876821345,1.3265032213426098,1.273607595934422,545.4630642107245
4.0,0.0,0.0,1.5,1.5,260,-0.844663719441602,0.9720497957104207,-0.12565654177557595,1435.0554983411287,130,15.194723575502113,1.442347242709835,1.5763712210116683,545.4630642107245
4.0,0.0,1.0,0.0,1.0,261,-0.29280332536122483,0.98986572579808,-0.04420699287329748,1284.9143279068599,131,19.076870346719595,1.6065252272953083,2.0061534071812575,590.7519401800803
4.0,0.0,1.0,1.0,0.75,265,-0.7877843137783652,0.9724491024507955,-0.12536762464898762,1457.6694886154323,132,16.7897782809167,1.5378848817084039,1.8489900468828306,545.4630642107245
4.0,0.0,1.0,1.0,1.0,262,0.14007182332353513,1.0048593984691958,0.02120660337662991,1251.0866082496793,132,15.925948037134816,1.510210827845473,1.7711069148410965,553.9770237820017
4.0,0.0,1.0,1.0,1.5,261,0.06336588753615842,1.0021931693519777,0.00955417695854924,1241.9642777941012,131,18.429515232379753,1.5859433812833776,1.9478358284703001,577.5232468983993
4.0,0.0,1.0,1.5,0.75,263,-0.22855832234664358,0.9920405469124915,-0.035669102650133976,1304.8892789680274,132,17.942430994675778,1.574811782005584,1.9327540949437563,545.4630642107245
4.0,0.0,1.0,1.5,1.0,262,0.46932373959134305,1.0162818688842208,0.07078470244458385,1227.6110076735347,132,16.344632159859486,1.5236239805421297,1.8134563925359382,547.9961446589584
4.0,0.0,1.0,1.5,1.5,261,0.06336588753615842,1.0021931693519777,0.00955417695854924,1241.9642777941012,131,18.429515232379753,1.5859433812833776,1.9478358284703001,577.5232468983993
4.0,0.0,1.5,0.0,1.0,260,-1.189405488718349,0.960642175545551,-0.1771486986147034,1476.1348322420463,130,16.045365844315178,1.467111053665143,1.6549142472503604,545.4630642107245
4.0,0.0,1.5,1.0,0.75,265,-0.7877843137783652,0.9724491024507955,-0.12536762464898762,1457.6694886154323,132,16.7897782809167,1.5378848817084039,1.8489900468828306,545.4630642107245
4.0,0.0,1.5,1.0,1.0,262,-0.005644387253661593,0.9998041838384821,-0.000854445885742627,1262.0682477969458,132,15.22979333715053,1.4877696907636904,1.7101510880727315,553.9770237820017
4.0,0.0,1.5,1.0,1.5,260,-0.3920202020397531,0.9867931575543336,-0.05859483575808091,1317.9839625961345,130,15.38909642978359,1.4685468732637197,1.6359845689145096,604.855043878382
4.0,0.0,1.5,1.5,0.75,262,-1.1706140730547967,0.9610216805221438,-0.18021661926690627,1509.8760725189131,131,13.179750359297136,1.371404269025443,1.4114220608137267,545.4630642107245
4.0,0.0,1.5,1.5,1.0,261,-0.4209231393661275,0.9860378793390336,-0.06263017878646766,1418.8315120087216,131,11.586379876821345,1.3265032213426098,1.273607595934422,545.4630642107245
4.0,0.0,1.5,1.5,1.5,260,-0.8318663942328989,0.972473263471271,-0.12373236429402389,1433.184782129288,130,15.393031075249649,1.448120350413053,1.5955817391750575,545.4630642107245
4.0,1.5,0.0,0.0,1.0,262,-1.3711069672967682,0.9543458030791107,-0.21823486849683055,1538.6459712646615,131,10.044078316669298,1.2830412916436909,1.1248445742940036,554.8190445331186
4.0,1.5,0.0,1.0,0.75,265,-1.3781243800941878,0.951803351574835,-0.2282699784527255,1576.8932551118771,132,12.752073160772747,1.4085311460851917,1.5414322249389683,612.1027835073821
4.0,1.5,0.0,1.0,1.0,263,-1.1185653860141116,0.9610464032817543,-0.18196679133910365,1407.1652854842832,132,14.255075321657255,1.4565520705062176,1.6201902243443085,627.0787545045225
4.0,1.5,0.0,1.0,1.5,262,-0.9346183796241803,0.9683173220569363,-0.14957881925906918,1423.4451517315083,131,11.565310224113151,1.3473676472924865,1.3191496763420327,657.0306964988033
4.0,1.5,0.0,1.5,0.75,262,-1.3711069672967682,0.9543458030791107,-0.21823486849683055,1538.6459712646615,131,10.044078316669298,1.2830412916436909,1.1248445742940036,554.8190445331186
4.0,1.5,0.0,1.5,1.0,262,-1.3711069672967682,0.9543458030791107,-0.21823486849683055,1538.6459712646615,131,10.044078316669298,1.2830412916436909,1.1248445742940036,554.8190445331186
4.0,1.5,0.0,1.5,1.5,262,-1.3711069672967682,0.9543458030791107,-0.21823486849683055,1538.6459712646615,131,10.044078316669298,1.2830412916436909,1.1248445742940036,554.8190445331186
4.0,1.5,1.0,0.0,1.0,263,-0.576763668120379,0.9799144336034245,-0.09328997852681095,1372.7080453608723,132,15.635182687414334,1.50089573844271,1.7514510962122012,629.6988995188206
4.0,1.5,1.0,1.0,0.75,265,-1.3781243800941878,0.951803351574835,-0.2282699784527255,1576.8932551118771,132,12.752073160772747,1.4085311460851917,1.5414322249389683,612.1027835073821
4.0,1.5,1.0,1.0,1.0,263,-0.9734032294695278,0.9661016179124681,-0.1583712743467229,1396.183645937017,132,14.95123002164154,1.4789843234991613,1.683368602103542,627.0787545045225
4.0,1.5,1.0,1.0,1.5,263,-0.576763668120379,0.9799144336034245,-0.09328997852681095,1372.7080453608723,132,15.635182687414334,1.50089573844271,1.7514510962122012,629.6988995188206
4.0,1.5,1.0,1.5,0.75,263,-0.576763668120379,0.9799144336034245,-0.09328997852681095,1372.7080453608723,132,15.635182687414334,1.50089573844271,1.7514510962122012,629.6988995188206
4.0,1.5,1.0,1.5,1.0,263,-0.576763668120379,0.9799144336034245,-0.09328997852681095,1372.7080453608723,132,15.635182687414334,1.50089573844271,1.7514510962122012,629.6988995188206
4.0,1.5,1.0,1.5,1.5,263,-0.576763668120379,0.9799144336034245,-0.09328997852681095,1372.7080453608723,132,15.635182687414334,1.50089573844271,1.7514510962122012,629.6988995188206
4.0,1.5,1.5,0.0,1.0,262,-1.3711069672967682,0.9543458030791107,-0.21823486849683055,1538.6459712646615,131,10.044078316669298,1.2830412916436909,1.1248445742940036,554.8190445331186
4.0,1.5,1.5,1.0,0.75,265,-1.3781243800941878,0.951803351574835,-0.2282699784527255,1576.8932551118771,132,12.752073160772747,1.4085311460851917,1.5414322249389683,612.1027835073821
4.0,1.5,1.5,1.0,1.0,263,-1.1185653860141116,0.9610464032817543,-0.18196679133910365,1407.1652854842832,132,14.255075321657255,1.4565520705062176,1.6201902243443085,627.0787545045225
4.0,1.5,1.5,1.0,1.5,262,-0.9346183796241803,0.9683173220569363,-0.14957881925906918,1423.4451517315083,131,11.565310224113151,1.3473676472924865,1.3191496763420327,657.0306964988033
4.0,1.5,1.5,1.5,0.75,262,-1.3711069672967682,0.9543458030791107,-0.21823486849683055,1538.6459712646615,131,10.044078316669298,1.2830412916436909,1.1248445742940036,554.8190445331186
4.0,1.5,1.5,1.5,1.0,262,-1.3711069672967682,0.9543458030791107,-0.21823486849683055,1538.6459712646615,131,10.044078316669298,1.2830412916436909,1.1248445742940036,554.8190445331186
4.0,1.5,1.5,1.5,1.5,262,-1.3711069672967682,0.9543458030791107,-0.21823486849683055,1538.6459712646615,131,10.044078316669298,1.2830412916436909,1.1248445742940036,554.8190445331186
4.0,2.0,0.0,0.0,1.0,260,-1.1912605257687556,0.9610112259865325,-0.18037403471348415,1497.0107733233556,131,10.434266129129094,1.289507955480865,1.1716276243465842,545.4630642107245
4.0,2.0,0.0,1.0,0.75,265,-0.3355400809489551,0.9882652773961206,-0.0531657039301394,1380.0116426550517,132,14.216921108236505,1.4554596731782443,1.6421649595536312,584.7517699536277
4.0,2.0,0.0,1.0,1.0,262,-0.4993219646420062,0.9826774269582189,-0.07780423665175841,1207.2256764001152,132,13.545620721236421,1.4338301304642598,1.5688283888055001,609.7699183221409
4.0,2.0,0.0,1.0,1.5,261,-0.37091034262918804,0.9874744811475548,-0.056738514358558416,1309.2977716186451,131,11.914361952209092,1.3578515232303117,1.3705114778252487,646.6479490021081
4.0,2.0,0.0,1.5,0.75,262,-0.7131914711471862,0.9762526304346282,-0.10933761686356201,1442.2624247523672,131,10.005082681241863,1.281942397880434,1.1336980186780534,545.4630642107245
4.0,2.0,0.0,1.5,1.0,261,-0.9164922017253082,0.9695997356557945,-0.14025904091628794,1363.988940611891,131,9.878864761518173,1.2783855873995875,1.1261929337062313,545.4630642107245
4.0,2.0,0.0,1.5,1.5,261,-0.8090713003694869,0.9731629125067945,-0.12313773482087118,1424.4985911517986,131,10.621770823347532,1.2993206184378403,1.2001443922183497,545.4630642107245
4.0,2.0,1.0,0.0,1.0,262,0.09380988060329375,1.003254470309465,0.014475970583978452,1231.8126361920256,132,16.86804914307758,1.5403924022206,1.8869078409970879,602.3478859650661
4.0,2.0,1.0,1.0,0.75,265,-0.3355400809489551,0.9882652773961206,-0.0531657039301394,1380.0116426550517,132,14.216921108236505,1.4554596731782443,1.6421649595536312,584.7517699536277
4.0,2.0,1.0,1.0,1.0,262,-0.3536057540648095,0.9877326415889327,-0.05510545378697793,1196.244036852849,132,14.241775421220709,1.4562559171176086,1.6308711175079151,609.7699183221409
4.0,2.0,1.0,1.0,1.5,262,0.09535669582182309,1.003308132718697,0.014714640735086819,1231.407370604771,132,16.176892924897267,1.518250211035116,1.8170078281247437,619.3161520221254
4.0,2.0,1.0,1.5,0.75,263,0.22712503012405574,1.007909539253309,0.03529591711052838,1237.2756312014812,132,15.369573821995584,1.4923865734754245,1.7325171799080088,602.3478859650661
4.0,2.0,1.0,1.5,1.0,262,-0.024353837797001555,0.9991551120039576,-0.0037799359705822893,1172.7684362767043,132,15.244312098633438,1.4883736326178423,1.7285046577197392,612.390063336439
4.0,2.0,1.0,1.5,1.5,262,0.09535669582182309,1.003308132718697,0.014714640735086819,1231.407370604771,132,16.176892924897267,1.518250211035116,1.8170078281247437,619.3161520221254
4.0,2.0,1.5,0.0,1.0,261,-0.7978757487717547,0.9735342716164624,-0.12141323535811273,1423.0331405272125,131,11.514996745232882,1.3244916506310553,1.2940289651490058,545.4630642107245
4.0,2.0,1.5,1.0,0.75,265,-0.3355400809489551,0.9882652773961206,-0.0531657039301394,1380.0116426550517,132,14.216921108236505,1.4554596731782443,1.6421649595536312,584.7517699536277
4.0,2.0,1.5,1.0,1.0,262,-0.4993219646420062,0.9826774269582189,-0.07780423665175841,1207.2256764001152,132,13.545620721236421,1.4338301304642598,1.5688283888055001,609.7699183221409
4.0,2.0,1.5,1.0,1.5,261,-0.3581620493178363,0.9879049867707627,-0.05477895854626526,1307.4270554068044,131,12.111155654248629,1.3637622825575388,1.3916640987723352,646.6479490021081
4.0,2.0,1.5,1.5,0.75,262,-0.7131914711471862,0.9762526304346282,-0.10933761686356201,1442.2624247523672,131,10.005082681241863,1.281942397880434,1.1336980186780534,545.4630642107245
4.0,2.0,1.5,1.5,1.0,261,-0.9164922017253082,0.9695997356557945,-0.14025904091628794,1363.988940611891,131,9.878864761518173,1.2783855873995875,1.1261929337062313,545.4630642107245
4.0,2.0,1.5,1.5,1.5,261,-0.7963230070581352,0.9735857764284657,-0.12117676335774982,1422.6278749399578,131,10.818564525387071,1.3048662485948823,1.2211073009122861,545.4630642107245
4.0,3.0,0.0,0.0,1.0,260,-2.117336574432268,0.9316931750216787,-0.3128007038548711,1592.7454955372782,131,12.427128888994599,1.344801697850725,1.3388289060396448,545.4630642107245
4.0,3.0,0.0,1.0,0.75,265,-0.3259535184182759,0.9886005448005514,-0.05058472136123449,1457.6694886154319,132,16.36840348544389,1.5243855294104998,1.7990774946242827,545.4630642107245
4.0,3.0,0.0,1.0,1.0,262,-0.2918952562490696,0.9898735139749977,-0.04424714002231483,1282.981751641047,132,15.357094565413886,1.4918468098269142,1.7002761653497058,555.0678912146357
4.0,3.0,0.0,1.0,1.5,261,-0.5354642839134353,0.9819175493047009,-0.0800020965284198,1312.8717196312118,131,13.375582175020707,1.40173972174279,1.4782479837447087,591.9459218946029
4.0,3.0,0.0,1.5,0.75,262,-0.7034951388165382,0.9765754923820855,-0.1057243201694655,1509.8760725189127,131,12.630270145210812,1.355919962290246,1.3529894473746356,545.4630642107245
4.0,3.0,0.0,1.5,1.0,261,-0.7082707549860385,0.9765064905753567,-0.10552600348747025,1439.7450158528227,131,11.573138763053743,1.3261300878578415,1.2578729274942282,545.4630642107245
4.0,3.0,0.0,1.5,1.5,261,-0.9736252416537341,0.9677046191306974,-0.14476441790498856,1428.072539164365,131,12.540272603323713,1.3533838390445516,1.3622940134179569,545.4630642107245
4.0,3.0,1.0,0.0,1.0,262,-0.4233789654049152,0.9853120560041083,-0.06387957462281296,1277.931368730096,132,18.39199715484897,1.589214285531179,1.9618501462617104,547.6458588575608
4.0,3.0,1.0,1.0,0.75,265,-0.3259535184182759,0.9886005448005514,-0.05058472136123449,1457.6694886154319,132,16.36840348544389,1.5243855294104998,1.7990774946242827,545.4630642107245
4.0,3.0,1.0,1.0,1.0,262,-0.14617904567187287,0.9949287286057115,-0.022161254898588407,1272.0001120937804,132,16.053249265398172,1.5142891071985478,1.760719027460176,555.0678912146357
4.0,3.0,1.0,1.0,1.5,262,-0.0685691769842395,0.9976211850051978,-0.010332080178489928,1234.9813186173374,132,17.62704329753607,1.5647078800165333,1.8917720121554091,564.6141249146201
4.0,3.0,1.0,1.5,0.75,263,0.23678449427093695,1.008245926267959,0.03605755171419165,1304.889278968027,132,17.52105619920297,1.56131242970768,1.8838066436777712,547.6458588575608
4.0,3.0,1.0,1.5,1.0,262,0.18307287059593505,1.0063511990207363,0.02764850091679266,1248.5245115176358,132,16.471933388122846,1.5277022598952046,1.8025724230753508,557.6880362289337
4.0,3.0,1.0,1.5,1.5,262,-0.0685691769842395,0.9976211850051978,-0.010332080178489928,1234.9813186173374,132,17.62704329753607,1.5647078800165333,1.8917720121554091,564.6141249146201
4.0,3.0,1.5,0.0,1.0,261,-1.3170461612397653,0.9563132655358804,-0.19605371982540595,1469.1518730652829,131,13.507859505098384,1.3806503574667854,1.4564936198909333,545.4630642107245
4.0,3.0,1.5,1.0,0.75,265,-0.3259535184182759,0.9886005448005514,-0.05058472136123449,1457.6694886154319,132,16.36840348544389,1.5243855294104998,1.7990774946242827,545.4630642107245
4.0,3.0,1.5,1.0,1.0,262,-0.2918952562490696,0.9898735139749977,-0.04424714002231483,1282.981751641047,132,15.357094565413886,1.4918468098269142,1.7002761653497058,555.0678912146357
4.0,3.0,1.5,1.0,1.5,261,-0.5227159906020834,0.9823480549279088,-0.07808456557133829,1311.001003419371,131,13.572375877060244,1.4076504810700174,1.498542523299675,591.9459218946029
4.0,3.0,1.5,1.5,0.75,262,-0.7034951388165382,0.9765754923820855,-0.1057243201694655,1509.8760725189127,131,12.630270145210812,1.355919962290246,1.3529894473746356,545.4630642107245
4.0,3.0,1.5,1.5,1.0,261,-0.7082707549860385,0.9765064905753567,-0.10552600348747025,1439.7450158528227,131,11.573138763053743,1.3261300878578415,1.2578729274942282,545.4630642107245
4.0,3.0,1.5,1.5,1.5,261,-0.9608769483423824,0.9681274830523685,-0.1428455795713735,1426.2018229525243,131,12.737066305363252,1.3589294692015939,1.3823650983139917,545.4630642107245
4.0,4.0,0.0,0.0,1.0,259,-2.203492516547024,0.9290884088242312,-0.32861656580092913,1581.2957936668852,130,15.372823842142386,1.4403609130674726,1.5751961070570066,545.4630642107245
4.0,4.0,0.0,1.0,0.75,265,-0.7877843137783652,0.9724491024507955,-0.12536762464898762,1457.6694886154323,132,16.168359992557274,1.5179768461802898,1.803179202328482,545.4630642107245
4.0,4.0,0.0,1.0,1.0,262,-0.2144255836280791,0.992561106665742,-0.032757982421640804,1262.0682477969458,132,14.784998966628644,1.4735241125237244,1.6758604874598648,553.9770237820017
4.0,4.0,0.0,1.0,1.5,260,-0.6152047328257538,0.9792742518472709,-0.09280679367385496,1319.8546788079752,130,15.061295525422375,1.4585664244769923,1.6071086404661474,545.4630642107245
4.0,4.0,0.0,1.5,0.75,262,-1.1706140730547967,0.9610216805221438,-0.18021661926690627,1509.8760725189131,131,12.88598115992477,1.3631258774185702,1.387671397732794,545.4630642107245
4.0,4.0,0.0,1.5,1.0,261,-0.6305042636960021,0.9790860235903545,-0.09465399177519171,1418.8315120087216,131,11.453957579457631,1.322771572015857,1.262247475960166,545.4630642107245
4.0,4.0,0.0,1.5,1.5,260,-1.0550509250188995,0.9650880128843673,-0.15837143454862904,1435.0554983411287,130,15.383426601305683,1.4478407459473528,1.5908045311609904,545.4630642107245
4.0,4.0,1.0,0.0,1.0,261,-0.5023844496910999,0.9826118717686377,-0.07654833425498953,1284.9143279068599,131,19.17442541903173,1.609626868776984,2.0167666527213903,545.4630642107245
4.0,4.0,1.0,1.0,0.75,265,-0.7877843137783652,0.9724491024507955,-0.12536762464898762,1457.6694886154323,132,16.168359992557274,1.5179768461802898,1.803179202328482,545.4630642107245
4.0,4.0,1.0,1.0,1.0,262,-0.06870937305088236,0.9976163212964558,-0.01049805506290512,1251.0866082496793,132,15.48115366661293,1.4959611955174117,1.7375340655712235,553.9770237820017
4.0,4.0,1.0,1.0,1.5,261,-0.14621523679371662,0.9949393153225354,-0.022248529838604612,1241.9642777941012,131,18.301010327037933,1.5818577285791113,1.9395324241065752,545.4630642107245
4.0,4.0,1.0,1.5,0.75,263,-0.22855832234664358,0.9920405469124915,-0.035669102650133976,1304.8892789680274,132,17.321012706316356,1.55490374647747,1.8884143627051935,545.4630642107245
4.0,4.0,1.0,1.5,1.0,262,0.26054254321692555,1.0090387917114807,0.03965380864160614,1227.6110076735347,132,15.899837789337601,1.5093743482140685,1.7802971657255247,545.4630642107245
4.0,4.0,1.0,1.5,1.5,261,-0.14621523679371662,0.9949393153225354,-0.022248529838604612,1241.9642777941012,131,18.301010327037933,1.5818577285791113,1.9395324241065752,545.4630642107245
4.0,4.0,1.5,0.0,1.0,260,-1.3997926942956462,0.9536803927194976,-0.21037103543508062,1476.1348322420463,130,16.46186777067774,1.4792362152578722,1.688318410781214,545.4630642107245
4.0,4.0,1.5,1.0,0.75,265,-0.7877843137783652,0.9724491024507955,-0.12536762464898762,1457.6694886154323,132,16.168359992557274,1.5179768461802898,1.803179202328482,545.4630642107245
4.0,4.0,1.5,1.0,1.0,262,-0.2144255836280791,0.992561106665742,-0.032757982421640804,1262.0682477969458,132,14.784998966628644,1.4735241125237244,1.6758604874598648,553.9770237820017
4.0,4.0,1.5,1.0,1.5,260,-0.6024074076170507,0.979705383347326,-0.09086088550957187,1317.9839625961345,130,15.259603025169909,1.4646042291899204,1.6267971356486446,545.4630642107245
4.0,4.0,1.5,1.5,0.75,262,-1.1706140730547967,0.9610216805221438,-0.18021661926690627,1509.8760725189131,131,12.88598115992477,1.3631258774185702,1.387671397732794,545.4630642107245
4.0,4.0,1.5,1.5,1.0,261,-0.6305042636960021,0.9790860235903545,-0.09465399177519171,1418.8315120087216,131,11.453957579457631,1.322771572015857,1.262247475960166,545.4630642107245
4.0,4.0,1.5,1.5,1.5,260,-1.0422535998101965,0.9655114806452176,-0.15642418435083885,1433.184782129288,130,15.581734101053216,1.4536138536505712,1.6099478821061648,545.4630642107245
6.0,0.0,0.0,0.0,1.0,251,-3.886644797651912,0.8846687190594513,-0.5235663569288154,1582.7501181204939,125,15.824044051480005,1.414255481848829,1.4748915455031926,573.3751914392404
6.0,0.0,0.0,1.0,0.75,253,-2.8934703826424815,0.911999168051889,-0.394731202814278,1530.1523159968049,126,11.677692984340705,1.2957032496072616,1.1471878597599887,796.1350017494558
6.0,0.0,0.0,1.0,1.0,252,-2.852229276523231,0.9134796333348969,-0.38636131305502736,1473.1355671919341,125,16.071981777591184,1.4272531969215765,1.5069675851645068,573.3751914392404
6.0,0.0,0.0,1.0,1.5,251,-3.423540200081564,0.8971669309646813,-0.462235296060038,1572.4762950049903,125,15.824044051480005,1.414255481848829,1.4748915455031926,573.3751914392404
6.0,0.0,0.0,1.5,0.75,252,-3.458223349051993,0.8959788658450603,-0.4698927386080908,1687.3811130554564,126,12.11523722677691,1.302363890560751,1.1754317013514635,741.00334955776
6.0,0.0,0.0,1.5,1.0,251,-3.303910168236167,0.9008821267740403,-0.4459075224559937,1557.6072966034742,125,16.437842020108327,1.430324014799366,1.5250588369922362,573.3751914392404
6.0,0.0,0.0,1.5,1.5,251,-3.464471766278789,0.8960652512207191,-0.4677465288471872,1582.7501181204939,125,15.824044051480005,1.414255481848829,1.4748915455031926,573.3751914392404
6.0,0.0,1.0,0.0,1.0,252,-2.9954000354880934,0.9091366491774451,-0.4058686794657793,1495.966255852631,125,15.736287334097538,1.418329187041759,1.4799706962531913,573.3751914392404
6.0,0.0,1.0,1.0,0.75,253,-2.8934703826424815,0.911999168051889,-0.394731202814278,1530.1523159968049,126,11.677692984340705,1.2957032496072616,1.1471878597599887,796.1350017494558
6.0,0.0,1.0,1.0,1.0,252,-2.6935145003092673,0.9182941343100572,-0.36458045416761686,1453.83329866559,125,16.552307080737595,1.4400220342791301,1.548247540273825,573.3751914392404
6.0,0.0,1.0,1.0,1.5,252,-2.9954000354880934,0.9091366491774451,-0.4058686794657793,1495.966255852631,125,15.736287334097538,1.418329187041759,1.4799706962531913,573.3751914392404
6.0,0.0,1.0,1.5,0.75,253,-2.8931755577174973,0.9120081347373036,-0.39430462595704074,1594.6240454083393,126,12.228793834544042,1.3096582587417693,1.1968885382728525,741.00334955776
6.0,0.0,1.0,1.5,1.0,252,-2.737232477653581,0.9169679802519595,-0.37055413881518157,1464.8502289563571,125,16.552307080737595,1.4400220342791301,1.548247540273825,573.3751914392404
6.0,0.0,1.0,1.5,1.5,252,-2.9954000354880934,0.9091366491774451,-0.4058686794657793,1495.966255852631,125,15.736287334097538,1.418329187041759,1.4799706962531913,573.3751914392404
6.0,0.0,1.5,0.0,1.0,251,-3.563106282077987,0.893106198784403,-0.4813282321050838,1588.723323499748,125,15.62182227346827,1.4089615456200086,1.4571536791490867,573.3751914392404
6.0,0.0,1.5,1.0,0.75,253,-2.8934703826424815,0.911999168051889,-0.394731202814278,1530.1523159968049,126,11.677692984340705,1.2957032496072616,1.1471878597599887,796.1350017494558
6.0,0.0,1.5,1.0,1.0,252,-2.852229276523231,0.9134796333348969,-0.38636131305502736,1473.1355671919341,125,16.071981777591184,1.4272531969215765,1.5069675851645068,573.3751914392404
6.0,0.0,1.5,1.0,1.5,251,-3.522174715880762,0.8942042404806605,-0.4758142764504893,1578.4495003842444,125,15.62182227346827,1.4089615456200086,1.4571536791490867,573.3751914392404
6.0,0.0,1.5,1.5,0.75,252,-3.458223349051993,0.8959788658450603,-0.4698927386080908,1687.3811130554564,126,12.11523722677691,1.302363890560751,1.1754317013514635,741.00334955776
6.0,0.0,1.5,1.5,1.0,251,-3.303910168236167,0.9008821267740403,-0.4459075224559937,1557.6072966034742,125,16.437842020108327,1.430324014799366,1.5250588369922362,573.3751914392404
6.0,0.0,1.5,1.5,1.5,251,-3.563106282077987,0.893106198784403,-0.4813282321050838,1588.723323499748,125,15.62182227346827,1.4089615456200086,1.4571536791490867,573.3751914392404
6.0,1.5,0.0,0.0,1.0,252,-2.8659609969577677,0.9137937364776937,-0.3901410643067181,1513.871495710652,126,11.674713497173164,1.2913695974838535,1.1422905860368284,681.8592880918741
6.0,1.5,0.0,1.0,0.75,253,-2.8361976479025084,0.9137410377234418,-0.39102201740557313,1356.6426986519998,126,10.75766212122607,1.2724061723226654,1.078248348512859,718.7688613183861
6.0,1.5,0.0,1.0,1.0,253,-2.4177964296044823,0.9264661222859814,-0.33034035092946373,1429.3997662991117,126,11.756856914631674,1.2977078434487088,1.157449631937833,681.8592880918741
6.0,1.5,0.0,1.0,1.5,252,-2.8251918576105313,0.9149157062913816,-0.38460448524133056,1503.5976725951484,126,11.674713497173164,1.2913695974838535,1.1422905860368284,681.8592880918741
6.0,1.5,0.0,1.5,0.75,252,-2.8659609969577677,0.9137937364776937,-0.3901410643067181,1513.871495710652,126,11.674713497173164,1.2913695974838535,1.1422905860368284,681.8592880918741
6.0,1.5,0.0,1.5,1.0,252,-2.8659609969577677,0.9137937364776937,-0.3901410643067181,1513.871495710652,126,11.674713497173164,1.2913695974838535,1.1422905860368284,681.8592880918741
6.0,1.5,0.0,1.5,1.5,252,-2.8659609969577677,0.9137937364776937,-0.3901410643067181,1513.871495710652,126,11.674713497173164,1.2913695974838535,1.1422905860368284,681.8592880918741
6.0,1.5,1.0,0.0,1.0,253,-2.3032541635366885,0.929949764201812,-0.31449489340968334,1421.1144280635347,126,12.233370112197559,1.3097741395219085,1.2011074163833764,681.8592880918741
6.0,1.5,1.0,1.0,0.75,253,-2.8361976479025084,0.9137410377234418,-0.39102201740557313,1356.6426986519998,126,10.75766212122607,1.2724061723226654,1.078248348512859,718.7688613183861
6.0,1.5,1.0,1.0,1.0,253,-2.259708984521799,0.9312741295741439,-0.3085022279350582,1410.0974977727676,126,12.233370112197559,1.3097741395219085,1.2011074163833764,681.8592880918741
6.0,1.5,1.0,1.0,1.5,253,-2.3032541635366885,0.929949764201812,-0.31449489340968334,1421.1144280635347,126,12.233370112197559,1.3097741395219085,1.2011074163833764,681.8592880918741
6.0,1.5,1.0,1.5,0.75,253,-2.3032541635366885,0.929949764201812,-0.31449489340968334,1421.1144280635347,126,12.233370112197559,1.3097741395219085,1.2011074163833764,681.8592880918741
6.0,1.5,1.0,1.5,1.0,253,-2.3032541635366885,0.929949764201812,-0.31449489340968334,1421.1144280635347,126,12.233370112197559,1.3097741395219085,1.2011074163833764,681.8592880918741
6.0,1.5,1.0,1.5,1.5,253,-2.3032541635366885,0.929949764201812,-0.31449489340968334,1421.1144280635347,126,12.233370112197559,1.3097741395219085,1.2011074163833764,681.8592880918741
6.0,1.5,1.5,0.0,1.0,252,-2.8659609969577677,0.9137937364776937,-0.3901410643067181,1513.871495710652,126,11.674713497173164,1.2913695974838535,1.1422905860368284,681.8592880918741
6.0,1.5,1.5,1.0,0.75,253,-2.8361976479025084,0.9137410377234418,-0.39102201740557313,1356.6426986519998,126,10.75766212122607,1.2724061723226654,1.078248348512859,718.7688613183861
6.0,1.5,1.5,1.0,1.0,253,-2.4177964296044823,0.9264661222859814,-0.33034035092946373,1429.3997662991117,126,11.756856914631674,1.2977078434487088,1.157449631937833,681.8592880918741
6.0,1.5,1.5,1.0,1.5,252,-2.8251918576105313,0.9149157062913816,-0.38460448524133056,1503.5976725951484,126,11.674713497173164,1.2913695974838535,1.1422905860368284,681.8592880918741
6.0,1.5,1.5,1.5,0.75,252,-2.8659609969577677,0.9137937364776937,-0.3901410643067181,1513.871495710652,126,11.674713497173164,1.2913695974838535,1.1422905860368284,681.8592880918741
6.0,1.5,1.5,1.5,1.0,252,-2.8659609969577677,0.9137937364776937,-0.3901410643067181,1513.871495710652,126,11.674713497173164,1.2913695974838535,1.1422905860368284,681.8592880918741
6.0,1.5,1.5,1.5,1.5,252,-2.8659609969577677,0.9137937364776937,-0.3901410643067181,1513.871495710652,126,11.674713497173164,1.2913695974838535,1.1422905860368284,681.8592880918741
6.0,2.0,0.0,0.0,1.0,252,-4.0081407350295155,0.8807478119748994,-0.5400182122039522,1594.1998199908874,126,12.46854167944834,1.3111814239579562,1.2112338891618104,618.4383855439019
6.0,2.0,0.0,1.0,0.75,253,-3.124701670241621,0.9049665936722704,-0.4257327244268768,1551.0658198409062,126,11.913629743571114,1.3016776545260922,1.154103835175098,796.1350017494558
6.0,2.0,0.0,1.0,1.0,253,-2.9773335917022226,0.9094485865040816,-0.4033562704346172,1484.5852690623271,126,12.586175223711146,1.3187078919413733,1.2316132427247024,618.4383855439019
6.0,2.0,0.0,1.0,1.5,252,-3.546873854116192,0.8931813229115416,-0.47895249202722545,1583.9259968753838,126,12.46854167944834,1.3111814239579562,1.2112338891618104,618.4383855439019
6.0,2.0,0.0,1.5,0.75,252,-3.690372221125732,0.8889959770815222,-0.5008019977287345,1708.2946168995577,126,12.244479796436803,1.3055894391370564,1.173521590487265,741.00334955776
6.0,2.0,0.0,1.5,1.0,252,-3.427718544619388,0.8968964307429793,-0.4626808652700358,1569.0569984738675,126,12.842437623939382,1.3205128658707346,1.2442685220393774,618.4383855439019
6.0,2.0,0.0,1.5,1.5,252,-3.587642993463428,0.8920860061784639,-0.4844423161431163,1594.1998199908874,126,12.46854167944834,1.3111814239579562,1.2112338891618104,618.4383855439019
6.0,2.0,1.0,0.0,1.0,253,-3.1199384583391603,0.9051114600627046,-0.42279372942498394,1507.415957723024,126,12.48817563352038,1.3162263403781964,1.2230815881125159,618.4383855439019
6.0,2.0,1.0,1.0,0.75,253,-3.124701670241621,0.9049665936722704,-0.4257327244268768,1551.0658198409062,126,11.913629743571114,1.3016776545260922,1.154103835175098,796.1350017494558
6.0,2.0,1.0,1.0,1.0,253,-2.8192461466195393,0.914256593792244,-0.38164629850395854,1465.283000535983,126,13.06268842127703,1.3307741880145727,1.2748486569588544,618.4383855439019
6.0,2.0,1.0,1.0,1.5,253,-3.1199384583391603,0.9051114600627046,-0.42279372942498394,1507.415957723024,126,12.48817563352038,1.3162263403781964,1.2230815881125159,618.4383855439019
6.0,2.0,1.0,1.5,0.75,253,-3.124406845316637,0.904975560357685,-0.42527690987872224,1615.5375492524408,126,12.464730593774451,1.3156326636606,1.203157747756983,741.00334955776
6.0,2.0,1.0,1.5,1.0,253,-2.862791325634429,0.9129322284199121,-0.38759963208926274,1476.2999308267501,126,13.06268842127703,1.3307741880145727,1.2748486569588544,618.4383855439019
6.0,2.0,1.0,1.5,1.5,253,-3.1199384583391603,0.9051114600627046,-0.42279372942498394,1507.415957723024,126,12.48817563352038,1.3162263403781964,1.2230815881125159,618.4383855439019
6.0,2.0,1.5,0.0,1.0,252,-3.6858861024539005,0.8891309166458871,-0.49798053744267834,1600.1730253701414,126,12.267924836182729,1.306174564570363,1.192746114325868,618.4383855439019
6.0,2.0,1.5,1.0,0.75,253,-3.124701670241621,0.9049665936722704,-0.4257327244268768,1551.0658198409062,126,11.913629743571114,1.3016776545260922,1.154103835175098,796.1350017494558
6.0,2.0,1.5,1.0,1.0,253,-2.9773335917022226,0.9094485865040816,-0.4033562704346172,1484.5852690623271,126,12.586175223711146,1.3187078919413733,1.2316132427247024,618.4383855439019
6.0,2.0,1.5,1.0,1.5,252,-3.645116963106664,0.8902226050752022,-0.49248800604350773,1589.8992022546379,126,12.267924836182729,1.306174564570363,1.192746114325868,618.4383855439019
6.0,2.0,1.5,1.5,0.75,252,-3.690372221125732,0.8889959770815222,-0.5008019977287345,1708.2946168995577,126,12.244479796436803,1.3055894391370564,1.173521590487265,741.00334955776
6.0,2.0,1.5,1.5,1.0,252,-3.427718544619388,0.8968964307429793,-0.4626808652700358,1569.0569984738675,126,12.842437623939382,1.3205128658707346,1.2442685220393774,618.4383855439019
6.0,2.0,1.5,1.5,1.5,252,-3.6858861024539005,0.8891309166458871,-0.49798053744267834,1600.1730253701414,126,12.267924836182729,1.306174564570363,1.192746114325868,618.4383855439019
6.0,3.0,0.0,0.0,1.0,251,-3.864511361920266,0.885325500841025,-0.5201081357314917,1582.7501181204939,125,15.298038505865746,1.4004852547156954,1.437005941483271,573.3751914392404
6.0,3.0,0.0,1.0,0.75,253,-2.8715119147822317,0.9126670039667129,-0.39137415846880086,1530.1523159968049,126,11.045741662894445,1.2797009399390893,1.0968893339130392,796.1350017494558
6.0,3.0,0.0,1.0,1.0,252,-2.830183671885758,0.9141483712278454,-0.38302352922638855,1473.1355671919341,125,15.550641050105495,1.4133940166670138,1.4694887000359695,573.3751914392404
6.0,3.0,0.0,1.0,1.5,251,-3.4014067643499177,0.8978317542153406,-0.4588248457666696,1572.4762950049903,125,15.298038505865746,1.4004852547156954,1.437005941483271,573.3751914392404
6.0,3.0,0.0,1.5,0.75,252,-3.43617774441452,0.8966419834537451,-0.46646607710154037,1687.3811130554564,126,11.48328590533065,1.2865920772135737,1.1259025902665487,741.00334955776
6.0,3.0,0.0,1.5,1.0,251,-3.281776732504521,0.9015461336523132,-0.44251365896428585,1557.6072966034742,125,15.91650129262264,1.4166759073010935,1.487985312979876,573.3751914392404
6.0,3.0,0.0,1.5,1.5,251,-3.442338330547143,0.896729258098992,-0.4643311079439261,1582.7501181204939,125,15.298038505865746,1.4004852547156954,1.437005941483271,573.3751914392404
6.0,3.0,1.0,0.0,1.0,252,-2.9733544308506206,0.9098053870703935,-0.4025118763193411,1495.966255852631,125,15.21028178848328,1.4043459985294675,1.441885934622339,573.3751914392404
6.0,3.0,1.0,1.0,0.75,253,-2.8715119147822317,0.9126670039667129,-0.39137415846880086,1530.1523159968049,126,11.045741662894445,1.2797009399390893,1.0968893339130392,796.1350017494558
6.0,3.0,1.0,1.0,1.0,252,-2.6714688956717945,0.9189628722030058,-0.36126554416227463,1453.83329866559,125,16.03096635325191,1.4261628540245677,1.5111400047282237,573.3751914392404
6.0,3.0,1.0,1.0,1.5,252,-2.9733544308506206,0.9098053870703935,-0.4025118763193411,1495.966255852631,125,15.21028178848328,1.4043459985294675,1.441885934622339,573.3751914392404
6.0,3.0,1.0,1.5,0.75,253,-2.8712170898572476,0.9126759706521275,-0.39095161055499816,1594.6240454083393,126,11.596842513097782,1.293655949073597,1.147253588784482,741.00334955776
6.0,3.0,1.0,1.5,1.0,252,-2.715186873016108,0.9176367181449079,-0.36723318147346795,1464.8502289563571,125,16.03096635325191,1.4261628540245677,1.5111400047282237,573.3751914392404
6.0,3.0,1.0,1.5,1.5,252,-2.9733544308506206,0.9098053870703935,-0.4025118763193411,1495.966255852631,125,15.21028178848328,1.4043459985294675,1.441885934622339,573.3751914392404
6.0,3.0,1.5,0.0,1.0,251,-3.540972846346341,0.8937702056626758,-0.47789812644299845,1588.723323499748,125,15.095816727854011,1.3951913184868752,1.4191140970445197,573.3751914392404
6.0,3.0,1.5,1.0,0.75,253,-2.8715119147822317,0.9126670039667129,-0.39137415846880086,1530.1523159968049,126,11.045741662894445,1.2797009399390893,1.0968893339130392,796.1350017494558
6.0,3.0,1.5,1.0,1.0,252,-2.830183671885758,0.9141483712278454,-0.38302352922638855,1473.1355671919341,125,15.550641050105495,1.4133940166670138,1.4694887000359695,573.3751914392404
6.0,3.0,1.5,1.0,1.5,251,-3.500041280149116,0.8948690637313198,-0.4723891513598676,1578.4495003842444,125,15.095816727854011,1.3951913184868752,1.4191140970445197,573.3751914392404
6.0,3.0,1.5,1.5,0.75,252,-3.43617774441452,0.8966419834537451,-0.46646607710154037,1687.3811130554564,126,11.48328590533065,1.2865920772135737,1.1259025902665487,741.00334955776
6.0,3.0,1.5,1.5,1.0,251,-3.281776732504521,0.9015461336523132,-0.44251365896428585,1557.6072966034742,125,15.91650129262264,1.4166759073010935,1.487985312979876,573.3751914392404
6.0,3.0,1.5,1.5,1.5,251,-3.540972846346341,0.8937702056626758,-0.47789812644299845,1588.723323499748,125,15.095816727854011,1.3951913184868752,1.4191140970445197,573.3751914392404
6.0,4.0,0.0,0.0,1.0,251,-3.886644797651912,0.8846687190594513,-0.5235663569288154,1582.7501181204939,125,15.760703323994347,1.4125972936195834,1.4705560792941006,573.3751914392404
6.0,4.0,0.0,1.0,0.75,253,-2.8934703826424815,0.911999168051889,-0.394731202814278,1530.1523159968049,126,11.504734538022024,1.29132358534549,1.133982842318427,796.1350017494558
6.0,4.0,0.0,1.0,1.0,252,-2.852229276523231,0.9134796333348969,-0.38636131305502736,1473.1355671919341,125,16.013305868234095,1.4256933724890941,1.5029657569012278,573.3751914392404
6.0,4.0,0.0,1.0,1.5,251,-3.423540200081564,0.8971669309646813,-0.462235296060038,1572.4762950049903,125,15.760703323994347,1.4125972936195834,1.4705560792941006,573.3751914392404
6.0,4.0,0.0,1.5,0.75,252,-3.458223349051993,0.8959788658450603,-0.4698927386080908,1687.3811130554564,126,11.94227878045823,1.2980473107236947,1.1624330953900808,741.00334955776
6.0,4.0,0.0,1.5,1.0,251,-3.303910168236167,0.9008821267740403,-0.4459075224559937,1557.6072966034742,125,16.37916611075124,1.4287879462049815,1.5211000756430952,573.3751914392404
6.0,4.0,0.0,1.5,1.5,251,-3.464471766278789,0.8960652512207191,-0.4677465288471872,1582.7501181204939,125,15.760703323994347,1.4125972936195834,1.4705560792941006,573.3751914392404
6.0,4.0,1.0,0.0,1.0,252,-2.9954000354880934,0.9091366491774451,-0.4058686794657793,1495.966255852631,125,15.67294660661188,1.4166453543515478,1.475616142569338,573.3751914392404
6.0,4.0,1.0,1.0,0.75,253,-2.8934703826424815,0.911999168051889,-0.394731202814278,1530.1523159968049,126,11.504734538022024,1.29132358534549,1.133982842318427,796.1350017494558
6.0,4.0,1.0,1.0,1.0,252,-2.6935145003092673,0.9182941343100572,-0.36458045416761686,1453.83329866559,125,16.493631171380507,1.438462209846648,1.5442912958278872,573.3751914392404
6.0,4.0,1.0,1.0,1.5,252,-2.9954000354880934,0.9091366491774451,-0.4058686794657793,1495.966255852631,125,15.67294660661188,1.4166453543515478,1.475616142569338,573.3751914392404
6.0,4.0,1.0,1.5,0.75,253,-2.8931755577174973,0.9120081347373036,-0.39430462595704074,1594.6240454083393,126,12.055835388225361,1.3052785944799978,1.1838793606567695,741.00334955776
6.0,4.0,1.0,1.5,1.0,252,-2.737232477653581,0.9169679802519595,-0.37055413881518157,1464.8502289563571,125,16.493631171380507,1.438462209846648,1.5442912958278872,573.3751914392404
6.0,4.0,1.0,1.5,1.5,252,-2.9954000354880934,0.9091366491774451,-0.4058686794657793,1495.966255852631,125,15.67294660661188,1.4166453543515478,1.475616142569338,573.3751914392404
6.0,4.0,1.5,0.0,1.0,251,-3.563106282077987,0.893106198784403,-0.4813282321050838,1588.723323499748,125,15.55848154598261,1.4073033573907632,1.452797783480276,573.3751914392404
6.0,4.0,1.5,1.0,0.75,253,-2.8934703826424815,0.911999168051889,-0.394731202814278,1530.1523159968049,126,11.504734538022024,1.29132358534549,1.133982842318427,796.1350017494558
6.0,4.0,1.5,1.0,1.0,252,-2.852229276523231,0.9134796333348969,-0.38636131305502736,1473.1355671919341,125,16.013305868234095,1.4256933724890941,1.5029657569012278,573.3751914392404
6.0,4.0,1.5,1.0,1.5,251,-3.522174715880762,0.8942042404806605,-0.4758142764504893,1578.4495003842444,125,15.55848154598261,1.4073033573907632,1.452797783480276,573.3751914392404
6.0,4.0,1.5,1.5,0.75,252,-3.458223349051993,0.8959788658450603,-0.4698927386080908,1687.3811130554564,126,11.94227878045823,1.2980473107236947,1.1624330953900808,741.00334955776
6.0,4.0,1.5,1.5,1.0,251,-3.303910168236167,0.9008821267740403,-0.4459075224559937,1557.6072966034742,125,16.37916611075124,1.4287879462049815,1.5211000756430952,573.3751914392404
6.0,4.0,1.5,1.5,1.5,251,-3.563106282077987,0.893106198784403,-0.4813282321050838,1588.723323499748,125,15.55848154598261,1.4073033573907632,1.452797783480276,573.3751914392404
