tf,design,stop,tgt,be,be_off,arm,tr,n,R,pts,pf,win,sharpe,p_flat
3,S1 opening drive,1.0,0.0,0.0,0.0,0.0,0.0,803,-0.20340890297802794,-2.1324679842526355,0.8304108070090368,0.0660024906600249,-1.281801037765051,0.0660024906600249
3,S1 opening drive,1.0,0.0,0.0,0.0,1.0,1.0,915,-0.3305434340023107,-2.1524533487611737,0.5304210877642502,0.3519125683060109,-3.7172693223081845,0.0
3,S1 opening drive,1.0,0.0,1.0,0.25,0.0,0.0,902,-0.2492589496783239,-1.8730478171985618,0.6473683398857035,0.2039911308203991,-1.7540270690099389,0.028824833702882482
3,S1 opening drive,1.0,0.0,1.0,0.25,1.0,1.0,916,-0.3295325924548103,-2.1391612914306166,0.5241086297624193,0.3799126637554585,-3.7143484680748196,0.0
3,S1 opening drive,1.0,1.0,0.0,0.0,0.0,0.0,1019,-0.3463581803497266,-2.3607660331197686,0.4936946611748217,0.4681059862610402,-6.069676660548533,0.0
3,S1 opening drive,1.0,1.0,0.0,0.0,1.0,1.0,1019,-0.3463581803497266,-2.3607660331197686,0.4936946611748217,0.4681059862610402,-6.069676660548533,0.0
3,S1 opening drive,1.0,1.0,1.0,0.25,0.0,0.0,1019,-0.3463581803497266,-2.3607660331197686,0.4936946611748217,0.4681059862610402,-6.069676660548533,0.0
3,S1 opening drive,1.0,1.0,1.0,0.25,1.0,1.0,1019,-0.3463581803497266,-2.3607660331197686,0.4936946611748217,0.4681059862610402,-6.069676660548533,0.0
3,S1 opening drive,1.0,1.5,0.0,0.0,0.0,0.0,931,-0.334749200365007,-2.307736283915088,0.5798555628457954,0.3791621911922664,-4.3708994813257185,0.0
3,S1 opening drive,1.0,1.5,0.0,0.0,1.0,1.0,951,-0.34263152208704395,-2.3005304873131314,0.5112870966473241,0.3501577287066246,-4.829016580924008,0.0
3,S1 opening drive,1.0,1.5,1.0,0.25,0.0,0.0,952,-0.3361576219089938,-2.247283303411042,0.5133366708414053,0.36869747899159666,-4.749798329510252,0.0
3,S1 opening drive,1.0,1.5,1.0,0.25,1.0,1.0,952,-0.34103667104951785,-2.2893504930645334,0.505114514316789,0.38130252100840334,-4.839048331918901,0.0
3,S1 opening drive,1.0,2.0,0.0,0.0,0.0,0.0,890,-0.3833289666674314,-2.7817187865168114,0.573336410943514,0.3,-4.928251963431704,0.0
3,S1 opening drive,1.0,2.0,0.0,0.0,1.0,1.0,929,-0.34701085273433024,-2.32528315005199,0.5076002889999808,0.3519913885898816,-4.726921787644056,0.0
3,S1 opening drive,1.0,2.0,1.0,0.25,0.0,0.0,930,-0.34269472185322336,-2.337358556625223,0.5096015880082068,0.3139784946236559,-4.850793616215107,0.0
3,S1 opening drive,1.0,2.0,1.0,0.25,1.0,1.0,930,-0.34574734887253683,-2.311853116061478,0.5012583775361581,0.3795698924731183,-4.727243082674984,0.0
3,S1 opening drive,1.0,3.0,0.0,0.0,0.0,0.0,830,-0.3678839192368791,-2.561192593995741,0.6285110801057046,0.2289156626506024,-3.5388151550923395,0.0
3,S1 opening drive,1.0,3.0,0.0,0.0,1.0,1.0,915,-0.3446362936983074,-2.265705761278946,0.5104003914030848,0.3519125683060109,-4.159646977536113,0.0
3,S1 opening drive,1.0,3.0,1.0,0.25,0.0,0.0,915,-0.33371701929773073,-2.2072241732694797,0.5249786884287396,0.26885245901639343,-3.881640288563348,0.0
3,S1 opening drive,1.0,3.0,1.0,0.25,1.0,1.0,916,-0.3445530899319893,-2.2614392603225046,0.5024169206880124,0.3799126637554585,-4.185681903825899,0.0
3,S1 opening drive,1.5,0.0,0.0,0.0,0.0,0.0,690,-0.0864394377846491,-1.6543747161283162,0.9198974094812418,0.0927536231884058,-0.7152509856389352,0.0927536231884058
3,S1 opening drive,1.5,0.0,0.0,0.0,1.0,1.0,787,-0.22828943266351917,-2.343832044972885,0.640349765655153,0.38373570520965694,-2.7537472847822704,0.0
3,S1 opening drive,1.5,0.0,1.0,0.25,0.0,0.0,775,-0.17985648507899846,-2.256934477586333,0.7123790482135958,0.42451612903225805,-1.626429185364995,0.03870967741935484
3,S1 opening drive,1.5,0.0,1.0,0.25,1.0,1.0,788,-0.22534452362698876,-2.2977886590653696,0.6388935579774162,0.4581218274111675,-2.7089546636218627,0.0
3,S1 opening drive,1.5,1.0,0.0,0.0,0.0,0.0,841,-0.24146793599325397,-2.516665093675194,0.6142911746029649,0.47324613555291317,-3.737610934386303,0.0
3,S1 opening drive,1.5,1.0,0.0,0.0,1.0,1.0,841,-0.24146793599325397,-2.516665093675194,0.6142911746029649,0.47324613555291317,-3.737610934386303,0.0
3,S1 opening drive,1.5,1.0,1.0,0.25,0.0,0.0,841,-0.24146793599325397,-2.516665093675194,0.6142911746029649,0.47324613555291317,-3.737610934386303,0.0
3,S1 opening drive,1.5,1.0,1.0,0.25,1.0,1.0,841,-0.24146793599325397,-2.516665093675194,0.6142911746029649,0.47324613555291317,-3.737610934386303,0.0
3,S1 opening drive,1.5,1.5,0.0,0.0,0.0,0.0,767,-0.2496846619282068,-2.6736585382499958,0.6636647203736402,0.3754889178617992,-3.241719884048613,0.0
3,S1 opening drive,1.5,1.5,0.0,0.0,1.0,1.0,800,-0.2601682321557257,-2.7162752662230925,0.5921979436336408,0.38125,-3.769984074157974,0.0
3,S1 opening drive,1.5,1.5,1.0,0.25,0.0,0.0,801,-0.2552026449147938,-2.6769782513785167,0.5932493599939057,0.4519350811485643,-3.7293158285948005,0.0
3,S1 opening drive,1.5,1.5,1.0,0.25,1.0,1.0,801,-0.25621869611893794,-2.670216416087955,0.5915431711643961,0.4556803995006242,-3.721921779379003,0.0
3,S1 opening drive,1.5,2.0,0.0,0.0,0.0,0.0,721,-0.2648521906957699,-2.6543805238269678,0.6783855318124108,0.3079056865464632,-2.709127023147081,0.0
3,S1 opening drive,1.5,2.0,0.0,0.0,1.0,1.0,788,-0.26461211296307513,-2.7019397477151097,0.5835987666253496,0.383248730964467,-3.484671727236246,0.0
3,S1 opening drive,1.5,2.0,1.0,0.25,0.0,0.0,787,-0.26245856946964,-2.6609400730001154,0.5814862399640237,0.4383735705209657,-3.3612642001469704,0.0
3,S1 opening drive,1.5,2.0,1.0,0.25,1.0,1.0,789,-0.26145021416185804,-2.657822267001529,0.5815267283682947,0.45754119138149557,-3.440972560074262,0.0
3,S1 opening drive,1.5,3.0,0.0,0.0,0.0,0.0,698,-0.22030968432006345,-2.137303166527559,0.7555388659618025,0.24212034383954154,-1.748086807796215,0.0
3,S1 opening drive,1.5,3.0,0.0,0.0,1.0,1.0,787,-0.2461359714305493,-2.5345976101099486,0.6122340890996499,0.38373570520965694,-3.1113656264542526,0.0
3,S1 opening drive,1.5,3.0,1.0,0.25,0.0,0.0,778,-0.23704742226783873,-2.3119858766032197,0.6209378274323617,0.43444730077120824,-2.4539362852949864,0.0
3,S1 opening drive,1.5,3.0,1.0,0.25,1.0,1.0,788,-0.24283078724048432,-2.4842583359811785,0.610872453509883,0.4581218274111675,-3.0596294636988755,0.0
3,S1 opening drive,2.0,0.0,0.0,0.0,0.0,0.0,631,-0.14138854743185347,-2.954518367696965,0.8601303162110254,0.11410459587955626,-1.1202243140989399,0.11568938193343899
3,S1 opening drive,2.0,0.0,0.0,0.0,1.0,1.0,696,-0.1680961299513473,-2.139588879208213,0.722274164520299,0.4109195402298851,-1.8310352374018628,0.0
3,S1 opening drive,2.0,0.0,1.0,0.25,0.0,0.0,688,-0.16615474751905876,-2.677563892679156,0.7215169400030289,0.4680232558139535,-1.5978183871497245,0.04941860465116279
3,S1 opening drive,2.0,0.0,1.0,0.25,1.0,1.0,699,-0.16779640292927622,-2.146751689290368,0.7203277471755984,0.4721030042918455,-1.8538827267978402,0.0
3,S1 opening drive,2.0,1.0,0.0,0.0,0.0,0.0,729,-0.17568642393205283,-2.422636923240948,0.7026175447345667,0.4828532235939643,-2.691632975649006,0.0
3,S1 opening drive,2.0,1.0,0.0,0.0,1.0,1.0,729,-0.17568642393205283,-2.422636923240948,0.7026175447345667,0.4828532235939643,-2.691632975649006,0.0
3,S1 opening drive,2.0,1.0,1.0,0.25,0.0,0.0,729,-0.17568642393205283,-2.422636923240948,0.7026175447345667,0.4828532235939643,-2.691632975649006,0.0
3,S1 opening drive,2.0,1.0,1.0,0.25,1.0,1.0,729,-0.17568642393205283,-2.422636923240948,0.7026175447345667,0.4828532235939643,-2.691632975649006,0.0
3,S1 opening drive,2.0,1.5,0.0,0.0,0.0,0.0,661,-0.19635261467040716,-2.472847255559471,0.7238467604544054,0.37821482602118,-2.1909559812535786,0.0
3,S1 opening drive,2.0,1.5,0.0,0.0,1.0,1.0,699,-0.21575816135049114,-2.918776219545157,0.6439857961026111,0.4105865522174535,-2.9687899087007863,0.0
3,S1 opening drive,2.0,1.5,1.0,0.25,0.0,0.0,702,-0.21401080650826515,-2.902967932141909,0.6438353747196317,0.4686609686609687,-2.9686683501539,0.0
3,S1 opening drive,2.0,1.5,1.0,0.25,1.0,1.0,702,-0.21390143756892296,-2.9024640216824578,0.6439564441919091,0.47150997150997154,-2.9817904336206533,0.0
3,S1 opening drive,2.0,2.0,0.0,0.0,0.0,0.0,644,-0.1915952970647905,-2.4535467348814946,0.7545638547777385,0.3167701863354037,-1.8500071084982104,0.0
3,S1 opening drive,2.0,2.0,0.0,0.0,1.0,1.0,697,-0.19913059846168246,-2.623898422460837,0.6714249474377765,0.4103299856527977,-2.463092652809488,0.0
3,S1 opening drive,2.0,2.0,1.0,0.25,0.0,0.0,695,-0.19064607115632892,-2.48344903229211,0.6824135615422869,0.4676258992805755,-2.280900394691996,0.0
3,S1 opening drive,2.0,2.0,1.0,0.25,1.0,1.0,700,-0.20102699501009522,-2.6733522484117818,0.6653805663301888,0.4714285714285714,-2.5448653132616554,0.0
3,S1 opening drive,2.0,3.0,0.0,0.0,0.0,0.0,634,-0.21897928479037954,-2.4234793378455035,0.7501318373946869,0.2334384858044164,-1.4385836136082393,0.00473186119873817
3,S1 opening drive,2.0,3.0,0.0,0.0,1.0,1.0,696,-0.19145455795093622,-2.520710496769198,0.6836817297417239,0.4109195402298851,-2.2781111526842968,0.0
3,S1 opening drive,2.0,3.0,1.0,0.25,0.0,0.0,690,-0.1750382817936995,-1.9904895867762167,0.7073088339332483,0.4681159420289855,-1.5142001236271452,0.0
3,S1 opening drive,2.0,3.0,1.0,0.25,1.0,1.0,699,-0.19297167575904267,-2.552272055936072,0.6783672215334765,0.4721030042918455,-2.3347927072089245,0.0
3,S1 opening drive,3.0,0.0,0.0,0.0,0.0,0.0,556,-0.011027977505801563,-1.6840530888572836,0.9876700758396215,0.17805755395683454,-0.48264814790789484,0.18884892086330934
3,S1 opening drive,3.0,0.0,0.0,0.0,1.0,1.0,577,0.014066983332301872,0.6225887446161273,1.0254639238961993,0.44714038128249567,0.3121515414981345,0.0017331022530329288
3,S1 opening drive,3.0,0.0,1.0,0.25,0.0,0.0,577,-0.010328083827649041,-0.6425089783142094,0.9813215116590724,0.49566724436741766,-0.24712035316683242,0.07972270363951472
3,S1 opening drive,3.0,0.0,1.0,0.25,1.0,1.0,581,0.014525477906933015,0.6236137182918228,1.0262738598132164,0.49569707401032703,0.31522101894607657,0.0017211703958691911
3,S1 opening drive,3.0,1.0,0.0,0.0,0.0,0.0,592,-0.10534582323317579,-1.8782331641159382,0.8097650259572358,0.49493243243243246,-1.304466877139269,0.0
3,S1 opening drive,3.0,1.0,0.0,0.0,1.0,1.0,592,-0.10534582323317579,-1.8782331641159382,0.8097650259572358,0.49493243243243246,-1.304466877139269,0.0
3,S1 opening drive,3.0,1.0,1.0,0.25,0.0,0.0,592,-0.10534582323317579,-1.8782331641159382,0.8097650259572358,0.49493243243243246,-1.304466877139269,0.0
3,S1 opening drive,3.0,1.0,1.0,0.25,1.0,1.0,592,-0.10534582323317579,-1.8782331641159382,0.8097650259572358,0.49493243243243246,-1.304466877139269,0.0
3,S1 opening drive,3.0,1.5,0.0,0.0,0.0,0.0,565,-0.08337047129101673,-1.4462552014436532,0.8720049925564977,0.40530973451327434,-0.7828826543082037,0.0035398230088495575
3,S1 opening drive,3.0,1.5,0.0,0.0,1.0,1.0,579,-0.07566222836549737,-1.1274660133136118,0.8630355253412014,0.4473229706390328,-0.6823804304973297,0.0
3,S1 opening drive,3.0,1.5,1.0,0.25,0.0,0.0,581,-0.07967142904882847,-1.2307345498934443,0.855889357213616,0.49569707401032703,-0.7477742170625706,0.0
3,S1 opening drive,3.0,1.5,1.0,0.25,1.0,1.0,582,-0.07795987362314545,-1.1821927956072833,0.8587425289008259,0.4965635738831615,-0.7214113221908086,0.0
3,S1 opening drive,3.0,2.0,0.0,0.0,0.0,0.0,559,-0.0931112397800783,-1.367501372806884,0.8717979000235211,0.3363148479427549,-0.6333918128970288,0.008944543828264758
3,S1 opening drive,3.0,2.0,0.0,0.0,1.0,1.0,577,-0.048171574283216584,-0.5144667259408728,0.9128002591222788,0.44714038128249567,-0.29381382818372104,0.0
3,S1 opening drive,3.0,2.0,1.0,0.25,0.0,0.0,579,-0.05773191734640221,-0.49125375456696185,0.8959332814009423,0.4939550949913644,-0.2636742510555729,0.0
3,S1 opening drive,3.0,2.0,1.0,0.25,1.0,1.0,581,-0.04818388360577444,-0.5301381658049512,0.9128444095797906,0.49569707401032703,-0.30562127667003625,0.0
3,S1 opening drive,3.0,3.0,0.0,0.0,0.0,0.0,557,-0.1364611710965616,-3.692737435710143,0.8341825601146785,0.24416517055655296,-1.5280899368852638,0.019748653500897665
3,S1 opening drive,3.0,3.0,0.0,0.0,1.0,1.0,577,-0.02602557479033223,-0.11253630556909333,0.952888743793839,0.44714038128249567,-0.06149553736441897,0.0
3,S1 opening drive,3.0,3.0,1.0,0.25,0.0,0.0,578,-0.11305036930840001,-2.342805401590613,0.7958825321096222,0.49480968858131485,-1.2705614687189675,0.0017301038062283738
3,S1 opening drive,3.0,3.0,1.0,0.25,1.0,1.0,581,-0.02658541988598851,-0.13534251484690593,0.9519119715278651,0.49569707401032703,-0.07470603993210943,0.0
3,S2 level reclaim,1.0,0.0,0.0,0.0,0.0,0.0,580,-0.22576722333014507,-4.491250734453763,0.7541661344490412,0.19482758620689655,-2.072347452280341,0.21724137931034482
3,S2 level reclaim,1.0,0.0,0.0,0.0,1.0,1.0,594,-0.04370224360378853,-0.01843743896619871,0.9229037106206214,0.4494949494949495,-0.012845720953491055,0.0723905723905724
3,S2 level reclaim,1.0,0.0,1.0,0.25,0.0,0.0,594,-0.1437501586771593,-2.427601769218498,0.7457564623757561,0.43097643097643096,-1.4108109255717118,0.12457912457912458
3,S2 level reclaim,1.0,0.0,1.0,0.25,1.0,1.0,594,-0.04885843216957444,-0.2017271053212561,0.9131301794532062,0.4831649831649832,-0.14312132158726423,0.0707070707070707
3,S2 level reclaim,1.0,1.0,0.0,0.0,0.0,0.0,594,-0.1485594557024346,-1.872953085066505,0.735422479453569,0.5033670033670034,-1.6633834866780903,0.03872053872053872
3,S2 level reclaim,1.0,1.0,0.0,0.0,1.0,1.0,594,-0.1485594557024346,-1.872953085066505,0.735422479453569,0.5033670033670034,-1.6633834866780903,0.03872053872053872
3,S2 level reclaim,1.0,1.0,1.0,0.25,0.0,0.0,594,-0.1485594557024346,-1.872953085066505,0.735422479453569,0.5033670033670034,-1.6633834866780903,0.03872053872053872
3,S2 level reclaim,1.0,1.0,1.0,0.25,1.0,1.0,594,-0.1485594557024346,-1.872953085066505,0.735422479453569,0.5033670033670034,-1.6633834866780903,0.03872053872053872
3,S2 level reclaim,1.0,1.5,0.0,0.0,0.0,0.0,591,-0.06963760911690639,-0.06820874619020967,0.8893675735539581,0.4450084602368866,-0.05161307567483803,0.06091370558375635
3,S2 level reclaim,1.0,1.5,0.0,0.0,1.0,1.0,594,-0.08056302337033927,-0.4705266549931644,0.8578766294163699,0.4494949494949495,-0.37834421119987866,0.04882154882154882
3,S2 level reclaim,1.0,1.5,1.0,0.25,0.0,0.0,594,-0.08028483352321303,-0.573492029004772,0.8572946617598091,0.4764309764309764,-0.46825205930819086,0.04882154882154882
3,S2 level reclaim,1.0,1.5,1.0,0.25,1.0,1.0,594,-0.08567356553915588,-0.6405894333777187,0.8476732278645429,0.4831649831649832,-0.5265864524287615,0.04882154882154882
3,S2 level reclaim,1.0,2.0,0.0,0.0,0.0,0.0,586,-0.04777286169751883,-0.08415997082277231,0.9311174484798082,0.3890784982935154,-0.05797552340547448,0.07849829351535836
3,S2 level reclaim,1.0,2.0,0.0,0.0,1.0,1.0,594,-0.04902334365862518,-0.015096626425072326,0.9135166165994635,0.4494949494949495,-0.011307045307035538,0.06060606060606061
3,S2 level reclaim,1.0,2.0,1.0,0.25,0.0,0.0,594,-0.0514502192352201,-0.14819558376497738,0.908597309412519,0.468013468013468,-0.11052724859171986,0.06060606060606061
3,S2 level reclaim,1.0,2.0,1.0,0.25,1.0,1.0,594,-0.057654191975872605,-0.2598711054697638,0.8974914034627306,0.4831649831649832,-0.19995311742493052,0.058922558922558925
3,S2 level reclaim,1.0,3.0,0.0,0.0,0.0,0.0,581,-0.08421919661803765,-1.3060642085955287,0.8925276783144858,0.31153184165232356,-0.7262303201529217,0.11187607573149742
3,S2 level reclaim,1.0,3.0,0.0,0.0,1.0,1.0,594,-0.046456332489524285,-0.09463728920975113,0.9180451492241809,0.4494949494949495,-0.068709274224708,0.06734006734006734
3,S2 level reclaim,1.0,3.0,1.0,0.25,0.0,0.0,594,-0.07938268665519377,-0.9245192944699968,0.8593153888919798,0.4494949494949495,-0.6065882850304062,0.07407407407407407
3,S2 level reclaim,1.0,3.0,1.0,0.25,1.0,1.0,594,-0.05210415123151004,-0.2852524072169089,0.9073593223066432,0.4831649831649832,-0.21108067847673198,0.06565656565656566
3,S2 level reclaim,1.5,0.0,0.0,0.0,0.0,0.0,528,-0.19934698129152517,-5.220131838849577,0.7530561237241257,0.2481060606060606,-1.8611764671508626,0.2840909090909091
3,S2 level reclaim,1.5,0.0,0.0,0.0,1.0,1.0,551,-0.06906158092587039,-0.9768231820168534,0.8656084966356393,0.47549909255898365,-0.5147691829739189,0.11796733212341198
3,S2 level reclaim,1.5,0.0,1.0,0.25,0.0,0.0,551,-0.09708638134026917,-2.175967616780802,0.810372235575547,0.5117967332123412,-0.9567765534614542,0.17967332123411978
3,S2 level reclaim,1.5,0.0,1.0,0.25,1.0,1.0,551,-0.06262055690384863,-0.8045670326982857,0.87761976077869,0.5172413793103449,-0.4235673287358134,0.11796733212341198
3,S2 level reclaim,1.5,1.0,0.0,0.0,0.0,0.0,551,-0.07592351474965062,-0.9084680575036355,0.8516216022822715,0.5172413793103449,-0.5638711365632021,0.0780399274047187
3,S2 level reclaim,1.5,1.0,0.0,0.0,1.0,1.0,551,-0.07592351474965062,-0.9084680575036355,0.8516216022822715,0.5172413793103449,-0.5638711365632021,0.0780399274047187
3,S2 level reclaim,1.5,1.0,1.0,0.25,0.0,0.0,551,-0.07592351474965062,-0.9084680575036355,0.8516216022822715,0.5172413793103449,-0.5638711365632021,0.0780399274047187
3,S2 level reclaim,1.5,1.0,1.0,0.25,1.0,1.0,551,-0.07592351474965062,-0.9084680575036355,0.8516216022822715,0.5172413793103449,-0.5638711365632021,0.0780399274047187
3,S2 level reclaim,1.5,1.5,0.0,0.0,0.0,0.0,540,-0.06001200377082348,-0.9772682745067907,0.899403541916598,0.4388888888888889,-0.5154108117449406,0.11481481481481481
3,S2 level reclaim,1.5,1.5,0.0,0.0,1.0,1.0,551,-0.048742812832407854,-0.4729346010460661,0.9051481329136344,0.47549909255898365,-0.2702731077529277,0.09800362976406533
3,S2 level reclaim,1.5,1.5,1.0,0.25,0.0,0.0,551,-0.04793456078012646,-0.5034851054255617,0.9063434628276636,0.515426497277677,-0.2829963479713999,0.0998185117967332
3,S2 level reclaim,1.5,1.5,1.0,0.25,1.0,1.0,551,-0.048032329811291304,-0.46109841090924386,0.9061297391256287,0.5172413793103449,-0.2630537306083001,0.09800362976406533
3,S2 level reclaim,1.5,2.0,0.0,0.0,0.0,0.0,533,-0.09541531641411219,-1.9442316496520737,0.8572292573121202,0.37523452157598497,-0.884221010681706,0.13696060037523453
3,S2 level reclaim,1.5,2.0,0.0,0.0,1.0,1.0,551,-0.06202676742813094,-0.7460078721934685,0.8792980060441179,0.47549909255898365,-0.40929845103793655,0.10344827586206896
3,S2 level reclaim,1.5,2.0,1.0,0.25,0.0,0.0,551,-0.07268897037505176,-0.9281662294330939,0.8580227457115635,0.5136116152450091,-0.4850827158112997,0.10707803992740472
3,S2 level reclaim,1.5,2.0,1.0,0.25,1.0,1.0,551,-0.05659993153227845,-0.5967053109767674,0.8893859540172137,0.5172413793103449,-0.3272868105024426,0.10344827586206896
3,S2 level reclaim,1.5,3.0,0.0,0.0,0.0,0.0,530,-0.18256075593864715,-4.682838470450813,0.7558773718446463,0.3,-2.0111442037175733,0.1792452830188679
3,S2 level reclaim,1.5,3.0,0.0,0.0,1.0,1.0,551,-0.06519406916765755,-0.9084018711708075,0.8731345438604121,0.47549909255898365,-0.4786256057575818,0.11433756805807622
3,S2 level reclaim,1.5,3.0,1.0,0.25,0.0,0.0,551,-0.08840737930632907,-1.5269395916822723,0.8273212991188965,0.5136116152450091,-0.748216236704527,0.12704174228675136
3,S2 level reclaim,1.5,3.0,1.0,0.25,1.0,1.0,551,-0.058753045145635785,-0.7361457218522395,0.8851780936579082,0.5172413793103449,-0.3874224649780025,0.11433756805807622
3,S2 level reclaim,2.0,0.0,0.0,0.0,0.0,0.0,490,-0.20750086417384556,-7.080134006202921,0.7189086319546534,0.2755102040816326,-2.135671804737583,0.3408163265306122
3,S2 level reclaim,2.0,0.0,0.0,0.0,1.0,1.0,515,-0.0881814844186789,-2.3454136101985315,0.8256386585475833,0.47766990291262135,-0.8749014004393911,0.17475728155339806
3,S2 level reclaim,2.0,0.0,1.0,0.25,0.0,0.0,515,-0.1048828460233994,-3.783656541763939,0.7922180755782393,0.49514563106796117,-1.3682550023710052,0.23300970873786409
3,S2 level reclaim,2.0,0.0,1.0,0.25,1.0,1.0,515,-0.08359417648246685,-2.2761602574412154,0.8343894144868229,0.4970873786407767,-0.8594449582510711,0.17281553398058253
3,S2 level reclaim,2.0,1.0,0.0,0.0,0.0,0.0,515,-0.08686383614616937,-2.041756609409711,0.8279118071447832,0.4970873786407767,-0.9340123533000826,0.12233009708737864
3,S2 level reclaim,2.0,1.0,0.0,0.0,1.0,1.0,515,-0.08686383614616937,-2.041756609409711,0.8279118071447832,0.4970873786407767,-0.9340123533000826,0.12233009708737864
3,S2 level reclaim,2.0,1.0,1.0,0.25,0.0,0.0,515,-0.08686383614616937,-2.041756609409711,0.8279118071447832,0.4970873786407767,-0.9340123533000826,0.12233009708737864
3,S2 level reclaim,2.0,1.0,1.0,0.25,1.0,1.0,515,-0.08686383614616937,-2.041756609409711,0.8279118071447832,0.4970873786407767,-0.9340123533000826,0.12233009708737864
3,S2 level reclaim,2.0,1.5,0.0,0.0,0.0,0.0,503,-0.11085158582244592,-3.0571383228902227,0.8133679328562419,0.415506958250497,-1.1593293883437166,0.16302186878727634
3,S2 level reclaim,2.0,1.5,0.0,0.0,1.0,1.0,515,-0.11374304175654415,-3.013921135051616,0.7750957644647187,0.47766990291262135,-1.2783348508586752,0.14563106796116504
3,S2 level reclaim,2.0,1.5,1.0,0.25,0.0,0.0,515,-0.10592686151873995,-2.8292808238430656,0.7901497912307722,0.49514563106796117,-1.2095556159385903,0.1436893203883495
3,S2 level reclaim,2.0,1.5,1.0,0.25,1.0,1.0,515,-0.10820402669784983,-2.87610735335469,0.7856342035970307,0.4970873786407767,-1.2309573427514713,0.1436893203883495
3,S2 level reclaim,2.0,2.0,0.0,0.0,0.0,0.0,495,-0.14969570354334524,-5.276348018124714,0.768545403493678,0.3616161616161616,-1.908581206024259,0.20606060606060606
3,S2 level reclaim,2.0,2.0,0.0,0.0,1.0,1.0,515,-0.10823893608110698,-3.158726079627112,0.7859790383786448,0.47766990291262135,-1.306459490174054,0.16116504854368932
3,S2 level reclaim,2.0,2.0,1.0,0.25,0.0,0.0,515,-0.11793292135208656,-3.5758225332799154,0.7663647557223058,0.49514563106796117,-1.491479177070561,0.16116504854368932
3,S2 level reclaim,2.0,2.0,1.0,0.25,1.0,1.0,515,-0.10253592160049022,-3.030637797526267,0.7968634332326722,0.4970873786407767,-1.2661501082662692,0.15922330097087378
3,S2 level reclaim,2.0,3.0,0.0,0.0,0.0,0.0,495,-0.14438268995197173,-5.0604017963486525,0.7906804772644088,0.3212121212121212,-1.692024419986697,0.24848484848484848
3,S2 level reclaim,2.0,3.0,0.0,0.0,1.0,1.0,515,-0.09982581214281207,-2.592817547107337,0.8026143171489782,0.47766990291262135,-0.9923475674355631,0.1669902912621359
3,S2 level reclaim,2.0,3.0,1.0,0.25,0.0,0.0,515,-0.1052825016326279,-2.947078362877738,0.791426323497323,0.49514563106796117,-1.1162953114350198,0.18058252427184465
3,S2 level reclaim,2.0,3.0,1.0,0.25,1.0,1.0,515,-0.09606454523501094,-2.567124094383898,0.8096840443572753,0.4970873786407767,-0.9986569987619337,0.1650485436893204
3,S2 level reclaim,3.0,0.0,0.0,0.0,0.0,0.0,427,-0.1750535363698325,-9.046978967856118,0.7219983969609878,0.3255269320843091,-2.191620741060414,0.4426229508196721
3,S2 level reclaim,3.0,0.0,0.0,0.0,1.0,1.0,450,-0.1001645556011754,-5.097181970486048,0.7889092421528309,0.4688888888888889,-1.4301355994976308,0.2911111111111111
3,S2 level reclaim,3.0,0.0,1.0,0.25,0.0,0.0,450,-0.09693907592801869,-5.671091203789015,0.7955420489543596,0.4866666666666667,-1.5581476582090872,0.34
3,S2 level reclaim,3.0,0.0,1.0,0.25,1.0,1.0,450,-0.09256554373546527,-4.721882575830323,0.8047664347075888,0.4866666666666667,-1.327321333098054,0.28888888888888886
3,S2 level reclaim,3.0,1.0,0.0,0.0,0.0,0.0,450,-0.09183704041470092,-4.164742736685011,0.806302949212885,0.4866666666666667,-1.3215902688282684,0.21333333333333335
3,S2 level reclaim,3.0,1.0,0.0,0.0,1.0,1.0,450,-0.09183704041470092,-4.164742736685011,0.806302949212885,0.4866666666666667,-1.3215902688282684,0.21333333333333335
3,S2 level reclaim,3.0,1.0,1.0,0.25,0.0,0.0,450,-0.09183704041470092,-4.164742736685011,0.806302949212885,0.4866666666666667,-1.3215902688282684,0.21333333333333335
3,S2 level reclaim,3.0,1.0,1.0,0.25,1.0,1.0,450,-0.09183704041470092,-4.164742736685011,0.806302949212885,0.4866666666666667,-1.3215902688282684,0.21333333333333335
3,S2 level reclaim,3.0,1.5,0.0,0.0,0.0,0.0,434,-0.17608631370664288,-8.480350363538083,0.6869523590391786,0.391705069124424,-2.4719406948773086,0.2857142857142857
3,S2 level reclaim,3.0,1.5,0.0,0.0,1.0,1.0,450,-0.13589709043150353,-6.357480268336056,0.7136050807969165,0.4688888888888889,-1.9491675305658676,0.2511111111111111
3,S2 level reclaim,3.0,1.5,1.0,0.25,0.0,0.0,450,-0.12797653922831423,-5.979055026059125,0.7300797357304875,0.4866666666666667,-1.8316427247806613,0.2511111111111111
3,S2 level reclaim,3.0,1.5,1.0,0.25,1.0,1.0,450,-0.1291169720034832,-6.029298353768201,0.7276744048947625,0.4866666666666667,-1.8491253646466894,0.24888888888888888
3,S2 level reclaim,3.0,2.0,0.0,0.0,0.0,0.0,432,-0.1462317505194842,-7.4317982482940055,0.7481109261182606,0.375,-2.0196632146955107,0.3194444444444444
3,S2 level reclaim,3.0,2.0,0.0,0.0,1.0,1.0,450,-0.12337921922841524,-5.645671623559442,0.739985739134926,0.4688888888888889,-1.6403870351935117,0.2644444444444444
3,S2 level reclaim,3.0,2.0,1.0,0.25,0.0,0.0,450,-0.10897499470145697,-5.054023616626236,0.7701566275666396,0.4866666666666667,-1.4558717950162292,0.2688888888888889
3,S2 level reclaim,3.0,2.0,1.0,0.25,1.0,1.0,450,-0.11558564332046509,-5.262321986591133,0.7562138531097352,0.4866666666666667,-1.5300528803804536,0.26222222222222225
3,S2 level reclaim,3.0,3.0,0.0,0.0,0.0,0.0,428,-0.13577177174056757,-7.354690127161517,0.7766800006886663,0.34813084112149534,-1.8329936009389898,0.3644859813084112
3,S2 level reclaim,3.0,3.0,0.0,0.0,1.0,1.0,450,-0.11603435195984395,-5.385698369292026,0.7554646037762563,0.4688888888888889,-1.5138725135885118,0.2822222222222222
3,S2 level reclaim,3.0,3.0,1.0,0.25,0.0,0.0,450,-0.12153333526337531,-5.788484869242956,0.7436693461969494,0.4866666666666667,-1.6333867532347932,0.3
3,S2 level reclaim,3.0,3.0,1.0,0.25,1.0,1.0,450,-0.11046299827411614,-5.09429494784916,0.7670182217307885,0.4866666666666667,-1.4391870564979417,0.28
3,S3 flow exhaustion,1.0,0.0,0.0,0.0,0.0,0.0,675,-0.114509606263864,-1.2820046597577228,0.8830827873041592,0.16592592592592592,-0.5684308786142118,0.18518518518518517
3,S3 flow exhaustion,1.0,0.0,0.0,0.0,1.0,1.0,758,-0.17141382944167824,-2.2856507968454687,0.7195433613849594,0.4023746701846966,-2.0547431705443318,0.04617414248021108
3,S3 flow exhaustion,1.0,0.0,1.0,0.25,0.0,0.0,733,-0.20627587089575103,-2.649224866690573,0.6608833232506368,0.37244201909959074,-1.7003314529019788,0.10504774897680765
3,S3 flow exhaustion,1.0,0.0,1.0,0.25,1.0,1.0,758,-0.179361125321433,-2.380740269806076,0.7041558718818457,0.4445910290237467,-2.17187432010349,0.044854881266490766
3,S3 flow exhaustion,1.0,1.0,0.0,0.0,0.0,0.0,762,-0.2270993265614438,-2.9711852794422358,0.6248911380385926,0.47112860892388453,-3.424544987985111,0.030183727034120734
3,S3 flow exhaustion,1.0,1.0,0.0,0.0,1.0,1.0,762,-0.2270993265614438,-2.9711852794422358,0.6248911380385926,0.47112860892388453,-3.424544987985111,0.030183727034120734
3,S3 flow exhaustion,1.0,1.0,1.0,0.25,0.0,0.0,762,-0.2270993265614438,-2.9711852794422358,0.6248911380385926,0.47112860892388453,-3.424544987985111,0.030183727034120734
3,S3 flow exhaustion,1.0,1.0,1.0,0.25,1.0,1.0,762,-0.2270993265614438,-2.9711852794422358,0.6248911380385926,0.47112860892388453,-3.424544987985111,0.030183727034120734
3,S3 flow exhaustion,1.0,1.5,0.0,0.0,0.0,0.0,747,-0.20574044813956327,-2.893997666062401,0.7067507752506035,0.3895582329317269,-2.7481417009916593,0.038821954484605084
3,S3 flow exhaustion,1.0,1.5,0.0,0.0,1.0,1.0,761,-0.21225294120953841,-2.895250433250008,0.6531650874338106,0.4021024967148489,-2.9994993624363175,0.03416557161629435
3,S3 flow exhaustion,1.0,1.5,1.0,0.25,0.0,0.0,760,-0.2234308846775328,-3.0419280139022558,0.633097933857087,0.43157894736842106,-3.1770312357956447,0.034210526315789476
3,S3 flow exhaustion,1.0,1.5,1.0,0.25,1.0,1.0,761,-0.21554886441005427,-2.921702591509411,0.6449322490418826,0.44415243101182655,-3.0503705340049327,0.03416557161629435
3,S3 flow exhaustion,1.0,2.0,0.0,0.0,0.0,0.0,735,-0.21314799708207216,-2.873784125892657,0.7251967211834208,0.32789115646258504,-2.4338761423195048,0.047619047619047616
3,S3 flow exhaustion,1.0,2.0,0.0,0.0,1.0,1.0,759,-0.20238118577156086,-2.8425633497933918,0.6692130897369861,0.4018445322793149,-2.884823697219895,0.03557312252964427
3,S3 flow exhaustion,1.0,2.0,1.0,0.25,0.0,0.0,757,-0.21130950642197446,-2.924657572571366,0.6531549543645927,0.41215323645970936,-2.919262093148506,0.036988110964332896
3,S3 flow exhaustion,1.0,2.0,1.0,0.25,1.0,1.0,759,-0.2079562572688778,-2.894147533146962,0.6573452895144257,0.4440052700922266,-2.966910636121095,0.03557312252964427
3,S3 flow exhaustion,1.0,3.0,0.0,0.0,0.0,0.0,721,-0.20665798434931504,-2.478393346931701,0.75721132517792,0.26490984743411927,-1.7923644421379323,0.07905686546463246
3,S3 flow exhaustion,1.0,3.0,0.0,0.0,1.0,1.0,758,-0.19409996535636792,-2.6958264669240846,0.6824257178288856,0.4023746701846966,-2.6393432568214936,0.04221635883905013
3,S3 flow exhaustion,1.0,3.0,1.0,0.25,0.0,0.0,750,-0.19518413203683702,-2.812044125799576,0.6805268187799859,0.4026666666666667,-2.6119136736856974,0.05333333333333334
3,S3 flow exhaustion,1.0,3.0,1.0,0.25,1.0,1.0,758,-0.19971891419225335,-2.7535923604679455,0.6705770666189552,0.4445910290237467,-2.7270116463408276,0.04221635883905013
3,S3 flow exhaustion,1.5,0.0,0.0,0.0,0.0,0.0,645,-0.19330149015753445,-3.7601638405695654,0.7800999021316356,0.19534883720930232,-1.4433204509900388,0.23875968992248062
3,S3 flow exhaustion,1.5,0.0,0.0,0.0,1.0,1.0,723,-0.16333458545164573,-3.168318433525319,0.7097184079663336,0.41217150760719223,-2.092107171290292,0.10511756569847856
3,S3 flow exhaustion,1.5,0.0,1.0,0.25,0.0,0.0,700,-0.1947053253547419,-4.319236250023898,0.6514025888873654,0.45571428571428574,-2.443904849821217,0.15285714285714286
3,S3 flow exhaustion,1.5,0.0,1.0,0.25,1.0,1.0,725,-0.15437501627912456,-3.004808263528676,0.7227334538443678,0.4675862068965517,-1.9992226380887759,0.10620689655172413
3,S3 flow exhaustion,1.5,1.0,0.0,0.0,0.0,0.0,738,-0.16281615205777994,-3.4174287722999668,0.708956705083687,0.46883468834688347,-2.7139682467543147,0.07046070460704607
3,S3 flow exhaustion,1.5,1.0,0.0,0.0,1.0,1.0,738,-0.16281615205777994,-3.4174287722999668,0.708956705083687,0.46883468834688347,-2.7139682467543147,0.07046070460704607
3,S3 flow exhaustion,1.5,1.0,1.0,0.25,0.0,0.0,738,-0.16281615205777994,-3.4174287722999668,0.708956705083687,0.46883468834688347,-2.7139682467543147,0.07046070460704607
3,S3 flow exhaustion,1.5,1.0,1.0,0.25,1.0,1.0,738,-0.16281615205777994,-3.4174287722999668,0.708956705083687,0.46883468834688347,-2.7139682467543147,0.07046070460704607
3,S3 flow exhaustion,1.5,1.5,0.0,0.0,0.0,0.0,716,-0.17267551361667155,-3.3714751720762615,0.737565313185241,0.3812849162011173,-2.30363507644575,0.09078212290502793
3,S3 flow exhaustion,1.5,1.5,0.0,0.0,1.0,1.0,726,-0.1623053914727793,-3.3228001387739745,0.712816949617525,0.41046831955922863,-2.4097027575420285,0.07988980716253444
3,S3 flow exhaustion,1.5,1.5,1.0,0.25,0.0,0.0,728,-0.15842580786105642,-3.241216692094296,0.7168438012332274,0.46291208791208793,-2.359105771418402,0.08241758241758242
3,S3 flow exhaustion,1.5,1.5,1.0,0.25,1.0,1.0,728,-0.15312420152455497,-3.142841777758533,0.7262116452844631,0.46565934065934067,-2.2869453930611856,0.08104395604395605
3,S3 flow exhaustion,1.5,2.0,0.0,0.0,0.0,0.0,704,-0.15833264710681053,-3.150011378352792,0.7766065415769176,0.3352272727272727,-1.8700752757529897,0.11363636363636363
3,S3 flow exhaustion,1.5,2.0,0.0,0.0,1.0,1.0,724,-0.1618248914123488,-3.404944187383367,0.7128410260048248,0.4116022099447514,-2.3904876024778594,0.08701657458563536
3,S3 flow exhaustion,1.5,2.0,1.0,0.25,0.0,0.0,722,-0.14962823193655464,-3.415358792202976,0.731180588629622,0.46121883656509693,-2.3620967677356095,0.09556786703601108
3,S3 flow exhaustion,1.5,2.0,1.0,0.25,1.0,1.0,726,-0.15290911064036342,-3.241540377207161,0.7257933222424101,0.4669421487603306,-2.2933584891024172,0.0881542699724518
3,S3 flow exhaustion,1.5,3.0,0.0,0.0,0.0,0.0,691,-0.20297409996118843,-3.6664956839376286,0.7422674861852125,0.2662807525325615,-1.9805788184778907,0.15050651230101303
3,S3 flow exhaustion,1.5,3.0,0.0,0.0,1.0,1.0,723,-0.15758164361781646,-3.0868619447610297,0.7199426547771564,0.41217150760719223,-2.0692512738977307,0.0995850622406639
3,S3 flow exhaustion,1.5,3.0,1.0,0.25,0.0,0.0,719,-0.16596911070572581,-3.38726348086222,0.7006763716333152,0.45897079276773295,-2.181063342297904,0.11543810848400557
3,S3 flow exhaustion,1.5,3.0,1.0,0.25,1.0,1.0,725,-0.14988331161715487,-2.958660256242838,0.7308008177740577,0.4675862068965517,-2.0074870603627546,0.1006896551724138
3,S3 flow exhaustion,2.0,0.0,0.0,0.0,0.0,0.0,610,-0.2067290920205236,-4.71462615897551,0.7363204827001396,0.24262295081967214,-1.6394426922219054,0.30983606557377047
3,S3 flow exhaustion,2.0,0.0,0.0,0.0,1.0,1.0,684,-0.12230177396808173,-2.999277575189124,0.7654871430376161,0.4473684210526316,-1.6192937405068226,0.17105263157894737
3,S3 flow exhaustion,2.0,0.0,1.0,0.25,0.0,0.0,660,-0.1234524032783635,-3.435102709732474,0.7636268769426335,0.47575757575757577,-1.5696099623490998,0.2287878787878788
3,S3 flow exhaustion,2.0,0.0,1.0,0.25,1.0,1.0,685,-0.11839668806896725,-2.8161596237850435,0.7723183269982669,0.4759124087591241,-1.5205021863173616,0.16934306569343066
3,S3 flow exhaustion,2.0,1.0,0.0,0.0,0.0,0.0,697,-0.11800027825419133,-3.0272625741962873,0.7733732534087261,0.47776183644189385,-1.9083970070823713,0.11477761836441894
3,S3 flow exhaustion,2.0,1.0,0.0,0.0,1.0,1.0,697,-0.11800027825419133,-3.0272625741962873,0.7733732534087261,0.47776183644189385,-1.9083970070823713,0.11477761836441894
3,S3 flow exhaustion,2.0,1.0,1.0,0.25,0.0,0.0,697,-0.11800027825419133,-3.0272625741962873,0.7733732534087261,0.47776183644189385,-1.9083970070823713,0.11477761836441894
3,S3 flow exhaustion,2.0,1.0,1.0,0.25,1.0,1.0,697,-0.11800027825419133,-3.0272625741962873,0.7733732534087261,0.47776183644189385,-1.9083970070823713,0.11477761836441894
3,S3 flow exhaustion,2.0,1.5,0.0,0.0,0.0,0.0,676,-0.10935176991015809,-2.770295021798273,0.8175339185982703,0.40384615384615385,-1.4284518751103426,0.15236686390532544
3,S3 flow exhaustion,2.0,1.5,0.0,0.0,1.0,1.0,686,-0.10240056992830394,-2.7485787860212016,0.8031198027449441,0.4489795918367347,-1.5550940706458403,0.13848396501457727
3,S3 flow exhaustion,2.0,1.5,1.0,0.25,0.0,0.0,686,-0.09656159099479272,-2.6031793542609476,0.8135166847692161,0.478134110787172,-1.4589316974042255,0.13702623906705538
3,S3 flow exhaustion,2.0,1.5,1.0,0.25,1.0,1.0,687,-0.09892707284226783,-2.597506167502717,0.8092487268314442,0.4774381368267831,-1.4675182274445777,0.13682678311499272
3,S3 flow exhaustion,2.0,2.0,0.0,0.0,0.0,0.0,664,-0.11339872024369516,-2.404732097865141,0.8263995702815699,0.35240963855421686,-1.1194304715037835,0.1746987951807229
3,S3 flow exhaustion,2.0,2.0,0.0,0.0,1.0,1.0,685,-0.0882244242224585,-1.988152177245829,0.8300800401012144,0.44963503649635034,-1.0523184037740694,0.14890510948905109
3,S3 flow exhaustion,2.0,2.0,1.0,0.25,0.0,0.0,684,-0.08063356500501967,-1.723671203586823,0.8437388773712481,0.4780701754385965,-0.8860329523350768,0.15204678362573099
3,S3 flow exhaustion,2.0,2.0,1.0,0.25,1.0,1.0,686,-0.08387224053993197,-1.8017538928387318,0.8379946545921825,0.478134110787172,-0.952250915509151,0.14723032069970846
3,S3 flow exhaustion,2.0,3.0,0.0,0.0,0.0,0.0,647,-0.15448854264488843,-3.3740409282876143,0.7837112225751991,0.2982998454404946,-1.426379188525084,0.2287480680061824
3,S3 flow exhaustion,2.0,3.0,0.0,0.0,1.0,1.0,684,-0.11880455818085581,-2.7843344493021682,0.772193031587445,0.4473684210526316,-1.4859331682084453,0.1695906432748538
3,S3 flow exhaustion,2.0,3.0,1.0,0.25,0.0,0.0,675,-0.10991381188265859,-2.585966736814195,0.7876116470247907,0.47703703703703704,-1.264798519992778,0.18666666666666668
3,S3 flow exhaustion,2.0,3.0,1.0,0.25,1.0,1.0,685,-0.11458576341217346,-2.597184589626896,0.7796468909614492,0.4759124087591241,-1.3860094029555248,0.1678832116788321
3,S3 flow exhaustion,3.0,0.0,0.0,0.0,0.0,0.0,551,-0.15284001977616019,-4.956225038109754,0.7721866943148082,0.29219600725952816,-1.4299372654828892,0.40653357531760437
3,S3 flow exhaustion,3.0,0.0,0.0,0.0,1.0,1.0,620,-0.08738835921309561,-3.0938860445082326,0.817343541278608,0.4483870967741935,-1.2561711580216828,0.2564516129032258
3,S3 flow exhaustion,3.0,0.0,1.0,0.25,0.0,0.0,594,-0.06597380300388338,-2.6778664079131023,0.8621037631008414,0.4764309764309764,-0.9107882007707374,0.31986531986531985
3,S3 flow exhaustion,3.0,0.0,1.0,0.25,1.0,1.0,621,-0.09026225743174582,-3.209154821593153,0.8105916885118515,0.47020933977455714,-1.3169909029921831,0.2576489533011272
3,S3 flow exhaustion,3.0,1.0,0.0,0.0,0.0,0.0,636,-0.06876515584924613,-2.0803514108287846,0.8534424998213181,0.47641509433962265,-0.9361514599749495,0.19025157232704404
3,S3 flow exhaustion,3.0,1.0,0.0,0.0,1.0,1.0,636,-0.06876515584924613,-2.0803514108287846,0.8534424998213181,0.47641509433962265,-0.9361514599749495,0.19025157232704404
3,S3 flow exhaustion,3.0,1.0,1.0,0.25,0.0,0.0,636,-0.06876515584924613,-2.0803514108287846,0.8534424998213181,0.47641509433962265,-0.9361514599749495,0.19025157232704404
3,S3 flow exhaustion,3.0,1.0,1.0,0.25,1.0,1.0,636,-0.06876515584924613,-2.0803514108287846,0.8534424998213181,0.47641509433962265,-0.9361514599749495,0.19025157232704404
3,S3 flow exhaustion,3.0,1.5,0.0,0.0,0.0,0.0,605,-0.10750124488490824,-3.2045961896312294,0.8050970466951219,0.39008264462809916,-1.2749631837726338,0.2528925619834711
3,S3 flow exhaustion,3.0,1.5,0.0,0.0,1.0,1.0,625,-0.09076955135001168,-2.6828006867695704,0.8081497804923975,0.4528,-1.1449642220172838,0.2208
3,S3 flow exhaustion,3.0,1.5,1.0,0.25,0.0,0.0,625,-0.0906307746019411,-2.6125267716543767,0.8073203879308433,0.4752,-1.1190580685410985,0.2256
3,S3 flow exhaustion,3.0,1.5,1.0,0.25,1.0,1.0,626,-0.09032259998265312,-2.6887983985570254,0.8083417586118572,0.4744408945686901,-1.155889785649713,0.2220447284345048
3,S3 flow exhaustion,3.0,2.0,0.0,0.0,0.0,0.0,591,-0.08987849670126924,-2.686186818350289,0.8463156323241289,0.36548223350253806,-0.9564865407999181,0.2859560067681895
3,S3 flow exhaustion,3.0,2.0,0.0,0.0,1.0,1.0,623,-0.08733727747613174,-2.8374983174677175,0.817280653430577,0.4478330658105939,-1.1574246011511862,0.24077046548956663
3,S3 flow exhaustion,3.0,2.0,1.0,0.25,0.0,0.0,619,-0.07586153530263219,-2.432393438290008,0.8406088109394483,0.4717285945072698,-0.9693253154957377,0.24878836833602586
3,S3 flow exhaustion,3.0,2.0,1.0,0.25,1.0,1.0,624,-0.08952570737926659,-2.9675131602907534,0.8119658501342437,0.46955128205128205,-1.2253608157122453,0.2419871794871795
3,S3 flow exhaustion,3.0,3.0,0.0,0.0,0.0,0.0,571,-0.15747660709254419,-5.071073844028081,0.7527965600940251,0.31523642732049034,-1.6867929527094117,0.3415061295971979
3,S3 flow exhaustion,3.0,3.0,0.0,0.0,1.0,1.0,622,-0.09131150057356813,-3.0288950228187406,0.808607077212543,0.44855305466237944,-1.2168430855961174,0.2540192926045016
3,S3 flow exhaustion,3.0,3.0,1.0,0.25,0.0,0.0,611,-0.10477310364283483,-3.337023656731122,0.7779203596541185,0.4746317512274959,-1.2839318335959664,0.2864157119476268
3,S3 flow exhaustion,3.0,3.0,1.0,0.25,1.0,1.0,623,-0.09536947433233793,-3.2068932551849385,0.7993133380816276,0.47030497592295345,-1.3077834415818181,0.2552166934189406
3,S4 stretch fade,1.0,0.0,0.0,0.0,0.0,0.0,347,-0.364622122155429,-2.8189547357869684,0.6100799525490248,0.1786743515850144,-1.0112600791169415,0.23631123919308358
3,S4 stretch fade,1.0,0.0,0.0,0.0,1.0,1.0,365,-0.3054425200811143,-2.8419728282021772,0.538076491189112,0.3589041095890411,-1.7996144419696476,0.15342465753424658
3,S4 stretch fade,1.0,0.0,1.0,0.25,0.0,0.0,357,-0.30805965776041627,-1.8913504240150154,0.5390670973709574,0.3333333333333333,-0.7655056436548484,0.19047619047619047
3,S4 stretch fade,1.0,0.0,1.0,0.25,1.0,1.0,365,-0.29951160730724796,-2.7404149737356156,0.5436637719389555,0.38904109589041097,-1.7307593345915993,0.15342465753424658
3,S4 stretch fade,1.0,1.0,0.0,0.0,0.0,0.0,367,-0.34700249290826896,-3.6618687607675353,0.4724870999307883,0.4114441416893733,-3.004011479125065,0.10354223433242507
3,S4 stretch fade,1.0,1.0,0.0,0.0,1.0,1.0,367,-0.34700249290826896,-3.6618687607675353,0.4724870999307883,0.4114441416893733,-3.004011479125065,0.10354223433242507
3,S4 stretch fade,1.0,1.0,1.0,0.25,0.0,0.0,367,-0.34700249290826896,-3.6618687607675353,0.4724870999307883,0.4114441416893733,-3.004011479125065,0.10354223433242507
3,S4 stretch fade,1.0,1.0,1.0,0.25,1.0,1.0,367,-0.34700249290826896,-3.6618687607675353,0.4724870999307883,0.4114441416893733,-3.004011479125065,0.10354223433242507
3,S4 stretch fade,1.0,1.5,0.0,0.0,0.0,0.0,361,-0.2969207195663692,-2.763487947029257,0.581077215129179,0.3684210526315789,-1.996012017640146,0.13573407202216067
3,S4 stretch fade,1.0,1.5,0.0,0.0,1.0,1.0,365,-0.3209348946463387,-3.195269594738222,0.5146472318408047,0.3589041095890411,-2.442294357435614,0.13150684931506848
3,S4 stretch fade,1.0,1.5,1.0,0.25,0.0,0.0,365,-0.32217681038181145,-3.1654819887077044,0.5093922293775673,0.3835616438356164,-2.420016372290773,0.13150684931506848
3,S4 stretch fade,1.0,1.5,1.0,0.25,1.0,1.0,365,-0.31816982308681824,-3.1245363139538203,0.5152360929994084,0.38904109589041097,-2.3885134080648576,0.13150684931506848
3,S4 stretch fade,1.0,2.0,0.0,0.0,0.0,0.0,357,-0.3692133160568805,-3.4294821412720644,0.5308972621278314,0.3025210084033613,-2.2974912309496927,0.16246498599439776
3,S4 stretch fade,1.0,2.0,0.0,0.0,1.0,1.0,365,-0.32554126715470566,-3.1696664021941903,0.507680972685433,0.3589041095890411,-2.311442132252277,0.14520547945205478
3,S4 stretch fade,1.0,2.0,1.0,0.25,0.0,0.0,365,-0.3332612362422849,-3.2895776710780895,0.49369977807271975,0.36164383561643837,-2.3952085475561518,0.14520547945205478
3,S4 stretch fade,1.0,2.0,1.0,0.25,1.0,1.0,365,-0.3196103543808393,-3.0681085477276286,0.513041297869338,0.38904109589041097,-2.2314062854946437,0.14520547945205478
3,S4 stretch fade,1.0,3.0,0.0,0.0,0.0,0.0,355,-0.36288921478795155,-2.857900072404969,0.5674541728361133,0.2591549295774648,-1.514564466306874,0.17746478873239438
3,S4 stretch fade,1.0,3.0,0.0,0.0,1.0,1.0,365,-0.3160120075845579,-3.021308296154142,0.5220921588419754,0.3589041095890411,-2.0284338131685153,0.15342465753424658
3,S4 stretch fade,1.0,3.0,1.0,0.25,0.0,0.0,364,-0.2967614885324444,-2.5675814383860263,0.5505500650237829,0.3516483516483517,-1.5348309951430688,0.15934065934065933
3,S4 stretch fade,1.0,3.0,1.0,0.25,1.0,1.0,365,-0.3100810948106916,-2.919750441687581,0.5275600886686372,0.38904109589041097,-1.9535298438306115,0.15342465753424658
3,S4 stretch fade,1.5,0.0,0.0,0.0,0.0,0.0,307,-0.2556833348792432,-3.422662455780707,0.6896421408736696,0.20521172638436483,-0.9756997252768498,0.30618892508143325
3,S4 stretch fade,1.5,0.0,0.0,0.0,1.0,1.0,321,-0.27094122770708456,-3.800055884612138,0.5261251805144139,0.37694704049844235,-1.7965471737712835,0.20249221183800623
3,S4 stretch fade,1.5,0.0,1.0,0.25,0.0,0.0,316,-0.1093929131616649,-1.1043224797068085,0.8089915520644375,0.41139240506329117,-0.346436541014001,0.25949367088607594
3,S4 stretch fade,1.5,0.0,1.0,0.25,1.0,1.0,321,-0.26287639885066333,-3.6625027252856905,0.5358451804777734,0.42990654205607476,-1.7303191435862437,0.20249221183800623
3,S4 stretch fade,1.5,1.0,0.0,0.0,0.0,0.0,322,-0.22835389389413702,-3.484166513990993,0.595042537013223,0.43788819875776397,-2.0224332775498937,0.17080745341614906
3,S4 stretch fade,1.5,1.0,0.0,0.0,1.0,1.0,322,-0.22835389389413702,-3.484166513990993,0.595042537013223,0.43788819875776397,-2.0224332775498937,0.17080745341614906
3,S4 stretch fade,1.5,1.0,1.0,0.25,0.0,0.0,322,-0.22835389389413702,-3.484166513990993,0.595042537013223,0.43788819875776397,-2.0224332775498937,0.17080745341614906
3,S4 stretch fade,1.5,1.0,1.0,0.25,1.0,1.0,322,-0.22835389389413702,-3.484166513990993,0.595042537013223,0.43788819875776397,-2.0224332775498937,0.17080745341614906
3,S4 stretch fade,1.5,1.5,0.0,0.0,0.0,0.0,317,-0.2849175700771693,-4.266696893224131,0.5676273757948489,0.3501577287066246,-2.1280268198388614,0.2113564668769716
3,S4 stretch fade,1.5,1.5,0.0,0.0,1.0,1.0,321,-0.2782551365075507,-4.029654950084369,0.5133331914845941,0.37694704049844235,-2.1733067541136144,0.20249221183800623
3,S4 stretch fade,1.5,1.5,1.0,0.25,0.0,0.0,321,-0.27222802250900097,-3.967355427500484,0.519342470935701,0.42990654205607476,-2.1409013101175325,0.20249221183800623
3,S4 stretch fade,1.5,1.5,1.0,0.25,1.0,1.0,321,-0.2697775273275466,-3.886064933222055,0.5236600164360706,0.42990654205607476,-2.0970775097581402,0.20249221183800623
3,S4 stretch fade,1.5,2.0,0.0,0.0,0.0,0.0,314,-0.24704977309434425,-3.250306448316269,0.6406205555467218,0.3248407643312102,-1.3729509752383484,0.2197452229299363
3,S4 stretch fade,1.5,2.0,0.0,0.0,1.0,1.0,321,-0.26202884137886556,-3.7122264767192403,0.5417128985527939,0.37694704049844235,-1.825892191416025,0.20249221183800623
3,S4 stretch fade,1.5,2.0,1.0,0.25,0.0,0.0,321,-0.24321096226555422,-3.3428338192832086,0.5706140854874967,0.42679127725856697,-1.557314307473921,0.205607476635514
3,S4 stretch fade,1.5,2.0,1.0,0.25,1.0,1.0,321,-0.2551088645976152,-3.5914166272905583,0.5495601372982389,0.42990654205607476,-1.7677983764549277,0.20249221183800623
3,S4 stretch fade,1.5,3.0,0.0,0.0,0.0,0.0,314,-0.2545289148584089,-2.839065288593365,0.6590875500436766,0.27388535031847133,-1.025728854660329,0.22929936305732485
3,S4 stretch fade,1.5,3.0,0.0,0.0,1.0,1.0,321,-0.2665881941112785,-3.7566831827397036,0.5337386139770296,0.37694704049844235,-1.8032587005746765,0.20249221183800623
3,S4 stretch fade,1.5,3.0,1.0,0.25,0.0,0.0,321,-0.21937435950517145,-2.6002092741543135,0.6130722384171133,0.4205607476635514,-1.0655293923331448,0.21495327102803738
3,S4 stretch fade,1.5,3.0,1.0,0.25,1.0,1.0,321,-0.25852336525485725,-3.619130023413256,0.543531231914378,0.42990654205607476,-1.736496950079121,0.20249221183800623
3,S4 stretch fade,2.0,0.0,0.0,0.0,0.0,0.0,284,-0.14420010850936782,-2.5877590260453927,0.8041794475494164,0.23943661971830985,-0.6065497933025857,0.3767605633802817
3,S4 stretch fade,2.0,0.0,0.0,0.0,1.0,1.0,295,-0.1462424512460936,-2.89289182451102,0.727400788243842,0.4,-1.015307231513754,0.2711864406779661
3,S4 stretch fade,2.0,0.0,1.0,0.25,0.0,0.0,289,-0.086729497614569,-1.4989783449123482,0.839487731401055,0.4083044982698962,-0.3986921656655453,0.33217993079584773
3,S4 stretch fade,2.0,0.0,1.0,0.25,1.0,1.0,295,-0.1543810243849338,-3.1197880052590774,0.711513192939778,0.42033898305084744,-1.1033356869121673,0.2711864406779661
3,S4 stretch fade,2.0,1.0,0.0,0.0,0.0,0.0,295,-0.22500349237499828,-4.6462707759730595,0.5795432803268995,0.42033898305084744,-2.096764404312349,0.25084745762711863
3,S4 stretch fade,2.0,1.0,0.0,0.0,1.0,1.0,295,-0.22500349237499828,-4.6462707759730595,0.5795432803268995,0.42033898305084744,-2.096764404312349,0.25084745762711863
3,S4 stretch fade,2.0,1.0,1.0,0.25,0.0,0.0,295,-0.22500349237499828,-4.6462707759730595,0.5795432803268995,0.42033898305084744,-2.096764404312349,0.25084745762711863
3,S4 stretch fade,2.0,1.0,1.0,0.25,1.0,1.0,295,-0.22500349237499828,-4.6462707759730595,0.5795432803268995,0.42033898305084744,-2.096764404312349,0.25084745762711863
3,S4 stretch fade,2.0,1.5,0.0,0.0,0.0,0.0,292,-0.18670736552342837,-3.129644364842789,0.6798724017749737,0.3767123287671233,-1.1566897432414913,0.2636986301369863
3,S4 stretch fade,2.0,1.5,0.0,0.0,1.0,1.0,295,-0.19161154765322905,-3.618997094545903,0.6428317741628187,0.4,-1.418175493346501,0.26101694915254237
3,S4 stretch fade,2.0,1.5,1.0,0.25,0.0,0.0,295,-0.1945760997103288,-3.748867168159441,0.6364019609320448,0.42033898305084744,-1.4506576308641317,0.26440677966101694
3,S4 stretch fade,2.0,1.5,1.0,0.25,1.0,1.0,295,-0.19772065966154528,-3.8662036315356096,0.6305258238643573,0.42033898305084744,-1.534390712773132,0.26101694915254237
3,S4 stretch fade,2.0,2.0,0.0,0.0,0.0,0.0,292,-0.21410462579739653,-3.5006713996659364,0.6658314938475498,0.3253424657534247,-1.154671700131132,0.2636986301369863
3,S4 stretch fade,2.0,2.0,0.0,0.0,1.0,1.0,295,-0.1942692494864485,-3.415434725236228,0.6378777582895526,0.4,-1.2735403701205104,0.26101694915254237
3,S4 stretch fade,2.0,2.0,1.0,0.25,0.0,0.0,295,-0.1920337268289695,-3.196473339583297,0.6412589342121884,0.4135593220338983,-1.1252551608623493,0.26440677966101694
3,S4 stretch fade,2.0,2.0,1.0,0.25,1.0,1.0,295,-0.20546310725747607,-3.8209406216098514,0.616057763461986,0.42033898305084744,-1.4572823256132188,0.26101694915254237
3,S4 stretch fade,2.0,3.0,0.0,0.0,0.0,0.0,290,-0.198022830355976,-3.7429862072267386,0.7082948743133215,0.2896551724137931,-1.104230153680566,0.2896551724137931
3,S4 stretch fade,2.0,3.0,0.0,0.0,1.0,1.0,295,-0.18096424705402286,-3.281235983787628,0.6626785814745363,0.4,-1.17071986750168,0.2677966101694915
3,S4 stretch fade,2.0,3.0,1.0,0.25,0.0,0.0,294,-0.20269827794989176,-3.5145819408601007,0.6199597255612481,0.41496598639455784,-1.1518964180320448,0.282312925170068
3,S4 stretch fade,2.0,3.0,1.0,0.25,1.0,1.0,295,-0.18995944673258372,-3.5208765381206066,0.6450289504351971,0.42033898305084744,-1.266837477862436,0.2677966101694915
3,S4 stretch fade,3.0,0.0,0.0,0.0,0.0,0.0,263,-0.002526525231790953,1.837457030765874,0.9956955360897184,0.3041825095057034,0.35696057600512326,0.5019011406844106
3,S4 stretch fade,3.0,0.0,0.0,0.0,1.0,1.0,273,-0.07697634370611282,0.6299723915190664,0.82126706406682,0.4468864468864469,0.12572727558414284,0.31868131868131866
3,S4 stretch fade,3.0,0.0,1.0,0.25,0.0,0.0,268,0.01265486001962356,3.687387680409413,1.0293933538504536,0.4664179104477612,0.6522922092007212,0.39925373134328357
3,S4 stretch fade,3.0,0.0,1.0,0.25,1.0,1.0,273,-0.0828487077161852,0.21732904331002326,0.8071510963968698,0.4652014652014652,0.04693762574064082,0.31868131868131866
3,S4 stretch fade,3.0,1.0,0.0,0.0,0.0,0.0,275,-0.07930975020909606,-0.9850886822761747,0.8140363488761838,0.4690909090909091,-0.33263863686387474,0.3018181818181818
3,S4 stretch fade,3.0,1.0,0.0,0.0,1.0,1.0,275,-0.07930975020909606,-0.9850886822761747,0.8140363488761838,0.4690909090909091,-0.33263863686387474,0.3018181818181818
3,S4 stretch fade,3.0,1.0,1.0,0.25,0.0,0.0,275,-0.07930975020909606,-0.9850886822761747,0.8140363488761838,0.4690909090909091,-0.33263863686387474,0.3018181818181818
3,S4 stretch fade,3.0,1.0,1.0,0.25,1.0,1.0,275,-0.07930975020909606,-0.9850886822761747,0.8140363488761838,0.4690909090909091,-0.33263863686387474,0.3018181818181818
3,S4 stretch fade,3.0,1.5,0.0,0.0,0.0,0.0,274,-0.07083787147419827,0.15625758219849115,0.855811821723095,0.4051094890510949,0.043133430627653256,0.3248175182481752
3,S4 stretch fade,3.0,1.5,0.0,0.0,1.0,1.0,275,-0.08961579538544048,-0.38796428465073324,0.7903948634974047,0.4509090909090909,-0.11480561418427473,0.3090909090909091
3,S4 stretch fade,3.0,1.5,1.0,0.25,0.0,0.0,275,-0.09267056932530618,-0.6698446804326911,0.7827082120669678,0.4690909090909091,-0.2058510090731805,0.31272727272727274
3,S4 stretch fade,3.0,1.5,1.0,0.25,1.0,1.0,275,-0.09525664322619344,-0.7464956711356411,0.7766444463456397,0.4690909090909091,-0.22907883022975895,0.3090909090909091
3,S4 stretch fade,3.0,2.0,0.0,0.0,0.0,0.0,271,-0.0538888509483903,0.12761006608260556,0.8957644501744582,0.3726937269372694,0.03144273803448425,0.35793357933579334
3,S4 stretch fade,3.0,2.0,0.0,0.0,1.0,1.0,275,-0.0865107955010053,-0.3656874227092922,0.7976572431015623,0.4509090909090909,-0.10087391324232071,0.31272727272727274
3,S4 stretch fade,3.0,2.0,1.0,0.25,0.0,0.0,275,-0.10488751234041879,-1.3446901352064535,0.7540622092404278,0.4690909090909091,-0.3986976846254145,0.32
3,S4 stretch fade,3.0,2.0,1.0,0.25,1.0,1.0,275,-0.09760618879630378,-0.9693079419053067,0.7711352867335167,0.4690909090909091,-0.2854738962598118,0.31272727272727274
3,S4 stretch fade,3.0,3.0,0.0,0.0,0.0,0.0,268,-0.050542261139197,1.603299976074599,0.9093980218820684,0.332089552238806,0.3176344857138515,0.40298507462686567
3,S4 stretch fade,3.0,3.0,0.0,0.0,1.0,1.0,273,-0.07488325214428967,0.037224205989031735,0.8261270558774196,0.4468864468864469,0.009392027973336903,0.31868131868131866
3,S4 stretch fade,3.0,3.0,1.0,0.25,0.0,0.0,272,-0.0644039732520049,0.6967554776717272,0.8493167492773115,0.46691176470588236,0.17350204330072128,0.34191176470588236
3,S4 stretch fade,3.0,3.0,1.0,0.25,1.0,1.0,273,-0.08075561615436205,-0.3754191422200113,0.812023235310869,0.4652014652014652,-0.10108504531032081,0.31868131868131866
3,S5 range expansion,1.0,0.0,0.0,0.0,0.0,0.0,625,-0.3059882302641755,-4.26360185030742,0.6826856786012863,0.1456,-1.7223069183837174,0.1648
3,S5 range expansion,1.0,0.0,0.0,0.0,1.0,1.0,645,-0.21188064347767502,-2.2831018549940936,0.6516377973271406,0.4124031007751938,-1.6324402292003162,0.04496124031007752
3,S5 range expansion,1.0,0.0,1.0,0.25,0.0,0.0,644,-0.17663277134162672,-2.3005540565308897,0.708432830956796,0.44565217391304346,-1.1667315557199092,0.09161490683229814
3,S5 range expansion,1.0,0.0,1.0,0.25,1.0,1.0,645,-0.21979711688881184,-2.339675011444604,0.63655605662137,0.4573643410852713,-1.6753485209492311,0.04496124031007752
3,S5 range expansion,1.0,1.0,0.0,0.0,0.0,0.0,646,-0.21546405348978953,-2.397201898366043,0.6451570888222136,0.4613003095975232,-2.050284578485069,0.029411764705882353
3,S5 range expansion,1.0,1.0,0.0,0.0,1.0,1.0,646,-0.21546405348978953,-2.397201898366043,0.6451570888222136,0.4613003095975232,-2.050284578485069,0.029411764705882353
3,S5 range expansion,1.0,1.0,1.0,0.25,0.0,0.0,646,-0.21546405348978953,-2.397201898366043,0.6451570888222136,0.4613003095975232,-2.050284578485069,0.029411764705882353
3,S5 range expansion,1.0,1.0,1.0,0.25,1.0,1.0,646,-0.21546405348978953,-2.397201898366043,0.6451570888222136,0.4613003095975232,-2.050284578485069,0.029411764705882353
3,S5 range expansion,1.0,1.5,0.0,0.0,0.0,0.0,637,-0.2427010077172554,-2.9133279116661552,0.6606337482898238,0.3642072213500785,-2.1710998790075497,0.04552590266875981
3,S5 range expansion,1.0,1.5,0.0,0.0,1.0,1.0,646,-0.22363306002292507,-2.5244290103310534,0.6338243995750613,0.4102167182662539,-2.0214412400493726,0.03560371517027864
3,S5 range expansion,1.0,1.5,1.0,0.25,0.0,0.0,646,-0.23898392930574472,-2.637047337885583,0.6064926172742614,0.4504643962848297,-2.0858915268509053,0.03715170278637771
3,S5 range expansion,1.0,1.5,1.0,0.25,1.0,1.0,646,-0.23432766625448379,-2.6437167124113983,0.6141321061772413,0.4551083591331269,-2.1149406705634077,0.03560371517027864
3,S5 range expansion,1.0,2.0,0.0,0.0,0.0,0.0,632,-0.21884016990472208,-2.376996718140569,0.714184142304864,0.31962025316455694,-1.4499786184238226,0.055379746835443035
3,S5 range expansion,1.0,2.0,0.0,0.0,1.0,1.0,646,-0.2143740223164805,-2.211119325845046,0.6479935768941681,0.4117647058823529,-1.6287320896324502,0.04179566563467492
3,S5 range expansion,1.0,2.0,1.0,0.25,0.0,0.0,646,-0.2166994552746391,-2.1030212990950066,0.6421899295600048,0.44891640866873067,-1.4740644541150747,0.043343653250773995
3,S5 range expansion,1.0,2.0,1.0,0.25,1.0,1.0,646,-0.22154162737301172,-2.2763937893288384,0.6341505320877189,0.456656346749226,-1.6778143997323636,0.04179566563467492
3,S5 range expansion,1.0,3.0,0.0,0.0,0.0,0.0,629,-0.23120391200349902,-2.477072172433794,0.7239647675311537,0.2559618441971383,-1.4008936102402076,0.0794912559618442
3,S5 range expansion,1.0,3.0,0.0,0.0,1.0,1.0,646,-0.20315603940107368,-2.1026673402660894,0.6664137287290068,0.4117647058823529,-1.4855125312220916,0.04179566563467492
3,S5 range expansion,1.0,3.0,1.0,0.25,0.0,0.0,645,-0.20879251811007474,-2.112781867177461,0.6557835582475019,0.44651162790697674,-1.443721158147263,0.05116279069767442
3,S5 range expansion,1.0,3.0,1.0,0.25,1.0,1.0,646,-0.20959046937525358,-2.17632930091568,0.6538864383652949,0.456656346749226,-1.5417224289158507,0.04179566563467492
3,S5 range expansion,1.5,0.0,0.0,0.0,0.0,0.0,562,-0.25942068980038985,-6.16203256902315,0.6986458895813694,0.19217081850533807,-2.043064570609888,0.23309608540925267
3,S5 range expansion,1.5,0.0,0.0,0.0,1.0,1.0,588,-0.1450897953641627,-2.848810824281884,0.7431173125468504,0.43197278911564624,-1.4977964179485357,0.08673469387755102
3,S5 range expansion,1.5,0.0,1.0,0.25,0.0,0.0,586,-0.16619696153303495,-4.181465809444461,0.7046757015753464,0.46757679180887374,-1.6903916385682962,0.13822525597269625
3,S5 range expansion,1.5,0.0,1.0,0.25,1.0,1.0,588,-0.14470613061256551,-2.848857284662824,0.7428146226183039,0.467687074829932,-1.4998391259913768,0.08673469387755102
3,S5 range expansion,1.5,1.0,0.0,0.0,0.0,0.0,590,-0.15867385923759075,-3.1375759899071376,0.7179622610748537,0.46779661016949153,-1.8970135424316545,0.06610169491525424
3,S5 range expansion,1.5,1.0,0.0,0.0,1.0,1.0,590,-0.15867385923759075,-3.1375759899071376,0.7179622610748537,0.46779661016949153,-1.8970135424316545,0.06610169491525424
3,S5 range expansion,1.5,1.0,1.0,0.25,0.0,0.0,590,-0.15867385923759075,-3.1375759899071376,0.7179622610748537,0.46779661016949153,-1.8970135424316545,0.06610169491525424
3,S5 range expansion,1.5,1.0,1.0,0.25,1.0,1.0,590,-0.15867385923759075,-3.1375759899071376,0.7179622610748537,0.46779661016949153,-1.8970135424316545,0.06610169491525424
3,S5 range expansion,1.5,1.5,0.0,0.0,0.0,0.0,573,-0.1319581363470528,-1.9401603594987904,0.7930037338459525,0.39790575916230364,-0.986334823056525,0.0924956369982548
3,S5 range expansion,1.5,1.5,0.0,0.0,1.0,1.0,589,-0.1621096651423102,-2.8164737589157878,0.7124993044680554,0.432937181663837,-1.488642394211646,0.07640067911714771
3,S5 range expansion,1.5,1.5,1.0,0.25,0.0,0.0,589,-0.165031244708128,-2.8603643925954723,0.7061961264485713,0.4685908319185059,-1.5191747340673174,0.07640067911714771
3,S5 range expansion,1.5,1.5,1.0,0.25,1.0,1.0,589,-0.16465938882199563,-2.84220341712845,0.706858138662936,0.4685908319185059,-1.504838902020201,0.07640067911714771
3,S5 range expansion,1.5,2.0,0.0,0.0,0.0,0.0,570,-0.12440757075126246,-1.943896135865013,0.8194927574946027,0.34912280701754383,-0.9286062002468026,0.11228070175438597
3,S5 range expansion,1.5,2.0,0.0,0.0,1.0,1.0,589,-0.1471039656489164,-2.6066125462999867,0.7391118388749759,0.432937181663837,-1.3784659074470142,0.08149405772495756
3,S5 range expansion,1.5,2.0,1.0,0.25,0.0,0.0,588,-0.1632930646336134,-3.164565891180581,0.7097841596093264,0.467687074829932,-1.7039156438442504,0.08673469387755102
3,S5 range expansion,1.5,2.0,1.0,0.25,1.0,1.0,589,-0.1486541634339496,-2.6669130489316006,0.7353521200565091,0.4685908319185059,-1.4127049490808887,0.08149405772495756
3,S5 range expansion,1.5,3.0,0.0,0.0,0.0,0.0,564,-0.17043448339870998,-2.83956489384556,0.7768546881301437,0.2783687943262411,-1.143973123088244,0.14361702127659576
3,S5 range expansion,1.5,3.0,0.0,0.0,1.0,1.0,588,-0.14597253413435018,-2.8830352924594687,0.7415544162243648,0.43197278911564624,-1.5222078765274811,0.08673469387755102
3,S5 range expansion,1.5,3.0,1.0,0.25,0.0,0.0,586,-0.174449815663669,-3.703074405021257,0.6900107622548642,0.46757679180887374,-1.8518440274494434,0.10068259385665529
3,S5 range expansion,1.5,3.0,1.0,0.25,1.0,1.0,588,-0.14558886938275303,-2.883081752840409,0.741245736056421,0.467687074829932,-1.524685648734307,0.08673469387755102
3,S5 range expansion,2.0,0.0,0.0,0.0,0.0,0.0,510,-0.20158747316441358,-5.881644117646899,0.7425809189692726,0.2372549019607843,-1.5933756326272794,0.29411764705882354
3,S5 range expansion,2.0,0.0,0.0,0.0,1.0,1.0,538,-0.11241799124111022,-3.0712713512522885,0.7847017850998621,0.4516728624535316,-1.3712010697763382,0.14684014869888476
3,S5 range expansion,2.0,0.0,1.0,0.25,0.0,0.0,537,-0.07984384061576724,-3.1247131160057164,0.8462089684387667,0.4860335195530726,-1.0549144673818083,0.19553072625698323
3,S5 range expansion,2.0,0.0,1.0,0.25,1.0,1.0,538,-0.10979247799040662,-3.030221509461198,0.78892203116041,0.4851301115241636,-1.3488905931152546,0.1412639405204461
3,S5 range expansion,2.0,1.0,0.0,0.0,0.0,0.0,539,-0.09897530464639508,-2.153264701032806,0.8086398201402772,0.48794063079777367,-1.0087593069391119,0.10204081632653061
3,S5 range expansion,2.0,1.0,0.0,0.0,1.0,1.0,539,-0.09897530464639508,-2.153264701032806,0.8086398201402772,0.48794063079777367,-1.0087593069391119,0.10204081632653061
3,S5 range expansion,2.0,1.0,1.0,0.25,0.0,0.0,539,-0.09897530464639508,-2.153264701032806,0.8086398201402772,0.48794063079777367,-1.0087593069391119,0.10204081632653061
3,S5 range expansion,2.0,1.0,1.0,0.25,1.0,1.0,539,-0.09897530464639508,-2.153264701032806,0.8086398201402772,0.48794063079777367,-1.0087593069391119,0.10204081632653061
3,S5 range expansion,2.0,1.5,0.0,0.0,0.0,0.0,522,-0.09256606582351448,-1.9826118164524027,0.8446286489569567,0.41379310344827586,-0.8305007044685739,0.1360153256704981
3,S5 range expansion,2.0,1.5,0.0,0.0,1.0,1.0,538,-0.10848055122537115,-2.5633921503500865,0.7914558144447564,0.45353159851301117,-1.1764132766128421,0.11895910780669144
3,S5 range expansion,2.0,1.5,1.0,0.25,0.0,0.0,538,-0.11247642176408491,-2.7232887272413677,0.7829400366272528,0.48698884758364314,-1.2337122069265876,0.1171003717472119
3,S5 range expansion,2.0,1.5,1.0,0.25,1.0,1.0,538,-0.11225738257946688,-2.750441694284365,0.7833627442191612,0.48698884758364314,-1.2590277918990715,0.11524163568773234
3,S5 range expansion,2.0,2.0,0.0,0.0,0.0,0.0,517,-0.114476282890002,-2.6274828780648374,0.8254696941634124,0.3578336557059961,-0.9741111768269909,0.15667311411992263
3,S5 range expansion,2.0,2.0,0.0,0.0,1.0,1.0,538,-0.12712746565390756,-3.3074905528207674,0.7565308175507068,0.4516728624535316,-1.5106632252901782,0.13197026022304834
3,S5 range expansion,2.0,2.0,1.0,0.25,0.0,0.0,537,-0.12547214223971687,-3.429624433130687,0.7583221192965353,0.4860335195530726,-1.5104575710583323,0.1303538175046555
3,S5 range expansion,2.0,2.0,1.0,0.25,1.0,1.0,538,-0.1272413537278455,-3.359686416033851,0.7553762608434778,0.4851301115241636,-1.5337110785403356,0.12639405204460966
3,S5 range expansion,2.0,3.0,0.0,0.0,0.0,0.0,513,-0.15036827043460566,-3.508315681720306,0.7898820977145495,0.3001949317738791,-1.1472172269189607,0.2046783625730994
3,S5 range expansion,2.0,3.0,0.0,0.0,1.0,1.0,538,-0.12535598568637496,-3.235363352306872,0.7599234815765488,0.4516728624535316,-1.4630957952311485,0.1449814126394052
3,S5 range expansion,2.0,3.0,1.0,0.25,0.0,0.0,537,-0.12171766469730318,-3.6112104322770326,0.7655537976547938,0.4860335195530726,-1.5286081688677535,0.1527001862197393
3,S5 range expansion,2.0,3.0,1.0,0.25,1.0,1.0,538,-0.12273047243567133,-3.194313510515782,0.7640485094187566,0.4851301115241636,-1.4397957276667488,0.13940520446096655
3,S5 range expansion,3.0,0.0,0.0,0.0,0.0,0.0,433,-0.18948906246697153,-7.753769400953911,0.7223527033177257,0.28868360277136257,-1.7134318562910855,0.38799076212471134
3,S5 range expansion,3.0,0.0,0.0,0.0,1.0,1.0,455,-0.05208418480754523,-2.310509182505715,0.888482204376181,0.4747252747252747,-0.6953202560060855,0.21978021978021978
3,S5 range expansion,3.0,0.0,1.0,0.25,0.0,0.0,456,-0.08277430023763588,-3.974280415586154,0.8220435497028777,0.506578947368421,-1.0855952288739779,0.2675438596491228
3,S5 range expansion,3.0,0.0,1.0,0.25,1.0,1.0,456,-0.0682781516416236,-2.6614291292551795,0.8532088164549974,0.506578947368421,-0.8219616643674477,0.21710526315789475
3,S5 range expansion,3.0,1.0,0.0,0.0,0.0,0.0,456,-0.040964609789261586,-0.6369223592842599,0.9114962813312467,0.5087719298245614,-0.21466261448742416,0.16666666666666666
3,S5 range expansion,3.0,1.0,0.0,0.0,1.0,1.0,456,-0.040964609789261586,-0.6369223592842599,0.9114962813312467,0.5087719298245614,-0.21466261448742416,0.16666666666666666
3,S5 range expansion,3.0,1.0,1.0,0.25,0.0,0.0,456,-0.040964609789261586,-0.6369223592842599,0.9114962813312467,0.5087719298245614,-0.21466261448742416,0.16666666666666666
3,S5 range expansion,3.0,1.0,1.0,0.25,1.0,1.0,456,-0.040964609789261586,-0.6369223592842599,0.9114962813312467,0.5087719298245614,-0.21466261448742416,0.16666666666666666
3,S5 range expansion,3.0,1.5,0.0,0.0,0.0,0.0,446,-0.12256046255465115,-3.8708485910596955,0.7840885736082515,0.4013452914798206,-1.1162076899231486,0.21973094170403587
3,S5 range expansion,3.0,1.5,0.0,0.0,1.0,1.0,455,-0.07307729004025926,-2.135821426284463,0.8435337266856561,0.4747252747252747,-0.6736109619053711,0.1956043956043956
3,S5 range expansion,3.0,1.5,1.0,0.25,0.0,0.0,456,-0.08045950811023972,-2.1932405101858645,0.8270201208002418,0.506578947368421,-0.699120639604192,0.19517543859649122
3,S5 range expansion,3.0,1.5,1.0,0.25,1.0,1.0,456,-0.0772444685594049,-2.1075690553154214,0.8339321336398415,0.506578947368421,-0.6706258516087565,0.19298245614035087
3,S5 range expansion,3.0,2.0,0.0,0.0,0.0,0.0,443,-0.14355390559728132,-4.805760478345214,0.7646107253441138,0.35665914221218964,-1.2796957804786335,0.25733634311512416
3,S5 range expansion,3.0,2.0,0.0,0.0,1.0,1.0,455,-0.07193217606327298,-2.29043648963929,0.845985537862569,0.4747252747252747,-0.6948591987773112,0.20659340659340658
3,S5 range expansion,3.0,2.0,1.0,0.25,0.0,0.0,456,-0.08901115931502152,-3.0069543251031883,0.8086349277123739,0.506578947368421,-0.9145087009941524,0.21052631578947367
3,S5 range expansion,3.0,2.0,1.0,0.25,1.0,1.0,456,-0.07941557254059033,-2.3700421286696107,0.8292644776571448,0.506578947368421,-0.7285672077063842,0.20394736842105263
3,S5 range expansion,3.0,3.0,0.0,0.0,0.0,0.0,436,-0.1829077226782505,-7.439647184273002,0.7212587537556429,0.3165137614678899,-1.8802258597632493,0.2981651376146789
3,S5 range expansion,3.0,3.0,0.0,0.0,1.0,1.0,455,-0.05975576256362273,-2.293879623520778,0.8720565380539436,0.4747252747252747,-0.6956085108911264,0.21318681318681318
3,S5 range expansion,3.0,3.0,1.0,0.25,0.0,0.0,456,-0.08798681114554709,-3.864399360591877,0.8108371736218494,0.506578947368421,-1.1693472972465648,0.2236842105263158
3,S5 range expansion,3.0,3.0,1.0,0.25,1.0,1.0,456,-0.07060871212678956,-2.5034784555501264,0.8481983449686518,0.506578947368421,-0.7736625510587188,0.21052631578947367
5,S1 opening drive,1.0,0.0,0.0,0.0,0.0,0.0,543,-0.002160496661236502,-0.42249830777018693,0.9980492958053514,0.09208103130755065,-0.16560325923768004,0.09208103130755065
5,S1 opening drive,1.0,0.0,0.0,0.0,1.0,1.0,580,-0.18461950597795035,-1.5844833584405704,0.716640210864789,0.3793103448275862,-1.8830223552717023,0.0
5,S1 opening drive,1.0,0.0,1.0,0.25,0.0,0.0,577,-0.13878384170211905,-1.4903003961245487,0.7859354821929914,0.3466204506065858,-0.9035563042062474,0.03466204506065858
5,S1 opening drive,1.0,0.0,1.0,0.25,1.0,1.0,580,-0.17660078609568822,-1.5075247000573049,0.7254394803191732,0.4362068965517241,-1.7950790343001117,0.0
5,S1 opening drive,1.0,1.0,0.0,0.0,0.0,0.0,643,-0.2690322355471383,-2.4830392038098035,0.5801142838729846,0.47433903576982894,-4.3184756196360015,0.0
5,S1 opening drive,1.0,1.0,0.0,0.0,1.0,1.0,643,-0.2690322355471383,-2.4830392038098035,0.5801142838729846,0.47433903576982894,-4.3184756196360015,0.0
5,S1 opening drive,1.0,1.0,1.0,0.25,0.0,0.0,643,-0.2690322355471383,-2.4830392038098035,0.5801142838729846,0.47433903576982894,-4.3184756196360015,0.0
5,S1 opening drive,1.0,1.0,1.0,0.25,1.0,1.0,643,-0.2690322355471383,-2.4830392038098035,0.5801142838729846,0.47433903576982894,-4.3184756196360015,0.0
5,S1 opening drive,1.0,1.5,0.0,0.0,0.0,0.0,591,-0.2926090306187036,-2.622282748711902,0.6190690732013657,0.37055837563451777,-3.5530088148163044,0.0
5,S1 opening drive,1.0,1.5,0.0,0.0,1.0,1.0,603,-0.273801904860839,-2.529687874751545,0.5834602294448136,0.37645107794361526,-3.9285147412330907,0.0
5,S1 opening drive,1.0,1.5,1.0,0.25,0.0,0.0,603,-0.2796918360918542,-2.5816137885254236,0.5696349049258715,0.41127694859038144,-4.056026926361683,0.0
5,S1 opening drive,1.0,1.5,1.0,0.25,1.0,1.0,603,-0.27159682835486454,-2.50274503959042,0.5815340399575916,0.43283582089552236,-3.9353797187008537,0.0
5,S1 opening drive,1.0,2.0,0.0,0.0,0.0,0.0,567,-0.2718533821953529,-2.4455579109179633,0.6743956334332694,0.31569664902998235,-2.7547491316680124,0.0
5,S1 opening drive,1.0,2.0,0.0,0.0,1.0,1.0,590,-0.2566333752158989,-2.2879603509559208,0.6072096909600594,0.37796610169491524,-3.227690647629406,0.0
5,S1 opening drive,1.0,2.0,1.0,0.25,0.0,0.0,590,-0.27185105224847417,-2.481898857644399,0.5796388812476665,0.3898305084745763,-3.4951222547055085,0.0
5,S1 opening drive,1.0,2.0,1.0,0.25,1.0,1.0,590,-0.25092291561871116,-2.2440869146109894,0.6109009733776342,0.43559322033898307,-3.1865970154384033,0.0
5,S1 opening drive,1.0,3.0,0.0,0.0,0.0,0.0,550,-0.2302081231081295,-1.9001679414941393,0.7493508917930989,0.24727272727272728,-1.7062005025343658,0.0
5,S1 opening drive,1.0,3.0,0.0,0.0,1.0,1.0,584,-0.21315802604743922,-1.8721662423531258,0.6737754940660737,0.3784246575342466,-2.4129456379354175,0.0
5,S1 opening drive,1.0,3.0,1.0,0.25,0.0,0.0,582,-0.19816392480022965,-1.6295543297200108,0.6939436880741184,0.37628865979381443,-1.848115018370154,0.0
5,S1 opening drive,1.0,3.0,1.0,0.25,1.0,1.0,584,-0.2051942289040967,-1.795734698068376,0.6819390378036057,0.4349315068493151,-2.3193585252749283,0.0
5,S1 opening drive,1.5,0.0,0.0,0.0,0.0,0.0,475,-0.028334455895367393,-0.8110294982902498,0.9717428388410156,0.12421052631578948,-0.25441628746899614,0.12631578947368421
5,S1 opening drive,1.5,0.0,0.0,0.0,1.0,1.0,500,-0.1446234773989259,-1.488222633597131,0.7630396430269444,0.41,-1.0995725366110733,0.0
5,S1 opening drive,1.5,0.0,1.0,0.25,0.0,0.0,497,-0.052462358447134406,-0.6999134536158126,0.9137136362793818,0.46277665995975853,-0.31101989324887963,0.056338028169014086
5,S1 opening drive,1.5,0.0,1.0,0.25,1.0,1.0,500,-0.14026902161453472,-1.3864895359336398,0.7685737815302632,0.472,-1.0272365799480476,0.0
5,S1 opening drive,1.5,1.0,0.0,0.0,0.0,0.0,537,-0.19277479186308838,-2.336125607406878,0.6789783291461365,0.4767225325884544,-2.3568981459217393,0.0
5,S1 opening drive,1.5,1.0,0.0,0.0,1.0,1.0,537,-0.19277479186308838,-2.336125607406878,0.6789783291461365,0.4767225325884544,-2.3568981459217393,0.0
5,S1 opening drive,1.5,1.0,1.0,0.25,0.0,0.0,537,-0.19277479186308838,-2.336125607406878,0.6789783291461365,0.4767225325884544,-2.3568981459217393,0.0
5,S1 opening drive,1.5,1.0,1.0,0.25,1.0,1.0,537,-0.19277479186308838,-2.336125607406878,0.6789783291461365,0.4767225325884544,-2.3568981459217393,0.0
5,S1 opening drive,1.5,1.5,0.0,0.0,0.0,0.0,491,-0.16875499579952094,-1.8571216235155432,0.7584699072027241,0.3910386965376782,-1.4377627727576254,0.0
5,S1 opening drive,1.5,1.5,0.0,0.0,1.0,1.0,507,-0.17747786908363491,-2.0943377730407358,0.709544528721904,0.41025641025641024,-1.8133618697087994,0.0
5,S1 opening drive,1.5,1.5,1.0,0.25,0.0,0.0,507,-0.1798267163994338,-2.0593977148239655,0.7036818395295419,0.4714003944773176,-1.7814469184799795,0.0
5,S1 opening drive,1.5,1.5,1.0,0.25,1.0,1.0,507,-0.17930724981707374,-2.0659810748770346,0.7045378156892182,0.4714003944773176,-1.797260911018217,0.0
5,S1 opening drive,1.5,2.0,0.0,0.0,0.0,0.0,483,-0.12793828452109418,-1.2133679907483046,0.8311130968301504,0.33954451345755693,-0.7896293800127168,0.0
5,S1 opening drive,1.5,2.0,0.0,0.0,1.0,1.0,505,-0.15254343264962925,-1.6559273339153313,0.7513363582228983,0.4079207920792079,-1.3030773519241408,0.0
5,S1 opening drive,1.5,2.0,1.0,0.25,0.0,0.0,503,-0.14586584212571196,-1.4556414279852739,0.7606844405138615,0.4671968190854871,-1.115798140391482,0.0
5,S1 opening drive,1.5,2.0,1.0,0.25,1.0,1.0,505,-0.14990884260863954,-1.5762176288393477,0.7539548976319013,0.4693069306930693,-1.2456542734594211,0.0
5,S1 opening drive,1.5,3.0,0.0,0.0,0.0,0.0,477,-0.12526071122148802,-0.803438071698997,0.852571120159456,0.2578616352201258,-0.409907582585924,0.008385744234800839
5,S1 opening drive,1.5,3.0,0.0,0.0,1.0,1.0,502,-0.13907793988341954,-1.31716936448523,0.7721393342460061,0.4103585657370518,-0.9617584285149784,0.0
5,S1 opening drive,1.5,3.0,1.0,0.25,0.0,0.0,499,-0.10584328456286073,-0.4121627429232048,0.8258720240419903,0.46693386773547096,-0.2518301459486436,0.0
5,S1 opening drive,1.5,3.0,1.0,0.25,1.0,1.0,502,-0.1347408325284482,-1.2158415779678085,0.7777140532036584,0.4721115537848606,-0.8901893881478851,0.0
5,S1 opening drive,2.0,0.0,0.0,0.0,0.0,0.0,446,-0.016003478305503752,-1.17851657519771,0.9828043443204797,0.15695067264573992,-0.31913022716508377,0.16367713004484305
5,S1 opening drive,2.0,0.0,0.0,0.0,1.0,1.0,458,-0.07383150218679715,-0.6729937427187008,0.8714831479109061,0.44541484716157204,-0.34847667902604523,0.002183406113537118
5,S1 opening drive,2.0,0.0,1.0,0.25,0.0,0.0,457,-0.05726132130805024,-1.0283541990448992,0.8996703797607427,0.4814004376367615,-0.39141934091675407,0.0700218818380744
5,S1 opening drive,2.0,0.0,1.0,0.25,1.0,1.0,458,-0.0665451762181133,-0.5107366902951543,0.883636530977981,0.4847161572052402,-0.2647257527288847,0.002183406113537118
5,S1 opening drive,2.0,1.0,0.0,0.0,0.0,0.0,475,-0.1408599686724601,-2.19650131397012,0.7539965546623522,0.4842105263157895,-1.5396888734210978,0.0
5,S1 opening drive,2.0,1.0,0.0,0.0,1.0,1.0,475,-0.1408599686724601,-2.19650131397012,0.7539965546623522,0.4842105263157895,-1.5396888734210978,0.0
5,S1 opening drive,2.0,1.0,1.0,0.25,0.0,0.0,475,-0.1408599686724601,-2.19650131397012,0.7539965546623522,0.4842105263157895,-1.5396888734210978,0.0
5,S1 opening drive,2.0,1.0,1.0,0.25,1.0,1.0,475,-0.1408599686724601,-2.19650131397012,0.7539965546623522,0.4842105263157895,-1.5396888734210978,0.0
5,S1 opening drive,2.0,1.5,0.0,0.0,0.0,0.0,454,-0.11843378607797009,-1.865210189052511,0.8231005901454509,0.3964757709251101,-1.0324213933777742,0.0
5,S1 opening drive,2.0,1.5,0.0,0.0,1.0,1.0,464,-0.11517663506011411,-1.6213153804520772,0.8002930544613325,0.44396551724137934,-0.9866462489251171,0.0
5,S1 opening drive,2.0,1.5,1.0,0.25,0.0,0.0,464,-0.11802022608015472,-1.6119849773885928,0.7944423538945674,0.4827586206896552,-0.9816556049179083,0.0
5,S1 opening drive,2.0,1.5,1.0,0.25,1.0,1.0,464,-0.11213319558746095,-1.5238144290882267,0.8046958856053708,0.4827586206896552,-0.9295402071517291,0.0
5,S1 opening drive,2.0,2.0,0.0,0.0,0.0,0.0,448,-0.10221062460745148,-1.4410948703769904,0.8605633603603314,0.33705357142857145,-0.669662142717216,0.006696428571428571
5,S1 opening drive,2.0,2.0,0.0,0.0,1.0,1.0,460,-0.0962233059486382,-1.0764965333232135,0.8325253446859122,0.44565217391304346,-0.6101990735237045,0.0
5,S1 opening drive,2.0,2.0,1.0,0.25,0.0,0.0,459,-0.09420039337410947,-0.8517331934450765,0.8349533995213209,0.485838779956427,-0.4513794380386997,0.0
5,S1 opening drive,2.0,2.0,1.0,0.25,1.0,1.0,460,-0.09032177456193757,-0.9402706720002888,0.8420810946659876,0.48478260869565215,-0.5341440563410544,0.0
5,S1 opening drive,2.0,3.0,0.0,0.0,0.0,0.0,446,-0.18336412899929314,-3.540363876810507,0.7832922319583403,0.23542600896860988,-1.461860151298757,0.011210762331838564
5,S1 opening drive,2.0,3.0,0.0,0.0,1.0,1.0,458,-0.09656221020122767,-0.9526848433100975,0.8319163105414052,0.44541484716157204,-0.5077739248934339,0.0
5,S1 opening drive,2.0,3.0,1.0,0.25,0.0,0.0,457,-0.12592270735968839,-1.6715060965595108,0.7793662961263086,0.4814004376367615,-0.855631247720635,0.002188183807439825
5,S1 opening drive,2.0,3.0,1.0,0.25,1.0,1.0,458,-0.0892758842325438,-0.790427790886551,0.8438887357476219,0.4847161572052402,-0.421719308230432,0.0
5,S1 opening drive,3.0,0.0,0.0,0.0,0.0,0.0,424,0.009568512123719381,-0.6608767291929233,1.011584173572057,0.2169811320754717,-0.14241753082547853,0.2429245283018868
5,S1 opening drive,3.0,0.0,0.0,0.0,1.0,1.0,424,0.008248733457594902,0.42861074981321234,1.015593772353166,0.4669811320754717,0.15373285524530883,0.009433962264150943
5,S1 opening drive,3.0,0.0,1.0,0.25,0.0,0.0,426,0.07583090556227999,1.8520133887439099,1.14374804029022,0.5070422535211268,0.482765272985925,0.11032863849765258
5,S1 opening drive,3.0,0.0,1.0,0.25,1.0,1.0,426,0.017356294494204415,0.7290367734409767,1.0329012729274705,0.5070422535211268,0.2626178849087403,0.009389671361502348
5,S1 opening drive,3.0,1.0,0.0,0.0,0.0,0.0,433,-0.061141598062716566,-0.9289004177327306,0.8844170395203412,0.5057736720554272,-0.4188109541928018,0.006928406466512702
5,S1 opening drive,3.0,1.0,0.0,0.0,1.0,1.0,433,-0.061141598062716566,-0.9289004177327306,0.8844170395203412,0.5057736720554272,-0.4188109541928018,0.006928406466512702
5,S1 opening drive,3.0,1.0,1.0,0.25,0.0,0.0,433,-0.061141598062716566,-0.9289004177327306,0.8844170395203412,0.5057736720554272,-0.4188109541928018,0.006928406466512702
5,S1 opening drive,3.0,1.0,1.0,0.25,1.0,1.0,433,-0.061141598062716566,-0.9289004177327306,0.8844170395203412,0.5057736720554272,-0.4188109541928018,0.006928406466512702
5,S1 opening drive,3.0,1.5,0.0,0.0,0.0,0.0,426,-0.08778372421227372,-1.4875153442589077,0.863291273126358,0.39436619718309857,-0.5409760039754924,0.023474178403755867
5,S1 opening drive,3.0,1.5,0.0,0.0,1.0,1.0,426,-0.0378894336180774,0.08430630565546576,0.9283916642868724,0.4671361502347418,0.03276877524203534,0.007042253521126761
5,S1 opening drive,3.0,1.5,1.0,0.25,0.0,0.0,428,-0.040042828197849295,0.0682565342873143,0.9241148781241386,0.5070093457943925,0.02674856890735788,0.007009345794392523
5,S1 opening drive,3.0,1.5,1.0,0.25,1.0,1.0,428,-0.034545108060106376,0.23484059959476894,0.9345336018124522,0.5070093457943925,0.0919235877346484,0.007009345794392523
5,S1 opening drive,3.0,2.0,0.0,0.0,0.0,0.0,424,-0.14200495209737424,-4.0638315800494995,0.8046848107784402,0.3136792452830189,-1.3505631662359388,0.030660377358490566
5,S1 opening drive,3.0,2.0,0.0,0.0,1.0,1.0,424,-0.05348296716080044,-0.7237030155746811,0.898893421764104,0.4669811320754717,-0.2831301986370683,0.007075471698113208
5,S1 opening drive,3.0,2.0,1.0,0.25,0.0,0.0,426,-0.06946978467555663,-1.2250448254198327,0.8683103500815615,0.5070422535211268,-0.47865152942311273,0.009389671361502348
5,S1 opening drive,3.0,2.0,1.0,0.25,1.0,1.0,426,-0.04408558593349426,-0.41786706816575286,0.9164296333269933,0.5070422535211268,-0.16413833899818606,0.007042253521126761
5,S1 opening drive,3.0,3.0,0.0,0.0,0.0,0.0,424,-0.10894689599584484,-3.5995486876970766,0.8608097152516844,0.25707547169811323,-1.025222194376806,0.06839622641509434
5,S1 opening drive,3.0,3.0,0.0,0.0,1.0,1.0,424,-0.016635546585359796,0.04470231393428345,0.968551423348061,0.4669811320754717,0.016648718072599523,0.007075471698113208
5,S1 opening drive,3.0,3.0,1.0,0.25,0.0,0.0,426,-0.031180783572008902,-0.4919280860105046,0.9408924830851645,0.5070422535211268,-0.1704673336978886,0.011737089201877934
5,S1 opening drive,3.0,3.0,1.0,0.25,1.0,1.0,426,-0.007411157942914825,0.3469307245849537,0.9859511181796407,0.5070422535211268,0.1297547868240544,0.007042253521126761
5,S2 level reclaim,1.0,0.0,0.0,0.0,0.0,0.0,467,-0.21414037474790276,-4.481349392769343,0.7549007206171917,0.20770877944325483,-1.7616069305658666,0.2462526766595289
5,S2 level reclaim,1.0,0.0,0.0,0.0,1.0,1.0,478,-0.0339744501037944,0.20825768764425368,0.9378274691541865,0.46234309623430964,0.12686206645440914,0.100418410041841
5,S2 level reclaim,1.0,0.0,1.0,0.25,0.0,0.0,478,-0.12430687530670924,-2.2962594838906267,0.7715898022330896,0.48535564853556484,-1.2066977906298293,0.15271966527196654
5,S2 level reclaim,1.0,0.0,1.0,0.25,1.0,1.0,478,-0.03536992112103387,0.2969972756358539,0.9349888489634999,0.49581589958158995,0.1815199406856774,0.09832635983263599
5,S2 level reclaim,1.0,1.0,0.0,0.0,0.0,0.0,480,-0.12510874892506493,-1.408742662734822,0.7698296014073917,0.5041666666666667,-1.1455191604900845,0.0625
5,S2 level reclaim,1.0,1.0,0.0,0.0,1.0,1.0,480,-0.12510874892506493,-1.408742662734822,0.7698296014073917,0.5041666666666667,-1.1455191604900845,0.0625
5,S2 level reclaim,1.0,1.0,1.0,0.25,0.0,0.0,480,-0.12510874892506493,-1.408742662734822,0.7698296014073917,0.5041666666666667,-1.1455191604900845,0.0625
5,S2 level reclaim,1.0,1.0,1.0,0.25,1.0,1.0,480,-0.12510874892506493,-1.408742662734822,0.7698296014073917,0.5041666666666667,-1.1455191604900845,0.0625
5,S2 level reclaim,1.0,1.5,0.0,0.0,0.0,0.0,477,-0.09823435028131987,-1.3962710131072698,0.8439650360513965,0.42557651991614254,-0.9281496190303073,0.0859538784067086
5,S2 level reclaim,1.0,1.5,0.0,0.0,1.0,1.0,479,-0.08592408328466071,-0.7776539718060034,0.8425145483534471,0.4613778705636743,-0.5675938967659381,0.07515657620041753
5,S2 level reclaim,1.0,1.5,1.0,0.25,0.0,0.0,479,-0.09031670584518726,-0.7052976122253332,0.8336474471610943,0.4968684759916493,-0.5077227390030442,0.07306889352818371
5,S2 level reclaim,1.0,1.5,1.0,0.25,1.0,1.0,479,-0.08818139982042197,-0.6988701715637694,0.8375804250635531,0.4968684759916493,-0.5114091181974898,0.07306889352818371
5,S2 level reclaim,1.0,2.0,0.0,0.0,0.0,0.0,472,-0.11858750795654352,-2.232086815689791,0.8310275969162169,0.3601694915254237,-1.3069411912136701,0.1059322033898305
5,S2 level reclaim,1.0,2.0,0.0,0.0,1.0,1.0,478,-0.06926307649867583,-0.5234617606662351,0.8732500232694298,0.46234309623430964,-0.36769112060001163,0.0899581589958159
5,S2 level reclaim,1.0,2.0,1.0,0.25,0.0,0.0,478,-0.07765810538467946,-0.660416364029557,0.8572730917401725,0.49372384937238495,-0.4454373094917948,0.0899581589958159
5,S2 level reclaim,1.0,2.0,1.0,0.25,1.0,1.0,478,-0.07083477482838212,-0.4421364180294575,0.8698032085158968,0.49581589958158995,-0.3118409452733615,0.08786610878661087
5,S2 level reclaim,1.0,3.0,0.0,0.0,0.0,0.0,468,-0.17251854258402785,-3.2681064592362254,0.7805762323345596,0.2863247863247863,-1.710809716395111,0.1346153846153846
5,S2 level reclaim,1.0,3.0,0.0,0.0,1.0,1.0,478,-0.04734812338760182,-0.028757602985072975,0.9133539276481685,0.46234309623430964,-0.018576946527521922,0.09832635983263599
5,S2 level reclaim,1.0,3.0,1.0,0.25,0.0,0.0,478,-0.11101560882984438,-1.2738028201901246,0.7959815217413553,0.4874476987447699,-0.8098637754401488,0.10251046025104603
5,S2 level reclaim,1.0,3.0,1.0,0.25,1.0,1.0,478,-0.049542018888012046,0.054686153703675106,0.9089400380181696,0.49581589958158995,0.03546230866910797,0.09623430962343096
5,S2 level reclaim,1.5,0.0,0.0,0.0,0.0,0.0,426,-0.174207559703079,-5.1430825165197245,0.7721218749882118,0.25821596244131456,-1.5694645387550554,0.323943661971831
5,S2 level reclaim,1.5,0.0,0.0,0.0,1.0,1.0,441,-0.07792213380637174,-2.124260425403198,0.8497478493087436,0.4603174603174603,-0.9792210151586508,0.14965986394557823
5,S2 level reclaim,1.5,0.0,1.0,0.25,0.0,0.0,441,-0.07359604235956668,-2.354291876617261,0.8575575585839476,0.4943310657596372,-0.8637154784667971,0.2199546485260771
5,S2 level reclaim,1.5,0.0,1.0,0.25,1.0,1.0,441,-0.07271712897382938,-1.9497825677287401,0.8592586632146288,0.4943310657596372,-0.9010810749721577,0.14965986394557823
5,S2 level reclaim,1.5,1.0,0.0,0.0,0.0,0.0,443,-0.10299184617252534,-2.1983609689416954,0.8007437069716792,0.49435665914221216,-1.1778433631999712,0.10835214446952596
5,S2 level reclaim,1.5,1.0,0.0,0.0,1.0,1.0,443,-0.10299184617252534,-2.1983609689416954,0.8007437069716792,0.49435665914221216,-1.1778433631999712,0.10835214446952596
5,S2 level reclaim,1.5,1.0,1.0,0.25,0.0,0.0,443,-0.10299184617252534,-2.1983609689416954,0.8007437069716792,0.49435665914221216,-1.1778433631999712,0.10835214446952596
5,S2 level reclaim,1.5,1.0,1.0,0.25,1.0,1.0,443,-0.10299184617252534,-2.1983609689416954,0.8007437069716792,0.49435665914221216,-1.1778433631999712,0.10835214446952596
5,S2 level reclaim,1.5,1.5,0.0,0.0,0.0,0.0,434,-0.1306505381235771,-3.277055548740455,0.7869806627920719,0.4032258064516129,-1.4853606066115483,0.14516129032258066
5,S2 level reclaim,1.5,1.5,0.0,0.0,1.0,1.0,441,-0.10391294054020024,-2.167563600217306,0.7996314777568239,0.4603174603174603,-1.0688281956623515,0.13378684807256236
5,S2 level reclaim,1.5,1.5,1.0,0.25,0.0,0.0,441,-0.10373177884657195,-2.08570167370897,0.7992309456105552,0.4943310657596372,-1.0242948175252151,0.1360544217687075
5,S2 level reclaim,1.5,1.5,1.0,0.25,1.0,1.0,441,-0.10118470471961823,-2.0689329794859264,0.8041607141888487,0.4943310657596372,-1.0231272880879634,0.13378684807256236
5,S2 level reclaim,1.5,2.0,0.0,0.0,0.0,0.0,428,-0.1312760428032509,-3.8602233698532165,0.8006937073096764,0.3598130841121495,-1.5929930776998091,0.17757009345794392
5,S2 level reclaim,1.5,2.0,0.0,0.0,1.0,1.0,441,-0.10923719946202244,-2.448275350436945,0.7893650577454219,0.4603174603174603,-1.1823948142141913,0.14058956916099774
5,S2 level reclaim,1.5,2.0,1.0,0.25,0.0,0.0,441,-0.1037006411616342,-2.2117021672544963,0.7992912114580163,0.4943310657596372,-1.0200622884399422,0.14512471655328799
5,S2 level reclaim,1.5,2.0,1.0,0.25,1.0,1.0,441,-0.10351800276292948,-2.265829870634583,0.7996447013818456,0.4943310657596372,-1.097239121995435,0.14058956916099774
5,S2 level reclaim,1.5,3.0,0.0,0.0,0.0,0.0,426,-0.12151607518180974,-3.812866305661336,0.8280661099141782,0.31220657276995306,-1.3550413266621657,0.215962441314554
5,S2 level reclaim,1.5,3.0,0.0,0.0,1.0,1.0,441,-0.09666160649757613,-2.2133702882705486,0.8136137505984836,0.4603174603174603,-1.0103373937341174,0.14512471655328799
5,S2 level reclaim,1.5,3.0,1.0,0.25,0.0,0.0,441,-0.07970309991080621,-1.782380187324506,0.8457375726230609,0.4943310657596372,-0.7298399375113003,0.16099773242630386
5,S2 level reclaim,1.5,3.0,1.0,0.25,1.0,1.0,441,-0.09320998349462813,-2.0660618293613013,0.8195954947080262,0.4943310657596372,-0.9463596562054809,0.14512471655328799
5,S2 level reclaim,2.0,0.0,0.0,0.0,0.0,0.0,395,-0.14321617116056,-5.833414537451278,0.789673597655818,0.29873417721518986,-1.511223327796039,0.4
5,S2 level reclaim,2.0,0.0,0.0,0.0,1.0,1.0,413,-0.0693291673749592,-2.601326652222651,0.8599538609681922,0.45036319612590797,-0.8066075930473947,0.2179176755447942
5,S2 level reclaim,2.0,0.0,1.0,0.25,0.0,0.0,413,-0.11208861563766558,-4.828742158605777,0.7730124743025211,0.48668280871670705,-1.5004391548312856,0.2711864406779661
5,S2 level reclaim,2.0,0.0,1.0,0.25,1.0,1.0,413,-0.057125197245759485,-2.187408640786937,0.8843173581542733,0.48668280871670705,-0.6789088901131893,0.2179176755447942
5,S2 level reclaim,2.0,1.0,0.0,0.0,0.0,0.0,414,-0.0935354829845232,-3.199669876395219,0.8111465578386208,0.4855072463768116,-1.2769142190082634,0.16183574879227053
5,S2 level reclaim,2.0,1.0,0.0,0.0,1.0,1.0,414,-0.0935354829845232,-3.199669876395219,0.8111465578386208,0.4855072463768116,-1.2769142190082634,0.16183574879227053
5,S2 level reclaim,2.0,1.0,1.0,0.25,0.0,0.0,414,-0.0935354829845232,-3.199669876395219,0.8111465578386208,0.4855072463768116,-1.2769142190082634,0.16183574879227053
5,S2 level reclaim,2.0,1.0,1.0,0.25,1.0,1.0,414,-0.0935354829845232,-3.199669876395219,0.8111465578386208,0.4855072463768116,-1.2769142190082634,0.16183574879227053
5,S2 level reclaim,2.0,1.5,0.0,0.0,0.0,0.0,402,-0.10559265780837732,-4.3088997534901505,0.8143896304335767,0.4129353233830846,-1.508214061279421,0.21641791044776118
5,S2 level reclaim,2.0,1.5,0.0,0.0,1.0,1.0,413,-0.10854004787385436,-3.91546484225131,0.7807471918298108,0.45036319612590797,-1.4496344367190823,0.18159806295399517
5,S2 level reclaim,2.0,1.5,1.0,0.25,0.0,0.0,413,-0.10732491933195192,-3.8894051664780074,0.7826593026753821,0.48668280871670705,-1.442423437595469,0.18159806295399517
5,S2 level reclaim,2.0,1.5,1.0,0.25,1.0,1.0,413,-0.09828208941143703,-3.539691613829835,0.800971685046095,0.48668280871670705,-1.3105994480401346,0.18159806295399517
5,S2 level reclaim,2.0,2.0,0.0,0.0,0.0,0.0,398,-0.11240622840202318,-4.54806786688732,0.8163159120529203,0.3693467336683417,-1.4244947159969656,0.24874371859296482
5,S2 level reclaim,2.0,2.0,0.0,0.0,1.0,1.0,413,-0.1035723276366322,-3.706580000046561,0.7907820741939745,0.45036319612590797,-1.2935670946375533,0.1937046004842615
5,S2 level reclaim,2.0,2.0,1.0,0.25,0.0,0.0,413,-0.09445552339091857,-3.519194743469951,0.8087207570457289,0.48668280871670705,-1.2142717067590894,0.19854721549636803
5,S2 level reclaim,2.0,2.0,1.0,0.25,1.0,1.0,413,-0.09136835750743248,-3.2926619886108477,0.8149724904739958,0.48668280871670705,-1.1500185953199928,0.1937046004842615
5,S2 level reclaim,2.0,3.0,0.0,0.0,0.0,0.0,396,-0.12357690449320657,-4.627828309995679,0.8106024772279803,0.3282828282828283,-1.302297537646455,0.3005050505050505
5,S2 level reclaim,2.0,3.0,0.0,0.0,1.0,1.0,413,-0.09734824046579249,-3.341016263699113,0.8033548398895329,0.45036319612590797,-1.0928415544186398,0.2033898305084746
5,S2 level reclaim,2.0,3.0,1.0,0.25,0.0,0.0,413,-0.13923323229106294,-4.944158538724964,0.7180426690719997,0.48668280871670705,-1.6342235063161437,0.22033898305084745
5,S2 level reclaim,2.0,3.0,1.0,0.25,1.0,1.0,413,-0.08514427033659278,-2.927098252263399,0.8275767156095909,0.48668280871670705,-0.9583411974907524,0.2033898305084746
5,S2 level reclaim,3.0,0.0,0.0,0.0,0.0,0.0,351,-0.14759889625567305,-8.606077544594543,0.7393911263972095,0.3561253561253561,-1.8280269814967196,0.50997150997151
5,S2 level reclaim,3.0,0.0,0.0,0.0,1.0,1.0,362,-0.06410935167929152,-4.729936726209362,0.8584599633860956,0.4723756906077348,-1.0991620617055382,0.35082872928176795
5,S2 level reclaim,3.0,0.0,1.0,0.25,0.0,0.0,362,-0.09409143927238924,-6.740215939434569,0.7921210129475966,0.48342541436464087,-1.581527055689554,0.4005524861878453
5,S2 level reclaim,3.0,0.0,1.0,0.25,1.0,1.0,362,-0.07726386477745205,-5.309608199875424,0.8292986687216739,0.48342541436464087,-1.2493547700760073,0.3425414364640884
5,S2 level reclaim,3.0,1.0,0.0,0.0,0.0,0.0,362,-0.08805995632937837,-5.638133011945393,0.8054465457942906,0.48342541436464087,-1.558759961153979,0.27900552486187846
5,S2 level reclaim,3.0,1.0,0.0,0.0,1.0,1.0,362,-0.08805995632937837,-5.638133011945393,0.8054465457942906,0.48342541436464087,-1.558759961153979,0.27900552486187846
5,S2 level reclaim,3.0,1.0,1.0,0.25,0.0,0.0,362,-0.08805995632937837,-5.638133011945393,0.8054465457942906,0.48342541436464087,-1.558759961153979,0.27900552486187846
5,S2 level reclaim,3.0,1.0,1.0,0.25,1.0,1.0,362,-0.08805995632937837,-5.638133011945393,0.8054465457942906,0.48342541436464087,-1.558759961153979,0.27900552486187846
5,S2 level reclaim,3.0,1.5,0.0,0.0,0.0,0.0,356,-0.10802527970167128,-6.2701310569680615,0.7895092376024231,0.4157303370786517,-1.5024361067633505,0.33146067415730335
5,S2 level reclaim,3.0,1.5,0.0,0.0,1.0,1.0,362,-0.08604857889285124,-5.479281371543427,0.810022739459355,0.4723756906077348,-1.3907118322510235,0.30662983425414364
5,S2 level reclaim,3.0,1.5,1.0,0.25,0.0,0.0,362,-0.10136733137014,-6.155091509794592,0.7760461703170741,0.48342541436464087,-1.5790804225626285,0.30386740331491713
5,S2 level reclaim,3.0,1.5,1.0,0.25,1.0,1.0,362,-0.09684190959695603,-5.952110524806931,0.7860443178793725,0.48342541436464087,-1.5255333398808424,0.30386740331491713
5,S2 level reclaim,3.0,2.0,0.0,0.0,0.0,0.0,353,-0.11196708763530369,-6.435930670867531,0.7911639882172175,0.3937677053824363,-1.4387804639538304,0.38243626062322944
5,S2 level reclaim,3.0,2.0,0.0,0.0,1.0,1.0,362,-0.09565644240839441,-5.7495868209039696,0.7888105868146945,0.4723756906077348,-1.4023041227665252,0.32044198895027626
5,S2 level reclaim,3.0,2.0,1.0,0.25,0.0,0.0,362,-0.11647154120760765,-6.766808074817939,0.7426759948205548,0.48342541436464087,-1.6599617140467626,0.3259668508287293
5,S2 level reclaim,3.0,2.0,1.0,0.25,1.0,1.0,362,-0.10572016922518955,-6.192633999038056,0.7664293174863769,0.48342541436464087,-1.5247351293718991,0.31767955801104975
5,S2 level reclaim,3.0,3.0,0.0,0.0,0.0,0.0,352,-0.14146509312994138,-7.27215051375066,0.7477182136737205,0.36363636363636365,-1.525116961798277,0.45170454545454547
5,S2 level reclaim,3.0,3.0,0.0,0.0,1.0,1.0,362,-0.0751244285821954,-5.050908128423937,0.8341409779759595,0.4723756906077348,-1.1894560702367634,0.3397790055248619
5,S2 level reclaim,3.0,3.0,1.0,0.25,0.0,0.0,362,-0.09641849218524277,-5.994812903275184,0.7869797864334508,0.48342541436464087,-1.3815324877253423,0.35359116022099446
5,S2 level reclaim,3.0,3.0,1.0,0.25,1.0,1.0,362,-0.0883250049070978,-5.632432735308598,0.8048609661678967,0.48342541436464087,-1.3436574958479537,0.3314917127071823
5,S3 flow exhaustion,1.0,0.0,0.0,0.0,0.0,0.0,400,-0.1595060402357695,-2.904755457169399,0.8202578749722785,0.2075,-0.9565152102251736,0.235
5,S3 flow exhaustion,1.0,0.0,0.0,0.0,1.0,1.0,427,-0.0999699850166794,-1.403193954105307,0.8257959859688578,0.43559718969555034,-0.8612566750627482,0.06323185011709602
5,S3 flow exhaustion,1.0,0.0,1.0,0.25,0.0,0.0,420,-0.20297511692653752,-2.5053653851505877,0.6436649032436068,0.4714285714285714,-1.0653570702784985,0.12142857142857143
5,S3 flow exhaustion,1.0,0.0,1.0,0.25,1.0,1.0,427,-0.09371539480278882,-1.2842672542777125,0.835649482085948,0.48243559718969553,-0.7883433810038829,0.06323185011709602
5,S3 flow exhaustion,1.0,1.0,0.0,0.0,0.0,0.0,429,-0.15746786718541678,-2.2602602667935785,0.7221337924270298,0.48951048951048953,-1.712606954149465,0.03496503496503497
5,S3 flow exhaustion,1.0,1.0,0.0,0.0,1.0,1.0,429,-0.15746786718541678,-2.2602602667935785,0.7221337924270298,0.48951048951048953,-1.712606954149465,0.03496503496503497
5,S3 flow exhaustion,1.0,1.0,1.0,0.25,0.0,0.0,429,-0.15746786718541678,-2.2602602667935785,0.7221337924270298,0.48951048951048953,-1.712606954149465,0.03496503496503497
5,S3 flow exhaustion,1.0,1.0,1.0,0.25,1.0,1.0,429,-0.15746786718541678,-2.2602602667935785,0.7221337924270298,0.48951048951048953,-1.712606954149465,0.03496503496503497
5,S3 flow exhaustion,1.0,1.5,0.0,0.0,0.0,0.0,423,-0.09775829762048939,-1.3398519526968473,0.8469601989925711,0.42080378250591016,-0.8654944726689794,0.0591016548463357
5,S3 flow exhaustion,1.0,1.5,0.0,0.0,1.0,1.0,428,-0.13683445228158972,-1.9004649504208608,0.7610137730581806,0.4369158878504673,-1.3143759811747946,0.04439252336448598
5,S3 flow exhaustion,1.0,1.5,1.0,0.25,0.0,0.0,428,-0.11965927658642335,-1.5820640072550716,0.7896306298046312,0.48364485981308414,-1.0807181402428951,0.04439252336448598
5,S3 flow exhaustion,1.0,1.5,1.0,0.25,1.0,1.0,428,-0.13706846331368588,-1.874370897728397,0.7590724897502907,0.48364485981308414,-1.3011230147654895,0.04439252336448598
5,S3 flow exhaustion,1.0,2.0,0.0,0.0,0.0,0.0,421,-0.09087823501273458,-1.1759270505603716,0.8702888204985161,0.3657957244655582,-0.660743560525694,0.08788598574821853
5,S3 flow exhaustion,1.0,2.0,0.0,0.0,1.0,1.0,428,-0.1276344334120254,-1.636549285018951,0.7772839305534299,0.43457943925233644,-1.0614398200973507,0.056074766355140186
5,S3 flow exhaustion,1.0,2.0,1.0,0.25,0.0,0.0,428,-0.10701740689094179,-1.3228490035908598,0.8118559201606997,0.48364485981308414,-0.8312093387018215,0.05841121495327103
5,S3 flow exhaustion,1.0,2.0,1.0,0.25,1.0,1.0,428,-0.12320921946007993,-1.5509587433221446,0.7836306105021807,0.48130841121495327,-1.0081276711855423,0.056074766355140186
5,S3 flow exhaustion,1.0,3.0,0.0,0.0,0.0,0.0,418,-0.01596009562871408,0.21025963384262356,0.9788955786728023,0.32057416267942584,0.09695687001876867,0.11961722488038277
5,S3 flow exhaustion,1.0,3.0,0.0,0.0,1.0,1.0,428,-0.10318384359930151,-1.3813845053272042,0.8199490571432202,0.43457943925233644,-0.8593601510635394,0.06542056074766354
5,S3 flow exhaustion,1.0,3.0,1.0,0.25,0.0,0.0,428,-0.09824692803848227,-1.09169235957873,0.8276324115999352,0.48130841121495327,-0.612784529789596,0.0794392523364486
5,S3 flow exhaustion,1.0,3.0,1.0,0.25,1.0,1.0,428,-0.09694386691394807,-1.2627356716207023,0.8297555540758462,0.48130841121495327,-0.7856348403325366,0.06542056074766354
5,S3 flow exhaustion,1.5,0.0,0.0,0.0,0.0,0.0,387,-0.1329597237167822,-3.8036564250252054,0.827882392377475,0.2532299741602067,-1.0664750754849344,0.32299741602067183
5,S3 flow exhaustion,1.5,0.0,0.0,0.0,1.0,1.0,415,-0.06831195259543076,-2.074775916656063,0.8689400043996509,0.44096385542168676,-0.9571371826203037,0.13734939759036144
5,S3 flow exhaustion,1.5,0.0,1.0,0.25,0.0,0.0,407,-0.13313541288207628,-3.274529138323819,0.7445162248559235,0.47911547911547914,-1.1542240979311684,0.19901719901719903
5,S3 flow exhaustion,1.5,0.0,1.0,0.25,1.0,1.0,415,-0.05963259511330862,-1.8540833392028373,0.8852543127918047,0.4819277108433735,-0.8569029197569638,0.13734939759036144
5,S3 flow exhaustion,1.5,1.0,0.0,0.0,0.0,0.0,417,-0.09738412793094636,-2.1084234444014336,0.8116265000903403,0.4844124700239808,-1.1432618091500648,0.09592326139088729
5,S3 flow exhaustion,1.5,1.0,0.0,0.0,1.0,1.0,417,-0.09738412793094636,-2.1084234444014336,0.8116265000903403,0.4844124700239808,-1.1432618091500648,0.09592326139088729
5,S3 flow exhaustion,1.5,1.0,1.0,0.25,0.0,0.0,417,-0.09738412793094636,-2.1084234444014336,0.8116265000903403,0.4844124700239808,-1.1432618091500648,0.09592326139088729
5,S3 flow exhaustion,1.5,1.0,1.0,0.25,1.0,1.0,417,-0.09738412793094636,-2.1084234444014336,0.8116265000903403,0.4844124700239808,-1.1432618091500648,0.09592326139088729
5,S3 flow exhaustion,1.5,1.5,0.0,0.0,0.0,0.0,414,-0.09001384048744657,-1.6222177101488573,0.8499590686286306,0.4082125603864734,-0.7333887658260454,0.14009661835748793
5,S3 flow exhaustion,1.5,1.5,0.0,0.0,1.0,1.0,417,-0.1058018213427736,-2.209290975881078,0.7961847041500428,0.4412470023980815,-1.0947482897743375,0.11750599520383694
5,S3 flow exhaustion,1.5,1.5,1.0,0.25,0.0,0.0,417,-0.09731382817005894,-1.9640640722705232,0.8120104101785147,0.47961630695443647,-0.9719129776694875,0.11750599520383694
5,S3 flow exhaustion,1.5,1.5,1.0,0.25,1.0,1.0,417,-0.09927972732117421,-2.033124240917219,0.8081850379850692,0.48201438848920863,-1.010522925005457,0.11750599520383694
5,S3 flow exhaustion,1.5,2.0,0.0,0.0,0.0,0.0,410,-0.0640258114043779,-0.9567064575634571,0.9007915965207082,0.37073170731707317,-0.37518048497797235,0.16585365853658537
5,S3 flow exhaustion,1.5,2.0,0.0,0.0,1.0,1.0,416,-0.09403786153142502,-2.132171074323876,0.8192810686481673,0.43990384615384615,-1.0246317012759154,0.12980769230769232
5,S3 flow exhaustion,1.5,2.0,1.0,0.25,0.0,0.0,415,-0.08483385434940946,-1.6821706204549705,0.8367890057841207,0.4795180722891566,-0.7670608557401591,0.13493975903614458
5,S3 flow exhaustion,1.5,2.0,1.0,0.25,1.0,1.0,416,-0.08674007013986447,-1.9384241921475025,0.832814368828386,0.4807692307692308,-0.9342427202696703,0.12980769230769232
5,S3 flow exhaustion,1.5,3.0,0.0,0.0,0.0,0.0,402,-0.13553272803687558,-3.5668578094021104,0.8113598936655009,0.3009950248756219,-1.240126199304285,0.21393034825870647
5,S3 flow exhaustion,1.5,3.0,0.0,0.0,1.0,1.0,415,-0.09619113096760427,-2.4992268166557055,0.8154523663513307,0.44096385542168676,-1.2011857955885759,0.13253012048192772
5,S3 flow exhaustion,1.5,3.0,1.0,0.25,0.0,0.0,413,-0.14971426340732213,-3.728622671634594,0.711709857122355,0.48184019370460046,-1.6617459724643249,0.15012106537530268
5,S3 flow exhaustion,1.5,3.0,1.0,0.25,1.0,1.0,415,-0.08751177348548213,-2.2785342392024797,0.8316088949622366,0.4819277108433735,-1.0972115575761583,0.13253012048192772
5,S3 flow exhaustion,2.0,0.0,0.0,0.0,0.0,0.0,374,-0.05577760974840371,-1.9735580056026518,0.9181026627353702,0.2994652406417112,-0.472196223294404,0.3983957219251337
5,S3 flow exhaustion,2.0,0.0,0.0,0.0,1.0,1.0,404,0.022770684583972613,0.732582878113327,1.0481922838353506,0.46534653465346537,0.2534408398800496,0.22277227722772278
5,S3 flow exhaustion,2.0,0.0,1.0,0.25,0.0,0.0,393,-0.005105355874297235,0.019098185488819083,0.9890644786414876,0.5012722646310432,0.005558210111795756,0.2926208651399491
5,S3 flow exhaustion,2.0,0.0,1.0,0.25,1.0,1.0,405,0.02531388093099621,0.8203814734849962,1.0538790172912291,0.4962962962962963,0.28663449320902057,0.21728395061728395
5,S3 flow exhaustion,2.0,1.0,0.0,0.0,0.0,0.0,409,-0.04353495550307123,-0.5157312851646804,0.9069842027483902,0.4963325183374083,-0.22492729275135911,0.16136919315403422
5,S3 flow exhaustion,2.0,1.0,0.0,0.0,1.0,1.0,409,-0.04353495550307123,-0.5157312851646804,0.9069842027483902,0.4963325183374083,-0.22492729275135911,0.16136919315403422
5,S3 flow exhaustion,2.0,1.0,1.0,0.25,0.0,0.0,409,-0.04353495550307123,-0.5157312851646804,0.9069842027483902,0.4963325183374083,-0.22492729275135911,0.16136919315403422
5,S3 flow exhaustion,2.0,1.0,1.0,0.25,1.0,1.0,409,-0.04353495550307123,-0.5157312851646804,0.9069842027483902,0.4963325183374083,-0.22492729275135911,0.16136919315403422
5,S3 flow exhaustion,2.0,1.5,0.0,0.0,0.0,0.0,404,-0.013338979194909532,0.6928182068894279,0.9751419371146671,0.43564356435643564,0.24836368490714528,0.20297029702970298
5,S3 flow exhaustion,2.0,1.5,0.0,0.0,1.0,1.0,407,-0.02342487135543319,0.10061519641788895,0.9503565852422815,0.4643734643734644,0.03976147829571733,0.18673218673218672
5,S3 flow exhaustion,2.0,1.5,1.0,0.25,0.0,0.0,407,-0.017830218556038918,0.1806946179912788,0.9620930735039489,0.49385749385749383,0.07244140045232585,0.18427518427518427
5,S3 flow exhaustion,2.0,1.5,1.0,0.25,1.0,1.0,407,-0.02253090727156047,0.0910845516290437,0.9520994404444294,0.49385749385749383,0.0366034834955386,0.18427518427518427
5,S3 flow exhaustion,2.0,2.0,0.0,0.0,0.0,0.0,395,-0.059911223733990125,-1.2970308360535474,0.9008241380322303,0.3721518987341772,-0.40972118214313924,0.22784810126582278
5,S3 flow exhaustion,2.0,2.0,0.0,0.0,1.0,1.0,405,-0.03546884141689195,-0.4646966433779087,0.9251553654090169,0.4641975308641975,-0.1773893674297961,0.1925925925925926
5,S3 flow exhaustion,2.0,2.0,1.0,0.25,0.0,0.0,406,-0.034944470851857784,-0.5426726196460218,0.9258448229261866,0.49507389162561577,-0.20383299372135896,0.19458128078817735
5,S3 flow exhaustion,2.0,2.0,1.0,0.25,1.0,1.0,406,-0.02976255525357667,-0.2022642367541306,0.9368412941676925,0.49507389162561577,-0.07698523275872,0.1896551724137931
5,S3 flow exhaustion,2.0,3.0,0.0,0.0,0.0,0.0,387,-0.044492511717810886,-1.2929521616746176,0.9309890727663844,0.330749354005168,-0.3491694289073974,0.27906976744186046
5,S3 flow exhaustion,2.0,3.0,0.0,0.0,1.0,1.0,405,0.0028994307208618027,0.45617457416944734,1.0061182385484242,0.4641975308641975,0.1604318246851824,0.20987654320987653
5,S3 flow exhaustion,2.0,3.0,1.0,0.25,0.0,0.0,403,-0.00764658013669341,-0.3928196342529379,0.9837134852324594,0.49627791563275436,-0.13433070799493435,0.22332506203473945
5,S3 flow exhaustion,2.0,3.0,1.0,0.25,1.0,1.0,406,0.003716997107759618,0.4520370448795177,1.0078877880245285,0.49507389162561577,0.1618684198756615,0.2044334975369458
5,S3 flow exhaustion,3.0,0.0,0.0,0.0,0.0,0.0,353,-0.05519573791444724,-2.3091454914790277,0.902971616813553,0.3626062322946176,-0.456452861358406,0.5070821529745042
5,S3 flow exhaustion,3.0,0.0,0.0,0.0,1.0,1.0,379,0.020941032628061934,1.9610637617088371,1.051481695023485,0.49340369393139843,0.46584744310241194,0.3324538258575198
5,S3 flow exhaustion,3.0,0.0,1.0,0.25,0.0,0.0,371,0.018620044510317613,2.1660972912728433,1.0456676309364936,0.5283018867924528,0.4808843443665249,0.40161725067385445
5,S3 flow exhaustion,3.0,0.0,1.0,0.25,1.0,1.0,380,0.02469600985255484,2.3098236060559962,1.060605377206875,0.5236842105263158,0.5505298690104634,0.32894736842105265
5,S3 flow exhaustion,3.0,1.0,0.0,0.0,0.0,0.0,389,0.009535384666023087,1.858526932696667,1.023343446532374,0.5218508997429306,0.5591107852984504,0.2570694087403599
5,S3 flow exhaustion,3.0,1.0,0.0,0.0,1.0,1.0,389,0.009535384666023087,1.858526932696667,1.023343446532374,0.5218508997429306,0.5591107852984504,0.2570694087403599
5,S3 flow exhaustion,3.0,1.0,1.0,0.25,0.0,0.0,389,0.009535384666023087,1.858526932696667,1.023343446532374,0.5218508997429306,0.5591107852984504,0.2570694087403599
5,S3 flow exhaustion,3.0,1.0,1.0,0.25,1.0,1.0,389,0.009535384666023087,1.858526932696667,1.023343446532374,0.5218508997429306,0.5591107852984504,0.2570694087403599
5,S3 flow exhaustion,3.0,1.5,0.0,0.0,0.0,0.0,371,-0.0764261182855717,-3.033032241937105,0.8483791860746651,0.42048517520215634,-0.7784274212373052,0.3261455525606469
5,S3 flow exhaustion,3.0,1.5,0.0,0.0,1.0,1.0,382,-0.03197314120150477,-0.6309813447843152,0.9217961355178953,0.49214659685863876,-0.18076486748901135,0.28534031413612565
5,S3 flow exhaustion,3.0,1.5,1.0,0.25,0.0,0.0,383,-0.02645934142844502,-0.2805016942107449,0.9353948375548989,0.5221932114882507,-0.08008851912818889,0.2898172323759791
5,S3 flow exhaustion,3.0,1.5,1.0,0.25,1.0,1.0,383,-0.022400575124392412,-0.09180862189844965,0.9453050334344578,0.5221932114882507,-0.026266698361925495,0.2819843342036554
5,S3 flow exhaustion,3.0,2.0,0.0,0.0,0.0,0.0,367,-0.06931281526260043,-2.817846282825684,0.8705401552423397,0.3923705722070845,-0.6528299012484206,0.36239782016348776
5,S3 flow exhaustion,3.0,2.0,0.0,0.0,1.0,1.0,382,-0.0027368880002243516,0.9012320688745957,0.9933057807200321,0.49214659685863876,0.23719198539298608,0.306282722513089
5,S3 flow exhaustion,3.0,2.0,1.0,0.25,0.0,0.0,381,-0.0006007440537395941,0.9553859724521849,0.9985377379307233,0.5223097112860893,0.24963656259836203,0.3123359580052493
5,S3 flow exhaustion,3.0,2.0,1.0,0.25,1.0,1.0,383,0.005453860183412194,1.3937840606056757,1.0133165643617803,0.5221932114882507,0.3669889785963981,0.3028720626631854
5,S3 flow exhaustion,3.0,3.0,0.0,0.0,0.0,0.0,360,-0.06982524446051463,-2.772277133862977,0.8753076728635468,0.36944444444444446,-0.5930124220329968,0.4222222222222222
5,S3 flow exhaustion,3.0,3.0,0.0,0.0,1.0,1.0,380,-0.0004517805751371962,1.1328106568033276,0.9988860373968779,0.49473684210526314,0.28572953231113424,0.32105263157894737
5,S3 flow exhaustion,3.0,3.0,1.0,0.25,0.0,0.0,377,0.00635629413391424,1.7753565075744993,1.015541767316679,0.5251989389920424,0.42726318418678266,0.35013262599469497
5,S3 flow exhaustion,3.0,3.0,1.0,0.25,1.0,1.0,381,0.005151294088662458,1.5416526017057517,1.0126790112137491,0.5249343832020997,0.38975765008080304,0.31758530183727035
5,S4 stretch fade,1.0,0.0,0.0,0.0,0.0,0.0,67,-0.5679530651543017,-6.0087907444446005,0.40222935536884924,0.13432835820895522,-1.3231333616653904,0.19402985074626866
5,S4 stretch fade,1.0,0.0,0.0,0.0,1.0,1.0,68,-0.3049337586157356,-2.9452821371939715,0.5304220072056486,0.3382352941176471,-0.9471624031465361,0.1323529411764706
5,S4 stretch fade,1.0,0.0,1.0,0.25,0.0,0.0,68,-0.3314179731112151,-3.2552896714405097,0.48637210582816065,0.36764705882352944,-0.8534593536356073,0.16176470588235295
5,S4 stretch fade,1.0,0.0,1.0,0.25,1.0,1.0,68,-0.2985042318903053,-2.836262905695775,0.5370621852020371,0.39705882352941174,-0.9123525171875838,0.1323529411764706
5,S4 stretch fade,1.0,1.0,0.0,0.0,0.0,0.0,68,-0.30699724313761423,-3.078052060315137,0.5238907268177266,0.39705882352941174,-1.1825449876043255,0.07352941176470588
5,S4 stretch fade,1.0,1.0,0.0,0.0,1.0,1.0,68,-0.30699724313761423,-3.078052060315137,0.5238907268177266,0.39705882352941174,-1.1825449876043255,0.07352941176470588
5,S4 stretch fade,1.0,1.0,1.0,0.25,0.0,0.0,68,-0.30699724313761423,-3.078052060315137,0.5238907268177266,0.39705882352941174,-1.1825449876043255,0.07352941176470588
5,S4 stretch fade,1.0,1.0,1.0,0.25,1.0,1.0,68,-0.30699724313761423,-3.078052060315137,0.5238907268177266,0.39705882352941174,-1.1825449876043255,0.07352941176470588
5,S4 stretch fade,1.0,1.5,0.0,0.0,0.0,0.0,68,-0.38834991575627076,-3.7391060774738123,0.4920305534373853,0.29411764705882354,-1.1817498416578878,0.10294117647058823
5,S4 stretch fade,1.0,1.5,0.0,0.0,1.0,1.0,68,-0.31991268036741416,-3.202396438444565,0.5073554499234798,0.3382352941176471,-1.171431567637116,0.10294117647058823
5,S4 stretch fade,1.0,1.5,1.0,0.25,0.0,0.0,68,-0.3332028569327401,-3.3129022829498473,0.4832495288389554,0.39705882352941174,-1.226679554159544,0.10294117647058823
5,S4 stretch fade,1.0,1.5,1.0,0.25,1.0,1.0,68,-0.32775201736838694,-3.2309619388175115,0.4917030095174579,0.39705882352941174,-1.187536803566884,0.10294117647058823
5,S4 stretch fade,1.0,2.0,0.0,0.0,0.0,0.0,68,-0.331240981102721,-2.9192878456171893,0.5760324235957353,0.27941176470588236,-0.8324333804857446,0.14705882352941177
5,S4 stretch fade,1.0,2.0,0.0,0.0,1.0,1.0,68,-0.39113525419612605,-4.141386795110935,0.3976773565173659,0.3382352941176471,-1.5891123027937095,0.1323529411764706
5,S4 stretch fade,1.0,2.0,1.0,0.25,0.0,0.0,68,-0.355275030383061,-3.3236735481002855,0.44926550688718786,0.38235294117647056,-1.170830512443526,0.1323529411764706
5,S4 stretch fade,1.0,2.0,1.0,0.25,1.0,1.0,68,-0.38470572747069576,-4.032367563612738,0.4033758661050037,0.39705882352941174,-1.5477637185480324,0.1323529411764706
5,S4 stretch fade,1.0,3.0,0.0,0.0,0.0,0.0,68,-0.31653509874979485,-3.1122716427766095,0.6195358889606676,0.23529411764705882,-0.7791503621386481,0.14705882352941177
5,S4 stretch fade,1.0,3.0,0.0,0.0,1.0,1.0,68,-0.33231172478436605,-3.297441288926446,0.48826173456604927,0.3382352941176471,-1.146000387922583,0.1323529411764706
5,S4 stretch fade,1.0,3.0,1.0,0.25,0.0,0.0,68,-0.3332162068536592,-3.326230910438893,0.4834602967153146,0.38235294117647056,-1.164536397585281,0.1323529411764706
5,S4 stretch fade,1.0,3.0,1.0,0.25,1.0,1.0,68,-0.32588219805893576,-3.1884220574282494,0.4946028346211182,0.39705882352941174,-1.1084447695585837,0.1323529411764706
5,S4 stretch fade,1.5,0.0,0.0,0.0,0.0,0.0,62,-0.6430382551227373,-11.507555934551137,0.27438155186161295,0.14516129032258066,-2.1597664751951338,0.20967741935483872
5,S4 stretch fade,1.5,0.0,0.0,0.0,1.0,1.0,63,-0.4137688393018953,-5.551738764035394,0.3942574017140847,0.30158730158730157,-1.2027378588909199,0.15873015873015872
5,S4 stretch fade,1.5,0.0,1.0,0.25,0.0,0.0,63,-0.5832572111345705,-9.92040735407268,0.1416656969053838,0.3333333333333333,-3.0175790267900098,0.15873015873015872
5,S4 stretch fade,1.5,0.0,1.0,0.25,1.0,1.0,63,-0.43270492169816344,-5.978347068800043,0.36322179936886884,0.3333333333333333,-1.293425139415966,0.15873015873015872
5,S4 stretch fade,1.5,1.0,0.0,0.0,0.0,0.0,63,-0.40345200009161397,-5.793686555694465,0.4062710503704924,0.3333333333333333,-1.4536516317666779,0.1111111111111111
5,S4 stretch fade,1.5,1.0,0.0,0.0,1.0,1.0,63,-0.40345200009161397,-5.793686555694465,0.4062710503704924,0.3333333333333333,-1.4536516317666779,0.1111111111111111
5,S4 stretch fade,1.5,1.0,1.0,0.25,0.0,0.0,63,-0.40345200009161397,-5.793686555694465,0.4062710503704924,0.3333333333333333,-1.4536516317666779,0.1111111111111111
5,S4 stretch fade,1.5,1.0,1.0,0.25,1.0,1.0,63,-0.40345200009161397,-5.793686555694465,0.4062710503704924,0.3333333333333333,-1.4536516317666779,0.1111111111111111
5,S4 stretch fade,1.5,1.5,0.0,0.0,0.0,0.0,63,-0.40468578256313825,-6.27171539948629,0.4467757086297097,0.2857142857142857,-1.3824521061269985,0.15873015873015872
5,S4 stretch fade,1.5,1.5,0.0,0.0,1.0,1.0,63,-0.43069862005949133,-6.40783105733602,0.36947281570751306,0.30158730158730157,-1.6382516266748282,0.15873015873015872
5,S4 stretch fade,1.5,1.5,1.0,0.25,0.0,0.0,63,-0.44436832224567646,-6.801822780213512,0.3460576793382068,0.3333333333333333,-1.744870409885079,0.15873015873015872
5,S4 stretch fade,1.5,1.5,1.0,0.25,1.0,1.0,63,-0.44102482007459004,-6.661812841716804,0.35097805160472756,0.3333333333333333,-1.6936951329760463,0.15873015873015872
5,S4 stretch fade,1.5,2.0,0.0,0.0,0.0,0.0,63,-0.40468578256314164,-6.30667967404957,0.47184695119720804,0.25396825396825395,-1.2476454633054024,0.15873015873015872
5,S4 stretch fade,1.5,2.0,0.0,0.0,1.0,1.0,63,-0.4357563509933463,-6.336613768268683,0.362068480759349,0.30158730158730157,-1.547031891975562,0.15873015873015872
5,S4 stretch fade,1.5,2.0,1.0,0.25,0.0,0.0,63,-0.4443683222456802,-6.793565281140312,0.34605767933820136,0.3333333333333333,-1.6582987744994377,0.15873015873015872
5,S4 stretch fade,1.5,2.0,1.0,0.25,1.0,1.0,63,-0.4540190589449519,-6.749721042223464,0.3318554402557122,0.3333333333333333,-1.6445616569983124,0.15873015873015872
5,S4 stretch fade,1.5,3.0,0.0,0.0,0.0,0.0,63,-0.4376894660315854,-6.33079965758276,0.4539477627630355,0.2222222222222222,-1.0521947233244053,0.19047619047619047
5,S4 stretch fade,1.5,3.0,0.0,0.0,1.0,1.0,63,-0.3997455281157041,-5.209005227898211,0.4147870215105567,0.30158730158730157,-1.1004553307757516,0.15873015873015872
5,S4 stretch fade,1.5,3.0,1.0,0.25,0.0,0.0,63,-0.49595562383298347,-7.133380939048132,0.27014065729172465,0.3333333333333333,-1.5664325511894028,0.15873015873015872
5,S4 stretch fade,1.5,3.0,1.0,0.25,1.0,1.0,63,-0.4338812519403264,-5.940363481001044,0.361490685583491,0.3333333333333333,-1.26731279384794,0.15873015873015872
5,S4 stretch fade,2.0,0.0,0.0,0.0,0.0,0.0,60,-0.28751850790003164,-6.453761220358824,0.6178766806936811,0.23333333333333334,-0.8098001238824418,0.31666666666666665
5,S4 stretch fade,2.0,0.0,0.0,0.0,1.0,1.0,60,-0.0699128303995921,0.9942494717391563,0.8638825052089825,0.4166666666666667,0.14174056080198144,0.16666666666666666
5,S4 stretch fade,2.0,0.0,1.0,0.25,0.0,0.0,61,-0.12802604507576637,-1.9832882816284176,0.7455854454164434,0.47540983606557374,-0.29843632422441235,0.22950819672131148
5,S4 stretch fade,2.0,0.0,1.0,0.25,1.0,1.0,61,-0.07169134219680538,0.5458768479394622,0.8575342940438136,0.47540983606557374,0.08321820155065014,0.18032786885245902
5,S4 stretch fade,2.0,1.0,0.0,0.0,0.0,0.0,61,-0.10265817205564308,-0.5991284210527028,0.7959967200233206,0.47540983606557374,-0.12078219472555718,0.16393442622950818
5,S4 stretch fade,2.0,1.0,0.0,0.0,1.0,1.0,61,-0.10265817205564308,-0.5991284210527028,0.7959967200233206,0.47540983606557374,-0.12078219472555718,0.16393442622950818
5,S4 stretch fade,2.0,1.0,1.0,0.25,0.0,0.0,61,-0.10265817205564308,-0.5991284210527028,0.7959967200233206,0.47540983606557374,-0.12078219472555718,0.16393442622950818
5,S4 stretch fade,2.0,1.0,1.0,0.25,1.0,1.0,61,-0.10265817205564308,-0.5991284210527028,0.7959967200233206,0.47540983606557374,-0.12078219472555718,0.16393442622950818
5,S4 stretch fade,2.0,1.5,0.0,0.0,0.0,0.0,61,-0.08832340796481247,-1.2668622929470916,0.8459454249381696,0.4098360655737705,-0.2130502069622399,0.18032786885245902
5,S4 stretch fade,2.0,1.5,0.0,0.0,1.0,1.0,61,-0.12184578107003226,-1.2985907709796138,0.758817305089285,0.4262295081967213,-0.24095841528759285,0.16393442622950818
5,S4 stretch fade,2.0,1.5,1.0,0.25,0.0,0.0,61,-0.0985598113999104,-1.2953153519191793,0.804141020662569,0.47540983606557374,-0.26350953680005396,0.16393442622950818
5,S4 stretch fade,2.0,1.5,1.0,0.25,1.0,1.0,61,-0.12711330116972927,-1.9035687083159247,0.7473992586461331,0.47540983606557374,-0.3951940711534228,0.16393442622950818
5,S4 stretch fade,2.0,2.0,0.0,0.0,0.0,0.0,61,-0.08110085130717096,-0.7909895145360462,0.8668040777750229,0.3770491803278688,-0.1159880737515134,0.21311475409836064
5,S4 stretch fade,2.0,2.0,0.0,0.0,1.0,1.0,61,-0.11872012709290312,-0.46331834787356296,0.7650042542223789,0.4262295081967213,-0.07618645731095547,0.18032786885245902
5,S4 stretch fade,2.0,2.0,1.0,0.25,0.0,0.0,61,-0.13899872833699742,-1.6034164249770375,0.7237804265795305,0.47540983606557374,-0.2994362925210153,0.18032786885245902
5,S4 stretch fade,2.0,2.0,1.0,0.25,1.0,1.0,61,-0.1321843685040762,-1.5060575101196563,0.7373219861945193,0.47540983606557374,-0.28755660577708597,0.18032786885245902
5,S4 stretch fade,2.0,3.0,0.0,0.0,0.0,0.0,61,-0.04831396606126696,-0.8825546702495922,0.9270180530517809,0.32786885245901637,-0.10672425915317695,0.21311475409836064
5,S4 stretch fade,2.0,3.0,0.0,0.0,1.0,1.0,61,-0.07041798483187356,1.4471555321377363,0.8606139728205148,0.4262295081967213,0.19809808981961177,0.18032786885245902
5,S4 stretch fade,2.0,3.0,1.0,0.25,0.0,0.0,61,-0.09801512177962275,-1.4488829661314975,0.8052234329721092,0.47540983606557374,-0.24947546673128812,0.18032786885245902
5,S4 stretch fade,2.0,3.0,1.0,0.25,1.0,1.0,61,-0.10027566886599762,-0.47110607992786224,0.8007312526524338,0.47540983606557374,-0.0806292468884956,0.18032786885245902
5,S4 stretch fade,3.0,0.0,0.0,0.0,0.0,0.0,56,-0.27590753391649997,-10.04735293558247,0.5705402175088218,0.25,-1.052892325110116,0.42857142857142855
5,S4 stretch fade,3.0,0.0,0.0,0.0,1.0,1.0,56,-0.05093296858629438,-0.5209184402125605,0.896837705755542,0.4107142857142857,-0.05697644623524535,0.25
5,S4 stretch fade,3.0,0.0,1.0,0.25,0.0,0.0,56,-0.11177770435164888,-3.3759267370517176,0.7735996006838332,0.4107142857142857,-0.3737879559585877,0.3392857142857143
5,S4 stretch fade,3.0,0.0,1.0,0.25,1.0,1.0,56,-0.04345668180744846,-0.2670021375947442,0.9119805674017959,0.4107142857142857,-0.02919018607270855,0.25
5,S4 stretch fade,3.0,1.0,0.0,0.0,0.0,0.0,57,-0.1281156683938194,-3.6750676679801852,0.7358740465024755,0.42105263157894735,-0.4980232518704234,0.21052631578947367
5,S4 stretch fade,3.0,1.0,0.0,0.0,1.0,1.0,57,-0.1281156683938194,-3.6750676679801852,0.7358740465024755,0.42105263157894735,-0.4980232518704234,0.21052631578947367
5,S4 stretch fade,3.0,1.0,1.0,0.25,0.0,0.0,57,-0.1281156683938194,-3.6750676679801852,0.7358740465024755,0.42105263157894735,-0.4980232518704234,0.21052631578947367
5,S4 stretch fade,3.0,1.0,1.0,0.25,1.0,1.0,57,-0.1281156683938194,-3.6750676679801852,0.7358740465024755,0.42105263157894735,-0.4980232518704234,0.21052631578947367
5,S4 stretch fade,3.0,1.5,0.0,0.0,0.0,0.0,57,-0.16389840574918424,-4.474822910737952,0.7068939211333964,0.3508771929824561,-0.5086208417217778,0.24561403508771928
5,S4 stretch fade,3.0,1.5,0.0,0.0,1.0,1.0,57,-0.12248140689226214,-2.3588918600394764,0.7474897583822958,0.42105263157894735,-0.2766865810024308,0.22807017543859648
5,S4 stretch fade,3.0,1.5,1.0,0.25,0.0,0.0,57,-0.11749314129630409,-2.1889811774848433,0.7577736715316329,0.42105263157894735,-0.2567045921981231,0.22807017543859648
5,S4 stretch fade,3.0,1.5,1.0,0.25,1.0,1.0,57,-0.1151362830393609,-2.109430229397411,0.7626326200285497,0.42105263157894735,-0.2472910585986514,0.22807017543859648
5,S4 stretch fade,3.0,2.0,0.0,0.0,0.0,0.0,57,-0.09372296715269417,-3.9767487116597975,0.8376043301427838,0.3333333333333333,-0.40432936955107884,0.24561403508771928
5,S4 stretch fade,3.0,2.0,0.0,0.0,1.0,1.0,57,-0.036391509856248165,0.5904906701813772,0.9249744987439819,0.42105263157894735,0.06231304764151945,0.22807017543859648
5,S4 stretch fade,3.0,2.0,1.0,0.25,0.0,0.0,57,-0.042931737787534514,-0.22190502558185007,0.9114910274395033,0.42105263157894735,-0.023845266949199796,0.22807017543859648
5,S4 stretch fade,3.0,2.0,1.0,0.25,1.0,1.0,57,-0.029046386003346917,0.8399523008234423,0.9401173603902357,0.42105263157894735,0.08860189491398411,0.22807017543859648
5,S4 stretch fade,3.0,3.0,0.0,0.0,0.0,0.0,56,-0.14792827904917097,-6.049339827889432,0.7651625311361963,0.26785714285714285,-0.5854396058995869,0.30357142857142855
5,S4 stretch fade,3.0,3.0,0.0,0.0,1.0,1.0,56,-0.0050823318616913015,0.9402687330917965,0.9897059796529342,0.4107142857142857,0.09714534274895026,0.25
5,S4 stretch fade,3.0,3.0,1.0,0.25,0.0,0.0,56,-0.041271660557933236,-0.7975518603962334,0.9164062235402356,0.4107142857142857,-0.08198660634140847,0.25
5,S4 stretch fade,3.0,3.0,1.0,0.25,1.0,1.0,56,0.0023939549171546138,1.1941850357096127,1.004848841299188,0.4107142857142857,0.12332946979785826,0.25
5,S5 range expansion,1.0,0.0,0.0,0.0,0.0,0.0,522,-0.18264381127661078,-3.643458009968759,0.8006288329161834,0.1685823754789272,-1.2146551959169973,0.19540229885057472
5,S5 range expansion,1.0,0.0,0.0,0.0,1.0,1.0,543,-0.10659543270031098,-1.9170749681367323,0.8124039121393204,0.429097605893186,-1.1487879945808261,0.04788213627992634
5,S5 range expansion,1.0,0.0,1.0,0.25,0.0,0.0,542,-0.08078450919802373,-1.7784289224971777,0.8567308004928068,0.48523985239852396,-0.7547993020964565,0.1070110701107011
5,S5 range expansion,1.0,0.0,1.0,0.25,1.0,1.0,543,-0.10060622292271511,-1.7706813530946142,0.8218615751689126,0.4843462246777164,-1.0659620580154396,0.04788213627992634
5,S5 range expansion,1.0,1.0,0.0,0.0,0.0,0.0,545,-0.14057999129670537,-2.3709719880179687,0.7501651907676102,0.48623853211009177,-1.7789969973120752,0.03302752293577982
5,S5 range expansion,1.0,1.0,0.0,0.0,1.0,1.0,545,-0.14057999129670537,-2.3709719880179687,0.7501651907676102,0.48623853211009177,-1.7789969973120752,0.03302752293577982
5,S5 range expansion,1.0,1.0,1.0,0.25,0.0,0.0,545,-0.14057999129670537,-2.3709719880179687,0.7501651907676102,0.48623853211009177,-1.7789969973120752,0.03302752293577982
5,S5 range expansion,1.0,1.0,1.0,0.25,1.0,1.0,545,-0.14057999129670537,-2.3709719880179687,0.7501651907676102,0.48623853211009177,-1.7789969973120752,0.03302752293577982
5,S5 range expansion,1.0,1.5,0.0,0.0,0.0,0.0,539,-0.14257325597518927,-1.8969851924421373,0.7852222834165593,0.39332096474953615,-1.0685883192896228,0.05009276437847866
5,S5 range expansion,1.0,1.5,0.0,0.0,1.0,1.0,543,-0.14728304722555716,-2.262354854571776,0.7407982427784295,0.429097605893186,-1.4178025029476904,0.034990791896869246
5,S5 range expansion,1.0,1.5,1.0,0.25,0.0,0.0,543,-0.13672062215503508,-2.0071245847818924,0.7579156083482659,0.4843462246777164,-1.2639534344861565,0.034990791896869246
5,S5 range expansion,1.0,1.5,1.0,0.25,1.0,1.0,543,-0.13976577869478254,-2.1141229012585967,0.7525237014304264,0.4843462246777164,-1.325979037943126,0.034990791896869246
5,S5 range expansion,1.0,2.0,0.0,0.0,0.0,0.0,530,-0.19252302904373614,-2.604682944360243,0.741685191299137,0.32075471698113206,-1.3504104524757177,0.0660377358490566
5,S5 range expansion,1.0,2.0,0.0,0.0,1.0,1.0,543,-0.1486621580296127,-2.378809141065992,0.7383711613827886,0.429097605893186,-1.5231158947014878,0.03867403314917127
5,S5 range expansion,1.0,2.0,1.0,0.25,0.0,0.0,543,-0.15068398436827957,-2.370354150230609,0.7331913787951486,0.4843462246777164,-1.5438455204606265,0.040515653775322284
5,S5 range expansion,1.0,2.0,1.0,0.25,1.0,1.0,543,-0.14117386257480116,-2.223129959588138,0.7500304774813547,0.4843462246777164,-1.4221007463177913,0.03867403314917127
5,S5 range expansion,1.0,3.0,0.0,0.0,0.0,0.0,528,-0.2144271209547626,-3.426660964231555,0.7373836564768412,0.2556818181818182,-1.5723707241771592,0.09659090909090909
5,S5 range expansion,1.0,3.0,0.0,0.0,1.0,1.0,543,-0.12565543877150046,-2.177779430439607,0.7788604245528628,0.429097605893186,-1.3421345236532705,0.0423572744014733
5,S5 range expansion,1.0,3.0,1.0,0.25,0.0,0.0,543,-0.15616123839182092,-2.7441434858131024,0.72349307807569,0.4843462246777164,-1.6642206170295568,0.053406998158379376
5,S5 range expansion,1.0,3.0,1.0,0.25,1.0,1.0,543,-0.1182075473286448,-2.0101542452244883,0.790695787273049,0.4843462246777164,-1.242498404672805,0.0423572744014733
5,S5 range expansion,1.5,0.0,0.0,0.0,0.0,0.0,461,-0.11894390165911449,-3.141643004729358,0.8523589800452449,0.22342733188720174,-0.8133230636798354,0.27765726681127983
5,S5 range expansion,1.5,0.0,0.0,0.0,1.0,1.0,497,-0.11288184413034136,-2.672610922141061,0.7885009351176411,0.44668008048289737,-1.2008487243308603,0.09859154929577464
5,S5 range expansion,1.5,0.0,1.0,0.25,0.0,0.0,497,-0.1021125560828082,-2.8184154595119626,0.808123797165968,0.48490945674044267,-0.9967423855784356,0.16096579476861167
5,S5 range expansion,1.5,0.0,1.0,0.25,1.0,1.0,497,-0.10595734735978993,-2.4448922674956024,0.8008991817100743,0.48490945674044267,-1.1049592493685971,0.096579476861167
5,S5 range expansion,1.5,1.0,0.0,0.0,0.0,0.0,498,-0.10229379928562715,-1.9668686056351998,0.808170940316528,0.4839357429718876,-1.0139543406911176,0.0642570281124498
5,S5 range expansion,1.5,1.0,0.0,0.0,1.0,1.0,498,-0.10229379928562715,-1.9668686056351998,0.808170940316528,0.4839357429718876,-1.0139543406911176,0.0642570281124498
5,S5 range expansion,1.5,1.0,1.0,0.25,0.0,0.0,498,-0.10229379928562715,-1.9668686056351998,0.808170940316528,0.4839357429718876,-1.0139543406911176,0.0642570281124498
5,S5 range expansion,1.5,1.0,1.0,0.25,1.0,1.0,498,-0.10229379928562715,-1.9668686056351998,0.808170940316528,0.4839357429718876,-1.0139543406911176,0.0642570281124498
5,S5 range expansion,1.5,1.5,0.0,0.0,0.0,0.0,478,-0.127413903917406,-2.1953299117117493,0.7984130803613579,0.3891213389121339,-0.9404416686441178,0.09414225941422594
5,S5 range expansion,1.5,1.5,0.0,0.0,1.0,1.0,497,-0.12024932441604166,-2.723235325705193,0.7746969863695536,0.44668008048289737,-1.350018586803238,0.07645875251509054
5,S5 range expansion,1.5,1.5,1.0,0.25,0.0,0.0,497,-0.12044284792660526,-2.6436183799886077,0.7736799742831565,0.48490945674044267,-1.3174313217584217,0.0744466800804829
5,S5 range expansion,1.5,1.5,1.0,0.25,1.0,1.0,497,-0.11963419918148464,-2.6338778377871765,0.7751994784126431,0.48490945674044267,-1.317599545496972,0.0744466800804829
5,S5 range expansion,1.5,2.0,0.0,0.0,0.0,0.0,470,-0.11508827334764338,-2.0104481981366855,0.8304496540983255,0.3425531914893617,-0.781354258962257,0.125531914893617
5,S5 range expansion,1.5,2.0,0.0,0.0,1.0,1.0,497,-0.12906070077350482,-2.9215120264211034,0.7581877073593866,0.44668008048289737,-1.3846194607713431,0.08048289738430583
5,S5 range expansion,1.5,2.0,1.0,0.25,0.0,0.0,497,-0.1256734572874331,-2.829467086128836,0.7638513155837319,0.48490945674044267,-1.3208127300199357,0.08651911468812877
5,S5 range expansion,1.5,2.0,1.0,0.25,1.0,1.0,497,-0.1252620769603494,-2.76156610090082,0.7646243262506809,0.48490945674044267,-1.3203334660559922,0.07847082494969819
5,S5 range expansion,1.5,3.0,0.0,0.0,0.0,0.0,465,-0.10736882977918008,-1.9654147318307447,0.8542247322997701,0.2860215053763441,-0.6125713276583509,0.15913978494623657
5,S5 range expansion,1.5,3.0,0.0,0.0,1.0,1.0,497,-0.11717279627964099,-2.7227545303416862,0.7804612687388395,0.44668008048289737,-1.2348921354124276,0.09054325955734406
5,S5 range expansion,1.5,3.0,1.0,0.25,0.0,0.0,497,-0.1030978581624203,-2.4583974586180997,0.806272349812842,0.48490945674044267,-1.018129671067301,0.10865191146881288
5,S5 range expansion,1.5,3.0,1.0,0.25,1.0,1.0,497,-0.11024829950908954,-2.4950358756962276,0.7928362006572598,0.48490945674044267,-1.1383489259860093,0.08853118712273642
5,S5 range expansion,2.0,0.0,0.0,0.0,0.0,0.0,427,-0.1591289182170584,-5.576907723264573,0.7824113415511803,0.2716627634660422,-1.3012731272893283,0.3325526932084309
5,S5 range expansion,2.0,0.0,0.0,0.0,1.0,1.0,453,-0.04413863546585444,-1.2227011192410913,0.9111826809543293,0.4768211920529801,-0.4044367582157034,0.15011037527593818
5,S5 range expansion,2.0,0.0,1.0,0.25,0.0,0.0,453,-0.07354552366104546,-2.3957512778414625,0.8517141679212812,0.5055187637969095,-0.7130809480616975,0.2097130242825607
5,S5 range expansion,2.0,0.0,1.0,0.25,1.0,1.0,453,-0.0382830955360673,-1.173682934127488,0.922811880403788,0.5055187637969095,-0.39549924884155313,0.1456953642384106
5,S5 range expansion,2.0,1.0,0.0,0.0,0.0,0.0,453,-0.05623466946412964,-0.6865943378109999,0.8866161909192151,0.5055187637969095,-0.27094937004041036,0.09933774834437085
5,S5 range expansion,2.0,1.0,0.0,0.0,1.0,1.0,453,-0.05623466946412964,-0.6865943378109999,0.8866161909192151,0.5055187637969095,-0.27094937004041036,0.09933774834437085
5,S5 range expansion,2.0,1.0,1.0,0.25,0.0,0.0,453,-0.05623466946412964,-0.6865943378109999,0.8866161909192151,0.5055187637969095,-0.27094937004041036,0.09933774834437085
5,S5 range expansion,2.0,1.0,1.0,0.25,1.0,1.0,453,-0.05623466946412964,-0.6865943378109999,0.8866161909192151,0.5055187637969095,-0.27094937004041036,0.09933774834437085
5,S5 range expansion,2.0,1.5,0.0,0.0,0.0,0.0,438,-0.08826160216017206,-1.921904258445913,0.8496101445835759,0.410958904109589,-0.6679975914675121,0.14840182648401826
5,S5 range expansion,2.0,1.5,0.0,0.0,1.0,1.0,453,-0.09328146929501688,-2.182823141668485,0.812295737464886,0.4768211920529801,-0.7999346528001453,0.11920529801324503
5,S5 range expansion,2.0,1.5,1.0,0.25,0.0,0.0,453,-0.08193062093644887,-1.8933867728905833,0.834807753164148,0.5055187637969095,-0.6946270321462465,0.11479028697571744
5,S5 range expansion,2.0,1.5,1.0,0.25,1.0,1.0,453,-0.0860801534152294,-1.9851711673821717,0.8264412769229904,0.5055187637969095,-0.7333456615512307,0.11479028697571744
5,S5 range expansion,2.0,2.0,0.0,0.0,0.0,0.0,435,-0.10504197246233282,-2.6272777524685087,0.835968736106242,0.3563218390804598,-0.7918528524937717,0.1793103448275862
5,S5 range expansion,2.0,2.0,0.0,0.0,1.0,1.0,453,-0.08474037570571437,-1.8757401032283856,0.829482427228027,0.4768211920529801,-0.6451172058831118,0.13245033112582782
5,S5 range expansion,2.0,2.0,1.0,0.25,0.0,0.0,453,-0.07227576267395724,-1.553877672016419,0.8542743178140096,0.5055187637969095,-0.5288649472333821,0.1368653421633554
5,S5 range expansion,2.0,2.0,1.0,0.25,1.0,1.0,453,-0.07652746093367087,-1.6876400229840485,0.8457018502754692,0.5055187637969095,-0.5857133273873617,0.1280353200883002
5,S5 range expansion,2.0,3.0,0.0,0.0,0.0,0.0,432,-0.11808962381855714,-4.237277357581044,0.8287459843884906,0.30787037037037035,-1.1248489482031856,0.22453703703703703
5,S5 range expansion,2.0,3.0,0.0,0.0,1.0,1.0,453,-0.0612151261090636,-1.4271753505154203,0.8768207641974867,0.4768211920529801,-0.47978249744809026,0.1456953642384106
5,S5 range expansion,2.0,3.0,1.0,0.25,0.0,0.0,453,-0.059734229974079595,-2.0043008433007525,0.8795611268455816,0.5055187637969095,-0.6681445549030676,0.1545253863134658
5,S5 range expansion,2.0,3.0,1.0,0.25,1.0,1.0,453,-0.05520971685578391,-1.3693150800619425,0.8886836561186026,0.5055187637969095,-0.4687051964356838,0.141280353200883
5,S5 range expansion,3.0,0.0,0.0,0.0,0.0,0.0,369,-0.13260544863701618,-6.31742706122212,0.7892701358549948,0.32791327913279134,-1.1679792058396474,0.44173441734417346
5,S5 range expansion,3.0,0.0,0.0,0.0,1.0,1.0,386,-0.06160863447939641,-2.739812588034436,0.8704048410275083,0.4585492227979275,-0.6585476041430725,0.2616580310880829
5,S5 range expansion,3.0,0.0,1.0,0.25,0.0,0.0,386,-0.05622893978286406,-2.9777989850250117,0.881551620269152,0.48186528497409326,-0.637979259367335,0.33419689119170987
5,S5 range expansion,3.0,0.0,1.0,0.25,1.0,1.0,386,-0.054368963439520274,-2.3880904062409054,0.8854697304995339,0.48186528497409326,-0.5729005321642168,0.2616580310880829
5,S5 range expansion,3.0,1.0,0.0,0.0,0.0,0.0,388,-0.08348354468727677,-3.151058770736382,0.8242036148680123,0.48195876288659795,-0.8422785774559716,0.20103092783505155
5,S5 range expansion,3.0,1.0,0.0,0.0,1.0,1.0,388,-0.08348354468727677,-3.151058770736382,0.8242036148680123,0.48195876288659795,-0.8422785774559716,0.20103092783505155
5,S5 range expansion,3.0,1.0,1.0,0.25,0.0,0.0,388,-0.08348354468727677,-3.151058770736382,0.8242036148680123,0.48195876288659795,-0.8422785774559716,0.20103092783505155
5,S5 range expansion,3.0,1.0,1.0,0.25,1.0,1.0,388,-0.08348354468727677,-3.151058770736382,0.8242036148680123,0.48195876288659795,-0.8422785774559716,0.20103092783505155
5,S5 range expansion,3.0,1.5,0.0,0.0,0.0,0.0,380,-0.0999333759025024,-3.5799841753264925,0.8158631205861125,0.40789473684210525,-0.8152949750856525,0.2631578947368421
5,S5 range expansion,3.0,1.5,0.0,0.0,1.0,1.0,386,-0.0808830699288599,-2.7434519232321763,0.8298606292090559,0.4585492227979275,-0.6746961710858498,0.23316062176165803
5,S5 range expansion,3.0,1.5,1.0,0.25,0.0,0.0,386,-0.08507017612124435,-2.9056722101937873,0.8207964695067913,0.48186528497409326,-0.7143636933586661,0.23316062176165803
5,S5 range expansion,3.0,1.5,1.0,0.25,1.0,1.0,386,-0.07767905161131093,-2.5232403664436944,0.8363661517019618,0.48186528497409326,-0.6199606048474532,0.23316062176165803
5,S5 range expansion,3.0,2.0,0.0,0.0,0.0,0.0,375,-0.12029781734624904,-5.0502594406069194,0.794232000803571,0.368,-1.0918987521458605,0.2986666666666667
5,S5 range expansion,3.0,2.0,0.0,0.0,1.0,1.0,386,-0.08092285388660729,-2.9272977080729223,0.82977694275224,0.4585492227979275,-0.7177594225709343,0.24611398963730569
5,S5 range expansion,3.0,2.0,1.0,0.25,0.0,0.0,386,-0.08124053830708963,-3.1431768817737367,0.8288637458202751,0.48186528497409326,-0.7665836630040553,0.24870466321243523
5,S5 range expansion,3.0,2.0,1.0,0.25,1.0,1.0,386,-0.07368318284673116,-2.5755755262793922,0.844783599774241,0.48186528497409326,-0.6302424638699863,0.24611398963730569
5,S5 range expansion,3.0,3.0,0.0,0.0,0.0,0.0,371,-0.14942489126034958,-7.048741931698731,0.7590426229783602,0.33692722371967654,-1.4181110315856071,0.3504043126684636
5,S5 range expansion,3.0,3.0,0.0,0.0,1.0,1.0,386,-0.0702054399159516,-2.95098594566148,0.8523212659471587,0.4585492227979275,-0.7177081642498438,0.25647668393782386
5,S5 range expansion,3.0,3.0,1.0,0.25,0.0,0.0,386,-0.0805876104885441,-4.128507634660216,0.8302391628650669,0.48186528497409326,-0.9808832038842858,0.2772020725388601
5,S5 range expansion,3.0,3.0,1.0,0.25,1.0,1.0,386,-0.06296576887607548,-2.59926376386795,0.8673602360158477,0.48186528497409326,-0.6309075966337062,0.25647668393782386
