feed,day,blk,long_atr,short_atr
ISO,14613,0,2.008658252393766,-2.437172012904426
ISO,14614,0,-1.6591531051170292,1.2377808879444505
ISO,14615,0,7.791133632773593,-8.281913704129414
ISO,14616,0,0.5047010977405738,-0.979713895614055
ISO,14617,0,6.065602880292104,-6.61390596551625
ISO,14620,0,-2.824383283957637,2.30851419099734
ISO,14621,0,-0.7565507183429743,0.35305700189336353
ISO,14622,0,-4.294625129189071,3.8284514380966357
ISO,14623,0,-0.467555832264199,0.05195064802935544
ISO,14624,0,-2.934136883222118,2.4637341764931344
ISO,14627,0,-0.10170188984902738,-0.5763107091443342
ISO,14628,0,2.3756144429343284,-2.840282304632974
ISO,14629,0,-13.3903023444861,12.857354987491632
ISO,14630,0,-4.253868805180108,3.799516996883162
ISO,14631,0,0.914386785942344,-1.323051271279692
ISO,14634,0,-1.895447092036478,1.4155870687361027
ISO,14635,0,4.826572493131458,-5.3286866666691965
ISO,14636,0,-2.255280768110429,1.719902544226652
ISO,14637,0,-3.61747062489733,3.21384768209149
ISO,14638,0,-5.69802685520813,5.2197035095453215
ISO,14641,0,5.111466686217362,-5.627125368307392
ISO,14642,0,1.3543762616683592,-1.7279972993699813
ISO,14643,0,-4.389105878971294,3.9342762542074246
ISO,14644,0,-25.859082189767797,25.317814116721898
ISO,14645,0,-1.4784378298545104,1.1471352349291368
ISO,14648,0,-1.5685524824035464,1.1417354803890039
ISO,14649,0,0.6247935410859162,-0.9978046103909382
ISO,14650,0,-3.651043861609754,3.288207204555362
ISO,14651,0,7.528145244927851,-7.958017921297747
ISO,14652,0,0.46941848258825464,-0.7931553671318937
ISO,14655,0,-0.6502118899903482,0.12478814050327534
ISO,14656,0,3.075260338292889,-3.5492889068158853
ISO,14657,0,-5.322886541040051,4.921915803485237
ISO,14658,0,4.6379510455431,-5.066894494841887
ISO,14659,0,4.045918826826761,-4.473492811167765
ISO,14662,0,-5.102506090742849,4.7195788043831595
ISO,14663,0,-4.326301613461278,3.9352235015099777
ISO,14664,0,2.4010817983047223,-2.7503300598763127
ISO,14665,0,3.5426755513156185,-4.017405943451724
ISO,14666,0,3.889147295138055,-4.382224606724494
ISO,14669,0,3.5080638395925994,-3.906142005787502
ISO,14670,0,5.515508694079005,-5.9935592851151
ISO,14671,0,3.0060250125148515,-3.464960128929344
ISO,14672,0,-6.318138302847257,5.709161117030644
ISO,14673,0,3.120543640339583,-3.870223794174915
ISO,14676,0,-13.32152878209348,12.630846797279817
ISO,14677,0,4.3682040093555985,-4.922896581972199
ISO,14678,0,-11.963662172844948,11.276095381302133
ISO,14679,0,-0.3954336430290287,-0.22485442446760862
ISO,14680,0,-12.324908098406333,11.709432038560829
ISO,14683,0,-1.1728451298626559,0.6209180099272736
ISO,14684,0,2.403902041924071,-2.8256392422616243
ISO,14685,0,-0.8148272852135733,0.385970819311726
ISO,14686,0,1.088609467618418,-1.6398041347669774
ISO,14687,0,-16.658850595657125,16.04185612915131
ISO,14690,0,0.359959782293219,-0.7491054928804302
ISO,14691,0,3.5158036791388674,-4.020766505586099
ISO,14692,0,1.108412521432725,-1.56548984985861
ISO,14693,0,-1.4639863021305561,0.8602806105303156
ISO,14694,0,2.0234474034874985,-2.5389754043760386
ISO,14697,0,1.2101081654681987,-2.0668219109324304
ISO,14698,0,-8.694586778943776,7.826213567563638
ISO,14699,0,4.5070495836524955,-5.30830284296852
ISO,14700,0,8.53304316594409,-9.147483717947253
ISO,14701,0,-0.9198446594608315,0.43250974054122676
ISO,14704,0,0.8404199282519987,-1.5633618020172155
ISO,14705,0,5.957355164626548,-6.589435288194366
ISO,14706,0,9.08315114683707,-9.687686996876153
ISO,14707,0,5.9577537855276095,-6.5949467037658485
ISO,14708,0,4.491262721436386,-5.25410989280564
ISO,14711,0,0.23712254360959797,-0.811965073572228
ISO,14712,0,-2.7085369555770127,2.1181201805193504
ISO,14713,0,-1.1793576251727866,0.48047903247782553
ISO,14714,0,4.644100907497387,-5.38272530630412
ISO,14715,0,-21.53064244548712,20.834421186134264
ISO,14718,0,1.0181630060600257,-1.5575871152308711
ISO,14719,0,-1.0719551698652323,0.41732605849719245
ISO,14720,0,1.01635645506566,-1.6418065812598905
ISO,14722,0,8.941059357272135,-9.492976601548186
ISO,14725,0,-3.4178953069499007,2.6848346513037953
ISO,14726,0,8.462860173785234,-9.058312076953943
ISO,14727,0,4.736429543677168,-5.325720933248187
ISO,14728,0,-1.689674022061356,1.0069774474910862
ISO,14729,0,4.353944847966658,-5.045047204786756
ISO,14732,0,2.9571603914045017,-3.9149451335598484
ISO,14733,0,-7.876359036404239,7.359452782989684
ISO,14734,0,3.0610797956431233,-3.480405795046307
ISO,14735,0,7.948314517156078,-8.400244269375328
ISO,14736,0,1.650136600932061,-1.9651984817782846
ISO,14739,0,1.1380505178309988,-1.4964916258092904
ISO,14740,0,-0.5332667395816718,0.09345911930809916
ISO,14741,0,-0.40292389795566386,0.08058477959110344
ISO,14742,0,3.462805920521533,-3.9154602892171604
ISO,14743,0,-7.529905034350656,7.0990091811689275
ISO,14746,0,-0.7398899059595038,0.4439339435756888
ISO,14747,0,3.719825504855265,-4.134868796889329
ISO,14748,0,-7.124495342756608,6.837651041085483
ISO,14749,0,4.343558272029686,-4.691739295839685
ISO,14750,0,0.27919688110726115,-0.5655526566018646
ISO,14753,0,5.145984629593063,-5.658022901194361
ISO,14754,0,0.806984461722175,-1.1540745527854777
ISO,14755,0,-1.66322747298066,1.1245303157399464
ISO,14756,0,0.9018627456680294,-1.4744740127588043
ISO,14757,0,-7.488729846233334,6.7360936807827425
ISO,14760,0,3.3128620358951877,-4.385853788411796
ISO,14761,0,0.5893931558114746,-1.0609076804607185
ISO,14762,0,1.6464121753387884,-2.2241006579137856
ISO,14763,0,-4.572155788317528,3.9744883650080496
ISO,14764,0,2.7063501557877534,-3.021042034367726
ISO,14767,0,14.83037149496946,-15.308000206562678
ISO,14768,0,-1.229730862943488,0.8469352635836244
ISO,14769,0,-4.491497416861796,4.019329488676589
ISO,14770,0,-0.9976710584681758,0.52817879565961
ISO,14771,0,3.265826501689579,-3.8969040865571367
ISO,14774,0,-5.357868383358336,4.851214162709789
ISO,14775,0,7.6570660733685445,-8.360355724194578
ISO,14776,0,-1.8159545879242736,1.1495492345575593
ISO,14777,0,5.896416103071339,-6.487535511900556
ISO,14778,0,2.384900333565269,-2.834881528577574
ISO,14781,0,-6.701670680529664,6.180646720916078
ISO,14782,0,1.9332437877485054,-2.483633478210706
ISO,14783,0,-9.952275442183687,9.338884043589937
ISO,14784,0,8.479970239884562,-8.925113034629161
ISO,14785,0,1.5182763151431902,-1.9474710332048666
ISO,14788,0,-14.047259814977469,13.453295340771234
ISO,14789,0,2.5206555680945937,-2.9874436362602568
ISO,14790,0,1.7466107445521766,-2.2528747284803283
ISO,14791,0,-21.086326898527616,20.4599228317314
ISO,14792,0,0.6215287410626158,-1.08192040110899
ISO,14795,0,-2.0054897007061268,1.358557539188062
ISO,14796,0,-8.490657467602126,7.9169643954668505
ISO,14797,0,3.43508444922322,-3.8885609441701776
ISO,14798,0,-4.622067057626344,4.138080978293742
ISO,14799,0,8.127844900177184,-8.703267547977337
ISO,14802,0,-2.7719740321879422,2.240180452871308
ISO,14803,0,6.748599853944334,-7.417606035252321
ISO,14804,0,-0.1024437884596666,-0.5279795251381935
ISO,14805,0,-2.469719512895554,1.872808452377006
ISO,14806,0,-13.063401294451397,12.413076401137081
ISO,14809,0,-5.830560354065554,5.228696059452328
ISO,14810,0,8.536866891079825,-9.122586746385478
ISO,14811,0,-1.8652150256892686,1.2935016078534856
ISO,14812,0,5.824981564507137,-6.392580255323902
ISO,14813,0,-6.842969702736227,6.286064742188012
ISO,14816,0,-1.2941870157582118,0.6887194060467484
ISO,14817,0,-25.217520722317296,24.387655786988063
ISO,14818,0,-2.836440062247889,2.067235977570484
ISO,14819,0,0.438970532979036,-1.0242645769510839
ISO,14820,0,4.918198421771052,-5.591924232972565
ISO,14823,0,4.213459740998063,-4.87052948618295
ISO,14824,0,0.7050650714607033,-1.217839668886669
ISO,14825,0,1.1852112206719447,-1.777816831007917
ISO,14826,0,-3.2853674758736533,2.429245658056435
ISO,14827,0,10.789268253730686,-11.562000089270937
ISO,14830,0,-5.509526935736088,4.722451659202367
ISO,14831,0,1.9481102935380192,-2.5521755008366256
ISO,14832,0,-3.502637575277387,2.9477642960255332
ISO,14833,0,5.3483997144131274,-5.893459557920199
ISO,14834,0,-2.3402622132140216,1.673995390946704
ISO,14837,0,0.048579129574952334,-0.8258452027734832
ISO,14838,0,-2.8727819953928826,1.9460781259113655
ISO,14839,0,3.7996549566833218,-4.552061878798864
ISO,14840,0,-0.5423202668330669,-0.4218046519813717
ISO,14841,0,-3.4798387390840135,2.850003673186452
ISO,14844,0,-3.4736780728128163,2.6728301021354954
ISO,14845,0,10.547631216737345,-11.247308246039987
ISO,14846,0,1.455296191333105,-2.0232166562435725
ISO,14847,0,-4.165021530723349,3.4094620693676383
ISO,14848,0,3.064552701265492,-3.8956178405917523
ISO,14851,0,-1.8884397023862929,0.7857011900439541
ISO,14852,0,11.54161296253585,-12.319480727491934
ISO,14853,0,-8.37282433674267,7.592141414901868
ISO,14854,0,1.601005347120549,-2.3456589969441075
ISO,14855,0,-3.387539558030691,2.4990045919898805
ISO,14858,0,-0.6105292716950595,-0.7849662064648952
ISO,14859,0,8.950576012069005,-9.722177392419777
ISO,14860,0,-1.8601550330714387,1.1160930198429142
ISO,14861,0,-11.575778736851456,10.876863794249111
ISO,14862,0,-0.9193311640168874,0.1285086573356707
ISO,14865,0,1.3547635662692907,-2.0450889503555416
ISO,14866,0,17.02624548518745,-17.803256117711694
ISO,14867,0,-3.9778057320588798,3.1881668770596194
ISO,14868,0,-2.6599699866086355,2.089467040419105
ISO,14869,0,-2.886997492985177,2.4028050413314674
ISO,14872,0,-1.1051358288907394,0.41442593583408616
ISO,14873,0,-0.6413781085762054,0.0836580141621027
ISO,14874,0,-2.688406422545015,2.123911635658935
ISO,14875,0,1.8023168965131733,-2.463717592481332
ISO,14876,0,-2.989353739000175,2.2981736837400537
ISO,14879,0,-4.127060264388072,3.1204601999031403
ISO,14880,0,11.87789720856028,-12.413239054579893
ISO,14881,0,0.6705640370423968,-1.1627211284496561
ISO,14882,0,-9.24764725893581,8.568920854610246
ISO,14883,0,1.2839325185004675,-1.9258987777507013
ISO,14886,0,-1.253360168777439,0.6227387002101957
ISO,14887,0,7.734518281406407,-8.31226007646945
ISO,14888,0,0.7574637701038627,-1.2461500733967275
ISO,14890,0,7.429347082835279,-7.810095171641699
ISO,14893,0,-0.4973175498605385,-0.08776192056364794
ISO,14894,0,-1.196626357272815,0.720357160348288
ISO,14895,0,9.212619410574128,-9.770537315832216
ISO,14896,0,-2.664080368698343,2.2895172237144057
ISO,14897,0,-4.910450817331428,4.345219068573868
ISO,14900,0,5.687944609755551,-6.127592502297043
ISO,14901,0,-5.154376734984282,4.848705764785064
ISO,14902,0,-0.7440637994298123,0.1174837578046772
ISO,14903,0,-8.962085693021775,8.435291530316603
ISO,14904,0,-0.09813298158033412,-0.3150585198106255
ISO,14907,0,-4.176718528294004,3.7422094486275257
ISO,14908,0,5.095392113276697,-5.611381188038897
ISO,14909,0,-5.211804856147234,4.744901845518141
ISO,14910,0,8.39233674420113,-8.925183521610725
ISO,14911,0,0.4145308250567749,-0.7461554851022401
ISO,14914,0,-4.983715369524343,4.531677694284043
ISO,14915,0,-2.792384348875291,2.3517714338653692
ISO,14916,0,-7.525224264797266,7.199809161454684
ISO,14917,0,0.3656846313993517,-0.6365621361396077
ISO,14918,0,3.6013004658818364,-3.8656160964052697
ISO,14921,0,4.444484627796709,-4.928238056672542
ISO,14922,0,0.10282453032388077,-0.5141226516195909
ISO,14923,0,0.36265551227642073,-0.6337998205204666
ISO,14928,0,4.446339824876792,-4.759738226630222
ISO,14929,0,-10.828794074196631,10.473460388414955
ISO,14930,0,0.3197700016578448,-0.6750700034999484
ISO,14931,0,-0.14862729654445325,-0.3269800523975376
ISO,14932,0,-0.48529516851456894,0.17470626066527872
ISO,14935,0,-1.2197918989100234,0.813194599273349
ISO,14936,0,7.03342357252271,-7.346020175745939
ISO,14937,0,-1.3680201970803836,0.8962890946388868
ISO,14938,0,1.644232755245315,-2.3750028686876585
ISO,14939,0,-2.3061077616253916,1.9135787809231932
ISO,14942,0,2.1312067209547645,-2.5763673937390474
ISO,14943,0,9.497324025211656,-9.98593233519039
ISO,14944,0,-2.2218052085543447,1.7861571284456563
ISO,14945,0,5.62530915065108,-6.11287657432614
ISO,14946,0,13.445900417892407,-13.986439128159432
ISO,14949,0,2.0175775555471867,-2.4659281234465613
ISO,14950,0,-9.473823024641096,8.93782172197399
ISO,14951,0,-2.822454168563706,2.532227518839927
ISO,14952,0,2.8185441299642013,-3.254682486631782
ISO,14953,0,-3.901144818713378,3.3985818791045643
ISO,14957,0,-4.893725495061229,4.413359802294482
ISO,14958,0,-2.822727546515062,2.3925976346651585
ISO,14959,0,-7.746186960679765,7.173455946951135
ISO,14960,0,-0.731223365862027,0.23124157723841102
ISO,14988,0,-2.2493823132777546,1.9977031733305932
ISO,14991,0,0.4433959354136508,-1.0768187002905107
ISO,14992,0,0.7461425256345464,-1.355238464928127
ISO,14993,0,-3.8716448150582052,3.280554003598953
ISO,14994,0,-5.477992299822234,5.048766654390518
ISO,14995,0,-1.5896767266663012,1.120399464181775
ISO,14998,0,-2.9740347448714797,2.373219644897435
ISO,14999,0,0.8313046037844799,-1.2688333426183958
ISO,15000,0,-3.5132808533311275,2.8969157913432215
ISO,15001,0,-8.147076405946702,7.704300514319169
ISO,15002,0,16.773673201454873,-17.26057227842018
ISO,15005,0,0.17431853367871422,-0.5413049203707705
ISO,15006,0,-3.144551526959193,2.6690049822394544
ISO,15007,0,-4.29652025962123,3.8652509738374143
ISO,15008,0,8.494459939378135,-9.012020331724093
ISO,15009,0,-0.5367239677570006,-0.1789079892525505
ISO,15012,0,0.3399052171607698,-1.0197156514820003
ISO,15013,0,8.767465214342334,-9.231966682651862
ISO,15014,0,-3.0570219170860247,2.40831700099352
ISO,15015,0,4.184358847989866,-4.730441568771581
ISO,15016,0,-1.3341950669963274,0.8031721547590169
ISO,15019,0,5.141077198071016,-5.785726376512502
ISO,15020,0,-0.8407536387990476,0.2179731656146046
ISO,15021,0,1.3522486063645343,-1.9532479869709787
ISO,15022,0,2.4212111501119686,-3.1412739456842624
ISO,15023,0,2.6910776376870857,-3.3169096464515393
ISO,15026,0,5.171327124568335,-5.794378585359705
ISO,15027,0,-0.6956972349244815,0.32216851818654135
ISO,15028,0,6.072329719479704,-6.578357196103013
ISO,15029,0,-3.409873300956575,3.003331029605564
ISO,15030,0,0.4916750694669644,-0.9713580640688649
ISO,15033,0,-1.2532823274909395,0.766570743999332
ISO,15034,0,2.9982009470300617,-3.473163473292246
ISO,15035,0,4.273587757290141,-4.8681738800435665
ISO,15036,0,-2.5391087391736096,2.147723962422376
ISO,15037,0,9.701865988121911,-10.29254276061031
ISO,15040,0,-8.329676534317455,7.768755555575539
ISO,15041,0,-4.500170894847278,4.0546094201099265
ISO,15042,0,-2.725908704462183,2.2127964777398788
ISO,15043,0,-6.586821270793433,6.175466312430067
ISO,15044,0,3.229946239679612,-3.564655694568696
ISO,15047,0,-2.4135213954406542,1.993778544059675
ISO,15048,0,0.828582398488832,-1.0312936886390145
ISO,15049,0,-1.021690174831439,0.5869283983074267
ISO,15050,0,0.48690520703262785,-0.8803639601903576
ISO,15051,0,-0.10075480237358736,-0.20925997416064687
ISO,15054,0,-3.3239631736334045,2.8614987320844194
ISO,15055,0,1.3428550113720885,-1.759244162185136
ISO,15056,0,5.170678133743154,-5.749215547308826
ISO,15057,0,-0.8853588136034853,0.36836096624379616
ISO,15058,0,-4.627769741458258,4.159727289730494
ISO,15061,0,5.718695199373131,-6.169874307804938
ISO,15062,0,3.4627734625411812,-3.981541022472444
ISO,15063,0,-2.676825503093247,2.1011641045785603
ISO,15064,0,2.7428634404282444,-3.2449894707125937
ISO,15065,0,-6.680396942317111,6.010682963137444
ISO,15068,0,-3.2883838932834815,2.694544815489621
ISO,15069,0,9.674964560085582,-10.17271193295172
ISO,15070,0,-0.8086623339784138,0.31102397460703
ISO,15071,0,-0.5414447672311516,0.043564521501372626
ISO,15072,0,-0.44995936681727094,-0.14998645560571153
ISO,15075,0,-0.9576772128738225,0.5343944668522627
ISO,15076,0,-6.673428657570074,6.246329223485586
ISO,15077,0,-3.398089265435403,2.859778094673368
ISO,15078,0,6.001927937280755,-6.434499320147836
ISO,15079,0,5.478783961383692,-5.9320442684268135
ISO,15082,0,8.007809954269456,-8.585991178404434
ISO,15083,0,0.2801636329288851,-0.8404908987864004
ISO,15084,0,-3.537056897932685,2.9733824918876484
ISO,15089,0,-1.0927114155422866,0.4683048923752657
ISO,15090,0,-3.859919071791495,3.4104379571723995
ISO,15091,0,-0.8616689006303951,0.23500060926286095
ISO,15092,0,0.740678608436804,-1.23861380738595
ISO,15093,0,3.7139871196925394,-4.2864706834216495
ISO,15096,0,4.702978630594418,-5.023454176120447
ISO,15097,0,2.6778636929841406,-2.9892431921683444
ISO,15098,0,-6.307388962614324,5.964129699342794
ISO,15099,0,-6.0371562281329565,5.793353856476905
ISO,15100,0,2.8475592211017475,-3.1035196005266252
ISO,15103,0,0.26426189618022095,-0.6166110910871823
ISO,15105,0,-8.299563101255197,7.871474740133075
ISO,15106,0,2.092733227109043,-2.3353689635854478
ISO,15107,0,-3.522715632018444,3.1823566337557874
ISO,15110,0,5.237866991395485,-5.613678075979909
ISO,15111,0,-9.025325738072194,8.574059451168589
ISO,15112,0,1.6372126380635312,-2.0597191253057328
ISO,15113,0,-3.421623507092722,3.000500613912073
ISO,15114,0,-0.18423717775300244,-0.30706196292152177
ISO,15117,0,0.9342766779627721,-1.3872593097023105
ISO,15118,0,1.9528237513765685,-2.632066795333622
ISO,15119,0,-1.1257574247759234,0.5046498800719462
ISO,15120,0,-1.9015720996762306,1.5212576797409973
ISO,15124,0,0.5095702193622482,-1.5287106580868606
ISO,15125,0,-0.1510218063601057,-0.4530654190804544
ISO,15126,0,9.86265665320725,-10.576695143937185
ISO,15127,0,-5.453716587077715,4.875839332817832
ISO,15128,0,7.9630092185347525,-8.445615837839885
ISO,15131,0,4.518851442859297,-5.184612244753863
ISO,15132,0,-7.390185204878871,6.653009623344829
ISO,15133,0,0.662838908128967,-1.1827125615634135
ISO,15134,0,2.624572498114371,-3.2911305928735857
ISO,15135,0,-6.9110597904033195,6.222535776415431
ISO,15138,0,-0.8237965388349275,0.2745988462782884
ISO,15139,0,3.8208400548614843,-4.412072558515106
ISO,15140,0,9.271358021883351,-9.913530006083061
ISO,15141,0,1.0204605856155025,-1.6484363306097456
ISO,15142,0,7.722654618839274,-8.357610805383109
ISO,15145,0,0.5185342934185084,-1.286733246631036
ISO,15146,0,2.139906218746839,-2.98321901431207
ISO,15147,0,12.772440260553143,-13.479564980860589
ISO,15148,0,-12.800696171573998,12.300668977371888
ISO,15149,0,-5.209363140156377,4.761727209745521
ISO,15152,0,-1.0084991862492174,0.598956369498253
ISO,15153,0,1.2761469970288353,-1.9063430449443162
ISO,15154,0,-2.2075566596770444,1.5900582933338232
ISO,15155,0,-2.977322528842652,2.335312280035602
ISO,15156,0,-2.702669156996606,2.319990338306821
ISO,15160,0,2.6874187215844585,-3.222228417422183
ISO,15161,0,9.839824696295578,-10.36531600183873
ISO,15162,0,0.046667198562429665,-0.5800066107042753
ISO,15163,0,9.309838175158786,-9.923842341698515
ISO,15166,0,1.4922990119384854,-2.0833085216171385
ISO,15167,0,2.9351979047708356,-3.3038255851188225
ISO,15168,0,7.335081752713911,-7.808312833534166
ISO,15169,0,-4.980558749854027,4.620626771544788
ISO,15170,0,3.369780995691586,-3.8503201751128473
ISO,15173,0,0.8115922085715758,-1.1067166480521304
ISO,15174,0,-2.254992229317513,1.7739272203964613
ISO,15175,0,1.1956587904311817,-1.5876780659823653
ISO,15176,0,-1.5077229345323635,1.0093021297282727
ISO,15177,0,5.641604882317164,-6.071851203180243
ISO,15180,0,-2.4152746165918613,1.9067957499409554
ISO,15181,0,-1.0348753503895274,0.4678203638746966
ISO,15182,0,-2.031086265194061,1.4609567872448603
ISO,15183,0,-4.274273487671511,3.7631496027481584
ISO,15184,0,6.662212914003889,-7.184739417063011
ISO,15187,0,7.021871068675494,-7.548346875136629
ISO,15188,0,6.660893715886522,-7.19164221914441
ISO,15189,0,-0.47285347764861574,0.08287122804157578
ISO,15190,0,5.079214819575551,-5.369455666408438
ISO,15191,0,-1.126391334702985,0.8280095241856498
ISO,15194,0,-2.6232416816112787,2.3948854960520802
ISO,15195,0,-6.724571121986641,6.601241069313801
ISO,15196,0,3.242852880526913,-3.427236839618706
ISO,15197,0,-3.2346222886828153,3.0927528900563774
ISO,15198,0,-4.188493456980313,4.024399687852779
ISO,15201,0,-0.31943320923995544,0.06388664184796783
ISO,15202,0,1.7757200306446135,-2.0559125404110206
ISO,15203,0,-3.665445273823849,3.278590891362232
ISO,15204,0,6.138165567410407,-6.4688411535335275
ISO,15205,0,-4.619943425419427,4.446505849617666
ISO,15208,0,2.6171742576246313,-2.800193436479502
ISO,15209,0,-0.7663533011196175,0.5955781922350257
ISO,15210,0,-16.643241743972098,16.42660338739583
ISO,15211,0,3.478702637844922,-3.5940346772264355
ISO,15212,0,-1.2612421805285823,1.0813858981002649
ISO,15215,0,-4.4691132630757355,4.240806072114012
ISO,15216,0,11.718313471705736,-11.989649239502105
ISO,15217,0,-0.8141335770230083,0.5587191214863646
ISO,15218,0,0.4261618243077512,-0.6768452503711359
ISO,15219,0,7.860645411298817,-8.126995107573237
ISO,15222,0,1.7454432393351522,-1.9242338400352952
ISO,15223,0,0.5840927700761875,-0.6743001476941329
ISO,15224,0,-4.3492839691809655,4.216986357951128
ISO,15225,0,3.1279045751746732,-3.2935117002666483
ISO,15226,0,1.8003421478863963,-1.887684398845106
ISO,15229,0,-0.6501417940131675,0.525712742527393
ISO,15230,0,1.5688576601283852,-1.7101961880678798
ISO,15231,0,-2.495195240390202,2.293766764879388
ISO,15232,0,-5.7989474777454415,5.622217649852247
ISO,15233,0,1.8539234426157125,-2.0645965610947763
ISO,15236,0,-9.026477176717828,8.801026607208797
ISO,15237,0,5.55952448974368,-5.7819054693334255
ISO,15238,0,-4.252715355866225,3.99787098997162
ISO,15239,0,-4.788404113998035,4.6356030253981775
ISO,15240,0,-4.39615893584622,4.282746257720551
ISO,15243,0,-1.5207805011841322,1.4607299384522816
ISO,15244,0,-0.44466171742708976,0.3189622920060072
ISO,15245,0,-1.7891306937486198,1.652294694226736
ISO,15246,0,-0.3676741921065835,0.2327478830766429
ISO,15247,0,-2.846258923328478,2.6742795321908073
ISO,15250,0,-2.3955709867832877,2.2025743312519044
ISO,15251,0,-8.379631653320695,8.143336083258781
ISO,15252,0,1.024972342224711,-1.1646619288992888
ISO,15253,0,-3.226084904388942,3.0120825890065923
ISO,15254,0,-0.10579183425680619,-0.13601807261601934
ISO,15257,0,-0.4096328687152865,0.11962729794340692
ISO,15258,0,0.8275382027038806,-1.0404097661003622
ISO,15259,0,-1.9215069131580735,1.6644491321335788
ISO,15260,0,-3.4795553399074035,3.2336503688892138
ISO,15261,0,-1.9333639199917432,1.571141171515529
ISO,15264,0,-1.0695863521473195,0.7843633249080257
ISO,15265,0,-7.396495383359971,7.093360326664893
ISO,15266,0,-0.6232770946242667,0.39349752056923565
ISO,15267,0,-2.6620440595407344,2.471898055287828
ISO,15268,0,3.907834727329807,-4.183763039939154
ISO,15271,0,0.25714053724136315,-0.5510154369457209
ISO,15272,0,9.109412187508,-9.425848563973755
ISO,15273,0,0.34144799176429447,-0.5653483142327043
ISO,15274,0,3.091409448741681,-3.3015307366765434
ISO,15275,0,1.4886420016748834,-1.731685593785071
ISO,15278,0,-0.05330119177250975,-0.18359299388312503
ISO,15279,0,0.319539656786261,-0.5117439616200995
ISO,15280,0,2.0468301832981926,-2.2926956707814616
ISO,15281,0,0.12410106816212826,-0.2722814480572209
ISO,15282,0,-2.5899933189656994,2.257942893457272
ISO,15285,0,3.020944067669455,-3.297777430113388
ISO,15286,0,1.4816139900787582,-1.8364915924928311
ISO,15287,0,2.35798627110621,-2.5973757402540496
ISO,15288,0,-5.1784379801505995,4.947644086884838
ISO,15289,0,3.9251138368698295,-4.246844479236207
ISO,15292,0,0.6579695451493641,-0.9604842785513531
ISO,15293,0,3.841734410005475,-4.127100011491488
ISO,15294,0,-3.4982221772038478,3.2163915889094783
ISO,15295,0,-5.535403383631576,5.311976405482977
ISO,15296,0,-2.584302760082079,2.3303172308356834
ISO,15299,0,-3.5899231306576227,3.3531598574073262
ISO,15300,0,0.12287517464978684,-0.381559752859883
ISO,15301,0,-2.665332864506484,2.4488591293181408
ISO,15302,0,-2.582604191478887,2.1382851907943468
ISO,15303,0,4.4252287923407945,-4.683259625713434
ISO,15306,0,-0.9012656651826801,0.6057687257785184
ISO,15307,0,-0.8479899492100297,0.5087939695260024
ISO,15308,0,8.050718597538353,-8.251609891301005
ISO,15309,0,1.0374532822161995,-1.3051831614977993
ISO,15310,0,-0.8368779537418859,0.5037922010087804
ISO,15313,0,0.5688882373541648,-0.8986785198782705
ISO,15314,0,-6.065374763128185,5.722213531833804
ISO,15315,0,1.3353225198239753,-1.6890503396448873
ISO,15316,0,-16.68972719168078,16.21809943635247
ISO,15317,0,-1.7733126437528821,1.5167755524323978
ISO,15320,0,-5.054749486262638,4.796689525253696
ISO,15321,0,-3.3299409769544073,3.052445895541541
ISO,15322,0,-13.370694201305762,13.117101139166252
ISO,15323,0,-4.02497257438613,3.842537556850215
ISO,15324,0,-1.303601863940739,1.0163066873146822
ISO,15327,0,-0.01617919131116872,-0.30740463491139614
ISO,15328,0,4.269702235919516,-4.6269994941554575
ISO,15329,0,-3.1697080483363136,2.9340420224377057
ISO,15330,0,-2.4536935461242226,2.137597759183901
ISO,15331,0,-1.0461409032483089,0.5595637389467518
ISO,15335,0,-0.6350533696283536,0.10027158467826346
ISO,15336,0,-9.72249548556277,9.331444887852857
ISO,15337,0,1.9240863227872018,-2.1018310177329034
ISO,15338,0,0.9674316981685794,-1.2409106234459146
ISO,15342,0,2.7298875412110184,-3.019147148226754
ISO,15343,0,3.390093407019466,-3.645227435769756
ISO,15344,0,-0.40061846089152625,0.1421549377357332
ISO,15345,0,-2.8646751815581113,2.500906904534864
ISO,15348,0,-2.2234023731145065,1.8780194802035148
ISO,15349,0,2.7066404502299264,-2.9900582984215434
ISO,15350,0,1.487881405822281,-1.8309088192683283
ISO,15351,0,-1.133431459130441,0.7648358626652488
ISO,15352,0,-2.178939820634007,1.8927079886952236
ISO,15355,0,-0.9318410059654371,0.5534284147104688
ISO,15356,0,-1.4661578519874146,1.1241968369466155
ISO,15357,0,-1.9139434406407818,1.6494952968562222
ISO,15358,0,-2.529943720267662,2.136178160692929
ISO,15359,0,5.592756648268102,-5.995838208503641
ISO,15362,0,0.8242670178111946,-1.1607025352851297
ISO,15363,0,0.7991975707414766,-1.1172861561112055
ISO,15364,0,2.0865005953920535,-2.4719972411919695
ISO,15365,0,3.1741332513595504,-3.44227544788412
ISO,15366,0,3.385225979673034,-3.7710067180973077
ISO,15369,0,5.212878621142673,-5.590623448761706
ISO,15370,0,-0.8295169946547933,0.4688574317614157
ISO,15371,0,0.07346173536614656,-0.46525765731845314
ISO,15372,0,4.218237638959247,-4.537197006744452
ISO,15373,0,-8.489517842020152,8.002314522535492
ISO,15376,0,-0.4956287980815065,0.21037481357416649
ISO,15377,0,7.5551978364356644,-7.847609944280296
ISO,15378,0,-2.375840591359503,2.044135098674066
ISO,15379,0,5.911102074641513,-6.256275918416197
ISO,15380,0,0.3099235549246124,-0.5949107318667907
ISO,15383,0,-1.1330398196521492,0.7191439951216769
ISO,15384,0,0.34087100089493794,-0.699682580784415
ISO,15385,0,2.6415399705315084,-3.1725027786785307
ISO,15386,0,-0.5402819799658327,0.1859987144144485
ISO,15387,0,-4.904857604947042,4.412525599431665
ISO,15390,0,-0.19653882372991233,-0.24021411789234678
ISO,15391,0,8.877413506522595,-9.304725829339567
ISO,15392,0,0.8964150800996264,-1.3979060340015408
ISO,15393,0,4.82991041896377,-5.32465156303176
ISO,15394,0,-3.47959117548604,3.0363311531311217
ISO,15397,0,5.115674509728996,-5.503225608950897
ISO,15398,0,5.013295059614596,-5.5361941531858765
ISO,15399,0,-19.843500989651037,19.511114038400603
ISO,15401,0,-1.7854138052298045,1.3761498957215303
ISO,15404,0,1.2021432462440893,-1.548083748760366
ISO,15422,0,4.788370191539357,-5.0085251428745
ISO,15425,0,14.49167566629753,-14.96955450113009
ISO,15426,0,-4.058546651934441,3.6063408968442507
ISO,15427,0,-1.7311108779393645,1.3261726608775228
ISO,15428,0,-2.5584760722408006,2.0518471470445863
ISO,15429,0,-0.21746042038201255,-0.22861223681184895
ISO,15432,0,10.740696101749167,-11.24703416193769
ISO,15433,0,-2.8297012901713994,2.212872671060503
ISO,15434,0,-6.395201937303204,6.126354772308852
ISO,15439,0,3.5591849157448534,-4.175493992064312
ISO,15440,0,-5.150041210850674,4.747300940207412
ISO,15441,0,0.179391462394531,-0.5294235841398097
ISO,15442,0,11.044432072225282,-11.563254483134283
ISO,15443,0,-3.5196921974440003,2.982334610047961
ISO,15446,0,1.0513411464082834,-1.4782817134776114
ISO,15447,0,-3.817324203113263,3.346049610136311
ISO,15448,0,0.5079095913544691,-1.0496798221325037
ISO,15449,0,5.042462594108775,-5.4391164854840905
ISO,15450,0,-2.2754161359793432,1.7582761050749645
ISO,15453,0,-1.6394982017233646,1.146416035791524
ISO,15454,0,3.2373729194351064,-3.7837649733481937
ISO,15455,0,-2.163101594026187,1.624010854081957
ISO,15456,0,5.987780165440928,-6.513600597093261
ISO,15457,0,7.741499245415475,-8.349271511983904
ISO,15460,0,-3.018890656474729,2.404358207319564
ISO,15461,0,0.17350606643095132,-0.9040579250879033
ISO,15462,0,1.0217277171555574,-1.4387594384435611
ISO,15463,0,-6.2068385770634125,5.678596996036738
ISO,15464,0,1.0961260065787466,-1.6150022227107226
ISO,15467,0,-3.8446752762385836,3.3371273849859717
ISO,15468,0,-13.564162799080915,13.098040366122808
ISO,15469,0,0.8996878273670108,-1.2139892517746926
ISO,15470,0,1.8024551655659016,-2.169367158556423
ISO,15471,0,3.515024599533852,-3.901822354640737
ISO,15474,0,0.40224871175009363,-0.7520302002284601
ISO,15475,0,-2.368838748624378,1.9361741370034886
ISO,15476,0,4.413361029997119,-4.736093098004223
ISO,15477,0,10.10571829240102,-10.439102813387446
ISO,15478,0,1.401225687835207,-1.6643666620765696
ISO,15481,0,-0.5611542716191876,0.18705142387304835
ISO,15482,0,4.255256506441132,-4.606205496663076
ISO,15483,0,-6.844393257285664,6.554376593841358
ISO,15484,0,1.5961450542946733,-1.877404094699018
ISO,15485,0,-0.1518652612737577,-0.16785107824992743
ISO,15488,0,-1.6483452862130683,1.3049400182520174
ISO,15489,0,1.6252693014649457,-2.0290629167357253
ISO,15490,0,-2.3389182442523997,2.029127748324923
ISO,15491,0,-1.0849821543310614,0.7321424293453426
ISO,15492,0,23.31483792625131,-23.645486221606763
ISO,15495,0,-3.5349346663747965,3.275727724752446
ISO,15496,0,0.9237307407023064,-1.284211029756857
ISO,15497,0,0.6511803566157393,-1.0232834175389702
ISO,15498,0,-4.064156324097236,3.7816780391903877
ISO,15499,0,1.4336661805854183,-1.6513005153991411
ISO,15502,0,-2.1949882623148453,1.8814185105555712
ISO,15503,0,7.287624258205882,-7.6305712821214495
ISO,15504,0,5.260186711630257,-5.672750375287536
ISO,15505,0,-1.6428964531853325,1.2243241084247394
ISO,15506,0,3.119703952761144,-3.595994632571997
ISO,15509,0,0.6858661594542121,-1.0224875874072052
ISO,15510,0,-2.4073779167060203,1.9666680006042343
ISO,15511,0,-5.660562152814566,5.267467558869106
ISO,15512,0,-6.688652003439815,6.287533442513884
ISO,15513,0,-3.8487847213404973,3.4076632633071973
ISO,15516,0,1.8819569767656708,-2.3158375477779143
ISO,15517,0,-9.457425299727625,8.90597192948112
ISO,15518,0,1.3382964439877647,-1.7807084915869957
ISO,15519,0,-6.764406704184959,6.357525097918198
ISO,15520,0,7.154972023557576,-7.445972410890879
ISO,15523,0,3.918923137606591,-4.340879868439068
ISO,15524,0,5.783521611837322,-6.278898195292339
ISO,15525,0,-1.6678777676549936,1.1861802174297453
ISO,15526,0,-5.569215933419695,5.167831001281332
ISO,15527,0,-1.1069029905661634,0.7568941397942692
ISO,15530,0,1.0924434637203968,-1.6562852514470365
ISO,15531,0,-4.52493553133189,4.082939386635256
ISO,15532,0,-1.9535700565588632,1.5379168530356897
ISO,15533,0,-3.792763747752869,3.38712056617503
ISO,15534,0,4.21421733126836,-4.608530064018624
ISO,15537,0,2.6765956139482263,-3.163249361938818
ISO,15538,0,-11.038269241284862,10.548223991949246
ISO,15539,0,0.9072216418947916,-1.3665743719680983
ISO,15540,0,1.7273896111710374,-2.137452426879298
ISO,15541,0,-2.2819527778766315,1.75585415473507
ISO,15544,0,1.3356680307789404,-1.798237045767356
ISO,15545,0,2.7258464983699824,-3.231804085074384
ISO,15546,0,4.200459841113719,-4.618416044209609
ISO,15547,0,-0.48397860973792195,0.1928636565120684
ISO,15548,0,-4.571854166456933,4.172565592967243
ISO,15551,0,0.11484219123473138,-0.6552760323395521
ISO,15552,0,-1.7314120523651377,1.1986698824066433
ISO,15553,0,-10.91992398012955,10.327255107395251
ISO,15554,0,-4.281672412722118,3.81180438389115
ISO,15555,0,1.9361829732319418,-2.531931580380231
ISO,15558,0,1.7928601966248237,-2.2585381697741256
ISO,15559,0,-2.4943601333061154,1.8896667676561232
ISO,15560,0,5.088447163936213,-5.694214683452419
ISO,15561,0,0.6453032386502711,-1.2526474632622908
ISO,15562,0,9.41206872541005,-9.988611985772073
ISO,15565,0,-5.649495859444211,5.112088405513727
ISO,15566,0,-8.444929515158734,7.80997240875582
ISO,15567,0,5.1034014765516655,-5.540056148342183
ISO,15568,0,11.39749628854361,-12.138796860156202
ISO,15569,0,-2.2912350179536807,1.6295064929129348
ISO,15572,0,-0.3908680717273224,-0.2605787144849804
ISO,15573,0,11.446438497855654,-12.133912281510648
ISO,15574,0,0.9385380347240729,-1.4988592494847095
ISO,15575,0,6.375799290906236,-6.8676642313811636
ISO,15576,0,1.5111926536160685,-2.055766582847055
ISO,15579,0,-1.0219192643061892,0.4541863396916253
ISO,15580,0,6.202956981699926,-6.761781935006228
ISO,15581,0,-5.15987111885999,4.610217737356921
ISO,15582,0,-1.5548609434446856,0.8481059691516979
ISO,15583,0,9.368047286097198,-9.932387484054859
ISO,15586,0,2.055065927072896,-2.6200325049623627
ISO,15587,0,1.4748666680646036,-2.053245753580119
ISO,15588,0,0.8444977581194353,-1.3937645926686126
ISO,15589,0,-1.0909118367301933,0.6242115857226308
ISO,15590,0,27.31142513930838,-27.824677197364448
ISO,15593,0,-0.7928229547480722,0.21093454759355293
ISO,15594,0,1.5365059132018704,-2.06406159155444
ISO,15595,0,-6.312002031172735,5.962548631523032
ISO,15596,0,1.0271965957616966,-1.679384910531103
ISO,15597,0,-0.8502854834995984,0.520077528742486
ISO,15600,0,-1.3701217920689335,0.7508577052581574
ISO,15601,0,7.937857353564641,-8.410700680657103
ISO,15602,0,-0.8180508696219472,0.4353370124888603
ISO,15603,0,1.1979402362867735,-1.6296304115252715
ISO,15604,0,-0.22192146288673673,-0.33288219432997895
ISO,15607,0,5.0088862752184,-5.4870615759552415
ISO,15608,0,4.182579684120595,-4.675372577684138
ISO,15609,0,-19.773518821671445,19.14703109662839
ISO,15610,0,8.13864527992547,-8.64731060992081
ISO,15611,0,-2.228490062712081,1.72201504845932
ISO,15614,0,6.384203490710863,-6.91401290902712
ISO,15615,0,-2.0573722711973983,1.503197922053306
ISO,15616,0,-0.5221293230413717,0.012734861537498369
ISO,15617,0,2.124194282859465,-2.6139220714149447
ISO,15618,0,-3.0296707584403944,2.411370603656638
ISO,15621,0,3.1508708031200996,-3.5993933373720726
ISO,15622,0,-1.7892595784613798,1.2551522416072314
ISO,15623,0,0.8200488565672358,-1.4006144187387441
ISO,15624,0,1.147424829958843,-1.6631213827493154
ISO,15625,0,-2.2023304520391513,1.5884404305647808
ISO,15628,0,-9.102440631838837,8.560225255407632
ISO,15629,0,2.8011314546001396,-3.425339021084849
ISO,15630,0,-2.0364520135027724,1.412252162620651
ISO,15631,0,-1.1034838078450477,0.5447578291893499
ISO,15632,0,0.6975680957874539,-1.2048903472692385
ISO,15635,0,-0.4293906097120574,-0.20674362689828016
ISO,15636,0,-0.008792685445254475,-0.342914732362845
ISO,15637,0,-2.418731389809912,1.8842051158187754
ISO,15638,0,0.8592577682423921,-1.4785426462549318
ISO,15639,0,7.209612180528341,-7.740218412765938
ISO,15642,0,-2.6064927932477766,1.9609218227839165
ISO,15643,0,-2.327182127255815,1.7227192370594675
ISO,15644,0,1.4743125683118696,-1.9479872890546197
ISO,15645,0,-6.347410102778563,5.87194867185882
ISO,15646,0,-14.88702839279421,14.350800445282488
ISO,15649,0,1.0317072590677199,-1.4247385958554224
ISO,15650,0,-0.8016570933710089,0.26721903112364936
ISO,15651,0,-7.98065712779264,7.661111296849995
ISO,15652,0,-0.9353286103187328,0.4734379385564034
ISO,15653,0,-0.15200782974957136,-0.22801174462427065
ISO,15656,0,-1.649305186541074,1.1151172718718865
ISO,15657,0,1.4110762064666473,-1.8435899862265406
ISO,15658,0,0.19175759014645713,-0.720744045722791
ISO,15659,0,-5.364969193933003,4.856441308252148
ISO,15660,0,1.307432864952695,-1.7661812386202944
ISO,15663,0,8.132742283852286,-8.80072932975392
ISO,15664,0,-3.086029186453887,2.46572181229229
ISO,15665,0,1.1620016780948252,-1.7776317062245004
ISO,15666,0,0.4555394777620358,-1.4404896999502697
ISO,15667,0,10.864522253356768,-11.619658465579663
ISO,15670,0,-0.6745071057931484,0.08797918771213817
ISO,15671,0,-1.9710669833851013,1.3645848346512348
ISO,15672,0,-15.335937626001211,14.833942941025722
ISO,15673,0,1.4815764443558348,-2.12574011581489
ISO,15674,0,-10.909341654729266,10.163403763807603
ISO,15677,0,1.1064630968472466,-1.7525729344221825
ISO,15678,0,-4.354861251123896,3.8723281485063006
ISO,15679,0,-15.451684596482595,14.72024390552484
ISO,15680,0,4.9219633705877275,-5.539137460943558
ISO,15681,0,4.043806399671677,-4.724868530142683
ISO,15684,0,2.064714842537151,-2.6546333689763273
ISO,15685,0,-5.394265226696993,4.580036513233309
ISO,15686,0,-2.571679315987231,1.8316277142642556
ISO,15687,0,1.6299354918866442,-2.053295359909178
ISO,15688,0,-1.6636369870170726,0.9981821922102891
ISO,15691,0,3.5745389016224607,-4.2395693949475985
ISO,15692,0,-5.089353341488924,4.289454977404229
ISO,15693,0,1.2944833546630912,-1.7296038100120343
ISO,15694,0,-20.806163607207083,20.099072235679234
ISO,15695,0,5.0792093126971745,-5.532710144187999
ISO,15698,0,-2.4182562284394935,1.920928469377388
ISO,15700,0,3.972606381964801,-4.5745164398382485
ISO,15701,0,7.5637213730066595,-8.291877461864116
ISO,15702,0,-4.330201896935347,3.5552216916673043
ISO,15705,0,1.5601986769436194,-2.0276739359529548
ISO,15707,0,5.65318863247793,-6.155694288698186
ISO,15708,0,-1.213449461829854,0.7156240415919536
ISO,15709,0,4.832232558685989,-5.066238977992815
ISO,15712,0,-3.0940553518207583,2.577302892226488
ISO,15713,0,-1.1627807108720194,0.6312238144734235
ISO,15714,0,-5.6958180513712895,5.035433349763023
ISO,15715,0,7.931733847052573,-8.499807891604238
ISO,15716,0,-8.047778284460184,7.440398791293379
ISO,15719,0,-0.46826886059458384,-0.3121792403965076
ISO,15720,0,1.2668907174748822,-1.6464834418119345
ISO,15721,0,-1.2343665250727736,0.6394910913027589
ISO,15722,0,2.753901379335089,-3.3231833182157304
ISO,15723,0,-2.576974534201635,2.004313526601243
ISO,15726,0,-0.2139334234504922,-0.5301828320297161
ISO,15727,0,0.23806856897613804,-1.0316304655636859
ISO,15728,0,-5.885625173082051,4.978399712876718
ISO,15729,0,-4.736695905037661,4.166867826236138
ISO,15730,0,-4.8374959021901365,4.291657154411281
ISO,15733,0,2.403381887676514,-2.944989073631778
ISO,15734,0,-1.1008732068211269,0.3963143544556826
ISO,15735,0,19.524692292719863,-20.436528476851553
ISO,15736,0,-11.561146753460374,10.800544993364296
ISO,15737,0,5.087042469556975,-5.889731616627105
ISO,15740,0,5.585916387797553,-6.217093380769027
ISO,15741,0,-7.808774370488478,7.289055610389406
ISO,15742,0,3.29924329834949,-3.9848003473571767
ISO,15743,0,2.895145365734447,-3.71938603925314
ISO,15744,0,-2.0223490578559886,1.3158515703954123
ISO,15747,0,-5.557446049459585,5.054509755390847
ISO,15748,0,1.3647954008146501,-1.7575422787469144
ISO,15749,0,-1.708600363167254,1.0112124598336616
ISO,15750,0,-3.5480621453782875,3.0214480978267795
ISO,15751,0,-15.546470221652958,15.016326309576131
ISO,15754,0,-2.3923442193657753,1.8873639092093943
ISO,15755,0,-6.209407100361732,5.590014870899224
ISO,15756,0,-5.869028404614449,5.514404331828074
ISO,15757,0,4.947404768682694,-5.301739935642962
ISO,15758,0,-3.6286932407974084,3.160474758113885
ISO,15761,0,-3.558558061223476,3.0910955901268
ISO,15762,0,5.669549228839586,-6.0032975278146905
ISO,15763,0,-1.5882179453159244,1.084021772199736
ISO,15764,0,-1.0980212277043733,0.7521877701597024
ISO,15765,0,4.2934682190619124,-4.656936428083022
ISO,15768,0,-0.6375633727497663,0.28821357946221005
ISO,15769,0,-5.6057741001156565,5.038100773521665
ISO,15770,0,6.367813642143454,-7.160076614727379
ISO,15771,0,-3.972187173280817,3.4057433696044113
ISO,15772,0,-1.6085059424471988,0.9203750579777354
ISO,15775,0,-0.4217743227730751,-0.25306459366396783
ISO,15776,0,-1.4950214822249681,1.0678724873035625
ISO,15777,0,-5.926028723515901,5.338566148693991
ISO,15778,0,5.106233212064416,-5.542197627181977
ISO,15779,0,1.6186282181628768,-2.3001558889683147
ISO,15782,0,1.6500744755154233,-2.1371813317561155
ISO,15783,0,8.327956416477877,-9.067397607730086
ISO,15784,0,-1.250352981651885,0.6653925223995225
ISO,15785,0,5.662273746662145,-6.435280401496569
ISO,15786,0,-1.1859520335926204,0.46719322535458446
ISO,15789,0,0.8513641165268484,-1.3449085319047411
ISO,15790,0,0.8341154835407009,-1.4407449261157559
ISO,15791,0,6.563340116416927,-7.137184061021689
ISO,15792,0,-3.348696649792233,2.698464290609279
ISO,15796,0,-0.6063251498240322,-0.18885537453530687
ISO,15797,0,-17.65265928445771,16.7983261067465
ISO,15798,0,-0.5042501991710119,0.024011914246269847
ISO,15799,0,1.4101456825358378,-1.7361909270527827
ISO,15800,0,9.384355223386965,-9.975495709899524
ISO,15803,0,-5.253832006977865,4.675693684339318
ISO,15804,0,14.484587436538924,-15.169842903672631
ISO,15805,0,-7.714115162538267,7.234605284525011
ISO,15806,0,3.7169913381881314,-4.156222220101053
ISO,15807,0,-24.17489227538443,23.74711271731525
ISO,15810,0,-4.309058080439957,4.232537626181312
ISO,15811,0,0.9556494202788919,-1.0815999204803928
ISO,15812,0,1.586262137310742,-1.7893036908865216
ISO,15813,0,0.10291970699018303,-0.29439823162311407
ISO,15814,0,-3.1763122885581954,2.951440622111599
ISO,15817,0,-2.5195312834586496,2.2634162864107497
ISO,15818,0,-3.478983052428651,3.270972107589868
ISO,15819,0,1.5884331675493006,-1.9014249247018873
ISO,15820,0,1.7864970491725258,-2.164591662754029
ISO,15821,0,4.141113899652416,-4.391521391694889
ISO,15824,0,0.14409931006540042,-0.5043475852288707
ISO,15825,0,-2.0598608993577554,1.779130282750226
ISO,15826,0,-13.309477064740564,12.866566014333223
ISO,15827,0,8.468462575720986,-8.95133998559817
ISO,15828,0,-6.396262495054251,6.070130564140075
ISO,15831,0,-3.8274075774300873,3.3179356869235774
ISO,15832,0,-6.841608793799232,6.474766499225545
ISO,15833,0,7.559666326506014,-8.00931190726474
ISO,15834,0,-2.6591575840868784,2.210354616308494
ISO,15835,0,-2.9901033765682774,2.749693054834143
ISO,15838,0,0.4478119047620491,-0.7566477011496836
ISO,15839,0,2.669747528399402,-3.013123416296425
ISO,15840,0,-4.1539411689828825,3.8996831020214175
ISO,15841,0,4.38917477920941,-4.631670623364628
ISO,15842,0,-6.454143467226243,6.182246954652207
ISO,15845,0,2.2667190471538174,-2.5361655906490665
ISO,15846,0,-3.2579854017045116,3.0216854632309316
ISO,15847,0,-5.055371740458926,4.768338568537909
ISO,15848,0,-1.2573979390601957,1.0469547693430128
ISO,15849,0,-0.18966272791945304,-0.1401854945492001
ISO,15852,0,-0.6336765322749587,7.202309303582401e-14
ISO,15853,0,0.14310373646634456,-0.49002188547564557
ISO,15854,0,-0.2922873485880275,0.0036084857849855065
ISO,15855,0,4.909385179371883,-5.202482802020952
ISO,15856,0,-9.82305554015493,9.436511298535457
ISO,15859,0,4.430200476401934,-4.823122913333366
ISO,15860,0,-2.9078100503446622,2.501833079964948
ISO,15861,0,4.664173896168162,-5.078306983508284
ISO,15862,0,1.0349582253239151,-1.3450580681175783
ISO,15863,0,-12.49476192221563,12.08990936904542
ISO,15866,0,1.5392684288156993,-2.005713407244705
ISO,15867,0,1.6146816111437483,-1.913696724318515
ISO,15868,0,12.490696928098961,-13.10261104582579
ISO,15869,0,-3.0568178408462123,2.5819723510060237
ISO,15870,0,5.953190948317659,-6.485914970538484
ISO,15873,0,-1.197156794345408,0.5871405934050127
ISO,15874,0,-7.482841885838244,6.996548343297988
ISO,15875,0,4.768741594727682,-5.412079415264309
ISO,15876,0,-0.38870864680917977,0.25967673085592463
ISO,15877,0,-0.6538342422847666,0.4047545309381943
ISO,15880,0,0.3432103896699837,-0.6322296651815074
ISO,15881,0,-3.706597034994465,3.3700161464592155
ISO,15882,0,1.2176450308897928,-1.4014405072505227
ISO,15883,0,-0.09735389938823465,-0.13865555367426943
ISO,15884,0,1.7441020144784263,-1.9724623437063713
ISO,15887,0,1.6193483602059118,-1.9248857866598506
ISO,15888,0,-4.748053682041774,4.388692949247689
ISO,15889,0,3.3703622607801003,-3.681353011486456
ISO,15890,0,-1.4503863514048732,1.0206422472849397
ISO,15891,0,-10.674483300964898,10.350768871822673
ISO,15894,0,1.597079883547811,-1.8970009884394132
ISO,15895,0,0.3745747404719595,-0.7313125885404884
ISO,15896,0,1.9992285760735802,-2.3755539550991878
ISO,15897,0,-0.9210291424188798,0.6642962804205883
ISO,15898,0,1.898925639629581,-2.263227920613679
ISO,15901,0,0.721171600210904,-1.1517218092920376
ISO,15902,0,0.9728044396774099,-1.3760394405799783
ISO,15903,0,-3.0321851344308635,2.4955151991333797
ISO,15904,0,3.5776191503013677,-4.045281784327692
ISO,15905,0,1.650161632072179,-2.0858478715631743
ISO,15908,0,5.553494814794368,-6.011987678760872
ISO,15909,0,2.9249950814295254,-3.352001662660105
ISO,15910,0,-5.997531618800913,5.5383904422419885
ISO,15911,0,4.975624544077027,-5.346939808560391
ISO,15912,0,-7.1472568158162675,6.739133657168654
ISO,15915,0,-2.8596967773701896,2.480300853340969
ISO,15916,0,0.6365524422173802,-1.0912327580869445
ISO,15917,0,-13.790296188733732,13.32083929720237
ISO,15918,0,-4.121246828555549,3.7392077250973297
ISO,15919,0,9.867214977263208,-10.183979503018046
ISO,15922,0,-4.747130695609139,4.205375409377007
ISO,15923,0,-3.646486133192379,3.3317947732620725
ISO,15924,0,3.0906619549845957,-3.4317005155346165
ISO,15925,0,8.45870239849479,-8.88590959033796
ISO,15926,0,-0.9342584190391561,0.5696697677067782
ISO,15929,0,7.75488141343458,-8.153589969395226
ISO,15930,0,-0.7609058978113152,0.45190857890319264
ISO,15931,0,3.8240981116860118,-4.270057075147938
ISO,15932,0,-5.069164994915306,4.668836071328708
ISO,15933,0,1.5249788746453592,-1.8676707565881332
ISO,15936,0,-2.5785616984854633,2.206206218559756
ISO,15937,0,3.973273063941463,-4.2824771934310695
ISO,15938,0,1.3114890364168668,-1.7311655280702867
ISO,15939,0,3.3083749986034303,-3.6442506329794147
ISO,15940,0,14.14108312907797,-14.710713869423506
ISO,15943,0,0.4627612278154109,-0.9698968199418128
ISO,15944,0,3.8826809214582507,-4.271922116591916
ISO,15945,0,-1.6852501714292922,1.340441952211022
ISO,15946,0,-3.3012256132510833,2.954184812909315
ISO,15947,0,-0.10173622053924189,-0.3052086616178182
ISO,15950,0,0.6582529027229205,-1.045460492559935
ISO,15951,0,3.32001587068817,-3.6750977819917234
ISO,15952,0,-6.735055368844939,6.334754901157273
ISO,15953,0,-12.773795054329181,12.407521361015084
ISO,15954,0,8.075969503505009,-8.443895221204551
ISO,15957,0,1.6114126580534007,-2.279355728749136
ISO,15958,0,-6.538252311019376,6.0618769149523875
ISO,15959,0,0.8366142832253741,-1.2740596600752248
ISO,15960,0,-4.954155665695873,4.627956115691206
ISO,15961,0,0.9206467152370974,-1.1914251608950555
ISO,15964,0,1.2760430402791763,-1.6186049302870222
ISO,15965,0,-4.521340492693796,4.0675045586718435
ISO,15966,0,-1.2516947811949526,0.8966040631254717
ISO,15967,0,-0.15638292094159467,-0.12163116073237952
ISO,15968,0,-11.414567361962643,11.027960508043504
ISO,15971,0,0.8557721038963122,-1.1047239886661402
ISO,15972,0,0.6121499058795693,-0.9570230922906096
ISO,15973,0,3.960509434144025,-4.370393981015341
ISO,15974,0,-5.223730595978372,4.838925395537978
ISO,15975,0,6.470296137356184,-6.8506221410215
ISO,15978,0,-2.0292085424141653,1.4844545712962969
ISO,15979,0,-20.15964690137023,19.778196628875055
ISO,15980,0,10.121662693249618,-10.447118085315521
ISO,15981,0,3.3527756828472017,-3.7186993590106066
ISO,15982,0,-4.06448959100285,3.479670944815398
ISO,15985,0,6.2439092984982345,-6.7970795575014105
ISO,15986,0,3.4296816121712075,-3.8308139644719335
ISO,15987,0,-5.441752267430203,5.049553905813613
ISO,15988,0,-1.2079128153437824,0.8319088261317208
ISO,15989,0,-8.378433204627788,8.034349705464432
ISO,15992,0,0.42190471198067997,-0.8386007238134316
ISO,15993,0,6.663799477791133,-6.981312258150446
ISO,15994,0,-6.180709172147012,5.822666642261598
ISO,15995,0,2.9868996051902053,-3.172709845015413
ISO,15996,0,-1.7775441709132436,1.3932102961211863
ISO,15999,0,0.5591269982264132,-0.9976579772275881
ISO,16000,0,19.45908294375906,-20.060135698778645
ISO,16001,0,2.132137518115236,-2.549181531438509
ISO,16002,0,4.617862570509729,-5.096397551909708
ISO,16003,0,3.6994938818670664,-4.175313030660267
ISO,16006,0,1.9800073059657621,-2.5963519926477048
ISO,16007,0,1.586150000134122,-1.9386277779417047
ISO,16008,0,2.318790874462675,-2.800617549675698
ISO,16009,0,-2.9664992819099223,2.581239634908633
ISO,16010,0,-0.9463965231534871,0.5520646385061971
ISO,16013,0,0.0894992192695697,-0.6402636455439605
ISO,16014,0,-1.8960172986604316,1.3656628095246532
ISO,16015,0,-0.5474530079929913,0.04976845527210039
ISO,16016,0,-3.0209503337304007,2.4286071310381745
ISO,16017,0,-19.633601312446224,18.94950370574079
ISO,16020,0,-2.8673214311768915,2.3697385363956562
ISO,16021,0,-0.3948132591645384,-0.0987033147911276
ISO,16022,0,2.101353237205257,-2.549641927809034
ISO,16023,0,3.947060745974127,-4.389928711861829
ISO,16024,0,3.7397957815536436,-4.331067841878326
ISO,16027,0,-2.486862253068751,1.908522194215547
ISO,16028,0,-1.1128529921806085,0.6367661506059658
ISO,16029,0,0.2641028351519619,-0.6283826077753463
ISO,16030,0,-4.4262173232204205,3.957834537694455
ISO,16031,0,1.288779140424382,-1.799186720790513
ISO,16034,0,7.042676282478573,-7.53603364027042
ISO,16035,0,-4.206163354739338,3.581871947727934
ISO,16036,0,-6.149926941253935,5.5965026945719165
ISO,16037,0,1.5739451288744324,-2.24370901350186
ISO,16038,0,4.9972366891436,-5.588625646438694
ISO,16041,0,-7.666775018305705,7.074174050707198
ISO,16042,0,-0.2727253800406844,-0.22313894730605552
ISO,16043,0,9.093111337360767,-9.642544046566861
ISO,16044,0,-5.275127020557968,4.846690308228388
ISO,16045,0,3.8344050303715513,-4.366961284589837
ISO,16048,0,7.499189559829683,-8.230817809569174
ISO,16049,0,9.368516701006323,-9.856778157736294
ISO,16050,0,-0.9510199763053941,0.4036703496548112
ISO,16051,0,-4.15161756050352,3.8432337119981486
ISO,16052,0,3.1407894640726166,-3.4845147132187293
ISO,16055,0,8.70657727221305,-9.253301119761757
ISO,16056,0,-5.329673098370741,4.83273388173944
ISO,16057,0,-0.7731678367609792,0.26198249014222297
ISO,16058,0,-4.000407136028509,3.705174137059617
ISO,16059,0,4.682504893729859,-5.215364625591005
ISO,16062,0,3.472287594770093,-3.9306753960598892
ISO,16063,0,0.6764168833871718,-1.2582808690966123
ISO,16065,0,6.826025738841342,-7.6220637258782356
ISO,16066,0,3.2664743536720064,-3.887182069334127
ISO,16069,0,1.3887796098146639,-1.9055348134666426
ISO,16070,0,3.0776738376628607,-3.5466527081638604
ISO,16072,0,1.9098535564064143,-2.218516757441786
ISO,16073,0,2.8675080185697293,-3.354558212806613
ISO,16076,0,1.5167451770198632,-1.9944601934040618
ISO,16077,0,-8.98736436797724,8.427839738064261
ISO,16078,0,-2.3454830593072895,1.787034711853179
ISO,16079,0,-1.740527120122696,1.0076735958605083
ISO,16080,0,8.171738223293678,-8.768760193945264
ISO,16083,0,2.054380385733915,-2.798047493691927
ISO,16084,0,4.799199000825625,-5.5827416948379796
ISO,16085,0,1.3035513907964884,-1.9851468892522413
ISO,16086,0,3.7665874138217634,-4.468981337145161
ISO,16087,0,7.004571312607563,-7.673265471329051
ISO,16090,0,1.801741416398594,-2.68603168211571
ISO,16091,0,-4.937017456300755,4.30203128828779
ISO,16092,0,-0.6411392730277711,-0.05198426538070677
ISO,16093,0,7.2277628927206425,-7.714480932634492
ISO,16094,0,-2.3264180238724923,1.912832597406263
ISO,16097,0,-1.561687129557342,1.130876886920834
ISO,16098,0,-2.106308253603496,1.531207023950659
ISO,16099,0,2.2193486768185386,-2.760653232140123
ISO,16100,0,-7.944454956643204,7.421363272255174
ISO,16101,0,-2.2205674548219303,1.6902826894913274
ISO,16104,0,13.926150919057775,-14.558798320264259
ISO,16105,0,-1.3329989453351627,0.7997993672011341
ISO,16106,0,0.7608336228276691,-1.5031103280253704
ISO,16107,0,-6.143559437509675,5.429192061055063
ISO,16108,0,1.6391243802435875,-2.3556814863609956
ISO,16111,0,1.3953710901287883,-2.080215796940475
ISO,16112,0,3.480854545213727,-4.072082493445342
ISO,16113,0,5.5449991557213565,-6.25933076998499
ISO,16114,0,2.155064389664485,-2.7599947446580244
ISO,16115,0,-0.931032961740751,0.49546198548775416
ISO,16118,0,0.6752698658852198,-1.2822540149953994
ISO,16119,0,4.680168408114472,-5.158958015082703
ISO,16120,0,1.2908178937501924,-1.8809060737502497
ISO,16121,0,1.3091934526388602,-1.989293947516166
ISO,16122,0,0.628091316308402,-1.3071089555608453
ISO,16125,0,2.0300404667130283,-2.481160570427035
ISO,16126,0,3.307443389554227,-3.8552601000393976
ISO,16127,0,-11.322103826534184,10.702986734174146
ISO,16128,0,-0.4126774684062344,-0.07282543560111969
ISO,16129,0,-1.9469310116685472,1.4079881710682591
ISO,16132,0,4.9725313613805335,-5.460632599307447
ISO,16133,0,1.4981088424395737,-1.9085496211901507
ISO,16134,0,1.997919425698303,-2.658388657334123
ISO,16135,0,8.381570266191243,-9.01117178853425
ISO,16136,0,-12.17822741217924,11.53387675545018
ISO,16139,0,1.1061924715729092,-1.6090072313787536
ISO,16140,0,-6.62639084819267,6.129566792095759
ISO,16141,0,2.8421366210381076,-3.3396660076531157
ISO,16142,0,1.3223103138967593,-1.7883227593229616
ISO,16143,0,0.9510430023173856,-1.5104800625040866
ISO,16146,0,-0.8301669606623876,0.37528095481996643
ISO,16147,0,-0.9912110982912669,0.5531067454553127
ISO,16148,0,-3.2672162864787264,2.7721835158001413
ISO,16149,0,3.552743249031723,-3.9161952438175756
ISO,16150,0,-2.051297886419645,1.6461032421885904
ISO,16153,0,-8.124862371747236,7.656570592395811
ISO,16154,0,0.14956556368215546,-0.6097672980886427
ISO,16155,0,-10.5083276000789,9.741296388394305
ISO,16156,0,0.45762883295134327,-0.9330873606929537
ISO,16157,0,-1.6309818005310726,1.1005812149925498
ISO,16160,0,-2.148247760268801,1.5515122713052016
ISO,16161,0,-4.465111285651295,3.831762167119197
ISO,16162,0,9.452800046280897,-10.402830201686
ISO,16163,0,0.21739933232189643,-0.7608976631265911
ISO,16164,0,7.243977298658504,-7.950706791210562
ISO,16167,0,0.06291033835770297,-0.7818856338740285
ISO,16168,0,-2.3359630713672703,1.7573963663846517
ISO,16169,0,-2.3912636560480216,1.7383589035434366
ISO,16170,0,-0.7053782098493372,0.11756303497499532
ISO,16171,0,-4.475505042909946,3.9313706911883766
ISO,16174,0,4.8773738510339175,-5.5255298445267895
ISO,16175,0,-0.6799664331653539,0.3148837844859492
ISO,16176,0,-2.3452392448056028,1.9217197423576355
ISO,16177,0,0.09699949617882571,-0.743662804037762
ISO,16181,0,0.2441711039074231,-0.7582155331862455
ISO,16182,0,-8.853251131452696,8.141431945004234
ISO,16183,0,-3.830982692407549,3.187120055028146
ISO,16184,0,5.276175222743405,-5.648720693016549
ISO,16185,0,2.7767969913389225,-3.3044543768664933
ISO,16188,0,-7.39980816179803,6.596572540435966
ISO,16189,0,6.268644634505366,-6.868514934458034
ISO,16190,0,0.8250307493605248,-1.5125563738275376
ISO,16191,0,-3.0210353348246946,2.5100779843257954
ISO,16192,0,8.382715017600937,-9.161596784625415
ISO,16195,0,-0.8354406149728006,0.31733790801296446
ISO,16196,0,-0.4689637337423811,-0.13615076140905177
ISO,16197,0,-13.82378318488959,13.038898405052
ISO,16198,0,-3.2268693110431546,2.5310484353465075
ISO,16199,0,-1.29700804659613,0.6143722325982199
ISO,16202,0,1.663815045996757,-2.194114662250734
ISO,16203,0,3.464076268603903,-3.9830390054734015
ISO,16204,0,-0.2397235262574669,-0.3243318296423647
ISO,16205,0,-3.2655262702936656,2.5973879029701523
ISO,16206,0,8.817961450699978e-14,-0.7758255023891445
ISO,16209,0,-2.0892910677062813,1.4014586174326007
ISO,16210,0,0.8267713196629562,-1.5699365508207
ISO,16211,0,-0.91020847584011,0.18204169516795574
ISO,16212,0,0.9020085000413846,-1.6779297903996253
ISO,16213,0,1.4275885448694603,-2.3339939701835077
ISO,16216,0,-1.0147648807240888,-0.1617741114194566
ISO,16217,0,-11.384568199943667,10.790461575028148
ISO,16218,0,-6.977589611743075,6.253585501575175
ISO,16219,0,1.7837564426092463,-2.4867146465931635
ISO,16220,0,-6.044621670710974,5.343795969758976
ISO,16223,0,-2.4288090721280615,1.6421502633416247
ISO,16224,0,-0.7445739883907849,0.009192271461688922
ISO,16225,0,-0.8730302256316481,-0.2910100752109023
ISO,16226,0,11.321012635130367,-12.359637647527634
ISO,16227,0,-2.2068536769925267,1.2037383692687234
ISO,16230,0,-4.389851289132819,3.285486184948453
ISO,16231,0,9.086514036765069,-10.169854011342107
ISO,16232,0,-0.8492600208814625,0.02071365904573308
ISO,16233,0,7.193686721016252,-8.051354288350515
ISO,16234,0,1.1550274045921953,-1.865813499725829
ISO,16237,0,-5.88704084884281,5.0941733944532
ISO,16238,0,4.415367832559511,-5.157446459880461
ISO,16239,0,-0.41490757186246324,-0.3394698315238959
ISO,16240,0,17.8974436513851,-18.79399687124159
ISO,16241,0,3.252694686773877,-3.763923714164662
ISO,16244,0,4.034817992015689,-4.799712398084993
ISO,16245,0,-3.9221077744372193,3.3811273917562312
ISO,16246,0,4.226958209482845,-4.886132978992845
ISO,16247,0,3.436299089231352,-4.058253675517579
ISO,16248,0,1.5881649753746345,-2.1220019418871225
ISO,16251,0,4.633728174578172,-5.4667579587720185
ISO,16252,0,3.3226385933400335,-4.050888148044708
ISO,16253,0,2.981419221320509,-3.909487461420268
ISO,16254,0,-0.34456024880384284,-0.25467496650725924
ISO,16255,0,-1.8417928135750676,0.68160836407907
ISO,16258,0,1.2614466887795563,-2.2911990877834003
ISO,16259,0,-5.081066766652522,4.306808973638824
ISO,16260,0,-1.2307606356542415,0.5324567289000575
ISO,16261,0,-2.6536259843842926,2.2445892237855545
ISO,16262,0,-1.1413473148271396,0.39292284608799255
ISO,16265,0,-8.751480688818264,8.241933050459126
ISO,16266,0,-12.005902581453858,11.321317972390208
ISO,16267,0,4.838093078535889,-5.715751686887082
ISO,16268,0,-1.3169507703489447,0.725062783675298
ISO,16269,0,-2.598131567840641,2.084920393946205
ISO,16272,0,-2.100118911956306,1.2429275193210556
ISO,16273,0,0.17676651218330783,-0.7659882194613131
ISO,16274,0,-1.2247646555757157,0.42164029126387875
ISO,16275,0,-6.395218310701754,5.731641832289116
ISO,16276,0,-0.9458017570132385,0.08598197791031216
ISO,16279,0,0.255368640174659,-0.9143844857866048
ISO,16280,0,-8.52258563177156,7.838040601107173
ISO,16281,0,-5.841091224331919,4.816338377957916
ISO,16282,0,-7.748360549887221,6.987785281186634
ISO,16283,0,10.050573016328126,-10.869356968778481
ISO,16286,0,-0.9159963214930521,1.0411130115000117e-13
ISO,16287,0,-7.946419376628706,7.004621524583809
ISO,16288,0,16.247032265865922,-16.97275118338087
ISO,16289,0,0.19071044164995207,-0.826411913816194
ISO,16290,0,-5.119654922389906,4.550804375457691
ISO,16293,0,-1.6365707446096192,0.8283876608517963
ISO,16294,0,1.9658527084846116,-2.6872665464606396
ISO,16295,0,5.408790802029089,-6.1335868894031575
ISO,16296,0,1.2366691498136426,-1.754645757065383
ISO,16297,0,-10.77385541431865,9.96682504620489
ISO,16300,0,-4.557317707098286,3.6745443013649655
ISO,16301,0,-7.461758917402121,6.348063556595841
ISO,16302,0,-1.0054168056758788,0.3619500500432695
ISO,16303,0,-2.4101650132588155,1.7800565130604493
ISO,16304,0,-4.877777138246552,3.9022217105972197
ISO,16307,0,-2.7103419475772403,1.8143611384607907
ISO,16308,0,-3.9203478414692037,3.223397114096922
ISO,16309,0,-2.858567832354776,1.9756125173417367
ISO,16310,0,-2.898061405698989,2.4140427993191866
ISO,16311,0,3.6317916397233923,-4.4256258779142605
ISO,16314,0,-0.7760924292756424,-0.17909825290976364
ISO,16315,0,-4.617923831632649,4.13246534736115
ISO,16316,0,-0.06758521691667553,-0.47309651841648276
ISO,16317,0,-2.9236204567072344,2.0761942373717734
ISO,16318,0,-0.6801969465424003,-0.19747653286710984
ISO,16321,0,-9.460883497995248,8.517154470763813
ISO,16322,0,-1.4395075591006778,0.715227026219755
ISO,16323,0,-4.790127204299282,4.065722334083872
ISO,16324,0,-2.486780580833177,1.9713856418003992
ISO,16325,0,-8.604100932991349,7.82808281051184
ISO,16328,0,-4.076245463262259,3.066649063692708
ISO,16329,0,-5.122185576310735,4.509667121744425
ISO,16330,0,-2.424770461897512,1.6231934496999814
ISO,16331,0,1.6910859197451968,-2.395705052972302
ISO,16332,0,-3.59815588543242,3.047768751905464
ISO,16335,0,-0.9927335149230421,0.3363807777838111
ISO,16336,0,-4.549882858758909,4.213788095415685
ISO,16337,0,-1.6426904088626622,1.0786765345750684
ISO,16338,0,8.955888109832069,-9.574602314310967
ISO,16339,0,-4.953263279184536,4.365338854355503
ISO,16342,0,-2.714606111311133,1.9334244965453702
ISO,16343,0,3.4764196747301477,-3.991444811727211
ISO,16344,0,5.07667856926217,-5.706344128240411
ISO,16345,0,0.4376032060002251,-0.937721155714833
ISO,16346,0,-10.584650669099155,9.928238224503858
ISO,16349,0,4.656927326860711,-5.275788101194378
ISO,16350,0,3.643647127213171,-4.119940869332542
ISO,16351,0,-5.472917767803235,4.823313284977939
ISO,16352,0,-3.041179981010881,2.5321958837705534
ISO,16353,0,-0.9484308776911045,0.33653998885820563
ISO,16356,0,2.9790749451092333,-3.5158452054892857
ISO,16357,0,-0.2629381127958968,-0.5161377769700383
ISO,16358,0,11.640612574998608,-12.242583490318506
ISO,16359,0,-1.6338239942707318,1.1831139268857023
ISO,16360,0,-3.1471952428633063,2.4237020835843706
ISO,16363,0,1.5606589879312942,-2.2907918477821374
ISO,16364,0,2.7298432283804734,-3.3000454692954526
ISO,16365,0,-2.056403519840143,1.2767244601851262
ISO,16366,0,-10.626740471566718,9.96256919209379
ISO,16367,0,-1.3581177015459445,0.528732845640076
ISO,16370,0,-2.8954194998436744,1.8613411070423245
ISO,16371,0,2.207442602132285,-2.9224037688148377
ISO,16372,0,-6.628857002997672,5.50054091738109
ISO,16373,0,-4.533351150620602,4.012276305721678
ISO,16374,0,-3.6191222736799267,3.305778353880796
ISO,16377,0,-3.467685836305931,2.9038344808090293
ISO,16378,0,-0.1199278506946957,-0.3850315206508838
ISO,16379,0,3.325405137052593,-3.660458551365201
ISO,16380,0,1.007268330918224,-1.5747434469284254
ISO,16381,0,11.256858910963446,-11.74762115231335
ISO,16384,0,-2.625137941740036,2.1116635277077616
ISO,16385,0,-0.9254758773846846,0.49250470667838564
ISO,16386,0,0.9334225269042794,-1.5168116062194248
ISO,16387,0,-0.18398308737166502,-0.23654968376351465
ISO,16388,0,15.278672331068291,-15.824339200035014
ISO,16391,0,-2.406361607149371,2.00530133929115
ISO,16392,0,-3.4617570016921193,3.048412882087087
ISO,16393,0,-11.576294035944985,11.09793477826131
ISO,16394,0,-2.447926922565171,2.138552272004004
ISO,16395,0,3.596368500178717,-3.8722165155327914
ISO,16398,0,2.7395777851953294,-3.316331003131181
ISO,16399,0,-1.1022242582264004,0.5333343184966788
ISO,16400,0,-0.3533174745056723,-0.2611476985477437
ISO,16401,0,-4.053257715669053,3.5017940808841495
ISO,16402,0,-0.3543409368081596,-0.13440518292737091
ISO,16405,0,6.3488158778683745,-6.565314288025863
ISO,16406,0,2.1301738242669184,-2.475840976277767
ISO,16407,0,5.839481776773377,-6.321585535433711
ISO,16408,0,5.06173519513855,-5.680907696072925
ISO,16409,0,-5.432067357187917,4.868428720903822
ISO,16412,0,-1.535180485696827,0.8413135995061279
ISO,16413,0,14.522941580545863,-14.991046063399876
ISO,16414,0,0.4084849175972336,-0.8119268115204091
ISO,16415,0,0.017965287332191996,-0.4970396161896289
ISO,16416,0,-0.14946942790325168,-0.24911571317196532
ISO,16419,0,0.838815527938137,-1.3843866030198035
ISO,16420,0,-6.313807214861455,6.077445690673849
ISO,16421,0,-2.5858108229274626,2.1240588902618365
ISO,16422,0,-4.588375256486602,4.280688734676938
ISO,16423,0,0.9933774587171746,-1.493190016562291
ISO,16426,0,-5.538417004134821,4.958478050822275
ISO,16427,0,1.322025804383549,-1.8728698895433142
ISO,16428,0,-2.495745663853805,1.6200454309226875
ISO,16430,0,-2.4051264850669467,2.0434533294177863
ISO,16433,0,-10.171769272035727,9.486224586473083
ISO,16434,0,14.554824023563029,-15.191100483609505
ISO,16435,0,-9.09107774777437,8.49882512576952
ISO,16437,0,2.6705946425287443,-3.1156937496168644
ISO,16440,0,4.870901122892445,-5.295843423690033
ISO,16441,0,-0.8508759536116797,0.4059734942069116
ISO,16442,0,0.3846201104034595,-0.8890399273260369
ISO,16443,0,4.621124342280348,-5.310844393366969
ISO,16444,0,5.267453428766223,-6.022643884503315
ISO,16447,0,3.5078997624517463,-3.9827423698902273
ISO,16448,0,-1.9050184346501966,1.468337991177362
ISO,16449,0,5.042941820771268,-5.45004105958227
ISO,16450,0,0.15997591336996594,-0.3428055286498914
ISO,16451,0,7.565482223955309,-8.057146381482866
ISO,16454,0,-4.199698128230881,3.601876330617946
ISO,16456,0,-3.8618822024700976,3.4918815124130838
ISO,16457,0,6.54020054215002,-6.985490791828324
ISO,16458,0,-3.123355656858022,2.676363791833604
ISO,16461,0,0.6865362674761507,-1.0276723010046747
ISO,16462,0,8.50307185481428,-9.00509823738634
ISO,16463,0,-1.349750444108773,0.7960066721666995
ISO,16464,0,-1.6397888490866175,1.371520734716619
ISO,16465,0,6.689143748941155,-7.199278639232183
ISO,16468,0,-2.211451242511511,1.6986509543928932
ISO,16469,0,-12.735353295552622,12.271405998811185
ISO,16470,0,-2.3373541932336837,1.9533945721686041
ISO,16471,0,-0.19801597729306755,-0.19801597729306755
ISO,16472,0,-27.657025742255268,26.941680750538353
ISO,16475,0,-0.48127405679535734,-0.12986760262730102
ISO,16476,0,0.3435268119633036,-0.8720295995990812
ISO,16477,0,-9.830311358434326,9.214955404854706
ISO,16478,0,-0.856728440361049,0.3967400160061683
ISO,16479,0,6.822297969627563,-7.512290178945148
ISO,16482,0,-3.14720785332994,2.357939426162548
ISO,16483,0,-9.720839571486218,9.222334978076663
ISO,16484,0,-0.118005122342077,-0.47202048936834146
ISO,16485,0,-6.1628573599778464,5.658738148527721
ISO,16486,0,1.5620567821417812,-2.10302882790516
ISO,16489,0,6.734973539406081,-7.286455507832382
ISO,16490,0,0.6837203050699254,-1.2983003545710072
ISO,16491,0,-4.185188848129299,3.516895219685485
ISO,16492,0,-4.789385671396403,4.304997740028877
ISO,16493,0,7.818256548909887,-8.485770448496645
ISO,16496,0,-5.883192495529969,5.291173124910598
ISO,16497,0,-4.717388378683331,4.041060295717958
ISO,16498,0,-2.199088896404075,1.5276113707845174
ISO,16499,0,5.086030905186705,-5.864008863915058
ISO,16500,0,-15.062352577618839,14.43865267792448
ISO,16503,0,-5.41476129528442,4.683036795921658
ISO,16504,0,-1.2156897335143613,0.8035915187637368
ISO,16505,0,-3.8110156544243616,3.2880632490144857
ISO,16506,0,-4.9198362011847,4.473592554818744
ISO,16507,0,-1.1023051876503598,0.48128818052338856
ISO,16510,0,-3.273149239771892,2.675313762187987
ISO,16511,0,-4.46701173944047,3.7130857074673815
ISO,16512,0,1.3024439944037325,-1.9577617274370531
ISO,16513,0,1.9995294495957834,-2.3557930486329046
ISO,16514,0,7.598550340302271,-8.175290404082327
ISO,16517,0,1.3486133488524563,-1.8800865897795753
ISO,16518,0,-2.9610652503873047,2.377604117306074
ISO,16519,0,1.9632321353319424,-2.5492715787146274
ISO,16520,0,-1.8429224152373938,1.5123533721454974
ISO,16521,0,-1.7502988198358658,1.2238931597348968
ISO,16524,0,-1.0083675180209963,0.4705715084098472
ISO,16525,0,1.4997340239139256,-2.0168836873325144
ISO,16526,0,12.752557090505872,-13.439563533092048
ISO,16527,0,-5.717661905792159,5.143022518275355
ISO,16531,0,2.655212902831605,-3.358580559210821
ISO,16532,0,2.930922153466116,-3.5970408247084444
ISO,16533,0,-7.901894773312873,7.067921710166402
ISO,16534,0,-3.4771951672558004,2.868495794432007
ISO,16535,0,2.231504428182476,-2.712691366874128
ISO,16538,0,-0.4221175257671579,-0.20324177166581608
ISO,16539,0,5.125762809519713,-5.609325338719681
ISO,16540,0,2.863735391776445,-3.503676261447156
ISO,16541,0,-6.833728714958378,6.339426457095197
ISO,16542,0,0.08793481230176907,-0.6290721187743078
ISO,16545,0,-4.428981540655653,3.8787974983381965
ISO,16546,0,-1.2628436047083735,0.4546236976951027
ISO,16547,0,-12.008261617188358,11.391266800634046
ISO,16548,0,1.4908644273396299,-2.160915855357417
ISO,16549,0,-10.083345940691844,9.480455301487549
ISO,16552,0,16.85654283459544,-17.611172620139723
ISO,16553,0,7.854340348293248,-8.463794497530357
ISO,16554,0,2.2954700539917,-3.0100132614599255
ISO,16555,0,-14.828460774719883,14.262218835828438
ISO,16556,0,-6.9730147483344345,6.321331126994774
ISO,16559,0,9.470293157091415,-10.352276221779814
ISO,16560,0,6.607966873814293,-7.312816673687831
ISO,16561,0,0.046569731506863436,-0.667499484931333
ISO,16562,0,-1.1169388896224537,0.45504917725361455
ISO,16563,0,-0.7021943466875616,0.00866906600855848
ISO,16566,0,1.301734448766856,-2.0299774970280713
ISO,16567,0,-1.8920840087484854,1.3925238744254336
ISO,16568,0,14.72516718841172,-15.320123438448555
ISO,16569,0,1.5938923685431463,-2.1482897141234147
ISO,16570,0,5.159417060703605,-5.66216171948105
ISO,16573,0,-1.1721049456740478,0.4975121711853916
ISO,16574,0,-9.0645589314863,8.48948778595188
ISO,16575,0,1.3709869956172354,-2.0086553656717197
ISO,16576,0,-3.975014459293123,3.2439773173541653
ISO,16577,0,-5.756376082174003,5.06802019790805
ISO,16580,0,1.5897770636578636,-2.801035778825707
ISO,16581,0,-5.188901607231561,4.541300782616076
ISO,16582,0,0.9637906234524253,-1.5614902348957642
ISO,16583,0,-1.1007247795932709,0.4762000819516947
ISO,16584,0,1.7574502488096988,-2.609547339141697
ISO,16587,0,13.166152666418686,-13.901691921525874
ISO,16588,0,1.9397935646361735,-2.450265555329932
ISO,16589,0,2.5113789273613056,-3.2473141441704496
ISO,16590,0,-6.362848877950951,5.7473374991890775
ISO,16591,0,-5.431736901201166,4.605617220410098
ISO,16594,0,-2.135785816100948,1.5255612972149333
ISO,16595,0,-4.257628469516955,3.608846988447721
ISO,16596,0,1.044028503364955,-1.5106334210700076
ISO,16597,0,-0.15768104901337684,-0.5431236132684042
ISO,16598,0,2.3970831773379677,-3.2727300001098603
ISO,16601,0,3.9749072717726004,-4.526020931637079
ISO,16602,0,-5.533721134655777,4.794659881279369
ISO,16603,0,-4.073045077822273,3.172924618635037
ISO,16604,0,3.989576761778977,-4.511943604565077
ISO,16605,0,0.11739288202104257,-0.9000120954947786
ISO,16608,0,-7.817736835727246,7.180853997786115
ISO,16609,0,-5.108261243321239,4.322374898194887
ISO,16610,0,-4.635624643927349,3.979253012928785
ISO,16611,0,-1.2878295341314197,0.5131952278869938
ISO,16612,0,-1.9544497320402843,1.3265140751598512
ISO,16615,0,-0.8553747493036846,0.30352007233363026
ISO,16616,0,-2.556661975399099,1.9739469952511774
ISO,16617,0,-3.495802458248493,2.6299690320568962
ISO,16618,0,0.5913999831582191,-1.3544967356204596
ISO,16619,0,-0.6624083301301887,-0.20632390610607254
ISO,16622,0,1.4408466261385644,-2.126964067156958
ISO,16623,0,-11.981868396635557,11.220510595419638
ISO,16624,0,3.8784723591838164,-4.379728883795625
ISO,16625,0,0.5297593278153806,-1.1351985596044656
ISO,16626,0,-2.532830709036855,1.715788544831394
ISO,16629,0,-2.4657429279412977,1.8751458194523738
ISO,16630,0,1.5854397130817122,-2.378159569622568
ISO,16631,0,-13.032673626709812,11.940931333372873
ISO,16632,0,0.6111991869434787,-1.3751981706228704
ISO,16633,0,-16.146077688281924,15.016981346444025
ISO,16636,0,-3.059589530740927,2.7400501541622395
ISO,16637,0,0.8831639868453516,-1.5497028448418202
ISO,16638,0,-0.4203025847144475,-0.13091391982905734
ISO,16639,0,-7.193777766523865,6.575622856403666
ISO,16640,0,0.9501568964376998,-1.4374168433288874
ISO,16643,0,-0.5140293092560919,0.03023701819143127
ISO,16644,0,1.7604416722543785,-2.400602280346906
ISO,16645,0,-2.429519942606581,1.619679961737721
ISO,16646,0,5.315668329865138,-5.961950193678528
ISO,16647,0,9.933094884141859,-10.558801648497246
ISO,16650,0,-1.2111346033184283,0.37586935965070384
ISO,16651,0,-0.27650919517586,-0.32134852412325265
ISO,16652,0,-3.1940899343646194,2.3590337423738297
ISO,16653,0,4.4438128041959395,-5.579611603990439
ISO,16654,0,6.289651877326591,-7.02313897672328
ISO,16657,0,7.812497771201091,-8.62629962236788
ISO,16658,0,-2.0284354087545733,1.7058214272429038
ISO,16659,0,2.1495763411796602,-2.6168755457839437
ISO,16660,0,-2.1242922914570603,1.3917777081959564
ISO,16661,0,-3.9400638688305905,3.194898125316518
ISO,16664,0,0.4356970928858732,-1.3777448612878074
ISO,16665,0,-4.242446695013354,3.3654551301527187
ISO,16666,0,5.90795368884357,-6.8186209241181235
ISO,16667,0,8.02816332251635,-8.69371054096329
ISO,16668,0,-0.9724444471364107,0.5651378724195876
ISO,16671,0,1.7085180220082636,-2.1081713604897363
ISO,16672,0,-6.181509665963631,5.788408892293449
ISO,16673,0,-5.217956432010625,4.828556698278494
ISO,16674,0,-2.810036769584356,2.1991592109790568
ISO,16675,0,5.5446031110107565,-6.088858631109975
ISO,16678,0,-0.9307211021677994,0.17862324183012152
ISO,16679,0,-3.8987406925705876,3.3091390755466654
ISO,16680,0,-5.048452394701313,4.34237513670112
ISO,16681,0,-3.534100268626306,2.907208868426504
ISO,16682,0,-3.980530745036531,3.17840868054553
ISO,16685,0,-1.0783684227366264,0.3281990851807124
ISO,16686,0,1.4763774602019064,-2.351267806988221
ISO,16687,0,-12.909876179314608,11.913935876185207
ISO,16688,0,1.9365680665179725,-2.76504638374482
ISO,16689,0,-7.232647055873115,6.471315786833843
ISO,16692,0,0.4823089730316635,-1.4233996521174395
ISO,16693,0,-0.6716558476051697,-0.10707556990811162
ISO,16694,0,12.122006461513873,-13.050895845537934
ISO,16695,0,0.38966162042823294,-1.2321732321649943
ISO,16696,0,-0.09222192899355323,-0.4347605223981452
ISO,16699,0,-7.640913090798232,6.640466204932675
ISO,16700,0,-2.5290947342622054,2.000824293685221
ISO,16701,0,4.590377818771857,-5.464735498537944
ISO,16702,0,21.969570696458682,-22.910451668469758
ISO,16703,0,-0.38893469509367756,-0.28747347028637715
ISO,16706,0,1.0313748615848868,-1.5001816168507829
ISO,16707,0,3.884555657776665,-4.51876882639327
ISO,16708,0,-7.6035797636292735,7.001316019975472
ISO,16709,0,2.8381210393029455,-3.816783466648777
ISO,16710,0,27.975015092580584,-28.75048328641511
ISO,16713,0,2.4681911523965336,-3.2425256315798148
ISO,16714,0,14.965740616129807,-16.009558618998508
ISO,16715,0,-1.5900652815552558,0.8048478585650193
ISO,16716,0,-0.5981329778315281,-0.2413519033357566
ISO,16717,0,2.0382314305621723,-2.5027856027700945
ISO,16720,0,-4.39868904651326,3.7703048970113446
ISO,16721,0,9.90267611918682,-10.54570703601713
ISO,16722,0,4.884891678179274,-5.336151879396751
ISO,16723,0,-1.0391062171459995,0.35209384217340683
ISO,16724,0,2.466339998534374,-3.022134927781585
ISO,16727,0,-2.2001927416442935,1.4698383045839445
ISO,16728,0,2.919920786222746,-3.7144570545826987
ISO,16729,0,-9.955295124816667,9.098925651714145
ISO,16730,0,-0.950429203232461,0.16657006654584375
ISO,16731,0,-7.261575377116415,6.521542217665064
ISO,16734,0,-1.226267559823483,0.5153878149982848
ISO,16735,0,1.5882108713921708,-2.4829775595004757
ISO,16736,0,6.068735231674353,-6.766291005430036
ISO,16737,0,-5.88132787305789,5.296848084431025
ISO,16738,0,-7.165935607500784,6.496221999323146
ISO,16741,0,-2.9170921344626177,2.1618579248930216
ISO,16742,0,-9.694131829857385,8.869099333699308
ISO,16743,0,-3.929848922855174,3.200410607708055
ISO,16744,0,-1.7269992345301841,0.9375138701735901
ISO,16745,0,-26.859889440131933,25.841022130880848
ISO,16748,0,-3.297193861900096,2.6475004900971344
ISO,16749,0,-6.285387544990873,5.3661352532188875
ISO,16750,0,-0.7519853695505716,8.546996689032917e-14
ISO,16751,0,-10.39305003036688,9.362760064531233
ISO,16752,0,-3.929457260065842,3.2430891797049712
ISO,16755,0,-4.796300288855516,4.205076832602153
ISO,16756,0,-3.506148367153919,2.808407398566055
ISO,16757,0,-1.589923919453492,0.8417244279459464
ISO,16758,0,8.894271214452331,-9.714965213479083
ISO,16759,0,-5.119129733566503,4.449962448132975
ISO,16762,0,-1.5945432182682318,0.8022236067063955
ISO,16763,0,-0.6115639897793768,-0.1079230570199189
ISO,16764,0,-1.6200977614113252,0.8531875784948083
ISO,16765,0,-2.3032212490264645,1.4216054599254486
ISO,16766,0,-7.646771438640992,6.892465994632019
ISO,16769,0,5.527036569355653,-6.341332933164969
ISO,16770,0,-2.846636654773719,2.112020743864383
ISO,16771,0,-17.463369048001727,16.281415136123442
ISO,16772,0,5.234566687359245,-6.089189819989334
ISO,16773,0,19.02742811982324,-19.760309318468337
ISO,16776,0,-5.194541814124329,4.432040263427172
ISO,16777,0,2.2942666312223023,-3.0654486921373705
ISO,16778,0,-5.238978699229501,4.680154304645014
ISO,16779,0,-1.25637108671658,0.6616392113477719
ISO,16780,0,5.377177295492751,-5.884458172426022
ISO,16783,0,-0.6985761699305267,0.1340701740270241
ISO,16784,0,-2.582230347750372,2.0808263967308855
ISO,16785,0,13.056813548620347,-13.99954376873734
ISO,16786,0,-11.56335148833105,10.926690704389898
ISO,16787,0,7.6016991983967035,-8.370518333506341
ISO,16790,0,5.3786995999668585,-6.071607760993197
ISO,16791,0,-2.2611567671757657,1.3830376342919113
ISO,16792,0,-4.921378587218543,4.122777599434596
ISO,16793,0,3.772698501605659,-4.915940471789208
ISO,16797,0,-3.18923047112629,2.1562813306805015
ISO,16798,0,-1.0294297675153599,0.2941227907186922
ISO,16799,0,-5.746436798748241,5.016730538589718
ISO,16800,0,-1.270181838660691,0.1411313154067434
ISO,16804,0,3.602676045755856,-4.187288791517465
ISO,16805,0,-2.8155239984198555,2.1181805932384514
ISO,16806,0,1.595957082288827,-2.2249056861464727
ISO,16807,0,3.0609887390483626,-3.6100450151108623
ISO,16808,0,2.3559287309479395,-2.937639528712845
ISO,16811,0,-2.564484961787688,2.02459339088503
ISO,16812,0,-2.2855224871801667,1.7050723317058387
ISO,16813,0,5.04977436610068,-5.7523516692103565
ISO,16814,0,-7.659593198148623,7.024601015918685
ISO,16815,0,6.90081166705956,-7.584906999605734
ISO,16818,0,-1.1339284867190276,0.34510866987100836
ISO,16819,0,1.1157808129748414,-1.5931201982047245
ISO,16820,0,5.312758749684339,-5.965632328754603
ISO,16821,0,-3.5525853841898796,2.990911805661844
ISO,16822,0,1.4385850159396094,-2.1669824923648244
ISO,16825,0,-0.3721539929275007,-0.33671075550586466
ISO,16826,0,5.2146321646799,-5.843848715470841
ISO,16827,0,-1.56591319677408,0.8699517759855473
ISO,16828,0,-5.462603606225365,4.8034659161830895
ISO,16829,0,4.246690094786595,-4.867778225651192
ISO,16832,0,4.000043422015281,-4.831221275940535
ISO,16833,0,3.1729486625423355,-3.9944240444303163
ISO,16834,0,8.154092591501918,-8.878900821857656
ISO,16835,0,4.682724500267409,-5.298872460828933
ISO,16836,0,-4.819566858257162,4.149018425804008
ISO,16839,0,8.803013652094377,-9.206590209210452
ISO,16840,0,1.6725493312302186,-2.068418995426723
ISO,16841,0,6.10817551021477,-6.626916530190551
ISO,16842,0,2.371817834507569,-2.5736746714869376
ISO,16843,0,0.06831455469441193,-0.37193479778080996
ISO,16846,0,-2.553241544274229,2.1101627513416115
ISO,16847,0,0.16325188393398776,-0.44112743105573354
ISO,16848,0,3.442003428403868,-3.796392455781355
ISO,16849,0,7.188477643560506,-7.714143284771506
ISO,16850,0,0.16253560679450568,-0.5047158316248638
ISO,16853,0,3.4920454284326192,-3.849287927505009
ISO,16854,0,4.052464391028871,-4.475146465712448
ISO,16855,0,4.321499979976251,-4.656824905677608
ISO,16856,0,2.271853125555712,-2.6122056537288527
ISO,16857,0,-9.962565382815427,9.547890444925086
ISO,16860,0,0.9591693476707466,-1.3228354510530216
ISO,16861,0,-6.125120198524423,5.701968544049508
ISO,16862,0,5.4570201014772435,-6.049369637594179
ISO,16863,0,7.044836811434105,-7.65477939251066
ISO,16864,0,-0.39346691105676207,0.018736519574155862
ISO,16867,0,-2.999162156289621,2.586196627024258
ISO,16868,0,-3.8067370890809067,3.4044399066152806
ISO,16869,0,0.6140341527614396,-1.0731251080970834
ISO,16870,0,10.47366840266661,-10.980561005336495
ISO,16871,0,-2.5745740719442756,2.2087376141191575
ISO,16874,0,-6.2731644264247866,5.808054923075399
ISO,16875,0,-0.5668349552434832,0.10878650656194792
ISO,16876,0,-3.511814499063308,2.697480702179052
ISO,16877,0,-2.2151661188848237,1.889406395519406
ISO,16878,0,1.5509681307391578,-2.063684868173555
ISO,16881,0,-0.37797439878786665,-0.08722486125873848
ISO,16882,0,0.7275806508569894,-1.0740476274555708
ISO,16883,0,-4.813158807174273,4.373600925240544
ISO,16884,0,0.5549663135992955,-1.0223063671566417
ISO,16888,0,2.5008655497264343,-3.158988062812375
ISO,16889,0,5.8537964543696654,-6.434818434952277
ISO,16890,0,-0.18142839669947386,-0.24546194847569022
ISO,16891,0,0.408110556349239,-0.9522579648148909
ISO,16892,0,-16.634828040496775,15.966091234848664
ISO,16895,0,0.7464188385409439,-1.3557403393906262
ISO,16896,0,-2.1738495764098964,1.6683031632913106
ISO,16897,0,-3.4967649361568514,2.7239992044094867
ISO,16898,0,0.738962076683017,-1.1253474762558777
ISO,16899,0,1.199790573366151,-1.5539722924410126
ISO,16902,0,4.805720973950912,-5.304369064633244
ISO,16903,0,-1.631725399602799,1.08554116542608
ISO,16904,0,3.3507630426623614,-3.7644374923737574
ISO,16905,0,-3.7817841455477517,3.4054872156425073
ISO,16906,0,-0.9848609050307363,0.4260745759352795
ISO,16909,0,-1.4921677852220263,1.0029324458049613
ISO,16910,0,6.494254691836059,-6.985778225749857
ISO,16911,0,3.847037864951454,-4.366907846701657
ISO,16912,0,-5.12513226460434,4.662888091923002
ISO,16913,0,-2.3530891446230697,1.89617863110403
ISO,16916,0,5.091432589492006,-5.687793654146997
ISO,16917,0,6.771162363571399,-7.404721415133633
ISO,16918,0,-0.503470027127657,-0.28628687817043136
ISO,16919,0,-0.24917878692214093,-0.19380572316170994
ISO,16920,0,5.464783047997193,-5.858286777825974
ISO,16923,0,-3.117312825901302,2.645885555443647
ISO,16924,0,-5.438585948221875,5.048723156234652
ISO,16925,0,2.8407082892781106,-3.212042706177211
ISO,16926,0,-0.9529724341526493,0.4480863763233977
ISO,16927,0,6.907713438305023,-7.458128851715779
ISO,16930,0,-5.286178860358866,4.816296294993628
ISO,16931,0,-2.4120239569321016,1.8905052635413706
ISO,16932,0,0.23986457305766606,-0.8213544471368245
ISO,16933,0,3.789853602638413,-4.356560683406775
ISO,16934,0,-2.037983836280695,1.3614746790090928
ISO,16937,0,-6.508672293969982,5.924279719876156
ISO,16938,0,4.529669140755455,-5.065724660371479
ISO,16939,0,-1.7972331060077318,1.2686351336525044
ISO,16940,0,-2.8189358835371374,2.2143383750036914
ISO,16941,0,-3.6680461638834627,2.9919086221538005
ISO,16944,0,-1.3210867977878895,0.7273399223775626
ISO,16945,0,-6.356387465190332,5.671985046327306
ISO,16946,0,-0.4097448514113628,-0.2592263345661737
ISO,16947,0,-5.825798662662281,5.121774655089802
ISO,16948,0,-5.259413692459809,4.646963771940474
ISO,16951,0,-1.3794593411254614,0.8488980560772234
ISO,16952,0,1.2297992153745947,-1.9532105185361257
ISO,16953,0,-4.902257354915217,4.177339446609822
ISO,16954,0,-6.050326791361178,5.267112967236749
ISO,16955,0,33.25330355839059,-34.226689685237
ISO,16958,0,4.208046605052578,-5.0496559260630764
ISO,16959,0,-0.06343281379883157,-0.7823380368511019
ISO,16960,0,6.7124801310812146,-7.423736303911008
ISO,16961,0,5.269186630150152,-5.927834958918926
ISO,16962,0,5.163412699850178,-5.7603390235322856
ISO,16965,0,-2.0087246269972994,1.4526762873440697
ISO,16966,0,3.266572256014011,-3.8632064580256755
ISO,16967,0,1.5713962109616326,-2.250918896782879
ISO,16968,0,4.888782934123437,-5.307971181422339
ISO,16969,0,0.4540837493738833,-0.9962733008651387
ISO,16972,0,2.7716669416891135,-3.164811188737218
ISO,16973,0,-4.83734849509237,4.422570489082309
ISO,16974,0,1.0291711581364964,-1.5817462765990076
ISO,16975,0,1.4190170975822003,-1.7693916895778192
ISO,16976,0,-0.6365228090234004,0.5180999608330028
ISO,16979,0,-3.2593561521578414,2.8618736945776075
ISO,16980,0,2.581522548664619,-2.9840991644407806
ISO,16981,0,4.443066566367212,-4.972791343281344
ISO,16982,0,1.11707205710785,-1.642753025158631
ISO,16983,0,0.6376922182039323,-1.0241723504487317
ISO,16986,0,-0.34436373881829596,-5.873399475216893e-14
ISO,16987,0,-2.838113384280172,2.373800356177077
ISO,16988,0,-0.8142607615052412,0.45829977286908263
ISO,16989,0,-7.037337201886033,6.521308809447093
ISO,16990,0,-2.2917899790865515,1.5525028890586778
ISO,16993,0,-0.8059581042467083,0.32117127462465134
ISO,16994,0,-4.220472904900702,3.7968369796910917
ISO,16995,0,0.2813562002675117,-0.8048095961138567
ISO,16996,0,-0.4691673082342829,0.10826937882325186
ISO,16997,0,-6.045782487510293,5.530150718852699
ISO,17000,0,2.667148837510919,-3.15765896854741
ISO,17001,0,-0.9331284551489996,0.36327901689000525
ISO,17002,0,-3.0324604492257223,2.4992805900211836
ISO,17003,0,1.5546164644723455,-2.029308514692871
ISO,17004,0,-1.96492383605264,1.5377664803890194
ISO,17007,0,-2.6926863081689105,2.00225392145894
ISO,17008,0,-0.5757559743658532,0.0750986053520579
ISO,17009,0,6.146534722494261,-6.953961287025526
ISO,17010,0,-2.7634731405305506,2.1151509961245547
ISO,17011,0,7.263156856216313,-7.7875725137048555
ISO,17014,0,0.8630397469159369,-1.6135090920602817
ISO,17015,0,5.836119513960673,-6.411815643574551
ISO,17016,0,-6.143713153197976,5.425150211303482
ISO,17017,0,5.277036713907891,-5.7021756233868786
ISO,17018,0,-22.7888265827178,21.98498790255139
ISO,17021,0,3.237673270186843,-3.8709589954067627
ISO,17022,0,8.848293220972986,-9.824656610873442
ISO,17023,0,-6.367984256134713,5.711491033852794
ISO,17024,0,3.463126455595452,-4.04885608867715
ISO,17025,0,8.922360381115503,-9.509357774609947
ISO,17028,0,1.538053127150918,-2.1594887340806186
ISO,17029,0,-3.8478906733123193,3.3521881711142703
ISO,17030,0,3.0091889437477657,-3.674203074962745
ISO,17031,0,0.5242653703083228,-1.0988027624269467
ISO,17032,0,6.536644931769548e-14,-0.575109776390211
ISO,17035,0,1.5081528735567706,-2.1710772135817145
ISO,17036,0,1.7938157869805267,-2.4837449358191845
ISO,17037,0,-11.333550710093064,10.512278919506619
ISO,17038,0,-2.48975604530885,1.634904184258541
ISO,17039,0,8.49820611875436,-9.333410651310077
ISO,17042,0,1.3452302952585549,-1.9146399440452555
ISO,17043,0,-1.7762878864276488,1.0549527041220648
ISO,17044,0,-7.957339310141579,6.912040221781446
ISO,17045,0,7.557494298888382,-8.463940391708586
ISO,17046,0,6.598016969873605,-7.430574316229895
ISO,17049,0,-0.9627190456824729,0.08751991324387924
ISO,17050,0,8.267918298527624,-9.138225487846324
ISO,17051,0,-3.8023323910473845,3.0183463310376184
ISO,17052,0,-3.127683075380118,2.3231343743177177
ISO,17053,0,0.05746266602451315,-0.823631546350891
ISO,17056,0,-0.49253773351363717,-0.16417924450449595
ISO,17057,0,-0.6128481688243648,-0.04085654458837027
ISO,17058,0,-0.08684147914198974,-0.6078903539936121
ISO,17059,0,-0.15543073769366103,-0.6735331966725311
ISO,17060,0,-2.4419959295039457,1.7211115222702944
ISO,17063,0,-0.7450601279482717,0.01817219824270525
ISO,17064,0,-1.1834939608534447,-0.046110154319139694
ISO,17065,0,3.93745496043084,-4.53291128715008
ISO,17066,0,4.119331088927092,-5.058209969594275
ISO,17067,0,1.0650489685608409,-1.8688595108708816
ISO,17070,0,2.7661715512864222,-3.52663108428614
ISO,17071,0,-11.15768811216842,10.325024820215548
ISO,17072,0,-6.6411715274399805,5.648099149505038
ISO,17073,0,-2.023886378009548,1.0770389497009574
ISO,17074,0,-3.7958448507051776,3.015208377552444
ISO,17077,0,-7.103302479208247,6.212606243570851
ISO,17078,0,-22.95687168115662,22.2335358266893
ISO,17079,0,-4.6960731007635275,3.9818414504572734
ISO,17080,0,-15.9599658631091,15.184739834542789
ISO,17081,0,-1.263678715531143,0.6114574429989785
ISO,17084,0,-2.5649083804635833,1.7307918339713428
ISO,17085,0,-0.8173228358543848,0.1946006752034789
ISO,17086,0,-2.6986028656068606,1.851982358749761
ISO,17087,0,-2.697300911232453,1.9238812951084168
ISO,17088,0,-0.3219706904366491,-0.41396231627607416
ISO,17091,0,0.6832510427910298,-1.453111372696524
ISO,17092,0,-2.668458503265752,1.929784869143747
ISO,17093,0,-0.29212149934882975,-0.41605183240626037
ISO,17094,0,-4.406168211786077,3.421549616973563
ISO,17095,0,-0.17587194380751045,-0.7034877752300918
ISO,17098,0,-2.5249132870213034,1.6109175270135692
ISO,17099,0,2.201196472800979,-3.142884803411033
ISO,17100,0,-2.914136233473373,2.1447273269457203
ISO,17101,0,-3.7476812106072304,2.764682860283979
ISO,17102,0,6.210619418327605,-7.088445484522329
ISO,17105,0,1.1820415947085172,-1.9972426945075326
ISO,17106,0,-0.17588674978573818,-0.46370143125283375
ISO,17107,0,6.5831187236572335,-7.281592858793275
ISO,17108,0,5.091796748355866,-5.466537999384817
ISO,17109,0,2.9047150555328796,-3.5983783523765527
ISO,17112,0,-3.812516279024443,3.2609768534874637
ISO,17113,0,1.315386444720297,-2.124855026086605
ISO,17114,0,-2.593398400141292,2.451972447850015
ISO,17115,0,-3.8191975529689905,3.529864405016796
ISO,17116,0,-9.608528778323077,9.302889691935068
ISO,17119,0,-4.281494408887325,4.014526713867072
ISO,17120,0,-1.6438579600754681,1.2912878882094092
ISO,17121,0,0.4957304662046758,-0.9977360016017812
ISO,17122,0,-2.596723457654006,2.0098932977322135
ISO,17123,0,-2.956259724680224,2.533181409878049
ISO,17126,0,-1.8776665374976835,1.2357292597207128
ISO,17127,0,-8.038166751322532,7.369712135827936
ISO,17128,0,-21.491328511706325,20.869742726841356
ISO,17129,0,-0.8776259459858596,0.4468892853793076
ISO,17130,0,-1.4653771206975998,1.1195654107984623
ISO,17133,0,-0.5567672647946346,0.12008705711252152
ISO,17134,0,-0.304077221006483,-0.2616478413311957
ISO,17135,0,-5.749504607374944,5.270379223427034
ISO,17136,0,0.21815329754137716,-0.6656472412160387
ISO,17137,0,2.083272370077038,-2.684939480568585
ISO,17140,0,-1.892415480868696,1.4887001782833889
ISO,17141,0,0.470791907929161,-1.1091538169856405
ISO,17142,0,4.2745265526767575,-5.037834865654732
ISO,17143,0,-5.208806966514343,4.487864825820301
ISO,17144,0,-2.5591909340284595,1.9193932005213357
ISO,17147,0,2.2910545518343834,-2.8481498835874546
ISO,17148,0,-1.7514726456221688,1.0254736215301534
ISO,17149,0,-0.23509482362141404,-0.5826263020185456
ISO,17150,0,-0.9618600082606786,0.5503690956357454
ISO,17151,0,-5.271662694093192,4.613732872677503
ISO,17154,0,0.7271343028222315,-1.436533622648775
ISO,17155,0,-5.40764309357214,4.653964613631761
ISO,17156,0,-3.085789032452235,2.3422254101746045
ISO,17157,0,2.922055570245863,-3.814286278717888
ISO,17158,0,5.341306126347819,-6.652056096003693
ISO,17162,0,-5.971753477482092,5.180792751987758
ISO,17163,0,-1.2743270032202145,0.3034111912429923
ISO,17164,0,3.4917778654352696,-4.32563526613623
ISO,17165,0,-1.8150255907438568,1.1458917324051023
ISO,17169,0,4.338222122781468,-4.9224944625500235
ISO,17170,0,-0.22339736041342068,-0.335096040620004
ISO,17171,0,6.014492304949213,-6.5329830208931075
ISO,17172,0,-1.8461904966966132,1.1624162386608279
ISO,17175,0,-0.9520911016779184,0.3475888148983488
ISO,17176,0,3.359269569244714,-3.993094016272004
ISO,17177,0,-7.308467160639794,6.665964553111007
ISO,17178,0,-2.2635716445643803,1.763334817036313
ISO,17179,0,-2.672807608402683,1.987472324196873
ISO,17182,0,-0.8837241388556468,0.308944211144623
ISO,17183,0,-1.6012289712789463,1.169921504267773
ISO,17184,0,1.5199453422952462,-2.218770787028744
ISO,17185,0,-2.9755639669644873,2.357264960842004
ISO,17186,0,1.9550141991849064,-2.585663940857429
ISO,17189,0,3.4268947680216515,-4.073478686516288
ISO,17190,0,-0.0506260416998283,-0.7593906254996343
ISO,17191,0,-7.302306179399366,6.600161354457125
ISO,17192,0,-4.145248175733122,3.6077767753139147
ISO,17193,0,2.4068725877440365,-3.0921032177067427
ISO,17196,0,6.930713853080998,-7.693378376116039
ISO,17197,0,5.642045148138124,-6.211230030674116
ISO,17198,0,-8.630999603255669,7.830906940149698
ISO,17199,0,-3.5034791757746584,2.981545592791449
ISO,17200,0,8.120204865902522,-9.041646552813441
ISO,17203,0,2.005884226070101,-2.6745123014268137
ISO,17204,0,4.258359225009437,-4.919851920156541
ISO,17205,0,3.6084968702454647,-4.279845125174847
ISO,17206,0,-4.055624006326656,3.4181978363735532
ISO,17207,0,2.4047651566748103,-3.0967839067970417
ISO,17210,0,-8.23260643198284,7.368290796079132
ISO,17211,0,-5.0887213226395245,4.380725312533172
ISO,17212,0,-1.8388597208039317,0.9579688365864698
ISO,17213,0,1.994417495848547,-2.662004942157694
ISO,17214,0,-2.9825521114671516,2.323424573021377
ISO,17217,0,0.46658138670624905,-1.597687778721336
ISO,17218,0,2.6497808365258084,-3.458874221724534
ISO,17219,0,-4.522961639688015,3.693060421396643
ISO,17220,0,11.978967812625953,-12.918494699890744
ISO,17221,0,-1.7793134823555135,0.9659130332787706
ISO,17224,0,5.001312772252017,-5.953943776490466
ISO,17225,0,3.9377931680947875,-4.673829274280719
ISO,17226,0,-0.13402263119930688,-0.4302831843768301
ISO,17227,0,0.03990338156032129,-0.8379710127656589
ISO,17228,0,-1.7004306530923772,1.0617712528698937
ISO,17231,0,-2.280456367817167,1.4660076650253746
ISO,17232,0,-4.490293891843728,3.5967030675961955
ISO,17233,0,-7.471794808446806,6.530466328642491
ISO,17234,0,-0.6505997935988084,-0.13800601682400054
ISO,17235,0,4.790925612339183,-5.705660812785774
ISO,17238,0,-0.2011899622392044,-0.5652479891476102
ISO,17239,0,0.9406220789241275,-1.7767305935233941
ISO,17240,0,-1.1454955929424329,0.23817235100794695
ISO,17241,0,0.6868012029235862,-1.3332023350869615
ISO,17242,0,-1.6780091461222135,0.919586933185573
ISO,17245,0,2.5390528236801506,-3.5649327524398684
ISO,17246,0,8.980050861423054,-9.760924849372875
ISO,17247,0,2.344263347172681,-3.220623476956875
ISO,17248,0,-3.263006303567116,2.365959897088181
ISO,17249,0,1.8281258250386918,-2.7365113281635125
ISO,17252,0,-2.6252399930038552,1.5957341133945508
ISO,17253,0,3.661616414833688,-4.792617624048722
ISO,17254,0,0.06208165055059814,-0.8898369912247385
ISO,17255,0,-2.223244835783231,1.2183884128304254
ISO,17256,0,5.205644716723772,-6.211566401114849
ISO,17259,0,8.323392567251801,-9.38708490811464
ISO,17260,0,-1.73866144853718,0.7924511364080615
ISO,17261,0,-7.585379197536894,6.517015930278171
ISO,17262,0,0.9538558949498127,-1.7924105278727753
ISO,17263,0,1.3460116520322813,-2.059130408075943
ISO,17266,0,-1.2771256645128128,0.3132572384652746
ISO,17267,0,18.52249150782387,-19.521681879115786
ISO,17268,0,2.07719859722956,-2.9293826371185503
ISO,17269,0,-3.8326890548851495,2.9516111112333725
ISO,17273,0,2.093321148871489,-3.1465644942156277
ISO,17274,0,1.7234038149359767,-2.5489864807736016
ISO,17275,0,-4.233922725232947,3.3472373377495717
ISO,17276,0,3.331940938575211,-4.010198635995074
ISO,17277,0,0.9115086229406252,-1.7041248168020933
ISO,17280,0,0.5381539516355827,-1.3354190651696984
ISO,17281,0,-4.7894186583291445,3.8962869737922614
ISO,17282,0,-2.6058870290790925,1.726262715465907
ISO,17283,0,0.9417259558642099,-1.9462336421195499
ISO,17284,0,-0.16748042797454005,-0.8631683595609467
ISO,17287,0,0.9741150774988282,-2.2110866044815207
ISO,17288,0,-1.8757070430939933,0.8114760966576782
ISO,17289,0,-6.271156075505736,5.128348590219955
ISO,17290,0,-4.325648698754477,3.535575877064164
ISO,17291,0,-4.920460098652774,4.232283861078979
ISO,17294,0,-4.796521160626064,4.138336438756284
ISO,17295,0,-8.025062977551,7.207222164552176
ISO,17296,0,-4.105917171194182,3.3067118823972677
ISO,17297,0,2.18364948986464,-3.2360106897992966
ISO,17298,0,1.7794633506487647,-2.8185660371590058
ISO,17301,0,2.312041217684764,-3.152783478661076
ISO,17302,0,5.481268874598223,-6.5970487981805155
ISO,17303,0,12.697523672242914,-13.420514343972046
ISO,17304,0,-6.413327446704514,5.951521689966116
ISO,17305,0,-0.49669154414726074,-0.1655638480492877
ISO,17308,0,4.059375533324168,-5.0061686606301175
ISO,17309,0,0.2695638114452507,-1.1321680080705239
ISO,17310,0,-0.5110033080119089,-0.3232878071097144
ISO,17311,0,-1.7938603775932664,0.873931978827403
ISO,17312,0,0.27901345409708006,-0.9554097064536005
ISO,17315,0,-0.6141909816718701,-0.8309642693205335
ISO,17316,0,-1.685241832643539,0.9719119563923092
ISO,17317,0,3.101727322136986,-4.122872119548274
ISO,17318,0,-2.4780887491065635,1.5645076434451501
ISO,17319,0,16.918951195391806,-17.9282846000386
ISO,17322,0,0.318670896451165,-1.3384177650954494
ISO,17323,0,1.4934093700592284,-2.346786152950105
ISO,17324,0,2.2502484274810426,-3.0398092792287548
ISO,17325,0,-8.721255016823793,7.896550050693877
ISO,17326,0,-8.720868766297981,7.87520876471756
ISO,17329,0,-2.3327851566645905,1.4687906541962201
ISO,17330,0,2.06103236228386,-3.138696342562958
ISO,17331,0,12.45993501709433,-13.448818748609751
ISO,17332,0,-2.775383010940639,2.255404929265592
ISO,17333,0,-1.965786099114253,0.9243100201134121
ISO,17336,0,-4.239885495500728,3.0978287963759286
ISO,17337,0,-5.387029076926664,4.209536382516462
ISO,17338,0,-3.569459157968128,2.5568466308849973
ISO,17339,0,-0.8096400192235013,-0.20241000480586094
ISO,17340,0,-2.331226483257106,1.4431402039209889
ISO,17343,0,0.7477694738891336,-1.207935303974738
ISO,17344,0,-3.8382464876050357,3.0386118026873317
ISO,17345,0,-4.279700403118937,3.4527051561394346
ISO,17346,0,-2.025886789517276,1.3477656884236298
ISO,17347,0,-1.2490258019006928,0.36475974745773865
ISO,17350,0,-13.396721586396438,12.450792436430234
ISO,17351,0,-2.11353928198482,1.1741884899916144
ISO,17352,0,0.7438485345830603,-1.3837182417513343
ISO,17353,0,-0.868899039447419,0.01072714863524002
ISO,17354,0,-13.635219686843724,12.500133760779708
ISO,17357,0,3.9871295297025555,-4.911681304706072
ISO,17358,0,-2.116823206936356,1.1491325980511145
ISO,17359,0,6.477195532063617,-7.435006331629412
ISO,17360,0,-5.877445014643543,4.825553289427734
ISO,17361,0,10.749937741582482,-11.799992710235237
ISO,17364,0,3.071527095473892,-4.135259422910721
ISO,17365,0,4.523512368652593,-5.520429695077415
ISO,17366,0,2.1288313377933026,-3.09101499329306
ISO,17367,0,11.093048822881881,-12.13099491157258
ISO,17368,0,3.8390710288489025,-4.909195357447906
ISO,17371,0,-1.9797280664073438,1.1798379385660553
ISO,17372,0,-1.2577052531914374,0.4954596451966689
ISO,17373,0,0.08786567214249198,-0.9665223935672123
ISO,17374,0,-5.0234729515606436,4.21486563541405
ISO,17375,0,7.642345756497716,-8.51825931025105
ISO,17378,0,1.088337264494139,-2.0347174944891075
ISO,17379,0,6.0740653857209965,-6.923585020087586
ISO,17380,0,3.401455523943374,-4.327021652907583
ISO,17381,0,6.923578545296919,-7.753992763623394
ISO,17382,0,-18.87623261764586,17.60937136813945
ISO,17385,0,1.982508867308621,-3.0763068630649983
ISO,17386,0,-13.042017547395663,12.082163450071235
ISO,17387,0,4.466187208692672,-5.261944395096695
ISO,17388,0,5.5292387754550205,-6.330577728419506
ISO,17389,0,-2.344981967596013,1.4961197168825033
ISO,17392,0,2.645270402645745,-3.3602083493067814
ISO,17393,0,-4.461454406254851,3.524666079482199
ISO,17394,0,1.6533173271766468,-2.6258569313982103
ISO,17395,0,-1.7630981967836905,0.9965337633994054
ISO,17396,0,-0.8379484579206896,0.16081839091401573
ISO,17399,0,4.292360272183006,-5.212973735385769
ISO,17400,0,-0.9983544017452053,0.1749693281408582
ISO,17401,0,1.8969029388079004,-2.9731599253656156
ISO,17402,0,-0.15558104191101832,-0.8018407544643449
ISO,17403,0,3.0866657197349974,-4.18414686452973
ISO,17406,0,7.200148996504871,-8.2196391199038
ISO,17407,0,-0.5941760121083705,0.11403378010156673
ISO,17408,0,-3.0391523735846686,2.3942394030627434
ISO,17409,0,8.301176454221206,-9.027756450214314
ISO,17410,0,3.5271761666916936,-4.560780904183724
ISO,17413,0,-0.27690204516024014,-0.3384358329739533
ISO,17414,0,3.381553575286092,-4.082393694516371
ISO,17415,0,0.2585074141503643,-0.9478605185517538
ISO,17416,0,7.748957255223042,-8.634552370105693
ISO,17417,0,-7.80012430141046,7.24047412731823
ISO,17420,0,-2.731164190180671,1.9591036417196594
ISO,17421,0,2.7843144609975248,-3.4847709291730187
ISO,17422,0,-12.07988313593259,11.246787747247588
ISO,17423,0,-0.5832624967900348,-0.10292867590392189
ISO,17424,0,-2.5086945012483004,1.931983121650978
ISO,17427,0,-6.601407802577106,5.869949874313731
ISO,17428,0,0.8303939906582709,-1.64053446934924
ISO,17429,0,-1.8618404670330744,0.953625605065726
ISO,17430,0,-3.1153534081118077,2.5148033535360375
ISO,17431,0,0.5824166432839487,-1.3998435110508551
ISO,17434,0,3.103179824461546,-3.8420321636190593
ISO,17435,0,-2.363669777481897,1.795821182291023
ISO,17436,0,-2.2785084098064177,1.6886033198889092
ISO,17437,0,-1.0724510116651096,0.48075390178089267
ISO,17438,0,-4.259508477932091,3.5022625262997416
ISO,17441,0,-1.0324510772639663,0.2605250381881562
ISO,17442,0,2.1161276289208732,-2.9978474743045993
ISO,17443,0,-5.249071108553644,4.432095060529732
ISO,17444,0,-6.296605734955634,5.293162589942761
ISO,17445,0,3.4324541319104602,-4.453258334709055
ISO,17448,0,-1.6171526820356796,0.8516366195336693
ISO,17449,0,3.2433001841545264,-4.072258697676457
ISO,17450,0,-2.008438048409869,1.0104564094484658
ISO,17451,0,-1.6131582399731226,0.6500786937205513
ISO,17452,0,6.17980179982699,-7.093635707379974
ISO,17455,0,-2.33464413257423,1.3516360767535018
ISO,17456,0,-4.1730655210586525,3.4143263354116247
ISO,17457,0,0.8407260361816982,-1.5964348327495477
ISO,17458,0,0.9994961752097874,-1.5706368467582557
ISO,17459,0,-0.11390661901406834,-0.5870571903031772
ISO,17462,0,-1.9853137713234912,1.0777417615755625
ISO,17463,0,-5.063858554647073,4.1555431188359275
ISO,17464,0,2.4962471097935386,-3.3460333599360195
ISO,17465,0,-5.2619484673916475,4.375725567620405
ISO,17466,0,1.89057326796592,-2.7699096716710545
ISO,17469,0,3.995060662079254,-4.975443646638555
ISO,17470,0,-5.105624464643762,4.157944749628647
ISO,17471,0,-0.2825815336184006,-0.36331911465214545
ISO,17472,0,3.484934807960235,-4.263691189627323
ISO,17473,0,-8.730993490045343,7.598935987284191
ISO,17476,0,0.3368990058955021,-1.2662755738829192
ISO,17477,0,-0.9334777992930429,-0.06223185328632363
ISO,17478,0,3.6905184588685147,-4.479934171995497
ISO,17479,0,-5.153685761944677,4.342081704945489
ISO,17480,0,-0.5386338557978242,-0.3590892371986855
ISO,17483,0,-0.5148609265837054,-0.5983518876519354
ISO,17484,0,5.562374355354637,-6.421428309849537
ISO,17485,0,-7.731814231242787,6.903775223880767
ISO,17486,0,1.6349439241595483,-2.5560390927000323
ISO,17487,0,4.335898299471028,-5.296762188550482
ISO,17490,0,-7.170746914776461,6.185077235769399
ISO,17491,0,3.6257688523093767,-4.50474311953588
ISO,17492,0,4.830133474220428,-5.686919899802752
ISO,17493,0,-0.7739426698831176,0.05399600022424363
ISO,17494,0,1.0647635001236408,-1.8838123463727312
ISO,17497,0,0.520806630580105,-1.3540972395085002
ISO,17498,0,-0.04800878666223722,-0.9121669465801052
ISO,17499,0,-13.02259226480907,11.932835589929658
ISO,17500,0,-2.629149516675967,1.7264372362721383
ISO,17501,0,-2.547200143419913,1.6455363758376031
ISO,17504,0,1.331014662788769,-2.156450112580218
ISO,17505,0,-18.010711922329985,16.82286612366024
ISO,17506,0,-6.109042788862825,5.025398835184306
ISO,17507,0,-3.846807595045892,2.98477788187036
ISO,17508,0,1.09017473358991,-2.237727084737403
ISO,17511,0,-4.628962620465765,3.4533530660617613
ISO,17512,0,-9.536923549699056,8.333526256361644
ISO,17513,0,8.430772720814394,-9.798849430074359
ISO,17514,0,-4.2654822532789956,3.2735096362374243
ISO,17515,0,-5.346873083091112,4.181342165796042
ISO,17518,0,5.935868470480825,-7.132013250426617
ISO,17519,0,-5.0749186852582175,3.6749411169111235
ISO,17520,0,-1.4539450481974536,0.21654500717829622
ISO,17521,0,-0.0720297916768759,-1.3685660418570382
ISO,17522,0,6.711531689522027,-8.124485729421385
ISO,17526,0,7.046089849568625,-8.458839694093626
ISO,17527,0,1.9695925688355094,-3.128176432856405
ISO,17528,0,1.0121730098577666,-2.277389272180047
ISO,17529,0,9.538311669329321,-11.014259316420917
ISO,17533,0,1.4050087659674348,-2.0862251373456036
ISO,17534,0,0.4682172154866421,-1.265182688655194
ISO,17535,0,7.218978675964167,-8.100685995165891
ISO,17536,0,1.9057794487244586,-2.9572439721587083
ISO,17539,0,-1.0395637626976793,0.2549873380200778
ISO,17540,0,-4.011633653199507,3.1299559272215953
ISO,17541,0,-2.444840030113309,2.048111424821104
ISO,17542,0,1.7374062977654887,-2.628383886363154
ISO,17543,0,-0.36826934604183165,-0.333196074990259
ISO,17546,0,-0.8033897867150958,0.11230179814295008
ISO,17547,0,-0.014481809390104287,-0.564790566210642
ISO,17548,0,-1.273128641871126,0.6030609356231169
ISO,17549,0,-0.06818975925255115,-0.6137078332724176
ISO,17550,0,-1.4515631366269155,0.7477749491714414
ISO,17553,0,1.6664926087060126,-2.494563470174843
ISO,17554,0,1.1269864475489084,-2.0108973868028905
ISO,17555,0,3.132238687405822,-3.818756755878297
ISO,17556,0,-1.5972091871667604,0.9769337746748393
ISO,17557,0,0.9334925642364152,-1.4949918509951534
ISO,17560,0,-4.088563103711305,3.4992206743475225
ISO,17561,0,-2.6817090952042983,2.163504439126174
ISO,17562,0,-0.46880500772211325,-0.3125366718148606
ISO,17563,0,3.5108119646045597,-4.190872393583657
ISO,17564,0,-13.696657683418351,12.95978302661037
ISO,17567,0,-1.2030582342296539,0.5698696898982116
ISO,17568,0,-10.186441393349675,9.636936800316654
ISO,17569,0,-6.676820220233567,5.992894973602734
ISO,17570,0,2.179156446965786,-2.7379145102903495
ISO,17571,0,0.41615521608887157,-1.0689477119144477
ISO,17574,0,2.8373996991248114,-3.5379922174272127
ISO,17575,0,0.5604454344801229,-1.2721221766771351
ISO,17576,0,18.612914456694572,-19.4584755904456
ISO,17577,0,0.4939565506666478,-1.0837554171341428
ISO,17578,0,-2.5368402918100585,1.8648296184828668
ISO,17581,0,-0.2925616958927827,-0.643635730963611
ISO,17582,0,-1.8272741147902072,1.1176530993377278
ISO,17583,0,1.4907123436018241,-2.2407562900682536
ISO,17584,0,4.712159331834731,-5.514229005338532
ISO,17585,0,-2.1722954665757035,1.340794809513255
ISO,17588,0,-6.177068680225908,5.33234133934032
ISO,17589,0,-16.79089405492497,15.875235210757278
ISO,17590,0,-1.1817515385704256,0.38056405479384736
ISO,17591,0,-4.7578278249595005,4.014417227309583
ISO,17592,0,-1.4166489075062363,0.8611003163273475
ISO,17595,0,-2.7644262489154108,1.9203266309259814
ISO,17596,0,7.157947789711703,-7.864905596102982
ISO,17597,0,-3.9593676228886627,3.217565726328746
ISO,17598,0,-6.381873569001775,5.517998974213039
ISO,17599,0,2.4691211661557877,-3.4925910795881565
ISO,17602,0,1.7512364272333347,-2.451730998126637
ISO,17603,0,8.535365092979921,-9.510835389320471
ISO,17604,0,-1.8861909948183269,1.1002780803107763
ISO,17605,0,-6.667822367594387,5.811601196795739
ISO,17606,0,-9.303161099884058,8.346537850538665
ISO,17609,0,7.098115282859379,-7.840401848387163
ISO,17610,0,-0.7100723307854914,-0.1506214034999646
ISO,17611,0,9.824443508691735,-10.675044678275427
ISO,17612,0,-1.218993067410737,0.5857499155090031
ISO,17613,0,6.576078609962592,-7.216865807035692
ISO,17616,0,6.281947660023838,-7.151421384594637
ISO,17617,0,-4.875566677398787,4.309463144464241
ISO,17618,0,-5.7883861813738005,5.109396599980963
ISO,17619,0,-2.9829608691026945,2.200544903436379
ISO,17623,0,7.02289686244875,-8.2631435489739
ISO,17624,0,-7.105347186715792,6.340303075090939
ISO,17625,0,-4.841576240348379,4.305855494528377
ISO,17626,0,-6.100062284257498,5.316747705219607
ISO,17627,0,6.400601460916472,-7.0824231877784065
ISO,17630,0,3.325755374362938,-4.094716154562433
ISO,17631,0,3.4098207039875654,-4.159231847721104
ISO,17632,0,9.685512887622084,-10.337735977697648
ISO,17633,0,-4.880396033801048,4.365314658201997
ISO,17634,0,4.408371385668042,-4.991296527574557
ISO,17637,0,5.215352786439736,-5.934711791465901
ISO,17638,0,-0.03509998950364915,-0.6668998005675777
ISO,17639,0,0.8641722420113388,-1.4402870700188322
ISO,17640,0,-1.3906248169782496,0.8479419615720674
ISO,17641,0,-3.310010445692485,2.559866435337271
ISO,17644,0,-4.41950444630727,3.7289568765717624
ISO,17645,0,1.4760166688273575,-2.2477900904364008
ISO,17646,0,-5.444989220946191,4.589195237300395
ISO,17647,0,-7.007775028812001,6.237689860810693
ISO,17648,0,1.6805022376303853,-2.431564690202697
ISO,17651,0,-2.824473782124523,2.0811912078812522
ISO,17652,0,-6.419441218956945,5.5136999534956805
ISO,17653,0,-4.711801798811919,3.8392459101430596
ISO,17654,0,1.1759870374239612,-1.8677441182615897
ISO,17655,0,0.06047344891105855,-1.0280486314871158
ISO,17658,0,0.35710965451878535,-1.197367665151199
ISO,17659,0,-2.2211871043211073,1.4988498346231705
ISO,17660,0,5.468267751576804,-6.155020373438886
ISO,17661,0,0.541101805658796,-1.2070732587773607
ISO,17662,0,-2.6679058718858575,1.8107473588301322
ISO,17665,0,-0.10648493744364558,-0.84004783983263
ISO,17666,0,-17.396525390393094,16.47546514470716
ISO,17667,0,-2.9124532145820248,2.2251486211703395
ISO,17668,0,1.2729706003837833,-1.921618040069776
ISO,17669,0,5.429324458302563,-6.369467221645003
ISO,17672,0,3.9191040722301005,-4.849455187299504
ISO,17673,0,-2.147591131221207,1.292828491929142
ISO,17674,0,-5.059753413468443,4.403707590004137
ISO,17675,0,10.17806191524787,-11.074807458441514
ISO,17676,0,-3.3741548461590245,2.483288880176409
ISO,17679,0,0.11227651674410012,-1.0104886506969013
ISO,17680,0,-1.0139657705450804,0.5193483214987026
ISO,17681,0,2.530277173683133,-3.181152330900661
ISO,17682,0,0.0839170513113111,-0.8298463963006679
ISO,17683,0,-3.5834197797870595,2.730224594123483
ISO,17686,0,-0.5968670856976019,-0.24084110475506582
ISO,17687,0,3.1095843262181027,-4.041294985759129
ISO,17688,0,4.273220381720866,-5.125733176079127
ISO,17689,0,-1.0352434562293948,0.01278078341034274
ISO,17690,0,-0.9881736514006109,0.3238552302909362
ISO,17693,0,6.080991847969403,-7.071784817088666
ISO,17694,0,1.8995841008536036,-2.899365206566128
ISO,17695,0,2.286831348944831,-3.5064747350486667
ISO,17696,0,1.923618513172611,-2.845112411698447
ISO,17697,0,-19.41739759213194,18.620377680705282
ISO,17700,0,-3.191559157381826,2.245911999639047
ISO,17701,0,-4.991025673179959,4.27418177038931
ISO,17702,0,0.747293356959635,-1.5662449810248658
ISO,17703,0,3.0241770470830085,-3.7595392469816002
ISO,17704,0,-0.22624322802217112,-0.7263598373345213
ISO,17707,0,-0.6974076206958172,-0.13531789655294238
ISO,17708,0,1.6758418996760942,-2.488371305579677
ISO,17709,0,-3.3468907082738224,2.5883885647556992
ISO,17710,0,-2.7040079100443393,1.963183825100738
ISO,17711,0,0.514952847764846,-1.391468333322234
ISO,17714,0,-3.2921020588569245,2.255219520634312
ISO,17715,0,6.883545081995037,-7.593188904881116
ISO,17716,0,-1.6226382568469557,0.9014656982483453
ISO,17717,0,5.949521484093203,-6.907190938273173
ISO,17718,0,0.7132843146519252,-1.633651172267002
ISO,17721,0,-3.9604974256321044,3.0779353252127075
ISO,17722,0,3.404844007165897,-4.092691281340843
ISO,17723,0,-2.0340927077237296,1.1821167044886556
ISO,17724,0,3.9309067021500317,-4.821763745130193
ISO,17725,0,1.2448369884096968,-2.096007578775182
ISO,17728,0,-5.653589538306267,4.689224585077045
ISO,17729,0,-19.59504746670669,18.58499347357747
ISO,17730,0,0.9434453285776753,-1.7296497690591532
ISO,17731,0,1.2139396190180127,-1.897849263535124
ISO,17732,0,2.9819084963766493,-3.619749885975916
ISO,17735,0,-6.691992341359401,5.815790398137193
ISO,17736,0,0.9578294433451006,-1.6481569700801721
ISO,17737,0,-1.7196435193187594,0.9424035105871686
ISO,17738,0,-2.44062369187612,1.5990293153670572
ISO,17739,0,5.6326102290380815,-6.4401529142048295
ISO,17742,0,3.442951374956584,-4.470698054048129
ISO,17743,0,2.698633569940853,-3.5762379829297837
ISO,17744,0,-7.866465853492488,6.924374134511347
ISO,17745,0,-2.318575037816732,1.4677218129298475
ISO,17746,0,10.61312102131565,-11.491145511186652
ISO,17749,0,0.4230384929399294,-1.2908097605090962
ISO,17750,0,-4.145351621386375,3.316281297109128
ISO,17751,0,-0.09708166311997786,-0.7658664535015242
ISO,17752,0,-1.244803832108123,0.4481293795590112
ISO,17753,0,4.9762698090726865,-5.668620391204556
ISO,17756,0,-3.438564479813819,2.7804660147777125
ISO,17757,0,3.2965011966671547,-4.287930127995643
ISO,17758,0,-5.915386122436427,5.167785980580329
ISO,17759,0,0.4046797861640303,-0.9442528343827373
ISO,17760,0,0.7005477760199104,-1.337409390583485
ISO,17763,0,-2.7780820439721183,1.9669631990167986
ISO,17764,0,-5.158466036590639,4.302289101056894
ISO,17765,0,-1.2892889969098527,0.5779571365457737
ISO,17766,0,-1.3209843401066748,0.6478713005619035
ISO,17767,0,13.988641545837702,-14.795484605439013
ISO,17770,0,7.132039561872822,-7.931147636032247
ISO,17771,0,-3.4312245800675107,2.573418435050682
ISO,17772,0,0.39930330480480564,-1.0789685044727177
ISO,17773,0,-3.462262613534422,2.789978610906383
ISO,17774,0,-2.1605774576017436,1.4636169874076124
ISO,17777,0,-0.2678496353957906,-0.5257789139253912
ISO,17778,0,-2.028938382119408,1.38483095922433
ISO,17779,0,1.377110123489801,-2.1529468127798643
ISO,17780,0,-1.501324519599474,0.8947287541047845
ISO,17781,0,-3.9580879928711807,3.254427905249623
ISO,17784,0,2.276333908627755,-3.02574424891675
ISO,17785,0,-3.105814556612189,2.1752334160542235
ISO,17786,0,1.7197189089501643,-2.4041841463432365
ISO,17787,0,-2.4412142952223768,1.637522346177964
ISO,17788,0,-10.465462278367358,9.467563610585012
ISO,17791,0,5.622465620010255,-6.467949171891493
ISO,17792,0,-0.489921977444637,-0.2939531864669248
ISO,17793,0,0.16242296779702783,-1.0905542123502066
ISO,17794,0,0.9372443192069053,-1.8863524905556046
ISO,17795,0,-5.83155041219594,5.020204267890404
ISO,17798,0,4.592673692682149,-5.48229571547773
ISO,17799,0,2.2474727354047284,-3.2463495066956933
ISO,17800,0,-6.0552784099794295,5.0201880834872625
ISO,17801,0,-15.142573882177953,14.204953208358882
ISO,17802,0,8.7399930329017,-9.642185862104444
ISO,17805,0,1.2637852101970946,-2.085759330650568
ISO,17806,0,15.718760358717562,-16.457163663883385
ISO,17807,0,-1.892968866863601,1.1432782265215407
ISO,17808,0,6.092303851241313,-7.086965704505212
ISO,17809,0,-0.4867589464296362,-0.37859029166758223
ISO,17812,0,-10.351250287276372,9.3535394162136
ISO,17813,0,0.6262792659628086,-1.5372309255450003
ISO,17814,0,-1.7102453960481903,0.8331964749978823
ISO,17815,0,7.32589460853204,-7.816331067680624
ISO,17816,0,-2.1604393886746327,1.5319479301511343
ISO,17819,0,-3.1062925654928684,2.4641649033754844
ISO,17820,0,-0.8831072528305067,0.16948523034114935
ISO,17821,0,0.3943865479185336,-1.0802761964726542
ISO,17822,0,1.1058891442053265,-1.8370555205394867
ISO,17823,0,-0.22183367798228168,-0.5497617236954639
ISO,17826,0,-2.8283556645911108,1.9547322932888558
ISO,17827,0,-2.5357217182560032,1.7584890076793938
ISO,17828,0,-0.5819297880697165,-0.23481377413361593
ISO,17829,0,-3.6564592823684747,2.953294035759151
ISO,17830,0,4.899580351520865,-5.5197803960171745
ISO,17833,0,0.913389144352668,-1.5776721584273354
ISO,17834,0,2.476985240606315,-3.135320188275799
ISO,17835,0,-1.972172826124747,1.2950319416184148
ISO,17836,0,3.858707020054732,-4.450079743434781
ISO,17837,0,-3.308021195095601,2.6749070907710797
ISO,17840,0,-1.3232465423835158,0.4184625817793884
ISO,17841,0,-7.489188605770502,6.661653953199165
ISO,17842,0,-3.78154097364217,3.217131873098566
ISO,17843,0,0.4414856613086691,-1.1772950968229503
ISO,17844,0,-7.531918535057412,6.695038697828805
ISO,17847,0,-3.5305521168734777,2.6973834757233965
ISO,17848,0,4.222289580635415,-4.926004510741312
ISO,17849,0,1.5556971611441182,-2.3744851406936145
ISO,17850,0,1.8833053836923888,-2.4475916409785112
ISO,17851,0,4.533580630217977,-5.390995406618565
ISO,17854,0,0.42149721684057595,-1.2243490584417946
ISO,17855,0,-1.1479255022668873,0.4574439971439806
ISO,17856,0,3.205469914298467,-4.009349516630334
ISO,17857,0,-1.6721753049298675,0.6431443480500211
ISO,17858,0,1.0203065312688668,-1.8886525153275524
ISO,17861,0,-4.196245311489359,3.3081510656715314
ISO,17862,0,-9.494414164716346,8.653270052670612
ISO,17863,0,-2.5380688006662004,1.615134691333113
ISO,17864,0,2.27600578431353,-3.115086257793197
ISO,17865,0,-5.077007014429569,4.016535575384246
ISO,17868,0,3.3666124542879046,-4.114748555240772
ISO,17869,0,-1.231546063476067,0.4239748743113908
ISO,17870,0,-0.45273700796730804,-0.5820904388149759
ISO,17871,0,5.183439769414633,-6.054606117215398
ISO,17872,0,4.167977251861703,-5.123387510168145
ISO,17875,0,-1.0327737525935334,0.14436622348079042
ISO,17876,0,-4.663979608441056,3.72884585236263
ISO,17877,0,1.6286731060451045,-2.6710238939138953
ISO,17878,0,-0.18239752959940997,-0.859874068113129
ISO,17879,0,-3.4040881444136692,2.340310599284432
ISO,17882,0,3.8987807094882356,-5.249007795025398
ISO,17883,0,-3.0588283682165276,2.1388799867980204
ISO,17884,0,7.39129849641311,-8.445316107309813
ISO,17885,0,-0.12347464207775627,-0.4938985683110601
ISO,17886,0,-1.0895591865407257,0.48001558567876956
ISO,17889,0,4.273875562900712,-5.031990962084899
ISO,17891,0,4.759794255654804,-5.5665390447488585
ISO,17892,0,2.9744245917020526,-3.6954972199934497
ISO,17893,0,-0.658454735376144,-0.0940649621966409
ISO,17896,0,-4.035888647691515,3.09182112776367
ISO,17898,0,-0.9104419952335616,0.1595619991645955
ISO,17899,0,1.866900981353774,-2.5615618116249603
ISO,17900,0,-8.609501591136835,7.7581293695163875
ISO,17903,0,-2.446972513419349,1.620990230408608
ISO,17904,0,1.6613862224920535,-2.6607162811338765
ISO,17905,0,9.665209658453108,-10.62572738848571
ISO,17906,0,-3.3413601454578457,2.550505673160135
ISO,17907,0,-1.6794948581971758,0.8449632516395917
ISO,17910,0,-6.385636778392091,5.451722807146436
ISO,17911,0,-0.424559224538627,-0.44633149246366444
ISO,17912,0,4.649519948080478,-5.610661022619083
ISO,17913,0,-6.303121686338307,5.036162553405961
ISO,17914,0,-2.1264911336912444,1.235814219056164
ISO,17917,0,1.9653007530420232,-2.9479511295630347
ISO,17918,0,-3.767083403077944,2.6984072603608245
ISO,17919,0,-6.0230250331622495,4.702909957400661
ISO,17920,0,2.976459508961387,-4.099651776493995
ISO,17921,0,17.28064538335323,-18.384839976538736
ISO,17924,0,3.2276866996210303,-4.2057735782940835
ISO,17925,0,3.127280026930445,-4.011316783659893
ISO,17926,0,-1.802501882877261,0.8215484772297296
ISO,17927,0,-1.6707858025671918,0.7676583417200167
ISO,17928,0,-4.756232854681722,3.69634809597829
ISO,17931,0,3.6609818811745956,-4.757905291264388
ISO,17932,0,-0.4456555613647482,-0.49256667308730834
ISO,17933,0,-0.6622741626932279,-0.541860678567286
ISO,17934,0,2.2748918870905865,-3.2327411027075836
ISO,17935,0,1.3901193713493096,-2.4103904695873264
ISO,17938,0,0.4820695273283301,-1.4709300962064715
ISO,17939,0,-5.0614483317392,4.0927500864302555
ISO,17940,0,4.1112914468922055,-5.189662973945883
ISO,17941,0,3.6598036645525913,-4.6659352561821885
ISO,17942,0,-4.800632170857781,3.901216307465199
ISO,17945,0,0.9359480944928115,-2.087884210791334
ISO,17946,0,9.268553384078258,-10.103558193454681
ISO,17947,0,0.7952958785550759,-1.6215773108200116
ISO,17948,0,-2.034802323563915,1.3048283958279578
ISO,17949,0,6.282405459428953,-7.1430089470219595
ISO,17952,0,-1.9365896506428746,1.0032934334655805
ISO,17953,0,1.978968696429021,-2.915758611898299
ISO,17954,0,-4.6926042837331154,3.712425843266685
ISO,17955,0,-11.347642209550006,10.516313109949271
ISO,17956,0,-3.4670412752475896,2.71333665019376
ISO,17959,0,-0.9865356976827566,0.24198045414865818
ISO,17960,0,-2.329688273872137,1.4160850292163403
ISO,17961,0,0.28923288561405974,-1.1791802259647326
ISO,17962,0,-0.20554586088506055,-0.7617287785741513
ISO,17963,0,3.925682102944404,-4.8493720095195085
ISO,17966,0,-2.840193158675436,1.8733188918922343
ISO,17967,0,0.43625300277956475,-1.3546803770523987
ISO,17968,0,-0.06043500223440645,-0.9065250335187347
ISO,17969,0,-1.925532119462947,1.212372075217408
ISO,17970,0,-2.697878857004634,1.8834248624371974
ISO,17973,0,-0.832799877532737,-0.11897141107616713
ISO,17974,0,-1.0046204098732547,0.012402721109646596
ISO,17975,0,-5.315241152270863,4.410519254011984
ISO,17976,0,-5.134090219036139,4.3532399956085746
ISO,17977,0,0.1532460136451378,-0.7984923868873292
ISO,17980,0,3.6824444390981066,-4.5778716583316745
ISO,17981,0,0.622585891873765,-1.3659720314243475
ISO,17982,0,-5.687957213834737,4.94199561202035
ISO,17983,0,-10.147538952573235,9.426577037647968
ISO,17984,0,1.5631618553107125,-2.2283371128897485
ISO,17987,0,1.7480884903135827,-2.5426741677288103
ISO,17988,0,2.863972707963333,-3.6176497363747226
ISO,17989,0,-3.581033166126239,2.5687269707548057
ISO,17990,0,-5.675318147498165,4.543085100615773
ISO,17991,0,2.2539044802588055,-3.207938122696299
ISO,17994,0,2.5492276988346916,-3.701421009042414
ISO,17995,0,2.0072131355823917,-2.8182083418783552
ISO,17996,0,4.270655683198001,-5.365695601966725
ISO,17997,0,-9.496002415861147,8.62779648069669
ISO,17998,0,-1.9443297181555523,1.162689630454885
ISO,18001,0,0.43836996332717976,-1.2937259893315467
ISO,18002,0,-9.022217689435157,8.08727285115174
ISO,18003,0,-3.4083374745388118,2.569362096190773
ISO,18004,0,-0.13902809052525866,-0.7165293896300595
ISO,18008,0,-7.705047545255844,6.387945400767657
ISO,18009,0,-6.110164830693322,5.00923423056839
ISO,18010,0,3.132820764568885,-4.208467379013128
ISO,18011,0,2.9366749606689484,-3.9321579981838495
ISO,18012,0,6.839379379808357,-7.903874224914725
ISO,18015,0,-2.1920612578213547,1.2231944035355955
ISO,18016,0,-4.5123856814522645,3.456856867077531
ISO,18017,0,-1.3988954263520217,0.1690972493395503
ISO,18018,0,-2.3321997002316617,1.3344672081539601
ISO,18019,0,13.931211018609286,-15.037960652659674
ISO,18022,0,-3.3169690728791705,2.3692636234850757
ISO,18023,0,3.525527139348059,-4.6061484847421035
ISO,18024,0,-7.96875932796166,7.111903486245348
ISO,18025,0,2.2595447484035263,-3.2473238733886642
ISO,18026,0,1.8742343793647938,-2.9607470630545505
ISO,18029,0,20.93408778642403,-22.12436996333513
ISO,18030,0,-3.083910049683919,1.9970695035398636
ISO,18031,0,-2.6925055767179606,1.6208615660838934
ISO,18032,0,-7.886998221397009,7.000818645959146
ISO,18033,0,-13.380704234762431,12.287286115476416
ISO,18036,0,1.2504868337529644,-2.0772549883002918
ISO,18037,0,-2.8413325801015255,1.5274215604015156
ISO,18038,0,1.3838429834050967,-2.6711387819214796
ISO,18039,0,9.943816019097461,-10.996071682494014
ISO,18040,0,2.9325541078236577,-4.0882404557344225
ISO,18043,0,-2.17292267207018,0.5329810327717059
ISO,18044,0,-7.640544188986684,6.508611716544212
ISO,18045,0,-1.4281380947643074,0.5285235468812018
ISO,18046,0,8.378935596412317,-9.386927848612304
ISO,18047,0,4.711537952998615,-5.513501859891973
ISO,18050,0,2.9520739225914343,-3.7213440001396836
ISO,18051,0,-5.232949028366612,4.556638976235219
ISO,18052,0,-4.457159629347518,3.9281199107305946
ISO,18053,0,-1.859266779112897,0.8996452156997045
ISO,18054,0,12.379873172619893,-13.232922142309466
ISO,18057,0,0.60528726989776,-1.3173899403655511
ISO,18058,0,3.5403164608667987,-4.433771719129731
ISO,18059,0,-1.1869390412327132,0.45085281411170786
ISO,18060,0,0.06087784797895416,-0.8725824876978512
ISO,18061,0,-4.262559234790478,3.6600773641487128
ISO,18064,0,3.2360333521672855,-3.891432512099916
ISO,18065,0,-1.407603329268222,0.8445619975609077
ISO,18066,0,0.48602682681851633,-1.2060665702532827
ISO,18067,0,0.7492458987881081,-1.119243873498289
ISO,18068,0,-0.7363763160080139,0.501674701344117
ISO,18071,0,0.4603594904338688,-0.9265463161896531
ISO,18072,0,0.10421951235656012,-0.4130180674870254
ISO,18073,0,0.8552382736592011,-1.1553218784518948
ISO,18074,0,-0.5967599938250936,0.08887914801648363
ISO,18075,0,-1.773644279065324,1.2809653126582927
ISO,18078,0,2.8001076773440188,-3.260084297852279
ISO,18079,0,0.9517507155197026,-1.5810073869377397
ISO,18080,0,-3.937620847805156,3.522040811097491
ISO,18081,0,0.8955638060554075,-1.473346906736375
ISO,18082,0,-15.741035208437555,15.104390710624104
ISO,18085,0,-6.298695407291976,5.691592235504803
ISO,18086,0,2.1129672833586852,-2.576083400259225
ISO,18087,0,9.88978237046229,-10.521717346210687
ISO,18088,0,-9.69429027197129,9.064790903661459
ISO,18089,0,0.12973082454071266,-0.7063122669441133
ISO,18092,0,-4.51027105167896,3.834575013974254
ISO,18093,0,-3.9583420331181802,3.174511927550243
ISO,18094,0,13.36288938096604,-14.109941198210821
ISO,18095,0,2.0316523365402026,-2.5882694150443797
ISO,18096,0,-6.712320031562503,6.213262780145222
ISO,18099,0,0.039123281925149245,-0.6650957927269682
ISO,18100,0,3.224212994538224,-3.8268696290313415
ISO,18101,0,-2.615368834525479,1.913256395726676
ISO,18102,0,-9.17945483728319,8.328520437535039
ISO,18103,0,1.1109298704245463,-1.9415316427045595
ISO,18106,0,0.658723389237537,-1.4951975343011121
ISO,18107,0,1.2647482131112673,-1.9722996610056058
ISO,18108,0,-6.000233303060695,4.87077762248454
ISO,18109,0,4.567103901441848,-5.151693200826418
ISO,18110,0,5.357805747155715,-5.801516368038178
ISO,18113,0,3.3035497884509195,-3.658770195811227
ISO,18114,0,3.0753330581728062,-3.4916217970117693
ISO,18115,0,5.662972541066797,-6.058638744809458
ISO,18116,0,-1.8279228597318393,1.4194484776688658
ISO,18117,0,-1.1649758563033912,0.5675523402504015
ISO,18120,0,-0.3998916570313635,0.05589883377856759
ISO,18121,0,-9.235996824832187,8.91847222406443
ISO,18122,0,2.200822510408809,-2.5557938830553986
ISO,18123,0,-0.8110997335789879,0.52774611486145
ISO,18124,0,-3.6682785319997917,3.301908641163364
ISO,18127,0,0.43665014872504493,-0.8525074332250832
ISO,18128,0,-1.5638095484237315,1.0291738053728956
ISO,18129,0,0.8914411998140992,-1.4907294013698371
ISO,18130,0,2.7653116436645853,-3.373072444469995
ISO,18131,0,23.723278288652253,-24.522041867394755
ISO,18134,0,0.416473648109604,-0.661458146997608
ISO,18135,0,5.558179069568248,-6.1479062918036025
ISO,18136,0,-3.133900392469623,2.6599646053286476
ISO,18137,0,0.8846329533345169,-1.2248763969247125
ISO,18138,0,1.4432428578292607,-1.9243238104389777
ISO,18141,0,1.3774791469736936,-1.8853055606045097
ISO,18142,0,8.665156575482204,-9.175246734450988
ISO,18143,0,5.867146609704378,-6.349543042156953
ISO,18144,0,-13.911039423265127,13.513012544201748
ISO,18145,0,5.404669729299021,-5.752796603972068
ISO,18148,0,-8.121461518980041,7.543421553216344
ISO,18149,0,0.28500066884987113,-0.7320605415556789
ISO,18150,0,0.5432034215224951,-1.100335135904496
ISO,18151,0,5.104621281879879,-5.649841178475854
ISO,18152,0,-5.923732377553516,5.43917349186406
ISO,18155,0,-2.0092920635274605,1.5939345310153268
ISO,18156,0,1.7838055640484365,-2.3500930446987685
ISO,18157,0,6.181726941701801,-7.08088722413114
ISO,18158,0,1.1081196700564637,-1.6691929207179577
ISO,18159,0,-1.2036066157331463e-13,-0.7056875256130887
ISO,18162,0,3.91069575631055,-4.413679133327975
ISO,18163,0,0.8026086953295012,-1.4645540110652466
ISO,18164,0,-8.929335757604619,8.311388646351709
ISO,18165,0,-0.975724749424456,0.40595847238828864
ISO,18166,0,0.13605763462845558,-0.554696510408187
ISO,18169,0,-4.335769199307676,3.8520013667489374
ISO,18170,0,7.260859638168607,-7.64630673243104
ISO,18171,0,6.173154215238966,-6.641704819811181
ISO,18172,0,5.890384687846211,-6.3156832212647105
ISO,18173,0,-2.368230417752134,1.7388004063894198
ISO,18176,0,1.8424150888498563,-2.3923897422378877
ISO,18177,0,-0.4043553228365592,-0.02695702152248959
ISO,18178,0,2.8300879397041583,-3.275771079815048
ISO,18179,0,-6.854476436805556,6.447380583097726
ISO,18180,0,-9.586394132425728,9.132868685593051
ISO,18183,0,-2.3913959215006897,1.88258827862822
ISO,18184,0,-10.518642791059632,10.005225205162883
ISO,18185,0,2.1531686996070847,-2.658310916523711
ISO,18186,0,2.2514805818655548,-2.6907938661320046
ISO,18187,0,2.9472866395643944,-3.5294667165153797
ISO,18190,0,-3.1877196579927523,2.4549105412128416
ISO,18191,0,-3.7715736906359334,3.0038233210408274
ISO,18192,0,1.6793936776807998,-2.3613809579572256
ISO,18193,0,12.073106287390031,-12.878651327416064
ISO,18194,0,4.9468188151501264,-5.661160882319813
ISO,18197,0,-10.672869523054656,10.0413387820455
ISO,18198,0,2.393459550081951,-2.9095694261104184
ISO,18199,0,0.7011505822067066,-1.4911794072284592
ISO,18200,0,1.891057028643666,-2.4706913669252515
ISO,18201,0,-0.18454197735260608,-0.5184750792289331
ISO,18204,0,-3.2416371648980444,2.560978442609756
ISO,18205,0,-12.581657381113503,12.03551924194417
ISO,18206,0,1.9145443442456969,-2.4991380371451504
ISO,18207,0,-9.148691502876243,8.633634979139366
ISO,18208,0,2.5324667362995803,-3.0218322892077163
ISO,18211,0,-14.95881622401588,14.205697723121437
ISO,18212,0,-0.5628276373318967,0.09863989520257568
ISO,18213,0,0.15802231026272165,-0.6847633444720733
ISO,18214,0,1.2188328440607692,-1.8821432353863043
ISO,18215,0,1.3756927718961771,-2.0010076682126727
ISO,18218,0,10.478921607488422,-11.17231592394754
ISO,18219,0,4.543690266765368,-5.229530307031833
ISO,18220,0,-3.9328939043051383,3.3231429113896116
ISO,18221,0,-0.6713474084316479,0.039491024025424835
ISO,18222,0,-5.421298135838735,4.811306784408219
ISO,18225,0,0.18172483976577253,-0.9893907942796235
ISO,18226,0,0.22319637739584064,-1.0734682912851625
ISO,18227,0,-4.174815376431013,3.2959068761297683
ISO,18228,0,-1.428434932592685,0.28568698651843305
ISO,18229,0,6.179810259089508,-7.295803082401345
ISO,18232,0,4.199803925234581,-4.938230989012082
ISO,18233,0,6.610498605337013,-7.241572457875155
ISO,18234,0,-1.9324724878254942,1.4337699103221118
ISO,18235,0,0.9071067500858593,-1.663029041823975
ISO,18236,0,-16.851028361546167,15.898320044285606
ISO,18239,0,-3.44915668047045,2.395979068113072
ISO,18240,0,-2.668943468348537,1.7446340420805873
ISO,18241,0,3.0402896548461453,-3.9478388055465117
ISO,18242,0,-10.895020958080325,9.861092516032393
ISO,18243,0,0.6266780518130192,-1.2694247716211915
ISO,18246,0,-2.691916817817584,1.7870708286352097
ISO,18247,0,-4.565578888215387,3.601868304950893
ISO,18248,0,-1.3112360260834959,0.4787052158718366
ISO,18249,0,1.5794681424304273,-2.598479847224169
ISO,18250,0,2.2425669282086993,-3.5714954782582984
ISO,18253,0,-0.1983256476428473,-0.7933025905714455
ISO,18254,0,8.54086664846311,-9.380263862071283
ISO,18256,0,8.918407282843026,-9.953926270691278
ISO,18257,0,0.9091640796642275,-1.6153109376558166
ISO,18260,0,3.174620281922631,-4.158998663914137
ISO,18261,0,-0.3125139257124241,-0.5803830048948788
ISO,18263,0,6.563989090269927,-7.338501077322445
ISO,18264,0,-0.45423481585339237,0.03654762886178029
ISO,18267,0,-7.735413274371651,7.3178471057146135
ISO,18268,0,0.3105774598203409,-0.7464756490418512
ISO,18269,0,-1.375159699229847,1.1068358554776847
ISO,18270,0,-1.1029687617579504,0.6683012694395211
ISO,18271,0,6.336400082889213,-7.005149432006807
ISO,18274,0,-1.2911837387580523,0.7173242993099855
ISO,18275,0,-0.39965634977646175,-0.1515937878463997
ISO,18276,0,-3.17764255259966,2.434334353161139
ISO,18277,0,-6.545817387085404,5.6686559281794775
ISO,18278,0,-0.6643767305208692,-0.2069370144244811
ISO,18281,0,0.5606641490382297,-1.6546429764294361
ISO,18282,0,1.409029874618147,-1.8691212622485793
ISO,18283,0,0.8062688531409545,-1.547665499707365
ISO,18284,0,7.158114786482765,-7.767964821539857
ISO,18285,0,9.70613976548067,-10.445655176183953
ISO,18288,0,-0.6223883212775131,0.15705125864015176
ISO,18289,0,-5.692794076080605,5.146067154008026
ISO,18290,0,-2.217851333068674,1.535435538278325
ISO,18291,0,2.452649506137437,-3.0582419767886373
ISO,18292,0,5.484950630736229,-6.106474781527867
ISO,18295,0,-1.6629862979714825,1.222460126323425
ISO,18296,0,-10.180811919330175,9.649523626083983
ISO,18297,0,0.3465141477259855,-0.7315298674215833
ISO,18298,0,-1.0973142163627752,0.6202210788137568
ISO,18299,0,-1.809114254926392,1.262966555325972
ISO,18302,0,1.1286349188007552,-1.742858003862436
ISO,18303,0,-4.317189401508159,3.6319212425385925
ISO,18304,0,-0.4424442923185335,-0.2799137359564087
ISO,18305,0,1.1979492626873716,-1.778773147626719
ISO,18306,0,5.522491512876877,-6.454557590999537
ISO,18309,0,0.3058933981312151,-1.3255380585681737
ISO,18310,0,12.026944717147869,-12.79605389170568
ISO,18311,0,-2.2152242491777745,1.6225221089295243
ISO,18312,0,-0.04809141192698455,-0.4328227073424782
ISO,18313,0,4.470184299608213,-4.93704427867957
ISO,18316,0,-2.262468326426025,2.033647256749562
ISO,18317,0,1.854729267704622,-2.045446930193528
ISO,18318,0,-3.3900488620916747,3.1163819509238295
ISO,18319,0,0.9453427325332033,-1.2591494487267751
ISO,18320,0,-9.557010300762261,9.391807011207165
ISO,18323,0,-3.6926122435274706,3.4653745670027054
ISO,18324,0,13.02369259317498,-13.368576872371934
ISO,18325,0,-0.4315966437486849,0.17002292026464785
ISO,18326,0,5.475158000809163,-5.845101108971944
ISO,18327,0,-6.031432673165641,5.816790941024515
ISO,18330,0,-1.8300855652915575,1.7006365421055951
ISO,18331,0,-1.9504629833814449,1.7551725720291078
ISO,18332,0,-5.967706644024462,5.681314003639365
ISO,18333,0,-13.798965611118238,13.637385217545424
ISO,18334,0,-8.472650580440147,8.327539887561704
ISO,18337,0,3.81321247315691,-3.886157714154651
ISO,18338,0,10.716684377133445,-10.861357807806863
ISO,18339,0,-2.6489336251432,2.5624025144811116
ISO,18340,0,0.8719843680530367,-0.9886377952173205
ISO,18341,0,-2.435717553428012,2.292860218916103
ISO,18344,0,9.265801570104486,-9.42039262862552
ISO,18345,0,1.1602164297286197,-1.20598433622679
ISO,18346,0,0.426652644218785,-0.5105155718293566
ISO,18347,0,1.6053565440655704,-1.7925701352102439
ISO,18348,0,1.3945440870389625,-1.57894661094494
ISO,18351,0,-1.9885221457895954,1.7463885511729045
ISO,18352,0,1.8220679497198486,-2.0291211258243753
ISO,18353,0,-2.27218519805351,1.984566818553069
ISO,18354,0,5.1127978244794114,-5.378570290989063
ISO,18355,0,3.134030984222241,-3.384253018890682
ISO,18358,0,2.764322350839474,-3.0275911461575205
ISO,18359,0,-0.7510228461509753,0.5996832297981401
ISO,18360,0,0.373414945973957,-0.6354605220960404
ISO,18361,0,7.215478926481941,-7.491405462867483
ISO,18365,0,3.5924167940418297,-3.8416738135763873
ISO,18366,0,2.4188901207967843,-2.6125950353751035
ISO,18367,0,-0.2251272329585505,0.025014136995394492
ISO,18368,0,-1.9521826131598459,1.714473923581785
ISO,18369,0,0.35222157173393553,-0.5229956671200672
ISO,18372,0,1.9517940264436533,-2.1642341925871804
ISO,18373,0,0.8659096626562637,-1.032832007264702
ISO,18374,0,1.346363352141049,-1.5515234819911101
ISO,18375,0,2.0196019311949476,-2.2618330473802515
ISO,18376,0,-3.547308178331008,3.290256861060647
ISO,18379,0,-1.8589685898602613,1.5850873979839781
ISO,18380,0,-2.8923192180329766,2.665692834641557
ISO,18381,0,-0.9929143953320795,0.6850339626709773
ISO,18382,0,-4.2448259251285085,3.9295185212192445
ISO,18383,0,3.019222431859859,-3.2441179575105035
ISO,18386,0,-1.041717535159927,0.7771543516272472
ISO,18387,0,-0.4386008913833296,0.16231686531511622
ISO,18388,0,-5.345015140516496,5.010951694234217
ISO,18389,0,0.8191560935768741,-1.1143474786496361
ISO,18390,0,-1.9467467592215137,1.618873620826305
ISO,18393,0,-0.8800863209895955,0.6231268112116037
ISO,18394,0,2.558300328503888,-2.90935354682346
ISO,18395,0,3.3853632465873424,-3.78838268070489
ISO,18396,0,8.0437187839525,-8.447925758020464
ISO,18397,0,3.808038028523562,-4.1198528107977515
ISO,18400,0,-7.897480145229559,7.581106378770691
ISO,18401,0,3.384797917932932,-3.701504155868176
ISO,18402,0,-1.5872478392441676,1.239357901875583
ISO,18403,0,-6.29828002136749,5.931033372891256
ISO,18404,0,-0.1754302929962739,-0.19389663962744297
ISO,18407,1,2.0986219292127886,-2.6012858643535752
ISO,18408,1,-6.887840192306549,6.519260115126264
ISO,18409,1,-3.802806463050698,3.4215727324190564
ISO,18410,1,-0.9290431926571157,0.5664897516201683
ISO,18411,1,3.035728364092155,-3.4025837555232323
ISO,18414,1,1.2912107924878462,-1.618099600712623
ISO,18415,1,-0.22922992155078434,-0.16943081158106182
ISO,18416,1,-10.38200168567649,10.059077838532588
ISO,18417,1,-2.4873480484424144,2.1611384683188213
ISO,18418,1,-10.604639071026229,10.329193900350225
ISO,18421,1,-1.338802811706284,0.9479114798212585
ISO,18422,1,2.973271752590601,-3.2736022326502514
ISO,18423,1,-0.7476119538032754,0.31105022895465617
ISO,18424,1,5.047703442573172,-5.422997378823963
ISO,18425,1,0.4400500208851002,-0.8029778731614272
ISO,18428,1,2.1563785413138694,-2.422598114315587
ISO,18429,1,-0.5478685761655953,0.24766661662283887
ISO,18430,1,2.623302436371136,-2.909220958046464
ISO,18431,1,-1.5005126810272513,1.2623360649911841
ISO,18432,1,4.489443067957335,-4.946383838232892
ISO,18435,1,1.3243654441470079,-1.6554568051837693
ISO,18436,1,3.888564943965355,-4.2349849835168305
ISO,18437,1,-1.028592619382566,0.6660930178380321
ISO,18438,1,0.0811049972384932,-0.37603225992406936
ISO,18439,1,-4.126351708470358,3.653417415235927
ISO,18442,1,0.13450699585730486,-0.5330462428418045
ISO,18443,1,7.306639061724711,-7.844881349881229
ISO,18444,1,-6.943758481329647,6.602332126992605
ISO,18445,1,1.989421935182299,-2.4995301236905836
ISO,18446,1,-0.9774155530876398,0.46966721382136645
ISO,18449,1,4.0643652463951625,-4.600915113906073
ISO,18450,1,9.590341015528567,-10.034595376410026
ISO,18451,1,4.782323751726866,-5.2121955496349015
ISO,18452,1,-1.2292151454621374,0.8595263799096138
ISO,18453,1,-4.011492902297234,3.519285184223962
ISO,18456,1,-1.0888748733456466,0.5410133018509221
ISO,18457,1,5.917101895143354,-6.262626093399898
ISO,18458,1,0.08158124619231724,-0.48948747715404267
ISO,18459,1,0.9331748678927837,-1.4445035626285905
ISO,18460,1,2.991713753908137,-3.7040265524576954
ISO,18463,1,4.228916737420836,-4.805259734002894
ISO,18464,1,6.155037532758867,-6.661624984014748
ISO,18465,1,-1.162258455948994,0.898857106158845
ISO,18466,1,1.3128395759110274,-1.6062115481816466
ISO,18467,1,4.140782253187593,-4.418221600134833
ISO,18470,1,-0.4649389793386204,0.23951401965928928
ISO,18471,1,4.302437504019125,-4.429212826421162
ISO,18472,1,-0.019163143099258276,-0.2874471464883163
ISO,18473,1,-2.3875820692107785,2.1751164790696613
ISO,18474,1,-0.5253273165947737,0.24700820846507388
ISO,18477,1,2.1840191120117414,-2.4905481101888207
ISO,18478,1,8.780535318759249,-9.193009085935254
ISO,18479,1,0.33950831803377135,-0.5639766274775634
ISO,18480,1,2.765958708155305,-2.98947052295574
ISO,18481,1,-5.917670317878023,5.6856048152161405
ISO,18484,1,2.4758302583600913,-2.7759308957370723
ISO,18485,1,-7.2910607027204275,7.141270035997872
ISO,18486,1,1.7251643070255902,-1.8182277895353995
ISO,18487,1,3.299166200624817,-3.493520615978267
ISO,18488,1,-0.010309698085964667,-0.19588426363398492
ISO,18491,1,8.734225704458858,-8.993690263076276
ISO,18492,1,-4.7379405980764036,4.495435641041143
ISO,18493,1,-6.076196204354921,5.868994287752877
ISO,18494,1,2.6318509576336133,-2.793190479940654
ISO,18495,1,2.479066134720093,-2.6793947112631273
ISO,18498,1,-6.48139509886917,6.22122871256233
ISO,18499,1,-2.06323571387032,1.8176124146000412
ISO,18500,1,6.414017352577152,-6.678512913508168
ISO,18501,1,-7.353206734579582,7.068749994363738
ISO,18502,1,0.7702220036866633,-0.9519853083914825
ISO,18505,1,-1.277325647591771,1.0062751122937745
ISO,18506,1,-4.847272736578347,4.554827925925051
ISO,18507,1,-7.120247951338534,6.869424597702655
ISO,18508,1,3.500247844809924,-3.765921305516559
ISO,18509,1,-5.868725195175922,5.539021532525587
ISO,18512,1,0.8910979284594388,-1.2422695258818666
ISO,18513,1,1.1929468303700272,-1.4045560242272346
ISO,18514,1,8.16459385039188,-8.45233284071406
ISO,18515,1,2.0464091221814127,-2.394734079148469
ISO,18516,1,0.8648622549083181,-1.2160753533482231
ISO,18519,1,6.496055423952464,-6.883879628367538
ISO,18520,1,-7.853567475216316,7.507975947153997
ISO,18521,1,-0.7711206897883307,0.3855603448941763
ISO,18522,1,0.8353785850801078,-1.1433522569990504
ISO,18523,1,1.3380204702167695,-1.7821766429028023
ISO,18526,1,-12.058069594604875,11.78292824618263
ISO,18527,1,-2.008672729741109,1.7673907201625971
ISO,18528,1,-6.858743902555275,6.654842188618293
ISO,18529,1,0.7402442752014741,-0.9563739905887757
ISO,18530,1,1.8909132631226888,-2.107326798244024
ISO,18533,1,2.4374437280414543,-2.685529603669084
ISO,18534,1,0.18607192994678787,-0.4898628359822979
ISO,18535,1,2.6353126866151344,-2.953779476538415
ISO,18536,1,3.3256353407184833,-3.6905884645284655
ISO,18537,1,-1.4600224861305902,1.2109781388162018
ISO,18540,1,8.091931003011677,-8.488108775496947
ISO,18541,1,-1.153179820721115,0.7338417040952464
ISO,18542,1,-0.8878659054241612,0.5991290256114196
ISO,18543,1,-4.437736233649081,3.995620544119913
ISO,18544,1,4.873672660408105,-5.264347823567068
ISO,18547,1,1.830465055754581,-2.1893797725692035
ISO,18548,1,-14.547333797786091,14.147269616341301
ISO,18549,1,3.6806710376569387,-4.0371524940886
ISO,18550,1,0.8300913963664321,-1.0855041337099496
ISO,18551,1,-3.0165231841004476,2.652538486169776
ISO,18554,1,-2.927679240654962,2.5002808113622605
ISO,18555,1,1.4420700405296187,-1.8371577228664784
ISO,18556,1,4.341724312597946,-4.727655362606648
ISO,18557,1,-10.920397667833837,10.441957463328526
ISO,18558,1,-8.094387665056399,7.600073914518605
ISO,18561,1,0.04245868089065701,-0.41986917769645915
ISO,18562,1,2.9594317009026208,-3.4027922553449605
ISO,18563,1,-3.873276966771781,3.554816373409255
ISO,18564,1,-1.8842622315088682,1.5669128030442259
ISO,18565,1,-0.1250195730899395,-0.17805817985530992
ISO,18568,1,0.9329008658681958,-1.2849389284599328
ISO,18569,1,3.5924667473796528,-3.96378113987368
ISO,18570,1,-0.05022903138290363,-0.14111965959942893
ISO,18571,1,10.01240787738653,-10.322629655152184
ISO,18572,1,-2.4146432192381626,2.15465471649381
ISO,18575,1,-12.473426694091362,12.345395627177412
ISO,18576,1,0.8686926602564281,-1.0736938780160594
ISO,18577,1,-4.901552384732601,4.634982574550001
ISO,18578,1,3.4307312201519453,-3.7704075785828306
ISO,18579,1,5.5086497866889905,-5.87497728705069
ISO,18582,1,4.636699527103009,-4.818352789673157
ISO,18583,1,-0.22055786844610048,-0.18978235191876366
ISO,18584,1,3.1154637852475977,-3.3718805576959627
ISO,18585,1,-1.0611190980304683,0.7713937470323855
ISO,18586,1,3.7836215081631734,-4.160570101753525
ISO,18589,1,-14.011767556164337,13.662128939666163
ISO,18590,1,-1.3775169569461396,1.1614358656604724
ISO,18591,1,-0.9955205687557839,0.6717740423311316
ISO,18592,1,-2.778945608049605,2.323380754270983
ISO,18593,1,-13.861512186686552,13.410914472369234
ISO,18596,1,0.2732312647321277,-0.5303901021270715
ISO,18597,1,1.1322462691336268,-1.3986571559886014
ISO,18598,1,0.18590011471634246,-0.47750813780075446
ISO,18599,1,-4.584257444762847,4.272932660738208
ISO,18600,1,-4.740582424430517,4.355169219192265
ISO,18603,1,12.793791389051076,-13.100046120087606
ISO,18604,1,1.9674852414343686,-2.3023763463593743
ISO,18605,1,-1.8092463951378344,1.5676108164883797
ISO,18606,1,0.06150182405950109,-0.35092217257490876
ISO,18607,1,3.7307815658218555,-3.99750410850796
ISO,18610,1,-0.5026991287397217,0.20915219224933038
ISO,18611,1,1.2336201056895717,-1.6102980005565863
ISO,18612,1,-2.0485050801873013,1.7404592034674102
ISO,18613,1,3.920283183107861,-4.208804484532544
ISO,18614,1,0.6317273822409304,-0.9851413023757345
ISO,18617,1,-0.19369292631678628,0.07630327400358894
ISO,18618,1,-4.43136043328956,4.1131298815272945
ISO,18619,1,2.2922339245453722,-2.5899266420188
ISO,18620,1,0.30480614280745566,-0.6482496839988934
ISO,18624,1,2.4670240746814893,-2.7194050541885537
ISO,18625,1,0.6001311656519026,-0.9312380156667143
ISO,18626,1,3.844919495686158,-4.321808735461192
ISO,18627,1,2.20090754006135,-2.611333188557634
ISO,18631,1,3.3018295325127833,-3.591781631965059
ISO,18632,1,-2.706043737089648,2.387685650373212
ISO,18633,1,-10.820296946720111,10.57870505284972
ISO,18634,1,-1.3831607244701678,1.168717201296498
ISO,18635,1,-9.292121418099828,9.057100958584185
ISO,18638,1,-0.23741679556756007,0.01910250079279903
ISO,18639,1,-7.6363253925235846,7.311375375820456
ISO,18640,1,1.8349743767627715,-2.1228134946863437
ISO,18641,1,1.6864621544845828,-1.959021694603296
ISO,18642,1,-7.7619892802915995,7.450419213847381
ISO,18645,1,1.0089426945639597,-1.301389852408601
ISO,18646,1,-1.9334523007659012,1.5398742242741121
ISO,18647,1,8.882554566301907,-9.283572831146234
ISO,18648,1,-3.4379574880497956,3.0717303255411683
ISO,18649,1,2.217713110563582,-2.5095174672166847
ISO,18652,1,-4.802756409059761,4.469809690927364
ISO,18653,1,-0.08121170325982646,-0.26073231046582407
ISO,18654,1,2.836209101455629,-3.151343446061804
ISO,18655,1,7.181300002529501,-7.529906798768799
ISO,18656,1,-1.1164498982808964,0.8970002868251958
ISO,18659,1,-1.124449378820764,0.9200040372169886
ISO,18660,1,-2.7281481140482438,2.498650901510014
ISO,18661,1,-0.8273226945099709,0.42619653959604564
ISO,18662,1,-9.396255769593736,9.11216640392197
ISO,18663,1,1.0435867273220065,-1.3539470923248431
ISO,18666,1,6.764801408275426,-7.115309253263792
ISO,18667,1,-2.130356481903158,1.7715596007405312
ISO,18668,1,-0.062333644702374985,-0.3212580150044943
ISO,18669,1,-2.0137141564297005,1.5599194169525965
ISO,18670,1,4.0049110572814195,-4.355834260548138
ISO,18673,1,-1.6014570166454343,1.143897869032468
ISO,18674,1,-1.2987842490811796,0.9354879556318744
ISO,18675,1,-6.775202220222768,6.464946823761508
ISO,18676,1,-2.5409041705297675,2.2004144994369974
ISO,18677,1,6.337944335330656,-6.6441252210954245
ISO,18680,1,5.641493293086492,-5.97580400675088
ISO,18681,1,-1.0107250589269825,0.6911282023492943
ISO,18682,1,-6.5207267014015775,6.14784740468097
ISO,18683,1,-3.291714808388026,3.063321760104379
ISO,18684,1,-8.964923116027697,8.728771041848502
ISO,18687,1,-2.0947421374851416,1.766798162927783
ISO,18688,1,-0.7210738892262943,0.48368330841107304
ISO,18689,1,-3.8113260542697986,3.4608592906587803
ISO,18690,1,0.8051298937825917,-1.0491086494742894
ISO,18691,1,0.7422825291064753,-1.0650140635005931
ISO,18694,1,-1.4465444567334051,1.1888082506339073
ISO,18695,1,1.3754678955728805,-1.6761166159166843
ISO,18696,1,3.2394996892393886,-3.620617299738138
ISO,18697,1,-3.52617090134325,3.1867079986868627
ISO,18698,1,1.3878989554049428,-1.7078756598210572
ISO,18701,1,-1.4481054935058482,1.0791614187272893
ISO,18702,1,-1.4815819546739821,1.0811543993567132
ISO,18703,1,-1.2725779987865355,0.874897374165756
ISO,18704,1,-0.35425963127459803,0.08689387182209185
ISO,18705,1,-0.41624114256926625,0.09294705125329418
ISO,18708,1,0.6907673136926535,-1.0277269789085894
ISO,18709,1,-4.366457160798252,3.9834346028334937
ISO,18710,1,1.7937219149120023,-2.246396215205261
ISO,18711,1,1.1686989193375659,-1.6225625773327288
ISO,18712,1,3.986115944515103,-4.363499702575709
ISO,18715,1,-10.972308056019033,10.439994748267964
ISO,18716,1,-4.026384364116554,3.679282263761683
ISO,18717,1,8.702702688737729,-9.128262722416826
ISO,18718,1,7.14957171810691,-7.528859342409664
ISO,18722,1,2.5655402709220767,-3.0473318710952277
ISO,18723,1,5.6093748439175375,-6.046327119977324
ISO,18724,1,1.3224483872880608,-1.7389675643866538
ISO,18725,1,5.280363693758484,-5.697371685368237
ISO,18726,1,-0.529279433344224,0.0835704368438035
ISO,18729,1,-4.032294579613526,3.5714609133719737
ISO,18730,1,8.78992883062169,-9.210248200884534
ISO,18731,1,-3.02667406536668,2.5911813940908868
ISO,18732,1,12.132901030594859,-12.679120548010493
ISO,18733,1,0.3260896487785754,-0.6884114807548252
ISO,18736,1,-5.731280301268405,5.353601203985479
ISO,18737,1,1.5211705456640419,-1.8035223870865997
ISO,18738,1,5.6149009836942065,-6.036677583408327
ISO,18739,1,-0.20819774188292936,-0.15388528747872987
ISO,18740,1,-8.041748099894651,7.569745276716682
ISO,18743,1,-1.1327182612403572,0.7052774079421148
ISO,18744,1,-0.505833892261287,0.029754934838797344
ISO,18745,1,3.171846537999361,-3.6085896069149337
ISO,18746,1,-2.9901144091600846,2.610417341330238
ISO,18747,1,0.03970140213135374,-0.4934317122037912
ISO,18750,1,8.01266550625894,-8.415818487705932
ISO,18751,1,5.677742559370748,-6.108690761220519
ISO,18752,1,3.851595743365365,-4.402808014329996
ISO,18753,1,12.592494091883754,-13.028786654616841
ISO,18754,1,7.171148149424689,-7.685669989742157
ISO,18757,1,-0.5059015373308522,0.056211281925650225
ISO,18758,1,-5.561668007354974,5.1313648733236334
ISO,18759,1,-4.8062694669444035,4.315207452441772
ISO,18760,1,4.202185570021264,-4.559059079152576
ISO,18761,1,1.2061896542383732,-1.6529265632155596
ISO,18764,1,10.51543124605898,-11.06778482431553
ISO,18765,1,-1.2765308814339262,0.763352637641372
ISO,18766,1,9.54403978835887,-9.840208594824619
ISO,18767,1,3.5219670393732163,-3.846946696985511
ISO,18768,1,-3.011141720488226,2.486323991427103
ISO,18771,1,1.5294257968586242,-2.000018349738201
ISO,18772,1,3.8524099901651923,-4.28465795540112
ISO,18773,1,-4.200186130852414,3.8067260717561733
ISO,18774,1,-3.340825320072622,2.9358767964274444
ISO,18775,1,1.070195796527815,-1.5986875478995815
ISO,18778,1,0.14141100439537896,-0.6556328385606485
ISO,18779,1,-5.439104284735349,5.069411555101683
ISO,18780,1,2.974383194276464,-3.4319806087805436
ISO,18781,1,-10.873822180298548,10.505530150483189
ISO,18782,1,11.642741060550943,-12.046302275821338
ISO,18785,1,3.7615335058603567,-4.209335113700868
ISO,18786,1,-0.12449854370196026,-0.3085398691741321
ISO,18787,1,0.751342543761988,-1.2440261790157026
ISO,18788,1,4.336597127389244,-4.749606377616794
ISO,18789,1,-3.850384904243278,3.4682127053109357
ISO,18792,1,4.427131214374577,-4.748811956563463
ISO,18793,1,-2.3569803428680984,1.943475019557913
ISO,18794,1,0.4886723561153743,-0.9898747726439224
ISO,18795,1,-6.784816297184735,6.518222336588086
ISO,18796,1,-6.218427082790439,5.897268808663106
ISO,18799,1,-0.2680658967489946,-0.029785099638803523
ISO,18800,1,-2.3693766601428283,2.014413864615816
ISO,18801,1,3.61797965727719,-4.063955578050951
ISO,18802,1,-2.20628775567228,1.7736823133836044
ISO,18803,1,-1.0358656249411764,0.5046524839457291
ISO,18806,1,-0.3743540229971918,-0.030353028891584623
ISO,18807,1,-8.485147541266416,8.02987470203012
ISO,18808,1,3.9815171344922096,-4.361161199759645
ISO,18809,1,-1.6308835469177245,1.2166909000814772
ISO,18810,1,-2.310505007099888,1.9112816797392174
ISO,18813,1,-1.399425311113743,0.9424701074847572
ISO,18814,1,-1.6979149733650603,1.2680630813739047
ISO,18815,1,-0.8111634795373059,0.3814079936897629
ISO,18816,1,-5.0415874627520365,4.7929271686582275
ISO,18817,1,2.2409921343169836,-2.602442478561666
ISO,18820,1,2.4436842293459646,-2.874289379891504
ISO,18821,1,2.2080795348674815,-2.6741649248131454
ISO,18822,1,2.8390992651179054,-3.304525374153631
ISO,18823,1,-1.6188429465702674,1.2477614688464393
ISO,18824,1,-3.7377558869385403,3.330371049125078
ISO,18827,1,3.8825688988753346,-4.317590624239506
ISO,18828,1,-3.2904033449592873,2.857455536412017
ISO,18829,1,-0.73008504777753,0.3508200878930675
ISO,18830,1,4.78635698975249,-5.255033316778442
ISO,18831,1,0.10333262621537283,-0.4790876306350968
ISO,18834,1,-3.8463328445189044,3.377267863480019
ISO,18835,1,0.2142020079144063,-0.6902064699464323
ISO,18836,1,0.09174396413727288,-0.581045106202135
ISO,18837,1,2.985792043433627,-3.410060895076063
ISO,18838,1,-4.811769408814752,4.226751851512051
ISO,18841,1,3.8180332998733637,-4.367390609207657
ISO,18842,1,0.0840610963874432,-0.6444684056371497
ISO,18843,1,-1.827019584092569,1.2128953541454919
ISO,18844,1,-6.599816561838959,6.1127452288619155
ISO,18845,1,-23.6008402474286,23.057355152496452
ISO,18848,1,-3.0017387197203935,2.7822331460662504
ISO,18849,1,-2.448374736012899,2.03427330074644
ISO,18850,1,4.623471071357852,-5.088141530790809
ISO,18851,1,-1.92150859769437,1.442627950293896
ISO,18852,1,8.744454466600253,-9.278059620931314
ISO,18855,1,8.045442762164503,-8.525409519042329
ISO,18856,1,-8.126484628945253,7.586518872869161
ISO,18857,1,-2.8358883719844705,2.286563747871258
ISO,18858,1,-3.961022810694176,3.6061719429948083
ISO,18859,1,-1.6642892908313698,1.209875832583928
ISO,18862,1,9.085104173472285,-9.628309206265845
ISO,18863,1,-0.09002485994072562,-0.5101408729984458
ISO,18864,1,-6.538962872601663,6.033535790661428
ISO,18865,1,2.1678725125995975,-2.696621905916599
ISO,18866,1,8.711992618545228,-9.258199052309816
ISO,18869,1,-3.8628050361100263,3.2422741066144303
ISO,18870,1,-3.807203592587643,3.280254998457854
ISO,18871,1,-2.8230027454356863,2.2788094451107344
ISO,18872,1,-2.890991387680243,2.1544330723476994
ISO,18873,1,15.617708209530234,-16.383751530659854
ISO,18876,1,-2.207572170600221,1.5122738491513599
ISO,18877,1,-7.8609323027109985,7.415238054506266
ISO,18878,1,-6.4821739455081975,5.9339985589958735
ISO,18879,1,-4.6003061228113,3.9930049844863835
ISO,18880,1,1.3555768041269975,-1.7928596441679452
ISO,18883,1,5.209697228648832,-5.758086410611867
ISO,18884,1,11.334144468530177,-11.868144207919116
ISO,18885,1,-6.3280978136446,5.760555408833423
ISO,18886,1,-13.866424303948566,13.439272226814996
ISO,18887,1,-5.890697074931187,5.44820339794105
ISO,18890,1,4.2943523846493274,-4.735931036027161
ISO,18891,1,6.784752653545361,-7.270244793333942
ISO,18892,1,-0.3678887962934478,-0.1980939672350522
ISO,18893,1,-8.975543349362676,8.6640277450464
ISO,18894,1,-4.980244681748972,4.450431417733132
ISO,18897,1,-7.134996603540778e-14,-0.4183325376076878
ISO,18898,1,-0.4260508990362524,0.10450305070696116
ISO,18899,1,-9.94657599045415,9.483944549037679
ISO,18900,1,15.744645019711555,-16.129247035460235
ISO,18901,1,2.6609977852280537,-3.0800525545553055
ISO,18904,1,9.517795513019182,-9.970215977096146
ISO,18905,1,-1.1714157999825765,0.720871261527704
ISO,18906,1,4.1958455919805395,-4.560305578254631
ISO,18907,1,-3.35724591283279,2.9066088775532166
ISO,18908,1,-0.7656925459601829,0.26768113395353044
ISO,18911,1,2.074590934592483,-2.559875363736933
ISO,18912,1,-0.04304683708364762,-0.44891701530198314
ISO,18913,1,12.011078246595583,-12.511539840203733
ISO,18914,1,-2.040377373931639,1.5672463886721224
ISO,18915,1,-3.7301243449861667,3.270324733893875
ISO,18918,1,3.7339469721288285,-4.1009196475223275
ISO,18919,1,-3.4337183104983677,2.96654575124689
ISO,18920,1,1.3482816282899066,-1.8986006602449985
ISO,18921,1,-2.5334844849998577,2.080064442941711
ISO,18922,1,13.282658905806061,-13.83011522340754
ISO,18925,1,3.88918134222592,-4.3407553732536055
ISO,18926,1,-10.531043770922818,9.998500470244043
ISO,18927,1,1.333371494184132,-1.7634913310177431
ISO,18928,1,-0.7462428678954662,0.2528591535843919
ISO,18929,1,-9.814321749234605,9.399559076261141
ISO,18932,1,3.315912960276833,-3.7451573564291634
ISO,18933,1,-0.8040073885116295,0.40200369425582616
ISO,18934,1,-13.377813464207607,12.880958739445955
ISO,18935,1,5.112479883876457,-5.493297752321635
ISO,18936,1,8.342168927893036,-8.770246871595052
ISO,18939,1,2.4301977129107755,-2.884440276071662
ISO,18940,1,0.8084890951101397,-1.2152760612033473
ISO,18941,1,17.284976588700687,-17.80191046798893
ISO,18942,1,-1.298385414166811,0.9093560765887376
ISO,18943,1,4.889825106793339,-5.233271997525093
ISO,18946,1,-1.6701840441847347,1.2157121954269783
ISO,18947,1,-6.790318823664395,6.377219579639185
ISO,18948,1,0.3708475741578863,-0.813650647779285
ISO,18949,1,-1.5946364364170393,1.173610314590742
ISO,18950,1,-0.7461999086186283,0.42351886705378433
ISO,18953,1,-10.37075803022451,10.033360452990692
ISO,18954,1,-3.016882488761393,2.7181812522503663
ISO,18955,1,-1.4816259727649714,1.0904375971174685
ISO,18956,1,-2.1746887144609723,1.5003666324575868
ISO,18957,1,-4.2144355731359635,3.9823950735827123
ISO,18960,1,-3.3073279743026105,2.931495249950034
ISO,18961,1,-3.8103011406530523,3.4417109456684813
ISO,18962,1,0.16588457784066787,-0.4818552022989597
ISO,18963,1,-4.962234046912124,4.574180553507459
ISO,18964,1,-0.9347808331045866,0.470293462617846
ISO,18967,1,-1.1660823834598981,0.7301637354375081
ISO,18968,1,-8.61519125459863e-14,-0.505117944656525
ISO,18969,1,-2.127393411961874,1.7449406637440243
ISO,18970,1,-0.6635270458342619,0.1765347186164794
ISO,18971,1,7.6869067091865615,-8.265958062044307
ISO,18974,1,-1.1918446624310448,0.5766990302085159
ISO,18975,1,-8.455066967954199,7.837345180341104
ISO,18976,1,-3.1219348609112982,2.5157339170450306
ISO,18977,1,6.045374404555468,-6.552324040157613
ISO,18978,1,-3.0461377284466766,2.547792087801004
ISO,18981,1,-1.402265130899498,0.88767242231252
ISO,18982,1,-9.342920410734981,8.736237267180764
ISO,18983,1,3.114928906461823,-3.704040756383666
ISO,18984,1,-0.6619325909099899,0.03893721123003272
ISO,18988,1,5.231199447876419,-5.928692707593265
ISO,18989,1,-5.955846678037577,5.2468173116045245
ISO,18990,1,1.550263289074775,-2.0606380344492017
ISO,18991,1,3.7218533782871313,-4.420792979843387
ISO,18992,1,1.9523621126297224,-2.6856436572793925
ISO,18995,1,-14.964369580440955,14.406777793559131
ISO,18996,1,5.696391579180415,-6.149835684985829
ISO,18997,1,2.8046715794047494,-3.344031498521055
ISO,18998,1,-2.8849151583384334,2.5639232074801916
ISO,18999,1,-2.9669038046470733,2.4286899625342246
ISO,19002,1,-4.214324283959283,3.7635944140171094
ISO,19003,1,3.2867035603222257,-3.8310851024045802
ISO,19004,1,4.607215043909203,-5.204584903735363
ISO,19005,1,-6.724291469390052,6.1495657027755195
ISO,19006,1,-1.084063844343132,0.576899472720598
ISO,19009,1,-2.6447967774712544,1.8997836007187432
ISO,19010,1,3.6177606846165355,-4.074260455546066
ISO,19011,1,13.917481352160896,-14.459281112828958
ISO,19012,1,5.048541900246894,-5.632188362703188
ISO,19013,1,1.2707697279481855,-1.7246160593582314
ISO,19016,1,-2.237772366907848,1.814553006736144
ISO,19017,1,5.260861965425444,-5.736420109192715
ISO,19018,1,-6.396368616146733,5.85315259779032
ISO,19019,1,-6.914076436500296,6.55231965761212
ISO,19020,1,-1.4480366306150108,1.0871552273464662
ISO,19023,1,2.040642303779966,-2.4903706351915327
ISO,19024,1,-1.4631551445213018,0.9310987283317266
ISO,19025,1,3.669494023336642,-4.228655017368883
ISO,19026,1,-1.0534293739391811,0.49899286133965526
ISO,19027,1,-5.228815519299287,4.6688352762685685
ISO,19030,1,1.3387604862130102,-1.9208302628273597
ISO,19031,1,4.474734298053549,-5.0723615832693945
ISO,19032,1,1.1254792324321945,-1.895037681958523
ISO,19033,1,2.727978121598772,-3.5018726241799767
ISO,19034,1,5.637880179775226,-6.189936990524319
ISO,19037,1,5.677834765582451,-6.079095173044108
ISO,19038,1,-1.6643971992453594,1.3892902241634848
ISO,19039,1,4.15476968418379,-4.727841364760883
ISO,19040,1,3.9245932147461557,-4.200973018601519
ISO,19041,1,0.14627719737485803,-0.5119701908119719
ISO,19044,1,0.17705125532021582,-0.5402333175153524
ISO,19045,1,1.10755710621609,-1.3509762504393938
ISO,19046,1,6.593482670187814,-7.025488086743932
ISO,19047,1,-5.897032711573614,5.755319699580257
ISO,19048,1,-2.230052547584063,2.051826569755169
ISO,19051,1,0.6840886286784251,-0.9317225214127078
ISO,19052,1,2.0776400000669715,-2.352369256274173
ISO,19053,1,-0.5733818643430499,0.40657986744324814
ISO,19054,1,-2.1366676462468415,1.8757006054838719
ISO,19055,1,3.809668249559977,-4.08251825848101
ISO,19058,1,-2.130233498252971,1.9549056383144534
ISO,19059,1,7.914129439413147,-8.081846089784815
ISO,19060,1,-2.4415955253535895,2.3169448284625336
ISO,19061,1,-1.9442479508154717,1.7948340833176446
ISO,19062,1,0.13063783786841995,-0.26127567573683247
ISO,19065,1,-2.4716002383376607,2.2832878392262224
ISO,19066,1,-0.42220156444534646,0.225828743773085
ISO,19067,1,-4.4187632856626005,4.152372130535991
ISO,19068,1,1.3073227766451914,-1.535178598282697
ISO,19069,1,-2.5954619181095056,2.332962609071881
ISO,19072,1,4.038472919336324,-4.384751411883927
ISO,19073,1,-4.222464899326942,3.89129118173267
ISO,19074,1,-0.5832237756747598,0.2700834934332608
ISO,19075,1,2.032203192606162,-2.300038868732179
ISO,19076,1,1.4659594582205615,-1.7972497312647513
ISO,19079,1,1.9730200647336482,-2.2227694400163966
ISO,19080,1,-1.452282983120989,1.1682178519481832
ISO,19081,1,6.397753253303604,-6.702226935792768
ISO,19082,1,3.6045375919163773,-3.9074399105648174
ISO,19083,1,-0.8187486193902174,0.5155083899864319
ISO,19086,1,2.5009976662367768,-2.872203256772851
ISO,19087,1,0.838645779239028,-1.2309946818070172
ISO,19088,1,0.9194697434441844,-1.173994239899305
ISO,19089,1,5.009235955415091,-5.42580443403589
ISO,19090,1,4.942280760417418,-5.389545987604515
ISO,19093,1,-2.0167939382435898,1.710057217598171
ISO,19094,1,9.79596043569004,-10.188977905527148
ISO,19095,1,0.5309254042681181,-0.8762427403774323
ISO,19096,1,-1.0094429974345496,0.6851239621142018
ISO,19100,1,-2.636345762650593,2.2014846059247257
ISO,19101,1,-10.470654030089735,10.107247382624582
ISO,19102,1,-0.42593213483008835,0.12169489566568517
ISO,19103,1,0.5751467246729384,-0.8969071300843887
ISO,19104,1,-0.32044130448628066,0.0640882608972911
ISO,19107,1,-4.310423081073274,4.066033395399383
ISO,19108,1,-1.8464913660675084,1.5522297937858405
ISO,19109,1,-4.044122246529001,3.7867397646496705
ISO,19110,1,-0.7832437836757883,0.5131597203392916
ISO,19111,1,-1.7104496270171219,1.371746730578077
ISO,19114,1,-7.894821091352979,7.572911974478241
ISO,19115,1,5.572443944257324,-5.861921551751211
ISO,19116,1,-0.3686585935406674,-0.02457723956942552
ISO,19117,1,-3.981773170604859,3.6821100909732616
ISO,19118,1,0.1676861238781227,-0.4870882645984049
ISO,19121,1,0.1792875967995598,-0.4605230427597338
ISO,19122,1,-3.9484026207412857,3.5982117009416106
ISO,19123,1,-0.732028597042569,0.4066825539125137
ISO,19124,1,-1.7472532031364865,1.4944860128093218
ISO,19125,1,-2.1972491787689297,1.877649298220716
ISO,19128,1,1.5043121755923705,-1.7235197785930856
ISO,19129,1,-2.650321272997973,2.2957632431654638
ISO,19130,1,-1.598148674037719,1.2430045242515637
ISO,19131,1,5.656397794162335,-5.9301496535289315
ISO,19132,1,-2.5409556107676248,2.154498483654687
ISO,19135,1,-3.004936289594627,2.6580460974336293
ISO,19136,1,3.8002586701971244,-4.2242763739848
ISO,19137,1,-0.9348196269098943,0.5717828785953867
ISO,19138,1,0.8486720896943201,-1.2344321304644974
ISO,19139,1,-1.8607888167209246,1.4293015548725887
ISO,19142,1,1.7450574960579301,-2.2182934271922985
ISO,19143,1,-2.056608631194962,1.675755180973679
ISO,19144,1,4.939806743254109,-5.299719802871891
ISO,19145,1,6.109344315839275,-6.6050314814246125
ISO,19146,1,-6.022739576813103,5.4727176976520955
ISO,19149,1,-2.9800619041222203,2.5144272316031255
ISO,19150,1,0.1141207464587342,-0.5291052790357265
ISO,19151,1,5.053739484780735,-5.545587609820216
ISO,19152,1,-4.197297177700105,3.716919818306668
ISO,19153,1,8.475089839149694,-9.006027338861498
ISO,19156,1,-11.812137546652908,11.507111399547604
ISO,19157,1,-4.124423471670394,3.8274352828912477
ISO,19158,1,-2.3252321586937508,2.0088740418646696
ISO,19159,1,3.4425083129745677,-3.66843174614763
ISO,19160,1,-2.3139469710832854,1.957269210608017
ISO,19163,1,-0.5649959495044338,0.17867393274925936
ISO,19164,1,2.9291160764493656,-3.3296789586988518
ISO,19165,1,2.7554540361978,-3.0380647065770603
ISO,19166,1,5.104624154002613,-5.473855557547104
ISO,19167,1,0.4311346977447078,-0.8060344349140449
ISO,19170,1,-6.040037668601293,5.658661967347856
ISO,19171,1,-1.5161960118227273,1.0190825653234652
ISO,19172,1,-4.21541236881535,3.8652223485607005
ISO,19173,1,-0.919834979908231,0.4895028255652425
ISO,19174,1,4.443466021752857,-4.782015813886414
ISO,19177,1,3.1925044084435075,-3.656868686035283
ISO,19178,1,-18.183362750592476,17.75539304772475
ISO,19179,1,-7.506559488260794,7.17125811525082
ISO,19180,1,-0.5760314226795682,0.20439824675730975
ISO,19181,1,2.349696560340835,-2.6443293578757374
ISO,19184,1,2.1225909149918016,-2.5602385263303202
ISO,19185,1,-1.6988408435370819,1.3842406873265165
ISO,19186,1,6.616339852173379,-7.05742917565161
ISO,19187,1,-1.5901138372521078,1.2865121499486163
ISO,19188,1,-1.3436524178555949,0.9624744269745849
ISO,19191,1,-0.6474878477544206,0.3067047699889116
ISO,19192,1,-2.5365508568392166,2.0689838786200117
ISO,19193,1,0.3228029637001583,-0.7327114890337104
ISO,19194,1,12.08033113236318,-12.418006356188844
ISO,19195,1,3.6938080303257035,-4.06318883335828
ISO,19198,1,-6.7648352830857466,6.419029006634078
ISO,19199,1,0.13849134611612793,-0.5816636536875761
ISO,19200,1,-1.8610361879297448,1.4192471818930137
ISO,19201,1,6.27402418609407,-6.621375006085434
ISO,19202,1,-0.03697681716212868,-0.2917060020574239
ISO,19205,1,-1.5626055287370735,1.1960118563060875
ISO,19206,1,1.3137253216310822,-1.707350886164749
ISO,19207,1,-2.8891074773263057,2.518114542838172
ISO,19208,1,2.0295763889620644,-2.4546185646609486
ISO,19209,1,-4.2623807245851895,3.8148866852586614
ISO,19212,1,4.173425534535676,-4.634577527302058
ISO,19213,1,-0.1866053384458438,-0.1866053384458438
ISO,19214,1,7.123991152586679,-7.656626005116529
ISO,19215,1,0.7528273614498009,-1.227049321418237
ISO,19216,1,2.5841373861523196,-3.0316070634081127
ISO,19219,1,0.13423495236903446,-0.5045382692490598
ISO,19220,1,-1.2472875795269631,0.7998301518939573
ISO,19221,1,-3.899379264234641,3.4245690037494536
ISO,19222,1,-5.3289401716760825,4.8045672150535905
ISO,19223,1,-2.1204580857587585,1.6518485640441194
ISO,19226,1,1.2276618889711015,-1.6173958219777889
ISO,19227,1,6.1774679600243765,-6.5792544940097
ISO,19228,1,4.091521953532144,-4.518277828737587
ISO,19229,1,-4.0506359333098345,3.592289575933903
ISO,19230,1,-3.51832794991329,3.033876597085305
ISO,19233,1,4.405095900605033,-4.799287927504807
ISO,19234,1,-5.167636144246148,4.774286104722184
ISO,19235,1,4.33460308119745,-4.708678859510074
ISO,19236,1,-4.871669052977643,4.491441224452555
ISO,19237,1,8.356755331954371,-8.948384028021936
ISO,19240,1,-2.0821969658356023,1.5789469438813908
ISO,19241,1,-5.759964309925075,5.271831741287355
ISO,19242,1,4.348973519871592,-4.758770789117438
ISO,19243,1,-8.204796993508758,7.8001214327931585
ISO,19244,1,-6.071833756997121,5.6941147052399135
ISO,19247,1,1.2471630006776189,-1.6478579406543843
ISO,19248,1,-12.744648605011246,12.295893372440428
ISO,19249,1,1.2538561043763798,-1.6843646380678374
ISO,19250,1,-9.13385153669567,8.734339167676726
ISO,19251,1,3.969293240189843,-4.266897231956657
ISO,19254,1,2.9399846937964385,-3.300166585838878
ISO,19255,1,-1.9189888716436363,1.4960712139811292
ISO,19256,1,-3.652983784136353,3.2238520620645397
ISO,19257,1,0.6066799519161591,-0.8334761956231382
ISO,19258,1,-0.1194437437713629,-0.10806814912648105
ISO,19261,1,1.323506104209103,-1.5714697771288373
ISO,19262,1,-0.5806062597718356,0.22603755151418667
ISO,19263,1,6.066706140893532,-6.294349898525558
ISO,19264,1,1.1107431013882985,-1.4171549914264545
ISO,19265,1,2.5837730489873083,-2.8868549315664636
ISO,19268,1,9.115701712428201,-9.459042643216458
ISO,19269,1,4.990588969378484,-5.269392822416387
ISO,19270,1,-1.8646121886894202,1.6083081077699153
ISO,19271,1,-0.6369268243489598,0.3081903988785482
ISO,19272,1,-3.305891196024779,2.950419024409209
ISO,19275,1,-4.762386448450916,4.442763196877029
ISO,19276,1,0.7820355370872671,-1.091752581478253
ISO,19277,1,0.038130366736679265,-0.3770669599515719
ISO,19278,1,-15.508653075815626,15.022107096966513
ISO,19279,1,-2.5147847630325,2.2314287333950364
ISO,19282,1,1.9581840418209422,-2.321652077425755
ISO,19283,1,0.4106494697530259,-0.749329444807106
ISO,19284,1,0.18217005163452382,-0.5133883273337196
ISO,19285,1,2.5982161509059334,-2.9265847007834602
ISO,19286,1,6.031147794018213,-6.38256208645919
ISO,19289,1,-0.4867172992806671,0.17015320218753155
ISO,19290,1,6.722980302518901,-7.123754091044621
ISO,19291,1,-1.1283148031995598,0.7757164271996775
ISO,19292,1,0.5019241298366409,-0.8994877970340375
ISO,19293,1,-2.92977091153593,2.5675117570956254
ISO,19296,1,-0.6462466141393768,0.23593130357466052
ISO,19297,1,-3.781981124883058,3.422648001378729
ISO,19298,1,-5.159842279205399,4.706727699253225
ISO,19299,1,2.0727793969985204,-2.351472425166393
ISO,19300,1,8.226068795186936,-8.565288126947223
ISO,19303,1,0.7702398484921426,-1.1627187521823994
ISO,19304,1,22.607723892887883,-23.058863307063742
ISO,19305,1,1.1207564022544323,-1.50229049663892
ISO,19306,1,20.472626279594852,-20.852100353359354
ISO,19307,1,1.247623224563034,-1.502240209167739
ISO,19310,1,6.003033143369775,-6.32730232059434
ISO,19311,1,-2.6267123326497996,2.2850261755571424
ISO,19312,1,-2.0127938090716264,1.6400542147990897
ISO,19313,1,-2.714661777189966,2.3356514069016585
ISO,19314,1,-1.7085591489276712,1.3146550223737599
ISO,19317,1,-2.0404556664010465,1.6004652262067443
ISO,19318,1,-4.006366001288053,3.5549444800161476
ISO,19319,1,1.91360432358184,-2.343627767083373
ISO,19320,1,-1.1970634117926493,0.7008713240029432
ISO,19321,1,-0.6944596966576868,0.21135729898277422
ISO,19324,1,-6.4657474460711395,6.088460943018117
ISO,19325,1,-1.296684565482055,0.8882799779286313
ISO,19326,1,-5.571667862573991,5.126824121051111
ISO,19327,1,7.27798531042768,-7.6545951583152725
ISO,19328,1,-8.237322062655677,7.734663202997056
ISO,19331,1,-8.272209599764368,7.867453166748376
ISO,19332,1,-3.3119814046806013,2.9246151585191305
ISO,19333,1,4.745545298592908,-5.177941225571758
ISO,19334,1,3.542556322885483,-4.0048801496894635
ISO,19335,1,-1.9386101937927394,1.5508881550342046
ISO,19338,1,-6.3839505300840305,5.86755412724609
ISO,19339,1,13.633538654596215,-14.132935674911092
ISO,19340,1,2.76156976798391,-3.21521572576361
ISO,19341,1,-0.13017713591231672,-0.16737060331579712
ISO,19342,1,2.3418159081964296,-2.7187681670610377
ISO,19345,1,-5.7833512961586955,5.276595432311263
ISO,19346,1,3.1536910402843423,-3.5050772286168637
ISO,19347,1,2.288749648893262,-2.787659654101611
ISO,19348,1,-13.22687441133684,12.716430632799968
ISO,19349,1,1.524048754020184,-2.0450910630869115
ISO,19353,1,11.11244095465735,-11.727237134721376
ISO,19354,1,-2.7409367426750455,2.335622621761914
ISO,19355,1,3.833772627748157,-4.310758335710609
ISO,19356,1,-0.5498425706527604,0.061093618961417816
ISO,19360,1,-0.13715297373352217,-0.14418645956600393
ISO,19361,1,-1.1424889777433762,0.8148935719388357
ISO,19362,1,-8.252174117017066,7.9195927924017715
ISO,19363,1,12.191419129323696,-12.577988106868641
ISO,19366,1,0.6151207169673713,-0.9907669563367476
ISO,19367,1,0.056048996278725796,-0.4636780601240381
ISO,19368,1,-5.732118761864337,5.328448426521779
ISO,19369,1,2.3705635239163843,-2.945245590320388
ISO,19370,1,5.8137676384160875,-6.158032191394093
ISO,19373,1,-0.463459148225973,0.06478461211759742
ISO,19374,1,-0.9900703389390041,0.6055770034287266
ISO,19375,1,-1.7472271384435694,1.3764627589330094
ISO,19376,1,4.545776662099937,-4.926973866468911
ISO,19377,1,-0.4694203019853332,0.12170155977392257
ISO,19380,1,-1.436686381948348,1.0548428252843227
ISO,19381,1,-1.3868195964280916,0.9633632311065414
ISO,19382,1,2.7718941617318156,-3.1043552306052002
ISO,19383,1,-5.701813470290099,5.339506021820514
ISO,19384,1,-3.4913545942957622,3.057645949041643
ISO,19387,1,0.8213832642567361,-1.146683566932696
ISO,19388,1,10.364939301852864,-10.710293381048295
ISO,19389,1,1.5876721641386633,-2.054634565355897
ISO,19390,1,-12.947676745684344,12.591236917860964
ISO,19391,1,-17.995602444648366,17.650776529541336
ISO,19394,1,-2.5633311008245947,2.223817047735237
ISO,19395,1,4.418861209461762,-4.719719844999582
ISO,19396,1,-2.7019805229351506,2.379836794418289
ISO,19397,1,-4.044957838765819,3.6601818255657403
ISO,19398,1,-1.8974506464472538,1.6055351623784426
ISO,19401,1,-3.2220948468426256,2.8680184900467376
ISO,19402,1,-2.6198473409003245,2.231001724440165
ISO,19403,1,-0.49135507613975477,0.17688782741028886
ISO,19404,1,-1.6455291063751787,1.2379677177993027
ISO,19405,1,4.046106798514347,-4.391927892404462
ISO,19408,1,-1.2875567062892177,0.7970589134171454
ISO,19409,1,2.203777751998789,-2.591255158943628
ISO,19410,1,-1.553248744007165,1.184525006557396
ISO,19411,1,-1.836357911311589,1.387096036984611
ISO,19412,1,-4.2759666287626965,3.899643933162021
ISO,19415,1,2.0853877208766534,-2.5606897655208942
ISO,19416,1,7.985027212713982,-8.417526994039044
ISO,19417,1,2.8753213574637213,-3.2381379325380077
ISO,19418,1,-0.22191866387021839,-0.19095326891160946
ISO,19419,1,-2.6001910301335167,2.1175569642154715
ISO,19422,1,1.2614141809641057,-1.7442521449695028
ISO,19423,1,-16.557807319212035,16.018903907683576
ISO,19424,1,3.622871183422729,-4.175981287762067
ISO,19425,1,6.785566221637774,-7.356982324512529
ISO,19426,1,13.931776344861483,-14.33501155021203
ISO,19429,1,3.8639273156369036,-4.072085016142595
ISO,19430,1,-0.16610591554782375,-0.1429283459365191
ISO,19431,1,1.9279332025649287,-2.105827846400213
ISO,19432,1,-3.125366709447994,2.837314478162464
ISO,19433,1,9.610967244602524,-9.934568835329882
ISO,19436,1,-2.0150088481471897,1.861484364478831
ISO,19437,1,-6.391411344731579,6.114427104439852
ISO,19438,1,1.614748055835518,-1.9043889627118509
ISO,19439,1,1.845969146290113,-2.1256614411825634
ISO,19440,1,-2.6876232039316768,2.4487233635821917
ISO,19443,1,1.2376941711280136,-1.4791954728115289
ISO,19444,1,5.135707501395356,-5.478373556534327
ISO,19445,1,0.4475811908645188,-0.8205655165849016
ISO,19446,1,1.4551574059194572,-1.8724068413085744
ISO,19447,1,-0.8514650336376606,0.48720191764294485
ISO,19450,1,5.321736408091473,-5.6464800485547215
ISO,19451,1,16.809792081613306,-17.21110015876313
ISO,19452,1,-2.10862311545278,1.6815602059939843
ISO,19453,1,-4.597300253458719,4.18172508930426
ISO,19457,1,-8.652673069510183,8.184328113109094
ISO,19458,1,-1.1017664571798171,0.7185433416390264
ISO,19459,1,-1.1030482031609457,0.7073358432825667
ISO,19460,1,3.508601624884579,-3.9095846677285255
ISO,19461,1,-14.680920610963716,14.387741966710824
ISO,19464,1,-9.922053597794934,9.573299517028854
ISO,19465,1,2.488492033852823,-2.8691409109239934
ISO,19466,1,5.864869675134311,-6.105110112415799
ISO,19467,1,-0.17169160988353696,-0.1404749535409402
ISO,19468,1,-3.2988448764006337,3.023367224926672
ISO,19471,1,-0.7842939732624493,0.3969883074538389
ISO,19472,1,1.2632881341752495,-1.5761768361381714
ISO,19473,1,-0.6153347531545543,0.19096595787554801
ISO,19474,1,-9.022446902415526,8.613497467745134
ISO,19475,1,4.445492581095859,-4.857589228242627
ISO,19478,1,-2.454434508603187,2.0375454200930867
ISO,19479,1,10.107379776869045,-10.519715514834125
ISO,19480,1,2.925801362905445,-3.47140534666403
ISO,19481,1,5.192563345404936,-5.470055040550158
ISO,19482,1,-15.224829009328465,14.804253622330442
ISO,19485,1,0.30141998315018387,-0.7935342413544652
ISO,19486,1,-2.911372813856192,2.4668884147941705
ISO,19487,1,-1.6035836345984527,1.1176491998716507
ISO,19488,1,-3.203404938825937,2.894270565959738
ISO,19489,1,2.0270913579152228,-2.3713956225292643
ISO,19492,1,0.07432607072781328,-0.5317172752067603
ISO,19493,1,-3.3337188318347386,2.8352188195977726
ISO,19494,1,-3.294879016869618,2.8224949284295344
ISO,19495,1,-12.586261614687807,12.130856400226016
ISO,19496,1,-3.626271856383441,3.236873536234881
ISO,19499,1,-2.611694715388733,2.2075640050771286
ISO,19500,1,4.571633433616999,-4.9373641083063555
ISO,19501,1,-3.5044259769390225,3.136989439383162
ISO,19502,1,-9.655005749537736,9.201452925131974
ISO,19503,1,-6.752040900452875,6.293108638739855
ISO,19506,1,0.8082556779305744,-1.4182599631611754
ISO,19507,1,0.9832638039692414,-1.2767753872436496
ISO,19508,1,5.737728015124904,-6.113356690419493
ISO,19509,1,4.747606914966565,-5.158655132712593
ISO,19510,1,-8.428268372514585,7.946308780090598
ISO,19513,1,6.573067172456416,-6.957738257896442
ISO,19514,1,-2.094960290700573,1.6504063828596167
ISO,19515,1,-2.920237734752834,2.4835666716122264
ISO,19516,1,11.77735044447165,-12.245169727270921
ISO,19517,1,-0.4139407967828555,-0.13798026559424334
ISO,19520,1,-6.342122271388594,5.846643968936356
ISO,19521,1,-9.225683277810713,8.69047322543591
ISO,19522,1,6.3083115805614485,-6.826448055350886
ISO,19523,1,8.360617495305911,-8.71320020464933
ISO,19524,1,-3.0301913795201023,2.553933402385317
ISO,19527,1,1.7468341624861012,-2.2843215970972093
ISO,19528,1,-9.815122116134422,9.350500950873622
ISO,19529,1,-1.5327286068938883,1.085216604881061
ISO,19530,1,-7.228784374115619,6.806357237571242
ISO,19531,1,5.275866761949964,-5.746926294266919
ISO,19534,1,-5.506047873432985,5.020398667397004
ISO,19535,1,-4.608121236520318,4.04871349915822
ISO,19536,1,-0.1975093373116447,-0.2539405765434845
ISO,19537,1,0.4217398470297364,-0.8969396746689429
ISO,19538,1,6.206113468199668,-6.769026254430928
ISO,19541,1,9.980165348798215,-10.48199641599108
ISO,19542,1,-0.9649264662595644,0.3216421554199523
ISO,19543,1,-3.7320219932339036,3.1372774524794833
ISO,19544,1,-10.604286632186579,10.117013265974675
ISO,19545,1,12.762722299718567,-13.365092673746576
ISO,19548,1,-1.3517141105513808,0.7999940654283529
ISO,19549,1,-1.9773617390904832,1.5566464754542246
ISO,19550,1,19.09007282802606,-19.755812072246663
ISO,19551,1,-0.0651504025776491,-0.45605281804330666
ISO,19552,1,2.5521160791780333,-3.111483986943089
ISO,19555,1,-2.11175194794753,1.6345198693153338
ISO,19556,1,13.328943819073206,-13.881438899656548
ISO,19557,1,-0.44870175638192616,-0.0299134504253747
ISO,19558,1,-6.138821264492959,5.671990750082843
ISO,19559,1,-2.446855522606015,2.008939545405827
ISO,19562,1,-2.637447510742207,2.1632996436424796
ISO,19563,1,1.1783839709388129,-1.6108184556870155
ISO,19564,1,-2.280223421997697,1.693670773252316
ISO,19565,1,-17.765626151993782,17.322039980907796
ISO,19566,1,3.435066016267816,-3.8458362424283834
ISO,19569,1,5.233815358738957,-5.728738796917588
ISO,19570,1,-6.420843559581198,5.908712468089171
ISO,19571,1,-9.844290633453795,9.395803588649526
ISO,19572,1,0.1343367686067827,-0.564214428148331
ISO,19573,1,4.441641840601418,-5.038837382194896
ISO,19576,1,-1.0655844240856676,0.504750516672118
ISO,19577,1,-2.1813498298636538,1.7280823327491337
ISO,19578,1,-6.590705675556202,5.950053848041637
ISO,19579,1,-5.430937172986844,4.828336654486218
ISO,19580,1,0.2571789928748013,-0.942989640540834
ISO,19583,1,-5.281404054123862,4.611812414932255
ISO,19584,1,4.356889650468189,-4.973794379738027
ISO,19585,1,-1.6976453122538138,0.9555052850389656
ISO,19586,1,-2.0839637742267336,1.5168988016480236
ISO,19587,1,-0.8020117660504683,0.15392145005003627
ISO,19590,1,-1.5141598837835775,0.9685166824201106
ISO,19591,1,-4.716026309565787,4.192023386280695
ISO,19592,1,8.137773834103488,-8.684391723883731
ISO,19593,1,1.2671390291368152,-1.8928866978463603
ISO,19594,1,-10.923618487180432,10.280579871305207
ISO,19597,1,3.0510272156831686,-3.851296649304971
ISO,19598,1,11.584414505887322,-12.273962988380609
ISO,19599,1,7.670464942854972,-8.413367116497113
ISO,19600,1,-1.8165601773427924,0.9566500342219254
ISO,19601,1,-5.1100601188382315,4.2213540112142
ISO,19604,1,-2.544607884981632,1.7555821842120838
ISO,19605,1,-3.4018089626286816,2.733148724274124
ISO,19606,1,-7.477102163643798,6.793481394396375
ISO,19607,1,-2.0636290357053753,1.3699722169808848
ISO,19608,1,-0.07157285345605838,-0.7464026146123298
ISO,19611,1,-2.8954841741298263,2.248448604491888
ISO,19612,1,-3.593995972838839,2.8892908801253125
ISO,19613,1,-0.30760971011969923,-0.4381107992617597
ISO,19614,1,-0.8794456982399672,0.11471030846606754
ISO,19615,1,9.431451420787226,-10.116130289809888
ISO,19618,1,-0.34275865606324224,-0.39834114083019984
ISO,19619,1,-0.9081127428463439,0.011211268430040621
ISO,19620,1,11.604746428417661,-12.441878722622722
ISO,19621,1,-4.166931313543178,3.5586201728799316
ISO,19622,1,2.764220723296238,-3.459622163119157
ISO,19625,1,-6.79366801696063,6.147421356607656
ISO,19626,1,-4.7494016660302485,4.080471853913308
ISO,19627,1,-8.553875819480735,7.91133115698453
ISO,19628,1,-7.808408484504309,7.184982657398183
ISO,19629,1,-8.129500451832213,7.577880404210004
ISO,19632,1,-2.289741275339723,1.9241139259840707
ISO,19633,1,0.12437135958829665,-0.5389425582157793
ISO,19634,1,-2.722521862488583,2.2937782620966853
ISO,19635,1,-2.7275724328840223,2.1409977161347604
ISO,19636,1,0.4167737778851948,-1.00171943105737
ISO,19639,1,1.0470285281799974,-1.5805462495456688
ISO,19640,1,-0.3508488737350426,-0.15036380302923072
ISO,19641,1,-1.9333893370671584,1.4485268073951385
ISO,19642,1,-6.904256152701845,6.328901473310027
ISO,19643,1,16.16929309839483,-16.56330572339379
ISO,19646,1,-0.10310886760378152,-0.27183246913735065
ISO,19647,1,0.08277509159230136,-0.5242422467513759
ISO,19648,1,0.6773627756133268,-1.0847990316213372
ISO,19649,1,-0.5428099238514488,0.11707665024251869
ISO,19650,1,3.429397343251065,-3.8088603964461982
ISO,19653,1,-0.8106084647653057,0.43137643446573537
ISO,19654,1,0.567850747663901,-0.8572014471104696
ISO,19655,1,1.8805719558217067,-2.292752110522334
ISO,19656,1,-3.9005672853332647,3.4872621425164994
ISO,19657,1,0.5936210822018952,-1.0459038114986554
ISO,19660,1,1.4392002594621633,-1.8281733025600284
ISO,19661,1,-3.747177785213052,3.2533158036363603
ISO,19662,1,-2.758986278785684,2.281239737004616
ISO,19663,1,-4.687168662803721,4.211917087361012
ISO,19664,1,2.7083083815340485,-3.2970710731718973
ISO,19667,1,-4.751062996103923,4.205747300711807
ISO,19668,1,-0.5274748079904036,0.0737330376760646
ISO,19669,1,-5.90662151812704,5.408697680982501
ISO,19670,1,8.23795551560443,-8.715518154190192
ISO,19671,1,-3.8767723626668893,3.4061474931473916
ISO,19674,1,0.027169864611351915,-0.5705671568376492
ISO,19675,1,15.431690479658537,-16.116402203658918
ISO,19676,1,-7.061979495617565,6.509182666215024
ISO,19677,1,14.350896526604304,-14.955462994286417
ISO,19678,1,-2.9050193753166207,2.503635005670101
ISO,19681,1,-1.0398483763748971,0.6088231426443638
ISO,19682,1,8.597390434184458,-9.011473055939279
ISO,19683,1,-3.1837993259524047,2.756443711730601
ISO,19684,1,-1.5664084482204874,1.0019369353482814
ISO,19685,1,2.2397633883341683,-2.8796957850011147
ISO,19688,1,-1.5930968643830286,1.1228099671481768
ISO,19689,1,12.10639992588803,-12.74610401708423
ISO,19690,1,1.4056709748502842,-1.8536935963164956
ISO,19691,1,0.14781186659679296,-0.5857729528097636
ISO,19692,1,6.091278927238057,-6.496351507603014
ISO,19695,1,-12.228197981547371,12.0275301172348
ISO,19696,1,-3.0356092057791044,2.7580677926792974
ISO,19697,1,3.8944253849598987,-4.258816064254391
ISO,19698,1,-1.849213483237149,1.441673321642187
ISO,19699,1,-11.806554479884001,11.36580582921171
ISO,19702,1,-6.7047272665799955,6.328585484443673
ISO,19703,1,-4.459596301936889,3.964772856506994
ISO,19704,1,-0.8556550638482127,0.32909810148002655
ISO,19705,1,2.0461016101834186,-2.3801590159276538
ISO,19706,1,-3.4021345893878228,3.0166235877574787
ISO,19709,1,-0.06309315615295816,-0.3251724201728838
ISO,19710,1,9.633469226593334,-10.147254252011644
ISO,19711,1,-0.8305957994149146,0.41268596323126433
ISO,19712,1,4.814508606921239,-5.362390098462769
ISO,19713,1,-0.1252141678289175,-0.22020422618204108
ISO,19717,1,-5.6254956626562596,4.998699488544119
ISO,19718,1,6.0638874926170105,-6.537628702977721
ISO,19719,1,0.5061933574786514,-0.8275859654016416
ISO,19720,1,-1.681522445784273,1.2787625785305614
ISO,19724,1,-3.853667882716571,3.5517154531207558
ISO,19725,1,-5.603549158594353,5.314520188454092
ISO,19726,1,-0.20802546085077026,-0.16179758066156072
ISO,19727,1,8.407970546338795,-8.84789052260244
ISO,19730,1,5.01869922231619,-5.310908784023104
ISO,19731,1,-2.8858223565565106,2.5256573198567893
ISO,19732,1,-3.230744710477739,2.8397317349282414
ISO,19733,1,-3.3077242299998955,2.823962002577601
ISO,19734,1,3.1138521003989563,-3.4279859819020064
ISO,19737,1,-0.2581523159509484,-0.1908082335290151
ISO,19738,1,0.3256445813905558,-0.668428351275417
ISO,19739,1,-6.1708587613739345,5.8462902532148835
ISO,19740,1,0.2633227367957849,-0.6534304950118872
ISO,19741,1,-2.4161046055166615,1.9644962680369233
ISO,19744,1,-1.103612945794261,0.7402835809237184
ISO,19745,1,0.3646725886244102,-0.7119798158857495
ISO,19746,1,-8.969045111139742,8.585547725308006
ISO,19747,1,1.2971930260234437,-1.7563763980671236
ISO,19748,1,-4.089657769315554,3.596927917590789
ISO,19751,1,-1.750370247970298,1.2986617968811955
ISO,19752,1,-1.0901494344761877,0.6335423415018662
ISO,19753,1,10.087193193083438,-10.637278711452
ISO,19754,1,7.266377881633025,-7.588969574491318
ISO,19755,1,-13.498726805426577,13.000158871708145
ISO,19758,1,-5.2961794527193025,4.884825708818768
ISO,19759,1,5.384012980730155,-5.846656416238653
ISO,19760,1,2.882357769871137,-3.470594049436651
ISO,19761,1,1.071611925399695,-1.4288159005329333
ISO,19762,1,-7.253505849738765,6.647785110720918
ISO,19765,1,-7.044778186748347,6.423408556164154
ISO,19766,1,-27.23153399262189,26.626892660562564
ISO,19767,1,-2.5874362056635576,2.150738111880671
ISO,19768,1,2.192210921865615,-2.7867087989817323
ISO,19769,1,0.29371415045757504,-0.9650607800748894
ISO,19772,1,-2.784574752325686,2.185741472255636
ISO,19773,1,0.09419802506485893,-0.5965874920775923
ISO,19774,1,-3.1510367791245817,2.5755049473210074
ISO,19775,1,-3.676441854798773,3.1894959137658123
ISO,19776,1,3.58217554641164,-4.059798952599852
ISO,19779,1,-1.1894117843435792,0.7014479753820996
ISO,19780,1,-3.385869695881991,2.843044894938977
ISO,19781,1,3.1823949475852746,-3.7690115277853247
ISO,19782,1,12.572345216602729,-13.141873878736495
ISO,19783,1,5.783910175275371,-6.132338499087133
ISO,19786,1,17.139496811059384,-17.656135750352806
ISO,19787,1,0.6403230420069322,-0.9645372404914512
ISO,19788,1,3.6706339223218265,-4.035871128523001
ISO,19789,1,-1.116236600837639,0.7660447260650589
ISO,19790,1,3.821587112280371,-4.172593965302673
ISO,19793,1,2.3163849536482566,-2.69303291359105
ISO,19794,1,-4.890964090728267,4.471588820354989
ISO,19795,1,4.13089720710216,-4.5829789807932295
ISO,19796,1,-7.39641441981392,6.891108567051243
ISO,19797,1,-3.3940739811526925,3.023642987302458
ISO,19800,1,-1.7606493268375003,1.3062882102343145
ISO,19801,1,-0.8076577775569905,0.41606612783238905
ISO,19802,1,0.9809827907010039,-1.5007087725294004
ISO,19803,1,-11.552180230391626,11.274400122657532
ISO,19804,1,-0.19224889700563008,-0.12816593133713527
ISO,19807,1,1.938794837155143,-2.2759765479647336
ISO,19808,1,-7.9232049003569465,7.642489049148551
ISO,19809,1,0.46205727041314304,-0.6888338448490136
ISO,19810,1,1.5150514267425896,-1.750857096274512
ISO,19814,1,-3.974063927205214,3.7162171192762425
ISO,19815,1,-0.6080080159066906,0.3377822310592863
ISO,19816,1,3.217103187512944,-3.4832544336360503
ISO,19817,1,0.11658287099163689,-0.4896480581647392
ISO,19818,1,7.1701598601303065,-7.415713279997784
ISO,19821,1,-2.934618430460649,2.7370010277360186
ISO,19822,1,-1.1708166836717224,0.9324824987003916
ISO,19823,1,-0.6452513288189123,0.33798879128605036
ISO,19824,1,0.04077356219471409,-0.2737653461645695
ISO,19825,1,8.179052088995421,-8.411907664482834
ISO,19828,1,-1.8396017374188407,1.647976556437705
ISO,19829,1,3.291420860016557,-3.503428644880745
ISO,19830,1,1.0940158518777234,-1.3419514557027148
ISO,19831,1,-1.4486146480253297,1.1293607311051486
ISO,19832,1,2.0556389766805108,-2.2265860849283707
ISO,19835,1,-4.553665207789131,4.335001812457118
ISO,19836,1,3.7174310766070633,-3.8948740874236303
ISO,19837,1,4.523109660625068,-4.8091561213760565
ISO,19838,1,2.0823937806722754,-2.4009243780982383
ISO,19839,1,-5.18607201275272,4.907063431030982
ISO,19842,1,-1.4187913364488403,1.1103584372208484
ISO,19843,1,-8.440694880067012,8.143225456980954
ISO,19844,1,4.584071554766029,-4.911213146542384
ISO,19845,1,1.3241683509140831,-1.5710995119236995
ISO,19846,1,-3.4794635790203823,3.1404171888600505
ISO,19849,1,0.4397052880387704,-0.7353054816782437
ISO,19850,1,-0.6761726988049722,0.35418569937398425
ISO,19851,1,-0.16458493996067095,-0.15655640630388187
ISO,19852,1,9.151311867047042,-9.49453969140886
ISO,19853,1,-4.856803908674753,4.592127946349157
ISO,19856,1,0.0036289681476748374,-0.29394641996588716
ISO,19857,1,2.9695206075909875,-3.3098668090340757
ISO,19858,1,3.1973562235150315,-3.5397772380815726
ISO,19859,1,-4.83622861511263,4.512464356360313
ISO,19860,1,10.83965553340413,-11.179723157981519
ISO,19863,1,-3.1706050234785472,2.985460204589285
ISO,19864,1,2.59408469012652,-2.814389122409023
ISO,19865,1,-10.083565569974231,9.781436264506842
ISO,19866,1,-6.39642829734602,6.150411824371175
ISO,19867,1,-0.765868907873064,0.4860994438098397
ISO,19870,1,4.41191454210718,-4.804084723627815
ISO,19871,1,4.263065647217375,-4.638666144769567
ISO,19872,1,-1.2480890491479415,0.9535547602634525
ISO,19873,1,0.8611150450346821,-1.1107136088128227
ISO,19874,1,-4.675145950961756,4.27384586933414
ISO,19877,1,3.5599324064262032,-3.8345655718207037
ISO,19878,1,-4.24521238273387,3.9697728120779883
ISO,19879,1,6.175987211534628,-6.506917537671773
ISO,19880,1,1.2062829629106888,-1.561072069649141
ISO,19881,1,-4.446530881420827,4.274601219500254
ISO,19884,1,1.4496116480448653,-1.746207381660187
ISO,19885,1,2.6270664681190263,-2.951896943311493
ISO,19886,1,6.125643951185631,-6.544491400839353
ISO,19887,1,-1.2237559320157216,0.915892804464572
ISO,19888,1,-0.24705235055358152,-0.0031272449437565516
ISO,19891,1,1.6104643893045174,-1.9713527678601719
ISO,19892,1,6.4403810303681235,-6.7857097719428285
ISO,19893,1,-1.2977098230973765,0.8300666436028609
ISO,19894,1,10.530954398295597,-10.880095033133408
ISO,19895,1,-15.230503810036838,14.872980246420955
ISO,19898,1,1.9866112396130031,-2.2934237862713593
ISO,19899,1,-3.6803984457645886,3.333600005645434
ISO,19900,1,-3.989235707161513,3.7045444880955696
ISO,19901,1,5.844242454359686,-6.191597132181952
ISO,19902,1,-4.423003465815271,4.0582196748202035
ISO,19905,1,-3.7472363396320434,3.4156225042663713
ISO,19906,1,0.7295771602138975,-1.079075201034987
ISO,19907,1,5.945477815891081,-6.25798650529403
ISO,19908,1,0.27563398013670987,-0.6996862572700503
ISO,19909,1,7.630935059607311,-8.030199156905272
ISO,19912,1,-0.49984400469562984,0.17207744423952312
ISO,19913,1,-4.176012342422658,3.7861862194427167
ISO,19914,1,0.999879429095887,-1.4569671681111258
ISO,19915,1,17.448725839182668,-17.844950098942707
ISO,19916,1,3.315844732756268,-3.6339113737880524
ISO,19919,1,6.585285428184267,-6.905542470284406
ISO,19920,1,4.293481605489325,-4.593201089293115
ISO,19921,1,-1.2586790162558574,1.043520210058284
ISO,19922,1,1.600376224900741,-1.9312033514952112
ISO,19923,1,-4.2805855221480025,4.050291748259748
ISO,19926,1,-7.22745011691668,6.939216812154299
ISO,19927,1,-1.7698498552845823,1.4916809192870082
ISO,19928,1,6.634372960057535,-6.959587320844672
ISO,19929,1,-3.6253981749324535,3.431267081227904
ISO,19930,1,3.3405104260649088,-3.645928522162269
ISO,19933,1,-4.133451021354861,3.852263877044998
ISO,19934,1,-0.18084129875245777,-0.1901152115092017
ISO,19935,1,1.2773198553321303,-1.5635539965830438
ISO,19936,1,4.6008623977723655,-4.883774766582353
ISO,19937,1,-10.354993128630657,10.099314285948418
ISO,19940,1,-1.905327093933218,1.7815040496483607
ISO,19941,1,-6.485733921525754,6.273261065783715
ISO,19942,1,0.42100926375701,-0.6883167328091107
ISO,19943,1,2.3297331817690634,-2.5621255191026338
ISO,19944,1,-0.8450389117185355,0.5363488983053668
ISO,19947,1,3.9996982207369776,-4.349016842635389
ISO,19948,1,3.6185612714859694,-3.941286914427866
ISO,19949,1,-9.313712757105959,9.017569267213876
ISO,19950,1,-3.208009863705632,2.7993461868004625
ISO,19951,1,8.359631602441482,-8.660743951921592
ISO,19954,1,3.685326343305854,-3.952137300287278
ISO,19955,1,0.17322560826185046,-0.4298561390203376
ISO,19956,1,-2.9604074361798065,2.6750669604034427
ISO,19957,1,-9.315038432261527,9.02496327672205
ISO,19958,1,4.223169473438356,-4.569685943053807
ISO,19961,1,-3.580461203354632,3.2370116874453165
ISO,19962,1,1.8936501999534596,-2.1757582371904753
ISO,19963,1,0.7123178120862208,-1.0203471362316134
ISO,19964,1,-0.49892831563858797,0.20326709155642195
ISO,19965,1,-2.2709703592409527,1.9985901062585285
ISO,19968,1,0.8480190426419038,-1.1342701962763038
ISO,19969,1,-7.707718954192565,7.390691953505978
ISO,19970,1,2.0350155615420924,-2.274077595203424
ISO,19971,1,-3.0835029336683877,2.774766720034512
ISO,19972,1,-6.787871460817444,6.356210318635104
ISO,19975,1,0.7873846263055804,-1.0916878635250908
ISO,19976,1,1.390687342253712,-1.7627776010507077
ISO,19977,1,-5.3813789950538,5.042127364159943
ISO,19978,1,18.058755701420704,-18.422293813175525
ISO,19979,1,3.8624006135107916,-4.146923678962778
ISO,19982,1,-0.014650387365201554,-0.2783573599397621
ISO,19983,1,1.0557298083253144,-1.3420294173626965
ISO,19984,1,-2.1397318636891915,1.7867864016373527
ISO,19985,1,-2.303664442450021,2.067693692903293
ISO,19986,1,0.16398887370517012,-0.44311887150126916
ISO,19989,1,3.213323579776863,-3.516467313718073
ISO,19990,1,3.3836051423456217,-3.659536244677578
ISO,19991,1,1.099350488808112,-1.388653249020768
ISO,19992,1,-2.4257835371941914,2.1577411573937337
ISO,19993,1,-5.6767834026523145,5.378397941277688
ISO,19996,1,-1.15657331803605,0.9309004754924455
ISO,19997,1,4.005001211480778,-4.388713902401093
ISO,19998,1,-0.5278204889347065,0.24442693782885147
ISO,19999,1,1.0771598465668237,-1.3634481778802359
ISO,20000,1,-0.07857662840141062,-0.3143065136051065
ISO,20003,1,-5.634182850011665,5.334492272883382
ISO,20004,1,-7.405984921485279,7.174638262477536
ISO,20005,1,-4.091516555424292,3.813890326048605
ISO,20006,1,3.360184115121658,-3.730963051962664
ISO,20007,1,4.493700191691368,-4.821110041723523
ISO,20010,1,-3.869417204384929,3.575444387337644
ISO,20011,1,2.486826318774876,-2.797679608621727
ISO,20012,1,-0.9894297355718846,0.683814373233085
ISO,20013,1,2.6811618615160047,-2.9550992164601686
ISO,20014,1,1.5278660917292326,-1.8069283915884697
ISO,20017,1,-2.9624406483153316,2.686543963955334
ISO,20018,1,0.9927278712344793,-1.2970122762105394
ISO,20019,1,-14.358828553874465,14.013871711739345
ISO,20020,1,-2.0413233894114535,1.6855371777493307
ISO,20021,1,5.773892023643591,-6.065318750389008
ISO,20024,1,2.5505150273461816,-2.802107138551717
ISO,20025,1,4.17197112456197,-4.446442909072627
ISO,20026,1,2.195353426950924,-2.5034732061721114
ISO,20027,1,-14.565066808327693,14.26782054693325
ISO,20028,1,-3.155194564257708,2.864393221929815
ISO,20031,1,-0.7626527875744648,0.5073715197670893
ISO,20032,1,-0.043289433077825075,-0.24530678744039627
ISO,20033,1,-3.0862573997839404,2.978581607379792
ISO,20034,1,8.8805574598967,-9.101810837907207
ISO,20035,1,-1.3598254702470258,1.1327147445272876
ISO,20038,1,-13.302275173492879,13.082765682181115
ISO,20039,1,0.04447878419451321,-0.20621981762918695
ISO,20040,1,-1.9988137630796146,1.7296132562675435
ISO,20041,1,3.7877232872155604,-3.973966595744904
ISO,20042,1,-0.10050228843517892,-0.13597368435375567
ISO,20045,1,5.155357746897716,-5.381098644408287
ISO,20046,1,-1.6805232257514613,1.4333874572585976
ISO,20047,1,6.895139935164142,-7.166335212850049
ISO,20048,1,-1.2800941148758027,1.0356847373338813
ISO,20049,1,1.0767679585193972,-1.2644399338604777
ISO,20052,1,-13.08779559607627,12.909760627926962
ISO,20053,1,-1.1091286711186634,0.8916524610953874
ISO,20054,1,-2.8586057433577925,2.6059113130057248
ISO,20055,1,-3.5381119713360816,3.2294435332696834
ISO,20056,1,-0.3305488254365196,0.08340951669895165
ISO,20059,1,0.057577741923482556,-0.2495035483351929
ISO,20060,1,-1.4329674266639845,1.118892374244481
ISO,20061,1,3.30494957192482,-3.6193324087309717
ISO,20062,1,-4.502753239910731,4.190062042694705
ISO,20063,1,-0.36153767535157366,0.10558179899648139
ISO,20066,1,3.5824531893239855,-3.8303738252633615
ISO,20067,1,3.6434463800688883,-3.881385735501957
ISO,20068,1,3.9601715319270014,-4.152997899884494
ISO,20069,1,-9.455172102376858,9.221422483035033
ISO,20070,1,-1.5935042075758243,1.364223026629675
ISO,20073,1,-3.618202973930373,3.3105980452221653
ISO,20074,1,-0.800765622795701,0.5445206235010673
ISO,20075,1,-3.9241033514498462,3.5463316689997937
ISO,20076,1,-7.696477940418039,7.483500342620237
ISO,20077,1,10.373146478759708,-10.689762929847372
ISO,20080,1,-2.4922045635516823,2.2049187349001897
ISO,20081,1,-1.8662600060753514,1.4834374407265614
ISO,20083,1,4.518394113764242,-4.9502597399304795
ISO,20084,1,-4.930783969163791,4.571855199797899
ISO,20087,1,-5.263568611337355,4.984334202247837
ISO,20088,1,6.164978833378689,-6.511082908235035
ISO,20090,1,3.9508374289954276,-4.225201139342331
ISO,20091,1,-5.846204626471185,5.516840985543236
ISO,20094,1,-3.2174319149260753,2.9939991430562065
ISO,20095,1,-0.5029514430595252,0.18106251950140567
ISO,20096,1,7.03938686409923,-7.421443138948581
ISO,20097,1,-0.7218971118016001,0.4532842329917024
ISO,20098,1,4.472809381197464,-4.788629990637707
ISO,20101,1,-4.147633068164895,3.9170488809145843
ISO,20102,1,0.8355307372036841,-1.136622894754576
ISO,20103,1,-3.6468676107437163,3.3068333346837075
ISO,20104,1,3.666367391825599,-3.9497581081019737
ISO,20105,1,2.3712179523117434,-2.698282497458201
ISO,20108,1,-0.6837560627468754,0.4102536376481128
ISO,20109,1,4.255905277154472,-4.495674588543451
ISO,20110,1,0.8641163543809727,-1.1373547273077802
ISO,20111,1,-1.9977392138990282,1.730929302192967
ISO,20112,1,-0.3805391475506581,0.090604558940658
ISO,20115,1,-7.978624062784789,7.7644328127771445
ISO,20116,1,5.030062538656371,-5.358824796084895
ISO,20117,1,-2.4170189117526792,2.018335379917208
ISO,20118,1,7.678934165703538,-8.037972583737606
ISO,20119,1,3.2239939727681155,-3.5147713322060525
ISO,20122,1,4.470351019286336,-4.700336923815532
ISO,20123,1,6.180703159486344,-6.431441624374229
ISO,20124,1,3.338861484425013,-3.575032058035977
ISO,20125,1,-4.047040971101986,3.840031202759171
ISO,20126,1,4.721179256683075,-5.0272524661925075
ISO,20129,1,1.2380055015116154,-1.4732559531052647
ISO,20130,1,0.13332553175437914,-0.31109290742688467
ISO,20131,1,3.620423727345993,-3.8211402195065483
ISO,20132,1,0.566259306359859,-0.8098116961920873
ISO,20133,1,-9.988216141976475,9.717899061002825
ISO,20136,1,-0.5814286312738084,0.36608469376496694
ISO,20137,1,4.551951313026654,-4.845388948032403
ISO,20138,1,-2.6181647364053227,2.3765809083633083
ISO,20139,1,-3.5771798344997534,3.304632799490246
ISO,20140,1,-0.03559958100410755,-0.18347476363652362
ISO,20143,1,-3.2256454145738904,3.003951571647854
ISO,20144,1,-11.399274046004232,11.124261403157325
ISO,20145,1,-0.15764882864872157,-0.10509921909918755
ISO,20146,1,-2.5542546130745043,2.384536698584502
ISO,20147,1,-3.5180228187009495,3.2844611377913444
ISO,20150,1,4.1559879971784595,-4.406348719900048
ISO,20151,1,-3.7708159507507046,3.5616167301820103
ISO,20152,1,0.8408721882663642,-1.0465901548147056
ISO,20153,1,1.8560552292013177,-2.0324025193867223
ISO,20154,1,-1.3021648561962118,1.0206156980997476
ISO,20157,1,0.04478198748276624,-0.21538003503605802
ISO,20158,1,1.0548084019241082,-1.3551097263153096
ISO,20159,1,4.297892571191605,-4.566931229795153
ISO,20160,1,10.90414434351218,-11.183827430232592
ISO,20161,1,-2.2194770777650876,2.038664281205815
ISO,20164,1,-0.23302787951055998,-0.03714937209590062
ISO,20165,1,1.2381274689552195,-1.4587292451610558
ISO,20166,1,-2.320777779183837,2.0793444601530076
ISO,20167,1,1.4675025873733294,-1.6671628033424986
ISO,20168,1,-7.319718014967546,7.073159092358114
ISO,20171,1,-3.626600711113927,3.3596935750613905
ISO,20172,1,-0.09278963344227092,-0.1821426137941985
ISO,20173,1,-4.207785726447307,3.9284306574715537
ISO,20174,1,-0.7598735206012015,0.5572405817742083
ISO,20175,1,1.916647364207133,-2.144480631869196
ISO,20178,1,0.9734223044805494,-1.1441981473718728
ISO,20179,1,-0.9422157760037578,0.7551754234471856
ISO,20180,1,2.029942253130514,-2.193317887185281
ISO,20181,1,3.86577856452998,-3.960673405021664
ISO,20182,1,-8.215203115603535,8.124839269976107
ISO,20185,1,-3.309499739357213,3.2266846066864048
ISO,20186,1,-0.5920975031935634,0.4440731273951599
ISO,20187,1,3.82818572772003,-3.943797225725918
ISO,20188,1,4.920507388994125,-5.0360800816305105
ISO,20189,1,1.7088426765735742,-1.790654414530417
ISO,20192,1,-0.6869723159776346,0.5715147838805563
ISO,20193,1,0.4864992395061909,-0.6820768232272404
ISO,20194,1,0.5746097798936959,-0.6921769982862697
ISO,20195,1,-6.560293807379251,6.417290127654364
ISO,20199,1,4.541864644294183,-4.704801492519981
ISO,20200,1,-2.420317154484304,2.3355053400477095
ISO,20201,1,-4.023402678048804,3.9481109320268377
ISO,20202,1,-0.32300828144567734,0.21710392687332256
ISO,20203,1,-2.836479624346592,2.7249170039199817
ISO,20206,1,6.15455919936612,-6.282412935006028
ISO,20207,1,0.12551519219522667,-0.26896112613264717
ISO,20208,1,5.660069180620096,-5.782020576916784
ISO,20209,1,-0.6960988993312762,0.5625547459823498
ISO,20210,1,0.6061505011773792,-0.7699749609550421
ISO,20213,1,-0.0897445592302378,-0.03621271688236058
ISO,20214,1,0.38461025286586886,-0.5195612187837003
ISO,20215,1,-0.8027605622910082,0.6944623414085824
ISO,20216,1,1.914889470131372,-2.0204657331296567
ISO,20217,1,2.339310206651957,-2.479179277303791
ISO,20220,1,3.119310421274948,-3.2043342146998186
ISO,20221,1,-2.1946641074628417,2.022870439559686
ISO,20222,1,-10.371202712642837,10.21851662191567
ISO,20223,1,3.730139507240706,-3.842281995244935
ISO,20224,1,-0.3658047509433015,0.27140352489341174
ISO,20227,1,-1.4169145618957568,1.2790153344606492
ISO,20228,1,9.465717363211331,-9.628079582134337
ISO,20229,1,-1.3430727502149795,1.2028040556755517
ISO,20230,1,1.1385078373482331,-1.2615897657102015
ISO,20231,1,6.568061476218079,-6.741877195072674
ISO,20234,1,1.278956368757298,-1.4720063866829347
ISO,20235,1,0.9156944704515304,-1.0404909911263562
ISO,20236,1,-2.461708576376156,2.287273956260926
ISO,20237,1,2.5129642940524373,-2.664347685260412
ISO,20238,1,-2.6524295993079945,2.4883194926222743
ISO,20241,1,5.4760606200671695,-5.638856922410303
ISO,20242,1,-2.213485056247758,2.027673089301463
ISO,20243,1,5.622054266148736,-5.795107110047117
ISO,20244,1,-6.702103791326411,6.535332934932597
ISO,20245,1,-8.519032532985989,8.325528102935198
ISO,20248,1,1.4933752752366876,-1.6958668379806547
ISO,20249,1,-1.8680987982827038,1.6724863586719552
ISO,20250,1,1.6422929370506076,-1.8227646883748545
ISO,20251,1,0.14207395689699895,-0.2683619185831947
ISO,20252,1,1.840132624129613,-1.966169105234382
ISO,20255,1,-4.946159262840484,4.784783756711923
ISO,20256,1,-2.626075807119288,2.4701099091463496
ISO,20257,1,1.73669446064837,-1.9374683867348823
ISO,20258,1,-2.1466629451015495,1.9866135176941633
ISO,20259,1,3.589321886206371,-3.8015508225674233
ISO,20262,1,4.333426751801814,-4.5249594259146
ISO,20263,1,-4.332781646141135,4.170124428078589
ISO,20264,1,-0.37896732172020603,0.15604536776714964
ISO,20265,1,-7.5405901061537035,7.300156782721143
ISO,20266,1,-2.6537857875013446,2.4991587933279225
ISO,20269,1,0.9234504910189132,-1.1133631884006967
ISO,20270,1,-0.9591801905352711,0.7287465111273869
ISO,20271,1,-0.5349432108777274,0.2958624462396807
ISO,20272,1,-7.532426936580872,7.323555479067363
ISO,20273,1,-1.2378121332235397,0.9871160049757457
ISO,20276,1,3.2278914343057044,-3.3949233325880157
ISO,20277,1,-8.265128936856492,8.033531628643347
ISO,20278,1,4.468701347108544,-4.685497046179906
ISO,20279,1,-3.228123875291846,2.988337515010184
ISO,20280,1,4.095792057564195,-4.304361990476437
ISO,20283,1,-8.031880643834366,7.81220527579787
ISO,20284,1,-4.097954893467929,3.8595284269388843
ISO,20285,1,1.0975321370391995,-1.40561133340108
ISO,20286,1,2.205183168846443,-2.4164582029874193
ISO,20287,1,0.9715775594694479,-1.2306649086612926
ISO,20290,1,12.275757302207335,-12.564938864096787
ISO,20291,1,16.04486203472631,-16.375428339845573
ISO,20292,1,-2.7330446077172046,2.5011850439660037
ISO,20293,1,2.3396329426363796,-2.5511251860385387
ISO,20294,1,-3.590608737485076,3.3502332571513507
ISO,20297,1,-8.761914229921203,8.51656836419012
ISO,20298,1,1.689110739985066,-1.9022477418759336
ISO,20299,1,-8.198915438189829,7.954171693766253
ISO,20300,1,-0.16510426552107174,-0.00643263372152321
ISO,20301,1,13.124009893371404,-13.347492394748523
ISO,20304,1,4.098623774777137,-4.327118479991193
ISO,20305,1,9.20117704744608,-9.433163862383262
ISO,20306,1,4.375202416196412,-4.603077542039978
ISO,20307,1,2.8918934764020956,-3.0516665966453043
ISO,20308,1,1.124341344603295,-1.2959965117183063
ISO,20311,1,-2.4761164339944455,2.315068210645208
ISO,20312,1,-1.966029803375676,1.7669381777173796
ISO,20313,1,-0.8826417133115305,0.6640307626461619
ISO,20314,1,-3.385343545848966,3.2025989549799267
ISO,20315,1,1.1082378577759209,-1.3355687003966121
ISO,20318,1,-4.005702289543579,3.747269883766573
ISO,20319,1,-7.207915596998531,6.8938452006151545
ISO,20320,1,8.157370128793202,-8.482364954641534
ISO,20321,1,4.812254756299386,-5.067377606202597
ISO,20322,1,17.128266307506244,-17.450908479533673
ISO,20325,1,3.5085523779109806,-3.8638488212437307
ISO,20326,1,1.7964388775664915,-2.007164845609474
ISO,20327,1,3.8196758233474353,-4.11548808459409
ISO,20328,1,5.637245221634547,-5.941961179560743
ISO,20329,1,15.452698752857508,-15.804997385011566
ISO,20332,1,1.0230168592073374,-1.1978915359949194
ISO,20333,1,5.498643687056455,-5.6730653741954375
ISO,20334,1,4.058038770873147,-4.237697377220604
ISO,20335,1,0.9174916898744361,-1.0767093367073026
ISO,20336,1,11.637588815861065,-11.883561630991547
ISO,20339,1,5.248664946820672,-5.428490726583265
ISO,20340,1,-1.5651279383005772,1.3849693266976377
ISO,20341,1,-2.0765367592076256,1.8699161861521485
ISO,20342,1,1.7827453188429303,-1.977049985746798
ISO,20343,1,-0.9017632061876101,0.683814395024432
ISO,20376,1,-0.22148236942497515,0.16795188738872505
ISO,20377,1,2.674311053253066,-2.7813370083607403
ISO,20378,1,-5.59427724669686,5.537747983120283
ISO,20381,1,8.343025596114058,-8.429425861187086
ISO,20382,1,-8.291622886909192,8.234141965682783
ISO,20383,1,-0.8804414718811534,0.8458295221266116
ISO,20384,1,3.313033266787739,-3.38106269731726
ISO,20385,1,5.552277196766701,-5.623643227573471
ISO,20388,1,-2.8288569990224013,2.763317306024488
ISO,20389,1,3.40972116226874,-3.4762847769543175
ISO,20390,1,-2.7256979320511636,2.6348791754647016
ISO,20391,1,2.364644052603517,-2.4347855150463342
ISO,20392,1,0.2263650308520434,-0.3292582266938898
ISO,20395,1,0.05853634932582355,-0.1626009703495309
ISO,20396,1,-6.197814852198391,6.070777909288867
ISO,20397,1,1.5613940092633183,-1.6747438465964077
ISO,20398,1,-7.188076916788802,7.037777347174818
ISO,20399,1,-2.0666903521974365,1.9307238816581287
ISO,20402,1,-0.1795746145512466,0.04531322049424893
ISO,20403,1,-6.809532441428612,6.6613783496923356
ISO,20404,1,8.326696464439836,-8.447834074397134
ISO,20405,1,-3.4971380136672052,3.3983488042415786
ISO,20406,1,-3.5701295008277714,3.497399589937469
ISO,20409,1,-1.6133212799404801,1.5251616471568459
ISO,20410,1,1.5979923103354692,-1.6944748649217645
ISO,20411,1,-2.2075857579766653,2.1011319540959317
ISO,20412,1,0.8989811514920624,-0.9763128634483665
ISO,20413,1,3.345792109008051,-3.427571323404825
ISO,20416,1,3.291863290002049,-3.414123765025337
ISO,20417,1,-1.4865690244915113,1.3798136187829626
ISO,20418,1,-1.11788201343627,0.9855882840355213
ISO,20419,1,0.01945008301704298,-0.19233970983562218
ISO,20420,1,3.6639875359133227,-3.7568642795359666
ISO,20423,1,-3.1381092581020176,3.025732919405435
ISO,20424,1,-5.0208683392526465,4.909633371891747
ISO,20425,1,1.3365374471679201,-1.4828069352300903
ISO,20426,1,1.411250498588691,-1.545336056649379
ISO,20427,1,4.486940690772223,-4.670549516993082
ISO,20430,1,-4.76812665194331,4.62197717602168
ISO,20431,1,1.8196808241018412,-1.9789526686621781
ISO,20432,1,-0.9614004361241129,0.7724273774264597
ISO,20433,1,8.347642535422889,-8.497611410975061
ISO,20434,1,-6.827391613033933,6.7102334557961125
ISO,20437,1,-5.169263261063159,5.003846836709135
ISO,20438,1,6.827966543034876,-6.961913900426439
ISO,20439,1,2.4942045504393437,-2.639216442906749
ISO,20440,1,2.9879887841410437,-3.1818566695678827
ISO,20441,1,4.5421996682710635,-4.722445686853245
ISO,20444,1,4.3893641853270084,-4.5550787369202865
ISO,20445,1,-6.46630856517226,6.321202061605982
ISO,20446,1,-4.8487355099864535,4.732737052809744
ISO,20448,1,5.651090196391433,-5.774510129700553
ISO,20451,1,-10.479112461392296,10.410233240546729
ISO,20452,1,-2.2926838682004798,2.1980914445511552
ISO,20453,1,2.462986852077132,-2.5383651796081836
ISO,20455,1,-9.81368374959203,9.678439184567505
ISO,20458,1,3.664323826949071,-3.7654783839386927
ISO,20459,1,2.13368320481103,-2.250999119852188
ISO,20460,1,-0.25188351971695694,0.14177050563305885
ISO,20461,1,4.535284061744185,-4.652135180887349
ISO,20462,1,6.800931953637474,-6.950361933393311
ISO,20465,1,4.662620706365773,-4.767163771530925
ISO,20476,1,3.5530447843837005,-3.6291474839153457
ISO,20479,1,-0.09865656419885782,0.018120593424274026
ISO,20480,1,1.3728070920796251,-1.4525634953957978
ISO,20481,1,1.1665327104383731,-1.2241037263761099
ISO,20482,1,-15.509258648028206,15.472805943857974
ISO,20483,1,-1.822427120330929,1.8054367730955863
MT,19150,0,0.10168964135361183,-0.4985272661481594
MT,19151,0,4.990489562406741,-5.470056126962336
MT,19152,0,-4.128975152590891,3.65506121829064
MT,19153,0,8.482072226500588,-9.014782053883263
MT,19156,0,-11.818487916200985,11.515304003006795
MT,19157,0,-4.08469296988596,3.789875721969253
MT,19158,0,-2.241642227373405,1.9294357890205656
MT,19159,0,3.433045272456397,-3.65597029014837
MT,19160,0,-2.3406271467922166,1.983688199511665
MT,19163,0,-0.5158919930138288,0.1355108000082216
MT,19164,0,2.9266629080794693,-3.3253908247115547
MT,19165,0,2.731342913314645,-3.0099092481759073
MT,19166,0,5.086891203349198,-5.4543415837265705
MT,19167,0,0.39688633194915607,-0.76608291980884
MT,19170,0,-5.859858120571183,5.486023471730919
MT,19171,0,-1.4680445065102588,0.9807268280006275
MT,19172,0,-4.212908590004188,3.866202811585982
MT,19173,0,-0.9170335782815194,0.48901323836011956
MT,19174,0,4.425819027777185,-4.763861344200876
MT,19177,0,3.1469992411973253,-3.6072550717197767
MT,19178,0,-17.839107769010003,17.418919151202676
MT,19179,0,-7.476508140092797,7.141951337761765
MT,19180,0,-0.57431134575927,0.20497929060862918
MT,19181,0,2.3975856775031588,-2.691948559946756
MT,19184,0,2.101730263926122,-2.538907645918025
MT,19185,0,-1.7717190539057652,1.4587636016812915
MT,19186,0,6.542505610488854,-6.977584952832259
MT,19187,0,-1.571147598719819,1.267837251476621
MT,19188,0,-1.3372425958911882,0.9565329600502609
MT,19191,0,-0.5842265750139509,0.24725378481125895
MT,19192,0,-2.5760825841579775,2.109506612383842
MT,19193,0,0.29002104016321656,-0.6949369775638988
MT,19194,0,11.976219598714973,-12.311687934813431
MT,19195,0,3.604363264188257,-3.970474311845782
MT,19198,0,-6.7449039070068455,6.399144383387377
MT,19199,0,0.10907713256725139,-0.5475781680131355
MT,19200,0,-1.8840485885352454,1.4460250864055673
MT,19201,0,6.278102082613672,-6.623289825987619
MT,19202,0,-0.08099808643310485,-0.24299425929938823
MT,19205,0,-1.5543743262199647,1.191414763763471
MT,19206,0,1.3344438642031575,-1.7226457156077317
MT,19207,0,-2.896450410314044,2.5300430212800076
MT,19208,0,1.9762575725273785,-2.3955113667522214
MT,19209,0,-4.224760091623703,3.784738209928743
MT,19212,0,4.0513860110705675,-4.501352526252649
MT,19213,0,-0.19937235941347659,-0.16813429388316511
MT,19214,0,6.939204516443195,-7.456091258822572
MT,19215,0,0.771141992547025,-1.2385007759088484
MT,19216,0,2.573477330335564,-3.0133879850937872
MT,19219,0,0.12934291125819983,-0.4962731559625873
MT,19220,0,-1.157341335619569,0.7177055006264077
MT,19221,0,-3.7902044752279824,3.3131491605359695
MT,19222,0,-5.210307148358412,4.700242816654207
MT,19223,0,-2.052594270740935,1.5895160370712318
MT,19226,0,1.2054690977525824,-1.59339157490547
MT,19227,0,6.1700399121454685,-6.568235453426233
MT,19228,0,3.9753020052849397,-4.3957464267851885
MT,19229,0,-4.0415031891133175,3.580933025111807
MT,19230,0,-3.53222139381213,3.04669267988607
MT,19233,0,4.416718424830721,-4.809490183375019
MT,19234,0,-5.19126955265068,4.800360700794451
MT,19235,0,4.2825703954591265,-4.65720749949054
MT,19236,0,-4.812520504227684,4.435252850785045
MT,19237,0,8.241069309973023,-8.824507845192361
MT,19240,0,-2.0368747412712405,1.5445787312962966
MT,19241,0,-5.6732585477809625,5.194654009320061
MT,19242,0,4.252103456418505,-4.655911951804875
MT,19243,0,-8.022896424680555,7.62463896999301
MT,19244,0,-5.9703674628344094,5.595785550022278
MT,19247,0,1.22519068954356,-1.6181949203514374
MT,19248,0,-12.609023706477867,12.164143272272067
MT,19249,0,1.2233923505297442,-1.648365811417198
MT,19250,0,-9.088883124340564,8.692767058777674
MT,19251,0,3.89036832223098,-4.184175049105785
MT,19254,0,2.9377384882187547,-3.2959992794649424
MT,19255,0,-1.9063728589892914,1.4873898130575802
MT,19256,0,-3.554604360681894,3.130806523342767
MT,19257,0,0.6123503104276786,-0.8371691485837841
MT,19258,0,-0.07946919811328028,-0.1443876979804555
MT,19261,0,1.3053355180245145,-1.5512192982033637
MT,19262,0,-0.5319576961060298,0.18227309718670254
MT,19263,0,6.131744714057437,-6.361904511891899
MT,19264,0,1.0837445906424608,-1.386889930682311
MT,19265,0,2.5757485014722734,-2.87687356375166
MT,19268,0,9.004349452881167,-9.344136224688004
MT,19269,0,4.93032620732459,-5.2067866380990795
MT,19270,0,-1.8755031695844415,1.6209387760202107
MT,19271,0,-0.6188134189496879,0.29312214581829854
MT,19272,0,-3.254812680480556,2.9035581081907416
MT,19275,0,-4.8062942089414715,4.490868830175828
MT,19276,0,0.783537586463453,-1.0908072282138184
MT,19277,0,0.11707969354976948,-0.4539996749880961
MT,19278,0,-15.26874188066641,14.789966609058482
MT,19279,0,-2.491811736500346,2.2110442168946745
MT,19282,0,1.9724726720120438,-2.3341454058212725
MT,19283,0,0.3598534496436204,-0.6949905389508282
MT,19284,0,0.13995621310848455,-0.4702363620370298
MT,19285,0,2.583356315795111,-2.909280468552735
MT,19286,0,6.027075672138811,-6.378534272453053
MT,19289,0,-0.4944407774928639,0.18298202001707312
MT,19290,0,6.696560998049934,-7.096057552743445
MT,19291,0,-1.0941139491506604,0.7438573827958979
MT,19292,0,0.5145267189007059,-0.9061740786728809
MT,19293,0,-2.8837791775610984,2.523925279253675
MT,19296,0,0.3475684864288883,-0.7753450851106269
MT,19297,0,-2.7679905692387607,2.401914778960869
MT,19298,0,-3.7016811742627334,3.2255807016887603
MT,19299,0,3.9227715793109224,-4.255174636555788
MT,19300,0,8.875718425613053,-9.180608061943097
MT,19303,0,0.7466152859480643,-1.1322138842427218
MT,19304,0,22.30872040229688,-22.754794443683508
MT,19305,0,1.0871163559541555,-1.4618225536117697
MT,19306,0,20.16145331588257,-20.535671144998048
MT,19307,0,1.2505696885460675,-1.5032738438471074
MT,19310,0,5.91938375417645,-6.23913439586053
MT,19311,0,-2.595451720098325,2.257831984150575
MT,19312,0,-1.9780832003411695,1.6083480227072957
MT,19313,0,-2.666387623767372,2.2954764606628935
MT,19314,0,-1.6494390325519608,1.2613357307750288
MT,19317,0,-2.0620215268069284,1.6267663232592773
MT,19318,0,-3.8376324236921047,3.3934620042832924
MT,19319,0,1.8765429338236945,-2.305467032983385
MT,19320,0,-1.1591494009291798,0.6710864952747885
MT,19321,0,-0.6684810299209825,0.18712655293018152
MT,19324,0,-6.386945561266785,6.01319408375867
MT,19325,0,-1.3021464456526992,0.8904005339838423
MT,19326,0,-5.545855671731979,5.102187217993427
MT,19327,0,7.33927339896923,-7.715164482143069
MT,19328,0,-8.330597708555468,7.825330220546036
MT,19331,0,-8.302504092065718,7.899004713312749
MT,19332,0,-3.3207508021403487,2.935233367557228
MT,19333,0,4.570365364754336,-4.998853855531727
MT,19334,0,3.524295109910928,-3.984987281141116
MT,19335,0,-1.9648742314014727,1.5747279456925805
MT,19338,0,-6.384484650176995,5.865420857479681
MT,19339,0,13.671869933586501,-14.168802961613267
MT,19340,0,2.7645041050840744,-3.216774715322782
MT,19341,0,-0.1178737929061897,-0.17681068935921754
MT,19342,0,2.381931797853031,-2.757779024338715
MT,19345,0,-5.7160368365347685,5.213141260902103
MT,19346,0,3.1771327189166856,-3.529169585278651
MT,19347,0,2.2438143779768827,-2.7356093101362053
MT,19348,0,-13.203272643471951,12.695136880024727
MT,19349,0,1.5021947695690625,-2.019524005752943
MT,19353,0,11.108868409380442,-11.723892265955131
MT,19354,0,-2.7999536388597335,2.3947505073315467
MT,19355,0,3.8805127312864443,-4.360551417698873
MT,19356,0,-0.5513986438775763,0.06558486072554712
MT,19360,0,-0.12395163481355105,-0.1569585857270948
MT,19361,0,-1.1178543338708502,0.7923052013274623
MT,19362,0,-8.147339205774948,7.817820936582836
MT,19363,0,12.03886596247592,-12.420597740913523
MT,19366,0,0.5959946172223392,-0.9705395455631645
MT,19367,0,0.10415558873075986,-0.5066892649849608
MT,19368,0,-5.7441680857904105,5.342723648939505
MT,19369,0,2.412928205326934,-2.9811774147062495
MT,19370,0,5.833451603377783,-6.177862030145473
MT,19373,0,-0.450177183496642,0.054417022180908804
MT,19374,0,-0.9855392863758912,0.6046545380180722
MT,19375,0,-1.689192249974624,1.3209759557022474
MT,19376,0,4.501928047461878,-4.880241328761202
MT,19377,0,-0.5154684446500835,0.17096154764077992
MT,19380,0,-1.4249507095895146,1.0440751440460523
MT,19381,0,-1.3672449167952978,0.9484869024628926
MT,19382,0,2.754087807896431,-3.085905616076726
MT,19383,0,-5.707152610718139,5.345568537812897
MT,19384,0,-3.4735065201690687,3.043350913956192
MT,19387,0,0.7957927521239793,-1.1189573215144082
MT,19388,0,10.28996829983499,-10.632967243162822
MT,19389,0,1.5689836222925975,-2.035595851970668
MT,19390,0,-12.849784170131635,12.495551663718633
MT,19391,0,-17.945178960262307,17.60189480989861
MT,19394,0,-2.5413897545301523,2.201404503087987
MT,19395,0,4.318866501146198,-4.6175174822955585
MT,19396,0,-2.69912861095965,2.378614600455312
MT,19397,0,-4.046429434268811,3.6624266409811406
MT,19398,0,-1.902524671547263,1.6092646065688772
MT,19401,0,-3.191430022954105,2.8408678894427397
MT,19402,0,-2.6017935664132588,2.2120117587109016
MT,19403,0,-0.4639121163446679,0.15203842468437742
MT,19404,0,-1.5878390554307393,1.1822607526387205
MT,19405,0,4.165428282773068,-4.5104984522064795
MT,19408,0,-1.2716541914882533,0.7834951928363255
MT,19409,0,2.194962975149773,-2.5866583532715426
MT,19410,0,-1.5220959528172833,1.154217776909792
MT,19411,0,-1.920306159107837,1.4672702029632554
MT,19412,0,-4.225701118328088,3.8462891211718055
MT,19415,0,2.0752085992983256,-2.549541993423645
MT,19416,0,7.881112256255009,-8.312569849152016
MT,19417,0,2.911585135355017,-3.2785723904809148
MT,19418,0,-0.24155843869369203,-0.16960486121052032
MT,19419,0,-2.5596706346958427,2.079094125013462
MT,19422,0,1.2436260520780815,-1.7219437644158009
MT,19423,0,-16.48472119108565,15.947759588770163
MT,19424,0,3.602549665337756,-4.1543474314243305
MT,19425,0,6.823212265441908,-7.390631164854958
MT,19426,0,14.044527094346318,-14.450145205374369
MT,19429,0,6.70683296645586,-6.913443400941773
MT,19430,0,1.28326328191838,-1.5757449416148703
MT,19431,0,4.080853118480808,-4.293259266482411
MT,19432,0,-0.17357363156095806,-0.09869873167184935
MT,19433,0,13.833292515916673,-14.187606212937013
MT,19436,0,-1.7857246063591514,1.6479637881250802
MT,19437,0,-5.502089495661854,5.2259494958795765
MT,19438,0,2.8578997633041494,-3.158336006489869
MT,19439,0,0.32244086651684367,-0.5848545930819148
MT,19440,0,0.07686244881257212,-0.3046030378867985
MT,19443,0,1.2320860308922175,-1.4754610493400604
MT,19444,0,5.128239582156817,-5.470607241818458
MT,19445,0,0.45301252169878475,-0.830522956447722
MT,19446,0,1.439605989976632,-1.8584004597880366
MT,19447,0,-0.845477698539165,0.4798657207925081
MT,19450,0,5.3642977874331175,-5.691139998396294
MT,19451,0,17.048973548255148,-17.455385313410215
MT,19452,0,-2.105065020769914,1.6820426604041838
MT,19453,0,-4.634518377461863,4.215104949637251
MT,19457,0,-8.6923028647557,8.22117533821068
MT,19458,0,-1.1511623200298544,0.7669612954058009
MT,19459,0,-1.1256769102647795,0.7272072075162075
MT,19460,0,3.5991464722959767,-4.005829689504561
MT,19461,0,-14.676789034779192,14.384050965322878
MT,19464,0,-10.01692862270196,9.664483581660418
MT,19465,0,2.512998903033413,-2.896662857694996
MT,19466,0,5.867008877227965,-6.1090721625184425
MT,19467,0,-0.15322829312557104,-0.16108615431149043
MT,19468,0,-3.351998561249208,3.07344876910219
MT,19471,0,-0.742123896445712,0.34894567316318953
MT,19472,0,1.279140962484574,-1.5949782371721355
MT,19473,0,-0.5955891303793359,0.1701683229655349
MT,19474,0,-9.182839758857659,8.766856077822206
MT,19475,0,4.525122423108422,-4.947045259761887
MT,19478,0,-2.452611275447673,2.036914449100604
MT,19479,0,10.187761607362104,-10.599388338972693
MT,19480,0,2.965241377804738,-3.518200142896524
MT,19481,0,5.192180969524537,-5.470265241842916
MT,19482,0,-15.383749620132093,14.956408403558406
MT,19485,0,0.2647819243137895,-0.757399457920923
MT,19486,0,-2.9507106009499466,2.497626439575689
MT,19487,0,-1.5888886616384872,1.0942929692996726
MT,19488,0,-3.1932283839145557,2.882451898862042
MT,19489,0,2.053267321410382,-2.397558634998386
MT,19492,0,0.07521445751996203,-0.5416607057057863
MT,19493,0,-3.398465320026927,2.8921762593152827
MT,19494,0,-3.2954003994282703,2.8185835574057427
MT,19495,0,-12.600684102715116,12.143080612671442
MT,19496,0,-3.6770992311204704,3.285918461852341
MT,19499,0,-2.637363225039939,2.231615036572252
MT,19500,0,4.6096023898472005,-4.97726758544818
MT,19501,0,-3.491758777942115,3.1222116126618213
MT,19502,0,-9.617802822938076,9.169707647447398
MT,19503,0,-6.739494216016709,6.280244184260882
MT,19506,0,0.8413058952761475,-1.4526089981107817
MT,19507,0,0.9259534628388937,-1.2187450716416985
MT,19508,0,5.7941081817107545,-6.171574512766828
MT,19509,0,4.82116602269564,-5.239035233763523
MT,19510,0,-8.548095257676756,8.061405612374545
MT,19513,0,6.5797399194097705,-6.966215098229728
MT,19514,0,-2.1293056050761723,1.6810307408496206
MT,19515,0,-2.995424825361621,2.5532956998469887
MT,19516,0,11.89063918447301,-12.3636631202054
MT,19517,0,-0.4349729054807298,-0.11737364116145084
MT,19520,0,-6.312854278659161,5.818697387961768
MT,19521,0,-9.355436665981879,8.812423582271112
MT,19522,0,6.3030590598056415,-6.820764116052507
MT,19523,0,8.391877922841319,-8.747277728996588
MT,19524,0,-3.111443845946668,2.6278310468875454
MT,19527,0,1.6995861313805634,-2.2456379004987945
MT,19528,0,-9.836317366589949,9.370417195289065
MT,19529,0,-1.5233385459981457,1.073644510279127
MT,19530,0,-7.286133751225184,6.864360451588417
MT,19531,0,5.32476809695734,-5.802861753249808
MT,19534,0,-5.440847967791852,4.952824829072995
MT,19535,0,-4.705045235217702,4.1424090336968975
MT,19536,0,-0.15992779011530592,-0.29700875307147534
MT,19537,0,0.43456371383359693,-0.9174122847597365
MT,19538,0,6.368611335236396,-6.94365524812456
MT,19541,0,10.143592441366343,-10.654186662287064
MT,19542,0,-0.888523946767629,0.22606434060350786
MT,19543,0,-3.8409347765321566,3.2300505178391545
MT,19544,0,-10.693548260316348,10.20208858270084
MT,19545,0,12.857158430974504,-13.46650243244249
MT,19548,0,-1.3400287045167327,0.7784661253583368
MT,19549,0,-1.9634642644600406,1.5376655624898488
MT,19550,0,19.398104224964566,-20.073408114432432
MT,19551,0,-0.019926448716117158,-0.5114455170491009
MT,19552,0,2.707909517582323,-3.279499917072022
MT,19555,0,-2.1735779534215114,1.6901577802946968
MT,19556,0,13.478095760367145,-14.035906241913636
MT,19557,0,-0.4872498464776069,5.5380370326418105e-14
MT,19558,0,-6.1133355082820025,5.6412176970429275
MT,19559,0,-2.4628312157612133,2.0220560541037416
MT,19562,0,-2.651934905739855,2.1719466875063946
MT,19563,0,1.178985011507883,-1.6156461268811841
MT,19564,0,-2.347247042601176,1.758595746651031
MT,19565,0,-17.909158569964585,17.463116203413993
MT,19566,0,3.4118467315531786,-3.8239677318917837
MT,19569,0,5.347878508585051,-5.8518011006778785
MT,19570,0,-6.527464263709786,6.0073475893105925
MT,19571,0,-9.766281679026108,9.313352673622004
MT,19572,0,0.10799037568220698,-0.5399518784112314
MT,19573,0,4.319602091328995,-4.920590208383478
MT,19576,0,-1.153253716429904,0.5872396224765831
MT,19577,0,-2.2676936377658237,1.8103820899431224
MT,19578,0,-6.594844250421661,5.957661231057258
MT,19579,0,-5.436811319289362,4.832469363553433
MT,19580,0,0.2698227802907349,-0.9661396326538402
MT,19583,0,-5.167063286461237,4.499591846259571
MT,19584,0,4.472626031883264,-5.089539967315434
MT,19585,0,-1.703032006327586,0.9544465090406714
MT,19586,0,-2.098072573550354,1.5291037400451646
MT,19587,0,-0.8345569671068157,0.1925900693322635
MT,19590,0,-1.554634689198744,1.0067458119481139
MT,19591,0,-4.797205094881014,4.267858325790689
MT,19592,0,8.171715683899368,-8.714236227228785
MT,19593,0,1.2821444206060244,-1.9156932386942367
MT,19594,0,-10.949916553431132,10.303092862761051
MT,19597,0,3.2157738457381893,-4.032478314497106
MT,19598,0,11.477760956666854,-12.159439409921005
MT,19599,0,7.727652298803618,-8.482490130188596
MT,19600,0,-1.7235430025730325,0.8508630012702665
MT,19601,0,-5.141214868337721,4.2412210183004975
MT,19604,0,-2.5159539053552487,1.723527478471666
MT,19605,0,-3.489931142540346,2.8150592754791366
MT,19606,0,-7.478607333323918,6.795629494664191
MT,19607,0,-2.0567823099152074,1.3533082406838648
MT,19608,0,-0.05158058499965525,-0.7737087749970802
MT,19611,0,-2.9079496286193116,2.2599385693169682
MT,19612,0,-3.5165520476264303,2.81147895537049
MT,19613,0,-0.3207914172929425,-0.4340119175143647
MT,19614,0,-0.9643803751258534,0.19823906420161802
MT,19615,0,9.620349380055632,-10.318108174619969
MT,19618,0,-0.34896289571669586,-0.3856958321083314
MT,19619,0,-0.8729215036188714,-0.022382602657029876
MT,19620,0,11.54153166240009,-12.382444716126882
MT,19621,0,-4.17308022369419,3.5556464935378522
MT,19622,0,2.8200204972448177,-3.5206467077404486
MT,19625,0,-6.212923096948033,5.61838500154631
MT,19626,0,-4.727464398382175,4.055591682321468
MT,19627,0,-8.450297345080473,7.813140146582418
MT,19628,0,-7.850139433953098,7.220869739848636
MT,19629,0,-8.297730892032574,7.738961134993334
MT,19632,0,-2.3212961482776855,1.9513684752453768
MT,19633,0,0.14640532543008408,-0.5647062552302292
MT,19634,0,-2.776438648405474,2.343465759765245
MT,19635,0,-2.729364853952493,2.1360246683106423
MT,19636,0,0.4025639061472718,-0.9989548782174948
MT,19639,0,1.0915177399946718,-1.628219763347907
MT,19640,0,-0.3495157943090861,-0.15248175586561108
MT,19641,0,-1.9729011511333803,1.4872639447005347
MT,19642,0,-6.863634368473996,6.291605251401472
MT,19643,0,16.303014671785665,-16.700685548311824
MT,19646,0,-0.09344817246980047,-0.2803445174094864
MT,19647,0,0.1375326066204695,-0.5776369478062121
MT,19648,0,0.6199601926145138,-1.026824962172802
MT,19649,0,-0.5534226570069899,0.12771292084780783
MT,19650,0,3.4280838330042545,-3.8058341176328185
MT,19653,0,-0.8134405712775478,0.4328835788669869
MT,19654,0,0.5537787023570275,-0.845049551722976
MT,19655,0,1.8724822886830041,-2.284356314238815
MT,19656,0,-3.916089874810713,3.5011949072768043
MT,19657,0,0.6115068149148161,-1.0687081718605584
MT,19660,0,1.038363432786432,-1.4241928550944627
MT,19661,0,-0.7577454722359305,0.2676918119378305
MT,19662,0,1.74042503236043,-2.212404702153067
MT,19663,0,-3.0349583839359404,2.5483919095574468
MT,19664,0,4.088296813170988,-4.659088689355409
MT,19667,0,-4.7899059442055245,4.240919589568782
MT,19668,0,-0.5386011332046283,0.08360545573504956
MT,19669,0,-5.919878633616931,5.416594584000189
MT,19670,0,8.289061765168617,-8.772529934615607
MT,19671,0,-3.9317963525548993,3.45303880582067
MT,19674,0,0.08222976452218667,-0.630428194670181
MT,19675,0,15.48428629789649,-16.170570455143977
MT,19676,0,-7.194186163906804,6.634708285893246
MT,19677,0,14.452063804306405,-15.063177026117554
MT,19678,0,-2.829609702589159,2.42681828585049
MT,19681,0,-1.0323539068488814,0.5946839940353839
MT,19682,0,8.56960132500449,-8.982594159944464
MT,19683,0,-3.292179802823199,2.862531541443337
MT,19684,0,-1.5402528530104393,0.9724176998268627
MT,19685,0,2.135717926020142,-2.770875673535391
MT,19688,0,-1.545481429587214,1.0699486820219257
MT,19689,0,12.193165933558767,-12.837497312569734
MT,19690,0,1.4000033388802016,-1.8444488432866017
MT,19691,0,0.17393001506277758,-0.6087550527196846
MT,19692,0,6.03009849656705,-6.436850503080848
MT,19695,0,-12.161305193018672,11.96181689786971
MT,19696,0,-3.0919376010409794,2.815254146809123
MT,19697,0,3.8583488262968144,-4.22148753936005
MT,19698,0,-1.9071348035977636,1.4980978484025498
MT,19699,0,-11.757740455590186,11.31840405369985
MT,19702,0,-6.640052445265186,6.269358659067544
MT,19703,0,-4.381761857629615,3.8901195734636
MT,19704,0,-0.9055485897960145,0.3880922527697205
MT,19705,0,2.016271364100434,-2.348852207663392
MT,19706,0,-3.507159936091568,3.1080521197511266
MT,19709,0,-0.1027185166615229,-0.3144125154664349
MT,19710,0,10.719639590473518,-11.29131559023212
MT,19711,0,-0.8184410059182392,0.3605719116982365
MT,19712,0,5.403082720164299,-6.020577888183069
MT,19713,0,-0.16380123277429115,-0.21060158499522533
MT,19717,0,-6.396834694126553,5.686075283668065
MT,19718,0,6.784064712589766,-7.3125215548557625
MT,19719,0,0.5950117619422345,-0.9424638857041276
MT,19720,0,-1.849619468161109,1.4114508052861463
MT,19724,0,-4.110806494784617,3.7883902991152407
MT,19725,0,-5.893584318661667,5.586626802064706
MT,19726,0,-0.15953722782314936,-0.23930584173491676
MT,19727,0,9.143417408578886,-9.622757770758641
MT,19730,0,5.328271068395863,-5.6383472198992255
MT,19731,0,-3.195510020710517,2.8064068218416467
MT,19732,0,-3.4491781670849915,3.022695549825637
MT,19733,0,-3.841616774996079,3.3052653927976876
MT,19734,0,3.305132831744481,-3.641533119962759
MT,19737,0,-0.3353889475120141,-0.15512505250561553
MT,19738,0,0.4220984698930313,-0.7891406176261274
MT,19739,0,-6.73787215530719,6.388533352698909
MT,19740,0,0.3140695448092893,-0.7399265547201834
MT,19741,0,-2.733517090584662,2.231954321670049
MT,19744,0,-1.1797219114162347,0.791814994386631
MT,19745,0,0.3783071405911361,-0.7519438226564389
MT,19746,0,-9.608658653635674,9.192924369000279
MT,19747,0,1.4516495236593856,-1.958775994806757
MT,19748,0,-4.573101215169847,4.03405878521025
MT,19751,0,-1.9403034561446668,1.4443792501013044
MT,19752,0,-1.3772834577759947,0.8648058920919037
MT,19753,0,11.230469648627208,-11.848377194631444
MT,19754,0,7.780741933125496,-8.124262548274524
MT,19755,0,-14.74311605669222,14.191971531208399
MT,19758,0,-5.698222629854351,5.2495436826217245
MT,19759,0,5.824304236840251,-6.331703059607556
MT,19760,0,3.0925753417798765,-3.747088641627498
MT,19761,0,1.1744986902198287,-1.5627627200445389
MT,19762,0,-8.020402395889036,7.342645776399101
MT,19765,0,-7.7624594257200465,7.059974409817784
MT,19766,0,-30.810520319520133,30.12220933779391
MT,19767,0,-2.864531924851197,2.3851123558384324
MT,19768,0,2.4129094960579853,-3.083162133851876
MT,19769,0,0.12487446855156958,-0.8759990914174244
MT,19772,0,-3.3390731628437944,2.657629660222609
MT,19773,0,0.18892075416296922,-0.7486859516827272
MT,19774,0,-3.7005298781650913,3.0397209713498854
MT,19775,0,-4.123158837282098,3.580637937639722
MT,19776,0,3.8319451069195356,-4.357769478366469
MT,19779,0,-1.465251088629642,0.9218107219612693
MT,19780,0,-3.749426375504342,3.1347663139462547
MT,19781,0,3.483525854232095,-4.142816292695713
MT,19782,0,14.07488314004133,-14.723495266310513
MT,19783,0,6.210153561865139,-6.581768705068984
MT,19786,0,18.348594863170973,-18.90335207747697
MT,19787,0,0.7231390297605668,-1.0614496869585575
MT,19788,0,3.8440180487359377,-4.226032264759373
MT,19789,0,-1.2046980948079773,0.8441449800132403
MT,19790,0,3.9458744669494417,-4.3155114193568815
MT,19793,0,1.8622687703907115,-2.2502414308887984
MT,19794,0,-8.595251257698777,8.133140975026802
MT,19795,0,2.856790057095054,-3.3166355391224376
MT,19796,0,-6.066869451112643,5.5287879033421135
MT,19797,0,-2.6555089027038776,2.266423349194148
MT,19800,0,-0.04957617323873351,-0.3911009222164082
MT,19801,0,0.17175709137476627,-0.5401369120180092
MT,19802,0,1.5484108200168696,-2.0943467636103326
MT,19803,0,-9.944564963251352,9.691603056395994
MT,19804,0,2.6155154467693755,-2.9492335261020117
MT,19807,0,3.794405405826398,-4.130193494837582
MT,19808,0,-6.251937683030072,5.986138132282129
MT,19809,0,-0.21598336529820858,-0.041907220132320205
MT,19810,0,0.4944903958479174,-0.751368523561112
MT,19814,0,-3.9195974930408535,3.6659018624233233
MT,19815,0,-0.5854446222606562,0.3178127949414852
MT,19816,0,3.176349725482361,-3.441321548254606
MT,19817,0,0.08740556613650897,-0.4554290025013564
MT,19818,0,7.067878799875236,-7.311357378865898
MT,19821,0,-2.8980366359625616,2.7020578271062567
MT,19822,0,-1.149402204053653,0.913627392965724
MT,19823,0,-0.6213168245191125,0.318235446704955
MT,19824,0,0.00864251143299414,-0.2391094829807624
MT,19825,0,8.073857494053996,-8.303963870799388
MT,19828,0,-1.839738644059329,1.6488448807328198
MT,19829,0,3.2343795954693513,-3.4438940631920625
MT,19830,0,1.0736494209455663,-1.3197581707324926
MT,19831,0,-1.371938841830408,1.055368010141823
MT,19832,0,2.0409227042637728,-2.2108226172097725
MT,19835,0,-4.5410033571635156,4.324623424723777
MT,19836,0,3.6582960666753346,-3.8328122773694457
MT,19837,0,4.405994759382487,-4.688136423314768
MT,19838,0,2.061760421716755,-2.3755747933631444
MT,19839,0,-5.107254592471729,4.83180096380744
MT,19842,0,-1.4592531798581916,1.1575987757531236
MT,19843,0,-8.11412182597036,7.824848320588173
MT,19844,0,4.454725707952544,-4.775209571834023
MT,19845,0,1.2505512202881341,-1.4927887447991681
MT,19846,0,-3.5265932119270116,3.190326874675339
MT,19849,0,0.4878711529438374,-0.7793550381978033
MT,19850,0,-0.621416430758374,0.30274133806174225
MT,19851,0,-0.16509380028011797,-0.14937058120583463
MT,19852,0,9.006900173781808,-9.347264847330486
MT,19853,0,-4.6706026674224095,4.411484627620896
MT,19856,0,0.004617030277752694,-0.2887419704469112
MT,19857,0,2.932439779560307,-3.2650573640843756
MT,19858,0,3.164708309546661,-3.500932299936732
MT,19859,0,-4.795747572747141,4.476297276477559
MT,19860,0,10.733769687866745,-11.06923930345816
MT,19863,0,-3.120463140531178,2.938379222775893
MT,19864,0,2.5532730099146868,-2.771501472300563
MT,19865,0,-9.908528368256366,9.610449073155959
MT,19866,0,-6.37204385863206,6.128254519229588
MT,19867,0,-0.7823427205155425,0.5041764198878391
MT,19870,0,4.304031757802737,-4.687934690821149
MT,19871,0,4.23851940593747,-4.6089788754829755
MT,19872,0,-1.2159529754422298,0.9281534546275025
MT,19873,0,0.9460055378692499,-1.194138137966117
MT,19874,0,-4.5488277668022565,4.151983468716998
MT,19877,0,3.5794163789173075,-3.851615343093527
MT,19878,0,-4.065125695122964,3.79144896735234
MT,19879,0,6.056614829331919,-6.381518729517363
MT,19880,0,1.2009216942359238,-1.549014938942007
MT,19881,0,-4.3732119111668,4.203707573524679
MT,19884,0,1.376282661412656,-1.6696549313647437
MT,19885,0,2.612728897353483,-2.934791011048834
MT,19886,0,5.941290601430223,-6.35423868841061
MT,19887,0,-1.1959425686667953,0.8901726565755987
MT,19888,0,-0.27547600431509794,0.027019630637339812
MT,19891,0,1.6200026471985203,-1.9783112227469628
MT,19892,0,6.3058827317123205,-6.646051726005635
MT,19893,0,-1.2709443889657677,0.8060356047075584
MT,19894,0,10.33913719687736,-10.681960994179214
MT,19895,0,-15.054986444865213,14.70217309993472
MT,19898,0,1.9405363733044751,-2.2433902747175636
MT,19899,0,-3.62327762815812,3.2833430553275216
MT,19900,0,-3.900213367709764,3.618533247264898
MT,19901,0,5.772118923880121,-6.116466063261487
MT,19902,0,-4.374977508555128,4.014637551091498
MT,19905,0,-3.672282730077483,3.3462198905589537
MT,19906,0,0.7616518726785022,-1.1078572693505773
MT,19907,0,5.847270360258847,-6.155569067713337
MT,19908,0,0.26059650593705774,-0.6775509154362743
MT,19909,0,7.476291618928782,-7.86900555820279
MT,19912,0,-0.5288600584219515,0.2058920838130903
MT,19913,0,-4.13018906202442,3.744640491473718
MT,19914,0,1.1083027986160554,-1.5606712878471738
MT,19915,0,17.254066252717905,-17.647097374647696
MT,19916,0,3.2737840354032173,-3.5893294845987156
MT,19919,0,6.512132954930098,-6.830574664217637
MT,19920,0,4.2781002990244295,-4.575371230946565
MT,19921,0,-1.1965822156759516,0.9822849753489402
MT,19922,0,1.5880979999669647,-1.91809238957049
MT,19923,0,-4.253085408494923,4.024424902661855
MT,19926,0,-7.163114183290484,6.875972260825569
MT,19927,0,-1.7800145039089885,1.501887237673198
MT,19928,0,6.622569027860387,-6.946232979371681
MT,19929,0,-3.6326476829322174,3.438608947114248
MT,19930,0,3.3183698940985735,-3.624210437333468
MT,19933,0,-4.092951381199982,3.8133304499480603
MT,19934,0,-0.1790552677564412,-0.19108482062932536
MT,19935,0,1.277198013973039,-1.5618103847748117
MT,19936,0,4.617253913782835,-4.901174215937038
MT,19937,0,-10.318222362414318,10.063977193783664
MT,19940,0,-1.9151293025503389,1.7917119155646568
MT,19941,0,-6.452833534373796,6.241438496392672
MT,19942,0,0.44350769597636513,-0.7116907320920898
MT,19943,0,2.3827497563441886,-2.613804278171502
MT,19944,0,-0.825138706804116,0.5195317783581781
MT,19947,0,3.935663115775199,-4.282417575314864
MT,19948,0,3.571669328932816,-3.8934413405483945
MT,19949,0,-9.260547933812306,8.965860648726794
MT,19950,0,-3.2014541650717154,2.7953715057951185
MT,19951,0,8.342472438346539,-8.644053005480616
MT,19954,0,3.673243782469102,-3.938388150056882
MT,19955,0,0.193202340793557,-0.4495238542843067
MT,19956,0,-2.9597680827934174,2.67404170820253
MT,19957,0,-9.298428683040038,9.009208506273634
MT,19958,0,4.203256722720051,-4.546379720493123
MT,19961,0,-3.5543025865193543,3.2153941158143
MT,19962,0,1.8765519723156558,-2.1566343562433548
MT,19963,0,0.7156695255658296,-1.0218383065565617
MT,19964,0,-0.46534442461182607,0.17221407839973193
MT,19965,0,-2.2401997514767804,1.968660387661424
MT,19968,0,0.8575034272151123,-1.1433379029535156
MT,19969,0,-7.6319296769536775,7.317162252013593
MT,19970,0,2.0550561113537964,-2.2949575981600128
MT,19971,0,-3.0859496466032508,2.776464913334787
MT,19972,0,-6.738208674306949,6.308681428135991
MT,19975,0,0.7467294811987888,-1.0499698796550965
MT,19976,0,1.4363290697836106,-1.8068751052002445
MT,19977,0,-5.368824889187183,5.029482239953579
MT,19978,0,18.001834638644542,-18.364290725799187
MT,19979,0,3.89932202578301,-4.184099971796016
MT,19982,0,0.02441338360088787,-0.3159164713722561
MT,19983,0,1.0558020166769218,-1.3418303313878999
MT,19984,0,-2.1550456703852503,1.8024819615287846
MT,19985,0,-2.2910720164226266,2.0553953270645047
MT,19986,0,0.15397350252599074,-0.4339253253004267
MT,19989,0,3.2210312925779028,-3.5238309440540916
MT,19990,0,3.4134710140371034,-3.69034182527402
MT,19991,0,1.0559196619523379,-1.344915806174681
MT,19992,0,-2.4075900185487957,2.1426557661637795
MT,19993,0,-5.693649716754423,5.394711620449144
MT,19996,0,-1.1151526563928487,0.8908322829670935
MT,19997,0,3.982155154163371,-4.366904444420689
MT,19998,0,-0.5190774863425975,0.23658633731255657
MT,19999,0,1.0416882417007105,-1.327082280522807
MT,20000,0,-0.08831837026367967,-0.30420771979668254
MT,20003,0,-5.683598051855856,5.379255452024217
MT,20004,0,-7.407870240858345,7.176915595780921
MT,20005,0,-4.0231339210936525,3.747340678859297
MT,20006,0,3.2379693605458684,-3.606496247505156
MT,20007,0,4.5011558906570945,-4.826736786907154
MT,20010,0,-3.8377046141445854,3.5461411106958067
MT,20011,0,2.4335435490522306,-2.740131712712355
MT,20012,0,-0.971543734563464,0.6631171521624067
MT,20013,0,2.6800955957904633,-2.9539240091534733
MT,20014,0,1.5408170609680552,-1.8190684489532618
MT,20017,0,-2.908746732499167,2.633687939827849
MT,20018,0,0.9578293997720319,-1.2643348076990708
MT,20019,0,-14.466099159703441,14.119501995050467
MT,20020,0,-2.127146066700966,1.7699426969778842
MT,20021,0,5.773073717584497,-6.064827285118772
MT,20024,0,3.401451979993901,-3.6352287483783625
MT,20025,0,7.236438877478008,-7.537439818671917
MT,20026,0,-0.09716490209551479,-0.21376278461024564
MT,20027,0,-17.464122430153406,17.164373493356095
MT,20028,0,-0.9189331062449521,0.648658663231702
MT,20031,0,-0.8173938637114104,0.5589294008777276
MT,20032,0,-0.021409925183385626,-0.26405574392911496
MT,20033,0,-3.1764843256325626,3.069441888374514
MT,20034,0,8.868248396594083,-9.089119437884056
MT,20035,0,-1.3517122397586254,1.1268952352249595
MT,20038,0,-13.204795388939635,12.986804544714465
MT,20039,0,0.05242071792765537,-0.2137152346279416
MT,20040,0,-1.9389219065957357,1.671022506720692
MT,20041,0,3.7649390729605914,-3.9501759277187958
MT,20042,0,-0.09024952041561361,-0.1434061958706849
MT,20045,0,5.109950514269133,-5.332970722202318
MT,20046,0,-1.6637905899682308,1.420011748947242
MT,20047,0,6.859809559321634,-7.12962851047249
MT,20048,0,-1.2617423485568908,1.0193326754431822
MT,20049,0,1.0384769093127555,-1.2247507943912714
MT,20052,0,-12.985206195070427,12.808896538653991
MT,20053,0,-1.0904498613650433,0.8750523578855333
MT,20054,0,-2.7835028736607845,2.53273684900666
MT,20055,0,-3.4857157653848456,3.1819496856127523
MT,20056,0,-0.35806099546451975,0.11112237790273166
MT,20059,0,0.026385520250959766,-0.21655143196964485
MT,20060,0,-1.412060222270132,1.1000027145861468
MT,20061,0,3.2626260262648827,-3.574093904667268
MT,20062,0,-4.470149706706963,4.160260645583426
MT,20063,0,-0.39031942589163526,0.13437226137256453
MT,20066,0,3.5957896432072443,-3.842710820423189
MT,20067,0,3.588142563376562,-3.821157747295812
MT,20068,0,3.9178063659100104,-4.1105643666927865
MT,20069,0,-9.155776798155175,8.923617640040307
MT,20070,0,-1.5441917192327896,1.3146148050186692
MT,20073,0,-3.6424635952627367,3.337335754821882
MT,20074,0,-0.7897358760389491,0.5360054740987394
MT,20075,0,-3.836121666483855,3.4663749998348123
MT,20076,0,-7.6665933371990755,7.452964822055946
MT,20077,0,10.224328561693953,-10.535334753684646
MT,20080,0,-2.4657852215251914,2.178230093650535
MT,20081,0,-1.7483093284999942,1.3726317935013248
MT,20083,0,4.526264394364681,-4.9667767441811765
MT,20084,0,-4.953235716561572,4.594338101015042
MT,20087,0,-5.294259262854926,5.01413972513773
MT,20088,0,6.139351272902207,-6.479976907018428
MT,20090,0,3.998422131193776,-4.269501597715393
MT,20091,0,-5.720537958850709,5.397799569070691
MT,20094,0,-3.187751425535627,2.966954790000693
MT,20095,0,-0.41227957493888995,0.09905672598240665
MT,20096,0,7.1155956731266805,-7.50302346449001
MT,20097,0,-0.7705666430319659,0.5020765235086545
MT,20098,0,4.337051291659662,-4.653335797888265
MT,20101,0,-4.13189075255885,3.9048637881325443
MT,20102,0,0.7806325577238925,-1.0817444411275583
MT,20103,0,-3.7004932251268783,3.3659853629685093
MT,20104,0,3.550861941406127,-3.8291153994455946
MT,20105,0,2.3972170010744795,-2.717379538780594
MT,20108,0,-0.6181944628816323,0.34941426162875666
MT,20109,0,4.437999271211164,-4.685413864728163
MT,20110,0,0.922132848654492,-1.1997791711699801
MT,20111,0,-2.0039946034518676,1.7304117224345492
MT,20112,0,-0.4316803710199518,0.14556247804893124
MT,20115,0,-7.961460890027707,7.747371185421921
MT,20116,0,5.066962169730174,-5.39941273446273
MT,20117,0,-2.6125567549366897,2.21820856551229
MT,20118,0,7.64513560778474,-7.998055889736716
MT,20119,0,3.1642306670657274,-3.4525432563200136
MT,20122,0,4.4750765647253345,-4.702136959967307
MT,20123,0,6.194260277329123,-6.442154635601424
MT,20124,0,3.289572750477899,-3.524479311254683
MT,20125,0,-4.028142330246609,3.823278130361211
MT,20126,0,4.649500533462581,-4.951907072224369
MT,20129,0,1.2091022810830228,-1.4433109553848078
MT,20130,0,0.09728436666788684,-0.2741650333367135
MT,20131,0,3.5798371792044055,-3.7761270862204084
MT,20132,0,0.5684755896136443,-0.8065805486141303
MT,20133,0,-9.819201560332774,9.554175877192886
MT,20136,0,-0.5731321544393527,0.3558308636566635
MT,20137,0,4.573218043220313,-4.86731566657853
MT,20138,0,-2.880287824273252,2.6408624024716554
MT,20139,0,-3.4756446897637185,3.210909304463237
MT,20140,0,-0.026816413972959134,-0.18771489781110412
MT,20143,0,-3.1628585109480114,2.9452930071854655
MT,20144,0,-11.071090008646268,10.80439708461986
MT,20145,0,-0.30212034614445815,0.044996647298225216
MT,20146,0,-2.5713900746184004,2.404781824865853
MT,20147,0,-3.540224594962185,3.3110838444791963
MT,20150,0,4.108323591502146,-4.357124414605992
MT,20151,0,-3.712674228481796,3.5056958742807174
MT,20152,0,0.8705040538643136,-1.0738928514961585
MT,20153,1,1.7755036310303696,-1.9495086420342014
MT,20154,1,-1.1833464945499113,0.9051574861338044
MT,20157,1,1.0490671829553326,-1.2229697412570995
MT,20158,1,0.5086168663362117,-0.7809686019914365
MT,20159,1,2.3357490932010965,-2.599563758535129
MT,20160,1,8.657522000348186,-8.92963206989907
MT,20161,1,-1.8513310959381806,1.6733184905595107
MT,20164,1,-0.25367061668127844,-0.06845080132668488
MT,20165,1,1.023543344506724,-1.2538118134621383
MT,20166,1,-1.9523791142924465,1.7378319588756839
MT,20167,1,1.3741154733451577,-1.5700677690093439
MT,20168,1,-5.065037113871161,4.803328808562312
MT,20171,1,-4.812856940281591,4.578412225416753
MT,20172,1,0.41407763462617725,-0.7160485623390204
MT,20173,1,-2.144706088673142,1.8652655559469897
MT,20174,1,1.5029381588198782,-1.708820098384253
MT,20175,1,-1.2450260702398657,1.0359536822902675
MT,20178,1,0.9303445578737113,-1.0968491767325452
MT,20179,1,-0.9086816188881817,0.7261696191114982
MT,20180,1,2.0427410970898308,-2.203270849316931
MT,20181,1,3.866143314993584,-3.9598027236480022
MT,20182,1,-8.059774052302169,7.970596296996831
MT,20185,1,-3.284231105715231,3.2027870609361804
MT,20186,1,-0.5677162549199952,0.42261305877431043
MT,20187,1,3.8394112984069206,-3.952004005105071
MT,20188,1,4.790552233552021,-4.903138655022103
MT,20189,1,1.7237821919202867,-1.8042387703062974
MT,20192,1,-0.6562572898817316,0.5426196639281913
MT,20193,1,0.4954597245762512,-0.6860211571055769
MT,20194,1,0.5628693898305549,-0.6777406938776022
MT,20195,1,-6.3549981704830545,6.216770912832527
MT,20199,1,4.260409710221952,-4.419232066614195
MT,20200,1,-2.3297434692883847,2.247674126468891
MT,20201,1,-3.9621486777046804,3.8884171368309013
MT,20202,1,-0.3306036769863872,0.22729002792813535
MT,20203,1,-2.7883556377370198,2.678739691290355
MT,20206,1,5.997304646023618,-6.1216333248735495
MT,20207,1,0.23653970794888887,-0.3777574440378007
MT,20208,1,5.461024078400354,-5.58061945925774
MT,20209,1,-0.7253149938633521,0.5940362619423828
MT,20210,1,0.5642889545727253,-0.7243709275011435
MT,20213,1,-0.18299849131307383,0.059974295472348164
MT,20214,1,0.3856376496078152,-0.5174795810976789
MT,20215,1,-0.7689305642097408,0.6626879992066653
MT,20216,1,1.817431587989661,-1.9209152371278606
MT,20217,1,2.3220710734717533,-2.4597772898377595
MT,20220,1,3.0590206353147407,-3.142944383883046
MT,20221,1,-2.1648273269762464,1.996521995432909
MT,20222,1,-10.162911205895437,10.01272779809441
MT,20223,1,3.67196180422362,-3.781654464543968
MT,20224,1,-0.35844540827939486,0.26582385575241685
MT,20227,1,-1.353297482913211,1.218641016951695
MT,20228,1,9.239966346396153,-9.39767859468113
MT,20229,1,-1.3826362037226447,1.2448891348586142
MT,20230,1,1.0736950471949247,-1.1935438036838237
MT,20231,1,6.43863584544322,-6.60839192349597
MT,20234,1,1.2167666896087734,-1.4029946122578922
MT,20235,1,0.9400307835204251,-1.05972275022683
MT,20236,1,-2.3645994986992647,2.1938702930170044
MT,20237,1,2.439209217638018,-2.58782821033493
MT,20238,1,-2.5808289167929654,2.4208643135982366
MT,20241,1,5.3780343561188655,-5.537224332249961
MT,20242,1,-2.1349628345623035,1.9542252401020062
MT,20243,1,5.543567808109793,-5.712559701052209
MT,20244,1,-6.651018346867945,6.488600316419398
MT,20245,1,-8.245107522786233,8.056324293872983
MT,20248,1,1.4241249562583689,-1.6215772898817105
MT,20249,1,-1.7130482507608071,1.5217263743670248
MT,20250,1,1.603177169594596,-1.7790364505044602
MT,20251,1,0.1504852861186067,-0.27498190338320005
MT,20252,1,1.7937526517738178,-1.9175664672543205
MT,20255,1,-4.814214507494343,4.656500682515005
MT,20256,1,-2.5934387717844185,2.4414423602512656
MT,20257,1,1.523853657058024,-1.7205751231942799
MT,20258,1,-2.119901063999923,1.9628277240721699
MT,20259,1,3.4842268797957,-3.6920853066291506
MT,20262,1,4.296035416430581,-4.484354777150825
MT,20263,1,-4.285793698752449,4.1256295020410025
MT,20264,1,-0.3818933208157701,0.1652162593599777
MT,20265,1,-7.477419546460585,7.241007435755589
MT,20266,1,-2.587692125521093,2.4358099758206624
MT,20269,1,0.8697074865180557,-1.057245489001727
MT,20270,1,-0.8768142307791527,0.6527083570975813
MT,20271,1,-0.5408961807720665,0.30699512962736614
MT,20272,1,-7.61545174657705,7.4051527684182075
MT,20273,1,-1.213438364262742,0.9606387050413411
MT,20276,1,3.181777030076931,-3.3458918994554976
MT,20277,1,-8.158342515981953,7.930057310917753
MT,20278,1,4.3021589736850805,-4.51448020619267
MT,20279,1,-3.155172212384987,2.9190508120194116
MT,20280,1,4.025209243539782,-4.23013271272852
MT,20283,1,-7.838592432623005,7.6238364755648425
MT,20284,1,-4.12832770654993,3.890315155004822
MT,20285,1,1.0791456721552817,-1.385939040216491
MT,20286,1,2.0872484531283186,-2.2968378547227224
MT,20287,1,0.9473707039825807,-1.20463362427656
MT,20290,1,12.007238869821714,-12.291652652490553
MT,20291,1,15.65096717406423,-15.972920728686274
MT,20292,1,-2.6690909335967956,2.443374998408915
MT,20293,1,2.3185000743187674,-2.526413991979908
MT,20294,1,-3.4134560387050703,3.176348733767672
MT,20297,1,-8.495298300157327,8.255994122688108
MT,20298,1,1.708974786058989,-1.919407267026698
MT,20299,1,-8.24818194590596,8.002937555928826
MT,20300,1,-0.10927677992718382,-0.059816883403019404
MT,20301,1,12.798198032313925,-13.01622525603307
MT,20304,1,4.368516077450998,-4.592830125073641
MT,20305,1,9.04344711270547,-9.271363745984125
MT,20306,1,4.342914703294394,-4.568858109851948
MT,20307,1,2.8601362042764675,-3.017394552277925
MT,20308,1,1.071886145209314,-1.23186915195698
MT,20311,1,-2.3992925205765934,2.243114000115951
MT,20312,1,-1.8634406646429855,1.670438006471782
MT,20313,1,-0.9080500039691219,0.6937609174867195
MT,20314,1,-3.316469677360656,3.1377685429975855
MT,20315,1,1.003064452313239,-1.2255350821581454
MT,20318,1,-4.027521675772896,3.773359228772951
MT,20319,1,-7.1486567437949695,6.840242496098483
MT,20320,1,7.9975636684233535,-8.315716375272618
MT,20321,1,4.766738437446748,-5.016632982004903
MT,20322,1,16.66966408372385,-16.98366764546105
MT,20325,1,3.4428991608854465,-3.788485023960528
MT,20326,1,1.7909547856739814,-1.9974049050600406
MT,20327,1,3.7943454618412615,-4.082888842969873
MT,20328,1,5.404097237977758,-5.6990002250433935
MT,20329,1,14.962748403500834,-15.305832345111629
MT,20332,1,0.9708099459523121,-1.1407547942590701
MT,20333,1,5.3128043754049585,-5.483428361768826
MT,20334,1,3.957324773013728,-4.134089698664815
MT,20335,1,0.9234130738260224,-1.0779591949684584
MT,20336,1,11.250762222317041,-11.488370716980546
MT,20339,1,5.02784137413764,-5.200767990617009
MT,20340,1,-1.5956284169584647,1.4224258750905125
MT,20341,1,-1.9815234359703473,1.783618473576297
MT,20342,1,1.7287827655874797,-1.9192822438891344
MT,20343,1,-0.9307459284522928,0.7172108717382588
MT,20346,1,6.118562085276647,-6.328191621388908
MT,20347,1,-2.1084264865411617,1.8761889553236393
MT,20348,1,5.2216923404987154,-5.40776600964789
MT,20349,1,-5.887369285022683,5.726622000789983
MT,20350,1,3.128512717752139,-3.3596764911151893
MT,20353,1,-0.4645144668512867,0.26789458670257127
MT,20354,1,-1.6937865552147449,1.5483971513336448
MT,20355,1,-2.2885403322572095,2.0964278174822097
MT,20356,1,-4.508883919813239,4.369988766334203
MT,20357,1,8.486824893904277,-8.687720263626236
MT,20360,1,1.7629790952664102,-1.904868760881411
MT,20361,1,4.886080234103022,-4.9803606052386336
MT,20362,1,-2.6970367971953193,2.5540527390272447
MT,20363,1,-8.769810813698683,8.603676580903066
MT,20364,1,3.1187706978455543,-3.303586739199364
MT,20367,1,1.824214030484353,-1.9420287737141466
MT,20368,1,4.438252664322233,-4.579710916571547
MT,20369,1,1.7946320830033515,-1.9311060056652025
MT,20370,1,-3.8806532781965015,3.730647353256551
MT,20371,1,-0.5395730415260539,0.44102088782266546
MT,20374,1,2.2937458281158793,-2.408792640811344
MT,20375,1,-0.23394076402255298,0.1641857840679943
MT,20376,1,-0.303603932353512,0.22264288372591864
MT,20377,1,2.719787172481084,-2.8273417813780113
MT,20378,1,-5.554884310399008,5.498717633853011
MT,20381,1,8.395002828007346,-8.481895250959644
MT,20382,1,-8.333549651433563,8.275857565822344
MT,20383,1,-0.8894754376266363,0.854635036622851
MT,20384,1,3.3289599764777247,-3.3975983265081933
MT,20385,1,5.608204853278882,-5.680127967780694
MT,20388,1,-4.200517085528514,4.13313361513704
MT,20389,1,1.7781518663852955,-1.8404611740115868
MT,20390,1,-1.8052874697722425,1.7127086251685393
MT,20391,1,1.0138715206329305,-1.0819165891317868
MT,20392,1,1.5599798710879709,-1.655245817413954
MT,20395,1,0.04992819247021101,-0.15672646513379618
MT,20396,1,-6.140126748759878,6.012440203425647
MT,20397,1,1.5870459623166817,-1.7012219308286736
MT,20398,1,-7.439674023536654,7.283746876069289
MT,20399,1,-2.15819555947068,2.018619452148403
MT,20402,1,-0.24907406743925786,0.11443943639100375
MT,20403,1,-6.774690488144259,6.6263423086261275
MT,20404,1,8.410911284204452,-8.533474654466083
MT,20405,1,-3.51967206208342,3.4200352025764578
MT,20406,1,-3.633576646289537,3.560189589560641
MT,20409,1,-1.641861285714911,1.5525082905739618
MT,20410,1,1.5889688741053467,-1.6851971178058969
MT,20411,1,-2.2590704714367864,2.1505916972981667
MT,20412,1,0.8875424502590232,-0.9648881975582851
MT,20413,1,3.373348398360281,-3.456094419047355
MT,20416,1,3.291252942180388,-3.414520842636583
MT,20417,1,-1.433286433622363,1.3249810452311375
MT,20418,1,-1.077611631183023,0.9437468322782988
MT,20419,1,0.060999627695228695,-0.23528427825284381
MT,20420,1,3.8193443446680915,-3.9140965844340996
MT,20423,1,-3.2137222740491906,3.0993549333356962
MT,20424,1,-5.126537967362945,5.01349413125792
MT,20425,1,1.337077468871527,-1.4856416320794859
MT,20426,1,1.4624323735498106,-1.5979054975470133
MT,20427,1,4.631382311701235,-4.819554269515402
MT,20430,1,-4.873576201772796,4.724480180303647
MT,20431,1,1.8043836195590126,-1.966157338672221
MT,20432,1,-0.9622457229571748,0.766865880732366
MT,20433,1,8.508280561345588,-8.661548394020132
MT,20434,1,-6.894041513693322,6.7753833120807005
MT,20437,1,-5.201059450929717,5.034292013625359
MT,20438,1,6.854326335366358,-6.988560388445748
MT,20439,1,2.532117175621452,-2.678588161919155
MT,20440,1,2.930708611139755,-3.127896743091968
MT,20441,1,4.626739837037103,-4.810705635726447
MT,20444,1,4.407088458926806,-4.573999918811359
MT,20445,1,-6.446521291253767,6.301165681529894
MT,20446,1,-4.895548116682976,4.778429740685776
MT,20448,1,5.752122743574681,-5.878786608007926
MT,20451,1,-10.524220217981103,10.455169318494635
MT,20452,1,-2.3040220547092205,2.208419479825021
MT,20453,1,2.47623558231549,-2.552427446386734
MT,20455,1,-9.987642164680278,9.849667484456752
MT,20458,1,3.721395693179204,-3.824803701325897
MT,20459,1,2.174631129270831,-2.294363056553462
MT,20460,1,-0.28925142889056465,0.17692077689422095
MT,20461,1,4.550953295113488,-4.668777328643933
MT,20462,1,6.973140296333865,-7.1255878200970715
MT,20465,1,4.743815245840635,-4.851171743624864
MT,20466,1,4.79999082356352,-4.927777600896325
MT,20467,1,-1.9281768005032422,1.8098837452576475
MT,20468,1,-0.691393233722406,0.5639474763542087
MT,20469,1,-6.97288263448116,6.8398440914908205
MT,20472,1,2.086624180648787,-2.2116653300509617
MT,20473,1,0.6543301085028973,-0.780253631909764
MT,20474,1,-2.006029561532808,1.9241508039192237
MT,20475,1,5.307508586652188,-5.4129732381504905
MT,20476,1,3.5607290612342566,-3.637884620524271
MT,20479,1,-0.11381751119368153,0.03323874220703806
MT,20480,1,1.35689194625273,-1.4377796926761433
MT,20481,1,1.1883401203159072,-1.246807038904636
MT,20482,1,-15.574727073751975,15.538188124605345
MT,20483,1,-1.8272099696151463,1.8101432098288983
MT,20486,1,-3.0979337616016336,3.0810178718379224
MT,20487,1,0.7818983288891221,-0.8168943377909508
MT,20488,1,-6.997789817565991,6.953913088558601
MT,20489,1,-1.8206785967988885,1.7919119253111409
MT,20490,1,2.6658598524392723,-2.7037204574801286
MT,20493,1,3.1841925899888097,-3.2376074373780117
MT,20494,1,-3.0459517092747324,2.9801999184647006
MT,20495,1,-4.507003938604984,4.438909450391877
MT,20496,1,-0.4359842640125119,0.34076520553311873
MT,20497,1,1.5913528007780469,-1.6476340669417253
MT,20500,1,-3.164507700999881,3.0638474162762273
MT,20501,1,-4.34699929896142,4.278695896377276
MT,20502,1,10.730306653714063,-10.831787269897669
MT,20503,1,3.259662862535598,-3.349980123991923
MT,20504,1,2.63881294658757,-2.724897453265793
MT,20507,1,5.052225961575387,-5.140257254874895
MT,20508,1,-2.646654986121684,2.5538997406274286
MT,20509,1,1.4156878458592699,-1.5032787411947242
MT,20510,1,2.3341146262323837,-2.4250999451909143
MT,20511,1,8.048130856559453,-8.168476738526698
MT,20514,1,-5.076669114964601,5.019069692301549
MT,20515,1,-1.3447315873577674,1.3231671463233055
MT,20516,1,-3.0598128215545852,3.0007715707768807
MT,20517,1,-5.611593037728207,5.53890400874209
MT,20518,1,4.8479500411581755,-4.908098304696119
MT,20521,1,0.42646291819820104,-0.4805311170188919
MT,20522,1,2.7569629535521334,-2.8330695913313497
MT,20523,1,-0.31417630088402293,0.23309854581719733
MT,20524,1,-5.413437585749043,5.305114672577479
MT,20525,1,-5.081973777315492,5.006208234604863
MT,20528,1,-0.2615961757808213,0.19275507689113888
MT,20529,1,0.7269891351490488,-0.8120171041723209
MT,20530,1,-8.962213899233813,8.889431733774598
MT,20531,1,-3.2834717104138487,3.2498209626770933
MT,20532,1,-4.337605461009441,4.295209805923215
MT,20535,1,3.6622941959371933,-3.6775455733584193
MT,20536,1,-0.9637267937159315,0.9313869684234501
MT,20537,1,0.6063202969707514,-0.6668766312499719
MT,20538,1,1.2328715886661767,-1.2795050293722274
MT,20539,1,8.218755924231873,-8.288283399348833
MT,20542,1,0.4994833810898506,-0.5655307703248742
MT,20543,1,3.8707781350589765,-3.9308251102004776
MT,20544,1,2.2348510108454778,-2.296100781612056
MT,20545,1,3.4588553626184115,-3.5047059722305858
MT,20549,1,-0.6983813491339754,0.6279888734747638
MT,20550,1,-1.2355490110860043,1.1847295144860666
MT,20551,1,-3.4238985906815977,3.365361654119606
MT,20552,1,2.7507530766154225,-2.831134508521487
MT,20553,1,2.018100887068877,-2.1124984026892433
MT,20556,1,-0.4229144654979855,0.3304741451705625
MT,20557,1,3.4737765576682342,-3.5529509521450025
MT,20558,1,1.5566587862308892,-1.639294952719593
MT,20559,1,-3.9230479492491708,3.814376260904317
MT,20560,1,12.46947954375021,-12.586577602618627
MT,20563,1,1.1862428517186914,-1.2930754849929136
MT,20564,1,-6.703761482319852,6.598521898609963
MT,20565,1,-3.660402982769815,3.5362689265504046
MT,20566,1,4.165989520389682,-4.256925171585091
MT,20567,1,5.3541787683596755,-5.442842461480928
MT,20570,1,-5.2413339420495895,5.106725044661479
MT,20571,1,-2.9986059516356756,2.916141710958175
MT,20572,1,-3.564789924853511,3.4728250122484563
MT,20573,1,-2.0086609850017396,1.9297352095596283
MT,20574,1,8.945875984849721,-9.05623374564972
MT,20577,1,-0.13862356136743234,0.06753455553801467
MT,20578,1,4.889036606052374,-4.991612774026197
MT,20579,1,-1.4133917862468008,1.3397776307131135
MT,20580,1,2.835536164487211,-2.9218867138435045
MT,20581,1,-0.5223395706842795,0.43029735558571625
MT,20584,1,7.4200493855267355,-7.5176495089799
MT,20585,1,-2.5870313226528068,2.492527895341289
MT,20586,1,-1.995205783105033,1.8866969709715196
MT,20587,1,-2.1624720778921978,2.066575311688555
MT,20588,1,-0.27663265976093915,0.21515873536961624
MT,20591,1,0.5883416082656755,-0.6677131574414843
MT,20592,1,-4.987983299289,4.90972507925701
MT,20593,1,4.06920218088396,-4.158881567790491
MT,20594,1,-0.3265867894710396,0.24468414634350522
MT,20595,1,-1.7943901805497071,1.6930837483380117
MT,20598,1,-0.44516186433302446,0.2998028882242926
MT,20599,1,-2.423088927079947,2.3235269783555514
MT,20600,1,-1.3101649954221615,1.2255699997532552
MT,20601,1,8.996787992518563,-9.080139821053768
MT,20602,1,3.0295752355267784,-3.1258400879087698
MT,20605,1,-5.95148099233501,5.846908517178671
MT,20606,1,-4.484728996697584,4.363067986275134
MT,20607,1,-0.23026620618602678,0.1538292912695103
MT,20608,1,-1.087122865135388,0.9798850979210468
MT,20609,1,-14.677144240418752,14.556294967134116
MT,20612,1,2.387546249854186,-2.4541677008441884
MT,20613,1,-5.00587777605455,4.903298313430483
MT,20614,1,-4.095487823049651,4.030051628553152
MT,20615,1,-1.7339832718919024,1.6522398059217467
MT,20616,1,-0.7108585769070902,0.6369647539437691
MT,20619,1,2.509336836498659,-2.620615631908801
MT,20620,1,-4.098228516107147,3.9691504526077095
MT,20621,1,2.264605028518502,-2.4100867616602986
MT,20622,1,-0.4010866411733083,0.3188124583685271
MT,20623,1,-0.07819323902609067,-0.018044593621405543
MT,20626,1,-0.9500311894414571,0.8409888721454459
MT,20627,1,1.0385220302985463,-1.1189496802732608
MT,20628,1,-5.017054369381007,4.933227228706304
MT,20629,1,2.888485953535783,-2.9740707225294365
MT,20630,1,2.841335337183431,-2.9317517361391485
MT,20633,1,-1.3188181061841229,1.2294824173655563
MT,20634,1,0.887686270298884,-0.9839124242608202
MT,20635,1,11.0186713633977,-11.11191165418169
MT,20636,1,7.647245463628065,-7.7465442198511205
MT,20637,1,-1.1817658266309257,1.0597770961399828
MT,20640,1,-2.6327293248154646,2.511054948163103
MT,20641,1,2.5584527958282446,-2.673245966701073
MT,20642,1,-1.174040634207634,1.0999686699043143
MT,20643,1,4.005712067556431,-4.11842995901071
MT,20644,1,-2.1445712969105135,1.9967972196040245
MT,20647,1,-5.237389185262536,5.1460061678533755
MT,20648,1,9.965615214350953,-10.092122548078036
MT,20649,1,4.9822223795256875,-5.1060427555312975
MT,20650,1,-6.376770163088903,6.217649260703654
MT,20651,1,1.5470240889972677,-1.6726707155148126
MT,20654,1,-2.9887463808592933,2.85830464028715
MT,20655,1,0.8117978142891467,-0.9391386479031306
MT,20656,1,5.17105380659222,-5.306821546837503
MT,20657,1,-5.108658624316467,4.9939217658253625
MT,20658,1,0.42990858442606383,-0.568031824402291
MT,20661,1,-3.753034074966979,3.627304290210967
MT,20662,1,-0.3835561041579129,0.2641612079219901
MT,20663,1,-4.866104546692643,4.697654367663903
MT,20664,1,2.2824174672369626,-2.366368454537634
MT,20665,1,-0.9572630929143684,0.8180248248540942
MT,20668,1,-2.214016639243208,2.083396188550396
MT,20669,1,5.174317823029364,-5.314876541481774
MT,20670,1,10.59174799940106,-10.69483070499134
MT,20671,1,0.23258125619809816,-0.33425612229565166
MT,20672,1,2.810695607026735,-2.9037264918269585
MT,20675,1,1.4490442521330185,-1.5723671672081667
MT,20676,1,1.4577473186080314,-1.5602251617439236
MT,20677,1,1.3320335242948709,-1.4525795445930525
MT,20678,1,-1.2855936178713847,1.1657247490721794
MT,20679,1,5.365302768710501,-5.502085503413124
MT,20682,1,2.7170593773853717,-2.8385600762064054
MT,20683,1,-5.301892821836817,5.167284308429344
MT,20684,1,19.14671041162192,-19.273962786211086
MT,20685,1,3.7135986431571655,-3.8302409248425104
MT,20686,1,0.28402456584974944,-0.36912555936279223
MT,20689,1,2.875470251572316,-2.9614656235819563
MT,20690,1,-0.4095675292868118,0.3207724009861471
MT,20691,1,-2.6247279410471513,2.5049457189799695
MT,20692,1,0.08572801223869783,-0.1851228090371671
MT,20693,1,-3.505135896568143,3.38785824214512
