day,blk,up_in,dn_in,up_af,dn_af,ext_up,ext_dn,feed
14613,0,4.927908245872611,0.3749495404468516,3.5352385242130158,-0.4820779805745409,-1.3926697216595953,-0.8570275210213925,ISO
14614,0,0.18435034501307512,4.450744043885268,-1.0797663065047094,5.8992110404160085,-1.2641166515177844,1.44846699653074,ISO
14615,0,9.539537636978732,0.5521275802753538,11.011877851046249,-6.502835945464565,1.472340214067517,-7.054963525739919,ISO
14616,0,3.800102382987904,0.35625959840505694,3.503219384316978,-0.3859478982722575,-0.29688299867092577,-0.7422074966773144,ISO
14617,0,12.028398932104652,1.6106403128460196,11.377289018400948,-5.585837680720885,-0.6511099137037034,-7.196477993566904,ISO
14620,0,2.8179349202956976,3.114559648747745,-1.4186400056408457,5.4811091127031535,-4.2365749259365435,2.3665494639554088,ISO
14621,0,2.7891503149579204,1.906507810224397,0.08069874328996343,11.388610146790226,-2.708451571667957,9.48210233656583,ISO
14622,0,1.678225287932696,8.921399013281569,2.6338813546722455,4.1839088775546385,0.9556560667395494,-4.737490135726931,ISO
14623,0,3.470303288360977,2.5351916238324845,5.283380904585487,0.5350916747023469,1.8130776162245097,-2.0000999491301372,ISO
14624,0,1.099566326978934,4.986268691327232,-1.4229681878552167,4.2630245297314096,-2.5225345148341507,-0.7232441615958223,ISO
14627,0,1.839109174769555,1.2119475207006878,1.0848201583893555,0.542410079194774,-0.7542890163801995,-0.6695374415059138,ISO
14628,0,4.298177720712521,0.23233393084924336,6.307866222559182,-2.137472163813805,2.0096885018466617,-2.369806094663048,ISO
14629,0,0.9259960327779592,15.009129941356758,-10.445768197091512,14.096457592503647,-11.371764229869472,-0.9126723488531094,ISO
14630,0,3.3622033813974395,8.871219056997804,0.31236686820412435,5.878176519841683,-3.0498365131933154,-2.9930425371561196,ISO
14631,0,2.967925824762462,5.2922050851186055,1.992239366019618,2.799351724560843,-0.975686458742844,-2.4928533605577625,ISO
14634,0,0.9777147974745808,2.819177636889734,0.49185652388298323,2.2433456089292614,-0.4858582735915976,-0.5758320279604726,ISO
14635,0,6.5212078288214395,3.7658563015330375,5.899841539068483,-3.1444900117800807,-0.6213662897529569,-6.910346313313118,ISO
14636,0,2.1883584901249264,4.015336679128327,-1.2581388261267967,8.820356238485116,-3.446497316251723,4.805019559356789,ISO
14637,0,2.119020449730682,4.984743343652061,-1.548903043017378,8.95538404350457,-3.6679234927480597,3.9706406998525083,ISO
14638,0,3.4020747960267546,5.805649607982218,-0.5381137638705774,5.811628649802998,-3.940188559897332,0.005979041820779662,ISO
14641,0,7.45126795620088,1.0893289659152208,13.342668399079523,-5.066346551534614,5.891400442878642,-6.155675517449835,ISO
14642,0,3.002979090526818,1.3590465246396888,2.9796277756703815,-1.0741604833921425,-0.023351314856436337,-2.433207008031831,ISO
14643,0,0.44914425445442857,4.167376436898902,-2.768775340749986,5.827504567287063,-3.217919595204415,1.6601281303881608,ISO
14644,0,1.6035066663985569,29.51264168282759,-23.51133192293125,29.7832757193506,-25.11483858932981,0.2706340365230112,ISO
14645,0,4.571975809970143,3.598774437376895,6.112532876373142,2.0830650655933702,1.5405570664029993,-1.5157093717835246,ISO
14648,0,1.4084961066479231,4.52959543387934,-0.04268170020153676,4.214817894893658,-1.4511778068494599,-0.3147775389856816,ISO
14649,0,1.6365860665757799,3.716122777951295,2.0235850509797064,1.6785498118726627,0.38699898440392644,-2.037572966078632,ISO
14650,0,0.707531481256142,6.372318789517732,-0.47622311238386833,3.8778167722687895,-1.1837545936400105,-2.494502017248942,ISO
14651,0,8.430877865304618,2.3642997200343556,9.973046091781685,-6.5179444554586095,1.5421682264770662,-8.882244175492966,ISO
14652,0,1.6227311337749872,3.4963583530713427,2.7355766743937466,-0.24684937446448432,1.1128455406187594,-3.743207727535827,ISO
14655,0,0.978601733419679,1.5040254829067219,0.41377120272099216,0.7093220618076498,-0.5648305306986868,-0.7947034210990721,ISO
14656,0,5.439477823801418,0.0651789281718527,5.297269253244514,-2.156829986779692,-0.14220857055690422,-2.2220089149515445,ISO
14657,0,0.5613590325767984,6.220058566318974,-1.8394532585326302,9.823783070092889,-2.4008122911094283,3.603724503773915,ISO
14658,0,8.675381262067983,1.0080171058522058,8.900576572949763,-0.32706938009027076,0.22519531088177983,-1.3350864859424767,ISO
14659,0,4.377288664691053,1.8546021570791178,8.150629076500381,-2.5119971580034206,3.7733404118093277,-4.366599315082539,ISO
14662,0,0.8759461675477532,6.347019771411837,-3.149576930308405,5.662537247043863,-4.0255230978561585,-0.6844825243679742,ISO
14663,0,0.6110595499239061,5.567974618906682,-3.6272494883483426,6.540781422385545,-4.238309038272249,0.9728068034788631,ISO
14664,0,4.583883433127121,0.5107755825484824,3.020997462594287,-0.039290429426867425,-1.5628859705328344,-0.5500660119753499,ISO
14665,0,6.046878369833535,2.314310661663566,9.945601715251394,-3.7622383576785836,3.8987233454178596,-6.076549019342149,ISO
14666,0,5.719696814402669,1.2450202117557456,6.305226121911592,-1.4484146027851068,0.5855293075089236,-2.6934348145408524,ISO
14669,0,4.652538567402989,0.0,4.4385715530731975,-1.6122165730893592,-0.2139670143297917,-1.6122165730893592,ISO
14670,0,6.495512405702868,2.467936176223903,7.989420502690663,-4.481724290963386,1.4939080969877951,-6.949660467187289,ISO
14671,0,3.4133299283326823,2.053734645954942,3.4362766841533863,0.04589351164153793,0.022946755820703747,-2.007841134313404,ISO
14672,0,0.14463208163148716,10.169919003137363,-3.9050662040489414,7.574153748593987,-4.049698285680429,-2.595765254543376,ISO
14673,0,6.8595734075932215,5.294616086462112,3.7952557787913217,1.5462153172854558,-3.0643176288018994,-3.7484007691766563,ISO
14676,0,0.18993754582378056,15.048233744127712,-9.324206794984395,13.684136824120596,-9.514144340808176,-1.3640969200071156,ISO
14677,0,4.687152238610263,6.046149041520959,4.929830239129963,-0.6448301156666839,0.24267800051969943,-6.690979157187643,ISO
14678,0,1.7189169788570349,13.063769039313504,-11.362041230245024,18.95105969189877,-13.080958209102059,5.887290652585266,ISO
14679,0,2.9153539172341882,4.512595691037987,2.535427475892491,0.3178976345920901,-0.3799264413416974,-4.1946980564458975,ISO
14680,0,0.3846725374034408,12.263360492421734,-9.755295548551308,14.448300504873215,-10.139968085954749,2.184940012451481,ISO
14683,0,1.7937631397899296,3.118388227634897,2.7182410656817955,1.2625332868521366,0.9244779258918657,-1.8558549407827605,ISO
14684,0,4.7234566437806125,0.0,5.3718775892996105,-1.1650490159325093,0.6484209455189973,-1.1650490159325093,ISO
14685,0,1.2222409278202504,2.294382092574869,-0.18226399800836313,3.875790310587955,-1.4045049258286135,1.5814082180130866,ISO
14686,0,2.997121002620387,3.803243203325049,3.775683469967646,-0.9645906675100421,0.7785624673472591,-4.767833870835091,ISO
14687,0,1.5964731820837554,18.023950852801132,-12.602111978381274,16.350353362404217,-14.19858516046503,-1.6735974903969126,ISO
14690,0,0.7004622790570068,3.6287837512256518,1.3279597373788672,1.624683341701567,0.6274974583218604,-2.0041004095240846,ISO
14691,0,6.551892673152756,0.6375155683896242,5.4157263136465135,-2.5942465208725896,-1.1361663595062426,-3.231762089262214,ISO
14692,0,1.576916783069299,0.6456217264016253,1.3940858516988512,3.0567046338481854,-0.18283093137044762,2.41108290744656,ISO
14693,0,0.7772710779354608,4.459875796696668,1.3055135580855342,4.346680979521726,0.5282424801500734,-0.11319481717494217,ISO
14694,0,5.464596809418542,4.311102907430456,7.33338581263956,-1.475698902543424,1.8687890032210182,-5.78680180997388,ISO
14697,0,4.444202554595558,3.737413714587722,1.8419345527478845,3.2555122327642865,-2.602268001847673,-0.48190148182343573,ISO
14698,0,0.054273325711209304,9.6497973114619,-5.655280539113193,8.965953407499923,-5.709553864824402,-0.6838439039619777,ISO
14699,0,7.962454264452802,0.641002607452919,6.009399444870177,-1.6726161788220444,-1.9530548195826254,-2.3136187862749633,ISO
14700,0,9.831048832050744,1.1981590764061254,9.84640984585081,-6.904775703135548,0.015361013800065097,-8.102934779541673,ISO
14701,0,1.0538617621636563,0.9320280324337274,3.2651439567612908,1.2183372972990119,2.2112821945976346,0.2863092648652844,ISO
14704,0,3.2170913382551656,3.334569392742112,5.21421826453161,-0.23495610897368724,1.9971269262764444,-3.569525501715799,ISO
14705,0,7.735080512161144,2.0305573969617448,7.268921421029763,-3.990005780021815,-0.4661590911313807,-6.0205631769835595,ISO
14706,0,9.77081067625669,1.5642365119760733,12.619685869565844,-7.813625861755057,2.848875193309154,-9.37786237373113,ISO
14707,0,7.128595772790321,0.015929822955941458,6.610876526721862,-4.014315384900869,-0.5177192460684595,-4.030245207856811,ISO
14708,0,7.351939614071001,4.910828665689658,6.198133267375186,-1.9547958766336693,-1.1538063466958142,-6.865624542323327,ISO
14711,0,1.8251250326313244,3.5280960276457014,1.451477388155628,6.186742728722898,-0.3736476444756965,2.658646701077197,ISO
14712,0,2.7085369555770797,6.037011524964645,0.12546356469980693,2.6642556974477953,-2.5830733908772725,-3.372755827516849,ISO
14713,0,2.4810190040672393,5.940468037907131,0.8998061880947387,5.241589445212209,-1.5812128159725007,-0.6988785926949215,ISO
14714,0,7.589365697739198,2.5020901509578386,7.73709057750062,-4.690264932422892,0.147724879761422,-7.192355083380731,ISO
14715,0,0.6265991334175977,21.783022652002582,-16.4569300179531,23.20157346793393,-17.083529151370698,1.4185508159313491,ISO
14718,0,5.218928256227935,0.6540517323696684,4.328878476096083,-0.7956505610270398,-0.8900497801318519,-1.449702293396708,ISO
14719,0,4.017786171021227,2.315750481464568,0.23730305287088474,2.8149051788826167,-3.7804831181503418,0.49915469741804863,ISO
14720,0,3.502520706687705,1.8059872393857979,8.029215995018419,-1.047628961375272,4.526695288330714,-2.8536162007610697,ISO
14722,0,11.479878680941956,3.6219569155615927,12.066290752985198,-8.07868866309074,0.5864120720432427,-11.700645578652333,ISO
14725,0,0.888836044970928,4.01350708966232,-1.4844478276832638,4.929832909219952,-2.373283872654192,0.916325819557632,ISO
14726,0,11.64852785573773,1.5332886506595493,17.85611394627161,-7.606898062980253,6.207586090533879,-9.140186713639801,ISO
14727,0,7.145158098548624,2.880161666528242,6.7915832648059995,-0.4640669692872569,-0.35357483374262405,-3.3442286358154987,ISO
14728,0,2.031022309346646,4.2924547126105494,1.7750110938828338,2.397971718178027,-0.25601121546381245,-1.8944829944325225,ISO
14729,0,4.92410429234323,2.34110923372811,5.105518661008538,-1.0971249914518884,0.18141436866530689,-3.438234225179998,ISO
14732,0,5.91432078280933,2.8853265357430793,4.537505215960911,2.21487721623413,-1.3768155668484194,-0.6704493195089495,ISO
14733,0,3.13374416132582,12.19898758058339,-7.2108422351329295,12.948501648034545,-10.34458639645875,0.7495140674511557,ISO
14734,0,4.088428494181013,5.63993469197293,4.167052119069038,-1.0640397234855632,0.07862362488802536,-6.703974415458493,ISO
14735,0,8.643156511193263,3.383824019741641,16.738348197820542,-4.202946695639057,8.095191686627278,-7.586770715380698,ISO
14736,0,4.00522416025764,0.9215560014751704,7.053447857444852,-0.9845683776444472,3.048223697187212,-1.9061243791196176,ISO
14739,0,4.010059895507057,0.7168822159566446,5.076422191742524,-1.2679854194731743,1.0663622962354669,-1.984867635429819,ISO
14740,0,3.5734369147227776,1.7592304810941906,8.961080263074143,0.6322234541431856,5.387643348351364,-1.1270070269510049,ISO
14741,0,0.757496928156761,2.78017489589437,3.102514014258912,1.2530933226421883,2.345017086102151,-1.5270815732521819,ISO
14742,0,5.969379487173679,0.12447995139131277,4.469961890869365,2.8404061635650466,-1.4994175963043146,2.715926212173734,ISO
14743,0,0.8402469137044625,15.242940806303599,-5.229998417993119,10.939368472651086,-6.070245331697581,-4.303572333652512,ISO
14746,0,3.4663842094204766,1.7831346733624616,0.7213926583105658,3.203723292804827,-2.7449915511099108,1.4205886194423656,ISO
14747,0,5.156912903523154,0.7574540079621855,9.893594473861965,-0.7055735964578568,4.736681570338811,-1.4630276044200423,ISO
14748,0,1.233430497185781,7.479465166074663,-4.754444300198914,7.016928729629985,-5.987874797384696,-0.46253643644467807,ISO
14749,0,5.86249798840087,2.6026531529797503,5.414214920245508,0.5048624845245342,-0.44828306815536184,-2.0977906684552163,ISO
14750,0,1.7467702305170387,4.352607787518002,0.4545897935976765,2.749015444748216,-1.2921804369193624,-1.6035923427697858,ISO
14753,0,6.016449691315291,0.9664722376474412,7.994197515375246,-4.467533919721323,1.977747824059955,-5.434006157368764,ISO
14754,0,2.7203185887086274,1.8916409962950553,4.399366904227307,-0.40349223086101843,1.6790483155186797,-2.295133227156074,ISO
14755,0,2.235593202548918,2.4510720654451603,0.5184960138441744,1.8517714780149526,-1.7170971887047435,-0.599300587430208,ISO
14756,0,2.848741053776619,4.616678340919407,1.3313211959859805,1.4100552452110533,-1.5174198577906386,-3.2066230957083537,ISO
14757,0,0.4986214596109912,11.345990194167616,0.6585566447693103,10.4146029394225,0.15993518515831914,-0.9313872547451155,ISO
14760,0,4.841875283231367,1.2071157215810016,3.889595102872828,-1.6229000256814192,-0.9522801803585389,-2.8300157472624208,ISO
14761,0,2.9233900528252,0.22396939920845524,1.3614981899246599,0.7308475132063336,-1.5618918629005403,0.5068781139978783,ISO
14762,0,2.7151358681024806,5.0764375406277695,2.332417248396565,0.6860050730578422,-0.38271861970591603,-4.390432467569927,ISO
14763,0,2.3607863220723297,4.781339386475893,-3.65324212497926,11.579806326621139,-6.014028447051589,6.7984669401452456,ISO
14764,0,3.1351178403529874,3.4262078280394657,5.625117329616992,-2.3995255741723445,2.4899994892640045,-5.82573340221181,ISO
14767,0,15.439348102250884,1.695581926155879,18.573786522081384,-13.504951820298341,3.1344384198305004,-15.20053374645422,ISO
14768,0,2.2728488711991903,2.75134337039902,0.88521482351975,6.129514534749791,-1.3876340476794404,3.378171164350771,ISO
14769,0,1.8178465235130008,6.728392976639242,1.0151610455982094,4.945959047740099,-0.8026854779147915,-1.7824339288991426,ISO
14770,0,1.6256169599746488,5.299393916451672,1.4906379344171754,5.234838730315553,-0.13497902555747338,-0.0645551861361191,ISO
14771,0,6.492210654325008,0.3786465509205486,7.998908388196365,-3.581365294123358,1.5066977338713572,-3.9600118450439066,ISO
14774,0,1.1843042407659063,6.618170757221656,-1.2033037740403536,6.276179158283911,-2.38760801480626,-0.3419915989377453,ISO
14775,0,9.204303305185729,2.4263492953498056,10.90098958780359,-6.004335393927391,1.6966862826178604,-8.430684689277196,ISO
14776,0,3.473637904423869,3.1154450269893967,-0.5664445503617601,5.497844165275506,-4.0400824547856296,2.3823991382861096,ISO
14777,0,9.03673796247665,0.15516884481769602,11.068710930327079,-5.985084014395742,2.0319729678504292,-6.140252859213438,ISO
14778,0,2.9136282377047067,0.7199699120196716,3.0992454806472414,0.7255946769573204,0.18561724294253462,0.005624764937648689,ISO
14781,0,0.21492238334055674,6.988233858317231,-6.369517906276068,20.658599998678692,-6.584440289616625,13.670366140361462,ISO
14782,0,6.3982801516230525,0.9081429892625875,5.58645535819142,-1.9676431434024553,-0.8118247934316335,-2.8757861326650427,ISO
14783,0,0.15334784964829762,15.212106685125072,-5.673870436992242,11.301736519089822,-5.82721828664054,-3.910370166035251,ISO
14784,0,9.370255829373788,1.8362140283214503,9.320177264965066,-4.367963673431338,-0.05007856440872197,-6.204177701752789,ISO
14785,0,2.7253864596916064,1.0837166631057231,3.476477216299589,-0.5096687276982652,0.7510907566079825,-1.5933853908039883,ISO
14788,0,5.523869610118036,14.039835259049797,-10.528020305305413,14.559554173980288,-16.05188991542345,0.5197189149304903,ISO
14789,0,3.150819460118143,3.646781782544239,6.692573927325203,-2.6548571376921792,3.54175446720706,-6.301638920236418,ISO
14790,0,3.651428984081785,4.328557062585649,2.7211689136137887,1.177063762633034,-0.9302600704679966,-3.151493299952614,ISO
14791,0,0.3915025417476353,21.720561016158815,-19.418526070682674,35.57192094319019,-19.81002861243031,13.85135992703138,ISO
14792,0,1.2373025863746832,3.4702021375995304,3.009810477553182,1.0186165478525926,1.772507891178499,-2.4515855897469376,ISO
14795,0,0.09703982422762152,2.7818082945277243,-0.28303282066426383,2.684768470300103,-0.38007264489188536,-0.09703982422762152,ISO
14796,0,0.4876391113150304,12.721643874599756,-6.662010800170869,12.312887560703418,-7.149649911485899,-0.40875631389633865,ISO
14797,0,5.861183697189373,0.6858831986072932,10.084183556382937,-3.661822696696699,4.222999859193563,-4.347705895303992,ISO
14798,0,1.724200407622473,7.241641712013919,-0.012099651983304016,4.597867753659653,-1.7363000596057772,-2.643773958354266,ISO
14799,0,10.249715913940213,0.5898082139951103,8.818352077537327,-6.379998607484274,-1.4313638364028853,-6.969806821479384,ISO
14802,0,3.0046337231389693,4.985564806093443,-1.6817971945888364,4.80608447307409,-4.686430917727805,-0.17948033301935185,ISO
14803,0,9.048308602190462,0.04181288633171112,7.743746548639934,-2.6760247252319833,-1.3045620535505278,-2.7178376115636946,ISO
14804,0,7.076501695135994,2.17496043191261,1.0086773017565547,4.964583594583112,-6.067824393379439,2.789623162670502,ISO
14805,0,2.7532522666416748,7.13308717319678,-2.1115728765844795,5.916880887390157,-4.864825143226154,-1.2162062858066234,ISO
14806,0,0.7478736273113387,15.404570910382917,-9.632937482218429,13.75437149359786,-10.380811109529768,-1.6501994167850567,ISO
14809,0,0.9855527824291157,7.636153237905367,-2.3247008379435217,7.177231713262686,-3.3102536203726376,-0.4589215246426802,ISO
14810,0,11.414215680268983,1.7425165695342257,10.843138821345827,-8.207399472470463,-0.5710768589231564,-9.94991604200469,ISO
14811,0,1.0862554938879752,4.166361532478381,-0.7003489368488474,8.497090672584399,-1.7866044307368225,4.330729140106019,ISO
14812,0,9.34409344757104,1.8517907287896238,7.527777636957432,-5.080008282810102,-1.8163158106136081,-6.9317990115997254,ISO
14813,0,1.754250625726862,9.223738409079798,-5.624740101536913,12.11964420393057,-7.3789907272637745,2.895905794850771,ISO
14816,0,4.162589816766312,5.585438699588334,-0.1513669024279003,4.8437408776917765,-4.313956719194212,-0.7416978218965565,ISO
14817,0,0.03111993507481811,25.72581299520656,-24.180189553155845,28.288020983035373,-24.21130948823066,2.562207987828814,ISO
14818,0,1.4807178630039708,5.999791860483772,0.2788364806955245,3.9902461892641288,-1.2018813823084462,-2.0095456712196436,ISO
14819,0,3.2483819440449064,2.0924262072001647,5.026212602609882,0.27069849533715873,1.7778306585649761,-1.821727711863006,ISO
14820,0,5.878257702733215,3.4781095003277107,10.299583338743144,-4.168678456809399,4.421325636009929,-7.646787957137111,ISO
14823,0,12.090083311401937,0.32032150077771443,7.851983454959351,-3.457829534035496,-4.238099856442586,-3.7781510348132104,ISO
14824,0,2.6920666364863504,1.762662678651758,1.5383237922779562,0.7371134837998844,-1.1537428442083943,-1.0255491948518736,ISO
14825,0,4.3112058151941515,1.688925989457501,2.2222710387598963,2.948212911421476,-2.0889347764342556,1.259286921963975,ISO
14826,0,3.9274588392363237,6.527928860856436,1.551720794793757,2.86800808968775,-2.3757380444425666,-3.6599207711686863,ISO
14827,0,15.058611645090552,0.9176190547040914,11.735864752267423,-6.568220602092086,-3.32274689282313,-7.485839656796177,ISO
14830,0,2.4792871210812013,7.378830717503629,-4.771643863985591,7.624791741420417,-7.250930985066792,0.24596102391678765,ISO
14831,0,3.133588262861589,2.2803461575522253,10.291760969350088,-1.0344616674989526,7.158172706488499,-3.314807825051178,ISO
14832,0,5.0770905051544135,5.618091952425109,0.7976303389244445,5.666643364359602,-4.279460166229969,0.048551411934493006,ISO
14833,0,7.358307887345574,0.6404453161206899,7.426440367783895,-5.280267233974744,0.06813248043832183,-5.920712550095434,ISO
14834,0,0.8161768572774794,4.747151108654677,-0.9161168806176755,2.8566190004711776,-1.7322937378951548,-1.890532108183499,ISO
14837,0,4.8384813056608715,0.3594855588542144,2.837021167174708,0.709255291793677,-2.0014601384861637,0.34976973293946256,ISO
14838,0,0.12742178205359275,4.170167412666986,-0.301178757581746,2.953868583972547,-0.42860053963533873,-1.2162988286944387,ISO
14839,0,5.351494233546626,5.605431569760818,8.135399845374163,-4.119427898582479,2.783905611827538,-9.724859468343297,ISO
14840,0,8.761485199726188,1.6751670464402075,4.218046519813169,0.6387327587145326,-4.543438679913019,-1.036434287725675,ISO
14841,0,0.38577397786226364,7.2431032578219945,-2.4406108803531588,3.8813585935937733,-2.8263848582154223,-3.3617446642282207,ISO
14844,0,1.651748939521838,4.975268017832884,0.38040278607160916,3.5837946687811666,-1.271346153450229,-1.391473349051718,ISO
14845,0,15.454116384722148,6.043460340601435,12.515472861651142,-9.777986484504465,-2.938643523071005,-15.8214468251059,ISO
14846,0,4.2310074635830075,2.4278599874921385,4.245205475205757,-1.689563383108718,0.014198011622748773,-4.117423370600856,ISO
14847,0,1.123894698766457,6.290032515786373,-3.11668277809248,7.706706505828331,-4.240577476858937,1.4166739900419585,ISO
14848,0,5.609689690452117,4.903284322024966,4.030665925732241,3.5735800991029776,-1.5790237647198764,-1.3297042229219886,ISO
14851,0,1.2130123635767232,5.4447714046903615,0.6616431074054284,1.9297923965992185,-0.5513692561712948,-3.5149790080911427,ISO
14852,0,13.320985474872952,0.43755061778784043,14.555850551740715,-10.063664209119224,1.2348650768677627,-10.501214826907065,ISO
14853,0,0.6635804835647444,11.114973099708305,-6.25522191124929,10.070809691746293,-6.918802394814034,-1.0441634079620115,ISO
14854,0,4.951946771326604,1.386917422796386,4.4399973870729506,-1.8150932714447543,-0.5119493842536541,-3.20201069424114,ISO
14855,0,0.0,15.771495647224436,-1.4994027551940192,6.219744762285824,-1.4994027551940192,-9.551750884938611,ISO
14858,0,1.2210585433900398,2.5118918606880136,0.7326351260341032,1.0989526890507582,-0.4884234173559366,-1.4129391716372557,ISO
14859,0,12.036981533472046,0.4340257764473526,10.898869497454598,-7.696723768998959,-1.1381120360174488,-8.130749545446312,ISO
14860,0,2.883240301260449,5.078223240284715,-1.1811984460002662,4.324860451890885,-4.0644387472607155,-0.7533627883938306,ISO
14861,0,0.24462022991079685,12.72898839214515,-6.639691954722395,12.816352759970563,-6.884312184633192,0.08736436782541229,ISO
14862,0,2.985354962721575,10.705759684196899,0.04942640666775585,4.7745908840877735,-2.935928556053819,-5.931168800109124,ISO
14865,0,5.436312399679186,1.3116182297638608,4.236872044829435,-0.4055661631506959,-1.199440354849751,-1.7171843929145567,ISO
14866,0,17.90038244677723,0.43706848079493427,17.803256117711786,-10.489643539077317,-0.09712632906544279,-10.926712019872252,ISO
14867,0,2.053061022998004,6.020996269369267,-1.1153648826865623,5.0536886719953795,-3.168425905684566,-0.9673075973738868,ISO
14868,0,0.20680731799367896,4.421397832968896,-1.5332266678842668,4.079096065255165,-1.7400339858779457,-0.34230176771373144,ISO
14869,0,0.024209622582801075,5.023496685907209,-1.730988014661951,4.139845461639167,-1.7551976372447522,-0.8836512242680419,ISO
14872,0,2.0289603108538405,3.6693963068634705,-0.37125656751800606,3.28087199201926,-2.4002168783718463,-0.3885243148442104,ISO
14873,0,3.6948956254933982,1.0108676711255926,11.279888909525269,2.4539684154220387,7.584993284031872,1.443100744296446,ISO
14874,0,2.3779342897576967,3.2881821336114756,-0.23991028442652637,4.332497489350737,-2.617844574184223,1.0443153557392615,ISO
14875,0,4.224696945496533,3.2325959015444448,3.803054001816839,-0.11574512179432256,-0.42164294367969385,-3.3483410233387674,ISO
14876,0,0.673900553878595,5.339365926884494,-1.0194905815087345,3.8965275615291244,-1.6933911353873294,-1.4428383653553702,ISO
14879,0,0.843027554006222,5.649542861921692,-2.063530132194236,6.404492910285276,-2.906557686200458,0.7549500483635845,ISO
14880,0,12.961964446750018,1.8134705033914718,14.601448850184969,-11.422856639443502,1.6394844034349507,-13.236327142834973,ISO
14881,0,1.1442652375219566,2.3315942205418696,1.5749026925033367,1.8148292745641574,0.43063745498138,-0.5167649459777119,ISO
14882,0,2.8082304978969748,13.829050488133328,-1.8240772116248376,11.01233591018229,-4.632307709521812,-2.8167145779510365,ISO
14883,0,4.204878998089039,0.8024578240627922,3.145634670326021,0.16049156481259494,-1.059244327763017,-0.6419662592501972,ISO
14886,0,0.3704901127832769,2.766851693338773,0.0,2.7195550831962727,-0.3704901127832769,-0.04729661014250023,ISO
14887,0,9.316086445391624,0.17332253851891927,10.413795856011392,-7.257881300479437,1.0977094106197673,-7.431203838998356,ISO
14888,0,1.5027103826255814,2.535060198331792,1.6370991160311361,1.4721674886698053,0.1343887334055545,-1.0628927096619865,ISO
14890,0,9.523461571270593,0.21417079995363328,8.566831998144465,-5.982504345370854,-0.9566295731261276,-6.1966751453244875,ISO
14893,0,2.610917136767885,5.594822435931183,4.541679389167774,0.7386628314105287,1.9307622523998884,-4.856159604520654,ISO
14894,0,2.64924740789271,1.875309962890245,2.929055561085886,1.50024797031225,0.27980815319317603,-0.37506199257799483,ISO
14895,0,11.311785529107777,1.3878207893295031,10.398194959247695,-7.838746568876159,-0.913590569860083,-9.226567358205662,ISO
14896,0,0.26687624080102545,4.5462601722425555,0.30433255529938513,3.984415454766628,0.03745631449835966,-0.5618447174759271,ISO
14897,0,5.270786057164108,10.767664813831518,-3.5256330328752843,9.8138362378032,-8.796419090039393,-0.9538285760283176,ISO
14900,0,7.50149216648913,0.17585915701656177,8.677550279037677,-4.764684035418458,1.1760581125485456,-4.94054319243502,ISO
14901,0,0.40883492264142973,9.510188060323207,-4.046319468012117,10.965946055896962,-4.455154390653546,1.4557579955737547,ISO
14902,0,2.9370939451178204,7.135180224006147,3.9944477653603427,0.5639220374626429,1.0573538202425223,-6.5712581865435045,ISO
14903,0,1.2708909175262713,11.45118811180376,-8.343102551843222,17.726623575029112,-9.613993469369493,6.275435463225352,ISO
14904,0,2.5876117774608796,2.9646490224801396,2.6960745465760256,0.8522074716187837,0.10846276911514569,-2.112441550861356,ISO
14907,0,0.7495281624246112,6.512204831501351,-1.4338799628994332,5.860441212001608,-2.1834081253240445,-0.6517636194997424,ISO
14908,0,5.385635967830405,2.7411919596741883,6.385364800182138,-3.0636851314005633,0.9997288323517334,-5.804877091074752,ISO
14909,0,0.3910312714019078,7.429594156635452,-3.0523784319877056,6.991872584170677,-3.4434097033896136,-0.4377215724647746,ISO
14910,0,10.923358936896769,0.07326643189375275,10.057482923606054,-7.4598548837343674,-0.8658760132907138,-7.5331213156281205,ISO
14911,0,2.4042787853296037,2.09338066653698,5.223088395716039,-0.41038551680626695,2.818809610386435,-2.503766183343247,ISO
14914,0,1.1865988975057347,6.102508615744017,-3.4750396284098533,6.017751551636538,-4.6616385259155875,-0.08475706410747906,ISO
14915,0,0.2203064575050107,3.9104396207130008,-0.05507661437619006,2.753830718812008,-0.27538307188120076,-1.156608901900993,ISO
14916,0,0.24406132750689957,11.999681935757714,-3.2012710791326993,12.87423502599094,-3.445332406639599,0.8745530902332264,ISO
14917,0,1.4898262760713614,1.726844092719178,4.6997247072434005,-0.20315812855516116,3.2098984311720393,-1.930002221274339,ISO
14918,0,5.3358717911918365,0.3138748112465167,5.40195069882271,-3.551741285158633,0.0660789076308733,-3.8656160964051494,ISO
14921,0,5.9562140930337675,2.7634414624531534,11.156563453448909,-4.4444846277967915,5.200349360415142,-7.207926090249945,ISO
14922,0,2.5706132580981884,3.2903849703657277,2.7248500535840563,18.714064518954856,0.1542367954858679,15.42367954858913,ISO
14923,0,4.0332715851302146,3.8638063924776085,3.3215177759895473,1.4912936953422065,-0.7117538091406668,-2.372512697135402,ISO
14928,0,5.014374428054955,1.6061668089862944,5.1906610290411885,3.055634417095927,0.17628660098623325,1.4494676081096327,ISO
14929,0,0.47525880473296545,12.538837437020954,-7.297665571741231,12.361170594130074,-7.772924376474196,-0.17766684289087917,ISO
14930,0,2.2739200117894147,1.967473760200677,1.6077325083354705,3.166611266417797,-0.6661875034539443,1.19913750621712,ISO
14931,0,2.051056692312227,5.261406297670854,0.8501481362337112,3.2519652483908783,-1.200908556078516,-2.009441049279976,ISO
14932,0,1.1647084044348384,3.960008575078468,1.234590908700865,0.8152958831044398,0.06988250426602674,-3.1447126919740285,ISO
14935,0,0.49808169205493547,3.837262015321208,6.022722500868194,2.2871098104562937,5.524640808813259,-1.550152204864914,ISO
14936,0,9.123913356577988,0.1562983016116505,10.034350963465707,-5.704888008823911,0.9104376068877177,-5.861186310435562,ISO
14937,0,1.651058858545212,3.862298401239728,-0.47173110244147,2.3291723183049173,-2.122789960986682,-1.533126082934811,ISO
14938,0,2.4663491328679514,0.3379811774669843,2.557695397048369,-1.2788476985241846,0.09134626418041758,-1.6168288759911689,ISO
14939,0,0.9322563291676534,4.906612258777476,2.625037558445905,2.5023722519765794,1.6927812292782514,-2.404240006800896,ISO
14942,0,4.512816320350612,2.8657218310488717,4.9969285520035855,-2.1145131957253183,0.48411223165297346,-4.98023502677419,ISO
14943,0,10.468433041294421,0.21376613561564026,11.360143207005633,-6.229755952228877,0.8917101657112104,-6.443522087844517,ISO
14944,0,0.0,6.5238299996276155,-0.0435648080108292,4.2911335890705145,-0.0435648080108292,-2.2326964105571014,ISO
14945,0,6.307903543796182,2.3890803760077035,6.033646867978932,3.108242325928457,-0.2742566758172494,0.7191619499207534,ISO
14946,0,15.101300218085145,0.47297137148352525,19.831013932921625,-12.635092352491775,4.729713714836482,-13.1080637239753,ISO
14949,0,3.1944977962830707,2.0736213765345064,7.061521444415229,2.3818623919654285,3.8670236481321583,0.3082410154309221,ISO
14950,0,3.0887075066192806,12.508930400993624,-8.91772167312393,20.361349485066583,-12.006429179743211,7.852419084072961,ISO
14951,0,1.6397805709393436,7.135947750083355,-1.7449877314642002,4.534791401934044,-3.3847683024035438,-2.601156348149311,ISO
14952,0,5.816995332053889,1.1339597273356685,5.408115622678033,-0.06542075350007752,-0.4088797093758563,-1.199380480835746,ISO
14953,0,0.2512814698044637,10.051258792176263,-0.4899988661185757,4.007939443380353,-0.7412803359230394,-6.04331934879591,ISO
14957,0,0.9307085297355439,8.316331056024243,-0.33025141377711087,6.635051131340658,-1.2609599435126548,-1.6812799246835852,ISO
14958,0,1.0753247796247574,5.091662831523241,-2.365714515174515,7.984286488713898,-3.441039294799273,2.892623657190656,ISO
14959,0,0.46534394865441375,13.738385191815537,-5.211852224930671,11.046549427290985,-5.677196173585084,-2.691835764524552,ISO
14960,0,1.706187853678101,4.587332910621626,4.162348390291655,1.5436937723754316,2.4561605366135533,-3.0436391382461943,ISO
14988,0,1.0350304630326896,3.1868871095808937,-0.9846946350432316,3.051609571859274,-2.0197250980759214,-0.13527753772161927,ISO
14991,0,1.6468991886797786,1.2272566069490605,1.6864881114845462,0.21378018314592587,0.03958892280476775,-1.0134764238031346,ISO
14992,0,5.634137438465518,1.5379672467164507,1.659786434574883,3.182526282809008,-3.974351003890635,1.6445590360925573,ISO
14993,0,2.4751927729855487,5.334594573419765,-1.9875428535317736,6.1473444391763366,-4.462735626517322,0.8127498657565717,ISO
14994,0,0.6867610326908514,7.672408412091881,-2.2963572030596606,7.371950460289588,-2.983118235750512,-0.30045795180229323,ISO
14995,0,0.7801734488804825,4.334948712200871,-0.45754533092239724,2.4402417649195853,-1.2377187798028797,-1.894706947281286,ISO
14998,0,0.9087328387107698,5.452397032264448,-1.3893849186899099,12.1514853969751,-2.2981177574006795,6.6990883647106525,ISO
14999,0,2.734554617711974,1.1758584856161987,5.239406647536103,-0.880526586903201,2.5048520298241286,-2.0563850725193995,ISO
15000,0,2.2189142231563705,5.02337525520142,11.579958602097763,3.7367131883017852,9.361044378941392,-1.2866620668996347,ISO
15001,0,2.186205964910971,9.071371079719142,-5.484886357536114,12.475210746605729,-7.671092322447085,3.4038396668865865,ISO
15002,0,17.479676863054564,3.4935008772260883,18.526509878529854,-10.77872831631952,1.0468330154752898,-14.27222919354561,ISO
15005,0,0.6147021977091568,3.5551806210792956,2.9358910935363878,1.8945672212977909,2.3211888958272313,-1.6606133997815047,ISO
15006,0,2.8295019410824365,6.556597985323373,3.840038348611907,3.215883508667278,1.0105364075294705,-3.3407144766560957,ISO
15007,0,1.8221127324366804,4.253393331042937,0.5336957411574769,5.0512415097428836,-1.2884169912792034,0.7978481786999464,ISO
15008,0,9.018489836628323,2.283735231226514,17.648809378997235,-8.623850037464596,8.630319542368914,-10.90758526869111,ISO
15009,0,8.730709875516514,2.7641284339493177,1.359700718318334,1.6906804984349504,-7.371009157198181,-1.0734479355143671,ISO
15012,0,4.138346018930592,2.6342654329946913,2.4473175635565227,0.7477914777532532,-1.6910284553740689,-1.886473955241438,ISO
15013,0,9.870656201577463,0.4586951999556374,9.963556495239414,-6.822365315796187,0.09290029366195306,-7.2810605157518244,ISO
15014,0,1.4028243810500565,5.814017810479133,0.6973577847993615,3.6651827759226374,-0.7054665962506949,-2.148835034556496,ISO
15015,0,5.679260296129784,4.3686617662537754,4.539312616497906,-1.529031618188806,-1.1399476796318782,-5.897693384442582,ISO
15016,0,3.7038848128551933,1.8784935520395891,-0.8828255915946316,5.6155672969095844,-4.586710404449825,3.737073744869995,ISO
15019,0,7.365116863694063,0.9266831940095268,6.2853294898046395,-2.0870517152044297,-1.079787373889424,-3.0137349092139565,ISO
15020,0,3.1294718777518122,2.055175561508563,2.140807876571523,1.4713188678981475,-0.9886640011802892,-0.5838566936104154,ISO
15021,0,1.9231980179407522,4.905657444200083,5.3188445183671496,1.434886021197777,3.395646500426398,-3.4707714230023057,ISO
15022,0,4.122359504651521,1.3501177416980508,4.66240660133066,-2.0251766125470763,0.5400470966791384,-3.375294354245127,ISO
15023,0,5.186582772635315,1.5332884214729392,6.266142987754082,-1.6741006234448133,1.0795602151187675,-3.2073890449177527,ISO
15026,0,5.4750647117041344,0.3660427332149506,6.004658453376848,-3.3177490287140334,0.5295937416727133,-3.683791761928984,ISO
15027,0,3.053597259332644,0.9758437724779367,0.9571673366409506,1.6295190267692683,-2.0964299226916934,0.6536752542913317,ISO
15028,0,6.3506448316226445,1.7268187639769086,7.963607413359412,-2.3530277662984025,1.6129625817367677,-4.0798465302753115,ISO
15029,0,0.4370329417024012,4.609173001442052,-0.7317760884317315,12.54691084957048,-1.1688090301341327,7.937737848128429,ISO
15030,0,4.053321304386054,1.630922181646478,3.74152735789483,-0.17388508554316712,-0.31179394649122444,-1.8048072671896453,ISO
15033,0,0.39545316158684823,4.258726355551567,-0.32853031885681305,6.3941734281209905,-0.7239834804436613,2.135447072569423,ISO
15034,0,3.6809595785319513,2.380749662889191,7.587526357038504,-2.8022789049469004,3.906566778506553,-5.183028567836091,ISO
15035,0,5.106008329144956,0.9513377964056288,4.734392002424065,2.393209144082556,-0.3716163267208906,1.4418713476769272,ISO
15036,0,2.128154723584899,4.339478712229248,-1.9128930963715827,7.964680206887588,-4.041047819956481,3.6252014946583406,ISO
15037,0,10.211324704393128,1.8237145350579493,10.255625462329718,-5.692647394856964,0.044300757936589566,-7.516361929914913,ISO
15040,0,1.037703810672556,10.496233814708107,-4.234953389501435,8.61013702368838,-5.272657200173991,-1.8860967910197282,ISO
15041,0,1.0359304287642845,5.569518434216883,-1.8100934911204871,4.528018487018387,-2.8460239198847717,-1.0414999471984965,ISO
15042,0,2.232038186242035,5.079811044550858,0.10262244534451334,4.104897813778346,-2.129415740897522,-0.9749132307725121,ISO
15043,0,1.9487941152464254,8.01627975110616,-0.9152647823584742,7.352969880745135,-2.8640588976048997,-0.6633098703610251,ISO
15044,0,3.418220308054798,2.6944111118571468,4.560416322863803,-1.1170928056923473,1.1421960148090058,-3.811503917549494,ISO
15047,0,1.6684778342394255,3.1218374571460563,0.9706553438185859,2.219390326676937,-0.6978224904208397,-0.9024471304691195,ISO
15048,0,3.0786777191558627,1.1301154425872768,3.44102415029933,0.040542258030057246,0.3623464311434674,-1.0895731845572196,ISO
15049,0,2.287933848957635,3.2063681018645176,-0.06521426647854256,5.075843740917801,-2.353148115436178,1.8694756390532832,ISO
15050,0,2.67060128705801,1.3033321198350243,2.6853559903014115,0.7967539751444608,0.014754703243401444,-0.5065781446905636,ISO
15051,0,2.135226773379623,0.9377946990159985,0.9067932213626915,1.8755893980320852,-1.2284335520169312,0.9377946990160867,ISO
15054,0,0.7515047175170734,3.5783186164852983,-2.370130262938624,4.618863609970487,-3.1216349804556973,1.0405449934851887,ISO
15055,0,3.5132834599850904,1.1502750291210633,3.6694293915399596,-0.3799551001169155,0.15614593155486922,-1.5302301292379787,ISO
15056,0,6.414533572909302,1.5186607106099859,5.908313336039306,-3.594163681776588,-0.5062202368699953,-5.112824392386574,ISO
15057,0,5.5900392245766986,0.8401215019594656,0.38774838551970814,9.661397272534222,-5.202290839056991,8.821275770574756,ISO
15058,0,2.773151526487005,6.20741301603954,-1.6147464584607794,5.125064846419007,-4.387897984947784,-1.0823481696205333,ISO
15061,0,5.955564231299819,1.173065681922785,6.169874307804861,-3.406402268660121,0.21431007650504158,-4.579467950582906,ISO
15062,0,5.998249911705219,0.8559664738865415,3.806456970995566,-0.9856583638693864,-2.1917929407096537,-1.841624837755928,ISO
15063,0,5.454391750926604,7.497989715653846,2.281058291614498,2.9934392722764294,-3.173333459312105,-4.504550443377417,ISO
15064,0,4.563070300209009,1.4436123370674747,4.060944269924689,0.33265849506336403,-0.5021260302843205,-1.1109538420041105,ISO
15065,0,0.8957424471529407,17.86462039461753,-2.971855782609731,9.610395601228227,-3.8675982297626716,-8.254224793389303,ISO
15068,0,1.4994436714294839,4.550291933595367,-1.7518252794918137,4.090066648305206,-3.2512689509212978,-0.46022528529016077,ISO
15069,0,11.199315889488101,1.3376960645776605,15.305731715633824,-9.264322977471053,4.106415826145723,-10.602019042048713,ISO
15070,0,2.413546042951279,2.6561447431447496,1.5737813115121257,2.4384279609196846,-0.8397647314391536,-0.21771678222506527,ISO
15071,0,3.920806935121981,2.676106320797675,1.5869932832636422,2.364931167216563,-2.333813651858339,-0.31117515358111186,ISO
15072,0,2.5422704225172925,3.7571607129239206,2.722254169244194,1.4248713282546515,0.17998374672690154,-2.332289384669269,ISO
15075,0,0.7883641144651601,2.746046814814899,0.1216937894812081,5.523839835581385,-0.6666703249839521,2.7777930207664867,ISO
15076,0,2.909614894700598,8.606053596802372,-4.228284397436469,7.554321240369427,-7.1378992921370665,-1.0517323564329446,ISO
15077,0,0.9756889970060648,3.667244850816389,-1.7158668568041067,6.426089600971907,-2.6915558538101716,2.7588447501555176,ISO
15078,0,7.164463528736036,1.6491783971807232,9.570641845934201,-5.785642245847239,2.4061783171981648,-7.434820643027962,ISO
15079,0,5.705414114905253,2.339956335110175,6.470290883040469,-4.14166605560649,0.7648767681352155,-6.481622390716665,ISO
15082,0,12.792259583986418,1.7345436724049994,12.358623665885085,-7.949991831855946,-0.433635918101332,-9.684535504260944,ISO
15083,0,0.5253068117414207,3.6421272280737225,3.0467795081003355,0.9805727152505563,2.5214726963589147,-2.6615545128231664,ISO
15084,0,2.6422237783361067,1.5148749662460985,0.17614825188907376,4.276879555866826,-2.4660755264470327,2.762004589620728,ISO
15089,0,0.8585589693545828,7.766056131889858,-0.7024573385629695,3.6683883236062833,-1.5610163079175523,-4.097667808283575,ISO
15090,0,0.4494811146190696,6.657939010295296,0.6180365326012047,4.034093003706414,0.16855541798213514,-2.623846006588881,ISO
15091,0,3.8383432846260406,4.386678039572847,16.920043866923354,1.605837496629449,13.081700582297314,-2.7808405429433978,ISO
15092,0,6.217965796877468,1.1079058176618333,5.159853499110504,2.184690685389373,-1.058112297766964,1.0767848677275398,ISO
15093,0,4.365187173434395,2.0752529185180872,21.682814976239992,-3.9358245006376285,17.317627802805596,-6.011077419155716,ISO
15096,0,9.50610586916583,0.5608322046705865,5.668411211491576,3.605349887167822,-3.8376946576742546,3.0445176824972355,ISO
15097,0,4.067394708093589,2.2380401503864635,3.366790834929149,4.339851769879874,-0.7006038731644405,2.10181161949341,ISO
15098,0,4.020424121067832,6.689264893003884,-5.612288954489466,11.876770509194829,-9.632713075557298,5.187505616190945,ISO
15099,0,2.188126285613091,8.082048620398137,-4.943093085326405,13.186660776946736,-7.131219370939496,5.1046121565486,ISO
15100,0,6.1110540587689215,0.915058356443905,5.503148157634881,-0.8094746999311664,-0.6079059011340404,-1.7245330563750714,ISO
15103,0,0.4844801429971319,4.303064542801257,2.2242042928501733,2.466444364348689,1.7397241498530414,-1.8366201784525678,ISO
15105,0,0.16588423993479284,9.72295690198622,-6.4694853574581375,14.603164218778469,-6.6353695973929305,4.880207316792247,ISO
15106,0,5.444139337189338,1.0463666135544387,7.703684633125867,-1.9501847319291197,2.2595452959365296,-2.9965513454835584,ISO
15107,0,0.26377822365360903,4.3310682528922335,-2.1825520763592343,12.712408585110168,-2.446330300012843,8.381340332217935,ISO
15110,0,5.947210413548537,0.23488192786526454,5.472748919260707,1.0099922898205735,-0.47446149428783013,0.7751103619553089,ISO
15111,0,0.056408285862899435,10.886799171549466,-6.035686587335754,13.267228834966003,-6.092094873198654,2.3804296634165363,ISO
15112,0,2.9575454106954835,2.64066554526376,3.0631720325059377,0.6865730417685536,0.10562662181045433,-1.9540925034952066,ISO
15113,0,0.7106448822424163,3.8164262194496277,1.0949195222697676,4.053307846863647,0.3842746400273514,0.23688162741401908,ISO
15114,0,3.205726892901287,7.154543736072815,10.57521400301915,0.24564957033731796,7.369487110117863,-6.9088941657354965,ISO
15117,0,3.680483882883749,2.8311414483721147,4.886550139890332,-0.08493424345121493,1.2060662570065828,-2.9160756918233295,ISO
15118,0,4.202816334484309,2.8018775563228084,3.566025980774571,2.0377291318710458,-0.6367903537097379,-0.7641484244517628,ISO
15119,0,1.2422150894080606,3.1831761666078133,3.7266452682238285,2.6397070649917977,2.484430178815768,-0.5434691016160155,ISO
15120,0,2.9474367544980784,2.472043729579037,2.2486090078670746,1.9491114021681346,-0.6988277466310039,-0.5229323274109023,ISO
15124,0,2.038280877449109,2.101977154869629,2.547851096811531,-0.7643553290433434,0.5095702193624221,-2.8663324839129722,ISO
15125,0,2.0010389342719237,4.266366029673852,0.6795981286206988,3.4735015462831518,-1.321440805651225,-0.7928644833907007,ISO
15126,0,11.022969200643473,0.04462740567058027,16.360406918849744,-3.525565047979088,5.337437718206271,-3.5701924536496685,ISO
15127,0,0.397290612303637,6.47222524771072,-5.164777959947774,17.04737900066666,-5.562068572251411,10.57515375295594,ISO
15128,0,12.415055281624603,0.03016291370654329,12.240110382126515,-6.183397309846998,-0.17494489949808825,-6.213560223553541,ISO
15131,0,6.865658269537699,3.054177678691376,7.456520981219155,2.4466709469625707,0.5908627116814564,-0.6075067317288054,ISO
15132,0,0.17507920061438503,8.495948577179849,-1.7415773113742643,12.181826484850054,-1.9166565119886494,3.6858779076702053,ISO
15133,0,6.381449095907792,1.2866872922502675,4.6268755155666526,0.11697157202279189,-1.7545735803411395,-1.1697157202274755,ISO
15134,0,4.749226425159445,0.9165173802938448,12.081365467510771,-2.41627309350223,7.332139042351327,-3.332790473796075,ISO
15135,0,0.8434419171351779,12.823759760524288,-3.9417999800805936,11.618842736045602,-4.785241897215771,-1.2049170244786858,ISO
15138,0,4.379851598139273,1.7986224431229185,0.5354677502427045,10.276861821966131,-3.844383847896568,8.478239378843211,ISO
15139,0,5.225017251038836,2.8896488616071374,7.442139139739918,0.28083543923555104,2.217121888701082,-2.608813422371586,ISO
15140,0,12.54643514130174,3.828950455790757,11.077466727444962,0.417411789729797,-1.4689684138567785,-3.41153866606096,ISO
15141,0,5.361342922888294,3.3753696293442004,4.026894464775492,0.981212101553505,-1.3344484581128027,-2.394157527790695,ISO
15142,0,10.14342508003771,1.1746689451061054,11.310157072812025,-4.9526582550419045,1.1667319927743147,-6.12732720014801,ISO
15145,0,8.863095422689554,4.4267464678873125,5.166137960354134,0.2592671467092106,-3.69695746233542,-4.167479321178102,ISO
15146,0,4.374685126994729,3.2889199027042837,3.9003216794892386,1.4230903425162305,-0.47436344750549003,-1.865829560188053,ISO
15147,0,14.239724055191083,0.1325858850577263,14.177850642164238,-3.836151607667816,-0.06187341302684515,-3.9687374927255425,ISO
15148,0,1.2063156060126328,14.688298829687014,-9.51301736969518,15.807109676714214,-10.719332975707815,1.118810847027201,ISO
15149,0,2.7529609720266746,6.804066142245049,-3.502751155464939,10.385153585531944,-6.255712127491614,3.581087443286895,ISO
15152,0,0.711580644104852,3.409443949451705,0.0358349964657932,5.3138180473437036,-0.6757456476390589,1.9043740978919987,ISO
15153,0,3.2297547455669484,5.0730781857194875,1.5912450209865756,3.544852769524582,-1.6385097245803728,-1.5282254161949058,ISO
15154,0,1.0111535748869829,3.9519895445967084,3.51974068815632,2.2924626850492307,2.508587113269337,-1.6595268595474777,ISO
15155,0,1.8939302339809005,7.1905147866389925,0.7142364017979237,9.277048095261833,-1.1796938321829769,2.0865333086228404,ISO
15156,0,1.9660124310187221,5.4627401367967146,-0.6601209622399312,3.654582718487494,-2.6261333932586535,-1.8081574183092208,ISO
15160,0,5.134173080042039,1.631169572305094,8.13579249793127,-2.0790726925690843,3.001619417889231,-3.7102422648741786,ISO
15161,0,10.943356437936178,2.0100042437025176,13.485420628501101,-9.432568934499649,2.5420641905649224,-11.442573178202165,ISO
15162,0,3.0133676786014156,2.4266943252454642,3.886710965983651,0.32667038993688646,0.8733432873822358,-2.1000239353085774,ISO
15163,0,12.548710153655806,2.594167603630262,12.195657757895434,-8.219980779550642,-0.3530523957603718,-10.814148383180905,ISO
15166,0,9.603904532278117,1.374097110002963,8.96856930937347,0.4210942756461614,-0.6353352229046464,-0.9530028343568016,ISO
15167,0,4.027257407801759,1.7786285576789898,13.312067106566717,-2.94441359677959,9.284809698764958,-4.72304215445858,ISO
15168,0,7.743243559921359,1.1475853709891484,8.506328677743998,-2.5554478364293343,0.7630851178226382,-3.703033207418483,ISO
15169,0,0.6883699085164076,5.183020487653035,-0.7018673577029917,4.863580856903569,-1.3902372662193994,-0.3194396307494661,ISO
15170,0,4.583142423730341,1.9101432381995502,6.619427196527857,-2.7691070214150924,2.0362847727975164,-4.679250259614642,ISO
15173,0,0.9960449832468888,1.947821300571651,2.206055185117153,0.20289805214286458,1.210010201870264,-1.7449232484287862,ISO
15174,0,0.3968786323597804,3.7042005686921495,-0.09019968917275194,12.850449050803672,-0.48707832153253233,9.146248482111522,ISO
15175,0,1.7444857762027408,3.2684607099079184,6.54672190170483,-0.9065445747121792,4.802236125502089,-4.175005284620098,ISO
15176,0,1.5762557951929204,3.999826958552733,1.165058631229636,8.921732405993186,-0.4111971639632843,4.921905447440454,ISO
15177,0,6.695708368431676,0.2043670024098985,6.174034704385179,-2.0974508142075545,-0.5216736640464968,-2.301817816617453,ISO
15180,0,1.3665369541242232,3.2860446757315263,-0.45763097998583274,5.3453840856677015,-1.8241679341100558,2.0593394099361753,ISO
15181,0,1.9350751414818725,1.899634204824728,6.258869413657393,0.992346226400857,4.32379427217552,-0.907287978423871,ISO
15182,0,6.542235759466966,3.9766531086957877,1.147385574372696,7.433063068762754,-5.39485018509427,3.4564099600669667,ISO
15183,0,3.8717634282945044,6.325158075926398,1.7569883544240237,6.932117689272908,-2.1147750738704807,0.6069596133465099,ISO
15184,0,12.109551708395118,0.2677948328177048,9.921471976835107,-4.7288648526850565,-2.1880797315600122,-4.996659685502761,ISO
15187,0,7.976108467886271,3.9222447581353292,10.391316230026776,-0.40801875000745735,2.415207762140504,-4.330263508142787,ISO
15188,0,8.48534169583545,1.0548626502249967,20.712460339639073,-6.176585706663627,12.227118643803621,-7.231448356888625,ISO
15189,0,2.4958863974850023,2.8809938689720473,1.5745533327883219,4.762658223326077,-0.9213330646966806,1.8816643543540297,ISO
15190,0,6.610235286619005,0.0,5.539972163922719,8.05781151019803,-1.0702631226962864,8.05781151019803,ISO
15191,0,0.39908567156691227,6.232450067180856,-0.6228720294549647,6.691212100851265,-1.021957701021877,0.4587620336704099,ISO
15194,0,0.5252192267861324,3.8620739882699313,4.084721269190142,2.5090635888316797,3.5595020424040094,-1.3530103994382519,ISO
15195,0,0.05395689804438882,6.73382087593711,1.464544375489983,6.713779742377756,1.410587477445594,-0.020041133559353434,ISO
15196,0,4.872346119000649,0.0,8.903440424644971,-1.4082324875635972,4.031094305644324,-1.4082324875635972,ISO
15197,0,2.355032017198868,4.761491691399854,-1.6900192111374395,8.095422559121143,-4.045051228336308,3.333930867721288,ISO
15198,0,1.2286520963424161,5.845840525168415,-1.439922824094111,5.054088089128035,-2.6685749204365274,-0.7917524360403799,ISO
15201,0,0.6771984035887322,2.6864332897082956,7.698340342683596,0.49831580641435835,7.021141939094864,-2.188117483293937,ISO
15202,0,3.7055459416607066,3.246730706918234,3.8106181328231727,1.0682339434844106,0.10507219116246631,-2.1784967634338237,ISO
15203,0,0.962300276373166,4.356947482474063,1.2427697036579128,5.759294618897358,0.28046942728474683,1.4023471364232944,ISO
15204,0,8.291690322037201,0.42161137230697,9.287850525233134,-3.2571545233127734,0.9961602031959317,-3.6787658956197435,ISO
15205,0,0.9235550911443755,7.032893698761422,-3.6660367585097413,5.838342395426794,-4.589591849654117,-1.1945513033346271,ISO
15208,0,3.0838731637045744,4.0355728937499205,4.927791390667384,-1.150733087049993,1.8439182269628094,-5.186305980799913,ISO
15209,0,0.017077510888443653,4.662160472549388,0.531537526403294,12.878577898759314,0.5144600155148503,8.216417426209926,ISO
15210,0,1.335033872401295,21.65841969871282,-14.809939651445363,25.698725048860258,-16.14497352384666,4.0403053501474355,ISO
15211,0,4.4301919627424216,1.0149219465573207,9.011757227173074,-2.6338954493753306,4.581565264430652,-3.6488173959326513,ISO
15212,0,1.7356131254332667,4.941551359718018,8.111518337517087,3.0687978189331817,6.37590521208382,-1.872753540784836,ISO
15215,0,1.937757283287618,10.373707989323286,-2.793909249394081,11.358282750345731,-4.731666532681699,0.9845747610224457,ISO
15216,0,13.570180086915942,0.800440514999257,15.771391503163994,-7.760202958976213,2.201211416248053,-8.56064347397547,ISO
15217,0,0.4948655076023053,6.021395789276344,2.410473924127133,3.0585881050512853,1.915608416524828,-2.9628076842250586,ISO
15218,0,3.0395365410184825,2.2749520915252135,3.0802725977538166,0.43556245278516226,0.04073605673533422,-1.839389638740051,ISO
15219,0,9.751728254847189,0.0,10.797150812724245,-6.412368937806658,1.045422557877056,-6.412368937806658,ISO
15222,0,2.7243217781683877,0.7017531077480829,3.32774005553138,-1.8102548320889256,0.6034182773629921,-2.5120079398370088,ISO
15223,0,2.326222750322751,0.9573257949704455,1.0373848426063759,2.8246185116619067,-1.288837907716375,1.8672927166914615,ISO
15224,0,0.8599344729939598,7.082883361217483,-1.048458568996459,5.554845951512844,-1.9083930419904187,-1.5280374097046399,ISO
15225,0,5.450544504589607,1.2544739725716982,6.487659125478098,-1.821678376011714,1.0371146208884907,-3.0761523485834124,ISO
15226,0,3.2032770539106807,0.5993861972041484,4.0898009011416,-1.0579330147373809,0.8865238472309195,-1.6573192119415294,ISO
15229,0,1.863325045999476,1.6595724741914932,-0.09798787804502902,5.407997650200471,-1.9613129240445049,3.7484251760089777,ISO
15230,0,3.473394324113094,0.9187004316067229,5.429166204475839,-0.9505016003931205,1.9557718803627453,-1.8692020319998435,ISO
15231,0,0.40285695102166164,4.839319124147305,-2.223266798450587,6.463336207953193,-2.626123749472249,1.6240170838058892,ISO
15232,0,1.0868884415431654,5.869639408902725,-2.2555144284869098,6.289372750149084,-3.342402870030075,0.41973334124635825,ISO
15233,0,3.0889945996992725,2.0961975288666905,9.090545062371582,-1.8512900286347627,6.00155046267231,-3.9474875575014536,ISO
15236,0,0.07045330297157194,12.859136858371341,-8.815117267803137,14.31047489958575,-8.885570570774709,1.4513380412144077,ISO
15237,0,6.518542464224447,2.6880300907910772,7.246840172380836,-3.4608039948654374,0.7282977081563884,-6.148834085656515,ISO
15238,0,0.0,7.677186522575,1.9145182987832123,9.700013676863392,1.9145182987832123,2.022827154288393,ISO
15239,0,1.05432751133902,5.880931897487046,-0.41638296643458306,5.491289121557414,-1.470710477773603,-0.38964277592963215,ISO
15240,0,0.9469958623493429,5.640863078275443,-3.5001987786534587,10.877693490728204,-4.447194641002802,5.236830412452761,ISO
15243,0,1.108683514436795,2.8839282751971425,0.6110144757965729,2.5941843100159696,-0.4976690386402221,-0.28974396518117285,ISO
15244,0,0.6300683699231752,2.7276775316375126,-0.24668512238890036,3.983100543030577,-0.8767534923120756,1.255423011393064,ISO
15245,0,0.29932874895412054,3.774963136809955,-1.4778287948363609,9.7564067659103,-1.7771575437904814,5.981443629100345,ISO
15246,0,2.9650056409329704,1.969924111837105,2.0188348988604905,0.5936757597317355,-0.9461707420724798,-1.3762483521053694,ISO
15247,0,0.6621206558800157,3.3428494152384602,2.1389936772747866,2.9214999069512086,1.4768730213947707,-0.42134950828725165,ISO
15250,0,1.6983705686761636,3.280943144033548,0.5307408027113149,3.3822663881874866,-1.1676297659648487,0.1013232441539389,ISO
15251,0,0.05316650326388269,10.175477985791261,-8.261483868289737,21.34930475509408,-8.31465037155362,11.173826769302819,ISO
15252,0,3.9706765012248737,0.09079823133847235,7.16258355673897,-0.7263858507078186,3.1919070555140965,-0.8171840820462909,ISO
15253,0,0.6179316856665198,5.652336155036338,0.6473570040315662,3.4507873355404115,0.029425318365046305,-2.201548819495926,ISO
15254,0,2.931945120833023,2.4785515454464067,0.2387872830369729,8.705156647421704,-2.69315783779605,6.226605101975299,ISO
15257,0,2.584674649504334,2.968932030777137,4.922844563852629,0.9352679657393677,2.3381699143482955,-2.0336640650377693,ISO
15258,0,1.9318094378231292,1.6417719326953237,1.673702667204888,1.527353467369698,-0.2581067706182413,-0.11441846532562584,ISO
15259,0,2.708746367545632,2.15928536060569,-0.343814782120241,3.8462270485789354,-3.052561149665873,1.6869416879732455,ISO
15260,0,0.740788725192251,5.345359307507924,-0.20901922536548062,4.152720198069672,-0.9498079505577317,-1.1926391094382525,ISO
15261,0,3.8848389774074654,3.6176997004061917,3.717310956237163,2.983809890572776,-0.16752802117030252,-0.6338898098334157,ISO
15264,0,0.7629715978651468,2.517093215386749,-0.7344492951411622,7.251795467559018,-1.497420893006309,4.734702252172268,ISO
15265,0,1.2580104852845535,11.727537505890885,2.758529015925208,8.764392326696512,1.5005185306406548,-2.9631451791943726,ISO
15266,0,1.7434525181425307,2.3092847192530526,-0.5083873075967512,4.4060233325052645,-2.2518398257392818,2.0967386132522114,ISO
15267,0,0.40406025903738313,2.85694371389997,-0.9103239953608268,5.314580818868768,-1.3143842543982098,2.4576371049687973,ISO
15268,0,8.429609950215495,0.0,6.50156086585771,-3.2111157379912587,-1.9280490843577849,-3.2111157379912587,ISO
15271,0,3.1481348630829094,1.3003964311917697,1.5465166596941962,2.5126303924722286,-1.601618203388713,1.2122339612804591,ISO
15272,0,10.216939505138093,5.086714751687001,18.665790756773852,-8.575425802222034,8.448851251635757,-13.662140553909035,ISO
15273,0,3.285737232223917,2.5720549543558735,4.287691175270031,-0.37503304013456357,1.0019539430461137,-2.947087994490437,ISO
15274,0,4.4729569169133745,0.5016645749445053,9.053600993893388,-2.770974484640985,4.580644076980013,-3.27263905958549,ISO
15275,0,2.099289026851699,1.974729185895272,2.236001047413693,1.3276256219019342,0.1367120205619942,-0.6471035639933378,ISO
15278,0,0.8409743590774792,2.659137233984506,0.9831108704708654,2.9907890939024293,0.14213651139338626,0.3316518599179237,ISO
15279,0,3.353965119350492,4.142002769169223,5.223151983859565,1.4535450553058933,1.8691868645090735,-2.68845771386333,ISO
15280,0,4.053707224880405,1.7548649169118395,3.546609656946136,3.5496829755396737,-0.5070975679342691,1.7948180586278344,ISO
15281,0,1.976355816850811,1.8281754369556849,2.150467763227555,-0.1278055776595275,0.17411194637674393,-1.9559810146152123,ISO
15282,0,1.681005279136489,4.1713834704496,-0.22413403721817338,3.1627803029677253,-1.9051393163546624,-1.0086031674818745,ISO
15285,0,4.100594181200803,0.0034604170305460136,9.374269735757727,-3.0278649017305157,5.273675554556924,-3.031325318761062,ISO
15286,0,3.2648739422095265,2.4841432168984694,5.953071780496104,5.638117908353498,2.6881978382865777,3.1539746914550277,ISO
15287,0,4.512491493436752,1.1550541886383634,3.5459565117523444,6.215149092750775,-0.9665349816844071,5.060094904112412,ISO
15288,0,1.8838551537817791,9.57794657052916,-1.8607757644552239,7.189229775228525,-3.7446309182370032,-2.3887167953006347,ISO
15289,0,5.0270412869746375,0.928997229832891,9.599638041606815,-3.816529745071148,4.572596754632177,-4.745526974904039,ISO
15292,0,3.225563344898784,1.6146723895331099,2.1289474363165395,1.4634150228320808,-1.0966159085822447,-0.15125736670102893,ISO
15293,0,6.841640295627183,0.6777433035292321,6.281610302710905,0.007134140037143835,-0.5600299929162776,-0.6706091634920882,ISO
15294,0,1.1625511767143368,8.021603119328475,0.4474060589173847,4.872146295138881,-0.7151451177969521,-3.1494568241895946,ISO
15295,0,0.041892558402824326,6.40676859841111,-3.9518646760033813,12.679481009933054,-3.9937572344062056,6.272712411521945,ISO
15296,0,1.1683334345334404,5.7527722374309,-1.4032700490863592,6.800462545572268,-2.5716034836198,1.0476903081413678,ISO
15299,0,3.1548706160602222,3.5899231306575823,-2.554083810187536,10.802324342044768,-5.708954426247758,7.212401211387185,ISO
15300,0,2.354029661711866,3.560146507616445,2.603013568239078,1.3451598066924528,0.24898390652721164,-2.2149867009239923,ISO
15301,0,1.5802582668748808,3.220046810926625,2.7113335332339896,3.3580488171091907,1.1310752663591086,0.1380020061825661,ISO
15302,0,0.7886662262150982,3.6600777681388497,-0.6775864760439381,3.2712986425398523,-1.4662527022590364,-0.3887791255989974,ISO
15303,0,6.2572477092865215,1.715905041928028,5.292857469556281,-0.14836772918927907,-0.9643902397302407,-1.864272771117307,ISO
15306,0,2.9143385648735833,0.997302170489063,1.085951252310315,2.1682087928779974,-1.8283873125632681,1.1709066223889342,ISO
15307,0,1.3313442202598496,3.0273241186798896,2.6414886917893705,2.467650752201272,1.3101444715295207,-0.5596733664786181,ISO
15308,0,8.38721151459081,1.0145010335013915,8.377166949902687,-6.498833353221872,-0.010044564688123545,-7.513334386723263,ISO
15309,0,2.8613630848221594,0.6927510626411183,1.278410173569694,3.8017642857986846,-1.5829529112524652,3.1090132231575662,ISO
15310,0,4.646546250626856,2.9644631993245936,-0.2581414583681113,4.3717505046220095,-4.904687708994967,1.4072873052974162,ISO
15313,0,3.928626740568492,3.796710627558688,1.380996808069749,8.207655656318622,-2.547629932498743,4.410945028759933,ISO
15314,0,0.09007982321479058,7.463756780652725,5.7908457780926765,5.936689301392753,5.700765954877886,-1.5270674792599712,ISO
15315,0,6.300776790559996,1.9985621819881452,8.034043107682498,-1.171723403156711,1.7332663171225013,-3.170285585144856,ISO
15316,0,10.23432229062437,18.027970947424784,-14.089879190433454,20.47453992819047,-24.324201481057823,2.446568980765686,ISO
15317,0,0.32067136415060526,4.935132294277847,-0.5002473280749267,3.7518549605620963,-0.8209186922255319,-1.183277333715751,ISO
15320,0,0.9935308498844017,7.099874677258503,-3.4515519784946087,6.245051056416354,-4.44508282837901,-0.8548236208421484,ISO
15321,0,3.3750339276839885,3.3611591736133577,-1.1099803256514795,15.890062099404217,-4.485014253335468,12.52890292579086,ISO
15322,0,1.8131903942975196,13.67817578914996,-11.00593889685483,19.84365711241686,-12.81912929115235,6.165481323266901,ISO
15323,0,1.7057674139608117,5.96334463570525,-1.5187715209865131,5.160630558547227,-3.224538934947325,-0.8027140771580229,ISO
15324,0,2.0936635996623623,4.399207392086494,0.8331560122155417,3.0884231487300773,-1.2605075874468206,-1.3107842433564165,ISO
15327,0,6.046972752534199,1.7352182681184893,2.5239538445360092,2.4835058662582257,-3.5230189079981895,0.7482875981397363,ISO
15328,0,5.712289916047097,0.5582769659936584,6.422418216790994,-2.6082699851223357,0.710128300743897,-3.1665469511159943,ISO
15329,0,0.5302485582718544,5.252406552215202,-1.7174161637360836,4.689753915382318,-2.2476647220079378,-0.5626526368328835,ISO
15330,0,1.0707744782603528,5.60279782351713,-1.0312625048927586,3.654857536497465,-2.1020369831531114,-1.9479402870196652,ISO
15331,0,1.4597314929047265,2.8282297675028554,-0.3588506586723485,3.442533437433566,-1.8185821515770748,0.6143036699307102,ISO
15335,0,2.5936916570078576,2.212659635231113,0.9492376682863065,4.124504516427618,-1.6444539887215512,1.911844881196505,ISO
15336,0,0.6159046913931121,10.895647278692495,-8.436916645591417,20.554597042127398,-9.052821336984529,9.658949763434903,ISO
15337,0,3.0772050312474297,0.04665798242325461,5.8344696115926356,-0.8753926226075394,2.7572645803452063,-0.9220506050307941,ISO
15338,0,1.295606408501363,2.9398984467313998,3.9654444165213287,2.741626225905279,2.669838008019966,-0.19827222082612087,ISO
15342,0,2.9866054424374635,3.304791010154812,4.4545979480423,-1.055797565607378,1.4679925056048369,-4.36058857576219,ISO
15343,0,4.936843456318112,1.8561000591583376,6.187000197194555,-2.6055562686123572,1.250156740876443,-4.461656327770695,ISO
15344,0,2.4877114103744495,3.8737220532974517,5.208039991589195,2.109708507759152,2.7203285812147455,-1.7640135455382995,ISO
15345,0,3.9332444953138994,6.39322746868354,-0.05911234501632726,3.260273182820884,-3.9923568403302263,-3.1329542858626565,ISO
15348,0,1.4506081502262183,3.1386670393286256,-0.6994003581447102,5.396607701734239,-2.1500085083709286,2.2579406624056135,ISO
15349,0,3.843854566098769,0.07793990825270425,3.709231088207793,-0.13462347789105658,-0.13462347789097603,-0.21256338614376083,ISO
15350,0,3.1472765183675464,1.6293802138687052,3.6275148971919657,0.30872467210145427,0.48023837882441944,-1.320655541767251,ISO
15351,0,3.197566799335568,2.0687427851608957,0.5667157295652415,5.215627689982441,-2.6308510697703267,3.1468849048215457,ISO
15352,0,2.025090210966921,4.465216578245025,0.5438404806836816,3.0519469080472663,-1.481249730283239,-1.4132696701977585,ISO
15355,0,0.4446347947245061,1.981935946697923,0.3500316469107425,1.0784758850767546,-0.09460314781376361,-0.9034600616211682,ISO
15356,0,1.3892166236032466,2.8083548360225357,-0.055568664944079325,5.227729017436225,-1.4447852885473258,2.419374181413689,ISO
15357,0,0.14875208087875455,4.333643956269509,2.218058805992929,1.80485858132963,2.069306725114174,-2.528785374939879,ISO
15358,0,0.8121414666229309,5.812964073221964,-2.111567813219486,7.077935933355762,-2.923709279842417,1.2649718601337974,ISO
15359,0,7.8097052295635665,0.997626861582968,10.001461213344264,-5.013326905429423,2.191755983780697,-6.010953767012391,ISO
15362,0,1.3373311819589189,3.4989293817288982,2.8849345623390468,0.3784899571581196,1.5476033803801281,-3.1204394245707787,ISO
15363,0,1.626227892702797,1.7693677561190448,1.5904429268486446,1.3001870926987598,-0.03578496585415237,-0.4691806634202851,ISO
15364,0,2.6165584833668505,2.7466636013244226,28.10270547881384,-0.7565371673823043,25.486146995446987,-3.503200768706727,ISO
15365,0,4.645563554788127,1.085975895924508,3.9048207368889924,-0.7407428178991344,-0.7407428178991344,-1.8267187138236425,ISO
15366,0,3.7710067180973517,2.4063073559214097,7.566124732346088,-2.743865502042671,3.795118014248737,-5.150172857964081,ISO
15369,0,5.7511650004998,0.2738650000237642,5.803104914297369,-2.8472516381784443,0.05193991379756972,-3.1211166382022086,ISO
15370,0,4.29635704296735,1.5508361204415488,1.4155887843565527,5.324236797213464,-2.8807682586107974,3.7734006767719155,ISO
15371,0,2.3507755317139285,3.374342377814178,2.007954100005638,2.042236243176322,-0.3428214317082905,-1.3321061346378558,ISO
15372,0,5.147206797633681,2.555661934378984,5.426296244445752,-1.136292747734755,0.2790894468120721,-3.6919546821137392,ISO
15373,0,3.179001659637413,14.51256887914922,-7.40549045616672,20.30419833952309,-10.584492115804133,5.791629460373872,ISO
15376,0,0.7951454818142167,3.166319228031432,1.6223820368854802,0.7987111566205553,0.8272365550712634,-2.367608071410877,ISO
15377,0,7.854920246976439,1.8824029442498538,12.64316851293226,-7.200648155674087,4.788248265955821,-9.08305109992394,ISO
15378,0,0.7380447212250848,4.735095908084635,-2.135354109162535,9.412143354949277,-2.8733988303876195,4.677047446864643,ISO
15379,0,8.331633654111398,1.9890642747515703,6.907791548540849,3.2273754392932985,-1.4238421055705497,1.238311164541728,ISO
15380,0,0.4737911816663455,5.610685046049134,1.3786254684577486,2.173027224184158,0.9048342867914031,-3.4376578218649767,ISO
15383,0,2.2557322436911402,6.223958461376964,-0.8329653468675239,4.087221267238344,-3.088697590558664,-2.13673719413862,ISO
15384,0,3.6015712331406142,3.4221654431959365,1.8030281889446143,3.1530567582788698,-1.7985430441959998,-0.269108684917067,ISO
15385,0,7.592768156502455,1.3805033011822097,4.7189319574067445,3.5375397092794874,-2.8738361990957095,2.157036408097278,ISO
15386,0,1.4082759805667804,5.566675809976096,5.331963146548317,0.5269963575077082,3.9236871659815358,-5.0396794524683886,ISO
15387,0,2.6832094300587417,6.271078920252145,-3.778648142330578,8.849667799138963,-6.461857572389319,2.578588878886819,ISO
15390,0,1.037288236352915,1.3047994130964296,0.48588764755481784,0.7370205889875125,-0.5514005887980972,-0.567778824108917,ISO
15391,0,9.427578122149384,1.0308909787959804,11.84189274606527,-7.184188427360375,2.4143146239158852,-8.215079406156356,ISO
15392,0,2.695513877222761,2.432231126424353,17.85307795890802,-0.3322377569600012,15.15756408168526,-2.7644688833843545,ISO
15393,0,6.01110490042609,2.1706767695982987,6.914007488350193,-0.17315940042377947,0.9029025879241034,-2.343836170022078,ISO
15394,0,0.0,4.864778745345208,-1.252209563152638,5.651565285025102,-1.252209563152638,0.7867865396798935,ISO
15397,0,6.631968185434692,0.04844388740280368,6.258950252433621,-0.07266583110404029,-0.3730179330010706,-0.12110971850684397,ISO
15398,0,5.849933609328715,0.08497110270540419,9.229169001533005,-2.4053358304277768,3.37923539220429,-2.490306933133181,ISO
15399,0,0.8268125412354654,27.151859080270025,-19.191191597822122,41.070562663882065,-20.018004139057588,13.918703583612045,ISO
15401,0,0.5576220767049819,5.883168699181443,-0.2404425468361251,4.609334780836934,-0.798064623541107,-1.2738339183445084,ISO
15404,0,5.91558259302836,1.3794377537836773,4.6356027337181205,0.04756681909594479,-1.2799798593102398,-1.3318709346877324,ISO
15422,0,5.198408788401039,0.192635582418263,5.3112382009603225,-3.1812390467928076,0.11282941255928354,-3.3738746292110706,ISO
15425,0,15.118891637015185,1.224564514258416,19.389933723331275,-13.44034222966584,4.271042086316088,-14.664906743924256,ISO
15426,0,1.9784001785195817,5.047746741194283,-3.3858905912378034,7.902295570201082,-5.364290769757385,2.8545488290067995,ISO
15427,0,0.7795060678440271,3.831727878947761,-0.5314814098937595,11.161109607767107,-1.3109874777377866,7.329381728819346,ISO
15428,0,4.5976574961556365,5.370266607079881,3.065104997437043,7.181465014656282,-1.5325524987185934,1.8111984075764018,ISO
15429,0,3.613188523270288,1.9013847012887533,4.243266151556678,1.1597889087039992,0.6300776282863901,-0.741595792584754,ISO
15432,0,11.911602865935015,0.025316903009403233,12.291356411076496,-7.955836770712162,0.37975354514148024,-7.981153673721565,ISO
15433,0,2.5444180538324135,8.049613479397243,-1.403285108477416,29.792822303056383,-3.9477031623098293,21.743208823659142,ISO
15434,0,0.09409650774801431,6.4825772659263965,-3.0077276583743373,6.640524975360512,-3.1018241661223516,0.15794770943411504,ISO
15439,0,5.96279031339076,0.40060089960763345,4.722468297297753,3.2664381044931323,-1.2403220160930066,2.865837204885499,ISO
15440,0,3.745484516982362,5.512507454429668,10.058438259315471,5.139972704084647,6.31295374233311,-0.3725347503450217,ISO
15441,0,1.4351316991557306,1.7107819950299865,0.5819284024015937,1.8595456467717937,-0.853203296754137,0.14876365174180717,ISO
15442,0,13.508838524043101,2.483862292226949,16.336420663497098,-11.148196554407075,2.8275821394539977,-13.632058846634024,ISO
15443,0,1.6590915510852886,6.502026807492114,-1.8202988273041063,16.53046278227058,-3.479390378389395,10.028435974778466,ISO
15446,0,5.400798173427063,1.4569346851240916,2.6416947587414916,1.131392502733661,-2.7591034146855713,-0.3255421823904306,ISO
15447,0,1.708370399541502,11.328263028683478,2.085390073923122,3.687723690044639,0.37701967438162,-7.640539338638839,ISO
15448,0,2.627585619273542,4.713401007768926,0.9074651365531526,4.611819089497983,-1.7201204827203895,-0.1015819182709431,ISO
15449,0,7.214142649388634,3.9764552610375254,5.409367443630901,0.7536423936130898,-1.8047752057577335,-3.2228128674244356,ISO
15450,0,2.0750243740036964,3.4583739566731215,-0.2262487635207539,2.6503426583850294,-2.3012731375244506,-0.8080312982880918,ISO
15453,0,0.35132104322639723,5.732080178957619,3.8522044213425053,1.7874228515029784,3.5008833781161077,-3.944657327454641,ISO
15454,0,7.628999052761522,0.2322166229130059,4.200388914456916,-1.6460060624132293,-3.4286101383046064,-1.8782226853262354,ISO
15455,0,2.5808969174829532,2.8234877504579425,3.652339763122209,11.037882900358035,1.0714428456392557,8.214395149900092,ISO
15456,0,7.630969014354408,0.42065634532193164,8.761482942406941,-5.435668712205974,1.1305139280525325,-5.856325057527905,ISO
15457,0,9.967465171722326,0.9496441665131703,8.448034505301253,-5.842210912389065,-1.5194306664210726,-6.791855078902236,ISO
15460,0,0.17667807913212402,12.459645406621,1.882005625537729,4.209547276712898,1.705327546405605,-8.250098129908103,ISO
15461,0,8.611380033918879,4.045430917312929,3.634495496818352,2.255578863603364,-4.976884537100526,-1.7898520537095652,ISO
15462,0,5.103425689261929,1.5638689548300146,2.9869897037253375,0.3649027561270271,-2.1164359855365915,-1.1989661987029876,ISO
15463,0,1.8488455335934768,7.877402577060159,-4.146696411059368,8.775413264805588,-5.995541944652845,0.8980106877454288,ISO
15464,0,9.61866785654646,1.6733757970255758,8.023123491940758,-0.5642778850436008,-1.5955443646057028,-2.2376536820691766,ISO
15467,0,0.812076626004161,4.993002380197495,0.4123826616428045,4.09844922186486,-0.3996939643613565,-0.8945531583326354,ISO
15468,0,1.9169285055402039,15.923907615931371,-10.493581271969434,18.126336111658425,-12.410509777509638,2.2024284957270512,ISO
15469,0,2.0979620079212444,2.1018907757263365,4.2509267651138725,-0.8171837034599443,2.152964757192628,-2.919074479186281,ISO
15470,0,4.852411107299608,0.8072063845791423,2.9215367441870783,-0.4953311905371701,-1.9308743631125298,-1.3025375751163124,ISO
15471,0,5.09122545159447,0.8316151734797058,4.805962107203071,0.33844803571843635,-0.285263344391398,-0.49316713776126947,ISO
15474,0,1.6439729958483185,2.1030611994761546,1.9106813808131287,1.5871335039705363,0.26670838496481014,-0.5159276955056185,ISO
15475,0,3.012427358410406,4.651144574924508,0.5786889180429048,9.280655919267993,-2.433738440367501,4.629511344343484,ISO
15476,0,6.841919841750626,0.649498286864257,5.4420694967698005,1.9323582571925224,-1.399850344980826,1.2828599703282653,ISO
15477,0,11.61845055637694,0.21669993864117013,13.702103812542111,-9.893185660272232,2.0836532561651704,-10.109885598913403,ISO
15478,0,2.5360211392510674,1.6084492050503607,2.0689459099727,1.322283395562915,-0.4670752292783674,-0.28616580948744574,ISO
15481,0,2.35684794080066,2.8805919276453107,1.6413762444861817,1.6928153860513355,-0.7154716963144786,-1.1877765415939752,ISO
15482,0,5.632731293062266,0.8598250260436792,5.321264064240275,7.255870372838677,-0.3114672288219913,6.396045346794998,ISO
15483,0,1.8017285216477705,9.008642608238853,1.4573337338076389,9.62130280976489,-0.34439478784013167,0.6126602015260371,ISO
15484,0,3.8673118055597353,1.244571253789211,2.6121933377553708,5.396657837758325,-1.2551184678043643,4.152086583969115,ISO
15485,0,3.0333087712309297,2.054177481439626,4.615904651873186,0.04795745092850915,1.582595880642256,-2.006220030511117,ISO
15488,0,0.3133573070143693,2.9962109629601783,-0.9787050136890814,2.541198982911809,-1.2920623207034507,-0.45501198004836924,ISO
15489,0,4.451824608360423,0.8328243314959132,2.624658499260087,12.457033031103453,-1.8271661091003353,11.624208699607541,ISO
15490,0,3.3225030688221593,5.734996555857391,8.232682429272689,2.2769601450669077,4.91017936045053,-3.458036410790483,ISO
15491,0,3.2196624904946645,5.962991352258641,2.5095725439609495,2.571319495833494,-0.710089946533715,-3.3916718564251465,ISO
15492,0,26.1997443032276,3.909916092578239,31.060274244952748,-22.13690337404751,4.8605299417251455,-26.04681946662575,ISO
15495,0,0.0,4.902251283432731,-1.01414715909748,4.4745598297558,-1.01414715909748,-0.4276914536769307,ISO
15496,0,2.5413860378346267,2.3971939222127325,1.4329091489918673,1.248163000851373,-1.1084768888427594,-1.1490309213613594,ISO
15497,0,2.3489005720779814,1.330268442800505,2.088428429431639,9.251412352203776,-0.2604721426463422,7.921143909403272,ISO
15498,0,4.505528644264298,5.67428254806628,-3.9193862030824795,13.32238211191913,-8.424914847346777,7.648099563852849,ISO
15499,0,1.6349779402880897,1.3983006011781958,4.4261382842740815,-0.8923007727362559,2.7911603439859918,-2.2906013739144515,ISO
15502,0,1.7324728784700163,4.056808663385569,3.511981219703881,3.676605339377439,1.7795083412338646,-0.3802033240081302,ISO
15503,0,8.25216276296838,1.4017959602548806,11.342972816007462,-5.049894927156743,3.090810053039082,-6.451690887411623,ISO
15504,0,7.534443907541001,1.3511459984776488,6.7815152213664485,-0.6910441366258997,-0.7529286861745524,-2.0421901351035485,ISO
15505,0,4.295598688105605,5.451904790506762,3.6991330968217078,1.7580038479945574,-0.5964655912838974,-3.693900942512205,ISO
15506,0,5.126078441464378,3.4471537951310243,3.435246528135764,1.797997316285958,-1.6908319133286136,-1.6491564788450666,ISO
15509,0,2.242740263736786,3.5976415112475952,3.6439269575911855,-0.11360973193412754,1.401186693854399,-3.7112512431817226,ISO
15510,0,0.8042955968857792,5.387678724344317,-1.9776857485067187,7.22213375011796,-2.781981345392498,1.8344550257736434,ISO
15511,0,0.6387787151614613,8.864283093470098,4.328954215824459,10.93785707653241,3.690175500662998,2.073573983062313,ISO
15512,0,1.4941666394491027,9.79230686860428,-6.402855028780166,16.947259199120566,-7.897021668229269,7.154952330516288,ISO
15513,0,1.4832709026369992,5.618784571699181,2.7073829486794203,4.019719286328421,1.2241120460424209,-1.5990652853707603,ISO
15516,0,4.029665803276247,0.8623376348867897,10.68973256831417,-1.2311361202472313,6.660066765037924,-2.093473755134021,ISO
15517,0,0.6479577100395209,11.31168725718143,-6.4106454291157124,11.160037580363623,-7.058603139155233,-0.1516496768178069,ISO
15518,0,8.704457036514878,2.571520026670455,6.072105353299457,-0.48112310176422923,-2.63235168321542,-3.0526431284346844,ISO
15519,0,3.2652248902906837,8.559771791837077,-5.416611383426312,9.922825172830645,-8.681836273716995,1.3630533809935683,ISO
15520,0,8.318973572890773,0.1964252614499666,10.683351719973864,-5.710882601416015,2.364378147083091,-5.907307862865981,ISO
15523,0,6.26605745286222,1.7985905651734762,5.437967368603518,-2.8534823922546684,-0.8280900842587023,-4.652072957428144,ISO
15524,0,6.730929327694967,0.30961036465938524,9.901339461807146,-4.662732091770325,3.1704101341121778,-4.972342456429709,ISO
15525,0,0.9332890035613913,2.0532358078351707,0.8911404679167205,1.4812199669426607,-0.0421485356446709,-0.5720158408925099,ISO
15526,0,2.463500020999244,10.716977688094241,-4.530632421511759,7.3654135047388785,-6.9941324425110025,-3.3515641833553627,ISO
15527,0,7.652068500000543,3.8807231329334297,-0.9187732332762822,6.912674802744893,-8.570841733276826,3.0319516698114626,ISO
15530,0,2.9883614749511973,2.7205366257809667,5.405833139829211,-0.8810027933228747,2.417471664878013,-3.6015394191038412,ISO
15531,0,2.7680008561626614,5.447602483386077,-4.1879134710006864,17.536197040838935,-6.955914327163348,12.088594557452858,ISO
15532,0,1.0651113340281082,4.551402578578744,1.3820469017145942,6.10490642674661,0.3169355676864859,1.5535038481678654,ISO
15533,0,1.3081992605884925,4.664896588145166,6.546066842712296,3.7369878102858975,5.237867582123803,-0.9279087778592688,ISO
15534,0,6.067487175194665,2.627108581948712,4.4754495167154635,-1.6462556592323132,-1.592037658479201,-4.273364241181025,ISO
15537,0,4.8300384488065164,4.750957214758256,5.493104180443787,-2.0317793978606704,0.6630657316372697,-6.782736612618926,ISO
15538,0,0.3675339370016576,13.280226256995281,-0.6799377834531084,11.18528281608547,-1.0474717204547659,-2.0949434409098107,ISO
15539,0,1.360832462842109,5.615587125146161,3.2097272013871847,3.8643048417417045,1.8488947385450758,-1.7512822834044564,ISO
15540,0,3.746948978534201,1.471100351353328,3.1369805401682522,3.9519803863883776,-0.6099684383659487,2.4808800350350495,ISO
15541,0,0.1907107508887922,6.102744028442098,2.5844594861828143,2.1767330532483253,2.393748735294022,-3.9260109751937726,ISO
15544,0,2.7291571884315378,5.198119305932328,4.544740572261127,-0.8152778889169987,1.8155833838295898,-6.013397194849326,ISO
15545,0,7.070757274194042,0.025297879335197036,6.020895281782359,2.8523358950460542,-1.0498619924116837,2.827038015710857,ISO
15546,0,6.854481730772532,1.0292171501236425,9.231607635880499,-3.327976267150964,2.377125905107967,-4.3571934172746065,ISO
15547,0,1.6338826749801065,2.4344487963511376,0.23289196258071926,3.2022644854843727,-1.4009907123993872,0.7678156891332351,ISO
15548,0,1.207847934806345,5.190751455366,0.40927078782689924,5.929435316321933,-0.7985771469794457,0.7386838609559334,ISO
15551,0,3.458776583070779,2.47248482305461,4.586932226377141,-0.006755423013804115,1.1281556433063624,-2.4792402460684144,ISO
15552,0,2.224198559576812,4.954502180614036,-1.1720327739086822,9.14984676903715,-3.396231333485494,4.195344588423115,ISO
15553,0,0.49636018091486006,14.483345577444375,-6.5786244873507895,17.061455173838585,-7.07498466826565,2.57810959639421,ISO
15554,0,7.418041505168966,8.557471475083961,-3.7119574277646072,10.859824816355745,-11.129998932933573,2.3023533412717843,ISO
15555,0,5.361737464334472,8.064946769270087,7.528773022836437,-1.228731502243246,2.167035558501965,-9.293678271513334,ISO
15558,0,2.980339028155602,1.5658421847144275,4.214385657001189,-1.1874788315308313,1.234046628845587,-2.753321016245259,ISO
15559,0,2.418773462600004,4.119473553490607,-1.0053027203930573,4.693932250858094,-3.4240761829930615,0.5744586973674859,ISO
15560,0,7.428224208067425,2.642660803889452,7.125340448309426,-3.0666980675507545,-0.3028837597579993,-5.709358871440207,ISO
15561,0,2.262357236679615,3.1202309539443487,3.477045685903758,0.5314261965355519,1.2146884492241432,-2.5888047574087967,ISO
15562,0,12.12182204911165,2.789028022001207,10.312917569725808,-7.12751605622558,-1.8089044793858402,-9.916544078226787,ISO
15565,0,0.9874861965972833,5.468120843742746,-2.028713138587566,10.553338876559911,-3.0161993351848495,5.085218032817165,ISO
15566,0,1.8731234638885101,17.86610558141192,-6.333697136369058,10.572035821608429,-8.206820600257569,-7.294069759803492,ISO
15567,0,6.402449125128463,1.2280912644108286,6.1622890556437735,-4.126386648420478,-0.24016006948468996,-5.354477912831307,ISO
15568,0,12.768902346026834,2.779877143547212,13.992048289187549,-9.581309888092647,1.2231459431607141,-12.36118703163986,ISO
15569,0,2.4318523295247867,4.541112003092127,0.18197534438622773,3.1018524611284968,-2.249876985138559,-1.43925954196363,ISO
15572,0,1.1074595365610185,4.755561539349744,5.447723749700426,0.3338664779336867,4.340264213139408,-4.421695061416057,ISO
15573,0,13.844003318352529,1.4351015233796647,13.182309801584614,-9.349643457707996,-0.661693516767915,-10.784744981087663,ISO
15574,0,3.845204336294876,1.3937990217170901,12.039902102169219,2.955694407862378,8.194697765874343,1.5618953861452876,ISO
15575,0,7.92517385340233,2.53925275520174,8.306369182270332,-4.297669917399684,0.38119532886800167,-6.836922672601425,ISO
15576,0,2.450582681539378,2.46419702977014,4.75140753254037,2.1714885428085964,2.3008248510009928,-0.2927084869615439,ISO
15579,0,0.5038629705954513,3.1154344238223293,1.923195282131861,4.776053228319871,1.4193323115364098,1.6606188044975414,ISO
15580,0,6.943400044830833,0.39816277923069526,7.844505282037218,-3.429788150917482,0.9011052372063856,-3.8279509301481776,ISO
15581,0,2.583370893064417,8.258542057083597,-1.5939948063588558,6.039316529264943,-4.177365699423273,-2.2192255278186526,ISO
15582,0,7.482768290326832,3.851814609896896,3.2334040073902908,3.12739076124664,-4.249364282936541,-0.7244238486502563,ISO
15583,0,9.854790706835654,9.290450508877866,23.772830838966453,-9.389210043520688,13.9180401321308,-18.679660552398555,ISO
15587,0,6.673048699135272,1.2001366024447535,6.116358829326601,-0.7085143797565195,-0.5566898698086704,-1.9086509822012732,ISO
15588,0,1.9155680854902313,2.8355900333600474,1.592873820192571,1.4555571115552453,-0.3226942652976605,-1.380032921804802,ISO
15589,0,2.175989920322771,7.700554141624808,-0.4025289664940545,5.536231727577215,-2.578518886816825,-2.1643224140475925,ISO
15590,0,29.90976368321728,3.3297227266387748,28.158291035100937,-24.19983453734347,-1.7514726481163432,-27.529557263982245,ISO
15593,0,1.141955999040698,3.629528939626321,0.712813298764134,5.535213473057458,-0.42914270027656387,1.9056845334311368,ISO
15594,0,4.5040066039350135,0.6396612600025084,2.585022823927638,0.507772340414336,-1.9189837800073752,-0.13188891958817234,ISO
15595,0,0.0305771724694205,8.29951824168044,-4.507948855481137,6.517305903466888,-4.5385260279505575,-1.7822123382135513,ISO
15596,0,4.149548152720282,2.747343275966221,34.02792532309379,12.603539182918809,29.878377170373508,9.856195906952589,ISO
15597,0,0.6026295174316515,3.5621183119423963,0.7553506965068648,2.0142685240184313,0.15272117907521335,-1.5478497879239648,ISO
15600,0,1.6797538354741104,3.9400677523336753,-0.08514881193658028,13.329659468601976,-1.7649026474106906,9.389591716268301,ISO
15601,0,9.23226596148023,1.5426513546392282,8.930828340458792,-1.3476034822134968,-0.30143762102143834,-2.890254836852725,ISO
15602,0,0.9615685660468767,5.563702698072304,-0.14351769642488585,2.8799217749264705,-1.1050862624717626,-2.683780923145833,ISO
15603,0,3.5884245816699423,2.654894577716803,5.655141295624213,-0.7338732979053929,2.066716713954271,-3.3887678756221957,ISO
15604,0,9.778414458444708,1.6297357430740391,3.301081760439452,2.690797737500989,-6.477332698005256,1.0610619944269497,ISO
15607,0,6.048917554321117,0.7172629511051537,5.540856297288141,-1.7453398476895154,-0.5080612570329758,-2.462602798794669,ISO
15608,0,6.566465306734247,1.1457434775351734,5.094246537213103,3.424910610266583,-1.4722187695211433,2.2791671327314096,ISO
15609,0,0.148790834697769,21.316244844589892,-7.972056301172785,19.679545662914965,-8.120847135870553,-1.6366991816749248,ISO
15610,0,9.69643285303617,0.0,17.22467973696715,-5.913234461195799,7.52824688393098,-5.913234461195799,ISO
15611,0,2.0892094337926124,5.305325774297602,-1.152230657424992,6.691801125814571,-3.2414400912176045,1.3864753515169692,ISO
15614,0,15.490302868021457,0.8344498338480976,8.490195928517965,-2.2119543214703157,-7.000106939503493,-3.046404155318413,ISO
15615,0,3.6229148075295154,6.03357322630633,1.4616348458676314,4.599647097895877,-2.1612799616618843,-1.433926128410452,ISO
15616,0,2.2286007690794456,3.1964502459367936,1.0124214922390409,1.9165966614083176,-1.216179276840405,-1.279853584528476,ISO
15617,0,3.8933359190161405,3.850484737517436,4.125956618579921,0.6794973066206667,0.2326206995637804,-3.170987430896769,ISO
15618,0,2.094491774330004,13.192979552698363,-2.527301882678592,11.600856654130231,-4.621793657008596,-1.5921228985681317,ISO
15621,0,3.857293794566901,1.0203887654233301,4.384307772313,-2.2706453296505873,0.5270139777460988,-3.2910340950739174,ISO
15622,0,4.740202614580509,2.436864724397114,-1.4687951763489393,7.163714655556282,-6.208997790929448,4.726849931159167,ISO
15623,0,4.252642742906391,3.933331683711857,2.4601465697018394,2.619802099298859,-1.792496173204552,-1.3135295844129982,ISO
15624,0,2.617160005411614,3.816154490649545,1.6502289689294776,2.5913751777721137,-0.9669310364821364,-1.2247793128774314,ISO
15625,0,4.13608401968365,4.619522411594626,-1.810975563349317,12.13200154938721,-5.947059583032967,7.512479137792584,ISO
15628,0,1.3284276722564772,12.416732120274553,-5.747482990170786,9.854764466637128,-7.075910662427264,-2.5619676536374256,ISO
15629,0,5.610065503781189,0.3355115669855809,6.109431556969034,-1.91163567235928,0.49936605318784544,-2.247147239344861,ISO
15630,0,0.8426697986909847,5.922096085244064,2.254921961311742,2.6372443699768713,1.4122521626207574,-3.2848517152671928,ISO
15631,0,0.49586930605695734,4.288221886182551,1.5784008897023403,2.9752158363415853,1.082531583645383,-1.3130060498409664,ISO
15632,0,2.581001954413539,1.4712345292971352,1.13513353769047,12.036220416405353,-1.445868416723069,10.564985887108218,ISO
15635,0,2.3775517093311436,1.892499353915841,3.5384966911448577,0.6758926263985922,1.160944981813714,-1.2166067275172487,ISO
15636,0,1.9212017697766952,2.0179213096740343,1.1122747088181024,2.3564396993143224,-0.8089270609585927,0.3385183896402877,ISO
15637,0,2.098015625415127,4.22275756453009,-1.8574788021191821,7.302965218403949,-3.9554944275343087,3.0802076538738588,ISO
15638,0,2.7248534632551613,1.4320962804041042,1.7959261462363165,3.189317121764672,-0.928927317018845,1.7572208413605679,ISO
15639,0,10.015192633484588,0.988254107542531,8.051949574205453,-4.58311133095215,-1.963243059279134,-5.571365438494681,ISO
15642,0,3.7604509029520514,2.4208911392394756,0.5083871392403779,2.7436766244712953,-3.252063763711673,0.32278548523182,ISO
15643,0,1.0653658439711247,3.0072028787268437,-0.9520290520592408,3.1658743874032407,-2.0173948960303654,0.15867150867639698,ISO
15644,0,3.6058488116542726,2.1374571773516013,2.8894157965308414,0.8940610354019358,-0.7164330151234314,-1.2433961419496655,ISO
15645,0,0.14858169716241992,6.810984997925352,-5.188472864911715,7.815397270743342,-5.337054562074135,1.0044122728179912,ISO
15646,0,1.3874898141866965,16.676689167614548,-14.484857432160387,21.375386557686028,-15.872347246347084,4.698697390071478,ISO
15649,0,1.9111148751302538,0.5305923046633629,2.638222848187513,-0.13264807616584073,0.727107973057259,-0.6632403808292037,ISO
15650,0,1.0755566002727444,2.732314593239571,18.92578787933457,0.7682547144806401,17.850231279061827,-1.964059878758931,ISO
15651,0,1.9731955060708595,8.63173175833827,-1.3980130103740753,8.244282438320301,-3.371208516444935,-0.38744932001796895,ISO
15652,0,2.2055279576650864,2.292132458620576,10.588843650151356,0.7967614087900814,8.383315692486269,-1.4953710498304944,ISO
15653,0,3.3251712757711176,2.223114510087006,1.65783539320589,1.1020567656841116,-1.6673358825652274,-1.1210577444028944,ISO
15656,0,1.2753736462727399,2.096687565076476,-1.2620189484058704,6.997861682166368,-2.5373925946786104,4.901174117089893,ISO
15657,0,2.135536787564498,6.028160805403563,1.9517184311664648,3.0330028805663214,-0.18381835639803337,-2.995157924837242,ISO
15658,0,4.7608781001870355,2.023373192579441,6.784251292766476,0.49592480210281303,2.023373192579441,-1.527448390476628,ISO
15659,0,1.9006229727322035,11.359241646396042,-2.9113221455228517,7.246522370952105,-4.811945118255055,-4.112719275443936,ISO
15660,0,4.507202771284238,0.7512004618806628,4.283562939121226,-0.6193103044513479,-0.22363983216301211,-1.3705107663320109,ISO
15663,0,10.069904716967086,0.20039611377049776,9.376868156844202,-5.811487299344245,-0.6930365601228844,-6.011883413114743,ISO
15664,0,0.8606764816493141,4.04750561640444,-1.426706960571609,9.095256873644425,-2.2873834422209227,5.047751257239986,ISO
15665,0,2.1931819752120734,2.200877350563512,4.463317703940111,-0.14621213168083988,2.2701357287280377,-2.347089482244352,ISO
15666,0,2.807108133236433,1.292747166622001,2.1915142443687867,0.627905766644988,-0.6155938888676462,-0.6648413999770131,ISO
15667,0,14.583568098554494,2.161577407488218,19.246534209030923,-11.242090359468216,4.66296611047643,-13.403667766956435,ISO
15670,0,2.5807228395564312,1.3123562167062335,1.2976930187542217,1.0410870545938464,-1.2830298208022097,-0.27126916211238716,ISO
15671,0,1.8421895267789963,3.1461261465570027,-0.09855334916933609,4.760884867561006,-1.9407428759483323,1.614758721004003,ISO
15672,0,0.3200216116718695,20.481383147000074,-10.32854064337074,16.208153391146105,-10.64856225504261,-4.273229755853971,ISO
15673,0,3.0034131181778605,2.7457476495942896,3.3899113210533085,1.6909296375799472,0.3864982028754479,-1.0548180120143424,ISO
15674,0,1.296067085476481,13.445530483862814,-9.203008729245903,19.94451435851782,-10.499075814722385,6.498983874655006,ISO
15677,0,5.968439624598551,2.1079333450881474,3.634367836359014,0.993393875271295,-2.3340717882395365,-1.1145394698168525,ISO
15678,0,0.7479263090572782,9.00527402760091,-4.077404717118674,8.667500855768626,-4.825331026175953,-0.3377731718322838,ISO
15679,0,3.0629078933855203,16.365985460179875,-6.994401607283625,15.771689898776614,-10.057309500669145,-0.5942955614032599,ISO
15680,0,5.407987966742958,5.346270557707256,8.007833822366987,-1.758946157514096,2.5998458556240274,-7.105216715221352,ISO
15681,0,7.151152369945644,11.11833927993913,6.4700902394746755,-1.6260358364995973,-0.6810621304709675,-12.744375116438729,ISO
15684,0,4.2326654272010975,0.5161787106343129,2.448161884722535,0.5751705632781768,-1.7845035424785622,0.05899185264386399,ISO
15685,0,2.4121525636360497,7.317880562254906,-2.005038206904347,6.890410487686398,-4.4171907705403965,-0.4274700745685076,ISO
15686,0,4.76408218609174,6.179430874386906,8.769611480417279,5.115606696910044,4.005529294325538,-1.0638241774768618,ISO
15687,0,3.3974629408807515,1.9844993813556269,4.8898064756602695,-0.12700796040676493,1.4923435347795182,-2.1115073417623917,ISO
15688,0,2.4538645558500525,2.7283646587077905,0.8734094181838657,2.13777352831674,-1.5804551376661868,-0.5905911303910508,ISO
15691,0,5.877206984760846,1.6708891144793994,4.962790056438858,-2.1447233409735067,-0.914416928321988,-3.8156124554529063,ISO
15692,0,1.1898488165760377,7.239080194966495,-4.559420675282705,37.10528536397889,-5.749269491858742,29.8662051690124,ISO
15693,0,3.9052060867566762,1.724164804320227,3.7964259729195393,2.289821396273833,-0.10878011383713686,0.5656565919536064,ISO
15694,0,2.183144609592262,22.405957835288877,-16.563615378039902,28.90235981120092,-18.746759987632164,6.496401975912044,ISO
15695,0,6.485061890318688,0.9296767045562463,6.62111213976594,-2.550942177135886,0.1360502494472524,-3.4806188816921324,ISO
15698,0,0.2610970735075092,3.6304926411534604,-2.107426379025734,4.724613711090086,-2.368523452533243,1.0941210699366264,ISO
15700,0,9.254367139804392,0.21066852025568608,4.867947593051527,-2.2421149655786055,-4.386419546752864,-2.4527834858342916,ISO
15701,0,9.074645257385875,2.5849541154441043,8.992727697389485,-4.805830186459191,-0.0819175599963894,-7.390784301903295,ISO
15702,0,2.3249406158039956,5.560482972798215,-2.3443151209358994,6.471084713988217,-4.6692557367398955,0.9106017411900029,ISO
15705,0,3.856670886827096,0.2395810702421993,9.302757654285815,-0.37982364794513807,5.446086767458719,-0.6194047181873373,ISO
15707,0,7.996121254604825,0.05025056562197983,6.312727306266929,-1.6080180999047828,-1.6833939483378955,-1.6582686655267627,ISO
15708,0,1.2196722795828785,3.0989632409809413,0.05600535977671286,12.053597987510237,-1.1636669198061658,8.954634746529296,ISO
15709,0,6.730609635312595,0.09067748748137931,8.280902163220373,-2.9748066054380535,1.5502925279077788,-3.0654840929194327,ISO
15712,0,3.1457305977800503,7.279750274534272,-2.3964395313684523,6.814673060899411,-5.542170129148502,-0.46507721363486093,ISO
15713,0,2.7109401716327914,3.235852606826532,4.803945451202324,1.3288922409964903,2.0930052795695326,-1.906960365830042,ISO
15714,0,1.8820963995835338,7.173428821219828,-2.476442631030995,9.121563690964315,-4.358539030614529,1.948134869744488,ISO
15715,0,10.708195739798828,3.514958150663458,10.495167973091988,-6.419236703433786,-0.21302776670684198,-9.934194854097244,ISO
15716,0,5.975095764028349,9.39919765675637,-4.388316838130136,11.889453578740245,-10.363412602158485,2.4902559219838745,ISO
15719,0,5.521670314512051,4.90706743498146,0.8389817085655474,4.770489017307922,-4.682688605946503,-0.1365784176735386,ISO
15720,0,2.524291616841368,1.5041361701854967,2.8516903415821018,0.2799496341985373,0.32739872474073356,-1.2241865359869595,ISO
15721,0,0.8179537214338716,4.060024835480208,3.5023291163209884,0.9518006940320032,2.684375394887117,-3.108224141448205,ISO
15722,0,5.5006867344342085,10.944445274980243,9.983782003119225,-2.2628957070505944,4.483095268685017,-13.207340982030837,ISO
15723,0,3.6220808730726044,3.2641677433221967,-0.28633050380009845,4.6600289493481855,-3.908411376872703,1.3958612060259887,ISO
15726,0,1.7672761067655791,2.5299952686327334,1.1998874619618018,0.046507265967470714,-0.5673886448037773,-2.4834880026652626,ISO
15727,0,1.8946290281026261,5.257347564892685,4.067004720011092,1.557365222053225,2.1723756919084662,-3.69998234283946,ISO
15728,0,2.835079563141663,10.002160698763973,-3.9237501153881027,9.049573965548209,-6.758829678529765,-0.9525867332157637,ISO
15729,0,0.48435386698117805,9.808165806371367,-2.571349205591964,9.167109217719588,-3.055703072573142,-0.6410565886517783,ISO
15730,0,1.7944448833229039,7.068611783736253,-2.1697090224209905,6.46136617683221,-3.964153905743894,-0.6072456069040439,ISO
15733,0,3.8589511999312855,1.5842010189190914,2.9111386245095123,1.0222835634905543,-0.9478125754217733,-0.561917455428537,ISO
15734,0,2.4747629689335753,3.047217036480579,1.180136077712047,2.9943751225532185,-1.294626891221528,-0.05284191392736026,ISO
15735,0,21.13180356725196,2.0288355096929873,22.009445894478695,-11.23838096942301,0.8776423272267344,-13.267216479115998,ISO
15736,0,1.9300269662437715,13.148902927661092,-9.925852969253867,16.571610848093357,-11.85587993549764,3.4227079204322637,ISO
15737,0,16.384892214568954,4.033512964027384,8.056992313716401,-1.5853110654634335,-8.327899900852552,-5.618824029490818,ISO
15740,0,6.122416831823284,0.7495226791536604,11.96869372922144,-5.869946034634565,5.846276897398157,-6.619468713788226,ISO
15741,0,3.2222563126142667,8.672806809153196,-4.164246565293864,8.698792747158274,-7.38650287790813,0.025985938005077654,ISO
15742,0,7.369738276832744,0.025708389337764852,7.755364116899412,-3.050728868084352,0.38562584006666767,-3.076437257422117,ISO
15743,0,7.81998339000875,11.75573260606021,5.790290731468941,5.697563655697937,-2.0296926585398096,-6.058168950362273,ISO
15744,0,2.693521670943408,4.777689258952221,-1.015590138224659,4.380284422255607,-3.7091118091680673,-0.39740483669661447,ISO
15747,0,1.8545775843783558,7.795512558065491,-3.0239044680883937,6.965667672852113,-4.878482052466749,-0.8298448852133771,ISO
15748,0,2.5675827144821874,2.6412227540944198,3.2107057270962436,-0.4320215657255444,0.6431230126140561,-3.073244319819964,ISO
15749,0,5.3088654141271,4.079719234501572,0.5666276714586232,5.727298156127073,-4.742237742668477,1.6475789216255015,ISO
15750,0,1.895810571185349,5.937573386143234,-2.514582077058406,9.33423399285051,-4.410392648243755,3.3966606067072767,ISO
15751,0,0.967512639540236,19.50266916552637,-10.867950197574894,15.804915378790389,-11.835462837115129,-3.697753786735981,ISO
15754,0,0.8395297656350813,2.594336343428345,-0.8079684962501927,2.8720755140143894,-1.647498261885274,0.2777391705860441,ISO
15755,0,0.061939222946194444,7.6185244223887825,-4.4596240521300485,10.258683800472784,-4.521563275076243,2.640159378084003,ISO
15756,0,1.081603421998464,6.369934907425189,-3.324600682372253,15.049359088871652,-4.406204104370717,8.679424181446464,ISO
15757,0,5.394752916970088,2.874544041965167,5.1245723521628275,-0.6245157317675062,-0.2701805648072597,-3.4990597737326734,ISO
15758,0,0.6789167998910228,5.8878474197454,0.5150403309518059,4.97482137851243,-0.163876468939217,-0.9130260412329706,ISO
15761,0,1.4900366266206275,4.581132216747507,2.950856848797739,3.4767521287815524,1.4608202221771118,-1.1043800879659549,ISO
15762,0,7.7304449750108395,2.7951420039165167,12.081688422898692,-5.823907817115488,4.351243447887852,-8.619049821032005,ISO
15763,0,3.1197138211564437,2.4957710569250118,-0.5609182425916792,8.785618316549472,-3.6806320637481234,6.289847259624461,ISO
15764,0,2.697500968848437,2.364636265961699,-0.6873439968700963,6.769689931436967,-3.384844965718533,4.405053665475268,ISO
15765,0,8.841364184438495,0.8041734124591956,5.156705215487047,-2.1126589649352376,-3.6846589689514477,-2.9168323773944334,ISO
15768,0,1.8384532871757806,1.4934703663043347,-0.08297057590581844,3.008775094689023,-1.9214238630815992,1.5153047283846879,ISO
15769,0,2.249405556628739,5.97476176240164,-3.9027541203336846,8.082248987381849,-6.152159676962423,2.107487224980209,ISO
15770,0,9.437832660905984,7.843403428580709,8.160308617614442,0.8615859826849108,-1.2775240432915438,-6.981817445895798,ISO
15771,0,1.4444316993748074,4.701483570514234,-3.108360372674344,5.862693368050774,-4.552792072049152,1.1612097975365403,ISO
15772,0,5.0491603647947905,14.158292947959048,1.2644405002126626,3.6815002319116066,-3.7847198645821276,-10.476792716047441,ISO
15775,0,1.7798876421028078,3.0114686646002498,1.6111779129935089,1.8895489660237277,-0.16870972910929907,-1.1219196985765223,ISO
15776,0,1.7192747045586723,2.456106720798155,-0.5873298680170056,1.820722590852535,-2.3066045725756776,-0.63538412994562,ISO
15777,0,2.7904472304040375,7.284535927791567,-3.6716410926369356,7.247819516865231,-6.462088323040973,-0.036716410926335964,ISO
15778,0,5.553096737559956,2.0544823062414936,7.226110180573559,-4.152561053994828,1.6730134430136034,-6.207043360236321,ISO
15779,0,4.983671092764689,2.4449805190146097,2.1127357794968735,1.857162902944873,-2.870935313267815,-0.5878176160697368,ISO
15782,0,4.852802055297915,0.7793709699850914,3.2697047725157202,0.0,-1.5830972827821952,-0.7793709699850914,ISO
15783,0,10.185802409499171,3.1611110926032633,11.239506107033451,-5.351705621687834,1.053703697534281,-8.512816714291096,ISO
15784,0,1.2722889988738952,2.369089859972075,0.7385125798061011,4.299459375504778,-0.5337764190677942,1.9303695155327032,ISO
15785,0,8.300158956284546,0.057975499112529055,7.701078798787973,-4.251536601589419,-0.599080157496573,-4.309512100701948,ISO
15786,0,2.515655828833085,5.211001359725721,-0.38633285942779727,2.8390972925401115,-2.9019886882608827,-2.371904067185609,ISO
15789,0,4.842904575895518,5.7683003547290665,5.410480653580139,-0.7649938438357395,0.5675760776846217,-6.533294198564806,ISO
15790,0,1.6303166269205296,3.2303017817121615,1.47107639824455,2.752581095684223,-0.15924022867597956,-0.47772068602793866,ISO
15791,0,9.439732888748223,0.09324964099835202,9.798385354126198,-6.599205362954789,0.3586524653779759,-6.692455003953142,ISO
15792,0,2.5196503918338706,4.275277761627911,-2.397731824487178,5.299393727341056,-4.917382216321048,1.0241159657131442,ISO
15796,0,2.5147584082863825,3.0713847753380916,3.1409630712192445,1.3021081086385895,0.6262046629328619,-1.7692766666995021,ISO
15797,0,0.6834665421690733,19.254533992666325,-14.993547268831664,25.60863700189348,-15.677013811000737,6.354103009227159,ISO
15798,0,3.2716233160498325,1.266628476488947,1.1105510338884115,13.098499221322301,-2.161072282161421,11.831870744833354,ISO
15799,0,3.9532985897679733,0.28121402339579443,4.935509888875303,-0.5135212601141842,0.9822112991073294,-0.7947352835099787,ISO
15800,0,14.135646883731635,2.7118569818762475,19.492857542751697,-8.128181689547679,5.357210659020061,-10.840038671423926,ISO
15803,0,1.2719043098047926,5.8319703296162775,-2.03071085826785,7.125554826520161,-3.302615168072643,1.2935844969038828,ISO
15804,0,15.032791810245898,0.6167299204201667,16.28338303776495,-10.827036380712688,1.25059122751905,-11.443766301132856,ISO
15805,0,0.21577944510590508,7.971851721970483,-5.700173674882571,14.625051279404351,-5.915953119988476,6.653199557433867,ISO
15806,0,5.375087917409473,1.4055388221213163,5.3366552152420015,-0.8235579035867263,-0.038432702167470446,-2.2290967257080427,ISO
15807,0,0.13368111189661833,24.73635294535025,-21.886271639714387,35.23834109594852,-22.019952751611005,10.501988150598267,ISO
15810,0,1.8106652488952035,5.0025246971589405,-2.4706541668760074,5.75338165457189,-4.281319415771211,0.7508569574129496,ISO
15811,0,3.2652667177239105,1.7648813840735362,1.6971829902152196,3.2290559489159762,-1.5680837275086912,1.46417456484244,ISO
15812,0,3.855251498520068,2.4796449730442016,3.3400335563215346,3.0075530123412673,-0.5152179421985333,0.5279080392970658,ISO
15813,0,1.953080951255862,2.960736687136725,1.1799864080503986,1.8501612442657007,-0.7730945432054636,-1.1105754428710242,ISO
15814,0,0.7083457493067725,4.067366266852814,-2.577591476644128,6.03780424409111,-3.2859372259509008,1.9704379772382956,ISO
15817,0,2.141761662813079,4.321940575183308,-1.4118339212265005,4.197084514122425,-3.5535955840395794,-0.12485606106088314,ISO
15818,0,1.586083454395697,4.428032988255587,-0.9672508935003482,3.650592081920633,-2.5533343478960453,-0.777440906334954,ISO
15819,0,4.194089545844578,1.3654265405781614,3.165129144205497,0.559472765910273,-1.0289604016390812,-0.8059537746678884,ISO
15820,0,4.8679681498618335,1.7534137704842387,10.180197470681959,-1.9755443559632775,5.3122293208201254,-3.728958126447516,ISO
15821,0,5.0926623694137705,1.4993148586042904,4.507334856764526,5.919007093153889,-0.5853275126492444,4.419692234549599,ISO
15824,0,3.1071413732849726,3.9627310267981533,1.1978255149185757,2.742389994681881,-1.909315858366397,-1.2203410321162722,ISO
15825,0,1.2317055803655315,2.979253668747407,1.084322006646553,3.29507561243083,-0.1473835737189784,0.31582194368342253,ISO
15826,0,1.22907816488039,14.222981106205683,-2.906603768298184,15.60154175059854,-4.1356819331785735,1.3785606443928577,ISO
15827,0,11.009604945199627,0.7303520824392603,9.772231582389374,-5.365975217260112,-1.2373733628102523,-6.0963272996993725,ISO
15828,0,0.07337968445571542,10.497371526300022,-4.496543997479183,7.99023230739726,-4.569923681934898,-2.507139218902761,ISO
15831,0,0.8278918220731933,6.151873077866006,-2.903989775887068,7.0816592780404095,-3.7318815979602613,0.9297862001744026,ISO
15832,0,1.9305075751940382,9.093103376745308,-3.2144556062019176,7.914622505427267,-5.144963181395956,-1.1784808713180406,ISO
15833,0,9.408833777376328,0.14613481374658055,13.022860132724617,-5.626190329243542,3.6140263553482885,-5.772325142990123,ISO
15834,0,0.16269107581977127,6.367392105355769,0.4936832645562834,9.974645958874564,0.33099218873651215,3.6072538535187952,ISO
15835,0,1.0187387383484228,4.522719177623381,3.107303408413725,3.951744663504786,2.088564670065302,-0.5709745141185955,ISO
15838,0,1.972688649425977,1.1426924466342618,1.9881304392453447,0.18530147783258774,0.015441789819367684,-0.9573909688016742,ISO
15839,0,4.433841152470372,3.2663631336203856,3.4208822831741004,2.2920340517125912,-1.0129588692962717,-0.9743290819077941,ISO
15840,0,2.7078484131396667,4.9389629507264425,-2.180262924194529,6.6742742577384515,-4.888111337334196,1.735311307012009,ISO
15841,0,4.816573704532979,0.09093594155819296,5.04997595453237,-2.2673361428512937,0.2334022499993918,-2.3582720844094864,ISO
15842,0,1.145364059218092,6.420156403154473,-3.4836740673548436,8.139901845185236,-4.629038126572936,1.7197454420307627,ISO
15845,0,4.240414978256528,0.5085803508472792,15.816512103171119,-1.9939044218648658,11.576097124914591,-2.502484772712145,ISO
15846,0,0.0,6.415543329557695,0.2658374307827368,4.879593729479414,0.2658374307827368,-1.535949600078281,ISO
15847,0,9.802182821102697,7.1973567859194745,-1.2414184685584102,11.67866218253635,-11.043601289661108,4.481305396616876,ISO
15848,0,2.078126300957144,2.5910815271428485,1.1127182598796086,3.172430783486575,-0.9654080410775352,0.5813492563437269,ISO
15849,0,2.8861719466007147,0.8534822756376137,0.6349578282521423,2.2017368849783194,-2.2512141183485728,1.348254609340706,ISO
15852,0,2.2416307329223537,0.8237794919573238,1.6634008972215053,5.631800180592975,-0.5782298357008484,4.808020688635652,ISO
15853,0,2.731980423448226,2.8100370069753464,8.37373682171198,0.3686005333224415,5.641756398263754,-2.441436473652905,ISO
15854,0,1.9305398949953925,2.5151145921715132,2.0857047837519684,1.1511069654270676,0.155164888756576,-1.3640076267444456,ISO
15855,0,5.982855222324087,1.7769043373100286,5.598164592597201,-3.4438970661265067,-0.38469062972688595,-5.2208014034365355,ISO
15856,0,1.1982871490203804,10.001832251903929,-7.204218303182999,13.171495033183595,-8.402505452203378,3.169662781279666,ISO
15859,0,6.213086033978317,1.7583279052681235,11.193377922084158,-4.012720387162287,4.980291888105841,-5.771048292430411,ISO
15860,0,0.903298759094849,5.176206372341372,0.17254021241133674,3.2579651872972386,-0.7307585466835123,-1.918241185044133,ISO
15861,0,6.6571893789924035,0.129416589793788,7.397452272612904,-0.22777319803709514,0.7402628936205004,-0.3571897878308832,ISO
15862,0,1.7094253834001012,4.042926700422323,7.101286399974955,1.6008904384222413,5.391861016574854,-2.4420362620000815,ISO
15863,0,1.2196183164253034,15.03015103644412,-12.17594053659408,16.705228475185844,-13.395558853019384,1.675077438741722,ISO
15866,0,3.020231235327852,3.0785368576314247,4.594483037525774,-0.16325574245013624,1.5742518021979224,-3.241792600081561,ISO
15867,0,3.8871964712719116,1.2782896088221534,4.556242787000523,-1.6333700557171205,0.6690463157286111,-2.9116596645392736,ISO
15868,0,13.500355222348288,2.952485618032059,13.20204708995638,-7.388862971551552,-0.29830813239190684,-10.34134858958361,ISO
15869,0,0.12464694108307102,6.208604779660483,0.46297435259416736,7.6924969354110715,0.33832741151109635,1.4838921557505884,ISO
15870,0,8.230586143311672,1.0321527930528172,7.2517057524808894,-4.208519775544471,-0.9788803908307833,-5.240672568597288,ISO
15873,0,1.6775445525861221,3.698223218201078,0.4117609356347392,2.9357029670255836,-1.265783616951383,-0.7625202511754943,ISO
15874,0,0.49845088110372404,8.710733080752298,-4.966272803192412,9.482724079534943,-5.464723684296136,0.7719909987826459,ISO
15875,0,6.344919255042372,0.3377523557817872,7.012382243849246,15.14256395088096,0.6674629888068738,14.804811595099173,ISO
15876,0,1.4096736817893143,1.3483835217115006,0.25322513505825306,3.8096673185198417,-1.1564485467310612,2.461283796808341,ISO
15877,0,1.0585887732228902,2.5904289980044037,1.313895477353107,2.216809430984531,0.2553067041302169,-0.37361956701987276,ISO
15880,0,2.944383869273681,1.3258759264090592,2.6228499252670745,2.449438359960154,-0.3215339440066063,1.1235624335510945,ISO
15881,0,1.24114202647375,5.45261039427105,-2.368688003066861,4.510183906372349,-3.6098300295406114,-0.9424264878987012,ISO
15882,0,4.4685275190202,0.3124523098132698,1.7851135641535836,1.7368672516089358,-2.6834139548666167,1.424414941795666,ISO
15883,0,3.0386217081797264,0.23010921673593343,1.5665127447023546,9.168967251478263,-1.4721089634773719,8.938858034742328,ISO
15884,0,5.109562366475292,4.7841488973254425,8.609184411893544,-1.8525731708617053,3.4996220454182523,-6.636722068187147,ISO
15887,0,2.459576282954225,2.845317283852319,7.924876998649029,-1.3367262407359808,5.465300715694803,-4.1820435245883,ISO
15888,0,0.7052454381084646,6.517905291052706,-2.9692180547110794,8.7773858984955,-3.674463492819544,2.2594806074427947,ISO
15889,0,4.765933254574891,0.41206274468589954,4.3694200474242955,0.17493229727234252,-0.3965132071505959,-0.23713044741355702,ISO
15890,0,0.8809754134457952,3.4164656277535395,-0.39751329631094334,2.2776437518356523,-1.2784887097567386,-1.1388218759178872,ISO
15891,0,1.3393684505759365,12.964762887146122,-6.9274887836436765,10.832294085171718,-8.266857234219612,-2.132468801974404,ISO
15894,0,2.8267564136033347,0.25868195296902713,2.605564598745809,-1.0722179499874396,-0.22119181485752576,-1.3308999029564665,ISO
15895,0,4.213965830309418,1.1237242214158583,1.2352047989372736,2.5417571674882895,-2.978761031372144,1.4180329460724312,ISO
15896,0,3.1611331838151124,1.6276072642857677,5.005127541040621,3.4951219577003556,1.8439943572255089,1.867514693414588,ISO
15897,0,1.7778750693381575,1.1681345220922588,1.014094804893278,1.9383331080870898,-0.7637802644448796,0.770198585994831,ISO
15898,0,4.080185547021809,2.6457453156470896,5.596593791618187,-1.124783292538311,1.5164082445963778,-3.7705286081854004,ISO
15901,0,2.158132923019178,4.940563649205922,1.5607445079191589,0.8234272748676537,-0.5973884151000193,-4.117136374338268,ISO
15902,0,2.726876693603546,1.693587003790852,1.4214033781815218,1.693587003790852,-1.3054733154220244,0.0,ISO
15903,0,9.47893273219173,5.997286526949419,-1.1672571092720336,10.834024318818017,-10.646189841463764,4.836737791868598,ISO
15904,0,4.460332372026129,2.501995092040817,3.8815998624185477,-0.6839566022635414,-0.5787325096075813,-3.1859516943043587,ISO
15905,0,4.433107486820931,0.7624509191092912,3.6379800997498446,-1.3506273424220951,-0.7951273870710861,-2.113078261531386,ISO
15908,0,6.946166889092609,0.6132342055551631,12.906574120657087,-5.7139673171825764,5.960407231564479,-6.32720152273774,ISO
15909,0,3.4640908902330785,0.4430193280266871,10.173431797818642,-2.8769568410410806,6.709340907585563,-3.319976169067768,ISO
15910,0,0.6083620589405424,8.017752795660218,-5.756482501107488,17.694153091639475,-6.364844560048031,9.676400295979256,ISO
15911,0,6.117418982363452,0.273845007556443,8.962622196467173,-4.83638131989585,2.8452032141037216,-5.110226327452293,ISO
15912,0,1.6069849371750216,8.249189344164794,3.0099082950261904,7.856370803966476,1.4029233578511688,-0.39281854019831797,ISO
15915,0,1.2852036926489998,4.239749451026451,-1.27571879454817,3.7228225045366776,-2.56092248719717,-0.5169269464897733,ISO
15916,0,3.4385198887635564,3.2566477624157666,2.819017958391321,0.414895788230988,-0.6195019303722352,-2.8417519741847785,ISO
15917,0,0.43424762466651606,15.098907273877472,1.308611085143685,15.503813842823304,0.8743634604771688,0.40490656894583255,ISO
15918,0,2.2158268000577195,6.57584806827459,-3.619820505266593,7.712414401062736,-5.835647305324312,1.136566332788146,ISO
15919,0,11.680691887209687,2.2529876894313134,10.572016047067768,-7.356856110656105,-1.1086758401419183,-9.609843800087418,ISO
15922,0,0.6568782845564779,4.9638328101020095,-3.474005772963617,8.3972069365981,-4.130884057520095,3.43337412649609,ISO
15923,0,0.22815123594953274,6.105012382647931,-2.2736450754964506,5.196341080849104,-2.5017963114459834,-0.9086713017988268,ISO
15924,0,4.1009886906140425,0.7758627252512686,5.260519796484123,-3.154606685087725,1.1595311058700801,-3.9304694103389934,ISO
15925,0,9.729643794228233,0.7529526756236324,13.270123396628449,-8.581524466149663,3.540479602400216,-9.334477141773295,ISO
15926,0,0.4921946792987806,2.0325817311779195,2.460973396493592,0.9342584190391975,1.9687787171948115,-1.098323312138722,ISO
15929,0,9.61884391255056,0.9818198190531041,8.462589100264717,-4.634986963042485,-1.1562548122858414,-5.61680678209559,ISO
15930,0,2.97023672800435,1.7728721172354098,-0.24719785512653675,3.6307184971704762,-3.2174345831308866,1.8578463799350662,ISO
15931,0,5.295762691110373,3.3112453037048324,6.00929703264944,-2.753796599377298,0.7135343415390667,-6.06504190308213,ISO
15932,0,1.0208387551458067,8.83225687662925,16.78879423291293,5.134218444998115,15.767955477767124,-3.6980384316311357,ISO
15933,0,4.630624054751708,1.3150800969553673,6.986630743108278,-0.13707675277708226,2.3560066883565702,-1.4521568497324495,ISO
15936,0,1.9269396086155814,3.7747536777468103,-1.805924077639625,4.542736855093624,-3.7328636862552065,0.7679831773468134,ISO
15937,0,4.985916588019846,0.5527023814626956,4.456404516268938,-2.4272524164933973,-0.5295120717509083,-2.979954797956093,ISO
15938,0,2.9639652223022086,1.6944438350506936,7.470241551430885,1.2590294749603084,4.506276329128676,-0.4354143600903853,ISO
15939,0,6.020570746189478,0.6339652598846659,4.479741273489621,-0.8858719856666157,-1.540829472699857,-1.5198372455512816,ISO
15940,0,16.31992071089971,4.564166307018517,17.758238330272178,-13.364961245357167,1.4383176193724698,-17.929127552375686,ISO
15943,0,3.030135162955378,1.3565877089380443,5.8003633349457795,3.2646853743136255,2.770228171990401,1.9080976653755812,ISO
15944,0,6.383555600192053,0.0,4.875245969049145,-1.4499234518728004,-1.5083096311429076,-1.4499234518728004,ISO
15945,0,3.456702397663152,3.254127568872407,0.03879092466202013,3.3661902401184385,-3.417911473001132,0.11206267124603195,ISO
15946,0,1.5226415114995029,4.637332694566898,0.2906466702861636,3.9085470138491574,-1.2319948412133392,-0.7287856807177403,ISO
15947,0,1.3327444890644318,1.963509056407764,4.542522247078216,1.6684740168439323,3.2097777580137836,-0.29503503956383154,ISO
15950,0,1.8731167158366153,1.6020714029506216,1.1519425797651712,1.064820872051702,-0.7211741360714441,-0.5372505308989194,ISO
15951,0,5.33954424122717,0.49267615193373665,10.412777048976613,-3.43097896797049,5.073232807749444,-3.923655119904227,ISO
15952,0,0.9306985873738851,8.396302309748762,-3.4175652428834042,9.056798081433378,-4.34826383025729,0.6604957716846156,ISO
15953,0,2.032818997893271,14.055752980928547,-10.008428669807797,13.868037713105034,-12.041247667701068,-0.1877152678235129,ISO
15954,0,12.210534756153596,3.159562100744784,10.85380867213661,-8.020780645850085,-1.3567260840169848,-11.180342746594867,ISO
15957,0,4.608807187800558,2.855456627224329,2.8053608969220045,0.4091151308011455,-1.8034462908785536,-2.4463414964231838,ISO
15958,0,0.583559860182072,8.479482049992404,-3.0607119197303265,6.395339692199329,-3.6442717799123985,-2.0841423577930756,ISO
15959,0,3.0785218395808833,1.1865705847051353,2.7340336053115664,-0.6124235275898555,-0.344488234269317,-1.7989941122949908,ISO
15960,0,0.21610720187808044,6.992902853225075,-4.228361666935538,8.74622543450014,-4.444468868813619,1.7533225812750641,ISO
15961,0,3.046257513652028,1.0628053992074422,3.719818897226202,2.311770979804792,0.6735613835741737,1.2489655805973499,ISO
15964,0,4.239203388847037,3.4984133017051597,1.74278361541489,3.091621057320823,-2.4964197734321476,-0.40679224438433675,ISO
15965,0,2.626575468151984,6.932343892185343,-3.5739579804229806,7.340796232805116,-6.200533448574965,0.40845234061977287,ISO
15966,0,2.765268966966091,1.7932081262509636,29.7299703703673,1.571276427457538,26.964701403401207,-0.22193169879342559,ISO
15967,0,2.383970750354373,2.390921102396137,2.9573747938068973,1.3101413598885971,0.5734040434525244,-1.0807797425075398,ISO
15968,0,0.3769416825711491,12.970659948987242,-8.74214748424664,16.155333908146126,-9.119089166817789,3.184673959158882,ISO
15971,0,1.3038854964819913,2.408609485148089,1.471928018701614,1.6461943380404764,0.1680425222196226,-0.7624151471076125,ISO
15972,0,1.6209039761318857,4.04794902549963,5.47917274910542,0.7888974139153215,3.858268772973534,-3.259051611584308,ISO
15973,0,3.4788950915702714,3.3456826138370985,7.63409968547818,-4.01686855933885,4.155204593907909,-7.362551173175948,ISO
15974,0,1.2409967714202372,6.296375092206024,-3.9634935645360674,8.100149469270374,-5.204490335956304,1.803774377064349,ISO
15975,0,9.360773765212508,0.004754075045812126,7.649306748718629,-4.925221747465795,-1.7114670164938788,-4.929975822511607,ISO
15978,0,1.4095509002674413,9.042915920556753,-0.7626555595650963,7.517604801426716,-2.172206459832538,-1.525311119130038,ISO
15979,0,0.0,22.505566077215548,-18.18564174120768,23.08727774277071,-18.18564174120768,0.5817116655551601,ISO
15980,0,12.285941050487912,0.4108874324832007,11.211938256670386,-7.867884103193207,-1.0740027938175254,-8.278771535676409,ISO
15981,0,5.822760496950182,1.96226571342624,7.213270466371102,-2.7215573414653416,1.3905099694209204,-4.683823054891581,ISO
15982,0,5.943219491880059,7.683054964287642,-2.660924840152979,6.886239558857299,-8.604144332033037,-0.7968154054303432,ISO
15985,0,10.779905422324333,0.131377936513292,9.099650760602144,-4.5774838932512045,-1.6802546617221907,-4.708861829764497,ISO
15986,0,4.668177749899666,2.637445216377266,3.860898890894506,1.4741613947051937,-0.8072788590051599,-1.163283821672072,ISO
15987,0,0.9608859859605509,7.662575490084173,1.8972595743201985,5.721193600082036,0.9363735883596478,-1.9413818900021362,ISO
15988,0,4.737650264071943,3.825840590232775,-0.15040159568479478,7.43547888666849,-4.888051859756739,3.6096382964357154,ISO
15989,0,2.16342500098959,10.35261228107745,-6.0902779351914385,9.341867002285131,-8.253702936181028,-1.0107452787923195,ISO
15992,0,2.9637503841604746,1.0000704283985233,0.6510875184886744,5.802491964771001,-2.3126628656718,4.802421536372477,ISO
15993,0,9.537290140042895,0.8096575899162372,13.653049555450464,-5.465188731934691,4.115759415407569,-6.274846321850928,ISO
15994,0,0.7026584649000984,6.109100666169934,0.07160850597711962,6.229940020006253,-0.6310499589229788,0.12083935383631941,ISO
15995,0,4.055308484185158,0.08361460792137286,4.352604867905483,-2.838251413330048,0.29729638372032535,-2.9218660212514207,ISO
15996,0,0.9224012995009727,2.6182745220208035,-1.1385891040714176,3.521459127782191,-2.0609904035723905,0.9031846057613874,ISO
15999,0,2.340659100418761,0.8825435952399342,1.1292172709279953,1.0853641730279178,-1.2114418294907656,0.20282057778798354,ISO
16000,0,20.465846308416907,1.7956451056210883,23.140531068254024,-19.28628027669085,2.6746847598371164,-21.081925382311937,ISO
16001,0,3.0704865480926475,0.43789621398939366,3.805526621574958,-1.0895274848071257,0.7350400734823108,-1.5274236987965195,ISO
16002,0,5.8082183367422635,0.6041504140174676,7.692449826004598,-3.8043531021297707,1.8842314892623344,-4.408503516147238,ISO
16003,0,4.847407578330646,2.1054997334098893,9.27847340146735,-2.8013852385199876,4.431065823136704,-4.906884971929877,ISO
16006,0,8.14345417278512,2.4345615123937367,4.522429138528671,-0.3852154291762142,-3.6210250342564487,-2.819776941569951,ISO
16007,0,4.256169167026597,0.38331958336569805,1.9298158334965632,0.29960611113637314,-2.3263533335300335,-0.08371347222932492,ISO
16008,0,5.8180571031971695,0.24091333760656644,3.439037894332976,9.106524161526213,-2.379019208864193,8.865610823919646,ISO
16009,0,1.0305695557284966,3.7755445406125943,-1.5843802982927842,4.873534534566255,-2.6149498540212806,1.0979899939536608,ISO
16010,0,1.6611230640767676,3.3025295339209646,2.3216289708609383,2.4251410905807576,0.6605059067841705,-0.8773884433402069,ISO
16013,0,3.3596630002737027,1.2667581804311991,1.080875186563448,2.9397051252395485,-2.2787878137102546,1.6729469448083494,ISO
16014,0,5.442762944755949,3.964399806289955,0.37124814239500864,2.525813254509259,-5.07151480236094,-1.4385865517806962,ISO
16015,0,1.3624114630734727,2.444875365241416,0.16796853654328936,2.14626463360887,-1.1944429265301835,-0.29861073163254587,ISO
16016,0,9.025829551022667,12.868656078488694,0.14808580067292185,7.382077163551888,-8.877743750349746,-5.486578914936805,ISO
16017,0,4.130239300484021,23.806596713349375,-17.196503588558063,21.557625831305156,-21.326742889042084,-2.2489708820442216,ISO
16020,0,0.441604819118369,3.420882401620993,-1.8970347863534316,3.420882401620993,-2.3386396054718004,0.0,ISO
16021,0,3.4052643602940837,0.7341059037590868,-0.12337914348894455,11.363219115329253,-3.5286435037830284,10.629113211570166,ISO
16022,0,4.662202382279374,0.12327938991605401,3.2052641378170224,1.7371186760895856,-1.4569382444623522,1.6138392861735316,ISO
16023,0,6.28872511560531,2.640600246605538,5.61335146762655,-0.5978717539483571,-0.6753736479787603,-3.238472000553895,ISO
16024,0,5.232757733873386,0.6060538618327526,5.683602679871051,-3.2298236295234974,0.4508449459976645,-3.83587749135625,ISO
16027,0,1.5542889081680515,3.9905464060870948,-1.4386208963973517,9.448630711514175,-2.9929098045654032,5.4580843054270805,ISO
16028,0,1.4401626957633378,1.987662563574085,0.06546194071658916,1.9638582214953746,-1.3747007550467487,-0.023804342078710492,ISO
16029,0,2.408799996472216,3.246643473505859,0.6192756134598114,10.14974516471903,-1.7895243830124046,6.903101691213171,ISO
16030,0,0.8489437987657057,7.148692264090068,-1.1124091156242208,5.339563754996074,-1.9613529143899266,-1.8091285090939933,ISO
16031,0,4.0003194111195395,0.2552037901831235,2.7115402706950706,0.4019459695383978,-1.288779140424469,0.14674217935527425,ISO
16034,0,8.251401809068565,2.491454656848804,13.659831843861673,-4.162702706368707,5.408430034793109,-6.654157363217511,ISO
16035,0,0.17948377951579267,7.015474686290653,-3.269726244222268,8.45914856500463,-3.4492100237380607,1.443673878713977,ISO
16036,0,1.0169170532782277,7.630336801128309,-5.610338300738892,11.068484933640367,-6.6272553540171195,3.4381481325120578,ISO
16037,0,2.5534748101422204,0.2679055538509178,2.9888213351500332,-1.0716222154038615,0.4353465250078128,-1.3395277692547793,ISO
16038,0,5.6477645421682166,0.6135660431936057,5.49991730284441,-2.3877329150789532,-0.147847239323807,-3.001298958272559,ISO
16041,0,0.17037277818458393,9.007534707497351,-7.177879220036944,15.689110617170492,-7.348251998221528,6.681575909673141,ISO
16042,0,1.7479217538972187,5.026824618477514,0.9049523974078229,2.20039795260113,-0.8429693564893959,-2.8264266658763835,ISO
16043,0,11.551822711058081,0.8722244258646616,25.9400917833927,-8.007981736678875,14.388269072334616,-8.880206162543537,ISO
16044,0,1.8155005684966452,7.749349034261278,2.3028473287714637,5.173373301379712,0.4873467602748184,-2.5759757328815653,ISO
16045,0,11.04388532185162,10.145196642858327,5.332219495360568,3.0022858831555728,-5.711665826491053,-7.142910759702754,ISO
16048,0,9.145353121743618,0.5304304810612712,13.855209979441456,-4.719002210819574,4.709856857697838,-5.249432691880846,ISO
16049,0,13.463809669328924,0.03661960925471454,11.516867110618131,-8.306548032618576,-1.9469425587107938,-8.34316764187329,ISO
16050,0,3.3388327225684753,3.2635721489040885,1.5804720469535212,4.399322624204104,-1.7583606756149543,1.1357504753000158,ISO
16051,0,0.06938636591373311,5.539344878777691,-2.9836137342894715,5.932534285622033,-3.053000100203205,0.3931894068443415,ISO
16052,0,4.163372080282309,0.6187054484629279,4.0559579399241485,-1.7100331145019165,-0.10741414035816009,-2.3287385629648445,ISO
16055,0,9.772688774933082,0.6697367132471769,15.021237711400545,-6.799877853886902,5.248548936467462,-7.469614567134078,ISO
16056,0,2.509543043988047,7.186983420530149,-2.9381531183325778,6.609291581196364,-5.447696162320624,-0.5776918393337855,ISO
16057,0,1.7571996290019747,2.2683849756208474,7.699729283444987,10.44096070468819,5.942529654443013,8.172575729067344,ISO
16058,0,0.036904124871077956,5.402763881130764,-2.491028428800028,6.834643926129847,-2.5279325536711057,1.4318800449990834,ISO
16059,0,7.01376622062231,2.830817325512336,7.946270751379376,-3.7500003629728846,0.9325045307570653,-6.5808176884852205,ISO
16062,0,4.8932897787685485,0.16043573045154316,3.999433566253478,-0.8365577373537678,-0.8938562125150704,-0.996993467805311,ISO
16063,0,1.6583123592718858,0.9964420755275031,1.8910579535556158,-0.4509445889247371,0.23274559428372993,-1.4473866644522402,ISO
16065,0,10.467899529535115,0.39801899351853665,8.179290316804096,-4.209050856457586,-2.28860921273102,-4.607069849976123,ISO
16066,0,6.1372475386092775,0.6517431014451628,3.9570116873461227,-0.2948361649395918,-2.1802358512631552,-0.9465792663847545,ISO
16069,0,3.0553151415923367,1.3371040894494541,2.0411830544253693,5.5615778793045045,-1.0141320871669672,4.22447378985505,ISO
16070,0,7.1753767186652935,11.654124931949761,4.765997771466469,-2.9545668841562738,-2.409378947198825,-14.608691816106036,ISO
16072,0,3.352854021246745,1.7323722158110266,4.907744896462419,-1.570324035267516,1.5548908752156738,-3.3026962510785425,ISO
16073,0,4.103397886445749,2.3500171871929023,5.6863110177157035,-2.3804578243328183,1.5829131312699545,-4.73047501152572,ISO
16076,0,5.654951506447968,14.719593942338038,2.6931184048659143,1.0091729721115164,-2.9618331015820534,-13.710420970226522,ISO
16077,0,0.7903285397521577,9.54688899789009,-3.944648640886405,9.400013782538068,-4.7349771806385625,-0.1468752153520231,ISO
16078,0,3.7904681583446607,5.067918753146047,1.612519603273706,5.577502870197935,-2.1779485550709548,0.5095841170518886,ISO
16079,0,2.8856107517822394,3.7283923046840304,2.1619178965733625,4.287193116933857,-0.7236928552088772,0.5588008122498266,ISO
16080,0,10.455347261035884,4.9403568071417885,11.238938597516055,-6.955305958090923,0.783591336480172,-11.89566276523271,ISO
16083,0,2.7236807828960665,2.398326423164732,8.217521542935955,-2.3983264231645207,5.493840760039889,-4.796652846329253,ISO
16084,0,7.345712756365821,0.5484798858085945,5.710067382614961,5.925541623468384,-1.6356453737508607,5.37706173765979,ISO
16085,0,2.2066654262504306,4.2258920904257,2.5900628941318304,1.6358291962938694,0.38339746788139983,-2.5900628941318304,ISO
16086,0,6.786881284112338,0.5706950627001401,4.609460121809792,-2.0369423776379945,-2.1774211623025463,-2.607637440338135,ISO
16087,0,8.333600953066567,2.4658097102855248,11.869321317306259,-6.8624738038793005,3.5357203642396926,-9.328283514164825,ISO
16090,0,3.028694160081133,0.8732366373956121,2.6418171688299954,4.84148920480108,-0.3868769912511378,3.9682525674054685,ISO
16091,0,0.16668386910343228,8.842182389580621,-2.0716423731424003,5.873622054120002,-2.238326242245833,-2.9685603354606203,ISO
16092,0,2.027386349844727,2.131354880606101,0.372553901894612,4.176069318911024,-1.6548324479501149,2.044714438304923,ISO
16093,0,11.224934795513173,0.0,10.87206421657554,-6.309082592383203,-0.3528705789376347,-6.309082592383203,ISO
16094,0,1.0236239305039267,3.1897776016208303,-0.7289443141467713,5.107780016857987,-1.752568244650698,1.9180024152371566,ISO
16097,0,0.7323774124821325,3.672657318476198,0.8777758693719442,6.521390047910089,0.1453984568898117,2.8487327294338907,ISO
16098,0,5.161533536134258,4.219805272577777,0.021566296111961775,3.9538209538632545,-5.139967240022297,-0.2659843187145221,ISO
16099,0,6.069377326543282,1.028478655110998,6.793372169285858,2.733588004373976,0.723994842742576,1.7051093492629783,ISO
16100,0,0.980796908227556,11.076466416916569,-5.924013325694403,9.559500532191324,-6.9048102339219595,-1.5169658847252452,ISO
16101,0,5.11061942587356,3.506508010748739,-1.2329120793937365,5.103990866307084,-6.343531505267296,1.5974828555583451,ISO
16104,0,15.61057462477006,0.0,16.836328964607592,-8.216508123169142,1.2257543398375315,-8.216508123169142,ISO
16105,0,1.526283792408633,3.985666846551877,1.6729136763955093,2.079478354722791,0.1466298839868761,-1.9061884918290861,ISO
16106,0,14.3723327043905,5.947492100396658,3.3031313381297203,3.1639544559052775,-11.06920136626078,-2.7835376444913797,ISO
16107,0,4.750543053423109,7.750886034532591,-2.678877661704793,6.78649007631893,-7.429420715127902,-0.9643959582136605,ISO
16108,0,9.306285415699724,4.532223696192558,5.660801138327468,-0.008956963826459457,-3.645484277372257,-4.541180660019017,ISO
16111,0,4.5456567414625235,0.24825620621920527,3.4156629752232948,-0.393785706416751,-1.1299937662392285,-0.6420419126359562,ISO
16112,0,4.877630572910756,6.473946033136177,6.658704766958556,-1.9880039759288457,1.7810741940478005,-8.461950009065022,ISO
16113,0,7.39333220762857,0.26787435534882154,8.286246725458112,-2.3037194560001493,0.8929145178295405,-2.571593811348971,ISO
16114,0,3.5615274650244917,2.4802144554734915,7.039877006237448,-2.2911737195380106,3.478349541212956,-4.771388175011502,ISO
16115,0,2.0580728627953953,1.9437354815289638,1.6061679749329507,1.0290364313976357,-0.4519048878624446,-0.914699050131328,ISO
16118,0,1.7223175231001209,1.2443175056757716,1.8816508622415706,-0.19726984846080148,0.15933333914144976,-1.4415873541365731,ISO
16119,0,6.098582618757736,0.592502138623191,6.810782159123012,-4.494637435414261,0.712199540365276,-5.087139574037452,ISO
16120,0,2.6480207077501965,1.829273358000191,2.006299812000215,7.110562569000764,-0.6417208957499818,5.281289211000573,ISO
16121,0,3.2304773506671642,5.338788884786828,9.66592828344381,0.1955288922772409,6.4354509327766465,-5.143259992509587,ISO
16122,0,3.5393794446032296,0.33950881962629886,5.966867504930822,2.0031020357948157,2.427488060327593,1.663593216168517,ISO
16125,0,2.9491976780303264,2.306351530237939,3.507458806376286,-1.88342643300593,0.5582611283459598,-4.189777963243869,ISO
16126,0,4.204493252973593,1.7872520179579547,6.231415081768748,-3.382768187245963,2.0269218287951545,-5.170020205203918,ISO
16127,0,0.015477927308986839,12.676422466071658,-6.802549052305874,12.459731483745665,-6.818026979614861,-0.21669098232599168,ISO
16128,0,1.7660168133268002,2.257588503634213,0.6129474163092791,3.8476105142582315,-1.1530693970175212,1.5900220106240186,ISO
16129,0,2.8025027711214006,3.9949138059496794,-0.05389428406013298,5.995739101678268,-2.856397055181534,2.0008252957285886,ISO
16132,0,6.021949022923357,0.7870632461571244,6.449037606109433,-2.733366932390722,0.42708858318607634,-3.5204301785478465,ISO
16133,0,2.190727656581196,1.4006291574863536,3.4682245804423717,0.24626446725035558,1.2774969238611757,-1.154364690235998,ISO
16134,0,3.8389774088830912,1.395241251830715,4.978286833454971,-0.39628153898150703,1.1393094245718796,-1.791522790812222,ISO
16135,0,10.097234414575915,0.7083017126359543,15.212746783612845,-8.232039904634844,5.115512369036931,-8.940341617270798,ISO
16136,0,2.955958637744617,17.107509936156525,-6.926769559837495,12.073520430460752,-9.882728197582113,-5.033989505695774,ISO
16139,0,3.180303355771932,2.2375256811359736,1.94840719424759,0.5342406822937955,-1.2318961615243418,-1.703284998842178,ISO
16140,0,1.7823563012475976,7.495832946362234,-0.3788283427739731,6.582918743284145,-2.1611846440215707,-0.9129142030780895,ISO
16141,0,5.130771799467269,0.9764014212320546,6.455443791329653,-2.960299850359291,1.3246719918623848,-3.9367012715913456,ISO
16142,0,1.6485190256951487,1.7417215147804368,4.380516987006292,-1.2524084470828396,2.7319979613111434,-2.994129961863276,ISO
16143,0,10.195740421902736,0.1678311180560167,7.706245504071795,0.0,-2.4894949178309407,-0.1678311180560167,ISO
16146,0,2.928328662610638,1.3874023178194157,0.039802525511175656,8.620089810713798,-2.8885261370994626,7.232687492894383,ISO
16147,0,0.4216754396045961,4.348185701896752,1.9002776304259668,2.206950677411105,1.4786021908213707,-2.141235024485647,ISO
16148,0,1.1509511918276474,5.426796748563973,-1.8006817033434022,11.305310900372165,-2.9516328951710493,5.878514151808193,ISO
16149,0,4.179697940037327,1.1585032333798848,3.829875395055952,-1.4901531786219837,-0.349822544981375,-2.6486564120018685,ISO
16150,0,0.8762334181496648,3.0693494300502113,-1.0383112758420545,3.5353232709159608,-1.9145446939917192,0.46597384086574967,ISO
16153,0,0.33365789278798624,9.500469473592048,-7.059498573722702,9.506323120833935,-7.393156466510688,0.00585364724188749,ISO
16154,0,2.669170059557684,3.273184835966042,0.4429441693663644,0.7133126883300606,-2.2262258901913197,-2.559872147635981,ISO
16155,0,0.4218671664265796,13.23128840155922,-9.118083528900614,14.765350824928543,-9.539950695327194,1.534062423369321,ISO
16156,0,3.0726507355302006,1.87806118457941,1.4858078991925328,3.441131094529884,-1.586842836337668,1.5630699099504741,ISO
16157,0,2.4862527447118263,4.780235277165962,1.7238019030001392,2.2542024885387826,-0.762450841711687,-2.5260327886271794,ISO
16160,0,1.5365938840813966,4.177148422745126,-1.8498800157870012,8.757093300540653,-3.3864738998683976,4.579944877795528,ISO
16161,0,1.4171186527155395,4.132602998421958,-2.1375532750458652,5.61305656299065,-3.5546719277614045,1.4804535645686916,ISO
16162,0,12.944160867394599,0.4275135699321763,12.90853473656694,-6.282074402616182,-0.03562613082765886,-6.709587972548358,ISO
16163,0,1.0734092033392226,2.5340609673769015,2.513679779971744,0.869597329287493,1.4402705766325214,-1.6644636380894084,ISO
16164,0,10.68044945619289,3.8605098530657163,14.143423969698034,-7.517834977022499,3.462974513505144,-11.378344830088215,ISO
16167,0,2.031105209833611,2.5433751078891405,1.1054245168563668,3.954364125339872,-0.9256806929772445,1.4109890174507316,ISO
16168,0,1.4681130138933751,3.0230110335342286,-0.7666008841019303,3.3990793917729176,-2.2347138979953054,0.376068358238689,ISO
16169,0,0.17138749753248336,6.447434430982855,5.133463616567274,4.8151725497213915,4.96207611903479,-1.6322618812614635,ISO
16170,0,2.7700790115953224,3.394632634899411,0.8670273829395339,3.2550265308667146,-1.9030516286557886,-0.13960610403269627,ISO
16171,0,0.7753914512031487,4.9244158830802025,-2.1629340480932786,4.366678172565638,-2.938325499296427,-0.5577377105145646,ISO
16174,0,6.676006732976585,3.346105316406854,5.857709791191842,-1.5555743843829508,-0.8182969417847431,-4.9016797007898045,ISO
16175,0,1.122629144689186,8.55206104531506,0.515679241259709,1.7295790481186633,-0.6069499034294772,-6.822481997196396,ISO
16176,0,1.7046659973530813,3.208160231043321,-0.20646575744331647,2.451119120417546,-1.9111317547963977,-0.7570411106257746,ISO
16177,0,4.607476068494957,0.13741595291989897,1.7864073879603408,4.259894540520728,-2.8210686805346166,4.1224785876008285,ISO
16181,0,4.992656519370551,2.081879938579237,2.435285483708398,0.4176610987891017,-2.5573710356621535,-1.664218839790135,ISO
16182,0,1.3079677550990718,10.526026219606555,-5.13399588225951,12.358960624711296,-6.441963637358582,1.8329344051047392,ISO
16183,0,1.3762563873985028,5.150901099035295,-1.5613668956450957,3.790741277571263,-2.937623283043598,-1.3601598214640322,ISO
16184,0,9.611673133047047,4.437947914628811,7.204098031406928,-4.498486553548141,-2.407575101640119,-8.936434468176953,ISO
16185,0,5.2172123994039055,0.0659571731908863,3.449560157886503,-0.9365918593114854,-1.7676522415174025,-1.0025490325023716,ISO
16188,0,2.831405565301435,8.96611762345386,-1.2550556583782229,8.775349163380543,-4.086461223679658,-0.19076846007331638,ISO
16189,0,8.495663123079595,1.244730872401846,6.980990615699124,-3.06683690850795,-1.5146725073804712,-4.311567780909796,ISO
16190,0,5.104877761667617,5.508799066041815,5.82677966735791,1.8477251157549797,0.7219019056902931,-3.6610739502868355,ISO
16191,0,2.593108553781878,4.994608101126698,0.2682526090119685,3.091291970518287,-2.3248559447699098,-1.9033161306084108,ISO
16192,0,10.573319987357193,12.442636228216012,18.060320972880042,-7.370168720469062,7.487000985522848,-19.812804948685073,ISO
16195,0,2.3573673166671725,0.9908714270606691,-0.3367667595238818,2.415653871200248,-2.6941340761910544,1.424782444139579,ISO
16196,0,2.435585842984538,3.4037690352268095,0.22691793568175292,1.7321402423709489,-2.208667907302785,-1.6716287928558606,ISO
16197,0,0.3630092106750009,15.835050433223234,-12.038170310759003,24.076340621518007,-12.401179521434004,8.241290188294775,ISO
16198,0,2.8267723075176296,6.1841080327538664,-0.1304664141932005,4.809861803253051,-2.9572387217108305,-1.3742462295008153,ISO
16199,0,3.2510530641650006,1.680990691969877,-0.9130254012221505,4.317671523536735,-4.164078465387151,2.636680831566858,ISO
16202,0,6.0719306061079426,0.5302996162539471,3.466833741260388,0.0,-2.6050968648475545,-0.5302996162539471,ISO
16203,0,3.98303900547346,2.192617563273551,4.112779689690864,-0.11027958158481548,0.12974068421740392,-2.302897144858367,ISO
16204,0,3.151659301090328,1.522949460929603,1.6005070723657593,1.1704148634922082,-1.551152228724569,-0.35253459743739474,ISO
16205,0,1.7455114846326112,11.258131489401222,-2.856291520308082,9.278771576205214,-4.6018030049406935,-1.9793599131960082,ISO
16206,0,1.8619812057338057,6.410258213489481,1.076457884564939,2.5990154330034003,-0.7855233211688666,-3.8112427804860802,ISO
16209,0,3.4305643457399895,3.035060686832592,-1.6937874087987663,7.591950669895686,-5.124351754538756,4.556889983063095,ISO
16210,0,3.613640936504411,6.3169044648409916,3.864459202020133,-0.3622930501892819,0.2508182655157217,-6.679197515030274,ISO
16211,0,2.148092002982971,3.868386022320819,2.3210316133924502,6.653623958391759,0.17293961040947933,2.7852379360709403,ISO
16212,0,6.992990629353462,0.019398032259158912,1.338464225867851,3.0260930323972546,-5.65452640348561,3.0066950001380954,ISO
16213,0,2.957147700086967,6.061586281787848,2.1527128851207085,2.764536547207907,-0.8044348149662585,-3.2970497345799408,ISO
16216,0,1.308899628759507,1.2500726791527175,1.0588850929288964,1.9265825996353096,-0.2500145358306104,0.6765099204825921,ISO
16217,0,0.2005109859089739,13.166888074690187,-10.218633948546907,14.295690662029658,-10.41914493445588,1.1288025873394711,ISO
16218,0,1.5023085285982583,7.583943054008838,-4.9232279491417605,8.669949219260728,-6.425536477740019,1.0860061652518893,ISO
16219,0,3.189672850577121,1.5552950263144012,5.825766115516811,-0.9665675304778064,2.63609326493969,-2.5218625567922075,ISO
16220,0,2.7332202337126925,7.779165280567262,-1.6995023248086403,9.636353388089958,-4.432722558521332,1.8571881075226961,ISO
16223,0,3.303966996903161,2.9991367084982463,-0.9243241003238936,5.152615197551172,-4.228291097227054,2.153478489052925,ISO
16224,0,1.7741083920912935,4.6880584454231125,1.1766107470865284,1.976338364247029,-0.5974976450047651,-2.711720081176083,ISO
16225,0,5.61649445156549,2.6045401731351534,-0.1600555413657051,3.3611663686827846,-5.776549992931195,0.7566261955476312,ISO
16226,0,16.2285158187073,5.2450563126061525,13.307382971339988,-9.516401676089867,-2.921132847367314,-14.761457988696021,ISO
16227,0,6.833723033868466,8.062539285830148,1.7429128471699484,2.6206387414283334,-5.090810186698518,-5.441900544401815,ISO
16230,0,1.5046974544514005,4.527896927155865,-1.7945932942995328,4.886815586015772,-3.2992907487509333,0.3589186588599066,ISO
16231,0,14.056336170137202,0.21666799491551822,11.34798623369461,-8.856304292167227,-2.7083499364425925,-9.072972287082745,ISO
16232,0,3.1899034930677184,0.9942556342026774,0.2899912266427125,3.738815457783625,-2.8999122664250057,2.7445598235809476,ISO
16233,0,9.788131112202374,3.5914829382121214,10.399219253927965,-5.992952126748306,0.6110881417255929,-9.584435064960427,ISO
16234,0,1.9813162401850204,1.2083363617270886,4.2380620922342755,-0.14215721902679948,2.256745852049255,-1.350493580753888,ISO
16237,0,2.457889108607805,7.690814307579196,-4.023802331027211,9.365746804977299,-6.481691439635016,1.6749324973981028,ISO
16238,0,5.018306717257783,6.1221486753979555,6.669431663046869,-3.64546125671401,1.6511249457890862,-9.767609932111966,ISO
16239,0,3.2155336819342186,1.8010760505850096,4.573413008029717,2.640320911852214,1.357879326095498,0.8392448612672044,ISO
16240,0,19.41037720989298,0.3810351184391722,44.90610939956197,-17.59485693968371,25.495732189668992,-17.97589205812288,ISO
16241,0,6.441485745123847,0.6198651957113446,4.160126210392509,-1.8340341357643724,-2.2813595347313385,-2.453899331475717,ISO
16244,0,6.884049654623775,0.8605062068280535,7.381231018568805,-3.1169447047324033,0.4971813639450299,-3.9774509115604566,ISO
16245,0,0.7708970453204744,5.071691087634255,-2.3126911359612694,5.626195979882224,-3.083588181281744,0.5545048922479688,ISO
16246,0,6.53406990276773,1.137076477404838,9.590992896370379,-3.889131140108829,3.05692299360265,-5.026207617513666,ISO
16247,0,6.600493046962587,2.8998632585595456,5.333260577404316,-2.7288257473308124,-1.2672324695582715,-5.628689005890358,ISO
16248,0,2.4423041217945367,1.3279194541998207,2.9761410883071466,0.4537614215356575,0.5338369665126097,-0.8741580326641631,ISO
16251,0,5.039830194372682,3.009320095400372,16.837614513017947,-3.0926230738196807,11.797784318645265,-6.1019431692200525,ISO
16252,0,5.325324868777845,0.31860918018321205,5.352634227079453,0.33681541905081236,0.02730935830160742,0.01820623886760029,ISO
16253,0,4.953564231532445,6.194855502665799,6.218057208668536,0.7772571510833691,1.264492977136091,-5.41759835158243,ISO
16254,0,0.8763815023925412,8.808757665073193,0.19475144497610136,3.692787014354714,-0.6816300574164399,-5.115970650718479,ISO
16255,0,1.6097559236755516,2.2478573708984295,0.0725115280934339,1.9578112585246938,-1.5372443955821178,-0.2900461123737356,ISO
16258,0,3.7071086364136856,2.909050527185847,7.414217272827663,-0.1287190498753634,3.7071086364139783,-3.0377695770612103,ISO
16259,0,4.451982309828672,5.56497788728595,-0.1451733361901563,6.532800128553072,-4.5971556460188285,0.9678222412671218,ISO
16260,0,1.2482182333231597,3.858129084816931,5.50787206452358,3.954145871995544,4.259653831200421,0.09601678717861299,ISO
16261,0,1.1913195652437865,2.720094457981573,-2.004280126933852,3.9625436183002716,-3.1955996921776384,1.2424491603186985,ISO
16262,0,2.3201158530913726,2.7972364519125703,1.6278232195076532,2.6381962523054336,-0.6922926335837194,-0.1590401996071368,ISO
16265,0,0.13375625506929653,12.299206120893624,-8.10180744991029,11.45845251760109,-8.235563704979585,-0.8407536032925348,ISO
16266,0,2.4046034393360247,12.185606041332981,-7.881280311845304,15.112205245080148,-10.285883751181329,2.9265992037471666,ISO
16267,0,6.3630249105460965,2.7207416858887172,5.693810221678422,1.3603708429443586,-0.6692146888676747,-1.3603708429443586,ISO
16268,0,2.5747127420303766,4.150614506549042,14.686220669339791,1.1689787736803985,12.111507927309415,-2.9816357328686434,ISO
16269,0,0.9430255320310438,3.7207810107346324,0.5645322912838038,2.983039948261468,-0.37849324074723995,-0.7377410624731643,ISO
16272,0,4.4252505644796,3.932365513714048,0.23572763297472324,4.135948469464979,-4.189522931504877,0.20358295575093058,ISO
16273,0,7.718804365341883,2.467365899226748,3.6605398564646285,0.23568868291115527,-4.058264508877255,-2.231677216315593,ISO
16274,0,3.8349188395889575,2.7005056749986065,-0.21082014563189372,4.4272230582690835,-4.045738985220852,1.726717383270477,ISO
16275,0,1.0285435415395965,9.041229518372079,-4.669919466828842,9.364723051598324,-5.698463008368439,0.323493533226244,ISO
16276,0,0.9135585152967616,2.5579638428313234,13.918332674228669,0.6771080760436718,13.004774158931909,-1.8808557667876515,ISO
16279,0,1.7052035005208577,1.754629688941896,1.7381542928014249,1.3427447854344297,0.032950792280567326,-0.4118849035074662,ISO
16280,0,2.318896291375639,9.540846364884958,-5.76729188334746,10.037141512116577,-8.0861881747231,0.49629514723161766,ISO
16281,0,6.097279435925302,9.056253279830164,-1.216894005069186,7.198888745777518,-7.314173440994488,-1.8573645340526463,ISO
16282,0,0.7510680778417942,9.973043210836444,-5.552199461514417,13.699862027469385,-6.30326753935621,3.726818816632941,ISO
16283,0,12.59903806832977,5.434678484389403,11.411801337276673,-8.065021931635869,-1.1872367310530973,-13.499700416025272,ISO
16286,0,3.5380357917664176,3.148737355132009,-0.44654820672792667,6.5379237446559575,-3.9845839984943443,3.389186389523949,ISO
16287,0,1.2478821539594234,10.430411211397109,3.049070545995255,9.441523466750064,1.801188392035832,-0.9888877446470448,ISO
16288,0,17.65311266855122,1.8142972937873778,17.272110236855806,-13.053869028800069,-0.38100243169541537,-14.868166322587447,ISO
16289,0,2.399773057427549,2.852710356345946,7.262889319499394,0.015892536804141596,4.863116262071846,-2.8368178195418046,ISO
16290,0,0.27020400979287995,9.044723696222245,-4.458366161581226,7.060857413796008,-4.7285701713741055,-1.9838662824262372,ISO
16293,0,3.1923231808434838,1.525445570592882,1.7274913415323836,2.384140097085477,-1.4648318393111004,0.8586945264925951,ISO
16294,0,4.9507024631105025,1.2624742164581315,3.805457995323574,3.823493341272958,-1.1452444677869285,2.5610191248148264,ISO
16295,0,6.541284688550989,2.6364457678230404,5.807428650084794,-0.652316478636686,-0.7338560384661944,-3.2887622464597266,ISO
16296,0,5.561773820365659,1.1201244131819008,2.473338299627167,-0.11654473663168284,-3.0884355207384915,-1.2366691498135836,ISO
16297,0,0.18158183282565993,21.053404728167568,-3.2886487500635573,10.975613006346999,-3.4702305828892173,-10.07779172182057,ISO
16300,0,0.6841493894434536,7.34908860272973,-2.504869538768276,5.826304477839883,-3.1890189282117296,-1.5227841248898468,ISO
16301,0,2.7424748259855,8.255266861976633,-5.262210579809631,9.048774806551018,-8.004685405795131,0.7935079445743852,ISO
16302,0,2.9840770792462545,1.254760173483544,1.029546809012153,5.147734045060764,-1.9545302702341016,3.8929738715772197,ISO
16303,0,0.5355922251686616,5.930896258117102,-1.8824491443426983,6.584633827073028,-2.41804136951136,0.6537375689559268,ISO
16304,0,0.2926666282948109,8.194665592254427,1.182860956024849,4.499749410032614,0.8901943277300383,-3.694916182221814,ISO
16307,0,3.203131392591451,2.2847510632469064,1.0191781703700533,2.49754650541187,-2.1839532222213975,0.21279544216496332,ISO
16308,0,2.7181078367518037,4.408213350629833,-2.360920588973636,5.3752324848587865,-5.07902842572544,0.9670191342289537,ISO
16309,0,2.251536053283211,4.116779156248318,-1.4679132112090982,4.27129633637571,-3.7194492644923094,0.15451718012739238,ISO
16310,0,1.9542251232584624,3.6785414084864527,-1.300800004645636,2.873860475380076,-3.2550251279040983,-0.8046809331063772,ISO
16311,0,6.261367553730642,0.8732176620098373,4.286704886230849,-0.1587668476382548,-1.974662667499793,-1.0319845096480922,ISO
16314,0,0.6089340598931854,1.9581408984799302,-0.11939883527306715,1.92232124789801,-0.7283328951662525,-0.035819650581920146,ISO
16315,0,0.8374158853682627,5.200474012758525,-2.8642050572018563,4.812107225341265,-3.701620942570119,-0.38836678741725933,ISO
16316,0,3.0751273697073067,1.5206673806245077,2.3249314619324637,0.033792608458445325,-0.7501959077748431,-1.4868747721660622,ISO
16317,0,6.50399623339977,4.904479244403856,-0.9321688412688819,11.260175889419813,-7.436165074668651,6.355696645015957,ISO
16318,0,8.480519994794411,5.0905061805750185,3.0937990149187025,1.5578704259517107,-5.386720979875708,-3.532635754623308,ISO
16321,0,2.736814178971078,9.673222529122233,-8.717696889050472,15.83105443180736,-11.45451106802155,6.1578319026851265,ISO
16322,0,1.1497953459484487,3.7390982509976576,0.8781901461181438,7.894657808401879,-0.27160519983030496,4.155559557404222,ISO
16323,0,0.14488097404315609,6.97239687582336,-3.2054915507031554,9.670805017375779,-3.3503725247463114,2.698408141552418,ISO
16324,0,4.020080524455674,3.6979586875601878,0.8954987065695161,3.0794847607208307,-3.124581817886158,-0.618473926839357,ISO
16325,0,1.804242134764979,8.914508181983178,-3.0264706776699746,11.067958471863838,-4.830712812434953,2.1534502898806607,ISO
16328,0,3.079269018686914,5.615879972605688,-0.6688576147150804,4.644143438020017,-3.7481266334019945,-0.9717365345856703,ISO
16329,0,0.5206406863814117,5.673452185420504,2.0289673807509696,5.045620769489911,1.508326694369558,-0.6278314159305924,ISO
16330,0,1.2925429321684816,3.2664263247049283,1.0821289664665934,16.2419542096525,-0.21041396570188825,12.975527884947573,ISO
16331,0,3.681634971111681,7.063806810601714,2.968208098719285,-0.7838887857152427,-0.713426872392396,-7.847695596316957,ISO
16332,0,2.6074590450840818,5.35251487354962,-1.1626928195755741,5.655227796989327,-3.7701518646596557,0.3027129234397065,ISO
16335,0,2.313643398415737,1.9854670298462336,4.97187198382963,1.7803567994902239,2.658228585413893,-0.2051102303560097,ISO
16336,0,0.592367020392465,5.268285415405006,-3.2685215735128326,5.024616711981199,-3.8608885939052975,-0.24366870342380614,ISO
16337,0,1.2196800031469346,3.983347987156196,-1.1068772282893582,4.561462208300935,-2.326557231436293,0.5781142211447389,ISO
16338,0,11.778771667767042,0.7037874075946344,11.995321639334636,-6.581572350144275,0.21654997156759334,-7.2853597577389095,ISO
16339,0,0.4776885951736554,6.915461047051383,-2.9322730688348044,5.960083856704239,-3.40996166400846,-0.9553771903471437,ISO
16342,0,2.8317833535257577,3.7984956017986207,-1.4744802978703688,4.638265837671718,-4.306263651396127,0.8397702358730976,ISO
16343,0,8.330531590927533,1.7446476515775753,3.8304994564156876,1.5515132252037058,-4.500032134511846,-0.19313442637386946,ISO
16344,0,7.508761790815667,0.43289507179750447,8.52409750466805,-3.486773032842056,1.015335713852384,-3.9196681046395607,ISO
16345,0,2.0379806450870217,3.2195093012878457,3.250766673144838,1.244043399915093,1.2127860280578162,-1.9754659013727527,ISO
16346,0,2.157955911607126,12.939530314084765,-8.459515379721838,13.710814936484281,-10.617471291328963,0.771284622399518,ISO
16349,0,6.389737494995088,0.046414558075158575,11.626846797793716,-4.788435241406602,5.237109302798629,-4.83484979948176,ISO
16350,0,5.382119285948861,0.22028585573014375,5.007037964029928,-1.9944800451248086,-0.3750813219189336,-2.2147659008549523,ISO
16351,0,2.2979758579944245,6.146882418734493,5.878920569568933,9.64662656995573,3.5809447115745088,3.499744151221236,ISO
16352,0,1.5015030868590467,4.6699290921799514,-2.3922252570295326,5.675172684229551,-3.8937283438885792,1.0052435920496001,ISO
16353,0,2.424617647000243,2.5393471886566554,1.529727222082247,1.6138622192968681,-0.8948904249179963,-0.9254849693597873,ISO
16356,0,4.5759664697399005,0.34219104099227704,5.750151414321264,-1.2479908553835537,1.1741849445813637,-1.5901818963758307,ISO
16357,0,4.742624478950244,2.045074210635491,1.5386748822876508,2.3859199124082204,-3.2039495966625937,0.34084570177272944,ISO
16358,0,19.17277365293875,0.6847419161764451,17.87853618500095,-10.00024183075177,-1.2942374679378004,-10.684983746928216,ISO
16359,0,1.1549445476741123,3.6394837941341334,1.4028350847359092,1.7070643802207837,0.24789053706179695,-1.9324194139133497,ISO
16360,0,3.0838895914265394,4.928797147587794,2.5322260574762354,4.087736349925973,-0.551663533950304,-0.8410607976618208,ISO
16363,0,5.950582807784357,0.14602657197003588,3.6689176207504715,-1.0860726290281795,-2.2816651870338855,-1.2320992009982152,ISO
16364,0,5.074799944143395,1.161787065864185,3.2857904132724935,0.6129674089835307,-1.7890095308709013,-0.548819656880654,ISO
16365,0,3.0310023444087815,4.7170583109127735,-0.19491976491379862,5.38953149986528,-3.22592210932258,0.6724731889525054,ISO
16366,0,0.0,10.759574727461258,-4.649198956310413,10.560323343619372,-4.649198956310413,-0.19925138384188565,ISO
16367,0,3.504151016202172,1.5447292941246895,1.606933158317573,2.23933911094593,-1.8972178578845988,0.6946098168212403,ISO
16370,0,1.0470043727115903,4.2655733703055105,-1.0728563325313067,7.186844829969313,-2.119860705242897,2.921271459663802,ISO
16371,0,7.766265673089281,0.37535461250840535,2.7436634771442403,-0.7507092250166075,-5.022602195945041,-1.1260638375250127,ISO
16372,0,0.7334054556507522,9.09704844028375,-2.482295388356466,27.06548210372782,-3.2157008440072183,17.96843366344407,ISO
16373,0,1.628358890309137,6.024927894143807,-1.2701199344411565,5.086993173325709,-2.8984788247502937,-0.9379347208180985,ISO
16374,0,0.05875198496237261,5.311179440595242,-0.20367354786942776,4.0499701634037315,-0.26242553283180037,-1.2612092771915113,ISO
16377,0,0.5920439232718491,4.3839442889884275,-0.5497550716094597,5.476406290263642,-1.1417989948813088,1.0924620012752144,ISO
16378,0,0.782687025585654,3.2822359137462955,0.87105491557105,3.092876149491732,0.08836788998539605,-0.1893597642545636,ISO
16379,0,4.368258889100645,0.5235209598634489,5.272903107744623,-0.6826713316619831,0.9046442186439788,-1.2061922915254322,ISO
16380,0,3.48287852451267,2.4188626819933807,1.5392762521777232,1.971976028135431,-1.9436022723349466,-0.44688665385794984,ISO
16381,0,14.299584807332824,0.674798081856203,20.366633016021087,-11.483836447587795,6.067048208688262,-12.158634529443997,ISO
16384,0,1.3735440575363969,3.703434211207764,-2.3234717234959694,12.907463082736221,-3.6970157810323663,9.204028871528458,ISO
16385,0,1.3422106291895368,1.8617760340369924,9.335940868354573,1.0228943907935626,7.9937302391650364,-0.8388816432434298,ISO
16386,0,4.9515148106872715,1.4293032443221332,1.6626588760481449,4.419172275812188,-3.2888559346391264,2.9898690314900547,ISO
16387,0,2.4601167111408344,0.767472307321722,3.232845678101741,2.439090072583975,0.772728966960907,1.671617765262253,ISO
16388,0,18.79140280004159,3.901518113112108,27.972247870406772,-12.891379779338804,9.180845070365185,-16.79289789245091,ISO
16391,0,1.0928892299136839,3.6396219308133504,-0.2707156808042809,3.4641580636254243,-1.3636049107179649,-0.17546386718792606,ISO
16392,0,0.08783562541610689,4.856793405359055,-1.60687526496451,4.128274394555262,-1.694710890380617,-0.7285190108037937,ISO
16393,0,0.3707284247047838,14.183351990321015,0.9387800432041764,13.687054260474245,0.5680516184993927,-0.4962977298467705,ISO
16394,0,0.5530071878781108,3.2136291827041017,0.738631978214818,2.950660729727085,0.18562479033670728,-0.2629684529770166,ISO
16395,0,4.723897262938536,0.0,4.275644237988103,0.9585718533553984,-0.4482530249504333,0.9585718533553984,ISO
16398,0,3.820990068824986,1.6942125776866632,3.150514452974512,0.48303082002132836,-0.6704756158504737,-1.2111817576653348,ISO
16399,0,1.4648915948039944,7.431124837719522,-0.14222248493246276,3.811562596189226,-1.6071140797364574,-3.619562241530296,ISO
16400,0,0.8448896129485518,3.1952188998776516,0.09985059062126393,1.9048420364656038,-0.7450390223272879,-1.2903768634120478,ISO
16401,0,0.048253068043791904,4.790840327193724,-2.8055712419681527,5.9971670282857,-2.8538243100119445,1.2063267010919765,ISO
16402,0,3.720579836486815,3.5800653270627,0.0977492239471561,11.009006347042813,-3.6228306125396585,7.428941019980114,ISO
16405,0,7.274346581291631,1.242159628278566,12.721987826879396,-5.285267437969672,5.447641245587763,-6.527427066248238,ISO
16406,0,3.2147045137009114,1.6030314174503242,3.491238235309633,-0.21172113060664843,0.27653372160872175,-1.8147525480569726,ISO
16407,0,6.448137772081989,1.030496784136348,8.340395024823858,-2.7600440183305026,1.8922572527418695,-3.7905408024668508,ISO
16408,0,8.47492360653928,0.6733500947660473,5.967274977755059,-2.3683348160741144,-2.507648628784222,-3.041684910840162,ISO
16409,0,3.727060482428545,11.223454345006903,-4.7979738913683105,9.307082981641125,-8.525034373796856,-1.9163713633657782,ISO
16412,0,2.7928142169175874,2.020887306030348,12.10797716402773,3.1484209960903917,9.315162947110142,1.1275336900600437,ISO
16413,0,19.77741440058215,0.0,17.40178415009805,-12.556902752559,-2.3756302504840994,-12.556902752559,ISO
16414,0,3.8831282290105875,1.0993791609406856,2.476124623953531,0.5396035331222152,-1.4070036050570565,-0.5597756278184703,ISO
16415,0,2.0420543267548736,3.8026524853058508,5.814764666507162,0.1317454404358115,3.772710339752288,-3.6709070448700394,ISO
16416,0,1.7139161066234603,4.324648780666136,1.489711964768628,1.0313390525320922,-0.2242041418548322,-3.293309728134044,ISO
16419,0,2.0663504468717937,3.737161864309429,3.750801141186458,14.382617466840381,1.6844506943146642,10.645455602530951,ISO
16420,0,3.3001977814694143,7.3360708069728915,-3.654740067750905,6.449715091269367,-6.954937849220319,-0.8863557157035256,ISO
16421,0,1.2755897139888122,5.806530553270212,0.5656461175154021,9.927666552310848,-0.7099435964734101,4.121135999040637,ISO
16422,0,0.16538150547263136,5.3806680501465,-2.823023837603722,5.372975887101266,-2.9884053430763533,-0.007692163045234601,ISO
16423,0,2.5740346729024237,1.1433212260706584,1.5744095572121055,0.9371485459595933,-0.9996251156903181,-0.20617268011106507,ISO
16426,0,1.0438901159626224,7.350726233236428,-5.16870592139798,18.913259114905348,-6.212596037360603,11.562532881668918,ISO
16427,0,3.0227569173142803,1.411537968221867,1.7351588682532477,3.008985815185142,-1.2875980490610324,1.5974478469632751,ISO
16428,0,2.922649527407436,4.082952336041356,-1.4011203726897585,2.955488286142572,-4.3237699000971945,-1.1274640498987842,ISO
16430,0,0.09493920335792093,3.029012678561735,-0.7685554557544855,2.8346133574002828,-0.8634946591124064,-0.19439932116145225,ISO
16433,0,2.3651291651911075,10.56595746623416,-7.018263718447596,12.168418168736938,-9.383392883638704,1.6024607025027773,ISO
16434,0,18.730388292618144,3.754031114274239,17.084022952247754,-8.120478321343017,-1.6463653403703906,-11.874509435617256,ISO
16435,0,2.7835873234227915,9.920231418581148,-5.759656748997153,9.402010374327038,-8.543244072419943,-0.5182210442541096,ISO
16437,0,6.426118358584705,8.573721550284954,6.837835032641221,0.31156937496165354,0.4117166740565159,-8.262152175323301,ISO
16440,0,7.15496598967941,1.2482680085928677,9.662125564385196,-2.767436733944314,2.507159574705786,-4.0157047425371815,ISO
16441,0,2.280125104449386,2.53038273786472,7.240787526812591,1.5682811694018988,4.960662422363205,-0.9621015684628211,ISO
16442,0,1.910490056594388,2.8373614701894976,1.9987635245557587,2.578846314016625,0.08827346796137076,-0.2585151561728725,ISO
16443,0,8.543907132835384,0.9914725734370952,7.336897043433916,0.37934602809768825,-1.207010089401468,-0.6121265453394069,ISO
16444,0,8.307095013107952,5.465690923397158,8.731889644460109,-3.08684098782534,0.42479463135215634,-8.552531911222498,ISO
16447,0,5.03333163884791,0.8012969000525177,9.692724724337952,-3.3357693172552647,4.659393085490041,-4.137066217307782,ISO
16448,0,2.4126594501874514,3.766368824953125,1.2445392638976882,6.124443219706397,-1.1681201862897632,2.3580743947532725,ISO
16449,0,8.24884832640796,0.585205155790747,6.014891253432532,0.198460878920299,-2.233957072975428,-0.3867442768704479,ISO
16450,0,1.4169295184194326,2.088828354573119,2.0111257680792214,0.48678385068277447,0.5941962496597889,-1.6020445038903446,ISO
16451,0,11.775356572784906,0.07374962362920624,13.877220846215257,-7.3565249570060915,2.1018642734303516,-7.430274580635298,ISO
16454,0,0.9789331935911383,4.289371397872807,-0.14198267693311256,4.042769906357526,-1.1209158705242508,-0.2466014915152808,ISO
16456,0,3.390131322647351,6.132761437694991,-0.9943768545282653,5.341884962698108,-4.384508177175616,-0.7908764749968827,ISO
16457,0,9.284301705792556,4.3694105749684375,11.349335238675712,-6.490105389061205,2.065033532883157,-10.859515964029644,ISO
16458,0,2.0952743673019576,6.442270254664403,-0.4190548734603915,4.073213370034985,-2.514329240762349,-2.369056884629418,ISO
16461,0,4.2983140224594685,0.6822720670570093,1.8591913827305102,-0.05543460544843169,-2.4391226397289585,-0.737706672505441,ISO
16462,0,10.75591524660643,0.7342135845116822,9.908745726015995,-5.804680048489434,-0.8471695205904354,-6.538893633001116,ISO
16463,0,2.28419305926118,4.423028378387226,-0.1315141458361229,6.94256254072373,-2.415707205097303,2.519534162336505,ISO
16464,0,1.787336311990089,2.119318103522965,-1.0764258089096301,5.643690456058814,-2.863762120899719,3.524372352535849,ISO
16465,0,6.963341252472565,2.869508757887027,13.913929132687722,-5.018451983237909,6.950587880215156,-7.887960741124935,ISO
16468,0,0.7371504141704259,6.172833468227934,3.967792229317696,3.3908919051843385,3.2306418151472704,-2.781941563043596,ISO
16469,0,0.185578918696539,13.51246501759454,-7.243377170375735,14.36496817535682,-7.4289560890722734,0.8525031577622796,ISO
16470,0,2.846100691144822,3.3788446653727897,0.4175560879082214,2.610925423242566,-2.4285446032366007,-0.7679192421302241,ISO
16471,0,2.3068861354642776,1.6088798155061739,3.603890786733816,2.2870845377348763,1.2970046512695383,0.6782047222287023,ISO
16472,0,2.110267725565018,27.800094740598603,-24.053475346481203,32.28888456362224,-26.16374307204622,4.4887898230236365,ISO
16475,0,1.4820185240999881,3.9342244325334326,0.8174019694777569,2.3299775765488504,-0.6646165546222312,-1.6042468559845824,ISO
16476,0,2.047948302088729,3.019072174369338,0.7597227572264905,3.9439520527320093,-1.2882255448622382,0.924879878362671,ISO
16477,0,2.222973382306451,10.707193592285254,-7.599646026708205,12.84555553097441,-9.822619409014656,2.1383619386891555,ISO
16478,0,2.3401911089054193,2.1561957391635036,1.3799652730645637,2.443688504385304,-0.9602258358408554,0.28749276522180045,ISO
16479,0,9.401143851951963,0.3881206177411802,7.745162549589895,-2.354598414296271,-1.655981302362068,-2.7427190320374506,ISO
16482,0,0.7498050058090134,4.370573915439272,-1.4601465902596933,4.054866544572378,-2.2099515960687066,-0.315707370866894,ISO
16483,0,1.4518946283054268,11.802096248971118,-8.387339784115651,11.98280416408206,-9.839234412421078,0.1807079151109412,ISO
16484,0,4.0711767208020415,0.892413737711867,5.479862868760558,6.232145523691161,1.4086861479585167,5.339731785979294,ISO
16485,0,3.0940316602750504,6.4716303769909675,-2.797861623548228,7.971385031055158,-5.891893283823278,1.4997546540641906,ISO
16486,0,7.729138103844319,0.7032636594923679,3.2593565757244685,3.8341393743478434,-4.46978152811985,3.1308757148554753,ISO
16489,0,11.064106991552611,0.027574098421289918,7.327816655464378,-2.9159609080540734,-3.7362903360882322,-2.943535006475363,ISO
16490,0,3.725891550100238,6.053613487585739,2.1279834213974818,4.962733899721263,-1.5979081287027566,-1.090879587864476,ISO
16491,0,2.046649237109217,4.561104014129058,-2.3724423809754698,6.273606437016292,-4.419091618084686,1.7125024228872343,ISO
16492,0,2.1191971997329238,5.903477913541717,-3.178795799599386,5.964026404962602,-5.297992999332309,0.060548491420885614,ISO
16493,0,9.562136611580337,0.0584074662137882,9.195003966807576,-2.4280818097467107,-0.3671326447727624,-2.4864892759604986,ISO
16496,0,2.9082951581675407,6.586215498140574,-4.691753512158626,8.43627603132611,-7.600048670326166,1.8500605331855355,ISO
16497,0,5.199272137796373,6.044682241502896,-2.1050711582297277,5.9178707259470045,-7.304343296026101,-0.1268115155558919,ISO
16498,0,2.1235476747718294,5.506115710080329,-1.3513485203092763,5.10322919470858,-3.4748961950811057,-0.40288651537175,ISO
16499,0,8.518858648075442,0.4084384283322343,6.18492477189052,4.123283181260273,-2.3339338761849224,3.7148447529280384,ISO
16500,0,2.299893380122986,17.19072848532575,-14.727113881532965,24.542591052973062,-17.02700726165595,7.351862567647313,ISO
16503,0,1.1616126427383675,6.494054931844427,-4.28973487751424,7.646521018340768,-5.451347520252608,1.1524660864963414,ISO
16504,0,2.8537801371480565,1.7050563635307983,-0.5717862729665573,3.1525513428423393,-3.4255664101146137,1.4474949793115408,ISO
16505,0,1.8564810392051536,6.831065795666381,-1.7911119885286813,6.203522909174507,-3.647593027733835,-0.6275428864918745,ISO
16506,0,1.19370175402886,5.148536069947221,-2.348357189000861,5.946196587826402,-3.542058943029721,0.7976605178791809,ISO
16507,0,3.4155935391982357,2.7945765320714764,3.1283731734020965,1.9639662850390254,-0.28722036579613947,-0.8306102470324511,ISO
16510,0,1.5693181286576818,4.700481442503423,-1.0835768031208612,3.3404057310000876,-2.652894931778543,-1.3600757115033355,ISO
16511,0,5.824078596992165,10.234545884034576,-3.1853374850861855,6.54030832736659,-9.009416082078351,-3.6942375566679857,ISO
16512,0,1.523613729302575,2.137974104021127,21.224103078616743,-0.08191471662927685,19.700489349314168,-2.2198888206504037,ISO
16513,0,2.6719769927784056,2.881281857212726,3.1351196715266467,-0.8639392276650422,0.4631426787482408,-3.7452210848777683,ISO
16514,0,8.64389170590359,1.8239404517044062,11.304105250089135,-6.495534968322869,2.6602135441855457,-8.319475420027276,ISO
16517,0,2.9961803957266286,1.8867300052913698,4.504235716857317,-0.7639927838326432,1.5080553211306886,-2.6507227891240133,ISO
16518,0,0.9918839262380188,5.112578178624275,1.0721098320366151,2.946478722060353,0.08022590579859623,-2.166099456563922,ISO
16519,0,3.604142576803401,0.4615060616639446,2.446714676122651,-0.2563922564798582,-1.15742790068075,-0.7178983181438028,ISO
16520,0,1.6693736676140616,2.512324727498476,-0.8760079641935743,2.7106661533536216,-2.545381631807636,0.19834142585514533,ISO
16521,0,0.9014696929228377,6.040504949658662,-0.4277045988320972,3.6716794792043608,-1.329174291754935,-2.368825470454301,ISO
16524,0,1.270543072706254,2.5141963449321283,0.3899021069680342,1.9024533839993911,-0.88064096573822,-0.6117429609327372,ISO
16525,0,3.574797048380978,1.157122371899069,1.9651687209907613,2.398281564103583,-1.609628327390217,1.2411591922045135,ISO
16526,0,17.04634735666939,0.35209080182548497,21.331550042300663,-13.096060311798961,4.285202685631274,-13.448151113624446,ISO
16527,0,1.170827752065403,5.9403346684549465,-1.0558998745621466,6.795110757386231,-2.2267276266275497,0.8547760889312849,ISO
16531,0,3.6838881002861927,2.6376287114220607,4.483968809417623,4.3345031824369755,0.8000807091314304,1.696874471014915,ISO
16532,0,3.6636526918326924,0.8243218556623889,3.305613906040077,1.315584375703727,-0.35803878579261517,0.4912625200413383,ISO
16533,0,0.21891792907574936,8.954785765535377,-4.6389751637522885,13.885651501388901,-4.857893092828038,4.930865735853525,ISO
16534,0,2.2674051637686428,4.702202655063677,-2.701103466905547,5.082639763078547,-4.968508630674189,0.38043710801487063,ISO
16535,0,4.3006082645565575,2.7187062036078227,3.2119228157667274,-0.09623738773824286,-1.0886854487898296,-2.8149435913460654,ISO
16538,0,5.823658457344606,0.9380389461493187,1.188182665122814,2.3763653302452727,-4.635475792221792,1.438326384095954,ISO
16539,0,6.1472886524546215,2.8348853274348382,6.256090221524652,-2.085363407174884,0.10880156907003101,-4.920248734609722,ISO
16540,0,4.727563174692441,2.183798217751315,10.375041349536419,-2.4157767830069186,5.647478174843979,-4.599575000758233,ISO
16541,0,0.7847048343577875,8.143629698295793,-3.5775125912847447,7.321852194598302,-4.362217425642532,-0.8217775036974923,ISO
16542,0,1.921037437977457,2.6583370180463897,1.156680992585076,2.2051345238755893,-0.764356445392381,-0.4532024941708004,ISO
16545,0,0.6258343481360062,5.749423242217504,-2.338282179849251,5.233625702544889,-2.964116527985257,-0.5157975396726151,ISO
16546,0,3.5460648420207166,3.9400720466897874,5.576717358391551,1.7174673024032465,2.030652516370834,-2.222604744286541,ISO
16547,0,0.8329430023482655,12.956891147640523,-8.722764219036547,12.594406692914843,-9.555707221384813,-0.36248445472567953,ISO
16548,0,2.093910712555585,3.023607068930181,6.842900208631712,-1.0720822848284366,4.748989496076128,-4.095689353758617,ISO
16549,0,0.05275293093032782,11.168549091259512,-8.63640840660155,12.103029582026176,-8.689161337531878,0.9344804907666637,ISO
16552,0,17.80926293884522,0.1697917017473096,21.007006655089004,-14.969968370734856,3.1977437162437856,-15.139760072482167,ISO
16553,0,8.974212347516385,0.578981441775245,9.667466442273657,-6.703995641608146,0.693254094757272,-7.282977083383391,ISO
16554,0,6.020026522919811,1.7952898087639093,4.322986405182693,5.296551525358281,-1.6970401177371175,3.501261716594372,ISO
16555,0,2.994004251888536,18.339160795846784,-12.81830189165521,17.227910990772365,-15.812306143543747,-1.1112498050744188,ISO
16556,0,0.20365113166864393,9.848568727495554,-2.47639776109068,8.952503748153594,-2.6800488927593245,-0.8960649793419592,ISO
16559,0,11.443730264331814,2.204957661720991,10.087681302373385,-4.994229103798015,-1.3560489619584297,-7.1991867655190065,ISO
16560,0,10.035299025699377,0.22026556246048046,7.770969043605694,-3.3392259269008515,-2.264329982093683,-3.559491489361332,ISO
16561,0,6.636186739723983,0.589883265753239,2.4216260383553467,-0.08537784109578692,-4.214560701368637,-0.675261106849026,ISO
16562,0,3.6734879036471026,4.310556751802095,0.3805865846121126,2.109773458175637,-3.29290131903499,-2.2007832936264577,ISO
16563,0,6.6838498925439245,3.5976623935224077,3.7190293176411227,0.8842447328657133,-2.9648205749028014,-2.7134176606566944,ISO
16566,0,5.006670956795855,0.4824610194730303,1.6658559728974636,6.681629967796782,-3.340814983898391,6.199168948323752,ISO
16567,0,1.598592429833874,3.3283193949272882,1.2239223290915,1.9607735272178992,-0.3746701007423741,-1.3675458677093888,ISO
16568,0,18.07179609486885,0.2602933593912171,18.465954610518235,-14.427689063393165,0.3941585156493834,-14.687982422784383,ISO
16569,0,5.675642825377881,2.640317358326149,4.650007736054371,-0.900895686567905,-1.0256350893235096,-3.541213044894054,ISO
16570,0,6.0329359053294205,1.1500284069533588,7.214385853456341,-4.304751140781955,1.1814499481269205,-5.454779547735313,ISO
16573,0,0.0252972290433016,5.73403858315354,-0.33729638724421307,3.988529779164195,-0.3625936162875147,-1.7455088039893443,ISO
16574,0,0.9344906114933975,10.99104726902655,-8.597313625739584,11.364843513623908,-9.531804237232983,0.37379624459735905,ISO
16575,0,3.363700652037426,0.4941929867921383,3.7781850925728264,1.3311327224886125,0.41448444053540023,0.8369397356964743,ISO
16576,0,0.0,7.895201132940623,-2.9881143176754716,5.775193421317705,-2.9881143176754716,-2.120007711622918,ISO
16577,0,0.9034670980992202,9.447684511550225,-4.568962181815218,8.088181640124834,-5.472429279914438,-1.3595028714253907,ISO
16580,0,3.30067999883247,1.6957622012348157,7.4189596304031795,1.2869623848656961,4.11827963157071,-0.40879981636911966,ISO
16581,0,1.0685413606156815,7.512169565539595,-4.34702053523135,6.937423833693323,-5.415561895847031,-0.5747457318462716,ISO
16582,0,2.368384710344116,1.4344790674640684,1.8229838149022253,-0.2689648251494279,-0.5454008954418907,-1.7034438926134963,ISO
16583,0,1.0538854272702662,5.878338716551315,1.7174429185143698,1.5066658330601748,0.6635574912441037,-4.371672883491139,ISO
16584,0,5.8262138551450695,3.0888519524535916,3.3018762250363975,0.1491169908082063,-2.5243376301086715,-2.939734961645385,ISO
16587,0,17.147258884686398,0.8090931806177978,13.644253182238467,-1.9399847853453247,-3.5030057024479313,-2.7490779659631226,ISO
16588,0,3.8732062293888547,1.4293215739425307,3.1330218428828522,-0.19780789639379673,-0.7401843865060026,-1.6271294703363273,ISO
16589,0,4.774379719049374,1.343081770676722,3.0357327693376788,7.948100341538851,-1.7386469497116956,6.605018570862129,ISO
16590,0,0.6308991632308706,7.247646484921107,-3.446863721066501,7.901627324855703,-4.077762884297372,0.6539808399345948,ISO
16591,0,1.7864838097107023,11.823837931321966,-2.1375846740468214,6.691569414407666,-3.924068483757524,-5.1322685169143005,ISO
16594,0,1.2738436831746116,2.181552655017427,1.1899378118276875,2.9138220776806727,-0.08390587134692418,0.7322694226632457,ISO
16595,0,0.9326233790369124,5.190251848553941,-2.4572598595496995,4.281957775056918,-3.3898832385866116,-0.9082940734970226,ISO
16596,0,3.6978439728124957,0.4141118644632556,1.878084793762721,0.1633117211968852,-1.819759179049775,-0.2508001432663704,ISO
16597,0,5.632717473089871,2.8995792901908213,3.2412215630532772,1.2526883338285402,-2.3914959100365936,-1.646890956362281,ISO
16598,0,4.0827033111739714,2.9662536121398273,3.5463696322261766,0.20796612040838433,-0.5363336789477944,-2.7582874917314433,ISO
16601,0,5.648915013610935,0.048222445238098,10.085379975519867,-3.6580169173504378,4.436464961908932,-3.7062393625885357,ISO
16602,0,1.0439240203942766,7.0580349697445754,-0.8961117697187094,5.552197665990254,-1.940035790112986,-1.5058373037543213,ISO
16603,0,1.361432194520735,4.7031293992533785,11.60030241777544,4.590614341854821,10.238870223254706,-0.11251505739855798,ISO
16604,0,5.458733507114822,0.013059171069640609,6.568763048035313,-1.6846330679852717,1.110029540920491,-1.6976922390549123,ISO
16605,0,4.196795532252874,0.09782740168412801,3.492438240126707,1.193494300547474,-0.7043572921261666,1.095666898863346,ISO
16608,0,0.11941553211403425,9.919450200933126,-5.978737641172349,9.31441150488906,-6.098153173286383,-0.605038696044066,ISO
16609,0,0.8546514003250232,6.788093306028716,-3.9097845670036158,6.709504671516153,-4.764435967328639,-0.07858863451256365,ISO
16610,0,0.2297300708494745,6.6949906361854055,-2.371142516982389,5.070470849463948,-2.600872587831864,-1.6245197867214571,ISO
16611,0,1.6751466872533685,2.0237321250637037,0.3776342242940343,1.3362441782717402,-1.2975124629593342,-0.6874879467919632,ISO
16612,0,0.7849195711005417,4.097280161144849,1.0831890081186546,2.0407908848615155,0.29826943701811304,-2.0564892762833336,ISO
16615,0,4.42863378268458,2.5316333306001746,2.2350114417287266,0.5794474108186575,-2.1936223409558533,-1.9521859197815172,ISO
16616,0,0.39333261159982064,3.0738215202803065,4.261103292331611,4.698139527442652,3.86777068073179,1.6243180071623449,ISO
16617,0,1.2229897144957484,5.065125543220909,0.3896250417863563,5.021833871911123,-0.8333646727093921,-0.04329167130978654,ISO
16618,0,5.952154669205485,6.12385143850955,3.2240837791528536,0.3624709574196684,-2.7280708900526314,-5.761380481089882,ISO
16619,0,1.835196849049161,1.802619390190084,2.0198024492494455,2.334717884884804,0.18460560020028452,0.5320984946947198,ISO
16622,0,2.8559638482390013,1.5094583702404585,7.907503507737011,-0.9519879494129355,5.05153965949801,-2.461446319653394,ISO
16623,0,0.980248169065468,16.85455832441741,-6.6999486507000405,13.514100971582582,-7.680196819765508,-3.34045735283483,ISO
16624,0,6.572726178972344,0.5952421229765511,6.64791465766419,-2.9448820820944035,0.07518847869184535,-3.5401242050709545,ISO
16625,0,4.018602901000011,1.6649578874200184,1.4757581274857572,2.2325571672222857,-2.5428447735142536,0.5675992798022672,ISO
16626,0,1.2970544356761509,3.9830805505014837,2.8290084935613904,4.442666767867102,1.5319540578852395,0.45958621736561833,ISO
16629,0,1.1147520422728372,4.141562223278673,1.9711178495816695,2.325476114675205,0.8563658073088323,-1.8160861086034679,ISO
16630,0,5.866126938402407,0.9413548296420863,2.5267945427241587,-0.08918098386099049,-3.3393323956782477,-1.0305358135030769,ISO
16631,0,1.296443973337675,12.636917045375036,-7.232792693357147,15.652855130718374,-8.529236666694821,3.0159380853433384,ISO
16632,0,3.457095401149361,1.7762976370544905,2.1105471924143546,0.4774993647996199,-1.3465482087350062,-1.2987982722548705,ISO
16633,0,1.1996648632029618,17.952631835222654,-13.125744973865528,17.811494792492727,-14.32540983706849,-0.1411370427299301,ISO
16636,0,1.0385029738806972,4.65329217142717,-0.4713205804535891,4.40964339678587,-1.5098235543342864,-0.2436487746412999,ISO
16637,0,2.624496753360982,3.0910739539586545,1.5497028448417067,7.065311894762585,-1.0747939085192757,3.9742379408039303,ISO
16638,0,0.7028010432929561,4.630218638165459,1.7501124019256027,1.8259046713004223,1.0473113586326466,-2.804313966865037,ISO
16639,0,0.13908485477691798,7.178323893770943,-4.2884496889590125,11.513135200988753,-4.427534543735931,4.33481130721781,ISO
16640,0,2.887015185330154,1.595776326068712,13.003749832658517,-1.1876961205471592,10.116734647328363,-2.783472446615871,ISO
16643,0,3.809864292134312,4.52950532509289,2.0258802188333487,2.2859185752805047,-1.7839840733009633,-2.2435867498123856,ISO
16644,0,4.849216606300853,0.9442368969365292,3.6009034205204684,-0.7201806841039845,-1.2483131857803853,-1.6644175810405137,ISO
16645,0,0.43528898971707697,5.992815858429641,5.679002865843013,2.8344399330409655,5.243713876125936,-3.1583759253886754,ISO
16646,0,6.802116616635978,3.619178437354993,6.46281863813389,-0.363533548395068,-0.339297978502088,-3.982711985750061,ISO
16647,0,17.472861394624267,0.7352054481174434,13.945439510570786,-9.088390752262073,-3.5274218840534814,-9.823596200379518,ISO
16650,0,0.459395884017068,3.87354256750911,-0.6577713793884469,7.40253822200536,-1.117167263405515,3.5289956544962493,ISO
16651,0,1.9280911447395837,1.3078137609668088,0.9490991293873277,5.42555880263944,-0.9789920153522561,4.117745041672631,ISO
16652,0,5.615752891138176,4.363168603151706,0.16701123839824342,4.290101186352579,-5.448741652739932,-0.07306741679912766,ISO
16653,0,7.0703475287207835,2.172215204606941,11.386382967939829,-4.2308505292345355,4.316035439219045,-6.403065733841477,ISO
16654,0,8.719327894078122,6.583046717085334,8.260898456955191,-1.2377594802318277,-0.45842943712293005,-7.820806197317161,ISO
16657,0,10.284420894120181,0.9053545594231535,14.07877202518535,-6.8359355498010475,3.794351131065168,-7.741290109224201,ISO
16658,0,0.18953571413811673,3.250335863730047,-0.5081170208808755,2.1010235545946694,-0.6976527350189923,-1.149312309135377,ISO
16659,0,3.4755378342443826,1.7698957374387065,4.562008484949283,-2.1437351011220587,1.0864706507049,-3.913630838560765,ISO
16660,0,0.8790174999133582,3.653416484014765,-0.7691403124240843,3.497757135071714,-1.6481578123374425,-0.15565934894305125,ISO
16661,0,2.0678349382515764,4.880835620017183,-2.412474094626733,6.6133459736873075,-4.480309032878309,1.7325103536701252,ISO
16664,0,7.430401773270193,0.44747268999104733,4.00370301570806,-0.058877985525067345,-3.4266987575621326,-0.5063506755161147,ISO
16665,0,0.032887183682243915,11.795536547375537,-2.60904990546051,6.084128981220858,-2.641937089142754,-5.711407566154679,ISO
16666,0,8.628572054226309,3.198718663901806,13.75107525264567,-5.691670220465957,5.122503198419361,-8.890388884367763,ISO
16667,0,10.415813968694765,1.2395816943574312,12.345900902190836,-7.795221796059869,1.9300869334960695,-9.0348034904173,ISO
16668,0,2.123085520711478,2.9784293276167233,3.3500965770459494,0.8247958138015113,1.2270110563344714,-2.153633513815212,ISO
16671,0,7.64337009845814,0.5894886742602039,4.086455385973089,4.536065391764677,-3.5569147124850513,3.9465767175044735,ISO
16672,0,2.2947257662997185,6.599179237988198,-3.3708391342217547,6.5303866025958675,-5.665564900521473,-0.06879263539233087,ISO
16673,0,0.24337483358258138,7.398594940910496,-2.4580858191841606,5.670633622474191,-2.701460652766742,-1.7279613184363058,ISO
16674,0,1.1530313918674955,6.276766914669471,0.9086803684254243,3.779804893870324,-0.2443510234420711,-2.4969620207991468,ISO
16675,0,8.762513873597335,2.830128704515991,6.701146091221564,-1.5035058742739609,-2.061367782375771,-4.333634578789952,ISO
16678,0,0.639283181287086,6.044986552463932,4.221149241145225,2.1622813484707812,3.5818660598581396,-3.882705203993151,ISO
16679,0,3.3386191563979355,4.591522592573803,-1.0612829106429313,4.186171480869723,-4.399902067040867,-0.4053511117040801,ISO
16680,0,2.0211461510255155,6.063438453076547,-1.4651103103504692,6.1516981103266914,-3.486256461375985,0.08825965725014433,ISO
16681,0,1.6769344955345489,5.265887761678359,-1.9590356256243815,4.6468325039810825,-3.6359701211589304,-0.619055257697276,ISO
16682,0,9.685623928728697,6.497188722377131,-0.6416976515929015,3.5794697127910307,-10.327321580321598,-2.9177190095861003,ISO
16685,0,2.8600205994318797,0.7783006877144059,-0.18754233438902115,3.4038933691600626,-3.047562933820901,2.6255926814456565,ISO
16686,0,4.210409793909041,0.20778645736180948,7.042867291629895,-0.7874013121077132,2.8324574977208536,-0.9951877694695227,ISO
16687,0,0.31123134472793773,13.781323944553003,-10.793503035164688,23.815422498581647,-11.104734379892626,10.034098554028645,ISO
16688,0,8.388342961921971,0.9216821279147359,6.917793948844242,-1.4187691182510986,-1.4705490130777294,-2.3404512461658347,ISO
16689,0,1.5797623832565646,7.632345972118671,1.532179178941437,6.880531343942426,-0.047583204315127525,-0.7518146281762451,ISO
16692,0,1.129308814902974,3.6584900149458366,4.5054716261233345,-0.1411636018630055,3.3761628112203605,-3.799653616808842,ISO
16693,0,4.312225224479858,0.9247435582968445,1.080489841799802,1.4017165515237382,-3.2317353826800557,0.4769729932268937,ISO
16694,0,13.317951543444977,1.5326674836398875,17.915953994363846,-11.622728417601028,4.59800245091887,-13.155395901240915,ISO
16695,0,2.3590325128629415,1.979902287581504,17.060860137669465,0.6002895233623754,14.701827624806524,-1.3796127642191287,ISO
16696,0,3.1026091825686484,2.891816202012011,1.8115021766589634,0.5928552578157207,-1.2911070059096852,-2.29896094419629,ISO
16699,0,0.9504245415722671,9.216616936036585,-3.689147891629296,7.353284611111976,-4.639572433201563,-1.8633323249246099,ISO
16700,0,1.3801065260074683,4.6553832575846466,-0.9640935540530209,2.548904875783885,-2.344200080060489,-2.106478381800762,ISO
16701,0,9.508639767456247,0.6448387888276482,8.776365210652068,-4.535730463786427,-0.7322745568041774,-5.180569252614076,ISO
16702,0,23.710200494679096,0.04704404860077872,24.992150819044365,-17.688562273808298,1.2819503243652703,-17.735606322409076,ISO
16703,0,2.66335715118385,3.3228551124295724,3.280579602093165,0.9300612273976905,0.6172224509093153,-2.3927938850318817,ISO
16706,0,2.719079180542124,2.472955634027619,1.6056631367857004,0.6856298795764161,-1.1134160437564238,-1.7873257544512031,ISO
16707,0,6.71473192272832,0.07927664607718368,4.986501038248022,-0.055493652253902404,-1.7282308844802972,-0.13477029833108609,ISO
16708,0,0.7377730859759201,8.777994063754042,-4.584732748564499,7.836956964294977,-5.3225058345404195,-0.9410370994590642,ISO
16709,0,7.682500054665024,0.5137977743563725,4.881078856387346,-0.5627308957238977,-2.801421198277677,-1.0765286700802703,ISO
16710,0,33.23850545823242,0.6494546123364876,32.04622311021181,-26.88935962121226,-1.1922823480206042,-27.53881423354875,ISO
16713,0,8.24666220330193,3.232846450590341,4.742798684997467,0.9195221940301908,-3.503863518304463,-2.31332425656015,ISO
16714,0,16.29660856978755,0.36533630100400855,17.275187947476955,-8.650641698774177,0.978579377689404,-9.015977999778185,ISO
16715,0,5.0744675960742525,6.556565481968539,1.6685870238540743,4.387402350957974,-3.405880572220178,-2.1691631310105643,ISO
16716,0,1.626501957261805,8.688668520081368,6.684398366294628,5.362209678455926,5.057896409032823,-3.326458841625442,ISO
16717,0,2.7002211259584663,1.9511275232733456,3.1647752981663615,-0.3426087020032948,0.4645541722078954,-2.2937362252766405,ISO
16720,0,2.0186840802750297,5.624038138042022,-0.9897050354655085,4.917105969852475,-3.008389115740538,-0.7069321681895469,ISO
16721,0,10.425138739111448,1.7442213619022784,11.317344136213425,-8.7291446959714,0.8922053971019769,-10.473366057873678,ISO
16722,0,6.430457867349084,2.1265636982373453,12.736819179363346,-5.014628986029258,6.306361312014262,-7.141192684266604,ISO
16723,0,4.860612552931164,9.918741163666768,3.812918681097936,3.6669285514161976,-1.0476938718332272,-6.2518126122505695,ISO
16724,0,3.5918247302599955,1.7090694074352,2.9735028714725615,3.425086251485984,-0.6183218587874341,1.7160168440507837,ISO
16727,0,4.765562701818803,3.4052775627938945,0.5112481059421946,4.035208264758496,-4.254314595876608,0.629930701964601,ISO
16728,0,6.2271780032711135,3.0291695231225013,4.20111051895327,0.059590220127168095,-2.026067484317844,-2.9695793029953332,ISO
16729,0,3.093634721582966,12.053400333917981,-7.2898451397851565,10.32995676929902,-10.383479861368123,-1.723443564618961,ISO
16730,0,3.145234785955087,5.839750568315334,-0.12737710971145946,4.144655185230507,-3.2726118956665466,-1.6950953830848277,ISO
16731,0,7.74259693075965,11.137499049742784,-4.014679890023709,8.898898742402594,-11.757276820783359,-2.238600307340191,ISO
16734,0,2.1059812440445524,2.8257469856802193,-0.2399219138784882,4.602946347743215,-2.3459031579230407,1.7771993620629953,ISO
16735,0,3.8586813424671176,4.977139702602499,2.5165313103046087,1.4539958681759453,-1.3421500321625088,-3.5231438344265538,ISO
16736,0,9.521636311764935,0.4621307001131161,7.263299494230983,17.159872034389853,-2.2583368175339515,16.697741334276735,ISO
16737,0,0.4602778335435693,6.714211571851145,-4.390904412059312,9.358982615387626,-4.851182245602882,2.6447710435364815,ISO
16738,0,0.04185710051106424,7.324992589442904,-3.750396205794782,7.098964246682967,-3.7922533063058466,-0.22602834275993725,ISO
16741,0,1.6803961162923264,4.021622165958092,-0.35873624954566136,3.69120719927148,-2.039132365837988,-0.33041496668661263,ISO
16742,0,0.8250324961580283,10.725422450055072,-7.445918277826657,18.150714915477796,-8.270950773984685,7.425292465422724,ISO
16743,0,4.440455743457981,3.9298489228552564,-1.595646314384321,9.181804791914498,-6.036102057842303,5.251955869059242,ISO
16744,0,2.654644537648877,3.937558254728522,-0.1776342069802965,5.427711879951584,-2.8322787446291735,1.4901536252230623,ISO
16745,0,1.0316031506166594,29.330642665065728,-22.80989188585889,27.445738142951477,-23.841495036475546,-1.8849045221142506,ISO
16748,0,1.7216874352777591,3.8981602308177314,-0.9989035591470679,4.1905222481291675,-2.720590994424827,0.292362017311436,ISO
16749,0,1.4248410522465869,9.330410761485519,-0.17235980470709036,6.676069768993976,-1.597200856953677,-2.654340992491543,ISO
16750,0,1.5509698246977495,2.669548061904363,0.009399817119372527,4.0513211784534064,-1.541570007578377,1.381773116549044,ISO
16751,0,3.8120728735919367,16.0725234670361,-1.9060364367959683,11.616519364796885,-5.718109310387905,-4.456004102239215,ISO
16752,0,1.432793367753379,6.263108733292902,-3.0200195535878134,5.4223078348508205,-4.452812921341192,-0.8408008984420816,ISO
16755,0,1.6036936250871332,4.988447912137751,-3.2295581297840834,7.294219391525955,-4.833251754871217,2.3057714793882034,ISO
16756,0,3.6369747987643017,3.924792948306732,-2.4595369142721633,11.826709417564238,-6.096511713036465,7.901916469257506,ISO
16757,0,1.8517937414811927,2.693518169427054,5.218691453265276,3.4136601800030495,3.3668977117840835,0.7201420105759957,ISO
16758,0,10.586952587445003,4.585627719561991,13.797917858637273,-4.2676087949389485,3.2109652711922694,-8.853236514500939,ISO
16759,0,1.8485746260099578,5.160952688906136,-4.199024716095365,7.436121459380149,-6.047599342105323,2.275168770474014,ISO
16762,0,4.644973722781095,3.7239021743408474,-0.2079838980350181,3.159374451102877,-4.852957620816113,-0.5645277232379706,ISO
16763,0,5.432127203334649,1.843685557423154,1.7807304408282731,0.9803011012639666,-3.6513967625063763,-0.8633844561591875,ISO
16764,0,1.821411684426597,4.869879661520032,-0.057518263718904436,3.0676407316661116,-1.8789299481455015,-1.8022389298539196,ISO
16765,0,0.0,2.9093321040334637,-1.1461005258312809,2.248120262207551,-1.1461005258312809,-0.6612118418259124,ISO
16766,0,1.0371699855122514,12.106602376343929,-5.959013007670822,8.438792154850422,-6.996182993183073,-3.667810221493508,ISO
16769,0,7.583134887974063,0.8550111819999291,13.24249461644898,-5.3845347056890605,5.659359728474917,-6.2395458876889895,ISO
16770,0,3.6088006623421722,3.921012424478565,0.9550006841821036,4.407695465455975,-2.6537999781600687,0.4866830409774101,ISO
16771,0,0.26593963017270755,18.64532295987974,-15.247205463229745,25.01309966012424,-15.513145093402452,6.3677767002445,ISO
16772,0,13.40690039313447,0.25638693978903637,15.9494042127091,-4.9354485909386465,2.542503819574631,-5.1918355307276824,ISO
16773,0,24.157596510338976,1.7039487868499719,23.59877459637218,-18.17545372639838,-0.5588219139667964,-19.87940251324835,ISO
16776,0,1.7060972196848507,7.129389499018421,-3.431256978137113,9.655175885702619,-5.1373541978219635,2.5257863866841976,ISO
16777,0,6.449009984402312,4.5981730382060775,4.202942231987246,0.3663114789345435,-2.2460677524150667,-4.231861559271534,ISO
16778,0,5.092287295651111,5.8397149234078185,0.10477957398465483,6.091185900970927,-4.987507721666457,0.25147097756310804,ISO
16779,0,1.0482149303375852,3.2561570176443055,0.4980879456214309,2.416098243685783,-0.5501269847161543,-0.8400587739585226,ISO
16780,0,8.351111436514033,2.1559437269664627,8.73157209421393,-5.49131549280272,0.38046065769989623,-7.647259219769182,ISO
16783,0,3.7186832480143104,1.8840387613279912,1.383039689963607,4.699512415896557,-2.3356435580507036,2.815473654568565,ISO
16784,0,2.5634276995870726,2.4255416130568395,1.8927999150985495,2.3440634710161046,-0.6706277844885231,-0.08147814204073493,ISO
16785,0,15.637537526190837,0.8602413258565078,17.275531283643957,2.3921779335468325,1.637993757453122,1.531936607690325,ISO
16786,0,0.19099823518235234,15.868770039733215,-10.49694467522976,14.428325016066225,-10.687942910412112,-1.4404450236669901,ISO
16787,0,14.578732849516564,0.5189529161989701,11.330472003678242,-6.977033651119949,-3.2482608458383218,-7.495986567318918,ISO
16790,0,7.1023086505199995,4.391305470504359,8.436156860495668,-5.153504447633425,1.3338482099756683,-9.544809918137783,ISO
16791,0,3.150252389220958,4.0613009895878776,-0.0439059566441528,6.629799453273063,-3.194158345865111,2.568498463685185,ISO
16792,0,0.3793354691974835,5.510346815709212,-3.77338966727912,5.500364303361922,-4.152725136476604,-0.009982512347290251,ISO
16793,0,5.7447909001723065,0.6716546574828739,6.530769754673432,-4.001346895642356,0.7859788545011248,-4.673001553125229,ISO
16797,0,0.8650949051234419,3.253789792404211,-1.1878915115127509,6.920759240986948,-2.052986416636193,3.6669694485827375,ISO
16798,0,3.658152209563439,1.5625273256929608,1.0110470930953346,1.6176753489526607,-2.6471051164681043,0.055148023259699926,ISO
16799,0,1.696567054868681,7.552459792640684,-5.117065149361548,6.977816112765748,-6.813632204230229,-0.574643679874936,ISO
16800,0,2.272214178048749,5.250084933130573,0.9879192078472682,1.7359151795029697,-1.2842949702014808,-3.5141697536276033,ISO
16804,0,8.009194616934057,1.5419161169463345,4.5307487796524955,0.9134574152525127,-3.478445837281561,-0.6284587016938218,ISO
16805,0,1.8566768162955833,4.027158164922513,1.185483788808498,2.6063209768655056,-0.6711930274870855,-1.4208371880570076,ISO
16806,0,6.140110745160227,2.5157944154306198,7.924752408606461,-1.855398381380156,1.7846416634462352,-4.371192796810776,ISO
16807,0,6.5406328885945,0.13726406901565594,8.325065785797559,-3.335516877079612,1.7844328972030592,-3.4727809460952686,ISO
16808,0,3.875648190108629,5.446267344073933,4.559158377482432,1.0761649758650882,0.6835101873738034,-4.370102368208845,ISO
16811,0,1.936861010613213,4.40686494749293,-0.7760941331726326,5.77009116402213,-2.7129551437858455,1.3632262165292,ISO
16812,0,1.0883440415143653,5.485253969232361,1.5381929120068902,4.527511212699766,0.4498488704925251,-0.9577427565325951,ISO
16813,0,7.570270441006668,1.984780881284828,11.197325768310469,-3.433846568948416,3.6270553273038004,-5.418627450233243,ISO
16814,0,0.06349921822311648,8.072338116597958,-6.270547799520526,16.097051819528897,-6.334047017743642,8.024713702930937,ISO
16815,0,13.245795876425314,0.1624726414795687,10.552170504524868,-4.91693520267563,-2.693625371900446,-5.079407844155199,ISO
16818,0,1.6466613676700876,1.124068239008526,-0.1084627248167282,1.3114129455099843,-1.755124092486816,0.18734470650145837,ISO
16819,0,2.720834495810302,0.2804368888225727,4.612291809783758,-0.6026409738527222,1.8914573139734558,-0.883077862675295,ISO
16820,0,6.479770272272414,0.44068966587239844,11.833333620648533,-3.4194253703805515,5.353563348376119,-3.86011503625295,ISO
16821,0,2.141380518138102,4.809330016146396,2.2677570733069543,4.591681504466662,0.1263765551688526,-0.21764851167973492,ISO
16822,0,4.4614345431043185,3.5600426660283135,2.6313358835859737,2.1669824923651144,-1.8300986595183446,-1.3930601736631991,ISO
16825,0,1.5595024465533955,2.8088765656672745,2.144315864010793,2.0734293891677225,0.5848134174573975,-0.735447176499552,ISO
16826,0,5.662948957118324,1.5573109632075928,8.793301297303268,-3.5865343395083196,3.1303523401849445,-5.143845302715913,ISO
16827,0,2.4619635260395696,2.6359538812365444,8.786512937455345,2.4010669017204305,6.324549411415776,-0.234886979516114,ISO
16828,0,0.39548261402537965,8.395766326913517,-4.012500688132444,6.937424187694999,-4.407983302157823,-1.4583421392185172,ISO
16829,0,5.046341063274848,0.8928141881179283,4.945414242009266,-2.9268778166993976,-0.1009268212655817,-3.819692004817326,ISO
16832,0,7.4806006853273255,2.1610624202055826,8.36372715512305,-2.8260047033458893,0.8831264697957232,-4.987067123551472,ISO
16833,0,6.941466976953429,0.21563728774563234,5.575764154564736,2.043420012446362,-1.3657028223886936,1.8277827247007294,ISO
16834,0,9.803031315561286,2.68179045231626,15.619617364166142,-7.773568270565214,5.816586048604856,-10.455358722881474,ISO
16835,0,8.864828782578897,0.30037213077381925,9.36544900053503,-4.798252242872695,0.500620217956132,-5.098624373646515,ISO
16836,0,3.5036155595675953,11.516669327382937,13.000257734185526,4.702220882577853,9.49664217461793,-6.814448444805084,ISO
16839,0,12.041715522950883,0.12611767409877397,12.929583948606247,-7.09285799131502,0.8878684256553641,-7.218975665413794,ISO
16840,0,3.7162264726446828,1.751723264069515,3.7459166974593936,1.9941934333898785,0.029690224814710845,0.24247016932036358,ISO
16841,0,7.281827067910026,0.4992882317266766,9.518897716555607,-5.109599046761505,2.2370706486455814,-5.608887278488182,ISO
16842,0,2.921877715276341,1.8318507955877672,6.706693408639501,-1.031993079057001,3.7848156933631603,-2.8638438746447683,ISO
16843,0,1.9052170253671405,1.8103356994026412,1.0398993325709165,1.5978015292421832,-0.865317692796224,-0.2125341701604579,ISO
16846,0,2.536626089539195,4.037555500598458,0.16615454734970642,3.544630343460991,-2.370471542189489,-0.49292515713746654,ISO
16847,0,0.32303032352897265,3.4491302286486922,0.4202867650215742,5.276161950974168,0.09725644149260156,1.8270317223254755,ISO
16848,0,4.47859133348294,0.0,5.275966645082364,0.1904841022154271,0.7973753115994249,0.1904841022154271,ISO
16849,0,7.477593746226532,0.15112887184817417,23.68780795707061,-7.451310464166006,16.21021421084408,-7.60243933601418,ISO
16850,0,1.847773214084004,3.3448116977167235,1.3986616689941784,2.0316950849302513,-0.4491115450898256,-1.3131166127864722,ISO
16853,0,5.139826455403999,0.022327656192004035,4.072564489425192,-1.64331549573302,-1.0672619659788083,-1.665643151925024,ISO
16854,0,5.436748185617597,1.0619887126424798,5.320510615079599,-2.1873797364875585,-0.11623757053799781,-3.2493684491300385,ISO
16855,0,6.832245361165125,1.8065630372160368,5.465796288932101,4.19156157126696,-1.3664490722330251,2.384998534050923,ISO
16856,0,2.676021752761297,2.990847841321455,4.330985921003232,0.13188660466706847,1.6549641682419352,-2.8589612366543866,ISO
16857,0,1.1610898260929616,10.11806848452433,-4.86724708348782,12.647585605655351,-6.028336909580782,2.5295171211310232,ISO
16860,0,3.0411577895341972,1.354656235098983,5.3958958089344575,-0.4136701925972718,2.3547380194002603,-1.768326427696255,ISO
16861,0,1.195403423891629,9.732488052923085,-4.818639465333037,9.19825908914851,-6.014042889224666,-0.5342289637745748,ISO
16862,0,8.35953282845021,2.2213107604385036,10.055133375584907,-3.265326817844493,1.6956005471346975,-5.486637578282997,ISO
16863,0,9.804826990805534,3.2479442442326447,18.33639884361388,-7.04483681143421,8.531571852808344,-10.292781055666854,ISO
16864,0,4.871495089273924,8.843637238989452,2.6605857795265337,5.63032413202615,-2.2109093097473895,-3.2133131069633016,ISO
16867,0,0.5626655336241316,3.6857173486932955,-1.404082799502247,6.416451910960487,-1.9667483331263786,2.7307345622671915,ISO
16868,0,0.04525843302745608,6.844080816696409,-3.0423724423962724,8.00068521628506,-3.0876308754237285,1.1566043995886515,ISO
16869,0,3.4431821650173298,5.072955056458819,4.091648139428989,1.2223296685812148,0.6484659744116598,-3.8506253878776042,ISO
16870,0,11.949993107942555,8.370064101586555,14.617515429492865,-8.021575437250892,2.6675223215503103,-16.391639538837445,ISO
16871,0,2.3687910644176675,4.467777741189244,-1.4907835656373511,7.261853687828536,-3.8595746300550187,2.794075946639292,ISO
16874,0,2.9418176086848424,7.075478319702464,-5.395270238852876,14.389325259871669,-8.337087847537719,7.313846940169205,ISO
16875,0,2.0383155966328004,3.9850215035293775,-0.0343536336510839,3.011668550081089,-2.0726692302838843,-0.9733529534482884,ISO
16876,0,1.6693842836125952,5.924278372332898,31.96260152770691,4.356685813330742,30.293217244094315,-1.5675925590021558,ISO
16877,0,0.46827960233782456,3.1965172855231216,-1.2419589453306354,5.598995245343112,-1.71023854766846,2.4024779598199903,ISO
16878,0,2.223908848621717,1.9803683983403084,4.960534434677803,0.5703973703956857,2.7366255860560855,-1.4099710279446227,ISO
16881,0,1.1339231963636265,2.576040902508113,0.08722486125879135,2.546965948755094,-1.0466983351048351,-0.029074953753018593,ISO
16882,0,2.944969301087922,0.16457181388427494,1.169326046020232,2.4166071617750737,-1.7756432550676902,2.2520353478907986,ISO
16883,0,0.26922920268441375,8.906541582682195,-3.6922862082433348,6.928531113980341,-3.9615154109277486,-1.9780104687018534,ISO
16884,0,2.675521806615764,0.5958585682857386,2.313333265108752,1.588956182094993,-0.36218854150701235,0.9930976138092544,ISO
16888,0,5.240300510446716,0.501818416228135,3.405784005219641,0.23034287958005698,-1.834516505227076,-0.27147553664807794,ISO
16889,0,8.228723800001173,0.588284755340019,18.338506262138655,-5.744854833010459,10.109782462137481,-6.333139588350478,ISO
16890,0,1.8783175187707122,1.3713852338753019,0.10138645697900926,5.442851900983366,-1.776931061791703,4.071466667108064,ISO
16891,0,4.475612434629938,0.9726634926323962,1.7208661792726059,2.122174893016123,-2.754746255357332,1.149511400383727,ISO
16892,0,0.735610486213014,19.284697632877364,-6.762600947116459,18.398621365393662,-7.498211433329473,-0.8860762674837022,ISO
16895,0,4.364265249835863,0.46460764439780655,2.460135559680606,1.7137167211397313,-1.9041296901552571,1.2491090767419248,ISO
16896,0,2.4898160846090702,3.924304031833046,-0.6003363655783495,4.587833699051162,-3.0901524501874196,0.6635296672181152,ISO
16897,0,0.4250211524611033,7.833912605588813,2.8882119224057843,8.09472104005353,2.463190769944681,0.260808434464718,ISO
16898,0,2.9268694017643933,1.3523488985051002,1.9077779103909118,1.1108580237720622,-1.0190914913734817,-0.24149087473303793,ISO
16899,0,2.2269175586832826,1.2661996456925868,3.4222808605608606,-1.292763274623278,1.1953633018775782,-2.5589629203158646,ISO
16902,0,5.273203558965683,2.1317205876670147,5.67212203151147,-2.7612638021533114,0.3989184725457862,-4.892984389820326,ISO
16903,0,3.987144909490148,3.591161339711921,1.932126728400249,2.403210630377551,-2.055018181089899,-1.18795070933437,ISO
16904,0,4.834820131002007,0.5274349233820201,4.1212317052497935,0.09307675118509695,-0.7135884257522139,-0.43435817219692313,ISO
16905,0,0.653815915710302,4.209821903314942,-3.2973018482946985,7.234308477428372,-3.9511177640050006,3.0244865741134306,ISO
16906,0,1.459829284761824,3.003476518888049,3.7229139175984307,1.2572692404647463,2.2630846328366068,-1.7462072784233027,ISO
16909,0,2.5012156727696953,3.057720871356657,-0.7827765430672875,3.9872680162490695,-3.283992215836983,0.9295471448924125,ISO
16910,0,8.620093976013198,0.5468199314790209,7.8029361008815545,-4.048925110614992,-0.8171578751316427,-4.595745042094013,ISO
16911,0,4.55536071508614,0.29242686473451823,5.640589301989734,3.3531613822888566,1.0852285869035943,3.0607345175543386,ISO
16912,0,6.465640365380233,7.043445581231904,-3.74417779871884,7.130116363609576,-10.209818164099072,0.08667078237767185,ISO
16913,0,1.1708331908925131,3.4439629956498754,-1.3136177263673428,10.754531211954482,-2.484450917259856,7.310568216304608,ISO
16916,0,7.037060562928943,0.7454513308187397,6.179791532487325,-2.5568980647083244,-0.8572690304416184,-3.3023493955270644,ISO
16917,0,9.70137297704669,1.0057749943550303,8.869826721871295,-5.884179691384288,-0.8315462551753946,-6.889954685739318,ISO
16918,0,6.2588234744872695,1.352458700323093,7.848209246399797,5.291371265497317,1.5893857719125284,3.9389125651742245,ISO
16919,0,1.9989676017533216,1.799624572215644,7.342468254639823,0.1661191912814189,5.343500652886501,-1.6335053809342253,ISO
16920,0,6.192764948180513,2.2823216330068674,9.01615420970191,-4.5351304862767154,2.8233892615213967,-6.817452119283582,ISO
16923,0,3.070170098855499,5.751412699583384,-0.7719621553743777,6.411410878224171,-3.842132254229877,0.6599981786407866,ISO
16924,0,1.9736803844352973,5.4434592331216445,-2.110132361630923,6.306030660393368,-4.08381274606622,0.8625714272717233,ISO
16925,0,5.9506340308080565,0.6869686712633444,3.128492462374926,2.418315390055409,-2.82214156843313,1.7313467187920646,ISO
16926,0,5.225570698532738,2.1331435943285135,-0.2903094832516992,5.869300422265022,-5.5158801817844365,3.7361568279365085,ISO
16927,0,9.295140293974132,2.7245562963832666,10.086362450752157,-3.8460277012077566,0.7912221567780241,-6.570583997591023,ISO
16930,0,0.023494128268374045,7.641465219252166,-4.757560974322974,8.175956637355037,-4.781055102591348,0.5344914181028719,ISO
16931,0,1.8644293288717986,4.706706207851366,3.6571498374024367,3.7418966250785015,1.7927205085306381,-0.9648095827728644,ISO
16932,0,3.7578783112366145,0.23986457305759998,2.980135604655786,2.6603161739120442,-0.7777427065808281,2.4204516008544443,ISO
16933,0,9.7544456277254,1.0909111304790688,4.073207143022594,0.5171202112011422,-5.681238484702805,-0.5737909192779267,ISO
16934,0,2.0464402007466593,9.014484520643983,1.2092601186230436,3.898384018777526,-0.8371800821236159,-5.116100501866456,ISO
16937,0,4.536347356403186,6.735124416431367,-4.660530778398344,8.393338345422585,-9.19687813480153,1.6582139289912186,ISO
16938,0,5.3739565841506245,3.243135893676888,5.561576016016215,-0.05360555196155361,0.18761943186559,-3.296741445638442,ISO
16939,0,2.6495973364305727,3.6473260092510587,1.2289902857259885,11.272351760475193,-1.420607050704584,7.625025751224134,ISO
16940,0,0.9673560136534931,7.126693131837873,1.9044821518803414,2.9474128541004467,0.9371261382268483,-4.179280277737425,ISO
16941,0,3.4398497435496016,4.868190300453558,-2.2312538877077768,6.17820678755474,-5.671103631257378,1.3100164871011817,ISO
16944,0,0.8831984771729018,4.230446487298613,2.1745979311903696,2.003895704509887,1.2913994540174678,-2.226550782788726,ISO
16945,0,0.6074071467409669,7.040789884053397,-5.278453655481151,11.985597360338737,-5.885860802222118,4.944807476285341,ISO
16946,0,3.570633705155086,3.0689053156720094,3.1274402944449906,0.4097448514112487,-0.4431934107100951,-2.659160464260761,ISO
16947,0,3.1769083341707196,5.9050013635141925,-4.584956349315796,8.932304596075896,-7.761864683486516,3.0273032325617044,ISO
16948,0,1.9139060016229212,5.856552364966209,-3.016315858557766,9.768576232283383,-4.930221860180687,3.9120238673171746,ISO
16952,0,4.801642524734819,2.342044093985383,6.601128141349136,-1.1122448786108705,1.799485616614317,-3.4542889725962533,ISO
16953,0,3.851126387872404,5.545621998536163,-2.1747537249160573,9.206457435478367,-6.025880112788461,3.6608354369422047,ISO
16954,0,1.0573386625679062,6.246130247392418,-3.20138650610858,6.598576468248312,-4.258725168676486,0.3524462208558945,ISO
16955,0,38.168903498964816,0.681370288792699,39.701986648747905,-32.352921391057535,1.5330831497830886,-33.034291679850234,ISO
16958,0,5.1864174407272525,0.06312069907572984,6.953797014849362,0.9678507191619085,1.7673795741221099,0.9047300200861786,ISO
16959,0,1.659825294400427,6.533579821270803,5.169774324597584,1.0360692920461878,3.5099490301971565,-5.497510529224615,ISO
16960,0,10.04649344122079,0.5156607253015355,8.286134413467035,-4.925448996846287,-1.7603590277537546,-5.4411097221478215,ISO
16961,0,8.38129998358251,1.6219215095931276,10.283147032902486,-5.516179753438517,1.9018470493199762,-7.138101263031644,ISO
16962,0,6.499035349088798,2.693630035615603,5.633492179749851,0.6939268512804969,-0.8655431693389466,-1.999703184335106,ISO
16965,0,1.3275654109219854,5.345014664916711,0.12511087642186294,3.572610582272072,-1.2024545345001225,-1.7724040826446388,ISO
16966,0,6.428733526675771,0.10441098535194629,4.683578485791713,0.6562976222127426,-1.745155040884057,0.5518866368607962,ISO
16967,0,3.4146014962517484,2.081038225327413,13.530995481415626,-1.4015155395063983,10.116393985163878,-3.482553764833811,ISO
16968,0,6.481698273859194,0.05239853091243406,5.203174119597518,12.25601638040166,-1.2785241542616754,12.203617849489225,ISO
16969,0,5.638771335509014,0.813284327236914,7.949854298740545,1.8908860608258828,2.3110829632315317,1.077601733588969,ISO
16972,0,3.553041132697247,1.238404378201518,5.238647091915912,-1.7003488684830668,1.6856059592186645,-2.938753246684585,ISO
16973,0,0.25923625375628817,6.67792589676204,-3.49968942570989,7.160105328748651,-3.7589256794661785,0.4821794319866111,ISO
16974,0,2.300093930600153,1.1051502369249597,2.818133104158757,1.11896461488651,0.5180391735586043,0.013814377961550217,ISO
16975,0,2.2467770711718535,0.8058615615898873,3.15775101036053,1.0555034583868375,0.9109739391886765,0.24964189679695006,ISO
16976,0,1.7719018660488277,1.5987084505703941,0.11694256258801221,0.9710673551612856,-1.6549593034608154,-0.6276410954091085,ISO
16979,0,1.4607480316073846,3.5872791796616195,-0.1589929830320617,6.334876667684969,-1.6197410146394464,2.7475974880233496,ISO
16980,0,6.219808713741753,0.8504431008270533,4.599437835242691,-2.058172948155697,-1.6203708784990623,-2.90861604898275,ISO
16981,0,7.012231734400762,0.49661697835699836,6.177915210761011,0.7349931279684419,-0.8343165236397512,0.23837614961144352,ISO
16982,0,3.278935038216753,1.1630691418123411,4.5077143010353815,1.8267413639764463,1.228779262818629,0.6636722221641052,ISO
16983,0,3.357546148876717,0.8985663074692202,4.859987662978327,-0.014493004959166797,1.5024415141016094,-0.913059312428387,ISO
16986,0,1.140704884835839,1.0029593893084268,0.2841000845251778,0.6930320243718957,-0.8566048003106612,-0.30992736493653095,ISO
16987,0,2.170663406381973,3.261799022424177,4.51544419830258,4.074346821604646,2.3447807919206074,0.8125477991804686,ISO
16988,0,0.2936678156248673,4.707584074713166,-0.22247561789759915,6.273812424712256,-0.5161434335224665,1.5662283499990899,ISO
16989,0,0.9030496867680563,8.83698622051687,-1.2191170771370592,7.308252107916582,-2.1221667639051156,-1.528734112600288,ISO
16990,0,12.225960251335978,20.127091026008838,8.81599854858236,5.526170997958373,-3.409961702753618,-14.600920028050464,ISO
16993,0,0.18785489647851403,5.290236278250708,0.4908466649922996,4.0297905212332665,0.3029917685137856,-1.2604457570174419,ISO
16994,0,0.021181796260581618,5.941493851064668,-3.886859613798124,11.27930650870583,-3.908041410058706,5.337812657641162,ISO
16995,0,5.116756944398131,0.4841943911578752,4.462440199590199,-0.41876271667714154,-0.6543167448079314,-0.9029571078350167,ISO
16996,0,0.41052139470508475,4.073635378227,2.1067416629369267,0.6360826005868766,1.6962202682318417,-3.437552777640124,ISO
16997,0,1.115053699722057,7.68291335299804,-1.4566597464576951,7.077046024825479,-2.571713446179752,-0.6058673281725607,ISO
17000,0,5.904515702351686,1.4408735099196361,3.470359177083223,-0.38627672819116404,-2.434156525268463,-1.8271502381108002,ISO
17001,0,1.567085955212267,2.7566466575778077,1.5101010113864193,2.022965505819372,-0.05698494382584761,-0.7336811517584358,ISO
17002,0,0.7264575581662808,6.278192842133339,-1.3262848997712957,6.884684931978556,-2.0527424579375766,0.6064920898452172,ISO
17003,0,2.9193561088562756,3.032095470783548,8.407982939531102,-1.157061872412558,5.488626830674828,-4.189157343196106,ISO
17004,0,0.7208280376824325,3.0541750929949014,-0.1762024092112046,3.0061198904826663,-0.8970304468936371,-0.04805520251223501,ISO
17007,0,0.8630404833874639,4.039029462253386,4.479180108780788,2.5977518549962584,3.6161396253933242,-1.4412776072571274,ISO
17008,0,1.0200893893656762,1.5270049754921098,0.5256902374644339,2.071469864294544,-0.4943991519012424,0.544464888802434,ISO
17009,0,8.740392561051022,1.6451316252323323,21.346339799795402,-0.2725064655295129,12.605947238744378,-1.9176380907618453,ISO
17010,0,4.4734227964013575,3.6468120622837277,-1.3209563692273052,6.191476479077343,-5.794379165628663,2.544664416793615,ISO
17011,0,8.869179807274943,0.898061813449056,12.867849195625162,-7.014059418909275,3.9986693883502196,-7.912121232358331,ISO
17014,0,1.923077696932341,1.8667924960465663,5.8911843593830815,-0.7223267447014149,3.9681066624507406,-2.5891192407479813,ISO
17015,0,6.951530765087625,0.5972847344743452,7.189005418553298,-4.936594311438925,0.23747465346567195,-5.533879045913269,ISO
17016,0,2.0928145682676496,8.91916251626547,-4.62574893844589,6.925150352508222,-6.718563506713539,-1.9940121637572465,ISO
17017,0,6.478054133186098,0.14348438194914856,6.08480064191803,-3.7252796943096214,-0.3932534912680681,-3.86876407625877,ISO
17018,0,1.909116865395324,23.894104767946622,-20.55817424525607,26.044373237391877,-22.46729111065139,2.1502684694452574,ISO
17021,0,5.327516163412583,0.2533142900879172,4.8683840126282,-2.5014786146187453,-0.45913215078438374,-2.754792904706662,ISO
17022,0,11.00849722112761,3.234203729045369,10.19079288208589,-5.13811233935119,-0.81770433904172,-8.37231606839656,ISO
17023,0,4.226175118439738,6.146417793614468,-3.4219709211445593,7.656352204862813,-7.648146039584296,1.509934411248345,ISO
17024,0,4.275826321496335,2.1598780219887943,5.132455909878371,7.709666295437828,0.8566295883820364,5.5497882734490345,ISO
17025,0,11.908709620518538,1.959103800787759,9.854218743288019,5.106877323401687,-2.0544908772305193,3.147773522613927,ISO
17028,0,3.7596854219246265,2.4779744826322245,3.355752277420335,-0.1786627369921265,-0.4039331445042914,-2.656637219624351,ISO
17029,0,3.333599327281945,7.13191975037442,-0.4523285332557307,4.201078706128445,-3.785927860537676,-2.930841044245974,ISO
17030,0,3.391572069196333,0.8645183705794426,7.356718826565631,5.943563797733952,3.965146757369298,5.079045427154509,ISO
17031,0,2.15451522044484,1.7595207633633188,2.542327960124885,0.8618060881779687,0.3878127396800451,-0.89771467518535,ISO
17032,0,1.4665299297950087,5.851741974769641,0.3378769936292302,4.536178361277234,-1.1286529361657784,-1.3155636134924058,ISO
17035,0,2.3616679613387883,1.5744453075593177,3.0743116268657085,0.23202351900870785,0.7126436655269205,-1.34242178855061,ISO
17036,0,5.053731015243084,0.2587234308144576,3.156425855936931,1.293617154072484,-1.897305159306153,1.0348937232580264,ISO
17037,0,1.6322776837904784,12.935030701736673,-9.434359694361861,14.095077105939907,-11.066637378152338,1.1600464042032343,ISO
17038,0,1.1006217711022435,6.315218123509002,-0.2778268548413407,3.02403845846539,-1.3784486259435842,-3.2911796650436114,ISO
17039,0,18.123938356458908,5.867311841203783,10.398296430318688,6.754716657044372,-7.72564192614022,0.8874048158405895,ISO
17042,0,2.177991906609092,0.9893492647668021,3.8719856117496043,-1.5302884311143232,1.6939937051405125,-2.519637695881125,ISO
17043,0,1.613987470408712,3.4263421159514844,-0.7664186311998062,9.7019582020101,-2.3804061016085183,6.275616086058616,ISO
17044,0,0.3658546809260107,13.223033467755531,-5.801409940398806,10.191666111511232,-6.167264621324817,-3.0313673562443006,ISO
17045,0,8.758535371875245,4.668197378023929,9.608328583894187,-4.883478325068789,0.8497932120189416,-9.551675703092718,ISO
17046,0,19.950155412062667,7.9405156908729895,15.745740812963442,-6.6500518040209675,-4.204414599099225,-14.590567494893957,ISO
17049,0,0.6345193710179008,1.9801380371422583,1.3018587095024676,0.525119479463176,0.667339338484567,-1.4550185576790824,ISO
17050,0,10.998507105014928,1.0334897873160025,22.23634868709278,-8.061220341064523,11.237841582077849,-9.094710128380527,ISO
17051,0,3.341740580791486,4.204125246802336,-1.803167938022605,5.22330712481522,-5.144908518814091,1.0191818780128834,ISO
17052,0,0.5531272319803545,6.26542300952346,-2.00131489389273,12.118514809752359,-2.5544421258730843,5.853091800228898,ISO
17053,0,4.606590392962512,2.6337055261219233,1.5898004266773123,4.759824169027648,-3.0167899662851996,2.1261186429057246,ISO
17056,0,3.127614607811314,2.750002345451044,4.0962721503881125,3.9813466792350436,0.9686575425767985,1.2313443337839995,ISO
17057,0,1.1194693217194054,2.9988703727807957,-0.17159748727087268,8.408276876271275,-1.291066808990278,5.409406503490479,ISO
17058,0,3.326028651136631,2.24919430977644,3.273923763651508,0.312629324910934,-0.05210488748512275,-1.936564984865506,ISO
17059,0,7.6679163928873715,11.771287867999824,0.9533085245211963,7.616106146989296,-6.7146078683661745,-4.155181721010528,ISO
17060,0,1.6760562468181501,5.920263194406307,-1.0092381701272188,5.3435556686195005,-2.685294416945369,-0.5767075257868066,ISO
17063,0,2.4169023662710827,1.7990476260212933,0.6996296323415911,1.1993650840141268,-1.7172727339294915,-0.5996825420071666,ISO
17064,0,2.689759001940028,3.658072242638257,3.074010287931461,0.9529431892585851,0.3842512859914326,-2.7051290533796717,ISO
17065,0,7.01894145120291,0.14886408167984364,11.082930881061744,0.14142087759585992,4.063989429858834,-0.007443204083983719,ISO
17066,0,8.637685702137961,0.6689512024755596,12.193689462664883,-3.485587844476947,3.5560037605269215,-4.1545390469525065,ISO
17067,0,2.7229082120753003,2.381288731593387,2.059764514669663,2.2305742549101626,-0.6631436974056376,-0.15071447668322407,ISO
17070,0,4.401159547235755,0.9981031370623027,3.77378043251091,1.6349879959494196,-0.6273791147248451,0.6368848588871169,ISO
17071,0,0.374698481378925,11.532386593547203,-9.721343933549697,12.989547354464587,-10.096042414928622,1.4571607609173842,ISO
17072,0,1.7254632566618033,6.219115766817562,-1.737876661386261,9.384533971485132,-3.463339918048064,3.1654182046675707,ISO
17073,0,2.887884656341267,3.7755541203805705,5.610071012728412,4.237142241680858,2.722186356387145,0.4615881213002873,ISO
17074,0,1.9711070947106355,8.889497838026882,-3.259157275412806,12.509699482272499,-5.230264370123441,3.620201644245617,ISO
17077,0,0.3228773854185152,7.682255032372634,-4.943364107787604,9.619519344883978,-5.266241493206119,1.9372643125113445,ISO
17078,0,1.2115875562328948,24.918920186399173,-22.233535826689216,38.128841228608536,-23.445123382922112,13.209921042209366,ISO
17079,0,3.6157977296753674,6.008473758201373,-2.8837102881115144,9.776045713566885,-6.499508017786882,3.7675719553655114,ISO
17080,0,0.3682323635688835,16.628598312747464,-9.796918936006888,17.355372714528382,-10.16515129957577,0.7267744017809172,ISO
17081,0,6.359157407188569,4.997645500777801,-0.5706936134656811,13.191175236963083,-6.92985102065425,8.193529736185281,ISO
17084,0,0.4170582732462152,4.98384636529111,-1.5118362405172339,4.545935178382608,-1.928894513763449,-0.4379111869085023,ISO
17085,0,1.9615748060503397,2.0471991031399384,3.3860517485392303,1.5412373476110064,1.4244769424888908,-0.5059617555289319,ISO
17086,0,4.275433559628314,5.386622974878209,2.423451200878409,4.39184387932106,-1.8519823587499054,-0.9947790955571497,ISO
17087,0,2.523281497604791,4.930550052790642,-0.12568068762004156,3.741417392999919,-2.6489621852248324,-1.189132659790723,ISO
17088,0,5.501099225177623,6.733787011421359,3.7532583342350305,2.6033630112461914,-1.7478408909425922,-4.130424000175167,ISO
17091,0,3.2526598938505993,1.4146183562013719,3.310399418593459,0.0,0.05773952474285955,-1.4146183562013719,ISO
17092,0,1.6712490972009864,5.4661848925029055,2.2806548453515063,2.363755629190576,0.6094057481505198,-3.102429263312329,ISO
17093,0,2.505163161083768,1.664207329624357,3.4346406590122833,1.3543814969815855,0.9294774979285154,-0.3098258326427714,ISO
17094,0,5.858480639134444,6.092327555402484,-2.227699570763245,6.264635809494517,-8.08618020989769,0.17230825409203315,ISO
17095,0,2.5171671957450963,0.9672956909414824,2.1983992975940057,2.022527353786645,-0.3187678981510908,1.0552316628451626,ISO
17098,0,8.077437529068279,3.6559830400309887,-0.4112980920033661,5.0955263620431595,-8.488735621071644,1.439543322012171,ISO
17099,0,3.307680261267749,2.0599432232094923,9.358027785437462,-2.636727325708161,6.050347524169712,-4.696670548917654,ISO
17100,0,2.712166395509917,4.289454653891703,-2.05816882496135,6.443799592169141,-4.770335220471267,2.154344938277438,ISO
17101,0,3.551081540542871,4.718392081551509,0.7618237215006656,3.845981045639578,-2.7892578190422053,-0.8724110359119308,ISO
17102,0,8.909934571876319,4.246483595216853,20.10221691585909,-1.0972825827434038,11.192282343982768,-5.343766177960257,ISO
17105,0,3.026434083003873,0.5095006873743848,6.399328633422245,1.406221897153413,3.3728945504183714,0.8967212097790284,ISO
17106,0,2.1745998155311663,1.3111557711291524,4.093364358646773,0.6156036242496109,1.9187645431156066,-0.6955521468795415,ISO
17107,0,7.3601711989960865,0.0,10.232646079743024,0.488931894595181,2.8724748807469367,0.488931894595181,ISO
17108,0,6.164493579426286,0.19205489115237584,7.513562083130455,-4.4828422154337995,1.349068503704169,-4.674897106586175,ISO
17109,0,5.610001913223227,4.560836176747141,3.858502088692969,0.043353956052690115,-1.751499824530258,-4.5174822206944505,ISO
17112,0,1.1168673367123074,4.467469346849543,-3.1093035114647134,5.970414281437855,-4.226170848177021,1.502944934588312,ISO
17113,0,8.216106100867918,3.6729636879497343,2.33734052869516,9.804688191799464,-5.8787655721727585,6.13172450384973,ISO
17114,0,0.7035941126491071,4.058924830759661,-2.146138826020149,5.782553624309601,-2.849732938669256,1.7236287935499406,ISO
17115,0,1.244132536194454,6.300229296659051,-3.6492143285470995,10.224310115760648,-4.893346864741553,3.924080819101598,ISO
17116,0,1.0773777795177992,11.354492059314511,-8.25989630963594,15.21700601354304,-9.33727408915374,3.8625139542285303,ISO
17119,0,0.3537321959018167,4.498405661091265,1.1679836657136058,4.291505697450606,0.8142514698117892,-0.2068999636406595,ISO
17120,0,1.092967222784791,3.6314717402204124,0.4495268416292173,2.304926844824369,-0.6434403811555738,-1.3265448953960433,ISO
17121,0,4.317247604415175,1.066761762718735,3.539139024549656,0.15687672981159545,-0.7781085798655191,-0.9098850329071394,ISO
17122,0,0.19071980197457597,5.538209634262052,-0.645513175914052,14.09859459212109,-0.8362329778886279,8.560384957859037,ISO
17123,0,1.9937565585052381,3.4322228288326464,-0.983657081915003,3.273568460781855,-2.977413640420241,-0.15865436805079142,ISO
17126,0,1.2036323958318205,3.3942433562457484,-1.0431480763875411,5.472515293048626,-2.2467804722193616,2.0782719368028775,ISO
17127,0,0.3091602596661592,9.308230520762324,-2.523416173492082,7.7457178570436085,-2.8325764331582413,-1.5625126637187154,ISO
17128,0,0.3807212932298011,22.952055106138985,-14.630575411259171,21.18053561927384,-15.011296704488974,-1.771519486865143,ISO
17129,0,0.5599576587886206,1.6260308937897243,-0.10768416515154008,2.826709335230498,-0.6676418239401607,1.2006784414407738,ISO
17130,0,1.2795033266268252,1.7290585494956885,-0.9942086659600012,3.976834663840103,-2.2737119925868265,2.247776114344415,ISO
17133,0,0.9552379543046223,4.0283749158674285,1.9650609345695833,1.2609140996820718,1.009822980264961,-2.767460816185357,ISO
17134,0,2.0083239712987013,4.235866404253375,2.4679755844481295,1.5557439214286486,0.4596516131494282,-2.6801224828247268,ISO
17135,0,0.8324803546094169,6.581984961984415,-5.216477617732889,8.833874266539585,-6.048957972342306,2.2518893045551702,ISO
17136,0,2.366124227179783,3.842854241306095,4.010664470184195,1.9577860035766443,1.6445402430044118,-1.8850682377294508,ISO
17137,0,5.309712250087865,3.2941274299413044,4.730607656239764,-1.4139177096550475,-0.5791045938481008,-4.708045139596352,ISO
17140,0,2.1952019578075617,4.3803110330506145,5.112045018986391,1.9479263349741711,2.91684306117883,-2.432384698076443,ISO
17141,0,3.7503762157068543,0.8298704817733945,1.268744294249688,3.0162600202918446,-2.4816319214571663,2.18638953851845,ISO
17142,0,6.573992845522896,1.8605640128838548,5.180955174338059,0.7346842512412824,-1.393037671184837,-1.1258797616425722,ISO
17143,0,1.7663082447004343,6.72278546197197,-4.596006146924433,6.542549926798419,-6.362314391624867,-0.18023553517355134,ISO
17144,0,4.670523454601939,3.3109532708994465,-0.3119013950848029,6.4459621650842305,-4.982424849686742,3.1350088941847836,ISO
17147,0,4.373198354261587,0.9261709890395879,6.8522725805627145,-1.9080515112541157,2.4790742263011274,-2.8342225002937034,ISO
17148,0,5.299792875871638,3.303295559618761,1.9148224260426,2.486546657515161,-3.3849704498290385,-0.8167489021035998,ISO
17149,0,2.8211378834578515,3.3015490447713556,1.7172143638439803,23.805906270193287,-1.1039235196138713,20.50435722542193,ISO
17150,0,2.546100021866798,1.2910527383607235,2.247769110213759,2.8187127514808026,-0.2983309116530392,1.527660013120079,ISO
17151,0,0.46877499775862524,5.584179359265621,5.460817517750291,5.321007430699398,4.992042519991666,-0.2631719285662228,ISO
17154,0,2.1902703999644775,1.4099311481551828,3.4405867011588334,1.4986060631334202,1.2503163011943557,0.0886749149782373,ISO
17155,0,0.009420980999246164,6.896158091454405,0.11305177199095398,6.217847459508038,0.10363079099170781,-0.6783106319463664,ISO
17156,0,2.8627199457688106,3.002138124945951,-1.0874617975811025,3.8014690188945224,-3.9501817433499133,0.7993308939485714,ISO
17157,0,4.628446800198479,2.3978700290186694,3.7250632078706145,2.3978700290186694,-0.9033835923278648,0.0,ISO
17158,0,6.5045967244173175,3.6373311657950937,6.127756108141224,1.0649843503455463,-0.37684061627609344,-2.5723468154495475,ISO
17162,0,0.820621752700299,5.912431423070161,-2.7782495482987923,6.792375230182481,-3.5988713009990914,0.8799438071123201,ISO
17163,0,1.7719213568581988,2.6700184829374165,4.8424426122364075,1.2985998985197336,3.070521255378208,-1.371418584417683,ISO
17164,0,5.399226669538545,1.386287928665507,14.321500857038997,-3.2416206452248773,8.92227418750045,-4.627908573890385,ISO
17165,0,1.2713543308436186,2.7350846459596445,-0.9786082678204896,7.770316929958758,-2.249962598664108,5.035232283999114,ISO
17169,0,5.3899123343650075,1.351129785714719,11.553985518923147,-3.571364676835371,6.164073184558139,-4.92249446255009,ISO
17170,0,1.7662353807681863,2.2479359391595533,1.3473653299931814,3.2462428935066856,-0.418870050775005,0.9983069543471322,ISO
17171,0,6.727417039371949,0.6545945288791605,8.57454021492216,-5.139539221793892,1.8471231755502113,-5.794133750673052,ISO
17172,0,4.794966984476055,4.906080301406769,-0.8632650007701715,5.530024311864439,-5.658231985246227,0.6239440104576699,ISO
17175,0,1.6245998957199905,1.7681691888303515,4.82090573706698,0.6876213512118224,3.1963058413469887,-1.080547837618529,ISO
17176,0,5.118132409745392,2.440224121055007,3.8108694877517153,1.6320979510952274,-1.3072629219936767,-0.8081261699597798,ISO
17177,0,0.2971574559821585,9.637539112931789,7.27634203026364,8.641660071262164,6.979184574281481,-0.9958790416696255,ISO
17178,0,0.8879203688623654,3.1827568151472785,-0.1750828896348066,6.628137964746839,-1.063003258497172,3.4453811495995597,ISO
17179,0,3.649410388395932,7.761422093630949,2.0046057063019247,3.932111193130961,-1.644804682094007,-3.829310900499988,ISO
17182,0,0.3233137093374836,1.6812312885546858,-0.48856293855425265,1.630938044880017,-0.8118766478917362,-0.05029324367466884,ISO
17183,0,0.8733976206976896,2.695671668819833,0.587656423802802,1.9516662882255,-0.28574119689488753,-0.7440053805943326,ISO
17184,0,2.8302430511706738,1.642239795123815,2.166358878673859,9.495290730316503,-0.6638841724968149,7.853050935192688,ISO
17185,0,2.2567913723469455,5.479674941760623,2.728244364515438,3.593862973087006,0.4714529921684922,-1.8858119686736172,ISO
17186,0,3.5552879186788395,0.7961952988615527,11.11520169697814,0.05518185239629555,7.559913778299301,-0.7410134464652572,ISO
17189,0,4.000737995685597,2.9015453342446134,5.108012956107573,-1.204262548196267,1.107274960421976,-4.10580788244088,ISO
17190,0,3.928580835917504,1.4377795842791197,0.7998914588594325,7.361026463175097,-3.1286893770580715,5.923246878895978,ISO
17191,0,2.7120343863393326,10.058224617297629,-3.0718836091223025,8.610050915854377,-5.783917995461635,-1.4481737014432514,ISO
17192,0,0.09405749507327568,5.287374901624029,-0.6987128205449447,4.709593146173296,-0.7927703156182203,-0.5777817554507331,ISO
17193,0,3.511806978558986,3.477545447060687,6.004333395048205,-1.892949615272007,2.492526416489219,-5.370495062332694,ISO
17196,0,8.427442979537117,0.705464683807421,7.9793775722540055,-2.3165934887189956,-0.4480654072831122,-3.0220581725264166,ISO
17197,0,7.904555056218671,0.7043662921381341,7.491896016380129,-3.2372390194235803,-0.41265903983854196,-3.9416053115617147,ISO
17198,0,0.020002316577631053,13.441556740180348,-0.05000579144407764,9.851140914492163,-0.07000810802170869,-3.590415825688185,ISO
17199,0,2.1855968787422757,3.6926800996061067,-2.01596846427259,5.408536753663477,-4.201565343014866,1.7158566540573699,ISO
17200,0,11.011228158585414,5.471060016033579,10.550507315130112,-3.305672051792795,-0.4607208434553022,-8.776732067826375,ISO
17203,0,3.435076737145029,0.643554522530821,8.015179053338528,-1.3623297035392037,4.580102316193498,-2.0058842260700245,ISO
17204,0,4.597374231272321,1.1989555099541618,5.4407774175848616,-2.596358828452274,0.8434031863125412,-3.7953143384064356,ISO
17205,0,6.453335100508728,0.25175559559848,5.127422297023069,0.3356741274647672,-1.3259128034856587,0.0839185318662872,ISO
17206,0,4.5018223252938565,5.880256417817273,-2.477994235692605,6.836395672746963,-6.979816560986461,0.9561392549296894,ISO
17207,0,5.406396485329934,2.491267500440128,8.918391642200213,-2.6383214848409686,3.5119951568702783,-5.129588985281097,ISO
17210,0,0.5077854360934574,11.841124211880826,-2.906261325726274,8.67556819538343,-3.4140467618197317,-3.165556016497396,ISO
17211,0,4.902872369986454,6.203815038557101,1.9292891275396638,6.230364888936065,-2.9735832424467903,0.026549850378964044,ISO
17212,0,1.7397594963294072,10.581701746662151,7.608695012428417,1.5525701834333667,5.86893551609901,-9.029131563228784,ISO
17213,0,3.2878681730724058,1.6022098711420139,3.897041717829518,-0.00834484307885675,0.6091735447571119,-1.6105547142208707,ISO
17214,0,1.0546040615132166,3.1226167133868263,-2.4140546095577013,6.154603390237441,-3.4686586710709175,3.0319866768506145,ISO
17217,0,3.5912627946481708,1.102828732214671,2.4177399129322996,-0.9190239435123867,-1.1735228817158712,-2.021852675727058,ISO
17218,0,3.8330799123789263,4.9051286477674125,7.949342509577379,-2.447507490225989,4.116262597198453,-7.352636137993402,ISO
17219,0,2.8735329683338566,6.877806346589622,1.213730531751207,6.26575419809982,-1.6598024365826496,-0.6120521484898019,ISO
17220,0,12.483963514531014,2.219632271163182,14.128135567244234,-8.761088223744201,1.6441720527132206,-10.980720494907382,ISO
17221,0,2.6740539763396716,5.327772941452674,1.148928134320779,3.650134515232031,-1.5251258420188927,-1.6776384262206432,ISO
17224,0,5.8586806760665455,1.643288482311183,10.347954283540213,4.977496997145699,4.489273607473668,3.3342085148345157,ISO
17225,0,4.903840557463696,0.15640767256457722,5.087849584010221,4.793435141535907,0.1840090265465245,4.63702746897133,ISO
17226,0,1.0016428226476943,4.7613303189236555,4.909460595512417,0.4161755389873432,3.9078177728647225,-4.345154779936312,ISO
17227,0,1.436521736169662,5.606425109217614,1.1472222198575366,10.005772926236892,-0.2892995163121254,4.399347817019278,ISO
17228,0,3.6243920962625658,1.8521122606453333,7.22483446501681,3.4487607612015423,3.600442368754244,1.5966485005562092,ISO
17231,0,3.8482701206911916,2.1582890623983704,-1.8019677549270539,5.935294921595345,-5.650237875618245,3.777005859196975,ISO
17232,0,0.6925328887919695,8.410923633229867,-3.395645132140582,10.801279088092127,-4.088178020932552,2.3903554548622603,ISO
17233,0,0.6000969058752403,8.50725613623152,-2.8357520454103287,7.86009280636584,-3.435848951285569,-0.6471633298656808,ISO
17234,0,4.8499257341003466,1.0350451261798919,0.6604573662291742,2.661544610177025,-4.189468367871172,1.626499483997133,ISO
17235,0,10.153560724957277,1.3949711806808214,8.20974842400822,-1.2691950906197895,-1.9438123009490564,-2.664166271300611,ISO
17238,0,1.7053244418356361,2.174767687060069,1.5903587491275009,1.4179102100656242,-0.11496569270813546,-0.7568574769944445,ISO
17239,0,3.198115068342138,2.811414880340091,1.6408629599009943,7.5667820571233735,-1.5572521084411437,4.755367176783282,ISO
17240,0,1.1341540524181075,4.786130101204445,23.00064418303919,2.869409752617781,21.86649013062108,-1.9167203485866635,ISO
17241,0,5.276249241283528,0.5817610189470598,2.2220038918116023,1.1796820661981893,-3.054245349471926,0.5979210472511295,ISO
17242,0,0.8058236012450943,2.5027933026910083,-0.37921110646840644,2.8914846868208985,-1.1850347077135008,0.3886913841298903,ISO
17245,0,3.57775625154947,1.4105849020447871,4.795988666951402,-1.9491718646434408,1.218232415401932,-3.359756766688228,ISO
17246,0,10.170883693046466,1.9424240450249624,13.821469586711881,-9.048377335368736,3.650585893665414,-10.990801380393698,ISO
17247,0,5.553932322507264,0.8434966249172674,6.496019462025412,-1.7089022530791198,0.9420871395181487,-2.5523988779963873,ISO
17248,0,5.808375481951177,5.920506282760941,0.24668776178173776,5.976571683165823,-5.561687720169439,0.056065400404882455,ISO
17249,0,3.610832374920977,2.611608321484067,6.949149098904756,0.9310951407031274,3.338316723983779,-1.6805131807809395,ISO
17252,0,5.4692499854244305,3.8349094015446825,-0.5662282337851877,5.533594102899953,-6.035478219209618,1.6986847013552704,ISO
17253,0,6.107406529761097,0.22620024184312265,4.382629685708131,9.048009673720406,-1.7247768440529665,8.821809431877284,ISO
17254,0,2.752286507741601,1.2416330110112574,3.1040825275280257,1.05538805935951,0.3517960197864249,-0.18624495165174743,ISO
17255,0,1.1932670022562284,7.260087655834273,-0.10048564229547477,8.892979343132525,-1.2937526445517031,1.6328916872982522,ISO
17256,0,5.834345769468367,3.0554871163376878,9.983772717581498,-3.558447958533626,4.149426948113132,-6.613935074871314,ISO
17259,0,10.304519552108726,1.4359846601647321,10.809773414018416,-7.618696391430088,0.50525386190969,-9.05468105159482,ISO
17260,0,4.045049084352068,4.553637127121275,-0.6505195895887153,4.175153002269703,-4.695568673940784,-0.3784841248515721,ISO
17261,0,0.9615269405328867,12.272823032634344,4.59396204921258,11.725286858164443,3.632435108679693,-0.547536174469901,ISO
17262,0,3.06072441016889,0.3773495848152283,2.064940783572824,1.5932538025536098,-0.9957836265960658,1.2159042177383816,ISO
17263,0,5.909971690711739,2.3443779104936344,1.880850719065068,11.463384003401972,-4.029120971646671,9.119006092908338,ISO
17266,0,0.9397717153963169,6.313338190611386,5.650678647703759,1.7711082328623844,4.7109069323074415,-4.542229957749002,ISO
17267,0,20.008787185120546,0.5620445838517582,22.032147686986537,-14.12605387413936,2.0233605018659886,-14.688098457991119,ISO
17268,0,4.612446115899326,2.1837216022154897,10.300774582158251,1.5019743703041908,5.688328466258925,-0.681747231911299,ISO
17269,0,1.1564148010429072,5.980316542536506,0.9801992123124617,3.8767429520677985,-0.17621558873044554,-2.1035735904687076,ISO
17273,0,3.067571243315009,5.213554559453238,4.04182133775835,10.927399707945385,0.9742500944433408,5.713845148492147,ISO
17274,0,3.0546558635992502,7.244487892725141,6.522103060117172,-0.6398265660240468,3.467447196517922,-7.884314458749188,ISO
17275,0,2.892811076664654,10.340968331524788,-0.33250702030621543,6.683391108155913,-3.2253180969708697,-3.657577223368874,ISO
17276,0,4.256067051309628,1.2802114038799848,4.468022581753336,1.2293420765733485,0.21195553044370735,-0.05086932730663627,ISO
17277,0,2.793972083361612,3.675757599032594,5.409605523104555,0.4161235017773428,2.6156334397429437,-3.2596340972552516,ISO
17280,0,1.9632653420777877,4.853351378639049,5.122428354456568,0.07972651135333908,3.1591630123787806,-4.77362486728571,ISO
17281,0,0.12280560662370965,5.972818140340554,-2.3779631100795715,10.204029495833995,-2.500768716703281,4.23121135549344,ISO
17282,0,0.49478867640746693,4.376130960225619,5.81651577376715,5.772534558086531,5.321727097359683,1.3964035978609122,ISO
17283,0,3.3651007489551836,4.093368821490785,2.812621521514678,1.0045076862555684,-0.5524792274405055,-3.0888611352352164,ISO
17284,0,2.3318428817992616,3.233660570892578,2.383375321175989,0.8889345792491347,0.05153243937672747,-2.3447259916434433,ISO
17287,0,8.550565680267821,1.0359636538481176,2.829572367972797,13.51391393228593,-5.720993312295024,12.477950278437813,ISO
17288,0,0.31926928393090664,5.055096995572437,1.609649306484975,2.2082792138554628,1.2903800225540685,-2.8468177817169735,ISO
17289,0,2.199904409175076,12.156614624727482,-0.2285614970572731,20.570534735144186,-2.4284659062323493,8.413920110416704,ISO
17290,0,1.3431237968734315,7.653830460124897,-1.2048610530777528,7.288421780093236,-2.547984849951184,-0.3654086800316615,ISO
17291,0,0.35269032175644466,6.296812573800364,-3.1570084898698463,6.589287474769156,-3.509698811626291,0.29247490096879236,ISO
17294,0,1.1024594091318116,5.084476976444091,-3.7269709875877854,6.228072930692914,-4.829430396719597,1.1435959542488225,ISO
17295,0,0.9302939247862452,9.394946339324038,-4.242549217431488,11.53155546328338,-5.172843142217734,2.136609123959342,ISO
17296,0,0.7392648921371544,4.6054204766921165,-2.757258246349344,7.0629767397426635,-3.4965231384864985,2.4575562630505465,ISO
17297,0,6.327321714607351,3.604337109776211,4.340989949730698,0.3288628749795802,-1.9863317648766525,-3.275474234796631,ISO
17298,0,3.7927248057624756,2.1821156416715897,2.5587903655315047,2.9614426565541523,-1.2339344402309707,0.7793270148825628,ISO
17301,0,6.1269092268648,0.6200474174701833,3.026672139514601,2.028290704605421,-3.1002370873502,1.4082432871352373,ISO
17302,0,6.889941028120727,0.5718372108357215,7.238622254240194,-3.0823420388961313,0.34868122611946617,-3.654179249731853,ISO
17303,0,13.33917789340247,0.2168972015187477,14.134467632304409,-8.847598345285215,0.7952897389019379,-9.064495546803963,ISO
17304,0,0.023090287836898864,8.012329879411256,-4.063890659298006,10.350221522899366,-4.086980947134905,2.3378916434881103,ISO
17305,0,2.450344951127259,2.913923725664798,2.8642545712501017,1.4486836704299495,0.41390962012284277,-1.4652400552348483,ISO
17308,0,5.065343231086793,0.6154155327491141,7.811043300273968,-3.787172509223579,2.7457000691871754,-4.402588041972693,ISO
17309,0,3.504329548790172,1.962424547322673,1.0782552457815915,10.027773785768751,-2.4260743030085807,8.065349238446078,ISO
17310,0,2.2317287329504465,1.1262930054141154,6.3093265581072275,2.5863024568770507,4.077597825156782,1.4600094514629354,ISO
17311,0,2.2768227869455333,3.2772449206032843,1.4373881230716619,2.035341582269452,-0.8394346638738713,-1.241903338333832,ISO
17312,0,0.9046799875267924,2.274382398548846,2.046098663378536,1.995368944451843,1.1414186758517437,-0.2790134540970032,ISO
17315,0,0.505804337847292,4.082563584053523,0.8851575912328636,1.9870884701148013,0.37935325338557163,-2.0954751139387224,ISO
17316,0,1.2394106599866015,3.522066263990489,0.6241636417198668,1.426659752502379,-0.6152470182667346,-2.09540651148811,ISO
17317,0,4.761087617930155,0.9573232475730828,12.483495148352965,-2.246518554304823,7.72240753042281,-3.2038418018779056,ISO
17318,0,1.690125045473636,5.447227342506158,2.934879301937219,4.2709916689671195,1.2447542564635825,-1.176235673539039,ISO
17319,0,17.890434597364493,1.6275501149929086,20.56516811967836,-15.6572844395832,2.674733522313865,-17.284834554576108,ISO
17322,0,3.747569742267525,1.0197468686445164,1.0070000327861846,3.441645681674518,-2.7405697094813406,2.4218988130300017,ISO
17323,0,2.976151530332136,1.994768230007308,4.1495446068069946,1.8987633419321717,1.1733930764748586,-0.09600488807513631,ISO
17324,0,4.520235876255804,1.7765119164323075,4.076107897147672,6.888918431498582,-0.44412797910813295,5.112406515066275,ISO
17325,0,1.4432336907274446,13.401455699611114,-3.948275025346892,10.752090995918829,-5.391508716074337,-2.6493647036922856,ISO
17326,0,0.07399525013845976,10.613033019834226,-3.953460507388471,9.249406267285838,-4.027455757526931,-1.363626752548388,ISO
17329,0,1.5335902418811906,5.281166396338023,-0.8207947773449421,4.633170519486843,-2.354385019226133,-0.6479958768511797,ISO
17330,0,4.3780099198838345,3.825707129990993,9.321793429413987,-0.8486603844696302,4.943783509530153,-4.674367514460624,ISO
17331,0,15.068115858966298,3.040817474409965,16.83574552904991,12.447573970450286,1.767629670083613,9.40675649604032,ISO
17332,0,0.006499726020932173,4.952791227954897,-2.2034071210980755,4.192323283505094,-2.2099068471190075,-0.7604679444498031,ISO
17333,0,1.067512980975779,3.1895204919401348,-0.6639410003630243,3.64516627650318,-1.7314539813388035,0.45564578456304555,ISO
17336,0,2.855141747811999,5.567526408233204,-2.869417456551046,10.521197340687062,-5.724559204363046,4.953670932453858,ISO
17337,0,3.0173250294260776,6.976644214380465,-2.2666734367395867,5.902182130731128,-5.283998466165665,-1.0744620836493368,ISO
17338,0,0.025315313177055244,8.075584903488107,0.1139189092967486,4.227657300572255,0.08860359611969336,-3.847927602915851,ISO
17339,0,4.351815103326326,1.593978787846234,1.0373512746300155,4.959045117743966,-3.3144638286963106,3.3650663298977324,ISO
17340,0,1.8649811866059172,2.13140707040651,-0.42184098268452447,2.8307750153838236,-2.2868221692904416,0.6993679449773136,ISO
17343,0,1.5760679680432008,3.5202686001548122,1.8119029559621203,0.3451243725641511,0.23583498791891944,-3.175144227590661,ISO
17344,0,0.24988583903678263,3.718301284867353,-0.669694048618423,5.657415395792613,-0.9195798876552056,1.9391141109252605,ISO
17345,0,1.8504018651166003,5.31344446184341,-2.636047349747119,4.786234991893986,-4.486449214863719,-0.5272094699494237,ISO
17346,0,0.9493695415310124,5.492780918858551,0.6950741286209335,3.178692661376467,-0.25429541291007884,-2.3140882574820836,ISO
17347,0,2.1775051590658046,4.454490249256351,0.44213302722132625,2.9070246539813325,-1.7353721318444784,-1.547465595275019,ISO
17350,0,0.7567433199730814,13.31395278577431,-10.937305796484234,16.90848355564584,-11.694049116457315,3.5945307698715316,ISO
17351,0,0.9158670221933439,2.7710848363798406,-1.2328979144910295,2.465795828982059,-2.1487649366843735,-0.3052890073977813,ISO
17352,0,3.423302933350244,1.8476237794483474,5.326915312175946,0.11997557009412411,1.9036123788257024,-1.7276482093542234,ISO
17353,0,3.4112332659782356,1.6841623357190767,1.1585320525963636,1.8557967138813565,-2.2527012133818722,0.1716343781622797,ISO
17354,0,9.534721778937776,13.152808168266763,-12.769716668220182,20.360603798773163,-22.304438447157956,7.2077956305064,ISO
17357,0,8.48276253565716,0.7974259059405951,7.916474573467496,-3.9177881465772497,-0.5662879621896637,-4.715214052517845,ISO
17358,0,3.3143403354319636,2.3345535939354476,8.81808067346672,1.790227626437719,5.503740338034757,-0.5443259674977284,ISO
17359,0,10.356329270305258,4.3460665030296495,7.446978966624083,-2.226910108990624,-2.909350303681176,-6.572976612020273,ISO
17360,0,0.5259458626077246,7.849741999423003,-4.0629317886462495,7.599917714684177,-4.588877651253974,-0.24982428473882615,ISO
17361,0,16.433360259415608,0.05250274843259005,12.128134887939343,-8.387314062114019,-4.305225371476263,-8.43981681054661,ISO
17364,0,6.807886895595862,0.0,6.262724077784379,-2.5795508940343828,-0.5451628178114837,-2.5795508940343828,ISO
17365,0,7.289957949481393,1.6075291888599792,8.723026606217188,-4.436282102590387,1.4330686567357942,-6.043811291450367,ISO
17366,0,5.255928218167571,0.3608188708123546,3.584134116736621,-0.4089280535875722,-1.67179410143095,-0.7697469243999269,ISO
17367,0,13.558170783522288,2.10184082959852,13.817657305695022,-7.499160490790545,0.2594865221727332,-9.601001320389065,ISO
17368,0,5.604776171037052,1.3777850730714853,10.340076325087901,-3.183619877581879,4.735300154050848,-4.561404950653364,ISO
17371,0,2.309682744141666,1.6897678950647768,0.19997253196036763,2.819612700640706,-2.1097102121812985,1.1298448055759294,ISO
17372,0,3.8969806708731767,1.6769403375884824,1.3434578840908578,1.4482666551900432,-2.553522786782319,-0.22867368239843927,ISO
17373,0,2.1087761314194085,2.1746753855262027,17.540184801441008,0.0768824631245931,15.4314086700216,-2.0977929224016094,ISO
17374,0,2.96152429538696,5.6905739873817565,0.21225942048851737,7.883921332429233,-2.7492648748984427,2.1933473450474765,ISO
17375,0,9.766436124349513,0.9525559897068809,12.930673837283544,-7.631396837075958,3.1642377129340313,-8.58395282678284,ISO
17378,0,2.5079076094865385,1.277613310493122,3.158544017608295,0.67429591387134,0.6506364081217563,-0.6033173966217819,ISO
17379,0,7.751866663595077,4.428121094135923,7.5819627367219145,-1.92203817275435,-0.1699039268731633,-6.350159266890273,ISO
17380,0,4.199756310174962,5.05590497946713,6.467393326137317,1.561892842627261,2.2676370159623547,-3.4940121368398684,ISO
17381,0,7.8889350741014175,0.11418195501978647,9.061895157487678,-5.449593307767492,1.1729600833862592,-5.563775262787279,ISO
17382,0,1.171846655793085,23.373590053393634,-15.487378775216195,20.919046382474676,-16.65922543100928,-2.45454367091896,ISO
17385,0,3.9240003097761664,0.49220909809023317,5.1545230550019046,-1.367247494695472,1.2305227452257383,-1.8594565927857052,ISO
17386,0,1.3797902649036977,13.797902649038614,-1.6557483178847645,14.997720270694145,-3.0355385827884622,1.1998176216555316,ISO
17387,0,9.210889432626544,0.2586210855812981,11.727471534629462,-4.207566123111284,2.516582102002918,-4.466187208692582,ISO
17388,0,7.041766049175386,0.6410711623716884,6.180326674738665,-2.804686335375653,-0.8614393744367214,-3.445757497747341,ISO
17389,0,4.7111854914600375,6.642347111833205,4.382251369308369,2.0266586235785917,-0.32893412215166845,-4.615688488254613,ISO
17392,0,3.458512316972666,1.9124590073183618,4.307501128632687,0.44683621666314777,0.8489888116600214,-1.465622790655214,ISO
17393,0,0.24590693577786374,8.5247737736311,0.5854927042329074,4.566843093016785,0.33958576845504373,-3.957930680614316,ISO
17394,0,3.805061201516723,3.330948144458866,16.180627665236194,-1.361555445910056,12.375566463719473,-4.692503590368922,ISO
17395,0,3.995717109015657,3.4782861164810814,3.6603451694101192,3.2674808973003766,-0.3353719396055377,-0.2108052191807046,ISO
17396,0,4.7653028465595595,2.4207399895487742,0.9818385971597463,9.911491355810027,-3.783464249399813,7.490751366261252,ISO
17399,0,7.318877032462109,0.3337223804109596,6.651432271639928,-1.6571042337650355,-0.6674447608221808,-1.9908266141759952,ISO
17400,0,4.9608950684663595,4.33306394984268,1.9452472363903728,2.1510935047912723,-3.0156478320759867,-2.1819704450514075,ISO
17401,0,5.596536330100231,0.4439560069549598,4.264668309235046,0.8744588015782663,-1.3318680208651852,0.4305027946233065,ISO
17402,0,4.284462538779663,2.1541990418445125,2.800458754397839,1.5677781915645919,-1.484003784381824,-0.5864208502799209,ISO
17403,0,9.383463787994849,15.515639684535765,8.670101043878297,-0.46642948653764893,-0.7133627441165511,-15.982069171073414,ISO
17406,0,8.410793518041041,1.1341827622814349,18.35082222118053,-7.556970539694345,9.94002870313949,-8.69115330197578,ISO
17407,0,2.5687609412365195,1.8665529269263892,-0.24607289390339954,8.930645515326477,-2.814833835139919,7.064092588400088,ISO
17408,0,0.2740880124717523,5.0545054064657595,-0.8545096859416905,3.813047938210899,-1.1285976984134427,-1.2414574682548605,ISO
17409,0,9.590855947108954,1.6075582411347311,15.076534916856874,-7.638172207877398,5.485678969747919,-9.245730449012129,ISO
17410,0,13.126780166148889,2.9070133241963347,9.93552553914221,-2.454811251543689,-3.1912546270066784,-5.361824575740024,ISO
17413,0,1.0076157754448747,1.5844950361955061,0.8537813059112913,1.138375074548272,-0.15383446953358335,-0.4461199616472343,ISO
17414,0,5.212498386775245,5.256300894227098,10.538883292925307,-1.3578777310086272,5.326384906150062,-6.614178625235725,ISO
17415,0,1.39594003641272,2.5161388310651347,1.921571778518889,6.11800880156245,0.5256317421061693,3.601869970497315,ISO
17416,0,9.33195852307575,1.284112916579934,11.368827287306008,-3.4095411922981245,2.0368687642302574,-4.693654108878058,ISO
17417,0,0.188881933756115,8.429730747264188,-4.5331664101470786,7.940036844933454,-4.722048343903193,-0.48969390233073334,ISO
17420,0,0.29917346252880883,5.26931324324644,-1.3028521755278695,10.113993184839272,-1.6020256380566784,4.844679941592831,ISO
17421,0,4.789371101149765,0.5778765862448542,7.14465597538991,-1.3396229953856083,2.355284874240146,-1.9174995816304625,ISO
17422,0,0.0937232312269776,14.016829914625212,-9.955489894785966,14.214690069437959,-10.049213126012944,0.19786015481274505,ISO
17423,0,2.1872343629619477,8.191407124034264,4.425933063875895,0.6089946657659178,2.2386987009139476,-7.582412458268346,ISO
17424,0,2.1698765657349193,2.595201208187886,-0.30998236653344285,3.359343786154299,-2.479858932268362,0.7641425779664129,ISO
17427,0,0.3657289641315626,6.400256872304528,-5.403645445045755,9.902111703865575,-5.769374409177318,3.5018548315610474,ISO
17428,0,2.5013087279583948,1.6506612253327297,3.3722097425510853,3.2506886707475506,0.8709010145926905,1.6000274454148207,ISO
17429,0,0.192995658167886,4.983829055045938,0.8855094904181336,21.842567430314737,0.6925138322502477,16.8587383752688,ISO
17430,0,0.3453162813809244,4.166316003619541,1.0284419684609243,3.0327777756077823,0.6831256870799999,-1.1335382280117592,ISO
17431,0,2.5135876183832746,2.6668551560896625,1.2567938091916373,1.9516066467935729,-1.2567938091916373,-0.7152485092960896,ISO
17434,0,4.479292306142338,3.444899031321921,15.663669590139309,-3.4726059940403022,11.18437728399697,-6.917505025362223,ISO
17435,0,0.5891429175106416,3.336110496746256,-0.7098107439885926,6.86386989436958,-1.298953661499234,3.5277593976233246,ISO
17436,0,0.14010245885528091,5.530360217976645,-0.5161669536778537,4.933081314435207,-0.6562694125331346,-0.5972789035414374,ISO
17437,0,1.116828294906453,2.019166387479904,2.980674191041723,0.9171305203205431,1.8638458961352702,-1.1020358671593609,ISO
17438,0,1.0317476090989974,7.2033021149028365,-3.3318821871823165,9.06802027079752,-4.363629796281314,1.8647181558946841,ISO
17441,0,2.9043717220227276,2.1710419849007168,1.5727993046168496,2.952617099465141,-1.331572417405878,0.7815751145644247,ISO
17442,0,3.284406424054401,1.9618266559787612,4.088975782967071,0.05510749033643278,0.8045693589126703,-1.9067191656423284,ISO
17443,0,2.522413548273624,9.405436752875325,-3.502784805902588,8.026789671835065,-6.0251983541762115,-1.3786470810402587,ISO
17444,0,0.38883421869241935,6.9237577005887925,-5.644367690697403,14.098376187430858,-6.033201909389823,7.174618486842067,ISO
17445,0,5.856864113557123,11.254366335854424,7.949512729294079,-1.5694864618028626,2.0926486157369566,-12.823852797657286,ISO
17448,0,1.1482740937528415,3.3969775273528455,2.114738122661621,2.5166340554754636,0.9664640289087795,-0.8803434718773816,ISO
17449,0,3.813209162200948,2.3728937449564893,3.813209162200948,2.590495354756034,0.0,0.21760160979954454,ISO
17450,0,1.833791261591612,2.1331857532800442,4.615665080196545,6.524304964710195,2.7818738186049337,4.3911192114301505,ISO
17451,0,1.8659666208643022,6.175747590344745,0.48153977312612145,3.16612400830546,-1.3844268477381807,-3.0096235820392856,ISO
17452,0,10.680433794525653,2.821462189569868,11.788457407433418,-6.042726713694063,1.108023612907764,-8.864188903263932,ISO
17455,0,0.9584328544251769,3.145625778626544,-0.8478444481454455,18.2102242340792,-1.8062773025706222,15.064598455452655,ISO
17456,0,1.052750620085156,4.960257426167461,-1.3277935748823846,7.141632584902622,-2.3805441949675408,2.1813751587351615,ISO
17457,0,5.431656975331419,2.399375429103103,2.7583371074725047,-0.40619347815506446,-2.673319867858914,-2.8055689072581673,ISO
17458,0,2.7271967066438916,1.256509477406624,2.9485137168690465,0.27129181898543814,0.2213170102251549,-0.985217658421186,ISO
17459,0,2.260608285048053,1.4544999043333562,0.4819126189055664,3.5924395227510026,-1.7786956661424864,2.1379396184176467,ISO
17462,0,0.7941255085294894,3.5508754881386375,8.633278742727319,2.507167676928695,7.839153234197829,-1.043707811209943,ISO
17463,0,1.2716416101357375,5.2114598129663525,3.3721210554489076,5.302291356547642,2.10047944531317,0.09083154358129007,ISO
17464,0,6.437130844829478,2.33691218789163,7.297539423098683,-2.315667531638329,0.8604085782692042,-4.6525797195299585,ISO
17465,0,1.960768165743852,6.292182588375635,-4.497581216338991,13.83615502267852,-6.458349382082843,7.543972434302886,ISO
17466,0,6.210313351167365,3.8910635863954317,7.122624870011612,-1.6157806418082152,0.9123115188442473,-5.506844228203647,ISO
17469,0,5.477889926225131,1.2009691560851665,9.889613356742155,-4.338194706675143,4.411723430517024,-5.53916386276031,ISO
17470,0,0.8766037363889925,7.131289855488721,-1.895359430030123,6.195456136911338,-2.7719631664191153,-0.9358337185773833,ISO
17471,0,2.5916763511855954,3.4797897425575224,1.889259396191281,2.6158976254957187,-0.7024169549943142,-0.8638921170618039,ISO
17472,0,9.091980755963391,1.1389312081879652,4.185815551460774,-0.18495464064598643,-4.906165204502617,-1.3238858488339518,ISO
17473,0,8.150814019880265,12.622441155786923,-5.320670262977391,10.047010337005075,-13.471484282857656,-2.575430818781847,ISO
17476,0,2.369910248368136,2.0678628637719716,12.395559975532262,-0.6157119762918963,10.025649727164126,-2.683574840063868,ISO
17477,0,4.891423668296217,5.351939382614038,1.6304745560986444,3.4351983013988026,-3.260949112197572,-1.916741081215235,ISO
17478,0,6.256119526531251,0.8979603736820226,7.588258542432943,-0.8782249808536418,1.3321390159016921,-1.7761853545356645,ISO
17479,0,1.1261006290865025,5.16383081265725,1.4608873025985936,4.747883733445083,0.33478667351209124,-0.41594707921216684,ISO
17480,0,2.289193887141059,0.34786769853608623,0.52741231713548,11.659178670292281,-1.7617815700055788,11.311310971756194,ISO
17483,0,0.8070792903210547,3.5901113259098403,1.4054311779724837,1.8228859833107858,0.5983518876514291,-1.7672253425990545,ISO
17484,0,10.083145790883986,2.1691112350996007,11.38246489705756,-5.56237435535454,1.2993191061735738,-7.731485590454141,ISO
17485,0,4.160896011994362,8.052679346595607,-6.075736216518701,9.10842908098216,-10.236632228513063,1.0557497343865554,ISO
17486,0,4.13341456882559,2.0954915084295282,3.4080521235998336,1.0477457542146333,-0.725362445225757,-1.0477457542148951,ISO
17487,0,5.320783785777283,1.8016197920239772,16.646966878301427,-4.8163302440107545,11.326183092524147,-6.617950036034732,ISO
17490,0,3.4375230055370816,7.885357432056603,-5.803130235154119,19.94749012890547,-9.2406532406912,12.062132696848868,ISO
17491,0,7.548191519807478,1.7030126427513004,6.394537794072742,-1.6480767510496939,-1.1536537257347357,-3.3510893938009945,ISO
17492,0,6.865001234978444,0.5462013463087206,11.759393691117392,-5.25852668701159,4.894392456138947,-5.804728033320311,ISO
17493,0,0.9719280040396188,2.4298200100985357,-0.17998666741455477,0.90893267044432,-1.1519146714541735,-1.5208873396542155,ISO
17494,0,4.1157204524016615,0.13309543751558894,1.9247647886852417,-0.34809575965577966,-2.19095566371642,-0.48119119717136866,ISO
17497,0,5.1455695101326615,2.166555583213989,3.4373237618295835,0.656216354531225,-1.7082457483030777,-1.510339228682764,ISO
17498,0,3.4566326396722906,4.644850109559973,2.9165337897234185,3.4806370330036,-0.5400988499488721,-1.1642130765563727,ISO
17499,0,0.5993661711837502,15.67887415982751,-11.374335294054035,17.109179795606675,-11.973701465237786,1.4303056357791646,ISO
17500,0,0.9704157014342598,5.5968161385037805,-1.8279923678176304,12.243035302976827,-2.7984080692518902,6.646219164473047,ISO
17501,0,0.41701949250695164,5.18456666359818,14.618223831928232,2.321784201524387,14.201204339421281,-2.862782462073793,ISO
17504,0,3.6628698084495106,1.3413326059110586,2.940613789881945,0.4952612698748885,-0.7222560185675653,-0.8460713360361701,ISO
17505,0,0.044544217450074794,18.114648429713625,-12.442684741065705,22.004843420357204,-12.48722895851578,3.8901949906435793,ISO
17506,0,1.2597360961513648,6.149679437125547,-3.007111971457928,6.799865809332683,-4.266848067609293,0.6501863722071362,ISO
17507,0,0.7003991419549732,3.6744016524107956,-1.5193273694719642,12.790365869242091,-2.2197265114269373,9.115964216831296,ISO
17508,0,8.319754545819261,4.05946644218448,3.6147899061145776,0.35861010973359164,-4.704964639704683,-3.7008563324508876,ISO
17511,0,1.7193289733159625,5.745791697149355,-3.585609140931958,14.004448816837655,-5.30493811424792,8.258657119688301,ISO
17512,0,0.8875055038362166,9.973155068533949,2.0156904663400383,9.687348211366231,1.1281849625038216,-0.2858068571677169,ISO
17513,0,10.927512715213734,1.3167738326630718,27.412837061796456,-5.660417384563002,16.485324346582722,-6.977191217226074,ISO
17514,0,2.1451407843521397,7.799384701489596,-0.235593496547441,6.187429198796816,-2.380734280899581,-1.6119555026927799,ISO
17515,0,6.017053360535964,6.0898990428665085,-1.456913646618839,6.293866953393292,-7.473967007154803,0.20396791052678323,ISO
17518,0,6.638603528698882,3.752904247079906,7.012398772431942,-1.97363888691046,0.3737952437330597,-5.726543133990366,ISO
17519,0,2.817454856298353,5.949904665475311,-2.1699652309380126,7.682376906304857,-4.987420087236365,1.7324722408295454,ISO
17520,0,1.9025025630669825,4.717587656385467,4.176225138439726,2.0107750666560604,2.2737225753727435,-2.7068125897294064,ISO
17521,0,2.7371320837144038,4.105698125571606,6.9868897926392695,-0.4862010938176632,4.249757708924866,-4.591899219389269,ISO
17522,0,8.089161878423692,1.2893205614081955,13.652668410527571,-7.259051379983172,5.5635065321038795,-8.548371941391368,ISO
17526,0,8.246927217414827,0.1942531036220111,11.001789414238486,-7.46991480292598,2.7548621968236575,-7.664167906547991,ISO
17527,0,4.272277998577119,2.3316500263422366,6.270835164012992,-1.0716900742193416,1.9985571654358736,-3.403340100561578,ISO
17528,0,3.4951599246649967,6.452602937843873,3.8114639902456386,-1.1070642295317075,0.31630406558064195,-7.559667167375581,ISO
17529,0,12.471757617923968,1.4021502647369992,19.22421810336817,-9.704355779627226,6.752460485444202,-11.106506044364226,ISO
17533,0,3.7041140193689097,0.08515204642219366,7.033559034479587,-0.8600356688649305,3.329445015110677,-0.9451877152871242,ISO
17534,0,2.2414653932865525,2.2514274617011507,1.663665425239425,8.1888202368069,-0.5777999680471277,5.937392775105749,ISO
17535,0,7.781067091955157,4.000746960877944,14.47102137639817,-4.364451230048576,6.689954284443012,-8.365198190926519,ISO
17536,0,7.7019776341557495,4.416150998424017,6.71622964343614,-1.7743463832951774,-0.9857479907196094,-6.190497381719195,ISO
17539,0,0.4217098282642732,3.2461849571035226,-0.3334449804879004,4.4426640047368915,-0.7551548087521737,1.196479047633369,ISO
17540,0,1.0580132711735337,7.251799296168241,0.8045309249548642,5.3892551000398425,-0.25348234621866955,-1.862544196128398,ISO
17541,0,0.8331300711135481,4.557419853294225,-1.6513828195288776,4.0218362361497855,-2.4845128906424256,-0.5355836171444398,ISO
17542,0,4.777867318854941,1.5814852197606843,5.245630552868797,-1.492387460901252,0.4677632340138555,-3.0738726806619363,ISO
17543,0,1.5870655150850572,7.9616325287143646,7.058495799135372,1.113576355888428,5.471430284050315,-6.848056172825936,ISO
17546,0,0.7688353872864021,2.5656641575741146,0.05183159914286378,1.3821759771442128,-0.7170037881435383,-1.1834881804299016,ISO
17547,0,1.5640354141219097,2.1577895991127933,3.7145841085397002,1.1657856558965942,2.1505486944177905,-0.9920039432161991,ISO
17548,0,0.0,2.7891568272572775,2.6970225176482603,9.071041573332364,2.6970225176482603,6.281884746075087,ISO
17549,0,2.702019210380057,2.045692777574984,3.204918684867345,3.2219661246804536,0.5028994744872884,1.1762733471054703,ISO
17550,0,1.5131446030292937,1.953012220188965,0.7301802444851905,1.9969989819048921,-0.7829643585441031,0.04398676171592713,ISO
17553,0,3.0328095301296583,1.8217558952314181,2.2771948690393313,1.9149138671465769,-0.7556146610903268,0.09315797191515873,ISO
17554,0,2.3865595359858434,5.911154406260908,5.579687804040966,0.43090658288617584,3.1931282680551227,-5.480247823374732,ISO
17555,0,5.31193355480582,0.583540358201463,10.889892861144677,-1.5618286057750204,5.577959306338857,-2.1453689639764835,ISO
17556,0,1.8453193521633737,5.016477398528433,4.248886575569674,13.04129054764277,2.4035672234063004,8.024813149114335,ISO
17557,0,2.5548217547523295,1.1370360556863683,2.8004776927092134,1.0949236091795014,0.24565593795688415,-0.04211244650686707,ISO
17560,0,0.41253970055460726,4.552670266835263,-1.3702211482707196,6.578534867773264,-1.7827608488253268,2.0258646009380006,ISO
17561,0,2.4226067671652363,2.824215375625859,-1.774850947067581,6.069472034315106,-4.197457714232817,3.2452566586892466,ISO
17562,0,2.597961084460518,0.9766770994212173,4.922452581082899,9.551902032339479,2.3244914966223815,8.57522493291826,ISO
17563,0,5.899524221393511,0.09350830898473395,10.940472151201115,-2.6947394498295365,5.040947929807603,-2.7882477588142707,ISO
17564,0,1.9803506401715296,16.027023785573437,-7.479277766600895,15.971758186312888,-9.459628406772424,-0.05526559926054823,ISO
17567,0,0.8468896780434335,3.1580278648530755,3.9415986884632424,2.603987888563027,3.0947090104198085,-0.554039976290048,ISO
17568,0,0.1579825704968499,11.505252416628883,-6.710824842415915,15.427341449402096,-6.868807412912766,3.922089032773214,ISO
17569,0,0.0,7.326549204532733,-4.223238397945434,14.430822703910453,-4.223238397945434,7.10427349937772,ISO
17570,0,4.218623378100431,2.633147373416994,7.829597362335475,-2.2839235838391416,3.610973984235044,-4.9170709572561355,ISO
17571,0,2.8396473568412715,2.8233275444456467,3.671957789018866,2.1134157052352363,0.8323104321775948,-0.7099118392104106,ISO
17574,0,4.037164386717498,3.3015422425000485,4.693969872625998,-0.4728999498540888,0.6568054859085009,-3.774442192354137,ISO
17575,0,1.8948393260996423,4.163308941852376,2.0549665930938246,0.9429716834109927,0.16012726699418212,-3.2203372584413836,ISO
17576,0,20.103215954930754,13.772076965969896,26.603467170641906,-16.234773768019938,6.500251215711151,-30.006850733989836,ISO
17577,0,2.41817535251671,1.8799838868651069,2.985856761491828,1.7915140568948955,0.5676814089751182,-0.08846982997021142,ISO
17578,0,0.21000333541474756,5.896893658446096,-1.243219745655321,11.230978377980607,-1.4532230810700684,5.334084719534512,ISO
17581,0,0.7021480701421888,2.820294748404982,0.42128884208526013,2.3521960349766786,-0.28085922805692876,-0.4680987134283033,ISO
17582,0,3.1489432560703374,3.778731907284445,-1.1531341501104404,9.961305004414196,-4.302077406180778,6.182573097129752,ISO
17583,0,4.453385932144426,0.7875461437898874,7.5848194086416925,5.615954049167399,3.1314334764972664,4.828407905377512,ISO
17584,0,8.050774347794361,1.1429492847430147,8.862869892216905,-4.812418041022752,0.8120955444225424,-5.955367325765767,ISO
17585,0,1.0289820631145532,4.053565703179531,-0.08315006570640555,3.3987589357429755,-1.1121321288209587,-0.6548067674365553,ISO
17588,0,0.7074591479915163,7.929877912563444,-4.593204916065527,8.267768848917852,-5.3006640640570435,0.3378909363544079,ISO
17589,0,0.8126472241988651,18.79389777654163,-15.016805044349967,21.6209944579094,-15.829452268548831,2.8270966813677694,ISO
17590,0,3.0545272818981593,3.585313989900343,1.6824937159306506,3.2047499351063586,-1.3720335659675087,-0.38056405479398403,ISO
17591,0,0.8084590249443957,7.257545959557274,9.757264094155174,6.170307960494201,8.948805069210778,-1.0872379990630727,ISO
17592,0,2.4583025159665586,1.4860924814035976,1.2847061171011176,3.006906749755844,-1.173596398865441,1.5208142683522465,ISO
17595,0,0.5486647516931101,4.2204980899471485,-1.40331561490759,6.499567058518695,-1.9519803666007,2.2790689685715466,ISO
17596,0,7.847231650943296,0.9455560660482798,9.623463139501379,-4.126866194809157,1.7762314885580812,-5.072422260857437,ISO
17597,0,1.3352434138078997,3.931550051767564,-2.818847206927648,8.141275814745054,-4.1540906207355475,4.209725762977491,ISO
17598,0,1.9653147031443048,6.52225319065516,-2.4620425951478673,6.219897082478886,-4.427357298292172,-0.30235610817627356,ISO
17599,0,5.168523062833707,9.287989464398736,6.460653828542061,-1.1002301569399593,1.292130765708354,-10.388219621338695,ISO
17602,0,3.5725223115557765,0.04378091068079156,7.320168265834918,-1.77750497364173,3.747645954279142,-1.8212858843225215,ISO
17603,0,10.51069244306929,6.425910577143349,11.315455437550343,-7.559894796639315,0.8047629944810534,-13.985805373782664,ISO
17604,0,2.328267009228511,4.587766638437898,-0.2357738743522741,2.6033365293063504,-2.5640408835807853,-1.9844301091315473,ISO
17605,0,1.2629262269280725,6.913985954199115,-3.07169345024003,7.845126477442526,-4.334619677168102,0.9311405232434119,ISO
17606,0,0.3706915091212737,12.986160609863832,-7.126843207623205,9.87713504949115,-7.497534716744479,-3.1090255603726833,ISO
17609,0,8.3136095339112,0.11134298482906614,8.823931547711508,-5.771278046978535,0.5103220138003084,-5.882621031807602,ISO
17610,0,1.6353180951423467,4.916712957105599,1.5707660650709963,2.5605638594993487,-0.06455203007135049,-2.35614909760625,ISO
17611,0,12.02537403498937,0.18075274853661166,22.689786198644867,-4.189210760199735,10.664412163655495,-4.369963508736347,ISO
17612,0,2.184688874060975,2.3588307408339735,0.29287495775464556,3.9973473963796597,-1.8918139163063294,1.6385166555456863,ISO
17613,0,7.24890516688939,0.5446691175121847,7.1848264471819565,-3.4682607041580873,-0.06407871970743369,-4.012929821670272,ISO
17616,0,8.912105676850482,0.4564737053997481,8.944710941521858,-4.456052838425241,0.03260526467137528,-4.912526543824989,ISO
17617,0,0.04245776497005236,6.142223332339873,-1.8610653645222375,4.981711089823982,-1.9035231294922899,-1.160512242515891,ISO
17618,0,0.7129390604626018,6.62863578834752,-4.523768086029712,11.576772362747754,-5.236707146492313,4.948136574400234,ISO
17619,0,1.4768101351951617,3.3350480536525273,1.4181289377702413,3.745816435627414,-0.05868119742492029,0.4107683819748868,ISO
17623,0,9.038297728051905,0.4340863402837596,19.502879145607842,-5.5966131729445765,10.464581417555939,-6.0306995132283365,ISO
17624,0,4.5137602585866565,7.220103803459502,-1.5205251718545336,6.9140861588096225,-6.03428543044119,-0.3060176446498801,ISO
17625,0,3.5759359783484643,5.370600476845668,-3.328165133406786,7.1518719566970805,-6.90410111175525,1.781271479851412,ISO
17626,0,0.8812289014177153,6.94212545672322,-3.064718290485629,6.305682361255068,-3.945947191903344,-0.636443095468152,ISO
17627,0,9.954597212184286,2.6846730495189415,8.744363647004292,-5.556847073924744,-1.2102335651799945,-8.241520123443685,ISO
17630,0,5.949834036793645,0.5190485266346241,9.237141372146555,-3.508383559660283,3.2873073353529105,-4.027432086294907,ISO
17631,0,4.899275352158024,0.24355862171339146,6.398097639625016,-0.1967204252300879,1.4988222874669916,-0.44027904694347936,ISO
17632,0,10.101305107545175,0.25273644740423606,15.090811746623325,-0.7337509763348968,4.989506639078152,-0.9864874237391329,ISO
17633,0,1.3456500937524678,4.989850826115806,-3.547622974438457,7.526626600941166,-4.893273068190925,2.5367757748253608,ISO
17634,0,4.998583091848282,4.284499793012955,5.953123011720158,-2.8709063238894537,0.9545399198718764,-7.155406116902409,ISO
17637,0,6.663062784054925,0.6743990672120295,5.67394415214403,-2.176060990204214,-0.9891186319108949,-2.8504600574162433,ISO
17638,0,1.3425745985111974,4.39627368532105,4.431373674824579,-0.1140749658864706,3.088799076313382,-4.51034865120752,ISO
17639,0,4.738544460361746,0.6121220047578965,2.3188621827301814,1.1738339620651832,-2.4196822776315647,0.5617119573072866,ISO
17640,0,2.096112529006478,1.3431400671301592,-0.4477133557100017,4.531401842641511,-2.5438258847164796,3.188261775511352,ISO
17641,0,3.32876404595122,5.3729064741692385,-1.3315056183805734,5.166616871321529,-4.660269664331794,-0.2062896028477095,ISO
17644,0,0.42296038646300604,5.377639199315278,-2.624080764994896,5.4466939562889625,-3.0470411514579023,0.06905475697368418,ISO
17645,0,4.5438160197232795,2.517910787999408,6.3960722315850544,-1.3891921588963312,1.852256211861775,-3.9071029468957392,ISO
17646,0,0.11767167275143313,6.268690930205347,-0.7595171604854394,5.295225273808167,-0.8771888332368726,-0.9734656563971803,ISO
17647,0,1.0492410414017024,7.691225615413065,-6.016290375010213,9.058126788615455,-7.065531416411915,1.3669011732023904,ISO
17648,0,3.896136472718739,2.6193303033461164,5.2011074840632245,-1.2580296080585454,1.3049710113444855,-3.8773599114046617,ISO
17651,0,0.12078341831442171,5.825477175631621,3.7721590642845504,3.307607455382506,3.6513756459701288,-2.5178697202491147,ISO
17652,0,2.1398137396520918,7.528974269146859,-0.4981576960037569,6.88363361750578,-2.6379714356558486,-0.6453406516410785,ISO
17653,0,0.8289280942354063,6.391471884499532,3.8501528587513114,6.565983062233145,3.021224764515905,0.1745111777336131,ISO
17654,0,5.5599975372323,0.293996759356118,2.9140267030284166,0.7955206429633359,-2.6459708342038826,0.5015238836072179,ISO
17655,0,5.490989161119081,3.4469865879270936,5.091864398306545,1.148995529309123,-0.3991247628125356,-2.297991058617971,ISO
17658,0,2.3317159795049767,2.7203353094223535,2.919896586947609,-0.052516125664478094,0.5881806074426322,-2.7728514350868316,ISO
17659,0,1.9141937646996403,3.539452621519753,7.16016818588086,2.7809984883369925,5.24597442118122,-0.7584541331827601,ISO
17660,0,7.3825906850174885,0.8584407773276014,6.258033266718183,-1.77697240906808,-1.124557418299306,-2.6354131863956813,ISO
17661,0,5.3610701976043025,0.7825164574143589,4.8282930351095565,0.183142149607628,-0.5327771624947458,-0.599374307806731,ISO
17662,0,1.650030137632476,2.6036189834065904,-1.7786039145904742,6.589406069115742,-3.42863405222295,3.985787085709152,ISO
17665,0,1.7865806171089593,2.046877130859967,0.4377714094901483,7.927212009688861,-1.348809207618811,5.880334878828894,ISO
17666,0,0.27631807370579026,19.768255523034153,-15.692563935873942,23.475523011920064,-15.968882009579733,3.7072674888859107,ISO
17667,0,0.34365229670592085,4.252697171734647,2.010365935729305,3.264696818705467,1.666713639023384,-0.9880003530291805,ISO
17668,0,3.202696733449627,0.5594584167290287,3.340534314382959,-0.008108092996251894,0.13783758093333248,-0.5675665097252807,ISO
17669,0,6.980560017817673,1.1281713160109694,8.414277731914925,-4.054365666914322,1.4337177140972515,-5.182536982925291,ISO
17672,0,6.558975361239403,0.6396163916101613,9.873351208674043,-3.930733461168352,3.31437584743464,-4.570349852778513,ISO
17673,0,2.446758054973498,2.6390796488142807,0.7372327763894646,2.980984704531039,-1.7095252785840336,0.3419050557167581,ISO
17674,0,0.3280229117322274,7.782343580845334,-1.681117422627246,6.634263389782724,-2.0091403343594734,-1.1480801910626095,ISO
17675,0,11.96034368234504,0.42595413301710283,11.422296356428836,-8.59754789536888,-0.5380473259162063,-9.023502028385982,ISO
17676,0,2.1269424937835857,3.875266952024398,-1.302891475249403,6.169246814429572,-3.429833969032989,2.293979862405174,ISO
17679,0,2.312896244928402,1.4708223693476505,1.2013587291618,0.6736591004644987,-1.1115375157666016,-0.7971632688831519,ISO
17680,0,0.6430026837602689,6.89373069608395,0.5997236569686096,2.9677046942783805,-0.04327902679165929,-3.9260260018055693,ISO
17681,0,4.035425974748704,0.30102976021320293,5.564982594209798,-2.3350146265177933,1.5295566194610948,-2.636044386730996,ISO
17682,0,2.041981581908415,5.575821853795459,0.7832258122387482,4.46625195312374,-1.2587557696696667,-1.109569900671719,ISO
17683,0,0.6079015697852302,9.225172944987516,1.0664939820794705,6.047020878390675,0.4585924122942402,-3.1781520665968412,ISO
17686,0,3.2251765332426947,0.8795935999752155,0.29319786665840514,3.4974316951398023,-2.9319786665842895,2.6178380951645868,ISO
17687,0,4.390686483087067,0.1979885151522881,11.588151328041572,-3.051352409997,7.197464844954506,-3.249340925149288,ISO
17688,0,7.470143360564245,1.0869538128067624,5.988902380366661,0.7779179248519318,-1.4812409801975837,-0.30903588795483056,ISO
17689,0,6.313707004657426,4.2560008756095025,1.9043367281254964,2.249417880201903,-4.40937027653193,-2.006582995407599,ISO
17690,0,0.82209404612323,1.9597393422734575,-0.12455970395813953,2.0593871054400066,-0.9466537500813695,0.09964776316654939,ISO
17693,0,7.034630080746559,0.5201663087877028,8.384585501171733,-4.309949415668813,1.349955420425175,-4.830115724456515,ISO
17694,0,2.8118843598164753,5.836222204596953,2.586933611031078,3.8241627293506224,-0.2249507487853976,-2.0120594752463306,ISO
17695,0,4.314488478342556,1.96667496009238,9.650428292546838,3.4607381080696067,5.335939814204282,1.4940631479772268,ISO
17696,0,5.022141746965695,3.801162331419286,2.7184070006511027,3.7435689627612114,-2.303734746314592,-0.057593368658074316,ISO
17697,0,0.5878021846770808,21.140953150592203,-17.81339502038575,24.109852320656532,-18.401197205062832,2.9688991700643297,ISO
17700,0,1.1229559998196041,3.2152003363254815,-0.638311831476333,4.550926946637017,-1.7612678312959371,1.335726610311536,ISO
17701,0,0.017921097569749928,7.930085674621677,-1.52329329343017,5.053749514674165,-1.5412143909999199,-2.876336159947512,ISO
17702,0,3.6852823082936785,0.14331653421128507,2.49780245339901,4.596365990066118,-1.1874798548946686,4.453049455854833,ISO
17703,0,4.311060896905544,1.6453729222730653,6.416035194115229,-3.391858147032304,2.104974297209685,-5.03723106930537,ISO
17704,0,1.7980382858607458,2.9054393493379767,1.33364429149951,1.345551829816187,-0.46439399436123585,-1.5598875195217894,ISO
17707,0,3.3413111379606852,1.5821784827726242,0.8535436551801489,2.5085856207117367,-2.4877674827805367,0.9264071379391124,ISO
17708,0,2.793069832793567,2.7829132152197817,4.753297024536026,0.48751764354216837,1.960227191742459,-2.2953955716776133,ISO
17709,0,1.8109238676493813,4.3044996644655305,-2.2186187697906483,7.158363979452461,-4.02954263744003,2.85386431498693,ISO
17710,0,1.25940094440403,2.7225285121677865,-1.7038953953704183,6.519251947503871,-2.9632963397744483,3.7967234353360846,ISO
17711,0,2.6733722309498447,2.092680721768354,5.686394212553367,-0.3725190813618003,3.0130219816035217,-2.465199803130154,ISO
17714,0,2.268180552361965,3.78462126451263,-2.3200246792730486,12.144486728932208,-4.588205231635014,8.359865464419578,ISO
17715,0,7.5488361659506555,0.4080451981595276,9.145534767444293,-4.7102608744063,1.596698601493637,-5.118306072565828,ISO
17716,0,0.009014656982474433,2.731441065692213,1.271066634530125,1.4153011462497158,1.2620519775476504,-1.316139919442497,ISO
17717,0,6.691715311082712,0.0718252090634324,9.373189782786637,-3.2081926715029745,2.681474471703926,-3.280017880566407,ISO
17718,0,5.257595674126315,0.805321000412983,1.668164929427379,0.9778897862159145,-3.589430744698936,0.17256878580293156,ISO
17721,0,0.8935941266745794,4.081849714439762,-3.022775193936445,7.954090930029857,-3.9163693206110244,3.8722412155900945,ISO
17722,0,4.909509919423709,2.321484550340482,5.502778193399646,-3.1039108247143576,0.5932682739759378,-5.42539537505484,ISO
17723,0,2.2364370084919725,2.3429340088965023,-1.5761556059849064,9.126792934655663,-3.8125926144768787,6.783858925759161,ISO
17724,0,5.111292284098583,0.623599930086052,6.158049309600333,-2.583485424642396,1.04675702550175,-3.207085354728448,ISO
17725,0,3.0216555957976285,4.830393100324092,2.521592873957877,0.20215301521161896,-0.5000627218397518,-4.6282400851124725,ISO
17728,0,0.8438193340756235,5.653589538306377,-3.604314012694226,7.136300653896326,-4.44813334676985,1.4827111155899497,ISO
17729,0,0.340893222681088,19.961192039216098,-15.693713918245015,19.544544767050386,-16.034607140926102,-0.41664727216571046,ISO
17730,0,2.6829226531430614,0.9041351065537712,5.356017750780113,-1.169479105216252,2.6730950976370518,-2.0736142117700234,ISO
17731,0,2.3423905324711143,3.7529541742875403,11.233215911193641,-0.08548870556475556,8.890825378722527,-3.8384428798522956,ISO
17732,0,6.226926565962793,0.9009509628088693,6.346521826512728,-2.750690992646872,0.11959526054993494,-3.6516419554557413,ISO
17735,0,2.2124099066360543,7.294381177324718,-4.830063212012259,9.20012040383303,-7.042473118648314,1.9057392265083113,ISO
17736,0,2.22630627372074,1.9329170748580127,1.639527875995874,2.5455827548354204,-0.586778397724866,0.6126656799774076,ISO
17737,0,3.6530280410384677,2.176272024448463,2.7786330312153398,2.564892028814347,-0.874395009823128,0.38862000436588373,ISO
17738,0,2.3038646056936174,2.8298610910115425,-0.3787174694289731,6.364557472349741,-2.6825820751225904,3.5346963813381986,ISO
17739,0,6.894395674611033,0.2422628055500334,8.469103910686135,-3.4926221133462194,1.5747082360751024,-3.734884918896253,ISO
17742,0,4.63770688940047,0.6166480074549506,4.226608217763934,0.2697835032615774,-0.41109867163653635,-0.3468645041933732,ISO
17743,0,7.295086682970588,4.991375098874495,11.024905438173395,-2.786394011239816,3.729818755202807,-7.777769110114311,ISO
17744,0,0.22374678325808503,7.477853019412692,-2.0726017817584976,9.303155724938598,-2.2963485650165825,1.8253027055259055,ISO
17745,0,2.2228540500168994,3.233242254570124,-1.4464504823078397,8.317090273269232,-3.6693045323247393,5.083848018699108,ISO
17746,0,12.303318164317435,0.10975306123377526,11.897231837751969,-4.796208775920471,-0.40608632656546756,-4.905961837154246,ISO
17749,0,1.7680839576720495,2.8527980421337547,1.703001112604421,2.809409478755336,-0.06508284506762833,-0.043388563378418885,ISO
17750,0,0.5596224688871038,4.45625299299039,-1.1503350749348118,6.674016110431892,-1.7099575438219154,2.217763117441503,ISO
17751,0,3.2360554373306325,3.861692821881388,4.347101137480787,0.8629481166214529,1.1110457001501544,-2.998744705259935,ISO
17752,0,2.5393998175002483,1.1551779561962936,0.22904390510788775,3.4157417153043803,-2.3103559123923607,2.2605637591080865,ISO
17753,0,5.971523770887248,0.5625348479822219,5.391680158351941,-0.19905079236292791,-0.579843612535306,-0.7615856403451498,ISO
17756,0,1.4231379306404073,5.223656566224204,-3.076610324043803,7.847824195555721,-4.49974825468421,2.6241676293315175,ISO
17757,0,4.783644593660112,0.7063931135714687,3.9285371403892233,3.494786982932841,-0.8551074532708884,2.7883938693613723,ISO
17758,0,2.439045462805423,6.027526143714824,-3.5791356791362086,11.073827101243564,-6.018181141941631,5.046300957528739,ISO
17759,0,2.0773562356421267,2.603439957655194,2.0638669094366713,3.4330335192914685,-0.013489326205455407,0.8295935616362744,ISO
17760,0,1.8787417629626466,1.7036048189574609,5.44516680451868,0.9234493411170674,3.5664250415560326,-0.7801554778403935,ISO
17763,0,0.7604239171456124,2.8591939284674384,3.3762821921264456,2.4232175493041197,2.615858274980833,-0.4359763791633185,ISO
17764,0,0.0,5.554447869274974,0.8454747238395326,6.6032646153038295,0.8454747238395326,1.048816746028855,ISO
17765,0,4.223532920911719,1.9472709677467148,1.8583544852010836,2.1428872293468606,-2.3651784357106354,0.19561626160014597,ISO
17766,0,1.952027814679783,1.741679989822042,-0.03365565197720795,5.662563445170403,-1.985683466656991,3.920883455348361,ISO
17767,0,14.795484605438874,0.5143624504958263,16.93361871338247,-13.030515412561009,2.138134107943592,-13.544877863056834,ISO
17770,0,8.860110772242503,0.0,8.031036145302174,-4.584882575489614,-0.8290746269403297,-4.584882575489614,ISO
17771,0,1.812115481347866,5.897417246990699,-2.691366779990291,13.810678934771063,-4.503482261338157,7.9132616877803645,ISO
17772,0,3.219913883426703,0.7561275346306372,2.9905268785387977,0.059470704971081395,-0.2293870048879049,-0.6966568296595559,ISO
17773,0,2.1933265585738915,6.6892258261490145,-2.5882934101180783,5.411886221155756,-4.78161996869197,-1.277339604993258,ISO
17774,0,0.03484802350987296,5.20977951470095,-1.6465691108335243,7.326796942915679,-1.6814171343433972,2.117017428214729,ISO
17777,0,0.6349028394570446,2.8769034912891485,0.2083274941968463,0.7936285493211366,-0.42657534526019836,-2.083274941968012,ISO
17778,0,0.982263819915016,3.8485418517980694,0.15297551293762496,2.7777132612348776,-0.829288306977391,-1.0708285905631918,ISO
17779,0,3.1809304260892337,1.241338702864075,3.559150812118016,-0.3200326343320806,0.37822038602878244,-1.5613713371961557,ISO
17780,0,1.1676968485772499,2.1837447557809653,-0.9553883306541292,6.596728949754784,-2.123085179231379,4.412984193973818,ISO
17781,0,0.4661748080492578,7.326860662359403,-2.656316830771363,7.115762636072928,-3.122491638820621,-0.21109802628647523,ISO
17784,0,4.046815837560515,2.5573627862362134,3.063214765931251,0.47774909193422593,-0.9836010716292637,-2.079613694301987,ISO
17785,0,1.0003747260999611,7.502810445748386,4.187615132511004,4.327202303594307,3.1872404064110427,-3.1756081421540787,ISO
17786,0,2.0790631585815116,2.1902887596577845,11.079781030300396,-0.8384699158065291,9.000717871718885,-3.0287586754643137,ISO
17787,0,7.474335126112867,3.717075264330455,-0.3917998251592518,5.113490025795223,-7.866134951272119,1.396414761464768,ISO
17788,0,0.7359502674896611,11.712835613095118,-9.829301877655952,17.13890961916179,-10.565252145145614,5.426074006066672,ISO
17791,0,7.503666522945883,1.648692926168595,6.816711137042282,-2.314511223274704,-0.6869553859036013,-3.963204149443299,ISO
17792,0,3.321671007075341,2.4202145685769736,0.2057672305268206,3.155097534744063,-3.1159037765485205,0.7348829661670891,ISO
17793,0,3.816939743225169,2.065092019130791,3.619711853757534,0.5336754656178562,-0.1972278894676349,-1.5314165535129347,ISO
17794,0,6.181066965908448,0.7355588327953823,5.576010506673663,0.2135493385535329,-0.6050564592347851,-0.5220094942418494,ISO
17795,0,0.8113461443054887,13.46834599547185,-4.928927826656023,9.857855653312274,-5.7402739709615105,-3.6104903421595744,ISO
17798,0,6.1495122325744145,0.9118625733653984,5.637979569467168,0.24464605626881475,-0.511532663107246,-0.6672165170965837,ISO
17799,0,4.045450923728421,0.1498315156935085,4.170310520139677,0.09988767712900566,0.12485959641125709,-0.04994383856450283,ISO
17800,0,1.0868448428166682,6.132910184466094,2.3548304927695947,10.234455603191394,1.2679856499529265,4.101545418725301,ISO
17801,0,0.16408361791818793,15.025371297950516,-11.896062299079551,15.974712230192527,-12.06014591699774,0.9493409322420104,ISO
17802,0,9.439192475533602,1.2066829090586002,12.630699608838487,-8.593386698156028,3.1915071333048863,-9.800069607214628,ISO
17805,0,6.05178446183857,1.3562572987483998,4.0893212492560505,-1.2843345632085528,-1.962463212582519,-2.6405918619569526,ISO
17806,0,16.346403168108488,0.07384033051651535,17.029426225386885,-10.688387842275251,0.6830230572783966,-10.762228172791767,ISO
17807,0,2.211587389009199,2.220958522013253,-0.5810102462649949,5.57582413754412,-2.7925976352741935,3.354865615530867,ISO
17808,0,10.232583815452365,0.06216636582893704,7.2734648019921355,2.1260897113516255,-2.95911901346023,2.0639233455226886,ISO
17809,0,3.9806064952472733,2.812385023815861,2.055204440480992,1.9794863821473083,-1.9254020547662813,-0.832898641668553,ISO
17812,0,0.4739126637546692,12.596099747167665,-6.4352351183549805,13.48156814523592,-6.90914778210965,0.8854683980682554,ISO
17813,0,2.482343272361545,4.1676038425883615,4.2928596957810585,-0.22773791489559975,1.810516423419513,-4.395341757483962,ISO
17814,0,1.271720935522787,4.023461925318368,5.185551745709966,1.8418027342057166,3.9138308101871786,-2.181659191112651,ISO
17815,0,8.00024473986123,0.490436459148555,13.940656351298474,-6.921284529734353,5.940411611437243,-7.411720988882909,ISO
17816,0,2.7575062742718415,2.2782815371477527,0.581354599134243,2.875348422745069,-2.1761516751375987,0.5970668855973162,ISO
17819,0,0.1685585113058426,6.2125851309857,-2.263500008963911,5.45808512799773,-2.4320585202697536,-0.7545000029879704,ISO
17820,0,2.57795955624269,1.1863966123884917,-0.24976770787125074,4.66530397202419,-2.827727264113941,3.4789073596356985,ISO
17821,0,3.6094942755160915,0.30007672124254475,1.8604756717031148,2.2034204959800583,-1.7490186038129767,1.9033437747375135,ISO
17822,0,2.7601530706614392,2.0198471146231514,6.260612097361166,-0.758585115446625,3.5004590266997266,-2.7784322300697766,ISO
17823,0,3.2599905720885802,1.466031263187699,0.771595401677921,1.8518289640264403,-2.488395170410659,0.3857977008387412,ISO
17826,0,1.2558335962470912,3.592776114480485,0.38221022494463736,3.2433267659596523,-0.8736233713024539,-0.3494493485208326,ISO
17827,0,5.207459160863408,3.0312075712486712,-0.04857704441099392,4.537095947990808,-5.256036205274402,1.505888376742137,ISO
17828,0,2.562532926412946,5.104647263770827,2.674835166216034,3.32823001597857,0.11230223980308819,-1.776417247792257,ISO
17829,0,1.9161252970102627,4.289308004316969,-1.907335731427854,4.517836709464992,-3.8234610284381167,0.22852870514802215,ISO
17830,0,5.23293787543761,3.46536774862315,5.349225383780563,3.88400277865813,0.11628750834295225,0.4186350300349806,ISO
17833,0,2.5990072925672276,0.0,1.6773146105385206,3.736591954170005,-0.921692682028707,3.736591954170005,ISO
17834,0,4.534281952073566,0.09052105530465887,3.135320188275874,-1.0697942899628745,-1.3989617637976917,-1.1603153452675334,ISO
17835,0,0.09310687161972848,5.577948036120844,-1.03263984887218,5.103949416966458,-1.1257467204919085,-0.4739986191543865,ISO
17836,0,6.386825412504424,0.0073921590422438765,9.129316417179423,-4.087863950364562,2.7424910046749993,-4.095256109406805,ISO
17837,0,0.9259293775744897,4.37640124614323,-1.3849371032098898,3.869909962683714,-2.3108664807843793,-0.5064912834595161,ISO
17840,0,1.2780073443534536,5.937644741464587,-0.6785879704529928,3.7548534365070574,-1.9565953148064463,-2.18279130495753,ISO
17841,0,0.13447438104295492,8.34775580781328,-6.992667814227775,12.7440336495985,-7.12714219527073,4.39627784178522,ISO
17842,0,0.2680943227582887,4.52938303186247,-2.666833000068508,5.312500658866649,-2.9349273228267965,0.7831176270041794,ISO
17843,0,2.722494911402874,3.0076210676646076,3.4031186392535924,2.133847362991357,0.6806237278507185,-0.8737737046732508,ISO
17844,0,0.11507097761882874,10.262239004015731,-6.360286762937334,12.877488495355127,-6.475357740556163,2.6152494913393958,ISO
17847,0,0.9581439373226689,4.4678668381672715,-2.364116019263336,6.342496280754906,-3.3222599565860045,1.8746294425876349,ISO
17848,0,5.110729679894021,0.35185746505302795,5.189897609530862,-1.0027937754007896,0.07916792963684129,-1.3546512404538178,ISO
17849,0,3.54125801155161,1.4124092647227606,17.051259674118352,-1.2588865185573697,13.51000166256674,-2.6712957832801303,ISO
17850,0,3.8724144406260215,1.8621446490441143,3.3927711219327725,-0.5008040533414593,-0.47964331869324894,-2.3629487023855735,ISO
17851,0,9.678069288621597,0.7716732987605576,7.856062888770301,-4.533580630218124,-1.8220063998512963,-5.305253928978681,ISO
17854,0,2.0773791401430897,2.7497675574841836,3.371977734725247,0.49174675298075565,1.294598594582157,-2.258020804503428,ISO
17855,0,3.806279296990094,3.391990393916334,0.0,3.763124202919755,-3.806279296990094,0.371133809003421,ISO
17856,0,6.722443174500295,0.9043645526232136,4.461531792941918,-1.5876622146055932,-2.2609113815583766,-2.492026767228807,ISO
17857,0,0.36016083490791123,2.2767309920966374,-0.7331845567768088,2.0580619137598686,-1.09334539168472,-0.21866907833676852,ISO
17858,0,4.233186672285945,1.6607116945122067,2.463931729766501,-0.7923657104535704,-1.7692549425194437,-2.4530774049657773,ISO
17861,0,0.3552376983270606,4.3738641606528645,-3.0861275042169227,5.1065419134524115,-3.441365202543983,0.7326777527995467,ISO
17862,0,1.8084598408983585,9.48389986331564,-8.695327258272764,12.270189734467232,-10.503787099171124,2.786289871151592,ISO
17863,0,0.9344707856996881,4.049373404698911,13.83247496362966,2.2611885678661063,12.898004177929971,-1.7881848368328046,ISO
17864,0,3.2724138465705868,0.9439655326647207,3.964655237191398,3.104597751874806,0.6922413906208111,2.1606322192100853,ISO
17865,0,1.007447867093045,7.4630677522816065,0.9411684021527725,5.222821837298289,-0.06627946494027241,-2.2402459149833174,ISO
17868,0,5.517503744527271,1.0941490476436369,5.452041835693954,-0.8977633211434751,-0.06546190883331637,-1.991912368787112,ISO
17869,0,2.866877721534748,1.3930603013089473,2.3217671688483987,2.4529974870877687,-0.5451105526863493,1.0599371857788213,ISO
17870,0,1.7592066595300473,2.4318444999382143,2.2248790105819456,1.759206659529753,0.4656723510518983,-0.672637840408461,ISO
17871,0,8.64632600192264,0.8711663478007143,7.43758269434919,0.0,-1.2087433075734508,-0.8711663478007143,ISO
17872,0,6.61621603877207,2.0302467989012443,10.473684956684352,-3.3439359040724934,3.8574689179122825,-5.374182702973738,ISO
17875,0,1.8212354346812343,2.4875410815156904,1.5658182700613004,4.497563116133211,-0.2554171646199338,2.0100220346175206,ISO
17876,0,1.6832407609412314,4.74580381209795,-2.524861141411847,7.364178329117555,-4.208101902353079,2.6183745170196047,ISO
17877,0,3.1921992878482315,1.680790645438378,3.7915509908728335,0.5732929333279061,0.5993517030246022,-1.1074977121104719,ISO
17878,0,2.9313888685665157,2.371167884795943,2.4884234395387934,0.4429654290277224,-0.4429654290277224,-1.9282024557682207,ISO
17879,0,0.5717804305067475,7.034229017167036,2.8057132752782312,3.1514409774455237,2.2339328447714837,-3.882788039721512,ISO
17882,0,4.759550476518392,1.0464259912915008,13.806071949617213,-3.8650250323500672,9.046521473098823,-4.911451023641568,ISO
17883,0,0.3219819334964463,3.6337961066032,1.1499354767731347,3.127824496822958,0.8279535432766884,-0.505971609780242,ISO
17884,0,12.766788311986373,1.5678511962089159,11.040834474143097,8.708820510033867,-1.7259538378432775,7.140969313824952,ISO
17885,0,4.653450573305682,1.9524427778546107,8.04128606531439,0.1543433025972392,3.387835492008707,-1.7980994752573713,ISO
17886,0,1.508620412133355,2.514367353555534,-0.12190872017228034,4.7696786767448,-1.6305291323056355,2.255311323189265,ISO
17889,0,5.970158768575424,0.14214663734712113,8.396128045964769,-3.942200075757631,2.4259692773893446,-4.084346713104752,ISO
17891,0,5.848899720931842,2.006777662871467,6.1110917773874,8.601916313715316,0.2621920564555582,6.59513865084385,ISO
17892,0,5.182709515844414,0.24336201204833002,7.183686059353065,-2.109137437752262,2.0009765435086506,-2.352499449800592,ISO
17893,0,0.903023637087376,2.436282520891814,2.1634941305217135,1.6367303422208155,1.2604704934343376,-0.7995521786709984,ISO
17896,0,0.6844489519476015,6.006629595541083,-1.1564827119116312,6.3606549155139716,-1.8409316638592328,0.3540253199728881,ISO
17898,0,0.9479859950370612,4.073523978674064,1.2107939936613872,7.227219962163628,0.2628079986243259,3.1536959834895635,ISO
17899,0,3.594869796653279,2.3097472606517657,6.755576574387264,-0.9464753812444204,3.160706777733985,-3.256222641896186,ISO
17900,0,0.43632826358056653,15.65460672504602,-5.491350829451974,9.450231659987086,-5.927679093032541,-6.204375065058935,ISO
17903,0,4.429329992645062,4.22283442189233,-1.827485801161246,4.7597229058492925,-6.256815793806308,0.536888483956963,ISO
17904,0,3.747487719906836,4.934192164544058,4.584426644019453,-0.6995310410492079,0.8369389241126176,-5.633723205593266,ISO
17905,0,12.222588114664932,1.861003101938111,14.815985985753056,-7.311941219873355,2.593397871088123,-9.172944321811466,ISO
17906,0,1.5322805400767694,3.9542723614885533,-2.9360472284052777,6.900205270797543,-4.468327768482047,2.9459329093089903,ISO
17907,0,2.0967606614759204,4.808988382788211,-0.5737404795082915,4.5169023204930845,-2.670501140984212,-0.29208606229512596,ISO
17910,0,0.1984567188897866,8.335182193367586,-3.7006341110609924,7.2845289757161185,-3.899090829950779,-1.050653217651468,ISO
17911,0,3.8210330208475436,3.146092715170639,0.010886133962518741,4.757240541624898,-3.8101468868850246,1.611147826454259,ISO
17912,0,7.568985961991457,1.0452409185608746,7.532943171696292,-4.229020727969838,-0.03604279029516489,-5.2742616465307135,ISO
17913,0,0.7601754797594366,8.425278234000002,-1.2194481654473543,7.174156090229367,-1.979623645206791,-1.2511221437706344,ISO
17914,0,1.848154597867883,4.030313038723618,-0.3674042272868897,4.6760538018342235,-2.2155588251547726,0.6457407631106055,ISO
17917,0,3.267312501932464,1.9161682342159057,2.9725173889761494,-1.8424694559768968,-0.29479511295631466,-3.7586376901928022,ISO
17918,0,2.190786092569925,4.662099672603447,3.6468573370218915,3.2327453317193844,1.4560712444519661,-1.4293543408840625,ISO
17919,0,0.1815158229170534,11.23747958242081,0.6765589763275742,5.775503456456952,0.4950431534105208,-5.46197612596386,ISO
17920,0,5.84059979116936,4.197931099903137,4.773567137013394,0.5335163270781422,-1.0670326541559654,-3.664414772824995,ISO
17921,0,20.275773217368886,1.5596748628743606,21.78023835058402,-16.314475114315727,1.5044651332151358,-17.87414997719009,ISO
17924,0,5.281669144834408,2.359634594798818,5.697356068270634,-2.885356292085384,0.41568692343622543,-5.244990886884202,ISO
17925,0,4.44228470256546,1.7017707567043998,4.72959664850252,-1.0276927296978031,0.2873119459370608,-2.729463486402203,ISO
17926,0,1.0913106637827226,4.671790594396302,12.470370169294055,5.24810072021426,11.379059505511332,0.5763101258179583,ISO
17927,0,3.31899341861343,1.5578948699612436,-0.5418764765083256,5.238139272913472,-3.8608698951217555,3.680244402952228,ISO
17928,0,2.7027061346937025,7.074730764345599,-2.689457575210223,7.008487966926695,-5.392163709903925,-0.06624279741890422,ISO
17931,0,5.210386197926453,3.0988086335036518,6.115348011250644,-1.494558146247542,0.9049618133241911,-4.593366779751194,ISO
17932,0,2.650477812327049,1.9233555806268332,1.0437722358280301,2.251733362685021,-1.6067055764990188,0.3283777820581878,ISO
17933,0,4.545609025758755,0.933204501976734,1.2191865267765305,9.332045019768708,-3.3264224989822244,8.398840517791974,ISO
17934,0,6.333777938267624,1.412827593034875,5.938665136825427,-2.418569269433169,-0.3951128014421965,-3.831396862468044,ISO
17935,0,4.093837781680089,0.5611491040309788,4.361658944967325,-1.543160036085047,0.2678211632872359,-2.1043091401160257,ISO
17938,0,1.9035565950906586,4.969024358612639,3.3621259341857153,0.8034492122133214,1.4585693390950565,-4.165575146399318,ISO
17939,0,1.3803949995653666,6.4781695155034535,-1.0655680698396954,5.6668847350574,-2.445963069405062,-0.8112847804460535,ISO
17940,0,9.637945523042056,4.016933938274972,5.324459414827593,8.114745741078897,-4.313486108214464,4.097811802803925,ISO
17941,0,8.313162275839707,4.628205321496227,10.426038618261655,-4.062256301204521,2.112876342421948,-8.690461622700749,ISO
17942,0,1.787589028492919,4.710690584518706,4.789389472565485,4.474593920378113,3.0018004440725665,-0.2360966641405935,ISO
17945,0,3.988578802683608,0.3599800363432883,2.8798402907463063,-0.8639520872240883,-1.1087385119373017,-1.2239321235673766,ISO
17946,0,10.99075080341713,0.32356436363330665,13.54795303213247,-7.4419803635674775,2.5572022287153406,-7.765544727200784,ISO
17947,0,2.3032594924385275,1.5699347213033592,2.7886998338942055,6.992406620542001,0.485440341455678,5.422471899238642,ISO
17948,0,3.2210099561348877,3.4765008308424483,-1.5511945964389513,9.38016497140703,-4.7722045525738395,5.903664140564582,ISO
17949,0,8.186490675728606,0.9574213799470822,10.746786051317672,-4.378320243129594,2.5602953755890656,-5.335741623076676,ISO
17952,0,2.3799053538020574,6.299749465946841,-1.376611920336583,5.798102749213971,-3.7565172741386403,-0.5016467167328699,ISO
17953,0,3.114826468935446,1.9321292006552266,5.164054409024493,0.2693271006974388,2.0492279400890463,-1.662802099957788,ISO
17954,0,2.2299059520610522,6.113863022409374,-3.8226959178192255,12.705563034546255,-6.052601869880278,6.591700012136881,ISO
17955,0,1.1534691256961513,13.4051817310617,-9.67459239660349,13.820846280862163,-10.828061522299642,0.41566454980046175,ISO
17956,0,3.1749807330393676,4.333801594059433,-2.854656267391353,17.570739071567484,-6.0296370004307205,13.23693747750805,ISO
17959,0,3.108518141754785,3.1364389633875,3.294656952638352,0.6142580759157075,0.18613881088356696,-2.5221808874717926,ISO
17960,0,2.169807706057622,5.3674190623526,2.866430180107553,3.8599737086706076,0.696622474049931,-1.5074453536819925,ISO
17961,0,3.3039295010519036,2.202619667367936,2.391733477192282,0.5117197207016775,-0.912196023859622,-1.6908999466662584,ISO
17962,0,2.9501876503506623,4.582463604437972,1.0398202374188068,2.8292783204180956,-1.9103674129318555,-1.7531852840198765,ISO
17963,0,8.77505411246365,1.893564308478817,8.717323493302757,-4.34134256090298,-0.05773061916089152,-6.234906869381797,ISO
17966,0,2.5138730936365126,4.725597978902725,-1.1602491201398866,5.329894395642226,-3.674122213776399,0.6042964167395013,ISO
17967,0,3.7999932610537877,0.9184273742727818,6.830803596154254,-0.5854974510989212,3.0308103351004667,-1.503924825371703,ISO
17968,0,2.2119210817852224,1.958094072399979,4.411755163123816,0.3021750111728566,2.1998340813385937,-1.6559190612271222,ISO
17969,0,1.4263200884909968,4.047183251093401,-0.1961190121675475,3.6727742278644278,-1.6224391006585441,-0.3744090232289728,ISO
17970,0,2.290651859720916,3.583597576096703,-0.997706143344897,2.9116730305784846,-3.2883580030658126,-0.6719245455182187,ISO
17973,0,2.7363424547508153,1.2491998162991325,0.594857055380565,4.0926165410180815,-2.1414853993702505,2.8434167247189492,ISO
17974,0,3.534775516220241,1.6371591864598745,0.03720816332860146,2.7906122496476478,-3.4975673528916396,1.1534530631877733,ISO
17975,0,5.383095294640319,7.056830806419266,13.763081877263277,5.858074291226056,8.379986582622958,-1.19875651519321,ISO
17976,0,3.0941190103317955,6.568902504584404,-4.255633717680129,11.878684023891674,-7.349752728011924,5.30978151930727,ISO
17977,0,1.8631489027369668,2.395477160661474,0.7662300682251388,1.2259681091601489,-1.096918834511828,-1.1695090515013251,ISO
17980,0,5.820276925018238,0.11192840240409412,7.532781481802405,-2.675088817460394,1.7125045567841668,-2.7870172198644885,ISO
17981,0,4.841302233823202,0.7155091593174188,3.400991588443991,0.31593910930892155,-1.4403106453792114,-0.39957005000849727,ISO
17982,0,0.5687957213833762,7.8885439391871675,-4.438471530795589,8.569233900842812,-5.007267252178965,0.6806899616556443,ISO
17983,0,2.5504027740480635,11.346138136136506,-9.561757396696457,13.211627091005575,-12.11216017074452,1.8654889548690687,ISO
17984,0,5.42117834926913,0.0,2.544295360239768,1.0892244842856265,-2.8768829890293617,1.0892244842856265,ISO
17987,0,6.883098430609475,0.8939088870919959,2.989628611274786,3.4663800177239406,-3.893469819334689,2.572471130631945,ISO
17988,0,3.7401222534915477,0.6123625855841257,4.540904096178778,-1.6015636853742463,0.8007818426872302,-2.213926270958372,ISO
17989,0,2.1384968377222227,5.681568521522182,-1.1135368149084273,4.340262812654815,-3.25203365263065,-1.341305708867368,ISO
17990,0,0.0,14.52088882626665,4.543085100615323,5.675318147497971,4.543085100615323,-8.845570678768679,ISO
17991,0,3.947314195585334,6.582832132818682,3.3152669074705274,-1.3237216788821737,-0.6320472881148067,-7.906553811700856,ISO
17994,0,9.087924734263662,0.2880483275516687,3.3413605996026314,1.5842658015354878,-5.74656413466103,1.296217473983819,ISO
17995,0,4.835558917539668,1.013744007869955,4.825421477460978,-1.9261136149527764,-0.010137440078690331,-2.9398576228227316,ISO
17996,0,5.215127613135976,3.3946237481830708,9.786919273995288,-4.530727663905523,4.571791660859312,-7.9253514120885935,ISO
17997,0,0.0,10.92854220888253,-8.95337370638346,16.53932306488291,-8.95337370638346,5.610780856000381,ISO
17998,0,0.7523285844118747,3.820265928637092,-1.348329151283758,4.279479480161261,-2.100657735695633,0.45921355152416876,ISO
18001,0,2.5553761276879103,4.234012328721656,3.956021620270003,-0.6415170195031781,1.4006454925820928,-4.875529348224834,ISO
18002,0,1.2388019107254626,12.469826780605148,-7.397751032917711,12.890551957832567,-8.636552943643172,0.4207251772274203,ISO
18003,0,1.3004118364394694,3.628568511355067,-1.7303867178426868,3.8383123559421244,-3.030798554282156,0.20974384458705736,ISO
18004,0,1.5720868697854262,2.9944511805435647,0.4170842715755814,3.1869516135785796,-1.1550025982098449,0.19250043303501466,ISO
18008,0,0.0,8.544700162366821,-6.140988748676197,9.63130943156971,-6.140988748676197,1.0866092692028881,ISO
18009,0,0.963314275109378,9.4817647935758,-0.06880816250774566,6.481728908235274,-1.0321224376171236,-3.000035885340527,ISO
18010,0,4.638726024790863,1.7210345831107534,9.613591616595551,-3.079038433846905,4.974865591804689,-4.800073016957659,ISO
18011,0,7.018155414479898,2.1900626825327723,4.405012441003394,0.7590558161052708,-2.6131429734765033,-1.4310068664275013,ISO
18012,0,8.915144327765882,9.154655667914597,10.165925770765936,-5.801496905829868,1.2507814430000535,-14.956152573744465,ISO
18015,0,3.996575773928979,3.7664698960357694,-0.6903176336785267,3.64536153925016,-4.6868934076075055,-0.12110835678560981,ISO
18016,0,1.6624578826401946,6.636637420381406,-0.4090174155704375,4.499191571272413,-2.071475298210632,-2.137445849108993,ISO
18017,0,4.3504110511815055,4.165941324629802,7.455651448137967,14.680715738086656,3.105240396956462,10.514774413456854,ISO
18018,0,2.4319729494394546,5.899093359409434,1.471655425814406,3.8786850629522243,-0.9603175236250487,-2.0204082964572097,ISO
18019,0,16.670416362883895,2.68386786257195,17.223791179909213,-11.081330710929489,0.5533748170253194,-13.76519857350144,ISO
18022,0,0.24877268046599302,5.757310605069008,1.3386339472692883,4.371291385330327,1.0898612668032954,-1.3860192197386807,ISO
18023,0,4.322485381576241,4.133376646132148,6.53775913963386,-2.647522296215459,2.21527375805762,-6.780898942347607,ISO
18024,0,1.7244223814542137,8.086577006197643,-6.908400223837568,11.310497110655255,-8.632822605291782,3.223920104457613,ISO
18025,0,6.618120137400584,3.1608931999523753,4.123977846813132,-0.4198061281188634,-2.4941422905874515,-3.5806993280712387,ISO
18026,0,4.739911582596268,2.1594439588335894,4.739911582596268,1.2494895862433193,0.0,-0.9099543725902702,ISO
18029,0,24.088335555238487,0.6992907789353124,26.409385800215052,-20.01161909931795,2.3210502449765658,-20.710909878253265,ISO
18030,0,2.4589767356508525,2.9072984609354857,-0.8694724369153807,5.51571577168101,-3.3284491725662333,2.608417310745524,ISO
18031,0,3.8043362377508303,4.273180492403418,0.05358220053165465,4.474113744397123,-3.750754037219176,0.20093325199370493,ISO
18032,0,1.0634154905252238,8.4630149454317,-6.314029474994823,10.999703980122543,-7.377444965520047,2.536689034690842,ISO
18033,0,2.5695325803222837,13.790736029494749,-9.62207944971688,14.501457807030635,-12.191612030039165,0.7107217775358847,ISO
18036,0,2.1599318037550432,1.1574754163661456,2.728334910006284,0.7957643487517839,0.5684031062512406,-0.3617110676143618,ISO
18037,0,0.344901642670939,9.410887678601352,-0.443444969149097,4.286634701771492,-0.788346611820036,-5.12425297682986,ISO
18038,0,5.294003971398565,1.4964813657753975,4.054981765326576,1.013745441331827,-1.239022206071989,-0.4827359244435704,ISO
18039,0,11.65373147211668,1.1048684465662717,12.86382548502281,-7.576240776455161,1.2100940129061304,-8.681109223021434,ISO
18040,0,4.14602477313004,1.184578506608442,5.027235613411853,-2.528063886054798,0.8812108402818136,-3.71264239266324,ISO
18043,0,1.2094569589829234,1.9474306966670318,-0.8814686311225945,2.0909255901055177,-2.0909255901055177,0.143494893438486,ISO
18044,0,0.8913968220486009,10.86655173544782,-5.093696125990994,8.814924129145775,-5.985092948039595,-2.0516276063020444,ISO
18045,0,2.7888050984376482,3.1261605538937616,0.6522205472151699,4.396866102778771,-2.1365845512224784,1.2707055488850094,ISO
18046,0,9.386927848612418,0.5165960292525954,15.686879424862324,-8.88293172251231,6.299951576249906,-9.399527751764905,ISO
18047,0,7.127454222514848,1.9848606695610793,9.593493236211959,-2.285597134646271,2.4660390136971126,-4.27045780420735,ISO
18050,0,3.3847883412122806,3.60595348850742,11.0390256128174,-1.2596797519852063,7.654237271605118,-4.865633240492627,ISO
18051,0,1.6907751303284788,5.917712956149676,1.183542591230012,5.588011805735538,-0.5072325390984668,-0.32970115041413794,ISO
18052,0,3.518114128802492,5.032490323343559,-4.179413777073645,7.862852817944076,-7.697527905876138,2.830362494600517,ISO
18053,0,1.7513093532291202,4.654164582553842,3.5266092455435483,4.630174043468535,1.7752998923144283,-0.023990539085307995,ISO
18054,0,16.261245984707454,0.0,14.331222690784855,-5.9606796757057925,-1.930023293922597,-5.9606796757057925,ISO
18057,0,1.7624541094077992,2.6970888643967346,1.6734412755994064,2.5457670469222644,-0.08901283380839294,-0.15132181747447038,ISO
18058,0,4.668303724423893,2.7585431098868343,7.18114663828839,-3.406298172127379,2.5128429138644974,-6.164841282014213,ISO
18059,0,1.159335807715575,4.720152931413548,1.9322263461925555,2.98114921984008,0.7728905384769804,-1.7390037115734673,ISO
18060,0,2.161163603251674,2.6481863870828,6.869050513621147,-0.2638040079086323,4.707886910369473,-2.9119903949914323,ISO
18061,0,1.2275568114326776,6.009756659651615,-2.2291829213745564,12.072230482984338,-3.4567397328072342,6.062473823332722,ISO
18064,0,7.823827471695732,0.0,6.611339025820351,-3.4326531001470073,-1.2124884458753802,-3.4326531001470073,ISO
18065,0,4.9829157856096815,5.785249683292674,3.237487657316994,2.1817851603657794,-1.7454281282926873,-3.6034645229268953,ISO
18066,0,2.601143573158183,1.6020884291423305,11.664643843643246,-0.5940327883337558,9.063500270485063,-2.1961212174760862,ISO
18067,0,2.69636024070041,0.5827468101685308,5.781218354846578,-0.8417453924656323,3.0848581141461677,-1.424492202634163,ISO
18068,0,1.5372955760485274,1.6429113026473183,1.7191893274130154,1.4404811599996912,0.18189375136448807,-0.2024301426476271,ISO
18071,0,1.9521573328522939,1.6491358961110445,7.540571906599843,-0.39625880189245377,5.588414573747549,-2.0453946980034985,ISO
18072,0,2.4047687480785056,2.331429091234999,1.0035953041739771,7.0251671292181035,-1.4011734439045285,4.693738037983104,ISO
18073,0,2.2018634501664347,1.6054472856409012,3.4172020495768476,-0.7089475163227765,1.2153385994104131,-2.3143948019636778,ISO
18074,0,1.1427319030693435,4.431260379680133,2.475919123317031,1.4601574316997246,1.3331872202476875,-2.971102947980408,ISO
18075,0,0.7451769366906573,5.142336711873334,-0.5727392984482131,3.541130071050538,-1.3179162351388705,-1.6012066408227958,ISO
18078,0,3.9098012743201793,0.5174736980718442,3.490072608106382,3.375078452979291,-0.41972866621379723,2.857604754907447,ISO
18079,0,2.3675782262103575,2.0529498905014463,18.696788849508415,-0.9989449658761197,16.329210623298057,-3.051894856377566,ISO
18080,0,0.08311600734157545,7.288234893760655,-2.68049123676448,5.750588757942277,-2.7636072441060553,-1.5376461358183782,ISO
18081,0,1.9139065210057702,1.466124617977935,1.4011240191513854,0.2022240852383189,-0.5127825018543848,-1.2639005327396162,ISO
18082,0,1.3210373329629823,22.18706074879878,-9.565583579647132,17.95337483833936,-10.886620912610114,-4.2336859104594184,ISO
18085,0,1.9654965186609061,6.76920036542702,-4.204189464626136,9.690884379652715,-6.169685983287042,2.921684014225695,ISO
18086,0,3.068144274466048,0.41101555374924986,6.061032179935826,-2.344525341808955,2.992887905469779,-2.755540895558205,ISO
18087,0,12.891473505267248,2.977993573214486,18.4998964150342,-6.106071703168721,5.608422909766952,-9.084065276383207,ISO
18088,0,0.8262179209067976,9.757240208802289,-6.287124940994453,13.636530066011677,-7.113342861901251,3.8792898572093897,ISO
18089,0,1.8594751517509145,3.3441723659397957,6.573028443398688,0.4396433498326847,4.713553291647774,-2.904529016107111,ISO
18092,0,0.8699586485447862,6.545805365264342,-0.1351392075410104,4.5271634526216395,-1.0050978560857966,-2.0186419126427024,ISO
18093,0,1.2933196741870336,6.525385628853156,-0.5878725791758637,12.805824349716108,-1.8811922533628973,6.280438720862953,ISO
18094,0,14.688906356575508,1.4100603050495142,21.347005677769502,-13.549652335277193,6.658099321193993,-14.959712640326707,ISO
18095,0,3.381448751912807,3.0474785048104462,20.26781937103327,-1.8298786455824003,16.886370619120463,-4.877357150392847,ISO
18096,0,2.251995847020416,7.535764496401033,-4.528944556611815,11.241264588174232,-6.780940403632231,3.7055000917732,ISO
18099,0,1.8231449377102407,1.9326901271006374,1.651002497239719,2.4021695102019303,-0.17214244047052155,0.46947938310129306,ISO
18100,0,8.241329476693418,0.2561290696595131,4.640456085597063,2.433226161765974,-3.600873391096354,2.177097092106461,ISO
18101,0,2.8260025661652084,3.4227981391440476,-1.360342850172642,5.142973614201148,-4.186345416337851,1.7201754750571006,ISO
18102,0,7.945599957648381,11.85989819648994,-6.754291798000845,16.231573675195953,-14.699891755649226,4.371675478706015,ISO
18103,0,6.208748247793119,5.616944485043439,2.6475431491424954,2.471040272532917,-3.5612050986506234,-3.1459042125105223,ISO
18106,0,2.9067476540958954,4.8724618949954115,9.044376693499766,0.8782978523169062,6.13762903940387,-3.994164042678505,ISO
18107,0,3.8649997841229298,1.5919907577622219,5.819610658931072,-0.7075514478944995,1.9546108748081428,-2.2995422056567216,ISO
18108,0,4.475468134283116,7.327343727737882,-0.6353188203241513,29.831748163217526,-5.110786954607268,22.504404435479643,ISO
18109,0,5.451295216761135,4.925164847315003,28.33065892142468,-4.559796535199648,22.87936370466354,-9.48496138251465,ISO
18110,0,6.117660185416948,3.211355618636808,6.22858784063759,-1.7360178042025722,0.11092765522064106,-4.947373422839381,ISO
18113,0,5.021928509056417,0.2575347953361903,5.053010294700416,2.411058514958011,0.031081785643998595,2.1535237196218207,ISO
18114,0,3.7309878218441206,1.6339332999429796,4.4855111609897635,-1.6079152537654497,0.7545233391456431,-3.2418485537084294,ISO
18115,0,10.34667122787052,0.3709370660087451,10.178513091279928,-2.2107849134121342,-0.16815813659059062,-2.5817219794208794,ISO
18116,0,2.619341974978874,3.094193444126997,6.89300519731268,1.664533106906613,4.273663222333806,-1.4296603372203844,ISO
18117,0,1.329267323217882,6.280414712507117,2.046175542481497,6.048913100036624,0.7169082192636149,-0.2315016124704928,ISO
18120,0,1.827461873530478,1.9005603484717284,6.789558348952043,0.313893451218184,4.962096475421564,-1.5866668972535443,ISO
18121,0,0.531853706285961,18.900651860700798,-8.124660722145,12.343768854846617,-8.656514428430961,-6.55688300585418,ISO
18122,0,3.66507942257603,1.8635997063946137,6.229747589947626,-0.7853741619805706,2.5646681673715954,-2.6489738683751844,ISO
18123,0,0.3152309008232159,4.119253232106247,2.309331992547928,1.5230257006067505,1.9941010917247122,-2.5962275314994967,ISO
18124,0,1.758575476014816,4.030068799200685,2.25317482864396,3.485093586581578,0.49459935262914423,-0.5449752126191072,ISO
18127,0,1.8037809715189304,3.4983994058565817,1.6946184343376514,3.3060654117753705,-0.10916253718127897,-0.19233399408121096,ISO
18128,0,2.606349247372734,2.171957706144021,2.245470120813444,2.151908865779633,-0.36087912655928994,-0.020048840364388112,ISO
18129,0,2.539483754092345,2.464572728897946,4.479679306629156,1.0637365577614897,1.9401955525368113,-1.400836171136456,ISO
18130,0,6.275130268315846,2.9324458638860245,4.884877436473527,-0.9420292412483916,-1.3902528318423188,-3.874475105134416,ISO
18131,0,25.280867267200218,0.21965998415421611,35.21548927781017,-24.042783720149327,9.934622010609951,-24.262443704303543,ISO
18134,0,1.4423462372031346,1.9660006035762543,0.7900750089137906,1.9170037037986283,-0.652271228289344,-0.04899689977762586,ISO
18135,0,6.096305159857955,1.3711157916972911,10.65194795162611,-4.51878484037831,4.555642791768154,-5.8899006320756015,ISO
18136,0,2.363754738365619,5.426564762764079,-0.12440814412439283,4.247649492250899,-2.4881628824900117,-1.1789152705131811,ISO
18137,0,3.6788822338190306,1.2461416121491191,1.1057911916681944,7.234426219336534,-2.5730910421508364,5.988284607187415,ISO
18138,0,3.0668910728870284,1.0042564885726915,4.287633990134169,5.2016878000924835,1.2207429172471407,4.197431311519792,ISO
18141,0,2.310610182020278,0.5268699041419258,4.475220270121685,-0.12695660340773296,2.1646100881014068,-0.6538265075496588,ISO
18142,0,10.131665782517514,0.8544010162726591,12.33142959307042,-7.491949209853998,2.199763810552905,-8.346350226126658,ISO
18143,0,7.591713855722357,1.6280879595274695,12.361408581597246,-4.3174480704506,4.769694725874889,-5.9455360299780695,ISO
18144,0,1.5722061723003944,17.552985366695076,-9.637225809322164,14.7021178454036,-11.209431981622558,-2.850867521291473,ISO
18145,0,8.981673366564548,2.045245388704169,7.110491415196941,1.2140924754222342,-1.8711819513676058,-0.8311529132819344,ISO
18148,0,4.183564252214727,8.721177983459889,-2.203777369474224,8.742854482176009,-6.387341621688951,0.021676498716118903,ISO
18149,0,3.2467723255258987,3.6267732173258707,1.3914738537968319,4.738834650681572,-1.8552984717290668,1.112061433355702,ISO
18150,0,0.9958729394578708,4.547587618643062,3.440288336308893,1.1769407466320148,2.444415396851022,-3.3706468720110476,ISO
18151,0,14.69367621326163,0.8587213371386536,8.205559443769392,3.8710612658313073,-6.488116769492239,3.0123399286926538,ISO
18152,0,2.3319396373805845,7.77111312924459,-4.894044745463451,11.738439005826976,-7.225984382844036,3.967325876582385,ISO
18155,0,1.033201862123937,3.6811061318888596,1.7081578524561305,3.1671011854050892,0.6749559903321934,-0.51400494648377,ISO
18156,0,4.7780506179871765,0.7503309118618122,5.769053709125161,-1.6917838484427767,0.9910030911379845,-2.442114760304589,ISO
18157,0,7.890131478317677,0.22479007060713008,11.722802182172567,20.388459404085097,3.83267070385489,20.16366933347797,ISO
18158,0,4.137915223628583,0.40677810672953224,2.0970112743473406,1.41670995792026,-2.040903949281242,1.0099318511907278,ISO
18159,0,0.9703203477180821,4.710464233468298,11.555633231916216,2.3023055523132063,10.585312884198133,-2.4081586811550917,ISO
18162,0,4.344518918988056,1.8610384949644938,4.721756451751067,-0.8110606954405742,0.37723753276301125,-2.672099190405068,ISO
18163,0,2.5898610478160067,4.674988792383778,11.939838632583562,-1.0839354545172382,9.349977584767556,-5.7589242469010165,ISO
18164,0,1.1895481891618245,11.277534780365722,-7.229981201659151,22.02209017727559,-8.419529390820976,10.744555396909869,ISO
18165,0,2.150867695811519,6.395626459730991,1.2962182802572353,5.348680925677015,-0.8546494155542834,-1.0469455340539768,ISO
18166,0,2.297280830841329,3.024665877508546,5.468470314872767,0.9419374705043722,3.1711894840314376,-2.082728407004174,ISO
18169,0,0.4595794409307953,4.795348640238526,-3.1928676948876524,13.938560675598602,-3.6524471358184476,9.143212035360076,ISO
18170,0,7.496945983404418,2.9342160050727366,9.21218555287222,-4.553093800975019,1.7152395694678033,-7.487309806047755,ISO
18171,0,7.90679145215613,0.3396991883148133,11.98903859449157,-6.026732151310096,4.08224714233544,-6.366431339624909,ISO
18172,0,9.159867163500918,2.1796549837697556,6.597443499654499,-1.3290579169328074,-2.5624236638464186,-3.508712900702563,ISO
18173,0,4.917421963771206,10.637367192029858,0.2675077548292681,5.538984099991858,-4.649914208941937,-5.098383092038,ISO
18176,0,3.059234009470801,2.6948758016014054,2.117402415543872,8.015880573130618,-0.9418315939269293,5.321004771529212,ISO
18177,0,3.428933137654506,0.3288756625737207,3.9518993551898673,2.469263171455515,0.5229662175353613,2.140387508881794,ISO
18178,0,3.9331537114785693,1.320336302578576,5.665746918659597,-0.44568314011086413,1.732593207181027,-1.76601944268944,ISO
18179,0,2.483284707617819,7.490563708224087,-3.3890729821176113,7.424410631996509,-5.87235768973543,-0.06615307622757792,ISO
18180,0,0.7256407149322696,11.67828025594141,-4.331168017252004,9.546710655827829,-5.056808732184273,-2.131569600113582,ISO
18183,0,1.5200628330814232,3.87329818136677,-0.6741701268061326,2.6648800295445962,-2.1942329598875556,-1.2084181518221742,ISO
18184,0,0.08343035770814568,10.807440183126495,-7.880959943515066,11.616072880913867,-7.964390301223212,0.8086326977873723,ISO
18185,0,6.289020600612019,2.8982534695590907,5.922792493347511,-1.8627119248800876,-0.366228107264508,-4.760965394439179,ISO
18186,0,4.129544872104617,0.03294849631995376,5.755004023890502,-1.7737273852258006,1.6254591517858838,-1.8066758815457544,ISO
18187,0,5.050412167549834,1.2080236596733533,4.497341094446406,-2.1904525395280743,-0.5530710731034292,-3.398476199201428,ISO
18190,0,3.4167225069863494,2.885435897320981,-2.4732307691322393,9.178434187668362,-5.889953276118589,6.292998290347381,ISO
18191,0,1.1420286747725548,3.70439553329651,0.9308973231340926,4.779246050729554,-0.2111313516384622,1.074850517433044,ISO
18192,0,4.35619375276578,0.008524841003447572,2.8302472131473073,0.017049682006895144,-1.5259465396184722,0.008524841003447572,ISO
18193,0,13.029691022420899,0.5638815280183966,13.915790566449644,-9.012035135291054,0.8860995440287455,-9.575916663309451,ISO
18194,0,10.893716524337757,0.8036348255659783,6.089766122621519,4.625364884923775,-4.8039504017162376,3.8217300593577974,ISO
18197,0,1.3262145561192786,10.586034046165867,-7.4757451466959095,10.507092703539795,-8.801959702815187,-0.07894134262607275,ISO
18198,0,3.7030883605042564,2.1676614793196434,3.2127839782772187,-0.5096585025780876,-0.49030438222703776,-2.677319981897731,ISO
18199,0,2.1627039084971016,3.7723876394788056,3.02186025570815,12.225696067211729,0.8591563472110482,8.453308427732923,ISO
18200,0,5.5717350767317795,1.3331589780475872,4.789228720051527,-1.963511320928897,-0.7825063566802524,-3.2966702989764842,ISO
18201,0,5.061722807387073,6.248064090368341,3.2690293131041805,2.9263084980205925,-1.7926934942828927,-3.321755592347748,ISO
18204,0,1.9994349967217706,3.709590036471282,-2.2716984856372253,6.874653095111848,-4.271133482358996,3.1650630586405657,ISO
18205,0,0.061440540656494146,12.752325549603983,-11.782930352578365,16.69134687836279,-11.84437089323486,3.939021328758806,ISO
18206,0,3.054502045399691,1.9583888712130495,6.240537671701805,0.07307421161236523,3.1860356263021146,-1.8853146596006842,ISO
18207,0,2.9808896311270994,10.004972973588812,-7.73228606259986,14.807875057435213,-10.71317569372696,4.802902083846401,ISO
18208,0,3.6396562997542876,3.7069440632792343,3.688592855045057,2.293901029256886,0.04893655529076907,-1.4130430340223477,ISO
18211,0,0.6401507257601223,15.325961493201886,-6.288539482468658,14.723466692486452,-6.9286902082287805,-0.6024948007154344,ISO
18212,0,1.7581110733147873,3.9862122355356124,4.572249259973743,1.2649115973024367,2.8141381866589557,-2.721300638233176,ISO
18213,0,1.2905155338129355,2.903659951079105,1.4946276845690234,2.6271209081191476,0.20411215075608785,-0.2765390429599575,ISO
18214,0,2.3050036098562128,2.470831207687634,5.7956745442068724,-1.3846604418921153,3.4906709343506597,-3.8554916495797493,ISO
18215,0,2.1495199560879543,2.2355007543315724,1.6883502200544251,1.305344846060742,-0.46116973603352945,-0.9301559082708303,ISO
18218,0,11.198318210814811,2.5655589708987665,12.69778342015767,-9.716187859383416,1.4994652093428575,-12.281746830282183,ISO
18219,0,4.929475289415216,1.4745560865729228,6.558345385047953,-1.4231180835529846,1.628870095632737,-2.8976741701259074,ISO
18220,0,0.3734724831607668,6.242325789972569,1.0213329131336175,6.18897257809251,0.6478604299728508,-0.05335321188006003,ISO
18221,0,1.5243535273800632,5.118036713690421,0.023694614415211812,5.670911050045902,-1.5006589129648513,0.552874336355481,ISO
18222,0,0.19062229732203612,7.647766568560068,-2.722086405758627,7.07589967659396,-2.9127087030806633,-0.5718668919661084,ISO
18225,0,3.644592619743881,3.1196097493096664,1.403319595967917,2.857118314092674,-2.241273023775964,-0.26249143521699236,ISO
18226,0,2.582700938438883,8.438948745351578,5.101631483335884,0.09565559031270338,2.518930544897,-8.343293155038875,ISO
18227,0,0.2856452625978946,6.16334585836262,-2.54883465087379,6.811540877334697,-2.8344799134716845,0.6481950189720781,ISO
18228,0,0.3999617811259492,2.985429009118866,0.05713739730366063,2.0855150015855615,-0.3428243838222886,-0.8999140075333044,ISO
18229,0,9.081391599700053,5.105667166651447,13.852260919358255,-5.789212770930277,4.770869319658201,-10.894879937581724,ISO
18232,0,6.156635644244984,1.4768541275549187,5.898186171922884,-1.9291407041188564,-0.25844947232210025,-3.405994831673775,ISO
18233,0,8.929695013414657,1.6644572860694493,8.629934933458953,-4.938152896110952,-0.2997600799557034,-6.602610182180402,ISO
18234,0,3.8524774112136706,2.6618250074242935,-0.28052019984553933,2.356369678703466,-4.13299761105921,-0.30545532872082753,ISO
18235,0,3.722917286810272,1.8520096147584182,5.168618669759392,-0.20787863022800762,1.4457013829491208,-2.0598882449864258,ISO
18236,0,5.144624913206952,19.185163738834422,-15.993590876011739,20.054510078334705,-21.13821578921869,0.8693463395002833,ISO
18239,0,1.9220491425519641,3.8704277254134376,-2.5276262696578042,6.31906567414451,-4.449675412209769,2.4486379487310725,ISO
18240,0,3.2350829919380346,3.165759784967476,-0.485262448790495,4.690870338309782,-3.7203454407285297,1.5251105533423064,ISO
18241,0,5.252440709678237,1.4974560986555325,14.032978742704293,-0.8735160575490821,8.780538033026057,-2.3709721562046147,ISO
18242,0,15.57354715834689,13.07919479190647,-5.02747704945819,13.893413440019064,-20.601024207805082,0.8142186481125923,ISO
18243,0,3.366385944995346,4.836669066556482,5.415141114383859,-0.4017166998801077,2.048755169388513,-5.23838576643659,ISO
18246,0,3.5288993578111363,2.2847361226854743,0.011310574864769392,3.4610359086225198,-3.517588782946367,1.1762997859370454,ISO
18247,0,0.5300408207955375,6.0231911454030875,-0.783014848902237,4.9510631215212175,-1.3130556696977744,-1.07212802388187,ISO
18248,0,1.7691279716998234,6.597806670927315,-0.20813270255296215,2.8410113898473064,-1.9772606742527856,-3.756795281080009,ISO
18249,0,3.70665507618734,1.184601106822806,9.069204172664453,-1.5539928498104911,5.362549096477113,-2.738593956633297,ISO
18250,0,5.847285620218208,0.03322321375120977,3.2392633407455964,2.7243035276018452,-2.608022279472611,2.691080313850635,ISO
18253,0,1.7353494168748431,3.6566291284152608,3.3219545980176775,1.475047004343828,1.5866051811428346,-2.181582124071433,ISO
18254,0,9.716022747514579,1.5109149844947667,10.817731590375258,-8.352002275401109,1.1017088428606778,-9.862917259895877,ISO
18256,0,10.08336614417231,0.5824794306647008,9.863318359254757,-2.304029747962326,-0.22004778491755347,-2.8865091786270267,ISO
18257,0,2.489167674420296,0.5560906506684729,4.687049769919126,-0.008826835724886838,2.1978820954988296,-0.5649174863933597,ISO
18260,0,6.226193266096211,0.0,6.496897321143909,-3.5437621751695576,0.27070405504769784,-3.5437621751695576,ISO
18261,0,3.3818471246751294,5.915442165273331,1.1942496446871966,2.823786543045565,-2.1875974799879327,-3.091655622227766,ISO
18263,0,9.100515847866948,0.3872559935263468,7.0286962825015875,-0.8035561865669165,-2.071819565365361,-1.1908121800932632,ISO
18264,0,0.8875852723571994,4.411820912598927,2.151089013006864,1.6237589394298397,1.2635037406496645,-2.7880619731690865,ISO
18267,0,0.1618068903545734,9.280408098402756,-5.308309919052623,9.358701755025878,-5.470116809407196,0.07829365662312325,ISO
18268,0,2.2176320376645227,2.0323753072453017,3.0294924150895906,-0.4358981892214855,0.8118603774250679,-2.468273496466787,ISO
18269,0,0.9525496453201486,3.0588918187746894,-1.2409977773537657,8.371703925067475,-2.1935474226739142,5.312812106292785,ISO
18270,0,4.455341796263927,1.9777370900487847,3.672940310090724,0.934535108484638,-0.7824014861732026,-1.0432019815641467,ISO
18271,0,7.35624284029368,3.1682000414445683,8.72717900598464,-6.010384775194416,1.3709361656909602,-9.178584816638985,ISO
18274,0,2.309784243778488,3.048628272067855,0.7388440282895294,3.306865019819413,-1.570940215488959,0.2582367477515583,ISO
18275,0,2.6873444209115123,1.5090472517424642,3.9276572305629194,0.7372970590705333,1.240312809651407,-0.7717501926719308,ISO
18276,0,4.6549675989837285,4.701424361448594,5.7420558406626325,3.0754376751768295,1.0870882416789043,-1.6259866862717645,ISO
18277,0,1.403458334249452,9.023798508494735,-2.4889456396455456,7.916382166626013,-3.8924039738949974,-1.1074163418687217,ISO
18278,0,4.661528535457594,2.657506922083378,5.184316782424824,0.6752681523327753,0.52278824696723,-1.9822387697506025,ISO
18281,0,1.2307261808152319,2.5161513029996634,1.5178956230054734,-0.27349470684786387,0.2871694421902415,-2.789646009847527,ISO
18282,0,1.6448267107787384,5.400322662312258,2.4557377814774224,0.7649019319356828,0.8109110706986842,-4.635420730376575,ISO
18283,0,3.0211913347581145,1.0657576794392993,2.9377842120194693,0.23168645205200328,-0.08340712273864533,-0.8340712273872961,ISO
18284,0,9.140127400418175,0.7775587946977787,11.465180659073479,-5.679228451469205,2.3250532586553025,-6.456787246166984,ISO
18285,0,15.178553804684945,2.3849371995180197,15.603775165839368,-9.031331953213824,0.4252213611544212,-11.416269152731843,ISO
18288,0,0.9306741252746698,3.6994296479670967,-0.2384852446016953,4.298551116112684,-1.1691593698763652,0.5991214681455869,ISO
18289,0,0.4783860568135367,7.360311188402067,-4.3259767708992225,7.544831524601549,-4.804362827712759,0.18452033619948258,ISO
18290,0,2.1752003458941997,3.5400319354750147,5.169299645536849,2.738193376596308,2.99409929964265,-0.801838558878707,ISO
18291,0,3.9666306827653686,5.881816871199769,4.541943529884002,2.997682729723469,0.5753128471186334,-2.8841341414763,ISO
18292,0,6.603694102161148,1.8024200372956993,6.992146696405921,-0.2796858678563358,0.3884525942447734,-2.082105905152035,ISO
18295,0,1.2389798577601618,4.889840505293499,0.864532611859278,2.1420585096387352,-0.374447245900884,-2.747781995654764,ISO
18296,0,0.32541407961329794,12.618096964597033,-9.39716168679206,14.079139771024087,-9.722575766405358,1.461042806427055,ISO
18297,0,1.9635801704475138,2.8539290222436495,2.257154656715359,-0.5390220075737844,0.29357448626784516,-3.392951029817434,ISO
18298,0,2.087282476776956,1.9083725501961015,1.5982620107892502,1.043641238388478,-0.48902046598770604,-0.8647313118076233,ISO
18299,0,3.7479385885078904,5.7891656157644675,3.194964042662502,2.348435108281844,-0.5529745458453883,-3.440730507482623,ISO
18302,0,2.656514842891798,0.6372564507514382,3.654627356116995,-0.038388942816320146,0.9981125132251967,-0.6756453935677583,ISO
18303,0,4.694086888941545,5.062418524387547,0.7794925308279519,5.696291571434403,-3.914594358113593,0.6338730470468567,ISO
18304,0,0.5056506197924102,3.2867290286510773,2.988756341987524,1.968425627049275,2.4831057221951136,-1.3183034016018023,ISO
18305,0,3.1727504714811072,1.5537038922128275,2.548364795171381,-0.27589134534610427,-0.6243856763097261,-1.8295952375589317,ISO
18306,0,7.6312910146294906,1.7359730705034648,9.285708303297032,-4.835092780261404,1.6544172886675412,-6.571065850764869,ISO
18309,0,2.8167683744571446,0.0,2.498129418070595,-0.49707677196314487,-0.3186389563865496,-0.49707677196314487,ISO
18310,0,12.469182492518557,1.432465837613934,16.54546111767497,-11.671231723914897,4.076278625156414,-13.103697561528831,ISO
18311,0,0.21485452583996376,4.956471647825865,2.844970273191709,4.060009660700527,2.630115747351745,-0.896461987125337,ISO
18312,0,3.005713245434142,2.296364919511646,3.757141556792677,0.8716568411759285,0.7514283113585355,-1.4247080783357176,ISO
18313,0,8.158378134271976,1.0270919539569803,7.6915181552006455,-1.7448891717792026,-0.4668599790713306,-2.771981125736183,ISO
18316,0,0.5720526741911574,3.598211320662359,-1.5416819569451976,8.981226984801197,-2.113734631136355,5.383015664138838,ISO
18317,0,2.8703008204580205,0.4744101854411549,2.5389288818835234,5.118385267046011,-0.3313719385744973,4.6439750816048555,ISO
18318,0,0.2702460747783121,7.737931913270774,0.9304674979706816,3.8655451202457924,0.6602214231923695,-3.8723867930249822,ISO
18319,0,4.432519866234186,0.7256780311975994,2.3457052035469577,5.330791591338271,-2.0868146626872286,4.605113560140672,ISO
18320,0,0.04130082238878331,12.045384849685899,-7.037660135047061,13.75110881434226,-7.078960957435845,1.7057239646563611,ISO
18323,0,0.2272376765247521,4.391368098841094,-1.4145545363666674,6.405262007041866,-1.6417922128914195,2.0138939082007714,ISO
18324,0,17.53305454367524,1.4485139726272669,19.964488712013722,-10.143908861880433,2.4314341683384795,-11.592422834507701,ISO
18325,0,1.7329259180817305,2.3247364674643465,0.18637127798235556,3.2860199012682005,-1.5465546400993748,0.961283433803854,ISO
18326,0,6.86244465641955,0.8369962822182668,12.393094123453142,-4.559548808106335,5.530649467033593,-5.396545090324602,ISO
18327,0,0.957838729679761,11.810661311065495,1.636643207576067,7.469532278511188,0.6788044778963059,-4.3411290325543055,ISO
18330,0,1.6051678875059094,2.08251116050419,0.9012888239322533,2.336554868506631,-0.7038790635736561,0.254043708002441,ISO
18331,0,1.3352981876216101,2.983061033406953,-0.06591051383140926,5.021404701896947,-1.4012087014530195,2.0383436684899943,ISO
18332,0,1.886611518536823,7.782720002465028,-5.430720443302437,11.824436139899703,-7.31733196183926,4.041716137434675,ISO
18333,0,0.13128406977788293,14.865396208698815,-4.916083474452862,13.823202670154155,-5.047367544230745,-1.0421935385446597,ISO
18334,0,3.0781605726840016,10.738191273004876,-7.636450212728149,13.843560100603602,-10.71461078541215,3.1053688275987263,ISO
18337,0,5.2447628277375715,0.9656126277075882,5.054193385630981,-1.9996114188505791,-0.19056944210659071,-2.965224046558167,ISO
18338,0,14.662652198750889,0.09946298358796657,12.402129844478736,-8.665938497337745,-2.2605223542721546,-8.76540148092571,ISO
18339,0,0.6565548021485896,3.3866113435375076,-1.5229475476527743,4.761374364181442,-2.179502349801364,1.374763020643935,ISO
18340,0,2.882797818797359,1.3750522726990038,1.0644625228740825,1.1752832786801506,-1.8183352959232766,-0.19976899401885312,ISO
18341,0,0.7607153062759553,3.153575659350369,-0.8125010900364753,4.312505785578233,-1.5732163963124306,1.1589301262278646,ISO
18344,0,9.609766675313807,0.00579716469453352,12.925744880589969,-8.92956601782126,3.315978205276161,-8.935363182515793,ISO
18345,0,1.3936327528692787,0.6727882255231024,2.20486889554935,-0.6785092138353683,0.8112361426800715,-1.3512974393584707,ISO
18346,0,1.2642336337293587,0.8092772514420172,0.9916791189950112,0.09224922037164003,-0.27255451473434766,-0.7170280310703773,ISO
18347,0,4.560991114262103,0.8822440482692682,5.759158097587986,1.1607242650969825,1.198166983325883,0.2784802168277142,ISO
18348,0,2.655396344246067,0.543987445522662,3.0841322123274404,0.3065691959937226,0.4287358680813738,-0.23741824952893928,ISO
18351,0,0.1059334476447747,3.507910452009283,-1.2197479828815718,4.788191833545041,-1.3256814305263465,1.280281381535758,ISO
18352,0,3.3154389823737778,1.0715001863408924,3.131679288581001,6.441941941552052,-0.18375969379277682,5.37044175521116,ISO
18353,0,0.895212206195044,7.3989828126489,0.6471413538759758,5.367678007427003,-0.24807085231906822,-2.031304805221897,ISO
18354,0,7.0296817391803135,0.3455042064625351,9.199049497065337,-3.9134995693546117,2.1693677578850226,-4.259003775817146,ISO
18355,0,4.2224968350299354,0.7444105531386449,5.570568046806142,-0.7600494303054083,1.3480712117762066,-1.504459983444053,ISO
18358,0,4.515059839704508,0.4113574926844477,10.849965227045002,-2.51092613534583,6.334905387340495,-2.9222836280302777,ISO
18359,0,1.420700648512238,2.3703567411262747,0.786966005034715,2.281444716518979,-0.6337346434775228,-0.08891202460729579,ISO
18360,0,2.780958676595539,1.9751685300202695,1.6508871295691139,1.4150461110593042,-1.1300715470264253,-0.5601224189609653,ISO
18361,0,7.994971391771145,2.476440664060275,9.712614080771159,-4.411375500463865,1.7176426890000145,-6.887816164524139,ISO
18365,0,3.7388552930183625,0.579522570417815,11.045201678125093,-3.2341098284609173,7.30634638510673,-3.8136323988787324,ISO
18366,0,6.319622838117694,0.9152557213825513,4.372888446605541,0.3922524520210698,-1.9467343915121533,-0.5230032693614814,ISO
18367,0,1.2882280552628393,2.2337624336886877,0.6378604933825484,3.079240264133049,-0.6503675618802911,0.8454778304443613,ISO
18368,0,2.041323371751632,4.2817277710247765,-1.2449992616651095,7.065890797707849,-3.286322633416742,2.784163026683072,ISO
18369,0,3.0568563074117927,0.858139829315308,1.6735861347841219,1.5433708870521694,-1.3832701726276708,0.6852310577368613,ISO
18372,0,2.4828944418024466,1.0409568141033012,5.16495153936451,-0.5364114195124006,2.6820570975620637,-1.5773682336157018,ISO
18373,0,2.622767339660072,3.956059567219993,1.8841359647677407,1.5482047462432795,-0.7386313748923314,-2.4078548209767137,ISO
18374,0,2.220858405626932,2.5670661247488864,4.074993079146863,-0.8129470145308856,1.8541346735199313,-3.380013139279772,ISO
18375,0,3.0854188424102498,2.322390826426618,3.3700404039279976,2.1164943776690914,0.28462156151774803,-0.20589644875752716,ISO
18376,0,0.15101764889627253,6.545169165996594,-2.3295275627626424,8.199937020924569,-2.480545211658915,1.6547678549279752,ISO
18379,0,1.6467106661562103,3.923348073627766,0.28072822167324607,2.923681723279308,-1.3659824444829642,-0.9996663503484577,ISO
18380,0,1.2804390661615799,4.980114775026425,0.5637331286861588,2.878155069070987,-0.7167059374754211,-2.101959705955437,ISO
18381,0,3.4790488890704423,2.108980963728558,5.553393304124658,1.839585585150076,2.0743444150542154,-0.26939537857848206,ISO
18382,0,0.6187907801719048,8.4384143971217,-2.892945430867551,13.640986561624569,-3.511736211039456,5.202572164502868,ISO
18383,0,3.584272440057138,0.45822463351321774,7.938812055467734,-2.642522426395092,4.354539615410596,-3.10074705990831,ISO
18386,0,1.9048549214352921,2.8936598198886863,1.3823426339582734,1.147542808572933,-0.5225122874770187,-1.7461170113157534,ISO
18387,0,2.562534341782626,1.5920867002181238,4.886773711081478,0.4075189384506368,2.324239369298852,-1.184567761767487,ISO
18388,0,1.5450434390555576,7.4454390590162545,-4.405461697847531,8.510266294041,-5.950505136903089,1.064827235024744,ISO
18389,0,2.630893219460947,0.6125221240260112,10.457154816202562,-0.9446124322328181,7.826261596741614,-1.5571345562588292,ISO
18390,0,1.1885401266826683,5.659910051547266,-0.774600289458628,7.508294869250251,-1.9631404161412964,1.8483848177029847,ISO
18393,0,2.8522505585357436,1.1434698185120458,-0.14453972425006192,2.5920790548854713,-2.9967902827858053,1.4486092363734255,ISO
18394,0,2.918129877281481,2.1063193099174113,3.3262292435780116,2.286234084306128,0.40809936629653026,0.17991477438871673,ISO
18395,0,6.5339525756307495,1.269511217470265,6.604480976601256,-1.3148509038084477,0.07052840097050664,-2.584362121278713,ISO
18396,0,9.721177726334597,2.293874577835691,10.534644261646443,-6.558258154252764,0.8134665353118467,-8.852132732088455,ISO
18397,0,4.879901342591051,0.791230010020744,7.3744196007845995,-2.7244816601207305,2.4945182581935477,-3.5157116701414743,ISO
18400,0,1.0598521176371434,11.9826564046297,-7.719519901596374,13.710848103911225,-8.779372019233517,1.7281916992815236,ISO
18401,0,4.295328351996793,1.5874900176504043,5.225652925931535,-1.0530482411347168,0.9303245739347417,-2.640538258785121,ISO
18402,0,1.3002386409150892,3.5528259853767024,1.448091864296702,2.726587384126274,0.14785322338161289,-0.8262386012504281,ISO
18403,0,3.1675023431074565,8.056473350947469,-3.3419445011338222,6.734385416432977,-6.509446844241278,-1.322087934514493,ISO
18404,0,1.2510949842628576,3.7394351928150913,0.39240986591276217,2.483723621894441,-0.8586851183500955,-1.2557115709206499,ISO
18407,1,3.1416495946299143,4.146977464911573,2.8086347375990175,0.6597464148723963,-0.3330148570308966,-3.4872310500391763,ISO
18408,1,1.2255287566244844,7.495997319654031,-4.902115026497728,8.233157474014558,-6.1276437831222115,0.7371601543605274,ISO
18409,1,0.4431842118593136,6.114035955005025,4.2126327234796,3.8409298361137627,3.7694485116202863,-2.2731061188912625,ISO
18410,1,1.7991714511458634,1.8626183033272714,0.3761491950759029,5.655833680176387,-1.4230222560699606,3.793215376849115,ISO
18411,1,3.526397450131254,0.7061966285048068,4.562763930924042,0.21094185007288602,1.0363664807927888,-0.49525477843192073,ISO
18414,1,1.7202523532829028,3.048238136696059,2.954257604331428,-0.18796106472926155,1.234005251048525,-3.2361992014253205,ISO
18415,1,2.4916295820740384,1.609592710019838,0.34882814149038804,9.363543969434218,-2.1428014405836504,7.7539512594143805,ISO
18416,1,2.8861318838486794,12.04505949846759,-7.419175388131149,10.922899129642532,-10.305307271979828,-1.1221603688250557,ISO
18417,1,2.389485174405277,5.044015632661103,3.800341608439831,2.7034618952743203,1.410856434034554,-2.3405537373867826,ISO
18418,1,0.5956501815868673,12.030067829274543,-7.347499927782409,10.477245679588567,-7.9431501093692765,-1.5528221496859758,ISO
18421,1,0.5716785728817745,4.39264134205798,2.6824917650609934,2.7851007396808303,2.1108131921792186,-1.6075406023771504,ISO
18422,1,4.0244284327993265,2.1210840154212303,3.4725711756897084,-0.6419564011275165,-0.551857257109618,-2.7630404165487468,ISO
18423,1,4.185535536986177,0.523874069818363,11.045011638670074,6.171891385047326,6.859476101683897,5.648017315228963,ISO
18424,1,5.638791392168227,5.202512191276546,5.756070747246599,4.433159621962378,0.11727935507837206,-0.7693525693141676,ISO
18425,1,2.6947393031517533,1.9688835985990372,0.8483438546959682,3.67918110245122,-1.8463954484557852,1.710297503852183,ISO
18428,1,3.1979626206830942,1.8635370110120657,6.222882518915154,-2.289488327814728,3.02491989823206,-4.153025338826794,ISO
18429,1,0.6679493599826227,5.242276718515394,0.052535342919934586,2.577984327573465,-0.6154140170626882,-2.6642923909419287,ISO
18430,1,3.5989993915881664,1.0900643638872523,3.9599715252032643,-1.4260186268557007,0.3609721336150981,-2.516082990742953,ISO
18431,1,0.1488603850225418,2.780711992221124,-0.3185612239482882,1.7803702048696053,-0.46742160897083,-1.0003417873515188,ISO
18432,1,6.1629886390915445,0.13137047145423283,8.893209741487977,-4.472307789071966,2.7302211023964333,-4.603678260526198,ISO
18435,1,6.236933513529967,1.1381265535638674,5.193995726264175,-0.5752712398013202,-1.0429377872657908,-1.7133977933651876,ISO
18436,1,5.525399630846024,0.17321001977567846,6.222569960443423,-3.438218892548414,0.6971703295973988,-3.6114289123240924,ISO
18437,1,1.3140610555989776,6.352805517067953,0.08156241034754903,6.837648734133738,-1.2324986452514284,0.4848432170657856,ISO
18438,1,2.694897862789432,1.4525167687264828,2.0128785678290706,0.5087495281326592,-0.6820192949603614,-0.9437672405938237,ISO
18439,1,1.8326203862834962,8.672432602186266,5.870296914772398,4.215026888451786,4.037676528488902,-4.457405713734479,ISO
18442,1,0.8767863433658946,3.327802712320603,0.8967133057151014,2.386253741319673,0.019926962349206857,-0.9415489710009302,ISO
18443,1,9.77582555864272,3.444750644201635,10.852310134955847,-6.378171114654738,1.0764845763131257,-9.822921758856374,ISO
18444,1,1.0968321633077212,8.467373587558614,-3.644726332547911,9.504456138857407,-4.741558495855632,1.0370825512987931,ISO
18445,1,4.393306773527666,9.30309808791979,4.699371686632649,-1.1349907194309161,0.30606491310498246,-10.438088807350708,ISO
18446,1,0.8758658852342467,1.6819163738195886,0.27926158659648503,1.0345372412551015,-0.5966042986377617,-0.6473791325644871,ISO
18449,1,7.47145690508948,0.15425808690924614,7.424508791682318,-3.668659719105861,-0.04694811340716187,-3.8229178060151074,ISO
18450,1,11.067486765459417,0.4275948223483955,11.683889691182387,-9.112767577581002,0.6164029257229707,-9.540362399929396,ISO
18451,1,8.210551340043455,1.2734952013026175,6.061192350503281,-2.1224920021708256,-2.1493589895401755,-3.3959872034734433,ISO
18452,1,3.2209133698763766,1.6451150067087057,-0.01848443827760938,6.016684659367317,-3.239397808153986,4.371569652658611,ISO
18453,1,1.2428244881349988,4.276054550761572,-3.4885222018443547,8.87819671474667,-4.731346689979353,4.602142163985097,ISO
18456,1,3.0748730700141476,4.75954740236045,1.910667230587827,5.718305152476125,-1.1642058394263208,0.9587577501156745,ISO
18457,1,6.15896883392297,0.31529083090900495,7.437408367472096,-5.437687070062405,1.2784395335491259,-5.75297790097141,ISO
18458,1,2.5647104271718346,2.6513905012512384,2.8553436167320316,0.7291323878441166,0.2906331895601969,-1.9222581134071217,ISO
18459,1,1.6618182578913143,1.9750070834170017,1.3869790844709227,7.24808424788001,-0.27483917342039155,5.273077164463008,ISO
18460,1,4.638937100554031,0.6766971586220724,6.1615057074537445,-2.119130575685033,1.5225686068997133,-2.7958277343071054,ISO
18463,1,6.937728821356436,0.08645144948739385,5.71299995361953,-2.7160163713929344,-1.2247288677369057,-2.802467820880328,ISO
18464,1,9.682152662127976,0.4939227649746093,10.980283005971138,-6.4083312583868075,1.2981303438431626,-6.902254023361417,ISO
18465,1,1.3894421201430456,3.7798093694886457,3.8094420213400855,1.7154012905082832,2.41999990119704,-2.0644080789803625,ISO
18466,1,2.721025042810019,4.602272814995321,5.900443792292798,1.1918236373493902,3.179418749482778,-3.4104491776459307,ISO
18467,1,5.524510996086921,0.1907395510262111,4.5569412736084365,-2.354766457214679,-0.9675697224784837,-2.5455060082408902,ISO
18470,1,0.27896338760311074,3.860402434508558,-0.21133589969937291,3.606799354869349,-0.4902992873024836,-0.25360307963920903,ISO
18471,1,4.47516888079191,0.7749141581824314,5.18511068624332,-2.8017346250850292,0.7099418054514104,-3.5766487832674603,ISO
18472,1,2.2689161429479925,5.576474641874082,9.531747377553682,1.7016871072110598,7.26283123460569,-3.8747875346630223,ISO
18473,1,2.326498212045287,3.5508311752333857,0.810025062413056,3.6331615914130535,-1.5164731496322308,0.08233041617966827,ISO
18474,1,1.4994441950487394,4.940164169302189,1.1063184548155793,2.811022992109944,-0.39312574023316,-2.1291411771922455,ISO
18477,1,2.5365274599153755,2.8468880705695603,3.7473170027147824,0.5287625218554163,1.2107895427994069,-2.3181255487141437,ISO
18478,1,10.291220491041354,3.9442803986204815,22.361234103029254,-8.043238459932176,12.0700136119879,-11.987518858552658,ISO
18479,1,4.0572646931966165,3.049963154567495,2.407422618784714,3.4820646502467847,-1.649842074411903,0.4321014956792896,ISO
18480,1,5.39781032743042,0.6118635930162056,3.743822897907309,0.3101226430356389,-1.6539874295231112,-0.3017409499805667,ISO
18481,1,1.4301036601538082,10.416840250735309,-5.25628363529169,12.621462526023238,-6.686387295445498,2.2046222752879308,ISO
18484,1,7.712586380588385,0.5476836632130035,3.6387202281959086,3.743755451277842,-4.073866152392476,3.196071788064838,ISO
18485,1,0.04493720001676837,9.427450086850866,-6.500914935758916,14.701953938818868,-6.545852135775685,5.274503851968001,ISO
18486,1,1.8031049736275533,1.191212576125559,1.9624761874256154,2.9698883855942833,0.15937121379806202,1.7786758094687243,ISO
18487,1,4.236926254705222,3.1704064004531407,8.009831342754062,-1.0835258655954922,3.77290508804884,-4.253932266048633,ISO
18488,1,2.4021596540373964,1.33510590213669,0.5386817249933472,3.8558270841630664,-1.863477929044049,2.5207211820263766,ISO
18491,1,11.555902779423278,0.7848802898177173,12.091048431571735,-7.988265098433761,0.535145652148457,-8.773145388251478,ISO
18492,1,2.35532939520496,9.682010409632785,0.7275148711058085,4.919819315852849,-1.6278145240991517,-4.762191093779935,ISO
18493,1,2.0228087108274977,6.860973463485179,-3.473222127041722,13.719356903012834,-5.4960308378692195,6.858383439527655,ISO
18494,1,3.261075094631078,1.0749245673706451,4.818001484894028,-1.2261803695334959,1.5569263902629498,-2.301104936904141,ISO
18495,1,2.7369891770192196,5.842082113436215,2.7795589995346326,0.6360432305241243,0.042569822515412976,-5.2060388829120905,ISO
18498,1,3.8309500383683006,6.874896758158235,-4.972430058289489,8.572482428810382,-8.80338009665779,1.6975856706521473,ISO
18499,1,2.2873669744544824,2.7878244467176385,1.5996217364977,3.1040644445281136,-0.6877452379567826,0.3162399978104752,ISO
18500,1,8.341528752861885,5.289911218620343,11.783277239476773,-6.152827986157754,3.441748486614888,-11.442739204778096,ISO
18501,1,12.957004516831757,10.773799035675113,-1.763631789338171,8.398585254872785,-14.72063630616993,-2.375213780802328,ISO
18502,1,1.5358999247557203,1.6199654531816745,3.6239058875523438,-0.3998792703506002,2.088005962796623,-2.019844723532275,ISO
18505,1,2.6088614022432304,2.056595936573526,2.964615229821835,1.4772254173740462,0.3557538275786048,-0.5793705191994796,ISO
18506,1,0.6872453050352858,9.339956140239629,-3.82371589929186,9.66895655222462,-4.510961204327146,0.3290004119849914,ISO
18507,1,1.119299215600167,8.368094135677003,-6.192201542885795,10.327651585957318,-7.311500758485962,1.9595574502803148,ISO
18508,1,5.0743630994967805,1.1091866984501708,3.9319672184582353,2.942333577325941,-1.1423958810385453,1.8331468788757703,ISO
18509,1,4.162508740960437,9.062729427101075,0.18545831024083195,8.68357021505316,-3.977050430719605,-0.37915921204791475,ISO
18512,1,2.5416044363449055,1.0579044372350002,1.9490023656944988,-0.20192366851791202,-0.5926020706504069,-1.2598281057529122,ISO
18513,1,2.7112427962954673,2.6001479695204144,6.472596217107332,-0.8570172351216916,3.761353420811865,-3.4571652046421057,ISO
18514,1,9.549337741317396,0.9171680316519386,10.193153732163266,-7.279796455151207,0.643815990845869,-8.196964486803145,ISO
18515,1,7.131953493900415,2.2031553528167027,5.063774061908521,3.8315745266376924,-2.0681794319918936,1.6284191738209897,ISO
18516,1,3.5911539315480567,2.2258130113628702,1.5848491067101274,3.661396551235974,-2.0063048248379296,1.4355835398731038,ISO
18519,1,7.499550552876393,2.278467200938581,8.687262178897578,-4.130327777020527,1.1877116260211855,-6.408794977959108,ISO
18520,1,0.6739034797215011,9.65928320934191,-5.05859599201223,8.661387672061982,-5.732499471733731,-0.9978955372799265,ISO
18521,1,3.725476832539776,4.4869585137058055,2.014552802071878,6.366565195064743,-1.7109240304678979,1.879606681358937,ISO
18522,1,2.794861072664402,3.3376646694215704,3.052789022896545,-0.23098025393925958,0.2579279502321426,-3.56864492336083,ISO
18523,1,2.0264625378800747,3.5921130465981785,4.719159334789098,1.1048384795565114,2.692696796909023,-2.487274567041667,ISO
18526,1,1.0180229891623223,16.81457565545446,-6.744402303200268,15.555803986422733,-7.7624252923625905,-1.2587716690317248,ISO
18527,1,3.203018677154713,1.9905765790227645,0.0482564019156585,3.0884097226049554,-3.1547622752390545,1.0978331435821909,ISO
18528,1,0.37212062793494594,7.024414045129121,-5.072055134182484,9.297918155526446,-5.44417576211743,2.273504110397325,ISO
18529,1,1.845207445119069,1.6939166443479725,5.392436398913188,-0.3241945730809649,3.5472289537941193,-2.0181112174289373,ISO
18530,1,2.697053681449641,0.7790887264368345,3.148816936015447,-0.8007300799489482,0.45176325456580585,-1.5798188063857825,ISO
18533,1,5.929252427500305,0.36902773999611543,7.752683613363414,-2.555284518964584,1.8234311858631087,-2.9243122589606996,ISO
18534,1,2.3012161132189677,3.292333944159781,4.963183927355121,0.28100658808285023,2.6619678141361534,-3.011327356076931,ISO
18535,1,5.991156485431686,1.3813497012922378,6.8191701392321855,-0.019904174370186895,0.828013653800499,-1.4012538756624247,ISO
18536,1,5.839249980959687,0.4379437485719947,7.1348335704850845,-3.3530068250041656,1.2955835895253978,-3.7909505735761604,ISO
18537,1,1.2670131169619308,3.0445671459183887,0.5447845097502244,2.944949406992653,-0.7222286072117062,-0.0996177389257355,ISO
18540,1,9.17646765519009,0.7774988785023139,8.502965441965063,-5.259259929741925,-0.6735022132250247,-6.036758808244239,ISO
18541,1,4.177655986885231,1.1164877355163134,0.1258014349877654,13.874849933858325,-4.051854551897466,12.758362198342013,ISO
18542,1,2.1980094975744673,2.385688469452743,1.1080277762813735,1.7360304898740901,-1.0899817212930936,-0.6496579795786526,ISO
18543,1,3.9514089751668604,5.6093428109013646,0.5250123813159118,6.338833698624456,-3.426396593850949,0.7294908877230915,ISO
18544,1,6.4510236316623795,1.8264063877681522,6.661011531860352,-1.7287375969783896,0.20998790019797323,-3.555143984746542,ISO
18547,1,3.800009564274824,0.7671802071912711,2.6425096025475985,-0.11664728296474812,-1.1574999617272257,-0.8838274901560192,ISO
18548,1,1.4802374713457414,17.372787079240013,-12.822057015305457,16.24260576665837,-14.3022944866512,-1.1301813125816411,ISO
18549,1,6.43449028859151,0.21388887385900487,6.073552813954477,-0.42777774771800975,-0.36093747463703274,-0.6416666215770146,ISO
18550,1,1.7495772508031011,2.2731733623572716,3.799264467984853,-0.8173207594993114,2.0496872171817517,-3.090494121856583,ISO
18551,1,2.506944606997495,4.349617140271602,-1.8472223419982359,4.845546291202104,-4.354166948995731,0.49592915093050255,ISO
18554,1,2.633842820516303,5.7378239132545135,-1.6935662760723658,6.918512074175619,-4.327409096588669,1.1806881609211055,ISO
18555,1,3.3829382800094283,4.010139975719071,4.178052240712309,-0.019754384116825018,0.7951139607028807,-4.029894359835897,ISO
18556,1,6.4064554301444465,1.5581966144101447,5.441627805122691,-0.940706934396234,-0.964827625021756,-2.498903548806379,ISO
18557,1,0.0777465332320426,13.438189244042986,-6.740026380968581,11.721785010380243,-6.817772914200624,-1.716404233662744,ISO
18558,1,2.304737861882474,9.991316682745198,-3.052387409570909,9.058299478605118,-5.357125271453383,-0.9330172041400798,ISO
18561,1,2.198416143893836,2.349380342616019,1.0850551783167668,1.6794767107857935,-1.1133609655770689,-0.6699036318302257,ISO
18562,1,4.782751981046797,1.125027406897421,4.544445683034004,-1.9286184118241867,-0.23830629801279274,-3.053645818721608,ISO
18563,1,0.047769089004335415,8.881069797397506,-2.965664275688539,6.635922614191659,-3.0134333646928746,-2.2451471832058463,ISO
18564,1,1.7890574029694177,4.871313726932249,0.035701810702239795,2.5070604848706495,-1.753355592267178,-2.3642532420616,ISO
18565,1,3.989260923141835,1.750274023258774,1.3108112814882174,0.7804252138339965,-2.6784496416536174,-0.9698488094247774,ISO
18568,1,1.9450102958193802,1.2453346464182384,3.141939708631299,-0.6688723189243928,1.1969294128119186,-1.9142069653426312,ISO
18569,1,4.599657037019694,0.1253186074667257,5.263381513602797,-2.3624878222432093,0.663724476583103,-2.487806429709935,ISO
18570,1,2.4014260718282645,1.4064128787201704,0.8802039785186906,2.171807642649511,-1.5212220933095741,0.765394763929341,ISO
18571,1,11.30758379955816,0.8918876110762408,13.006048032825076,-9.019698188536418,1.6984642332669158,-9.91158579961266,ISO
18572,1,1.533932166191687,4.683042905682597,-0.11699482623492598,2.349646093552089,-1.650926992426613,-2.3333968121305078,ISO
18575,1,0.10242485353117428,13.552088432841352,-10.996268259571664,14.059411535487882,-11.098693113102838,0.5073231026465299,ISO
18576,1,1.7220102291809094,1.26844503488773,1.6733224399629831,1.6297596811890427,-0.0486877892179264,0.36131464630131277,ISO
18577,1,0.6597602802019391,6.830851385929106,-3.415425692964553,5.404702901452208,-4.075185973166492,-1.4261484844768968,ISO
18578,1,5.668349231315354,1.244064662753143,5.328672872884488,-1.5497733853408546,-0.33967635843086563,-2.7938380480939977,ISO
18579,1,7.949306757848847,0.5311748755245026,6.983117975644908,-2.413182408632691,-0.9661887822039382,-2.944357284157194,ISO
18582,1,5.0408780363216135,0.8605823314260672,6.094466959228442,-3.623982588274458,1.0535889229068287,-4.484564919700525,ISO
18583,1,2.4158780473981563,2.0978643766153255,0.17952384640958138,6.093552272418288,-2.2363542009885746,3.9956878958029622,ISO
18584,1,4.221261116431156,2.621861498284551,3.5706035563434395,0.8589961877020426,-0.650657560087717,-1.7628653105825083,ISO
18585,1,0.8764191867692267,3.5925943523761705,1.818026577513045,1.502950258302505,0.9416073907438184,-2.0896440940736656,ISO
18586,1,6.47880395233415,0.970642628495127,4.391451115327554,-2.506708147375801,-2.087352837006596,-3.4773507758709283,ISO
18589,1,1.2368466058622656,14.204068795238399,-11.022357385105009,15.445285883806887,-12.259203990967276,1.241217088568489,ISO
18590,1,1.5341757481282532,2.6983126274297695,-0.5348007009320308,1.9987500943924446,-2.0689764490602838,-0.6995625330373249,ISO
18591,1,2.0315094533147784,1.0926445266831282,0.17806058953358087,3.472181495904367,-1.8534488637811972,2.379536969221239,ISO
18592,1,0.5466778245343672,4.868849374758997,-1.304054393941285,3.6559079515734836,-1.8507322184756523,-1.212941423185514,ISO
18593,1,0.9349902572083554,17.956318915545232,-9.862457472120319,13.777025115252055,-10.797447729328674,-4.179293800293176,ISO
18596,1,2.1826356323895735,2.047627242757205,4.047037203502974,0.13822287509972964,1.8644015711134008,-1.909404367657475,ISO
18597,1,2.867247169776706,1.1555572217334613,3.5732360199423523,-0.2897218394548242,0.7059888501656463,-1.4452790611882855,ISO
18598,1,0.4957336392435468,4.69488917165899,1.8152599437004713,0.2806727222187399,1.3195263044569245,-4.41421644944025,ISO
18599,1,0.5642761710446753,5.062919300200683,-0.08561431560678626,7.3239155441796,-0.6498904866514615,2.260996243978917,ISO
18600,1,3.237470924001324,5.944998690800096,-1.8885247056674663,5.207895935781844,-5.1259956296687905,-0.737102755018252,ISO
18603,1,14.057092154576802,0.5053203062103395,14.570068829062961,-10.546647300070534,0.5129766744861588,-11.051967606280874,ISO
18604,1,5.797802254014118,0.029302971681006505,4.9647606305131635,-1.73306146798685,-0.8330416235009548,-1.7623644396678564,ISO
18605,1,3.156364746108444,4.91728402551639,-0.7641725174788915,8.538797260525092,-3.9205372635873355,3.6215132350087016,ISO
18606,1,5.408542762881697,0.8718787999026951,1.1034150787149752,1.743757599805308,-4.305127684166722,0.871878799902613,ISO
18607,1,4.904360753640754,0.7668273102225345,4.58762773420099,-1.633675573952343,-0.31673301943976395,-2.4005028841748777,ISO
18610,1,4.28211593605361,1.9080550871874766,1.0567689713654487,1.897047077069097,-3.225346964688161,-0.011008010118379662,ISO
18611,1,4.689639791094351,1.388999737322031,4.3741720541432985,0.33901010538021903,-0.315467736951052,-1.049989631941812,ISO
18612,1,0.0,4.9710903355672675,1.2437352272565656,6.7539058470835895,1.2437352272565656,1.7828155115163218,ISO
18613,1,5.950751841884068,1.8609623941892288,4.230443582139407,-1.0386766851288127,-1.7203082597446604,-2.8996390793180415,ISO
18614,1,2.389961634911549,2.8847411231003273,1.0867478044145389,2.522491854962181,-1.30321383049701,-0.3622492681381462,ISO
18617,1,1.0623763534344373,1.1372122567840992,0.6632515355695623,0.6500451996843396,-0.39912481786487497,-0.4871670570997596,ISO
18618,1,3.6158946443988076,4.5109180712300905,-1.694577688134064,5.342295387708979,-5.310472332532871,0.8313773164788879,ISO
18619,1,5.053333879111406,2.9471579029869606,3.8141879426282914,-1.7973197817457922,-1.2391459364831154,-4.744477684732752,ISO
18620,1,1.2664480581434463,2.9364422771867575,3.0566475166038467,-0.4464766035489511,1.7901994584604004,-3.382918880735709,ISO
18624,1,7.44208413321453,0.2839286019454759,3.164226530569809,0.11041667853438364,-4.277857602644722,-0.1735119234110923,ISO
18625,1,1.6182847294474259,2.3343032926043694,3.7622015832933577,0.26902431563697804,2.143916853845932,-2.0652789769673916,ISO
18626,1,5.692865299814442,1.4425899503195214,8.959556592273437,-3.5170581433409303,3.266691292458994,-4.9596480936604515,ISO
18627,1,3.2423626231206097,1.1697130982143948,3.2680142261517204,1.949521830357325,0.02565160303111106,0.7798087321429299,ISO
18631,1,3.975968163739337,1.4751313059634283,3.8563629227152174,0.2827032969659587,-0.11960524102411967,-1.1924280089974697,ISO
18632,1,1.0664995905000845,4.3018136467558135,1.2893502512015675,2.809510115272522,0.22285066070148316,-1.4923035314832915,ISO
18633,1,0.9875068661952199,12.429902939631601,-6.371986200831549,13.432509299193775,-7.3594930670267695,1.0026063595621744,ISO
18634,1,0.36187344535554344,3.1281948942959277,-0.10186067350752241,2.4875448688145623,-0.4637341188630658,-0.6406500254813654,ISO
18635,1,0.1292612527336209,12.996631411215185,-8.363790603013033,19.336308306649695,-8.493051855746653,6.3396768954345095,ISO
18638,1,0.30564001268463564,5.569743445441113,0.6194668114233794,1.3262593407567078,0.3138267987387438,-4.243484104684405,ISO
18639,1,0.5686625292304216,9.521035489401722,-1.1698200601313111,9.151404845401972,-1.7384825893617328,-0.36963064399975093,ISO
18640,1,3.1194564404967378,1.0470147914470227,2.6265319510525784,2.4358385354282217,-0.4929244894441596,1.388823743981199,ISO
18641,1,3.349075349208738,1.642171229215224,5.1479683139922345,-0.5144561319740676,1.7988929647834961,-2.1566273611892917,ISO
18642,1,0.6114562553967553,9.436678387429296,-6.052248540678943,9.981926003706626,-6.663704796075699,0.5452476162773304,ISO
18645,1,1.5536255260496574,1.487824915534673,2.0544412838585657,-0.8078852735458352,0.5008157578089085,-2.2957101890805083,ISO
18646,1,0.2410665718512254,4.796732807243682,0.2853441054566233,2.843601602653164,0.044277533605397885,-1.9531312045905176,ISO
18647,1,10.902684075455147,8.06547985168149,11.183396860846262,-6.772195947558571,0.28071278539111566,-14.837675799240062,ISO
18648,1,0.5676521018883762,5.882523797794886,0.1464908650034217,4.188723171192464,-0.42116123688495455,-1.6938006266024213,ISO
18649,1,2.7940267149534823,4.428131112210777,3.2171430321004273,-1.0723810107001701,0.4231163171469449,-5.500512122910948,ISO
18652,1,2.0018421427711033,5.556048358834322,-1.6688954246386316,6.663096196624572,-3.6707375674097347,1.107047837790251,ISO
18653,1,3.120239125246542,1.2395470497554248,1.00018624014759,1.3848732555888885,-2.1200528850989517,0.14532620583346367,ISO
18654,1,3.1749785219072817,3.947057666192335,3.6398016802013253,0.8469235511290417,0.4648231582940437,-3.1001341150632937,ISO
18655,1,10.170603280281503,1.3116330708503572,8.357847939837114,2.4533203285341116,-1.8127553404443886,1.1416872576837547,ISO
18656,1,3.716927794030915,2.6251659770388622,-0.42244050205227585,5.579506371261226,-4.139368296083191,2.954340394222363,ISO
18659,1,1.3570059548950442,1.9217862110754826,0.6363361257417528,1.6381182996002701,-0.7206698291532915,-0.2836679114752126,ISO
18660,1,1.4831257360283312,3.640399533887686,-0.6999664982416166,3.020757060034442,-2.1830922342699477,-0.619642473853244,ISO
18661,1,3.705402856017321,2.5672073914491813,1.554363850291415,1.50422308092722,-2.1510390057259063,-1.0629843105219614,ISO
18662,1,2.4254129594227014,9.882758808306635,-5.930365508398192,9.527647101216925,-8.355778467820894,-0.3551117070897111,ISO
18663,1,2.2384741325829522,3.6506137933458978,4.779549621043659,-1.1754898824482332,2.541075488460707,-4.826103675794131,ISO
18666,1,8.066061782794806,0.977040617905078,7.733079330055864,-3.9037811235579616,-0.33298245273894367,-4.8808217414630395,ISO
18667,1,1.7267099905951009,5.166675088741818,-1.6998002245079284,4.197923509602791,-3.426510215103029,-0.9687515791390272,ISO
18668,1,6.943009040694342,2.3974478731679327,2.6132181817530684,2.8337833860844266,-4.329790858941274,0.436335512916494,ISO
18669,1,3.2729945584786018,2.3256980398201064,-1.355711784187776,11.668197238805,-4.628706342666378,9.342499198984893,ISO
18670,1,5.246301888837467,3.5969628334838903,4.684824763610727,0.5614771252267385,-0.5614771252267385,-3.035485708257152,ISO
18673,1,2.1905644191970346,2.5337337799068376,0.188743148390307,1.990382292116414,-2.001821270806728,-0.5433514877904235,ISO
18674,1,1.2397486013957624,12.097766571861808,-0.953652770304385,10.385732788981965,-2.1934013717001477,-1.7120337828798429,ISO
18675,1,1.023842808322201,7.713724794518059,-4.122518580478964,8.279940893059875,-5.146361388801164,0.566216098541816,ISO
18676,1,2.3536348514287595,6.669341432529562,-1.6981922345751932,4.809416604185354,-4.051827086003953,-1.8599248283442085,ISO
18677,1,8.707018938935633,0.04209987179270454,7.283277820129444,-3.245517389106477,-1.4237411188061886,-3.2876172608991814,ISO
18680,1,6.280862532969679,0.6895158469328384,7.3297623970916925,-4.630203384251744,1.0488998641220137,-5.319719231184583,ISO
18681,1,1.4701455402573003,5.409176797577449,0.09587905697331009,2.948281001929217,-1.3742664832839901,-2.4608957956482316,ISO
18682,1,0.7550805758592845,11.629173066473848,-1.9249893693200788,8.380462193795653,-2.6800699451793633,-3.248710872678196,ISO
18683,1,1.1019964579686323,4.816238405681371,-1.0620276745189656,6.152337738140723,-2.1640241324875977,1.3360993324593522,ISO
18684,1,2.1224167666854634,10.423162174084268,-8.094112342491929,12.616424563023493,-10.216529109177392,2.1932623889392246,ISO
18687,1,1.6151240746950122,5.214309195462009,-0.40173136883277144,9.801425539582988,-2.016855443527784,4.587116344120979,ISO
18688,1,2.632068064788735,2.0949718756943803,3.2878595442907947,0.9911056749035926,0.65579147950206,-1.1038662007907876,ISO
18689,1,1.0908278017392967,9.795546042928002,0.381132605426934,5.340237310522907,-0.7096951963123628,-4.455308732405095,ISO
18690,1,2.29035056905581,1.8877856221645284,2.025023672241053,7.667032397611634,-0.2653268968147574,5.779246775447105,ISO
18691,1,5.16370455030587,3.041744711664548,4.191475802943649,0.16943405555684962,-0.972228747362222,-2.8723106561076985,ISO
18694,1,3.472995377190724,2.0296726230335307,-0.14175491335474139,2.889867210890628,-3.6147502905454654,0.8601945878570973,ISO
18695,1,4.340615899963646,2.4014316537460827,4.006144198581213,-1.3190962605084344,-0.33447170138243354,-3.720527914254517,ISO
18696,1,5.650068575644015,0.5907322962730653,6.893464779896137,-1.3386756068768302,1.2433962042521212,-1.9294079031498954,ISO
18697,1,1.6209353601842185,5.995763518168473,-2.147102859301718,5.2234854146252205,-3.7680382194859363,-0.7722781035432523,ISO
18698,1,2.1958401340555875,1.5118899283661287,8.795359662637944,-1.1199184654563816,6.599519528582356,-2.6318083938225105,ISO
18701,1,2.144487434650311,3.228260654312391,1.023819807510409,1.4573290953753457,-1.1206676271399023,-1.7709315589370453,ISO
18702,1,4.915248241519446,2.307463787515827,0.9510154438784459,1.7568758989545137,-3.964232797641001,-0.5505878885613134,ISO
18703,1,2.574982044419467,2.6147501068816217,11.035637333226658,1.7647077717546873,8.460655288807192,-0.8500423351269346,ISO
18704,1,0.7686765584259401,4.000460175808133,2.0186114838664095,0.39770656718562114,1.2499349254404695,-3.6027536086225114,ISO
18705,1,1.2810528368395688,2.946017407116781,2.47724097470868,0.8648116942701739,1.1961881378691115,-2.081205712846607,ISO
18708,1,1.0108789956478463,2.409261606293954,2.025969987110792,-0.5138634894543139,1.015090991462946,-2.9231250957482677,ISO
18709,1,0.9719197408355598,6.688531418459595,-4.174945881815873,6.851316005594578,-5.146865622651433,0.16278458713498287,ISO
18710,1,2.178495070161257,0.9958834606451644,4.713471151803517,-1.001541889398825,2.53497608164226,-1.9974253500439894,ISO
18711,1,9.678642506746952,1.928920546479366,2.3714376130247636,3.750048474184979,-7.307204893722188,1.8211279277056127,ISO
18712,1,5.420174225145451,0.5566410431394232,4.457845642090817,-2.3775176757817977,-0.9623285830546342,-2.934158718921221,ISO
18715,1,0.6920073000763672,14.166187902525333,-7.392501061393074,12.209936496540266,-8.08450836146944,-1.9562514059850684,ISO
18716,1,0.19090615519510423,6.2478378063877225,-2.416698373720862,5.037319231400125,-2.6076045289159664,-1.2105185749875977,ISO
18717,1,10.10173129945766,2.569318703337532,15.011630188030294,-7.7877486163275975,4.909898888572635,-10.357067319665129,ISO
18718,1,7.68057439213067,1.2943190179331545,8.02667434930694,-5.727243126971542,0.3460999571762711,-7.0215621449046965,ISO
18722,1,3.4207203612294084,1.4935539605367782,5.5646929819998965,-0.4275900451536932,2.1439726207704877,-1.9211440056904714,ISO
18723,1,6.499665106389361,0.16931900697313712,6.925693575547637,-3.921646677636611,0.4260284691582761,-4.090965684609748,ISO
18724,1,1.9940855603594756,3.9881711207190698,2.5928318774387504,1.3901327535665917,0.5987463170792746,-2.598038367152478,ISO
18725,1,6.6825530655463785,0.0,6.176930875719538,-4.081465717880539,-0.5056221898268398,-4.081465717880539,ISO
18726,1,1.8496923354768362,7.978191037357491,0.4234235466753944,2.3344008691708558,-1.4262687888014418,-5.643790168186635,ISO
18729,1,2.523064322672559,5.794983352987482,-2.597949793436743,7.569192968017415,-5.121014116109302,1.7742096150299325,ISO
18730,1,12.120959839954768,0.14711177959198152,11.406416910507984,-7.938782105839438,-0.7145429294467844,-8.08589388543142,ISO
18731,1,2.5857377357000186,5.307566931173723,-2.3734350584530155,4.627109632305297,-4.959172794153035,-0.680457298868426,ISO
18732,1,13.723765375067941,1.3928597694098463,15.751605333473506,-11.716408648565443,2.027839958405566,-13.109268417975288,ISO
18733,1,2.536252823833707,2.8034651749162576,0.9646818776367115,1.689325541589273,-1.5715709461969958,-1.1141396333269846,ISO
18736,1,0.28325932296215145,9.772446642195728,-5.046736937443122,8.747992090815757,-5.329996260405274,-1.0244545513799708,ISO
18737,1,2.6223427272120263,1.7082286406064446,3.367045708964067,-0.9141140866055817,0.7447029817520406,-2.6223427272120263,ISO
18738,1,9.226363118746388,0.07908311244644556,7.9821221495896655,-4.808253236740917,-1.2442409691567229,-4.887336349187363,ISO
18739,1,1.796837033207246,2.6160498871379754,0.21272377974998713,3.457892930403788,-1.584113253457259,0.8418430432658124,ISO
18740,1,5.085830419742681,10.218861121802982,-4.7318283023591245,8.100748452791898,-9.817658722101806,-2.1181126690110856,ISO
18743,1,0.39538278930087917,5.63687625287067,0.9831139625859141,1.276979549228553,0.5877311732850349,-4.359896703642118,ISO
18744,1,2.35063985227357,2.213767152014458,0.07736283058121952,3.6598569851853084,-2.2732770216923504,1.4460898331708503,ISO
18745,1,4.918818813661624,1.741512987300873,9.078796545082511,-2.516731934626053,4.159977731420888,-4.258244921926926,ISO
18746,1,3.279633423380338,8.690316639955586,0.14713261378403963,3.977326785517694,-3.1325008095962983,-4.712989854437892,ISO
18747,1,1.4235788478522673,3.244171717017943,1.310146270334132,2.4047706433839235,-0.11343257751813514,-0.8394010736340195,ISO
18750,1,10.008272764421637,0.2721282624767012,9.096139143897732,-6.284147098305,-0.9121336205239062,-6.556275360781701,ISO
18751,1,8.295752885607998,1.5460266741361133,6.329551714668496,6.830528999318888,-1.966201170939502,5.284502325182775,ISO
18752,1,5.4363310223887416,4.478599701587627,6.373391883028546,-2.8731939624031892,0.9370608606398038,-7.351793663990816,ISO
18753,1,12.816094030284457,2.017853102640556,14.250405830269418,-11.289070060718673,1.434311799984962,-13.30692316335923,ISO
18754,1,14.490221327940692,2.4182526494920964,10.181100915281862,-5.273848863254082,-4.309120412658829,-7.692101512746179,ISO
18757,1,3.085999377718203,1.7987610216208332,1.0455298438170382,3.372676915539014,-2.040469533901165,1.573915893918181,ISO
18758,1,1.1887124077615956,11.564396727092255,-0.8283335330103094,6.260910600155925,-2.0170459407719052,-5.303486126936331,ISO
18759,1,5.59810696533007,8.016587386755424,-4.444111231248819,9.49591170544465,-10.042218196578888,1.479324318689227,ISO
18760,1,5.759046253606573,0.3033424827615416,6.5486288925595915,-3.3010799594646705,0.7895826389530182,-3.6044224422262117,ISO
18761,1,3.2109215332735284,1.2229422883250787,4.512042780669543,-0.3797263726306441,1.3011212473960152,-1.6026686609557228,ISO
18764,1,11.012549466489988,3.4245921851906322,13.41528753190599,-9.203591497699707,2.402738065416003,-12.62818368289034,ISO
18765,1,4.195232143004108,3.3933911370782415,0.9878681193006436,2.8737981652383153,-3.207364023703464,-0.5195929718399261,ISO
18766,1,12.024453542509521,1.9917352234821355,10.43995042791776,-1.6178221053192117,-1.5845031145917607,-3.609557328801347,ISO
18767,1,4.890943847065018,0.5443409265006525,6.117742054551423,-1.8158238369086146,1.2267982074864046,-2.360164763409267,ISO
18768,1,7.301526655562937,5.182575074478494,2.355119559161733,5.366261279650018,-4.946407096401204,0.1836862051715241,ISO
18771,1,2.6647303306805865,2.235314626177962,2.1823729639790583,-0.04705925528791487,-0.4823573667015286,-2.2823738814658774,ISO
18772,1,6.991610837691162,1.723588761378169,9.163656863001691,-4.014502977128714,2.172046025310528,-5.738091738506883,ISO
18773,1,2.257477089064638,4.446098667787608,-1.6525322482042717,8.547919783865872,-3.9100093372689098,4.1018211160782645,ISO
18774,1,1.538804389851656,3.821701691901339,1.5337425333060957,3.168722197523509,-0.0050618565455601144,-0.6529794943778302,ISO
18775,1,5.106551547629706,6.989303411891563,8.07271150220375,-0.25103358190166114,2.9661599545740454,-7.240336993793225,ISO
18778,1,1.491243319079241,1.6005154588394073,1.3819711793190743,-0.07713327512472028,-0.10927213976016655,-1.6776487339641277,ISO
18779,1,2.573985630074362,6.497349723311739,-1.1783955757072855,5.831902809971117,-3.7523812057816475,-0.6654469133406219,ISO
18780,1,7.332998567427835,0.8865949906017578,7.481717727141656,-2.9114635497821584,0.1487191597138206,-3.798058540383916,ISO
18781,1,0.791827864103039,13.258513073353084,-9.267148200229075,11.859003360054624,-10.058976064332112,-1.3995097132984602,ISO
18782,1,13.009804677279497,0.8222559761133728,12.227904822693011,-9.059949282820416,-0.7818998545864846,-9.882205258933787,ISO
18785,1,4.696319362227413,0.11754792205802718,8.480242948479724,-3.890276468114463,3.7839235862523113,-4.00782439017249,ISO
18786,1,5.017832609201711,5.716107049964513,0.31395284933512757,1.9649117984253281,-4.703879759866583,-3.7511952515391846,ISO
18787,1,5.789032714231205,1.010001452270037,2.272503267607793,0.523476362457016,-3.516529446623412,-0.48652508981302095,ISO
18788,1,7.196686185215075,5.265867940401278,9.994823855506759,-4.491475596224623,2.7981376702916845,-9.7573435366259,ISO
18789,1,0.22452616687276408,6.086092267997554,-3.3344524356846943,8.068610549959013,-3.5589786025574583,1.98251828196146,ISO
18792,1,6.027492906764256,4.0290512959157905,4.837274160665363,-3.148450264173693,-1.1902187460988929,-7.177501560089484,ISO
18793,1,2.139890048130143,3.256354421067685,-1.261191236096093,6.36798197897682,-3.401081284226236,3.1116275579091344,ISO
18794,1,2.625047656568305,1.522402340205505,4.8303382892939055,17.51075942746618,2.2052906327256006,15.988357087260674,ISO
18795,1,0.5698445907753499,7.854524564078757,-6.015026235961884,10.420491434821521,-6.584870826737233,2.565966870742764,ISO
18796,1,1.15616978685844,7.133728164053361,-5.162619256596826,12.107666934600369,-6.318789043455266,4.973938770547007,ISO
18799,1,0.5584706182271215,3.548149994469635,1.3626683084741222,0.47283845676562275,0.8041976902470007,-3.075311537704012,ISO
18800,1,1.1758142601832668,5.484175190892288,-0.745421870606753,4.450346048919898,-1.9212361307900199,-1.0338291419723895,ISO
18801,1,6.6617653165580775,1.689133799930604,4.242345946360344,5.390733942352875,-2.419419370197734,3.7016001424222704,ISO
18802,1,3.1201667525070627,3.390545153937485,0.010815136057207053,4.5099117358595215,-3.109351616449856,1.1193665819220366,ISO
18803,1,4.76763794043403,1.181949238714852,-0.6440959334569979,4.548512519773607,-5.411733873891028,3.3665632810587556,ISO
18806,1,2.3978892824410045,2.4029481205896097,2.1601238894563344,0.2529419074304852,-0.23776539298466992,-2.1500062131591244,ISO
18807,1,3.869819133508469,10.459893481453776,-1.8893822828305817,8.257511121648268,-5.75920141633905,-2.2023823598055077,ISO
18808,1,5.144177084373816,0.925382409089395,8.342678334251962,-3.3171400202742194,3.198501249878146,-4.242522429363614,ISO
18809,1,3.002896689562771,2.3816077193083762,-0.036241856598138694,4.509522442429664,-3.0391385461609097,2.1279147231212874,ISO
18810,1,3.972272107238686,5.60908774941742,2.310505007099933,2.7995535831166496,-1.6617671001387533,-2.8095341663007707,ISO
18813,1,0.03998358031762977,2.244792437827299,-0.651161165171232,1.8278208145158392,-0.6911447454888618,-0.4169716233114599,ISO
18814,1,4.094339271215822,1.8322436896122232,-0.9134352704811083,9.263308272409411,-5.00777454169693,7.431064582797188,ISO
18815,1,1.6330708462206442,5.1892974916091275,0.8111634795372328,3.2392819745758414,-0.8219073666834116,-1.9500155170332856,ISO
18816,1,0.28906759188400255,4.923473823057472,-4.5287256061835555,7.326153914738911,-4.817793198067558,2.4026800916814395,ISO
18817,1,2.543706797622,2.164183936165018,4.210896510450518,-1.9699043761334722,1.6671897128285182,-4.13408831229849,ISO
18820,1,3.832385839855363,4.682831012182642,3.8862114836735064,-1.625534443309401,0.053825643818143455,-6.3083654554920425,ISO
18821,1,4.957983335546993,5.843545576443876,3.6179878394531038,1.9517325703975466,-1.3399954960938893,-3.8918130060463296,ISO
18822,1,8.441666052635455,0.30252697087321057,7.033752072802344,-2.6878357796812478,-1.4079139798331102,-2.9903627505544583,ISO
18823,1,2.0316710905379036,1.7626370191881622,2.8063036752864288,1.8507688701475966,0.7746325847485248,0.08813185095943447,ISO
18824,1,3.5900788832311092,3.941448305845248,-1.2730776181670682,5.433495274337084,-4.863156501398177,1.4920469684918365,ISO
18827,1,6.318690560914656,4.8178656084081455,4.513350400653379,-0.570966014540574,-1.8053401602612773,-5.388831622948719,ISO
18828,1,5.265727721456182,4.681248179917407,-1.7317912341891049,5.4605542353025225,-6.997518955645287,0.7793060553851157,ISO
18829,1,1.8441758674382467,3.3801989549702167,1.7256555674743521,0.6779361157933992,-0.11852029996389454,-2.702262839176817,ISO
18830,1,6.520459399748612,0.5624115924311629,7.621848768259528,-4.516868101712627,1.1013893685109164,-5.07927969414379,ISO
18831,1,3.3864919773327795,3.7951255446391783,3.2596746633411313,-0.032878562886695946,-0.1268173139916483,-3.8280041075258744,ISO
18834,1,1.0729861441264066,6.47309673833659,-3.1485986852234507,6.672449355278069,-4.221584829349857,0.19935261694147807,ISO
18835,1,5.027797130213302,1.291162103261914,3.7961355847054725,0.559305242887663,-1.2316615455078295,-0.7318568603742509,ISO
18836,1,0.452603556410003,3.137643573490856,6.23858956132702,4.440407864238618,5.785986004917016,1.3027642907477621,ISO
18837,1,3.5797684357330515,0.0901571309739356,5.727629497172859,-2.736534093093754,2.147861061439807,-2.8266912240676896,ISO
18838,1,0.6435193130328832,5.886739170358549,-3.6782978915407045,13.682098121416916,-4.321817204573588,7.795358951058367,ISO
18841,1,5.287564102342604,2.025755078170238,7.402589743279584,-2.684983849371415,2.1150256409369796,-4.7107389275416525,ISO
18842,1,2.865082368539067,2.6479245362050032,0.6935040451965181,1.5761455572647993,-2.171578323342549,-1.0717789789402037,ISO
18843,1,13.794765515186246,3.607979850939114,-0.5296821483293961,5.588530492518383,-14.324447663515642,1.9805506415792686,ISO
18844,1,0.8706400076963637,9.467449034741373,-3.1537868810263885,7.263451253020184,-4.024426888722752,-2.2039977817211893,ISO
18845,1,4.279945122590658,23.125290789363,-19.93231585663658,24.735365383099424,-24.212260979227242,1.6100745937364231,ISO
18848,1,2.313039982380548,2.9605814246602415,-2.167617539834623,4.5327900959580445,-4.4806575222151706,1.5722086712978032,ISO
18849,1,1.5166465066634374,6.77055846660656,1.0197247843436683,2.7693033483443945,-0.4969217223197691,-4.001255118262165,ISO
18850,1,5.825805885140669,1.5043706124142793,9.851013739978555,-4.809339255131078,4.025207854837885,-6.313709867545357,ISO
18851,1,0.9278312543383915,5.650791639325628,1.7479143630117744,2.789479771107811,0.8200831086733829,-2.861311868217817,ISO
18852,1,9.751634195400216,1.8942982978752114,13.01329570124874,-8.617723242446681,3.2616615058485245,-10.512021540321893,ISO
18855,1,8.741394559637344,2.3458375242404172,8.609403701495927,-5.537616457477913,-0.13199085814141817,-7.883453981718331,ISO
18856,1,0.35097774144944754,9.442651159380667,-5.878877169278477,9.726133181320662,-6.229854910727925,0.28348202193999744,ISO
18857,1,3.8452723687925787,4.1268012386505,3.2478818400693794,5.6649101861675,-0.5973905287231994,1.5381089475170002,ISO
18858,1,1.4903736443373992,5.296149200412981,-2.244431738198474,5.6465644322661905,-3.7348053825358734,0.35041523185320994,ISO
18859,1,1.011069944600543,3.73187052585721,1.005389776372455,2.1982251042720677,-0.005680168228087859,-1.5336454215851425,ISO
18862,1,10.932001284970502,0.3870335858653688,10.307315497257857,-7.523389704190921,-0.6246857877126443,-7.91042329005629,ISO
18863,1,3.863566905795984,2.1605966385809285,2.250621498521893,0.952763101040921,-1.6129454072740914,-1.2078335375400073,ISO
18864,1,2.148065098246052,7.4360959430456814,-0.8465903622498403,6.469466648835001,-2.9946554604958924,-0.9666292942106803,ISO
18865,1,4.633166558940219,5.188353421923166,6.741554764791647,-1.5201545057863488,2.1083882058514285,-6.7085079277095145,ISO
18866,1,9.865853709872896,7.14847670189406,16.80267541868306,-7.578614268483592,6.936821708810164,-14.72709097037765,ISO
18869,1,1.1402255829481782,4.809114703590901,-3.09489801085929,6.639680945602831,-4.235123593807469,1.8305662420119295,ISO
18870,1,2.2790526696113584,7.0084163019261005,2.6149823983690923,5.355115087843895,0.335929728757734,-1.6533012140822048,ISO
18871,1,4.387558483869952,2.6325350903218787,1.9522934649158439,3.3059742994740122,-2.4352650189541083,0.6734392091521336,ISO
18872,1,1.0219746625238126,9.547637162498209,-1.7493259989148755,7.558929711100266,-2.771300661438688,-1.988707451397944,ISO
18873,1,16.785924274252846,0.4308993681354567,19.562831313347818,-13.501513534909526,2.7769070390949717,-13.932412903044982,ISO
18876,1,0.825666756720562,2.1901897125638965,-0.37372284777881815,2.1814984835457936,-1.1993896044993801,-0.00869122901810286,ISO
18877,1,2.501458968049069,10.284394777324234,-6.507136023789137,10.106117078042377,-9.008594991838207,-0.17827769928185774,ISO
18878,1,2.9327383178409163,10.55237619036215,-1.8980572757989105,6.7220006771073395,-4.830795593639827,-3.8303755132548103,ISO
18879,1,4.706583822018132,8.228930424302721,3.332564996557879,4.843226578141286,-1.3740188254602532,-3.3857038461614333,ISO
18880,1,3.547457039832193,2.2301424842087934,1.6070144371505126,3.5747872173347277,-1.9404426026816806,1.3446447331259341,ISO
18883,1,7.1359142302940475,1.9673461902923128,5.620989115121139,-2.0427497028123174,-1.5149251151729088,-4.01009589310463,ISO
18884,1,14.010818162217172,4.859397628439489,14.484742930924881,-10.726719764975293,0.4739247687077087,-15.586117393414783,ISO
18885,1,3.164048906822332,7.583785384289378,-5.249767244503443,8.321590510543881,-8.413816151325776,0.737805126254503,ISO
18886,1,0.11212742024758224,18.314145307101903,-11.260796633433765,14.373667395544757,-11.372924053681347,-3.9404779115571444,ISO
18887,1,1.0011419441901528,7.948292672935259,-3.528887073996396,6.427220658281667,-4.530029018186548,-1.5210720146535928,ISO
18890,1,5.585969939929518,1.5234463472535162,5.514213409080685,-1.2474596901423711,-0.07175653084883248,-2.7709060373958874,ISO
18891,1,7.567608728954507,0.3641191048413798,9.497439984614152,-4.964157129338269,1.9298312556596442,-5.328276234179649,ISO
18892,1,2.5398476513340857,2.3134545459227307,8.793957188324113,7.117233251370848,6.254109536990027,4.803778705448117,ISO
18893,1,0.08177284613303687,10.135938975440851,-8.399239481377592,11.26518304108739,-8.48101232751063,1.1292440656465392,ISO
18894,1,1.0132678674302753,10.390962640510692,-1.4172504812424374,6.722005787201026,-2.4305183486727127,-3.6689568533096657,ISO
18897,1,4.831740809369623,0.5961238660911091,2.8185154721322108,-0.04183325376073787,-2.013225337237412,-0.637957119851847,ISO
18898,1,3.062743255336547,2.2106414572638773,2.65678909682082,0.3175285002251605,-0.4059541585157266,-1.8931129570387168,ISO
18899,1,0.0,11.43856238902229,-6.598280933202368,13.670759093856715,-6.598280933202368,2.232196704834426,ISO
18900,1,16.662882332311636,0.9518899889779937,19.18202553546539,-14.605261548056097,2.5191432031537544,-15.55715153703409,ISO
18901,1,5.814384924415561,1.7862209542574508,5.0548481550098945,-1.3828807387798618,-0.7595367694056664,-3.1691016930373124,ISO
18904,1,12.034384344447277,0.8087015795376126,11.8307951356127,-7.623284819696885,-0.2035892088345781,-8.431986399234498,ISO
18905,1,4.004214585517752,3.1819708028374607,4.871512822043361,1.6782784057444107,0.8672982365256092,-1.5036923970930502,ISO
18906,1,6.350715260826074,0.0,6.687840748129613,-2.514773905291225,0.33712548730353903,-2.514773905291225,ISO
18907,1,1.4420385128946036,5.756888125696563,-1.2448848099598415,4.1852914651590725,-2.686923322854445,-1.5715966605374911,ISO
18908,1,13.377831555028708,2.6332353409851863,0.2427805633533054,1.9733702200764058,-13.135050991675403,-0.6598651209087806,ISO
18911,1,3.9429359867986524,2.1049212114140663,3.3484625610966905,0.2001798270221792,-0.5944734257019617,-1.9047413843918872,ISO
18912,1,4.304683708374268,5.104124968500891,1.2360591791188915,2.668903899191996,-3.068624529255377,-2.4352210693088945,ISO
18913,1,13.919088072226717,9.577583747675968,14.344480426793686,-10.922574280497932,0.4253923545669687,-20.5001580281739,ISO
18914,1,0.3785047882075381,3.6135378999196344,-0.4553885733122741,2.4011397501921494,-0.8338933615198122,-1.2123981497274847,ISO
18915,1,1.1667415131466736,9.270709658648256,-3.3622846561123283,8.437322863543452,-4.5290261692590015,-0.8333867951048042,ISO
18918,1,4.302754618988818,0.18807349613910115,4.174314182601106,-0.9816519066776539,-0.1284404363877119,-1.169725402816755,ISO
18919,1,3.8249753288714423,4.7943583893183055,-3.054140606106542,6.633850341370917,-6.8791159349779845,1.8394919520526116,ISO
18920,1,5.675165017036886,3.625226623004156,5.04229813028848,-1.0731221123123917,-0.6328668867484059,-4.698348735316547,ISO
18921,1,0.9805208409507522,4.381171156386851,0.3400650315435583,3.213614548087155,-0.6404558094071938,-1.1675566082996964,ISO
18922,1,13.884860855167702,0.5885155414215241,14.842909410970202,6.26153163256685,0.958048555802499,5.6730160911453265,ISO
18925,1,5.774502921766538,0.0,5.063273822897938,-2.997322630946231,-0.7112290988685994,-2.997322630946231,ISO
18926,1,2.1235164114566505,12.647903391120899,-4.2337192403963435,10.66417959609245,-6.357235651852994,-1.9837237950284479,ISO
18927,1,4.8388481643781285,2.3602826046244965,5.290473993053377,-1.0376641063611218,0.451625828675248,-3.3979467109856185,ISO
18928,1,6.660680143199616,4.520628282375174,2.9603022858665584,1.1717863214887174,-3.700377857333058,-3.348841960886457,ISO
18929,1,0.33699467179098763,12.235498852717177,-6.148856626831569,10.60237082788411,-6.485851298622557,-1.6331280248330664,ISO
18932,1,4.957772775559418,0.47753439071939896,4.571452819022306,-1.765267579176438,-0.38631995653711176,-2.242801969895837,ISO
18933,1,2.2260954569415428,1.839166901220227,-0.15075138534590338,1.8190667165074552,-2.376846842287446,-0.020100184712771883,ISO
18934,1,0.6148577218925529,16.51420891426558,-5.968467381199453,14.433629754326066,-6.5833251030920055,-2.0805791599395125,ISO
18935,1,8.449396456127392,0.9472844477573851,6.169249468811796,-4.641217771675609,-2.2801469873155953,-5.5885022194329945,ISO
18936,1,9.540787170258637,4.730261277907352,13.018920462837515,-7.411099400341099,3.4781332925788777,-12.14136067824845,ISO
18939,1,5.212433412271202,0.6075494282276488,5.4338766618121905,-1.4990004584309804,0.2214432495409887,-2.106549886658629,ISO
18940,1,3.2949744253548774,1.7949474878863814,4.484826301177584,0.21356315719897112,1.189851875822707,-1.5813843306874102,ISO
18941,1,28.40551666688898,1.4667998824803778,22.021383257679254,-10.920228199964194,-6.384133409209725,-12.387028082444571,ISO
18942,1,1.0357906113016733,4.3571285808743285,-0.06808013407610092,1.9791867549284172,-1.1038707453777743,-2.3779418259459115,ISO
18943,1,7.293953341915639,0.0,8.410155736793802,-4.61506759420795,1.116202394878163,-4.61506759420795,ISO
18946,1,3.277878209165309,3.5903276051862405,1.8917390704541204,2.556404149262381,-1.3861391387111885,-1.03392345592386,ISO
18947,1,1.6937069005033485,8.974581076447752,-6.439184466242981,12.537562056165122,-8.13289136674633,3.562980979717369,ISO
18948,1,3.4538639742469157,0.9409565314454976,3.481539166348228,-0.3044271131146865,0.027675192101312255,-1.2453836445601842,ISO
18949,1,2.2103871395880854,4.0786905551922565,-0.04736543870541538,3.126118954560287,-2.257752578293501,-0.9525716006319692,ISO
18950,1,1.569036564609094,3.985110863325775,-0.4598204842298513,7.595105015832485,-2.0288570488389452,3.60999415250671,ISO
18953,1,0.16448131890143267,13.112113345249321,-8.628943037754915,17.017490301730763,-8.793424356656349,3.9053769564814416,ISO
18954,1,1.2993503788229728,3.6628239127164437,-0.8102271040361869,4.484252313121784,-2.1095774828591596,0.8214284004053403,ISO
18955,1,0.2787217176488148,4.254173585166619,2.0537389721494135,2.278672288146746,1.7750172545005987,-1.9755012970198729,ISO
18956,1,1.7532374132087414,2.4444175472623497,-0.22758370267612732,2.26740800073643,-1.9808211158848688,-0.1770095465259194,ISO
18957,1,0.1044182247989342,4.753929734597271,-3.483507999543187,9.087286063754195,-3.5879262243421213,4.333356329156923,ISO
18960,1,0.2912703613733021,4.293888875728123,-2.640224888576796,5.816011409356061,-2.9314952499500984,1.5221225336279376,ISO
18961,1,7.514632600247906,4.243394619759885,-3.5568953816011177,10.417280385751482,-11.071527981849023,6.1738857659915976,ISO
18962,1,2.812138557678844,0.9518615061805467,1.0940482871869182,3.0491165260224373,-1.7180902704919259,2.0972550198418904,ISO
18963,1,1.9499688043584351,6.737578779238443,-3.9096389460519783,7.426373730031759,-5.859607750410413,0.6887949507933165,ISO
18964,1,3.8436329907777154,3.2920542383248166,8.215620365484146,1.277340268838563,4.37198737470643,-2.0147139694862535,ISO
18967,1,1.1660823834599476,2.353960699320871,2.6863486684380127,1.2805110285657209,1.520266284978065,-1.0734496707551502,ISO
18968,1,1.572179602743708,6.231892642201015,3.447429972281394,0.1325934604723834,1.875250369537686,-6.0992991817286315,ISO
18969,1,0.19122637410885943,3.3416808875534625,0.10517450575981291,2.586336709823245,-0.08605186834904653,-0.7553441777302176,ISO
18970,1,1.7349101657132953,3.932463042283617,0.4017686699547205,4.249008054975164,-1.3331414957585748,0.3165450126915476,ISO
18971,1,12.536461789370314,0.28952567642877414,10.401209925707343,-6.716995693149831,-2.1352518636629703,-7.006521369578605,ISO
18974,1,2.7143301021818877,4.775067970127409,1.637825245792567,1.445592235722852,-1.0765048563893207,-3.3294757344045567,ISO
18975,1,0.6177217876130596,14.192158070410759,-6.377977457105196,11.118992177035599,-6.9956992447182555,-3.07316589337516,ISO
18976,1,2.8794544833647358,4.205519048072368,8.304952930967719,13.298533206066379,5.425498447602983,9.093014157994011,ISO
18977,1,6.856493821518969,3.2761620200789072,7.711971331597531,-4.809684667775297,0.8554775100785619,-8.085846687854206,ISO
18978,1,3.2205587026727014,3.1395775360677116,-1.5884767295580515,8.204015109129282,-4.809035432230753,5.06443757306157,ISO
18981,1,2.9975025275192007,2.470045001217443,0.31518803400953,4.676361239284153,-2.6823144935096708,2.20631623806671,ISO
18982,1,1.964136677256712,9.805516307695063,-6.2412528393140105,9.661429061100895,-8.205389516570722,-0.14408724659416766,ISO
18983,1,3.534671099531022,1.605329791037068,10.250546188640115,-3.387393137050528,6.715875089109093,-4.992722928087596,ISO
18984,1,2.834628977543706,5.832794242253606,3.30187551230378,0.5684832839579751,0.4672465347600741,-5.264310958295631,ISO
18988,1,6.277439337451647,2.92075302506421,5.841506050128619,-0.3749026270978599,-0.43593328732302833,-3.29565565216207,ISO
18989,1,2.1004994980580203,6.80668191775715,-4.821399691744799,11.309018394607165,-6.9218991898028195,4.502336476850014,ISO
18990,1,3.2919171076651046,4.816661659471124,5.55032535594692,-1.805450661761988,2.2584082482818153,-6.622112321233112,ISO
18991,1,5.224573521633025,3.302489617353283,12.755647728401781,-3.791747338442813,7.531074206768756,-7.094236955796096,ISO
18992,1,7.286985349956141,0.8432737763471876,7.846112527751423,-1.869867938856626,0.5591271777952819,-2.7131417152038138,ISO
18995,1,0.22303671475268594,16.177131716908995,-12.873400379634173,17.20170662530437,-13.096437094386859,1.024574908395374,ISO
18996,1,7.141744666435225,3.1911128946056655,6.4955868156624526,-4.2680426458934475,-0.6461578507727722,-7.459155540499113,ISO
18997,1,7.355520896948512,2.4743136289460987,4.6452373033890915,6.991452951545184,-2.7102835935594207,4.5171393225990855,ISO
18998,1,1.2157570138755798,4.217031754400148,-1.5808853579768627,4.385552528600754,-2.7966423718524425,0.16852077420060613,ISO
18999,1,1.9241144855535204,7.185154792206422,3.5723943770241506,2.7381629217490757,1.6482798914706303,-4.446991870457347,ISO
19002,1,0.46763224006496423,5.735537595014196,0.6084853244218935,4.067837076228133,0.14085308435692928,-1.6677005187860632,ISO
19003,1,3.885523256612828,3.198241559733862,11.404793306625315,-2.4361074008184858,7.519270050012486,-5.634348960552347,ISO
19004,1,6.093172570226882,0.6869753388001371,8.01969036816619,-2.1281301256306233,1.9265177979393082,-2.8151054644307605,ISO
19005,1,1.6810728673474475,6.738659613555468,-0.9554815869967708,8.139553669678422,-2.6365544543442185,1.4008940561229548,ISO
19006,1,3.3536244073539843,2.02231793184489,-0.3803732787169871,4.919494404738575,-3.733997686070971,2.897176472893686,ISO
19009,1,0.1490026353505785,3.3898099542238085,-1.2292717416415846,2.9893653717192743,-1.378274376992163,-0.4004445825045342,ISO
19010,1,3.9544292656770956,4.176972904005169,3.9715480070869376,1.4265617841547833,0.01711874140984183,-2.7504111198503858,ISO
19011,1,14.438963621803985,0.4198948145176748,17.588174730687008,-13.375681591492802,3.149211108883023,-13.795576406010476,ISO
19012,1,6.135583436571848,2.5972267579304673,5.362251873817132,1.5977321909741438,-0.7733315627547153,-0.9994945669563233,ISO
19013,1,6.36519479802591,0.4992309645509835,1.8040391673549687,1.9515392250632284,-4.561155630670941,1.452308260512245,ISO
19016,1,2.576347855045192,4.5019959438265,2.5551868870366263,2.9942769732148515,-0.02116096800856597,-1.5077189706116485,ISO
19017,1,9.023715777983885,0.07133372156516105,9.64194136488145,-4.428635213832745,0.6182255868975668,-4.499968935397906,ISO
19018,1,3.34077851289198,8.053177472133886,-5.893893799167107,19.134784246604635,-9.234672312059086,11.08160677447075,ISO
19019,1,1.0400507393034835,7.099476785680461,-5.8423719790440645,8.858519123024259,-6.882422718347548,1.7590423373437976,ISO
19020,1,3.369730103020048,2.2103985950197744,1.7863629461793125,1.6645654725760843,-1.5833671568407357,-0.5458331224436902,ISO
19023,1,4.14312225312912,1.5178331185140614,4.2611759401246765,-1.450373868802388,0.11805368699555657,-2.9682069873164494,ISO
19024,1,1.7291833526160594,5.586592369990601,1.1173184739979993,5.014631722586723,-0.61186487861806,-0.5719606474038781,ISO
19025,1,5.437840666963679,1.6005983454172632,5.52171481606844,-1.6215668826936123,0.08387414910475981,-3.2221652281108755,ISO
19026,1,0.6861151843419196,10.769929257245767,2.425659742622926,2.14151102991577,1.7395445582810063,-8.628418227329997,ISO
19027,1,2.7159041786990596,13.201534229449111,-1.609943198713283,5.501805887776737,-4.325847377412343,-7.699728341672375,ISO
19030,1,2.612038122556999,1.426070952705017,7.217665230017985,-0.48748343791457055,4.605627107460987,-1.9135543906195878,ISO
19031,1,7.597336863306321,0.6723306958678942,7.911091188044694,-4.691374188944367,0.3137543247383733,-5.363704884812262,ISO
19032,1,5.444626030398636,2.0874272943402365,8.561337750980275,-1.3755857285281552,3.11671172058164,-3.4630130228683917,ISO
19033,1,7.913071288892877,10.341165290741177,9.238365624563304,5.5623667373024075,1.325294335670427,-4.7787985534387705,ISO
19034,1,6.80410019248266,1.6285675917097555,26.312407742328723,-3.7608870232282277,19.508307549846062,-5.389454614937983,ISO
19037,1,7.3179866810819165,2.5229248119151504,8.882902270182436,-1.9160184456293772,1.564915589100519,-4.438943257544528,ISO
19038,1,1.6128146414175077,2.733875564876143,1.4099232472945753,2.032352778417376,-0.20289139412293247,-0.7015227864587674,ISO
19039,1,6.0387428340809945,3.588861399614035,11.568884551649957,-3.6103515876356562,5.530141717568962,-7.199212987249691,ISO
19040,1,4.8919225282399585,0.297108289144481,6.056172451980718,-3.2923744134270847,1.1642499237407589,-3.5894827025715657,ISO
19041,1,4.0134806029723125,0.8228092352334855,3.071821144871769,-0.041140461761637895,-0.9416594581005434,-0.8639496969951234,ISO
19044,1,1.3210747512348466,0.9624324648170626,5.216202368277654,-0.34956273486281075,3.8951276170428075,-1.3119951996798733,ISO
19045,1,4.040757794106902,0.03955561093625087,3.6056460738077276,-0.9158645301402466,-0.4351117202991747,-0.9554201410764974,ISO
19046,1,7.344092081454074,0.637207989420308,8.478106299913835,-5.3082665559332565,1.1340142184597597,-5.945474545353565,ISO
19047,1,0.9778197827541647,8.561237337048748,-5.574635609288713,14.82140964185531,-6.552455392042877,6.260172304806561,ISO
19048,1,1.7889432524575162,3.577886504915083,-1.3456061326081405,3.5333300104578496,-3.134549385065657,-0.0445564944572336,ISO
19051,1,3.8754704212915194,0.43026388862584725,1.3557955627201614,4.602894981198517,-2.5196748585713578,4.1726310925726695,ISO
19052,1,3.3070534215941394,3.1525182149776514,8.987080793678082,-1.0439711735873507,5.680027372083942,-4.196489388565002,ISO
19053,1,1.3177357755084216,1.4761976725632315,0.8277549096152725,2.998265894273914,-0.48998086589314904,1.5220682217106827,ISO
19054,1,1.5788505966159379,2.661863815782314,2.86411327237358,2.971762176688355,1.285262675757642,0.30989836090604095,ISO
19055,1,4.406527644074705,2.2032638220372753,8.134340890958338,-3.5061226146352626,3.727813246883633,-5.7093864366725375,ISO
19058,1,0.2805245759016216,6.401658486005119,1.915456869828303,3.36410331257028,1.6349322939266813,-3.037555173434839,ISO
19059,1,12.767430009543268,1.1362803062680247,12.832420211562374,-2.511556839315746,0.0649902020191056,-3.647837145583771,ISO
19060,1,1.5955289202055165,5.508002668873552,-0.9192988895715511,4.951748933997226,-2.5148278097770675,-0.5562537348763269,ISO
19061,1,0.7115835439583907,4.402106071154715,0.12326644068572253,2.7790979354595593,-0.5883171032726682,-1.6230081356951556,ISO
19062,1,0.38864756765854513,3.429243244045829,1.7031908112094387,0.1910578378825281,1.3145432435508937,-3.238185406163301,ISO
19065,1,0.6402621569788969,3.6509066377730095,-0.7626652164013276,3.431993473805947,-1.4029273733802246,-0.2189131639670621,ISO
19066,1,0.5522985581407353,4.771859542335966,1.0947784752478664,3.090417265329694,0.5424799171071312,-1.681442277006272,ISO
19067,1,0.362957948860054,6.892871138900962,1.6349757145895936,9.846483071367285,1.2720177657295395,2.953611932466323,ISO
19068,1,1.8627213418865984,2.1817194921791403,1.432643478545809,2.2102014698838026,-0.43007786334078935,0.028481977704662306,ISO
19069,1,0.295311722667357,5.975140521968931,-2.2837439886273416,7.231855963986533,-2.5790557112946986,1.2567154420176017,ISO
19072,1,5.272090049037177,3.328602009613853,6.769744529305575,-0.7098709097225301,1.4976544802683966,-4.038472919336383,ISO
19073,1,1.32055519890718,7.06641919916774,-1.2005047262792716,4.168649170217865,-2.5210599251864516,-2.897770028949875,ISO
19074,1,2.4190086803156046,2.1958962292184725,6.9125717304811225,1.1116480019572894,4.493563050165518,-1.084248227261183,ISO
19075,1,3.0834582214007815,4.687124332205295,3.234115789221681,0.12722194615981844,0.1506575678208997,-4.559902386045477,ISO
19076,1,3.5779349488772887,4.174257440356759,2.6254754138751686,0.646016032436147,-0.9524595350021203,-3.5282414079206115,ISO
19079,1,5.519461193748684,0.24350564090074198,3.8211654418260506,3.3965915038454098,-1.6982957519226338,3.1530858629446676,ISO
19080,1,0.9871263308254904,7.88990901832469,3.256096566068312,1.4629354255399918,2.2689702352428216,-6.426973592784698,ISO
19081,1,6.995282855188618,0.05708881546666661,7.010506539313063,-4.003828924732519,0.015223684124444428,-4.060917740199185,ISO
19082,1,4.736635007864977,0.8140499813677169,7.405961690954338,-1.7871236800258063,2.6693266830893605,-2.6011736613935232,ISO
19083,1,2.3880168065547935,3.377338054984692,1.0537597971781443,3.6350922499779337,-1.3342570093766493,0.2577541949932418,ISO
19086,1,3.6424548571351774,2.176192774517755,3.108846820739635,0.07888118798894934,-0.5336080363955421,-2.097311586528806,ISO
19087,1,7.7881257159745285,2.2069625769449397,2.0549273771998706,5.262379655693165,-5.733198338774658,3.055417078748225,ISO
19088,1,3.0447492888444336,1.3012564881267785,2.2779942432733566,2.1602766636628257,-0.7667550455710772,0.8590201755360469,ISO
19089,1,5.774680534880775,1.5777531127763782,5.774680534880775,-1.551717582862365,0.0,-3.129470695638743,ISO
19090,1,7.9836843052897795,2.5941383176850867,6.910247760040708,-2.935178053415319,-1.0734365452490715,-5.529316371100406,ISO
19093,1,5.080326935689747,4.083432593592084,-0.7323339205409686,6.015873933658296,-5.812660856230717,1.9324413400662113,ISO
19094,1,11.481022837616635,1.3755611444298628,11.171521580119856,-4.627780707332006,-0.30950125749677776,-6.003341851761869,ISO
19095,1,1.700687880338397,2.140967483877765,2.076220483357229,0.8158122065582003,0.3755326030188323,-1.3251552773195647,ISO
19096,1,2.294557174891495,5.6107193110419855,0.32837302326183015,4.666140120671502,-1.9661841516296645,-0.9445791903704838,ISO
19100,1,5.414021401237063,2.908133985604309,1.1143317141100093,6.599018053315085,-4.299689687127054,3.6908840677107757,ISO
19101,1,1.7670648232993649,12.155952357709454,-9.021570023322445,15.58106001006853,-10.78863484662181,3.4251076523590758,ISO
19102,1,0.7758049598693008,3.475910457453258,1.8520441934133494,1.4185061276039503,1.0762392335440487,-2.057404329849308,ISO
19103,1,2.352872964571286,2.791271516944354,4.0783131385901745,2.324718929097718,1.7254401740188883,-0.466552587846636,ISO
19104,1,3.143529197009967,2.259111196628029,1.345853478842137,3.1980042187726507,-1.7976757181678302,0.9388930221446219,ISO
19107,1,0.6354131827520959,5.3307500187617745,-1.9367882589656353,4.924452166328952,-2.5722014417177315,-0.40629785243282257,ISO
19108,1,0.6804798859013231,3.2994078792082093,-0.8018627844675679,4.711863426160267,-1.482342670368891,1.4124555469520585,ISO
19109,1,2.9888540708237117,5.147649637586606,-1.9947142345648246,5.240950787267852,-4.983568305388536,0.09330114968124553,ISO
19110,1,2.2248174717344407,2.285586385985097,2.673832227031342,1.3234119103487818,0.4490147552969012,-0.9621744756363156,ISO
19111,1,2.036451164839733,5.287998970654589,-0.681639579083535,8.696196866072457,-2.718090743923268,3.4081978954178678,ISO
19114,1,0.06840568733581977,11.081721348412959,-4.0801980563873546,8.965168904961555,-4.148603743723174,-2.1165524434514036,ISO
19115,1,7.08496444341296,0.6187583860181983,6.860619297605154,-2.4207564926676564,-0.22434514580780582,-3.039514878685855,ISO
19116,1,1.8924474468423889,2.6199337380959578,11.19739034780988,2.560948363129498,9.304942900967491,-0.05898537496646028,ISO
19117,1,4.974407121884509,5.105509719223384,-3.8132126883121025,8.959926080984793,-8.787619810196611,3.85441636176141,ISO
19118,1,2.1040616019948515,4.100324981496615,3.0982007649867334,1.6049957571194107,0.9941391629918819,-2.4953292243772043,ISO
19121,1,4.1517382709870505,1.146034442287706,2.2569144538303427,2.4467483798535272,-1.894823817156708,1.300713937565821,ISO
19122,1,2.622054512000069,5.773772790197162,-3.655117725409066,10.081121103733127,-6.277172237409135,4.3073483135359645,ISO
19123,1,2.261154999753955,7.108811042391717,1.5738614836416909,2.074081024954066,-0.6872935161122641,-5.034730017437651,ISO
19124,1,0.5687261782361773,3.6588050799856813,-1.2764743111521686,8.154901477930123,-1.8452004893883458,4.496096397944442,ISO
19125,1,0.2796498954797047,8.297611898732978,-1.2903845177134181,5.117593087278242,-1.5700344131931228,-3.180018811454736,ISO
19128,1,2.5784294302958686,2.2797590712074793,5.606234446743292,-1.126179060416145,3.0278050164474237,-3.4059381316236244,ISO
19129,1,3.7361552393600923,4.241400431871361,-1.9899569424348604,6.15158181759398,-5.726112181794953,1.9101813857226184,ISO
19130,1,0.14205765991443386,4.430423268582295,3.2895226873943,1.6558595983779572,3.147465027479866,-2.7745636702043384,ISO
19131,1,6.09440076914885,0.4482686697127841,6.963562922637862,-3.8051508451957408,0.8691621534890113,-4.253419514908525,ISO
19132,1,0.6473156879141305,6.328235456474306,0.5555321202248914,2.8742748829024936,-0.09178356768923915,-3.4539605735718117,ISO
19135,1,1.8168373814431482,3.2824484433235073,-0.7154610213320962,5.780057826882683,-2.5322984027752447,2.497609383559176,ISO
19136,1,5.925647410432793,1.9345807735311953,6.28076223735501,-2.634209984780946,0.35511482692221646,-4.568790758312141,ISO
19137,1,2.2689796769656727,2.305283351797194,1.8832531318814465,4.592414866178576,-0.38572654508422627,2.2871315143813815,ISO
19138,1,4.219250445923815,1.861292196716167,4.373554462231855,0.2796760295584531,0.15430401630804025,-1.581616167157714,ISO
19139,1,2.25452094315759,3.9157469012736446,-1.1002925177132372,3.6029186364335177,-3.3548134608708273,-0.31282826484012705,ISO
19142,1,3.5078613395335445,0.6506994053098374,2.034914503877817,0.9760491079646889,-1.4729468356557274,0.32534970265485147,ISO
19143,1,2.951614239214963,4.527395389505495,-1.0092616430864556,6.7077813920224125,-3.960875882301419,2.1803860025169177,ISO
19144,1,7.652651430123089,1.4081598457545195,8.06655144868357,-4.611386076352834,0.4139000185604822,-6.019545922107353,ISO
19145,1,8.909976801396363,2.5899654401834264,9.405663966981672,-6.357187898631944,0.495687165585309,-8.94715333881537,ISO
19146,1,1.196297587175194,6.455881806652376,-5.5758467999947845,12.904888339815088,-6.772144387169979,6.449006533162713,ISO
19149,1,2.8461919357728904,4.301300287395192,-2.689040233797839,7.147492223168083,-5.53523216957073,2.8461919357728904,ISO
19150,1,1.587315837106967,4.196531085684792,2.5988406352634095,0.8662802117545091,1.0115247981564424,-3.3302508739302827,ISO
19151,1,5.643957234828078,1.8259861642090882,7.40231428184416,-2.809682414288133,1.7583570470160814,-4.635668578497222,ISO
19152,1,1.9995707584751372,5.524339633024551,0.7686037750294826,4.335405668525784,-1.2309669834456547,-1.188933964498767,ISO
19153,1,11.076683587737515,11.70053514989877,22.0604531130254,-8.229531245532998,10.983769525287883,-19.93006639543177,ISO
19156,1,0.3431544154935028,13.192380862304406,-9.329987274583527,14.740388558863808,-9.67314169007703,1.548007696559402,ISO
19157,1,0.23759055102335333,4.506795764723567,-3.3782406473627433,7.268785920369553,-3.615831198386097,2.7619901556459867,ISO
19158,1,4.393423347463819,2.6574081813642887,6.4813869185357404,4.697918034911892,2.087963571071922,2.040509853547603,ISO
19159,1,3.85481857851539,1.2821154832571147,9.302397360900828,-3.43403618423056,5.447578782385439,-4.716151667487675,ISO
19160,1,3.504358996669464,3.7629503730141023,-0.12037874416039486,5.015781006683457,-3.624737740829859,1.2528306336693547,ISO
19163,1,1.9943874114986406,1.4438785376224688,0.21730613442480756,1.690158823303888,-1.777081277073833,0.2462802856814193,ISO
19164,1,5.077134532512284,1.3518997275920377,3.7052066608077903,2.413391365553121,-1.3719278717044938,1.061491637961083,ISO
19165,1,5.6062891736486105,0.03179370041763783,3.60328604733558,-1.3282701507825185,-2.0030031263130303,-1.3600638512001564,ISO
19166,1,7.652320838459554,2.5292351142797758,5.8015484281927945,3.1753900704826776,-1.8507724102667598,0.6461549562029022,ISO
19167,1,1.738597531122818,3.908329759990301,2.8258067689138655,0.7357407341947942,1.0872092377910478,-3.172589025795507,ISO
19170,1,0.009534392531327244,6.168751967774362,-4.9674185088260465,7.951683371134183,-4.9769529013573734,1.7829314033598203,ISO
19171,1,2.050592966809429,2.982680678995687,0.21748713284337076,3.1380286310267063,-1.833105833966058,0.15534795203101948,ISO
19172,1,3.5719382065973604,4.377375253183118,-2.2937446326679574,4.246053995587644,-5.865682839265318,-0.1313212575954736,ISO
19173,1,7.891215880264471,4.131188681692725,2.3614476969570815,2.791779851300168,-5.5297681833073895,-1.339408830392557,ISO
19174,1,6.199693068445677,2.3021385865082,8.222528076443659,-3.402425410942217,2.0228350079979824,-5.704563997450417,ISO
19177,1,4.005141894229114,0.0,3.436295654179179,-0.8184420392555514,-0.5688462400499352,-0.8184420392555514,ISO
19178,1,1.8509689649029355,18.632730938603594,-15.995367644681318,19.94873777492187,-17.846336609584252,1.3160068363182778,ISO
19179,1,2.8207228004464158,7.368247671894153,-7.028755031721578,12.146292237286325,-9.849477832167993,4.778044565392171,ISO
19180,1,3.0055833102711724,2.16011783504817,0.16258951446594583,1.8117117326210523,-2.8429937958052265,-0.34840610242711734,ISO
19181,1,4.154322445242111,3.0273519946711303,2.824791946365818,0.22097459815122691,-1.3295304988762933,-2.8063773965199035,ISO
19184,1,3.572298627550645,1.4059429514250812,2.691532809731806,2.631356263172939,-0.8807658178188388,1.2254133117478576,ISO
19185,1,1.9977109919370617,3.1971240874898244,-0.1848275917737179,3.82239189795838,-2.18253858371078,0.625267810468556,ISO
19186,1,7.393759784803755,12.609641034933972,8.557132875477658,-1.4390539178476711,1.1633730906739026,-14.048694952781643,ISO
19187,1,1.8899205034641533,5.13086851542908,1.294102192131076,2.812110628648618,-0.5958183113330773,-2.318757886780462,ISO
19188,1,3.5163669658772605,3.640249812913693,0.7290029075599186,1.6867126096484517,-2.7873640583173422,-1.9535372032652412,ISO
19191,1,2.249168313252348,1.9254243893751182,-0.3791211740140745,3.970122855968153,-2.6282894872664224,2.044698466593035,ISO
19192,1,0.8883772586164779,4.862696573479822,-0.9292893692107539,4.149656931695519,-1.8176666278272318,-0.7130396417843028,ISO
19193,1,2.9359698127015763,1.2297255760007029,0.5687480789002523,6.696880532636875,-2.367221733801324,5.467154956636172,ISO
19194,1,12.970949535203387,0.7808739550969093,15.739886370573823,-11.316340938457595,2.7689368353704347,-12.097214893554504,ISO
19195,1,6.879717456481678,1.098907889021966,4.067806093396225,1.8515212752007864,-2.811911363085452,0.7526133861788203,ISO
19198,1,0.0,7.348383374597935,-4.4522558093152,7.123609294904359,-4.4522558093152,-0.22477407969357605,ISO
19199,1,1.877942653334067,2.7033510761857684,1.1411686919964488,1.4846272303643866,-0.7367739613376183,-1.2187238458213818,ISO
19200,1,1.800290199599674,4.6719187388384515,11.232485478483843,1.8996927259579737,9.43219527888417,-2.7722260128804774,ISO
19201,1,6.7212383668329,1.8322755754544564,7.190161973821209,-4.376620331891252,0.4689236069883097,-6.208895907345709,ISO
19202,1,0.34100842494034933,4.363264425139516,1.8734920695515207,0.6861253851207525,1.5324836446111714,-3.6771390400187633,ISO
19205,1,1.7963089949118645,2.543243602489944,0.971473231942167,3.2489364219195758,-0.8248357629696976,0.7056928194296314,ISO
19206,1,7.045897605152607,0.12300798891677094,4.152749705830214,6.514503093032193,-2.8931478993223942,6.391495104115422,ISO
19207,1,4.424090743770974,4.136571219542722,1.4004983276926952,3.079241356251554,-3.023592416078279,-1.0573298632911676,ISO
19208,1,3.70317995577642,3.9050749892335688,7.066326170993921,-1.9551940082147792,3.363146215217501,-5.8602689974483475,ISO
19209,1,2.2710322495820963,11.299224492994844,-4.010665327464043,7.59621131756789,-6.281697577046139,-3.7030131754269537,ISO
19212,1,5.626054311749845,0.06917279891502533,5.804750708946787,-3.3202943479179394,0.17869639719694125,-3.3894671468329647,ISO
19213,1,4.371230053093946,1.4228657056495377,3.3775566258697767,0.4198620115030849,-0.9936734272241691,-1.0030036941464529,ISO
19214,1,11.30517474494592,1.964091018703851,7.6965736190562914,1.817616434258124,-3.6086011258896282,-0.1464745844457268,ISO
19215,1,4.9911861286676995,0.13041103899133613,1.7071990558863002,3.467748082269271,-3.2839870727813993,3.3373370432779343,ISO
19216,1,5.934566594605022,1.806658821920146,7.830719351976373,-2.360402547524322,1.8961527573713504,-4.167061369444468,ISO
19219,1,3.7678362492543047,2.4810322230961237,2.6846990473802683,0.39807606564598097,-1.0831372018740364,-2.082956157450143,ISO
19220,1,0.50898282393259,3.501354371228266,-0.08389826768123947,2.7630496156338418,-0.5928810916138294,-0.7383047555944241,ISO
19221,1,0.8546584688733688,4.427605679024389,-1.1514148816766105,7.365494165776511,-2.0060733505499795,2.937888486752121,ISO
19222,1,1.5862281937830847,5.309276185802667,-4.352295539966746,9.589470444233886,-5.93852373374983,4.2801942584312185,ISO
19223,1,4.006611410660251,3.2275480808095725,-0.2050166657501014,3.3739885563453975,-4.211628076410352,0.14644047553582476,ISO
19226,1,2.6891641377461357,3.293251733906506,1.7538026985301607,0.3556322138686113,-0.9353614392159749,-2.9376195200378943,ISO
19227,1,8.35715990689467,3.33985056375305,8.146221976552454,-4.243870265220005,-0.21093793034221733,-7.583720828973055,ISO
19228,1,4.619632349098957,1.1042308270940482,6.065267876357412,-1.685685707061541,1.4456355272584553,-2.789916534155589,ISO
19229,1,1.5927535918813456,6.015795940559098,-1.5927535918813456,4.806907422980137,-3.185507183762691,-1.2088885175789614,ISO
19230,1,5.607524408983919,4.402451668824302,-3.197378928664684,7.720943435696009,-8.804903337648604,3.3184917668717078,ISO
19233,1,8.233685961869025,1.6161873102890554,6.109976416946525,-3.5033816390717942,-2.1237095449225,-5.11956894936085,ISO
19234,1,0.30484628063101893,6.3673537647942,-3.4516465968228927,5.521651179817663,-3.756492877453912,-0.8457025849765374,ISO
19235,1,5.447478521677513,0.9819489180707,4.675947228907791,0.9959767597574106,-0.7715312927697218,0.014027841686710616,ISO
19236,1,0.9885923541651935,6.283264866377087,-1.1359306377186391,4.719577921567682,-2.1245229918838326,-1.563686944809406,ISO
19237,1,9.192430865149818,1.0353502181181355,8.88922115841513,-2.433073012577829,-0.30320970673468695,-3.4684232306959646,ISO
19240,1,0.5661562746985453,2.7175501185527033,-1.53491256696038,3.2774157679768265,-2.1010688416589254,0.5598656494241234,ISO
19241,1,1.3911778206174856,6.339621735182451,-3.2704882098728025,7.8528326979593945,-4.661666030490288,1.5132109627769434,ISO
19242,1,5.475916010297645,2.8941932140488342,8.441823746464438,-3.483276788589668,2.965907736166792,-6.3774700026385025,ISO
19243,1,2.33700136313265,9.924668126550037,-6.0498996326982395,9.479525009762936,-8.38690099583089,-0.4451431167871003,ISO
19244,1,0.7271091746326064,7.35607853297168,-3.1445111058787876,6.402337927284634,-3.8716202805113937,-0.9537406056870467,ISO
19247,1,3.360828809055139,1.712970868400709,3.9718885925197203,1.712970868400709,0.6110597834645811,0.0,ISO
19248,1,2.013789106161508,17.456578547004955,-11.695683248876941,15.49327440450762,-13.709472355038448,-1.9633041424973368,ISO
19249,1,1.8834748349001267,2.3301274386049746,1.711271421423578,5.349068531116267,-0.17220341347654877,3.0189410925112923,ISO
19250,1,2.9114463892255222,11.461011086230995,-7.530808156007068,13.039084943855867,-10.44225454523259,1.5780738576248718,ISO
19251,1,5.338271602317173,3.2848040591261705,4.7839841676514805,-1.904665547307562,-0.5542874346656924,-5.1894696064337325,ISO
19254,1,3.5973166467738658,1.944982217029143,4.59231912354112,-1.719868534502721,0.9950024767672546,-3.664850751531864,ISO
19255,1,0.8616947274874163,4.535791878430352,-0.909272963974405,3.7269618581508213,-1.7709676914618213,-0.8088300202795308,ISO
19256,1,1.5448741994585857,4.462969909546822,7.2523261030136315,11.039413550297354,5.707451903555046,6.576443640750531,ISO
19257,1,4.669167667317442,1.0347578619131184,2.250952718791784,0.14458260536319667,-2.4182149485256583,-0.8901752565499218,ISO
19258,1,4.0809945788551145,0.5602480362609484,1.5840515543012204,1.0749936939423048,-2.496943024553894,0.5147456576813564,ISO
19261,1,2.7306999480285543,0.47423052445898295,1.776039807287601,5.495494901083612,-0.9546601407409536,5.021264376624629,ISO
19262,1,2.375610345326304,1.8747820449123267,0.3590008171109461,4.613825316202592,-2.016609528215358,2.7390432712902655,ISO
19263,1,7.176469459349664,1.826841154996974,9.632176494805188,-5.938656527225542,2.455707035455524,-7.765497682222517,ISO
19264,1,3.1100806838873294,2.0759405550085352,5.680110411582291,-1.1413842903921383,2.570029727694961,-3.2173248454006735,ISO
19265,1,3.599097355627468,1.466158606976622,3.303592520112802,2.167035460440884,-0.29550483551466594,0.7008768534642619,ISO
19268,1,11.11995439590465,0.6823900999417256,15.497551263454962,-9.218703991664741,4.377596867550312,-9.901094091606467,ISO
19269,1,5.778209854210527,1.9202615377985577,8.179408038499506,-4.896492668978166,2.4011981842889796,-6.816754206776723,ISO
19270,1,0.46775494767810777,3.9118410350339525,1.880631193746831,1.8357779795859583,1.4128762460687232,-2.076063055447994,ISO
19271,1,2.642219019718366,1.9970737847328026,0.8752607328149222,2.5435980920773322,-1.7669582869034435,0.5465243073445294,ISO
19272,1,1.941766737449999,8.131425925706129,-0.7642651689734862,6.962811161519997,-2.706031906423485,-1.1686147641861317,ISO
19275,1,0.9029356856962285,5.401632951598691,-3.0404161805965644,5.425604695466711,-3.943351866292793,0.023971743868019757,ISO
19276,1,2.284163202383555,1.3550120692105625,6.562129878034028,1.2466111036737282,4.277966675650473,-0.10840096553683444,ISO
19277,1,1.4870843027303375,2.0463296815349796,3.6859354512119764,0.8134478237157731,2.198851148481639,-1.2328818578192065,ISO
19278,1,5.05399635529515,19.273302587160607,-0.9974192566407468,15.824907962067458,-6.051415611935897,-3.448394625093148,ISO
19279,1,2.8406441971155596,3.8040546978829433,-1.5761679148584038,5.582113783858016,-4.416812111973964,1.7780590859750736,ISO
19282,1,5.12489930202784,0.44979169406095926,3.0304147468550515,4.711454411527432,-2.094484555172788,4.261662717466473,ISO
19283,1,2.6036023082282793,1.0795424204848612,0.7027609482372509,2.2903233313032514,-1.9008413599910285,1.2107809108183902,ISO
19284,1,1.9045050852703387,1.1261421373772773,1.0930203098072937,2.2688451885394993,-0.811484775463045,1.142703051162222,ISO
19285,1,2.9060616664161705,3.1359196513303234,3.1030827963426937,5.442708714219994,0.1970211299265232,2.30678906288967,ISO
19286,1,8.600864807492876,2.6487852292738507,14.025822947050516,-4.990082952661827,5.424958139557639,-7.638868181935678,ISO
19289,1,2.184292269942628,1.9587403507637942,1.4838942051240729,1.2464711323042572,-0.7003980648185552,-0.712269218459537,ISO
19290,1,10.410099156955534,1.2774664509258198,8.36615283547429,-5.260155974400059,-2.0439463214812434,-6.537622425325879,ISO
19291,1,1.3619112272996103,3.6141333539987155,1.6704348062995276,2.296296923699151,0.3085235789999172,-1.3178364302995649,ISO
19292,1,2.4350774615839863,2.9866970498204375,2.295930178064911,2.06236152358654,-0.13914728351907527,-0.9243355262338975,ISO
19293,1,2.0150665465742112,3.7493822484571337,-1.5350731669407305,4.7863490780424875,-3.550139713514942,1.0369668295853536,ISO
19296,1,1.189914400637761,3.267135660371497,0.2461891863388391,4.12366887117538,-0.9437252142989221,0.8565332108038826,ISO
19297,1,2.075148788237453,4.62192230107442,-0.5749329976069147,4.244622521394911,-2.6500817858443675,-0.37729977967950906,ISO
19298,1,2.084327067780035,5.341088111186283,7.980480539407613,11.61106111127445,5.896153471627578,6.269973000088167,ISO
19299,1,4.1699444339617235,0.8500137359120303,4.431219147869104,-1.835890323055854,0.2612747139073805,-2.685904058967884,ISO
19300,1,10.210501885984604,3.286187276427779,12.852172432067844,-6.937035334497823,2.6416705460832417,-10.223222610925601,ISO
19303,1,2.3990272988067445,1.7220011899409977,1.5944455462416687,1.3589582040275057,-0.8045817525650757,-0.3630429859134921,ISO
19304,1,23.442331809113313,1.4436461253627273,24.95928808927968,-20.10953938688909,1.5169562801663663,-21.553185512251815,ISO
19305,1,6.447926195097832,2.737507127208703,2.6707386606914785,3.1715021595709882,-3.7771875344063535,0.43399503236228526,ISO
19306,1,21.753351278550024,0.24665814794691762,23.05304998119345,-17.16171498599952,1.2996987026434235,-17.40837313394644,ISO
19307,1,2.13878267067953,1.2126133891799622,2.7912386937290723,-0.09548136922674988,0.652456023049542,-1.3080947584067122,ISO
19310,1,7.604112205916046,0.31210908307863644,7.369017052428266,-4.162805562620346,-0.23509515348778015,-4.474914645698982,ISO
19311,1,4.121589269930115,3.698752650528045,3.784174189801132,3.77563203587392,-0.3374150801289831,0.07687938534587498,ISO
19312,1,0.0,4.943458869039472,-1.6120987452287383,5.870648609792411,-1.6120987452287383,0.9271897407529394,ISO
19313,1,0.9901645923782716,5.25876888775022,-1.5397296292962481,4.794481184147035,-2.5298942216745197,-0.464287703603185,ISO
19314,1,1.8661207995491371,5.145372653110489,-1.1915599828256178,6.322161231190349,-3.057680782374755,1.1767885780798595,ISO
19317,1,3.849916351700144,2.2109519619763587,-0.18699593708253343,4.108410735314312,-4.036912288782678,1.8974587733379533,ISO
19318,1,0.0,3.8878678519542085,-3.6057294011592678,6.500469906315419,-3.6057294011592678,2.612602054361211,ISO
19319,1,4.396989709803206,6.541731634267105,7.477032623882944,-0.9299256965720742,3.080042914079738,-7.47165733083918,ISO
19320,1,0.14885762633691751,1.9785659500613464,-0.614037708639626,2.7290564828432995,-0.7628953349765436,0.7504905327819532,ISO
19321,1,0.9178945555824602,3.06166144526472,3.140165584886959,0.978282355291632,2.222271029304499,-2.083379089973088,ISO
19324,1,0.20279149539102936,7.3900993785511035,-5.616852814201904,9.017147422967176,-5.819644309592934,1.6270480444160718,ISO
19325,1,0.35735401410926887,5.304154580850024,-0.9035951499619405,4.819174133130311,-1.2609491640712094,-0.48498044771971377,ISO
19326,1,1.4068183325660875,7.278755720668051,4.298302652464822,9.647548644277373,2.8914843198987343,2.368792923609322,ISO
19327,1,11.039376166204974,0.028245738591650797,10.771041649585094,-7.3062310490192885,-0.2683345166198798,-7.33447678761094,ISO
19328,1,1.6273580581447347,12.547621784228348,0.703722403522001,8.714847979331418,-0.9236356546227336,-3.832773804896929,ISO
19331,1,2.2919333019530437,10.528726713828592,-7.321031982176778,14.206950798861413,-9.612965284129821,3.6782240850328223,ISO
19332,1,0.900626522325371,3.955977788924055,-1.2976769246409579,5.636178881649448,-2.198303446966329,1.6802010927253925,ISO
19333,1,8.880331350328158,0.3513216906703644,10.30723790935829,-2.65383000183261,1.4269065590301346,-3.0051516925029746,ISO
19334,1,6.443638336080396,0.15603429154633283,4.889074468452113,-1.6874819678344388,-1.554563867628284,-1.8435162593807717,ISO
19335,1,1.8029074802271992,5.03069345289204,2.7673660516390584,2.723747322278763,0.9644585714118593,-2.3069461306132766,ISO
19338,1,0.2065585611351346,7.3328289202988195,-5.815914486962285,10.857234369667632,-6.02247304809742,3.524405449368812,ISO
19339,1,23.078384801301382,0.5930339616239477,17.247924589125216,-11.086613850990316,-5.830460212176166,-11.679647812614265,ISO
19340,1,3.5894736409318306,1.3666084478113911,4.252930854184682,6.282996515248796,0.6634572132528517,4.916388067437405,ISO
19341,1,2.6890876932740855,1.8745507571371882,0.3979701012175786,1.6551092994564,-2.291117592056507,-0.21944145768078807,ISO
19342,1,5.343298269405773,0.16020471001741962,5.536486302073923,-2.1768992949431643,0.19318803266814993,-2.337104004960584,ISO
19345,1,0.7031237610883938,5.758013502966405,-2.4894381811504105,7.0185687142869,-3.1925619422388043,1.2605552113204952,ISO
19346,1,5.876933999861359,4.137572367615465,5.7846951254241565,-2.666142703972974,-0.09223887443720283,-6.803715071588439,ISO
19347,1,6.286266065625154,0.29310962805992213,2.899914405273586,0.5612737558594495,-3.3863516603515675,0.26816412779952736,ISO
19348,1,2.5905021760745996,13.635229434166316,-11.727445811884746,19.920068457401516,-14.317947987959345,6.2848390232352,ISO
19349,1,2.162325582627026,4.324651165253755,3.51703558620047,2.7419851514636773,1.354710003573444,-1.582666013790078,ISO
19353,1,18.32861111815885,5.740659331347855,12.780075593081005,-0.6378510368163701,-5.548535525077847,-6.378510368164225,ISO
19354,1,3.14118443707679,2.568678241286937,2.9993244947572077,3.171582996145247,-0.1418599423195821,0.6029047548583103,ISO
19355,1,6.803008659814508,0.924159809177222,8.025284536468263,-3.0705954950083334,1.2222758766537538,-3.9947553041855555,ISO
19356,1,3.8488979945692954,2.853072005498257,4.319318860572201,2.8225251960175757,0.47042086600290617,-0.03054680948068113,ISO
19360,1,5.85889369846258,1.9764095189292126,2.4652367842870944,1.7407877435408339,-3.3936569141754855,-0.2356217753883787,ISO
19361,1,1.0360204708568486,4.557671083255716,0.07780390887860074,5.360279827476855,-0.9582165619782478,0.8026087442211394,ISO
19362,1,1.047631172538177,8.813405102305381,-3.6708663704413067,8.572283641959226,-4.718497542979484,-0.24112146034615436,ISO
19363,1,12.79543315673774,0.9857508927395963,16.03294834367658,-11.224996685461395,3.2375151869388397,-12.210747578200992,ISO
19366,1,4.005328027275964,0.4695577992117207,2.5543944277117863,1.8688400408626569,-1.4509335995641783,1.399282241650936,ISO
19367,1,2.8330219937248926,2.41520220328348,1.7629957011309942,2.027954592630438,-1.0700262925938986,-0.3872476106530421,ISO
19368,1,0.136238738178104,6.8220286672892145,-2.290829153068996,8.022947914933264,-2.4270678912471,1.2009192476440493,ISO
19369,1,11.83126704209228,7.068589416769348,10.373011298592141,-2.341829420596308,-1.4582557435001395,-9.410418837365656,ISO
19370,1,7.1951291572403075,2.6121072957205826,9.518914889841877,-4.135477942648335,2.32378573260157,-6.747585238368917,ISO
19373,1,0.3588070824975516,2.57145075789895,-0.21927099485952045,1.8638034563066603,-0.5780780773570721,-0.7076473015922896,ISO
19374,1,1.8888235106942692,2.705871848653631,0.3220131684898925,4.277488357551882,-1.5668103422043769,1.571616508898251,ISO
19375,1,4.73188039350354,1.983589430381484,-1.357924539957456,6.506914860410314,-6.0898049334609965,4.523325430028829,ISO
19376,1,7.242746883010426,0.6242104221542778,12.879700542616707,-4.5457766621000015,5.636953659606282,-5.16998708425428,ISO
19377,1,1.6907823840030278,2.7730569691359483,1.7212077739464986,1.8602952708310352,0.03042538994347076,-0.9127616983049134,ISO
19380,1,1.0787080475758677,6.768177041869773,2.973606697521107,3.0547484533121385,1.8948986499452394,-3.7134285885576346,ISO
19381,1,1.159211800067773,10.644634383270418,0.5187340475189087,3.7475888330956817,-0.6404777525488641,-6.897045550174736,ISO
19382,1,5.290286758447737,2.5308598867986043,9.180081264266292,-1.201015611305048,3.8897945058185557,-3.7318754981036526,ISO
19383,1,2.4229310616404027,6.286034230947224,-1.7571911250774275,8.35118668722393,-4.18012218671783,2.065152456276705,ISO
19384,1,2.6889936005754347,7.351361537057412,1.116799761529327,3.3991915071791485,-1.5721938390461077,-3.9521700298782636,ISO
19387,1,2.9155039627332284,0.2805715110580377,1.073490998830616,0.9921659231617,-1.8420129639026122,0.7115944121036625,ISO
19388,1,10.831167308766725,1.4634379105906896,11.629798616906223,-9.527455659803975,0.7986313081394972,-10.990893570394665,ISO
19389,1,2.591641326755678,3.5255661291900924,14.452486317673374,4.803875702522301,11.860844990917697,1.2783095733322087,ISO
19390,1,0.5613927288218207,16.6992059335254,-12.671435879121212,19.372504642200756,-13.232828607943032,2.673298708675356,ISO
19391,1,1.1379255198531555,19.530077766874584,-17.01715891053211,22.853337523718636,-18.155084430385266,3.3232597568440507,ISO
19394,1,1.7866927043827587,3.620068591065262,-0.13156169557210284,3.399384456557187,-1.9182543999548616,-0.2206841345080746,ISO
19395,1,4.66330885083624,0.684453395848516,6.359399408680696,0.9401832360556868,1.6960905578444556,0.25572984020717077,ISO
19396,1,1.3771644394096105,4.518065792448988,-0.1449646778325472,3.2093568953492397,-1.5221291172421576,-1.3087088970997482,ISO
19397,1,3.9006668338157455,4.631741258895995,-3.09263720609566,11.201791684287262,-6.993304039911405,6.570050425391266,ISO
19398,1,1.4084922106320585,2.109089372397148,0.09122358877150338,3.0541657520698933,-1.3172686218605552,0.9450763796727452,ISO
19401,1,0.39833590139531316,3.9568032871940684,-2.766221537467872,5.182792672599821,-3.164557438863185,1.2259893854057529,ISO
19402,1,6.498582365090461,6.804798288052779,0.748527811685788,6.513164075707593,-5.750054553404673,-0.2916342123451854,ISO
19403,1,1.5448203593835266,1.7924633177579345,1.2775231979634556,1.4779960690284866,-0.2672971614200711,-0.3144672487294481,ISO
19404,1,1.5079771377307603,4.99262701005446,4.004290642757932,2.5625422306708074,2.496313505027172,-2.430084779383652,ISO
19405,1,7.015845442295725,0.8731982620725337,8.165700579480296,-4.158498654028591,1.1498551371845709,-5.031696916101125,ISO
19408,1,1.287556706289134,1.6063802716561093,-0.5150226825157651,2.759050084905407,-1.8025793888048993,1.1526698132492974,ISO
19409,1,4.848311054397284,1.743648331251728,2.751089589308382,1.0171281932301564,-2.0972214650889014,-0.7265201380215717,ISO
19410,1,3.22633270268548,3.5581840663902846,-0.8803279231613615,7.134804319653041,-4.106660625846842,3.5766202532627567,ISO
19411,1,2.0666046219041347,5.065427633036667,-1.280396341831872,4.487002969840698,-3.3470009637360065,-0.5784246631959689,ISO
19412,1,0.009408067390008322,4.8263385710786535,-2.3190886116391902,4.816930503688646,-2.3284966790291985,-0.009408067390008322,ISO
19415,1,5.127320806599808,0.8258373025694271,5.151085908831998,-0.6594815869438241,0.023765102232190406,-1.4853188895132512,ISO
19416,1,9.639338876282263,0.9028432935161047,12.01268142630359,-8.179652114310157,2.3733425500213277,-9.082495407826261,ISO
19417,1,4.185996234919584,0.8480837442360942,3.129292960015759,-0.5351544482346008,-1.0567032749038252,-1.3832381924706951,ISO
19418,1,1.1921677059074998,3.416515243769686,1.0373407311143377,2.2656347311403318,-0.15482697479316196,-1.1508805126293544,ISO
19419,1,0.10859266483159852,5.707147829480903,4.711715068524881,2.799277582324721,4.603122403693282,-2.907870247156182,ISO
19422,1,3.313475527987044,0.2715963547530634,2.6073250056291064,2.0520613470229927,-0.7061505223579373,1.7804649922699296,ISO
19423,1,0.0,17.723185946642257,-12.637285000342427,19.723864861941692,-12.637285000342427,2.0006789152994333,ISO
19424,1,6.374593952510883,1.9842824993172976,4.715263639492965,1.4795695291076396,-1.659330313017918,-0.504712970209658,ISO
19425,1,12.064022471943327,2.3999476320738973,11.628317693501234,-4.792752562862029,-0.43570477844209127,-7.192700194935927,ISO
19426,1,16.331025816697316,1.6129408214022227,17.64154023408656,-9.652442728078835,1.3105144173892413,-11.265383549481058,ISO
19429,1,6.096418653560406,0.6322790152860553,6.489316313264896,-3.554292736134649,0.39289765970449086,-4.186571751420704,ISO
19430,1,3.0053581929352235,3.395513948059203,2.340934530743876,0.7648597971737555,-0.6644236621913476,-2.6306541508854475,ISO
19431,1,2.739577515063413,0.23793408612967845,4.289484599478282,2.0391173549619106,1.549907084414869,1.8011832688322322,ISO
19432,1,2.3512263378681313,4.904089237636196,-2.0883786768200783,4.53682264274707,-4.43960501468821,-0.3672665948891265,ISO
19433,1,12.066294314246393,0.10517051698638821,21.43456036580349,-8.14262502667714,9.368266051557095,-8.247795543663528,ISO
19436,1,0.5315785247016883,3.4543008825380697,0.0978718583385769,2.082175809752097,-0.43370666636311145,-1.3721250727859728,ISO
19437,1,0.28390884629899804,7.949447696372575,-5.958623469275787,10.66389325123147,-6.242532315574786,2.7144455548588953,ISO
19438,1,3.43948576915645,1.933353053399573,13.29813813695963,-0.8725432319648994,9.85865236780318,-2.805896285364472,ISO
19439,1,3.0241729385245684,4.135949810722159,8.722903446958222,-1.517330699791513,5.698730508433654,-5.653280510513672,ISO
19440,1,2.129194827114816,2.968330516342297,-1.5498627142672308,6.175560873034133,-3.6790575413820465,3.2072303566918356,ISO
19443,1,2.590101460555675,1.6995654105977689,2.946315880538879,-0.3350830560858467,0.3562144199832037,-2.0346484666836155,ISO
19444,1,5.6839731896176575,0.42404924323447934,7.949852479224082,-3.816443189110314,2.2658792896064237,-4.2404924323447934,ISO
19445,1,1.8369478041729113,3.1470552482657306,0.759955563655331,3.3661835396264683,-1.0769922405175802,0.21912829136073766,ISO
19446,1,3.32756424722815,2.5817308814701883,8.068560956836954,-1.1265734755505412,4.740996709608805,-3.7083043570207295,ISO
19447,1,3.7382502278957874,2.094512916969678,0.7603992546388988,5.705271054267224,-2.9778509732568885,3.610758137297546,ISO
19450,1,7.0428777025466545,0.5358270067643334,7.318909796940441,-3.7913820024083873,0.2760320943937867,-4.327209009172721,ISO
19451,1,21.490047531373197,1.8560498568179726,21.490047531373197,-16.77969397582705,0.0,-18.635743832645023,ISO
19452,1,5.306256650025567,6.630151669347722,0.8914938234952751,3.4431947075115654,-4.414762826530292,-3.186956961836157,ISO
19453,1,0.3532388895313226,10.11925524716107,-2.7947429789386704,7.314122889118428,-3.147981868469993,-2.805132358042641,ISO
19457,1,0.6673915628714773,11.825710149127524,-5.286443695377276,8.646818757555096,-5.953835258248754,-3.178891391572429,ISO
19458,1,0.15807953516054138,4.215454270948786,1.1496693466223071,1.6286982410484048,0.9915898114617658,-2.5867560299003816,ISO
19459,1,9.65538158103244,3.68012494686884,4.590263374589184,1.76092000145876,-5.065118206443257,-1.9192049454100801,ISO
19460,1,10.996959949995265,0.6616220206924801,8.741430333998064,-3.6389211138088116,-2.2555296159972,-4.300543134501291,ISO
19461,1,0.7366113436853938,14.78353313645217,-11.089482218865728,16.810130514850293,-11.82609356255112,2.0265973783981224,ISO
19464,1,1.3252655069111876,11.526322369318871,-4.559959606016413,9.782551965488471,-5.885225112927601,-1.7437704038304003,ISO
19465,1,3.392533116896851,5.881025150749523,3.9349577667232074,0.08088788637754998,0.5424246498263562,-5.8001372643719735,ISO
19466,1,6.918924593706883,1.1201210388249496,7.183189074716486,-4.786790712833624,0.2642644810096028,-5.906911751658574,ISO
19467,1,3.414321787455219,2.3997804563257037,1.8612931344184378,1.814468149904809,-1.553028653036781,-0.5853123064208946,ISO
19468,1,3.4124794076337275,5.688613502937301,-1.7527265575030524,4.848406665941699,-5.16520596513678,-0.8402068369956016,ISO
19471,1,1.7089862503804805,4.633144027235471,3.4324964632287704,1.0844558642641136,1.72351021284829,-3.548688162971358,ISO
19472,1,4.7911082488072365,2.405331896339995,8.45190606177338,-1.25937702540077,3.6607978129661434,-3.664708921740765,ISO
19473,1,5.384179090102442,4.1588141937342185,0.1538336882886205,8.439634416111282,-5.230345401813821,4.280820222377064,ISO
19474,1,1.375092474079105,13.510666947923113,-4.892057612244649,9.973254338024184,-6.267150086323754,-3.537412609898929,ISO
19475,1,5.3057443320147275,3.7140210324101455,6.016611048342841,-2.1274489408952446,0.7108667163281134,-5.84146997330539,ISO
19478,1,9.067337675094729,2.9078013923579116,-1.740511944529626,4.747324495408715,-10.807849619624355,1.8395231030508032,ISO
19479,1,12.730865909671902,2.0049825258551413,16.02439761666804,-9.504338760095147,3.293531706996137,-11.50932128595029,ISO
19480,1,3.689646940167482,5.99482377154742,13.305917153912468,-0.2659819420823781,9.616270213744984,-6.260805713629797,ISO
19481,1,6.82282705438318,2.729824550991166,5.5845203647975685,-1.2070888738817236,-1.2383066895856116,-3.9369134248728894,ISO
19482,1,0.0,20.892082349126884,-10.719415176112207,16.607470594084457,-10.719415176112207,-4.284611755042425,ISO
19485,1,1.7962170424456718,3.8261883575383044,3.27871124528612,2.349845582925404,1.482494202840448,-1.4763427746129,ISO
19486,1,1.105654942666782,4.417063715678732,3.761449227062342,3.5780994124491725,2.65579428439556,-0.8389643032295595,ISO
19487,1,10.247142392301376,3.875327116946176,1.7615123258847132,5.928400103666982,-8.485630066416661,2.0530729867208057,ISO
19488,1,4.729755904852847,6.959387569150299,-2.7551600981699518,6.259971050540545,-7.484916003022798,-0.6994165186097538,ISO
19489,1,7.088364047741586,1.502027354378661,4.437221210213531,-0.9726595475347606,-2.651142837528055,-2.4746869019134214,ISO
19492,1,4.288042541990128,1.829564817915814,3.8363687275671885,0.3087390630232684,-0.45167381442293936,-1.5208257548925455,ISO
19493,1,4.162475102178706,4.436650108909071,-2.7916000685270213,14.350569102271642,-6.954075170705727,9.913918993362572,ISO
19494,1,0.295240055275052,7.812051862577886,-2.1552524035079332,5.095843354047462,-2.450492458782985,-2.7162085085304244,ISO
19495,1,0.005692565180767227,12.91073782999172,-10.303542977198001,14.27695347337715,-10.309235542378767,1.366215643385429,ISO
19496,1,0.17036176506506132,4.1130197565690745,9.038908506448523,3.640874293388932,8.868546741383462,-0.472145463180142,ISO
19499,1,0.3637176392803427,4.68791623961471,0.41423397806936213,3.677589463835699,0.05051633878901944,-1.0103267757790104,ISO
19500,1,6.93973955223057,0.5028796776978237,8.882683761517777,-2.738408426736562,1.942944209287207,-3.2412881044343855,ISO
19501,1,3.9453498220060084,4.638886286642794,-2.806296555582939,9.181320482177053,-6.751646377588947,4.54243419553426,ISO
19502,1,0.7086762881340043,12.84121434098821,-8.447421354557383,13.062321342886076,-9.156097642691387,0.22110700189786606,ISO
19503,1,0.25814939721359986,8.352567163176934,-3.3788887768621674,8.421407002433954,-3.637038174075767,0.06883983925702084,ISO
19506,1,3.1720222831991887,0.5871291245344398,1.5478858737726298,2.0816396233494405,-1.624136409426559,1.4945104988150006,ISO
19507,1,2.5241996161598688,1.6253203923820596,2.9754736754442783,-0.8401769071229807,0.45127405928440956,-2.4654972995050404,ISO
19508,1,8.212181913627958,0.13147003635309337,7.60648067471545,-2.526102841356163,-0.6057012389125078,-2.657572877709256,ISO
19509,1,5.533736631405901,4.095067869294824,8.45731708012444,-4.572911422424498,2.9235804487185395,-8.667979291719321,ISO
19510,1,1.3916583231242339,10.621184518043712,-7.874014841227011,18.398807440785873,-9.265673164351243,7.777622922742164,ISO
19513,1,8.895518850800604,2.558062718176143,9.895663672944638,-5.856617275824428,1.000144822144033,-8.414679994000572,ISO
19514,1,1.6170648397715248,5.045686853994816,1.6281786874675386,2.706221913981888,0.011113847696013803,-2.3394649400129275,ISO
19515,1,4.09379121694319,3.335075244736455,-2.161521762546024,12.346874310300725,-6.255312979489214,9.01179906556427,ISO
19516,1,13.923471404313299,1.0233546811234073,13.180808292869465,-8.835936703871191,-0.7426631114438336,-9.859291384994597,ISO
19517,1,6.4988705094902315,4.856905348918445,1.2418223903484409,2.7665043251652013,-5.257048119141791,-2.090401023753243,ISO
19520,1,1.1829544471047686,9.222089904392199,-3.3135111476492844,6.806633179937624,-4.496465594754053,-2.4154567244545753,ISO
19521,1,3.445414712162848,10.088709487264966,-8.596811466270193,17.347495822598308,-12.042226178433042,7.258786335333341,ISO
19522,1,8.076452300780353,1.2888644810387282,7.409351589488971,5.064784041066696,-0.6671007112913813,3.7759195600279685,ISO
19523,1,11.45012348592759,3.997406467181002,11.674894963134015,-8.00803478596247,0.22477147720642657,-12.005441253143474,ISO
19524,1,1.7800141895412644,6.941460016739541,-1.9228915826817055,6.5664068597458325,-3.70290577222297,-0.37505315699370817,ISO
19527,1,2.4388492345478237,1.296688435999341,2.553065314402733,0.3224924607666771,0.11421607985490935,-0.974195975232664,ISO
19528,1,1.7887914862540417,12.602849107699255,-7.451361937870055,10.558515980551741,-9.240153424124097,-2.0443331271475143,ISO
19529,1,0.6041412027174037,8.480352438143,1.818017508177112,2.85848291285688,1.2138763054597081,-5.621869525286121,ISO
19530,1,1.2144780175650576,7.371353532699383,-5.127209369807385,8.401019678026325,-6.341687387372443,1.029666145326941,ISO
19531,1,11.70582937807638,0.017664732461869722,5.982456060425369,-0.19431205708083474,-5.723373317651012,-0.21197678954270446,ISO
19534,1,0.7224031939785557,6.301298448316928,-2.070079740728421,5.797437397054503,-2.792482934706977,-0.5038610512624248,ISO
19535,1,5.041662232975931,8.419086447299545,-4.118639466328514,8.824657056887174,-9.160301699304444,0.4055706095876289,ISO
19536,1,2.5676213850510217,2.381398295585822,3.600313062994717,0.4853086573942074,1.0326916779436952,-1.8960896381916146,ISO
19537,1,1.9304992997842767,10.056416352414747,1.6453794032007418,2.1740392114494185,-0.28511989658353476,-7.882377140965328,ISO
19538,1,9.013640989528023,1.358027096782961,11.645258265159173,-5.826147337493528,2.6316172756311498,-7.184174434276489,ISO
19541,1,10.745457726267295,1.3863083231201703,10.375357314212607,-4.202835187740274,-0.37010041205468674,-5.589143510860445,ISO
19542,1,1.1739938672821384,2.2273719262823253,-0.5789558797556729,3.9722806194346485,-1.7529497470378113,1.7449086931523234,ISO
19543,1,5.761587738558442,6.10356584949226,-1.553770112720861,9.054985632986089,-7.315357851279303,2.9514197834938285,ISO
19544,1,1.6871840305087102,13.540108663613324,-7.528373507973873,10.744377724972429,-9.215557538482583,-2.795730938640894,ISO
19545,1,13.417800081474047,1.581222231823458,14.027700085177367,-6.302300038268144,0.6099000037033191,-7.883522270091603,ISO
19548,1,1.5103336235243265,7.5171856148011615,2.2482591838763324,1.475851120704012,0.737925560352006,-6.04133449409715,ISO
19549,1,1.241110027726911,3.02389095738561,-1.0465292182951986,3.086998246931111,-2.2876392460221093,0.063107289545501,ISO
19550,1,19.589377261191363,0.6657392442205702,21.128899263451633,-15.836272271897691,1.5395220022602696,-16.502011516118262,ISO
19551,1,2.0196624799062923,5.322787890591409,0.6971093075804868,3.7917534300174114,-1.3225531723258055,-1.5310344605739983,ISO
19552,1,4.5938089425204724,3.670851894708176,4.090377825531903,1.2655698913185587,-0.5034311169885689,-2.405282003389617,ISO
19555,1,1.3541460231188476,6.8184533234575495,-0.4891628805979637,3.5374827828611966,-1.8433089037168113,-3.280970540596353,ISO
19556,1,14.150780251440905,1.6712976187645088,14.68255676650236,-8.245989077706447,0.5317765150614561,-9.917286696470956,ISO
19557,1,2.9793796623754587,3.134929604587826,2.4110241042917617,1.7110493643361766,-0.568355558083697,-1.4238802402516493,ISO
19558,1,1.0328625131325033,8.648035279447358,-5.298526338554772,8.898956680942833,-6.331388851687275,0.2509214014954744,ISO
19559,1,2.3428504780209902,3.1639429352713426,0.563816820645227,3.8427126999316386,-1.7790336573757632,0.6787697646602961,ISO
19562,1,1.4224436012992363,4.96669890786971,-1.9558599517863489,7.118144854834653,-3.378303553085585,2.151445946964943,ISO
19563,1,2.3405516486996074,4.010829846039619,3.5297464817571895,-1.11892422928594,1.189194833057582,-5.129754075325559,ISO
19564,1,1.7963174867827643,5.748215957704679,4.831727444040021,4.553114935886051,3.035409957257256,-1.1951010218186282,ISO
19565,1,1.6523584872953068,18.575170914225648,-14.671612608668996,18.64170883988861,-16.323971095964303,0.0665379256629634,ISO
19566,1,4.1795870511838205,0.44157799312255813,5.370820707049432,-2.2643708717101676,1.1912336558656116,-2.7059488648327257,ISO
19569,1,8.630227453239899,0.6000946687916064,8.586921652399168,-3.588194926795044,-0.043305800840731455,-4.18828959558665,ISO
19570,1,0.2688688230333601,8.16208927065416,-6.0751550728241615,9.615261242762772,-6.3440238958575215,1.4531719721086114,ISO
19571,1,1.222127197091547,10.488990760359911,-7.590643233312395,11.055205654425299,-8.812770430403942,0.5662148940653872,ISO
19572,1,2.31059242003592,2.6007598402263232,2.3750740689670935,0.9779716754569883,0.0644816489311736,-1.6227881647693352,ISO
19573,1,10.62261569609399,5.367294930071417,8.427922080737918,-3.605568082370564,-2.194693615356069,-8.97286301244198,ISO
19576,1,4.4866712593084594,2.628908941001013,1.6895121460833753,2.362512834979501,-2.7971591132250846,-0.26639610602151254,ISO
19577,1,1.444790147052507,4.527009127431275,-1.2804806793485142,4.02841488060537,-2.725270826401021,-0.49859424682590514,ISO
19578,1,1.9299636303875076,7.367496016417523,-5.205296098555833,7.7919278521459,-7.135259728943341,0.42443183572837684,ISO
19579,1,6.267045392406626,6.2896429118502075,-0.06026005185000771,6.726528287763106,-6.327305444256633,0.43688537591289844,ISO
19580,1,2.571789928747623,4.33775234648761,1.4230570939068932,4.929264030099611,-1.1487328348407297,0.591511683612,ISO
19583,1,0.48545393841385354,9.81788740964694,-0.9876476678076723,6.00121506625483,-1.4731016062215259,-3.816672343392109,ISO
19584,1,5.937708019222217,5.860594928063558,5.5521425634285695,1.1644076764968105,-0.3855654557936482,-4.696187251566747,ISO
19585,1,0.5473282700710856,6.363850733367232,-1.1503170421830236,13.219369234764487,-1.697645312254109,6.855518501397255,ISO
19586,1,3.9127483107930865,2.9132962966232134,-1.169571505943654,9.165187619303447,-5.0823198167367405,6.251891322680233,ISO
19587,1,2.1711025586014987,4.4961265672529604,-0.4293598343502641,6.051543325654056,-2.600462392951763,1.5554167584010958,ISO
19590,1,6.868283797162598,2.339445225845908,4.576582351436104,1.9097512047721035,-2.2917014457264933,-0.4296940210738047,ISO
19591,1,0.943205261913199,8.44299710143109,-1.8798604872851914,4.512975176792909,-2.82306574919839,-3.9300219246381802,ISO
19592,1,10.67271429795933,0.4509597590686012,11.64296105231931,-8.301759201037505,0.9702467543599813,-8.752718960106106,ISO
19593,1,3.1678475728422155,5.928959161022885,2.276157144931035,2.0962546901768486,-0.8916904279111804,-3.832704470846036,ISO
19594,1,3.7617759028701188,11.245137795118008,-2.4033568268336616,11.084378141149166,-6.165132729703781,-0.16075965396884287,ISO
19597,1,4.661569450847083,2.5008419800681336,10.803637353894292,-1.6205456030842689,6.142067903047209,-4.121387583152402,ISO
19598,1,12.601498517564895,5.068181346325547,15.411408583725025,-10.653524054521371,2.8099100661601306,-15.721705400846918,ISO
19599,1,10.317053936455142,0.659325679107434,8.40408083932668,-4.5874209222402715,-1.9129730971284626,-5.246746601347706,ISO
19600,1,3.8588467672550473,4.224308578081083,-0.558941593028544,5.707653574964696,-4.417788360283591,1.483344996883613,ISO
19601,1,9.686896573101972,10.997738081847237,-2.9993831132311564,8.420490369737617,-12.68627968633313,-2.5772477121096204,ISO
19604,1,1.4399719039044616,3.7182836148764786,-1.4399719039044616,2.524882242462501,-2.8799438078089232,-1.1934013724139778,ISO
19605,1,3.059120590472168,4.814353716152805,-1.7635913786600614,4.7140546803995225,-4.8227119691322295,-0.10029903575328242,ISO
19606,1,2.332855875056844,9.527964471386026,-4.922069538581432,9.33996875984296,-7.254925413638277,-0.18799571154306444,ISO
19607,1,3.052090002387743,3.3035405991753395,1.1792165918317445,2.410457445067581,-1.8728734105559985,-0.8930831541077581,ISO
19608,1,6.308635797477518,3.3945981924837456,0.7770766946649594,6.318860490828364,-5.531559102812558,2.9242622983446176,ISO
19611,1,3.510167965285934,3.4373764637015483,-0.5499802341922992,3.5506076883880846,-4.060148199478233,0.11323122468653625,ISO
19612,1,0.02642644097693348,7.064668554453082,-0.4932935648994201,3.44424614063723,-0.5197200058763536,-3.620422413815852,ISO
19613,1,2.936274505689579,6.627591027127623,0.9041861176250444,4.120105814332416,-2.032088388064535,-2.5074852127952063,ISO
19614,1,1.3382869321044113,7.676031474855492,2.915553673512949,3.0971783285843024,1.5772667414085377,-4.5788531462711894,ISO
19615,1,11.408461655090234,0.8815240438666536,10.783692187107038,-4.527439021412514,-0.6247694679831943,-5.408963065279168,ISO
19618,1,1.537782078553968,3.70549898446721,6.262293283749576,0.5372973527476781,4.724511205195609,-3.168201631719532,ISO
19619,1,2.365577638773143,4.708732740685643,-0.2578591738947076,6.222253978763053,-2.6234368126678502,1.51352123807741,ISO
19620,1,12.577912720431016,1.7161212031202409,15.591588979569348,-0.4081019934250717,3.0136762591383324,-2.1242231965453127,ISO
19621,1,0.0836427818411202,8.630414308159729,-2.9959323677665264,6.820688664686663,-3.0795751496076464,-1.809725643473066,ISO
19622,1,3.929018134999477,0.3824707919024553,3.642165041072586,0.2260054679424408,-0.2868530939268909,-0.1564653239600145,ISO
19625,1,1.5590700681014171,7.916521589324076,-4.644897871286999,7.843818840034249,-6.203967939388416,-0.0727027492898271,ISO
19626,1,1.5719850584748993,5.928390459886309,-4.381490269365962,10.569091031447728,-5.953475327840861,4.64070057156142,ISO
19627,1,0.28914509812321215,8.272762529638792,-7.092086712301993,17.131847063805203,-7.381231810425205,8.859084534166412,ISO
19628,1,3.615869797215426,7.512281216628884,-5.906959711830655,13.46599786549228,-9.522829509046081,5.953716648863395,ISO
19629,1,5.233495201815805,9.149997539933374,-7.722680666710953,17.900070545340697,-12.956175868526758,8.750073005407323,ISO
19632,1,3.258653751132295,2.9067374273773847,0.5164486309649078,2.75134580390127,-2.742205120167387,-0.15539162347611452,ISO
19633,1,3.928062106995479,3.3683909888482972,1.4665456151448002,2.015852453326069,-2.461516491850679,-1.3525385355222284,ISO
19634,1,4.10521997375234,3.215577002939231,1.731052286582174,3.510338228208758,-2.3741676871701665,0.294761225269527,ISO
19635,1,0.4912563252775604,7.500824190431204,-1.723063230450891,6.474318436119928,-2.2143195557284514,-1.0265057543112754,ISO
19636,1,6.514832212205161,8.876550286887666,8.986227596857681,-0.7019347838066369,2.4713953846525203,-9.578485070694303,ISO
19639,1,1.5672083065115998,3.9346931950718895,8.90974594680665,0.9670008699753102,7.342537640295051,-2.967692325096579,ISO
19640,1,1.3344787518848036,2.32437378849434,3.796686026489336,0.4385610921687676,2.4622072746045323,-1.8858126963255724,ISO
19641,1,0.660625196678078,4.024358996277829,1.9576324635507927,2.69704782130064,1.2970072668727146,-1.3273111749771884,ISO
19642,1,2.6825911926641997,7.350156029230491,-5.55217265613106,9.694726347752141,-8.23476384879526,2.3445703185216504,ISO
19643,1,16.454952251519106,0.11327862968709797,21.261906276506412,-14.543991020274209,4.8069540249873075,-14.657269649961307,ISO
19646,1,3.116699861660704,1.6684889484980125,2.2590215538652916,0.05624120051122524,-0.8576783077954123,-1.6122477479867874,ISO
19647,1,4.447781588227645,2.405995995616901,1.8762354094261169,2.4004776561774173,-2.571546178801529,-0.005518339439483412,ISO
19648,1,8.851552661774084,0.8759879504172365,5.770315975713412,3.5650672400700922,-3.0812366860606724,2.6890792896528555,ISO
19649,1,3.2781462067888056,0.7131032332949144,14.240778002218708,0.5055582624106287,10.962631795429902,-0.20754497088428567,ISO
19650,1,3.794630531951329,4.767004605763836,6.593170549265477,4.28318921294005,2.7985400173141484,-0.48381539282378583,ISO
19653,1,2.1331801704350832,3.498415479513588,0.8959356715827823,3.005413840124056,-1.2372444988523008,-0.49300163938953195,ISO
19654,1,1.8048249877979756,3.027331692959686,5.6893581278681635,0.20254548961257837,3.884533140070188,-2.824786203347107,ISO
19655,1,7.316197745936161,0.37611439116433193,6.507294192336213,5.214078956962881,-0.8089035535999486,4.83796456579855,ISO
19656,1,0.47013459995399476,7.785635627810773,1.358740657010053,5.310971085195413,0.8886060570560583,-2.4746645426153604,ISO
19657,1,3.1320579003800453,2.1935712370893494,16.287831788799554,1.153320959706847,13.155773888419507,-1.0402502773825026,ISO
19660,1,3.2916843772156756,1.8378976286374,2.3727355628970312,0.5251136081820827,-0.9189488143186447,-1.3127840204553174,ISO
19661,1,4.9756594643852745,4.6237828025116405,-3.1236770334725406,12.95770374161831,-8.099336497857815,8.33392093910667,ISO
19662,1,5.111887997057395,3.2904793065171,-0.38219723342491413,8.115719378505844,-5.494085230482309,4.825240071988743,ISO
19663,1,1.4495173051001593,5.821831799173291,-1.1465444257555728,5.809950509787234,-2.596061730855732,-0.011881289386056914,ISO
19664,1,12.128511447739522,1.3247160561852924,5.527009767750294,-1.2364016524393608,-6.6015016799892265,-2.5611177086246535,ISO
19667,1,0.9815682517056912,4.519303825562236,-2.1676298891837047,6.959591562441906,-3.149198140889396,2.44028773687967,ISO
19668,1,1.9227307517069392,4.083675932829077,3.363360872454945,1.1967439192041414,1.4406301207480057,-2.8869320136249352,ISO
19669,1,1.3755146001118108,8.421136895706994,-4.0518552247636785,10.618225827107254,-5.427369824875489,2.1970889314002604,ISO
19670,1,9.622887167503183,2.357965528017229,10.058663075212703,-4.405515340953723,0.4357759077095191,-6.763480868970953,ISO
19671,1,0.5765154651613946,5.065100158203528,-2.8178664062479672,8.947755331739458,-3.3943818714093617,3.8826551735359307,ISO
19674,1,0.6045294876018237,4.3539708039632625,7.614354557321016,-0.08830205998684744,7.0098250697191915,-4.44227286395011,ISO
19675,1,21.337329099161856,1.4550124135008569,17.63988578955983,-13.411790893857408,-3.6974433096020243,-14.866803307358264,ISO
19676,1,1.6653004485750518,12.133890405385877,-6.398623300334397,9.653214633441877,-8.063923748909449,-2.480675771944,ISO
19677,1,15.847198534117485,2.6223070535711988,16.920304014253297,-11.010666792660489,1.0731054801358109,-13.632973846231687,ISO
19678,1,1.3797587706599106,4.7363355618288425,-1.8062296634092918,5.177858368440068,-3.1859884340692024,0.4415228066112261,ISO
19681,1,0.005387815421626767,4.283313260197078,3.001013189848927,1.1476046848074815,2.9956253744273003,-3.135708575389596,ISO
19682,1,10.496994461484688,0.30538593354413784,9.353091218886977,-4.6273732981101485,-1.1439032425977107,-4.932759231654286,ISO
19683,1,1.3942476913987008,5.705197449860985,-2.681656479241805,7.329148783903938,-4.075904170640506,1.6239513340429539,ISO
19684,1,0.649142239802928,1.5170171908441181,-0.6491422398030884,2.899972397381049,-1.2982844796060165,1.3829552065369306,ISO
19685,1,6.743287629877821,0.6399323966670922,6.087356923294251,-1.5678343718338668,-0.6559307065835694,-2.207766768500959,ISO
19688,1,2.2338627618656535,2.2867700378043923,1.1874744155179902,4.050345902435087,-1.046388346347663,1.7635758646306945,ISO
19689,1,12.946011545583113,3.0146055297620715,22.165746759948306,-12.114396227028084,9.21973521436519,-15.129001756790156,ISO
19690,1,3.8249931307678664,1.6576836994250026,5.309068064374743,0.3080155522579949,1.4840749336068761,-1.3496681471670078,ISO
19691,1,3.8376340179411508,3.3777748774175764,2.266448621152054,1.9598758608031286,-1.5711853967890972,-1.4178990166144478,ISO
19692,1,8.217909974153939,1.5595294344050437,19.42829363575426,-3.929204029540068,11.210383661600321,-5.4887334639451115,ISO
19695,1,0.10033393215630865,12.729867642328767,-9.689749497993333,12.53170812632011,-9.790083430149641,-0.19815951600865542,ISO
19696,1,2.095437668903528,5.179616621975165,-1.3217909798878105,4.3539309180032015,-3.4172286487913386,-0.8256857039719628,ISO
19697,1,5.342878335155491,0.13664650473541362,4.5412188407076135,-1.1842697077071596,-0.8016594944478772,-1.3209162124425733,ISO
19698,1,3.764652242733512,3.7442752346536663,-0.29546661715631034,6.301589748662043,-4.060118859889823,2.557314514008377,ISO
19699,1,0.07162165573418229,15.112169359926241,-11.18399701080938,19.503127792248964,-11.255618666543564,4.390958432322723,ISO
19702,1,0.23038684155850137,7.320659434828133,-5.595109009277829,9.610422533583046,-5.82549585083633,2.2897630987549142,ISO
19703,1,5.096681487927917,5.146163832471002,-2.9318289141721294,6.946084115222153,-8.028510402100046,1.7999202827511505,ISO
19704,1,2.6262028498113343,2.856571520847356,27.36121615705683,2.053572153235854,24.7350133072455,-0.8029993676115019,ISO
19705,1,5.395027102769421,3.1025581558496067,2.7183921392437065,2.430267626789281,-2.676634963525715,-0.6722905290603256,ISO
19706,1,1.5950517692455208,7.136772417681821,-2.491364848036131,12.606209753312278,-4.086416617281652,5.469437335630458,ISO
19709,1,2.412099892924306,0.8541842679168478,5.722063931102078,0.4367987733666163,3.3099640381777715,-0.4173854945502315,ISO
19710,1,12.228083604955708,0.26973713834465846,13.197852840432759,-6.480113633088358,0.9697692354770506,-6.7498507714330165,ISO
19711,1,3.3014877058509224,2.1626834022503236,1.9014897546356608,2.1992505129163598,-1.3999979512152616,0.03656711066603614,ISO
19712,1,8.259313484988528,1.4039463220751396,7.636098288360137,-2.3011022644745136,-0.6232151966283908,-3.705048586549653,ISO
19713,1,4.378178144088845,1.3125898972416268,0.6735658683213457,4.1234320785057,-3.704612275767499,2.810842181264073,ISO
19717,1,0.32906799140893067,7.184651145760465,3.972320753435817,5.5314762365395955,3.6432527620268864,-1.6531749092208696,ISO
19718,1,8.195722939240097,2.2917231051198694,9.688007751876592,-4.518306793815335,1.4922848126364945,-6.810029898935205,ISO
19719,1,2.305991961847368,1.7154330447889536,0.7753596666141485,3.8767983330711075,-1.5306322952332196,2.161365288282154,ISO
19720,1,0.06041398008800178,4.913670380495161,0.19634543528612025,3.433527868337744,0.13593145519811847,-1.4801425121574172,ISO
19724,1,0.7737531008391735,5.023733547400355,-0.5397399679026296,4.265078068040959,-1.313493068741803,-0.7586554793593965,ISO
19725,1,0.40102769606965794,5.791417989185467,-1.9003654786722117,6.2141228580156245,-2.3013931747418694,0.4227048688301578,ISO
19726,1,1.1880565208583338,4.188245945127228,0.7766283871758194,2.038649516336762,-0.41142813368251446,-2.1495964287904656,ISO
19727,1,13.676012262096089,8.171513559097253,9.425285491448621,-0.6378839655822034,-4.250726770647468,-8.809397524679456,ISO
19730,1,5.446055706312627,0.6099874600632081,6.198495327707909,-2.2025295713658495,0.7524396213952819,-2.8125170314290573,ISO
19731,1,3.2549915191737364,2.782274908505271,-1.220059061820219,4.011338096243077,-4.475050580993956,1.229063187737806,ISO
19732,1,0.8162395864596111,4.550413502957248,-2.658888233736608,6.710760192868256,-3.475127820196219,2.160346689911008,ISO
19733,1,7.008505269780432,5.7144413114258725,-2.709068473564856,12.728993609049079,-9.717573743345287,7.014552297623205,ISO
19734,1,6.655711614345804,0.43586076058553214,4.016987009720261,1.6060094691844011,-2.638724604625543,1.170148708598869,ISO
19737,1,0.7127248722994317,2.267250774873795,1.8070662116567406,0.05612006868494439,1.0943413393573087,-2.2111307061888508,ISO
19738,1,2.258088084116516,3.740627888868556,0.6127259886692168,6.752840266731763,-1.645362095447299,3.0122123778632064,ISO
19739,1,2.1502663665536943,7.209477987482913,-4.763042857234077,8.966205037893747,-6.913309223787771,1.7567270504108339,ISO
19740,1,2.2723776916087255,2.628351020981039,4.895852365612067,-0.14141406235331938,2.623474674003342,-2.769765083334358,ISO
19741,1,4.5217284790158745,4.826564106814677,-1.1064404268253794,4.6741462929152755,-5.628168905841254,-0.1524178138994014,ISO
19744,1,1.8348132925962242,4.4553263367250056,-0.7175754956192888,3.3017556032610487,-2.552388788215513,-1.1535707334639567,ISO
19745,1,2.722020393660739,1.17216189200704,2.939087410699076,0.6598837317965368,0.21706701703833708,-0.5122781602105031,ISO
19746,1,1.596307868524574,8.964251393816895,-6.509868124493824,10.733133085965811,-8.106175993018399,1.768881692148917,ISO
19747,1,4.49999704602815,4.666451018393833,2.3418351974228577,3.0133908790366513,-2.1581618486052916,-1.6530601393571809,ISO
19748,1,2.1433748550027385,4.47768252754879,-2.358944165132267,4.594705867333455,-4.502319020135006,0.11702333978466528,ISO
19751,1,5.330159722851441,4.285583929707815,4.082315126717774,2.315005811831599,-1.2478445961336664,-1.970578117876215,ISO
19752,1,8.23034285086206,3.0021916363061596,1.6380779460453165,1.6323703573832726,-6.5922649048167425,-1.369821278922887,ISO
19753,1,12.933885750640902,0.9213932432672829,11.304257402473803,4.448816629805754,-1.6296283481670988,3.5274233865384708,ISO
19754,1,7.923658455831807,1.302463959915372,12.948024072099761,-7.169600373775587,5.0243656162679535,-8.472064333690959,ISO
19755,1,0.9722074707509111,17.72409004369034,-10.806459963347134,14.45223797866312,-11.778667434098045,-3.271852065027219,ISO
19758,1,0.2673799335353376,6.591943746006021,0.005141921798751996,5.0956445025677874,-0.2622380117365856,-1.4962992434382338,ISO
19759,1,6.621584170715391,1.3358829200307536,7.07844456328001,-3.053446674356065,0.4568603925646198,-4.389329594386818,ISO
19760,1,7.7647188902649065,2.63235735105562,5.080890864747184,0.15441202338597407,-2.6838280255177227,-2.4779453276696457,ISO
19761,1,2.183409298001863,4.0453350183840024,2.812981304174232,0.6920827018207306,0.6295720061723693,-3.3532523165632715,ISO
19762,1,4.2703312100757245,7.450365089919627,-3.9750423498046206,8.661806567955253,-8.245373559880345,1.211441478035625,ISO
19765,1,4.574833905176024,7.557408131980265,-0.03883560191147675,7.728284780390939,-4.613669507087501,0.17087664841067432,ISO
19766,1,3.121460876756363,28.576860956453945,-22.56823771911434,27.722805074920235,-25.689698595870702,-0.8540558815337114,ISO
19767,1,0.5786249742622948,4.476155461274611,2.1234444810192157,2.6474821935586994,1.544819506756921,-1.8286732677159114,ISO
19768,1,8.159483363418724,1.3599138939032334,6.7772757991236565,-0.7505535698590914,-1.3822075642950675,-2.110467463762325,ISO
19769,1,3.2560311536440665,10.120550441480969,6.705074463302935,0.12587749305332277,3.449043309658869,-9.994672948427647,ISO
19772,1,0.7784832640910381,2.702235176316027,0.20210623202362835,3.869960072452584,-0.5763770320674098,1.1677248961365572,ISO
19773,1,2.6124252284662646,0.8729016989345442,1.3752911659473919,2.084916288102803,-1.237134062518873,1.2120145891682592,ISO
19774,1,2.4244278414724776,3.0287362648663354,-0.8417153040127796,5.899201275986668,-3.266143145485257,2.8704650111203325,ISO
19775,1,0.6695506689204035,5.2164083933155485,-2.495597947793866,5.715527982874295,-3.1651486167142697,0.4991195895587456,ISO
19776,1,4.465778847859788,0.4537422358787955,10.525625813872775,-3.7732249088868324,6.059846966012987,-4.226967144765628,ISO
19779,1,2.2934299021189495,3.568235353030766,1.76886880748542,2.689900496900069,-0.5245610946335298,-0.878334856130697,ISO
19780,1,0.6581750711434223,3.528361206129618,-1.4113444824517856,6.5138976113161,-2.069519553595208,2.9855364051864814,ISO
19781,1,7.823998638418213,0.3153064118575733,6.159474092100586,-2.522451294860253,-1.664524546317627,-2.837757706717826,ISO
19782,1,14.679601266497954,1.5590847125912288,13.027968146309911,-9.26907897622706,-1.6516331201880436,-10.82816368881829,ISO
19783,1,6.824839792662914,4.2813130288369905,14.377023711282913,-5.9581243371812525,7.552183918619998,-10.239437366018242,ISO
19786,1,17.610929843164588,0.7103785415283996,24.39181592139078,-16.461408203236587,6.780886078226193,-17.17178674476499,ISO
19787,1,6.9949213323034,1.3981737309645985,4.145889063120793,0.3931097156625824,-2.8490322691826067,-1.005064015302016,ISO
19788,1,7.578672028674325,0.7441708076349425,8.975704342393792,-3.0908198574774293,1.397032313719467,-3.8349906651123717,ISO
19789,1,3.8871298099756872,3.458144763379269,2.2149636079365456,2.919724755916419,-1.672166202039142,-0.5384200074628499,ISO
19790,1,7.59491078227004,5.300203480636731,11.868419217816474,-0.030713099639323747,4.273508435546433,-5.330916580276055,ISO
19793,1,3.1685509630187583,2.0338989836911616,2.6930329135910926,0.9039551038627385,-0.47551804942766535,-1.1299438798284231,ISO
19794,1,5.273644024944178,10.13839716127383,-2.883204983816285,11.244499436883418,-8.156849008760464,1.106102275609587,ISO
19795,1,5.933573279695277,1.4071045206133281,8.956870141254248,-3.153270371495163,3.0232968615589706,-4.5603748921084915,ISO
19796,1,1.193785077151741,9.967157945743907,-2.2675600142725996,7.478526620887694,-3.4613450914243407,-2.488631324856213,ISO
19797,1,0.17132433465589322,4.834124469745367,-1.6160052106715443,5.454596384444576,-1.7873295453274376,0.6204719146992091,ISO
19800,1,1.4255580033423616,3.180527816222508,0.056795139575346584,3.68600455844348,-1.3687628637670148,0.505476742220972,ISO
19801,1,1.5076278514396801,3.5096401606567764,1.4097299390083962,1.1894596360386194,-0.09789791243128393,-2.320180524618157,ISO
19802,1,7.068273352866263,2.839003175737545,22.60158363476237,-1.0459485384297307,15.533310281896105,-3.8849517141672756,ISO
19803,1,0.4826429371879453,14.260536280799144,-8.170207418729131,11.972322643339488,-8.652850355917076,-2.2882136374596556,ISO
19804,1,5.603254310644203,0.25232667731997144,0.5647311349542478,3.6086720042103,-5.038523175689956,3.3563453268903287,ISO
19807,1,4.539308781774291,0.07586588493208878,3.0894274252930303,-0.09272497047274461,-1.4498813564812605,-0.16859085540483337,ISO
19808,1,0.3158053326094785,8.698682439320189,-6.038899749120652,7.78635592289293,-6.354705081730131,-0.9123265164272583,ISO
19809,1,1.930435589885333,1.397510639961006,1.9190967611635497,-0.17291713800738742,-0.011338828721783217,-1.5704277779683935,ISO
19810,1,1.9778200531990087,2.3993226874874054,7.604732842404412,-0.9078518276978792,5.626912789205404,-3.3071745151852845,ISO
19814,1,3.2392005246077575,6.2334465816827755,-1.002379465823916,4.550996159946304,-4.241579990431673,-1.6824504217364717,ISO
19815,1,5.036333065093451,2.955594521768486,5.833499130393337,3.789916632484933,0.7971660652998861,0.8343221107164472,ISO
19816,1,4.191882126438886,2.411995667990646,8.706472638802122,-2.6082822120064852,4.514590512363236,-5.020277879997131,ISO
19817,1,2.243054437878252,5.423435158529026,5.157626212668115,6.785123091710884,2.914571774789862,1.3616879331818574,ISO
19818,1,9.453806664897847,4.198963479733836,11.203374781453716,-6.556276310461721,1.7495681165558696,-10.755239790195557,ISO
19821,1,0.5310967698224658,5.3406103086331,0.43722850352835185,3.5892260769860305,-0.0938682662941139,-1.7513842316470698,ISO
19822,1,2.3297166580946724,3.357532830783618,-0.798419519654045,5.407206821537096,-3.1281361777487176,2.049673990753478,ISO
19823,1,1.8358936617589272,10.777233503965112,0.046089380630062037,8.380585711208699,-1.789804281128865,-2.396647792756414,ISO
19824,1,2.58329640476574,1.989167355642619,10.516666648939385,0.25920335966642705,7.933370244173645,-1.729963995976192,ISO
19825,1,8.994046603201264,2.21794935651772,9.70716680313155,18.695392016945767,0.7131201999302852,16.477442660428046,ISO
19828,1,1.0898682168302523,7.832679272603873,7.3847554120606045,3.363021926218921,6.294887195230352,-4.4696573463849525,ISO
19829,1,3.495478352948309,1.751714322440264,7.425572664868169,-2.072376097047478,3.93009431191986,-3.824090419487742,ISO
19830,1,2.776878762839914,2.5413399392062455,2.178734118612032,7.9060465669694775,-0.5981446442278817,5.3647066277632325,ISO
19831,1,3.886916438503301,5.363465804259067,2.5141245957465,1.951439567174557,-1.372791842756801,-3.41202623708451,ISO
19832,1,2.356933254967313,1.7522078595406216,4.455309008709827,-1.1773982080570842,2.0983757537425145,-2.929606067597706,ISO
19835,1,0.0,7.202225583748193,-4.283069256065724,9.019865057445587,-4.283069256065724,1.817639473697393,ISO
19836,1,6.385730351761225,0.7740951346873295,6.221595566755847,-2.661645162248517,-0.16413478500537765,-3.435740296935846,ISO
19837,1,4.887818898082539,1.6519183108369186,7.315638233706539,-0.368284818216969,2.4278193356240005,-2.0202031290538875,ISO
19838,1,6.629418058927888,6.123750735514179,3.400314127522139,1.9908162339122677,-3.229103931405749,-4.132934501601911,ISO
19839,1,1.1892740795890127,6.765958106752159,-2.357622515548597,5.869643037971021,-3.5468965951376092,-0.8963150687811378,ISO
19842,1,0.6824077895419253,5.96046577758096,2.120476182192445,3.20770215197118,1.4380683926505198,-2.7527636256097794,ISO
19843,1,0.00743673557714473,8.306833639678272,-5.599861889595054,9.734686870491243,-5.6072986251721995,1.4278532308129719,ISO
19844,1,7.1030618114440465,0.67064026314166,14.365605148879013,-0.9159964569737026,7.262543337434967,-1.5866367201153626,ISO
19845,1,1.6945650924285636,4.281169004004186,3.105159349695906,0.6265878210618223,1.4105942572673422,-3.6545811829423633,ISO
19846,1,9.120347895312918,9.19239525322202,1.699470030678563,3.983795084383938,-7.420877864634355,-5.208600168838083,ISO
19849,1,4.685263069185592,1.7625161545753532,3.0077319702815943,0.4434002904591428,-1.6775310989039978,-1.3191158641162104,ISO
19850,1,3.3003667441677362,2.18146192114479,1.4891898723684291,1.758853984391728,-1.8111768717993073,-0.4226079367530619,ISO
19851,1,1.380907788937599,3.4402266718590875,2.227918089710408,2.9866145202603627,0.8470103007728091,-0.45361215159872464,ISO
19852,1,11.575358376602397,0.3432278243618983,13.810629582758766,-7.0704931818535055,2.23527120615637,-7.413721006215404,ISO
19853,1,0.29776045761632564,5.61443885083164,-1.270444619162909,5.998218996203856,-1.5682050767792346,0.38378014537221655,ISO
19856,1,2.3515713597275263,1.7527916153525955,0.148787694056781,4.0608153573072645,-2.2027836656707453,2.308023741954669,ISO
19857,1,4.8244074054558315,3.8586750588610776,5.922023905109759,-0.31482023633476336,1.0976164996539273,-4.173495295195841,ISO
19858,1,5.367449403330517,6.005208542960607,10.426719893551233,-3.077508868416812,5.059270490220716,-9.082717411377418,ISO
19859,1,0.675857890145492,5.63754515552466,-0.46136406872200075,4.75933460365897,-1.1372219588674928,-0.8782105518656903,ISO
19860,1,11.906617705515743,0.7056403209982143,13.45817624265012,-6.678077977638305,1.5515585371343774,-7.383718298636519,ISO
19863,1,0.2059736110142744,6.690670892610668,0.24068826455603207,3.8648980943133,0.03471465354175766,-2.8257727982973684,ISO
19864,1,3.2549979869740295,0.6829437400757649,3.8443123433296904,0.6223600211980064,0.589314356355661,-0.060583718877758506,ISO
19865,1,0.19260743223537224,12.262673185657814,-7.436157530816173,15.000720016456043,-7.6287649630515455,2.7380468307982277,ISO
19866,1,1.0640212456162195,7.623435456308025,-4.984908783652825,10.873928105488087,-6.048930029269045,3.2504926491800616,ISO
19867,1,2.468965520357936,1.6646283111761024,-0.024479828105589387,2.9235908994607396,-2.4934453484635255,1.258962588284637,ISO
19870,1,6.647284576774724,0.8578722720763875,5.8286293228503645,-2.4853785253871,-0.8186552539243597,-3.3432507974634875,ISO
19871,1,8.643506449919725,0.9859513060744585,7.742065255794433,-3.342844428214448,-0.9014411941252923,-4.3287957342889065,ISO
19872,1,0.26508085999596637,4.384879225767775,-0.798924258599203,3.836309112720495,-1.0640051185951693,-0.5485701130472802,ISO
19873,1,3.4475801621856257,2.7081444169927757,2.539665386442684,0.23087867149471208,-0.9079147757429415,-2.4772657454980638,ISO
19874,1,7.915644110104814,4.920942250958606,-3.6518307428114003,11.748059889648477,-11.567474852916215,6.82711763868987,ISO
19877,1,5.111609790905092,1.7404876856875453,8.214964559863088,-1.6100369321252763,3.1033547689579963,-3.350524617812822,ISO
19878,1,2.874900518720729,4.816749491844805,0.2444526189571071,4.17290949543672,-2.630447899763622,-0.6438399964080848,ISO
19879,1,6.846121121962264,1.0713869308688793,9.799674282736232,-6.341452374603201,2.9535531607739673,-7.4128393054720805,ISO
19880,1,2.5722210238536567,3.3926708331864885,7.721097935395499,-1.348198605606102,5.1488769115418425,-4.740869438792591,ISO
19881,1,1.2249988411841457,6.133590689016456,-3.90280332559699,9.883806439658928,-5.1278021667811355,3.750215750642473,ISO
19884,1,3.759350923574157,0.2187393535413538,5.716882765435355,-1.089989321036328,1.9575318418611982,-1.3087286745776818,ISO
19885,1,4.86433636600719,0.9947933302768541,3.2280028472250595,0.8161365689211602,-1.6363335187821302,-0.17865676135569397,ISO
19886,1,14.774843786534925,0.9371711686001831,13.701547196797407,-1.2198931971164262,-1.0732965897375188,-2.157064365716609,ISO
19887,1,3.9560411890323492,4.748788742476363,0.27322852570165923,7.973655003574697,-3.6828126633306897,3.224866261098334,ISO
19888,1,1.8857287010612482,1.963909824654024,1.5761314516332183,2.0202002336410163,-0.3095972494280298,0.05629040898699208,ISO
19891,1,3.1487511028980926,1.6781309602839076,2.2375079470450734,4.772748806398496,-0.9112431558530191,3.0946178461145886,ISO
19892,1,8.391488420265356,0.6949740924191489,10.683607942467438,-4.4935902497407865,2.292119522202081,-5.1885643421599354,ISO
19893,1,2.8993877128660177,2.373289135934635,1.96410135387704,1.5724501910503406,-0.935286358988978,-0.8008389448842942,ISO
19894,1,11.141950509261767,1.7937100114793154,11.32961360048702,-5.171645653535053,0.18766309122525257,-6.965355665014368,ISO
19895,1,2.2881508071416166,15.552275017291088,-12.893193512897819,20.96428796152661,-15.181344320039436,5.412012944235519,ISO
19898,1,3.305905190243921,0.7056688573141008,3.6433989915679805,-0.6481415048157985,0.3374938013240593,-1.3538103621298994,ISO
19899,1,0.21674902507447147,6.827594289845851,-3.29025020063054,8.583261392949149,-3.5069992257050115,1.7556671031032978,ISO
19900,1,3.3735909459314364,5.216966589383362,-1.5302153024793488,4.398479334568871,-4.903806248410785,-0.8184872548144903,ISO
19901,1,6.764732350588802,0.7598383577362076,6.829861352680319,-3.1739533686009347,0.06512900209151698,-3.9337917263371422,ISO
19902,1,1.7828807784883238,5.909497414120103,-1.422656784880919,5.854779845470893,-3.205537563369243,-0.0547175686492103,ISO
19905,1,2.429071344053602,5.537951050606779,-0.3357590083077205,3.991801543214325,-2.7648303523613222,-1.5461495073924543,ISO
19906,1,5.334213848031896,2.3809554030937923,2.944520993917585,1.5552662816538252,-2.389692854114312,-0.8256891214399673,ISO
19907,1,7.054883663271575,1.714891433098816,6.707217746310843,-2.6602302185425906,-0.3476659169607321,-4.375121651641407,ISO
19908,1,2.0407515837041528,0.5459673068092818,1.4417777422532514,1.3675685937549844,-0.5989738414509013,0.8216012869457026,ISO
19909,1,10.04149204704367,6.358280749469924,13.909362989617671,-6.737581641903096,3.8678709425739997,-13.09586239137302,ISO
19912,1,2.253395103135734,1.52001742411521,0.3851257085359478,9.390511957067488,-1.8682693945997861,7.870494532952279,ISO
19913,1,3.966480801320842,4.4245264958223,1.1548598893280233,6.7732288867765265,-2.8116209119928186,2.348702390954227,ISO
19914,1,8.107593770782831,0.0,5.0565331128560285,1.4683943615865485,-3.0510606579268025,1.4683943615865485,ISO
19915,1,17.740941230755723,1.5056521870881405,21.024649783517123,-13.838132272119484,3.2837085527614,-15.343784459207626,ISO
19916,1,4.234262158735669,3.4868055523109316,7.140596091163579,-3.1210289151243504,2.90633393242791,-6.607834467435282,ISO
19919,1,6.917552109363096,1.2610121032691541,10.004029352603206,-2.0016065131258727,3.08647724324011,-3.262618616395027,ISO
19920,1,5.170161095615429,4.053706018446308,10.65502764922472,-4.3609184893450825,5.484866553609291,-8.414624507791391,ISO
19921,1,4.238628482092129,1.8261603676020155,-0.5244495901066581,4.416134497205211,-4.7630780721987875,2.589974129603195,ISO
19922,1,2.37368463331542,2.7169177771571524,2.0221808113086452,9.854513033432744,-0.35150382200677477,7.137595256275592,ISO
19923,1,0.5325543521165622,5.38023829246436,-1.1773769190037426,4.853441284694998,-1.7099312711203047,-0.526797007769361,ISO
19926,1,0.26661580690528874,8.308325009775647,-2.4643947557184203,8.142590859537265,-2.731010562623709,-0.16573415023838287,ISO
19927,1,1.5090664777867302,2.823414700375494,0.4624558560959411,1.9297969934832313,-1.0466106216907891,-0.8936177068922627,ISO
19928,1,7.467734759574613,1.2358145709912947,7.207563270944954,6.20752911152449,-0.26017148862965866,4.9717145405331955,ISO
19929,1,0.1237585722367033,5.629801717431892,-3.108524137944086,6.830987859728858,-3.2322827101807894,1.2011861422969663,ISO
19930,1,6.879542614593025,0.9429783717005223,6.719198114142057,-2.7602160434798972,-0.16034450045096812,-3.7031944151804197,ISO
19933,1,1.4516286324997023,4.400578808449338,-2.513110102269266,8.06655620238911,-3.9647387347689684,3.6659773939397717,ISO
19934,1,2.828543390745111,2.7126194812883426,8.916867115414647,3.797667273803764,6.088323724669536,1.0850477925154214,ISO
19935,1,3.767556884215059,0.42219535834520167,11.58174894036505,-0.5617345022048137,7.8141920561499925,-0.9839298605500154,ISO
19936,1,9.587192898048487,0.293521582640336,5.877504462027447,0.10609213830364872,-3.7096884360210414,-0.1874294443366873,ISO
19937,1,4.522319529942122,11.265849005686132,-7.779028788607151,16.855627703826645,-12.301348318549273,5.589778698140513,ISO
19940,1,0.0,6.869083381702471,0.6918612599416087,1.8650846045406901,0.6918612599416087,-5.003998777161781,ISO
19941,1,0.7675581913680843,6.913335543706667,-4.363661274802216,8.18551676746212,-5.1312194661703,1.2721812237554526,ISO
19942,1,3.1943242551725852,1.0658885328452696,1.4334363027918777,4.544226973885833,-1.7608879523807073,3.4783384410405636,ISO
19943,1,5.522222915889028,0.8656614565675547,6.094489046572886,-1.9375711125186637,0.5722661306838588,-2.803232569086218,ISO
19944,1,2.1029507163771424,3.6348249079400907,2.527399484820214,1.508722440556982,0.424448768443072,-2.126102467383109,ISO
19947,1,5.977714917236578,1.812090351097847,12.352779766882733,-3.9822322896420337,6.375064849646155,-5.79432264073988,ISO
19948,1,5.462131506791582,1.294936642304374,4.3850346734729735,-0.03227256429416029,-1.0770968333186086,-1.3272092065985344,ISO
19949,1,1.7805627329761358,10.3835311143411,-8.447493049171593,13.66332026489598,-10.22805578214773,3.2797891505548793,ISO
19950,1,6.063547306080388,13.276461203456563,1.7572538106922542,3.902738114444298,-4.306293495388134,-9.373723089012266,ISO
19951,1,13.335513177600392,0.0037639043685835562,16.692915874303665,-7.915490886958344,3.3574026967032746,-7.919254791326928,ISO
19954,1,5.009375717326224,1.3840818393411658,5.896522149289409,-3.378493742777314,0.8871464319631852,-4.76257558211848,ISO
19955,1,2.8133121934399097,0.946325082172009,0.36249062469625226,7.0637553591275,-2.4508215687436574,6.11743027695549,ISO
19956,1,1.5301383013507377,5.524904962219928,3.474020292577151,2.821303954238907,1.9438819912264134,-2.7036010079810207,ISO
19957,1,0.24293794276434064,12.51311702208422,-7.01256688516681,11.001100273834655,-7.2555048279311505,-1.5120167482495643,ISO
19958,1,8.177788682924705,1.9924697002888072,8.364041285342939,-1.1954818201732054,0.1862526024182343,-3.1879515204620126,ISO
19961,1,0.8285719571311521,6.117694502134673,-0.6568471991766507,5.778538105174239,-1.4854191563078027,-0.33915639696043287,ISO
19962,1,3.219557974967477,1.9042292513498862,5.98421673989028,-0.3279505932881331,2.7646587649228027,-2.2321798446380194,ISO
19963,1,2.0060409734967095,4.508779232178201,1.8751285107350366,3.4460780638766866,-0.13091246276167287,-1.062701168301514,ISO
19964,1,0.09978566312772433,7.180871979895548,2.0770200991771763,2.0881073950803315,1.977234436049452,-5.0927645848152165,ISO
19965,1,3.227705997841728,3.0472540802408044,-1.981566340447034,7.211267197709614,-5.209272338288763,4.16401311746881,ISO
19968,1,1.4169432104902935,0.7871906724945351,1.145004614537698,0.2146883652257675,-0.27193859595259545,-0.5725023072687676,ISO
19969,1,1.8942363291024433,9.451367457968873,-1.1888512525747055,7.99700609231912,-3.0830875816771486,-1.4543613656497518,ISO
19970,1,3.3468684712587184,2.08581624369512,2.7761078658921976,-0.7291392026670764,-0.5707606053665206,-2.8149554463621964,ISO
19971,1,2.74003389600061,3.3343511072458063,0.2122561468733596,4.773833703313758,-2.5277777491272504,1.4394825960679516,ISO
19972,1,5.514471091379277,9.97137238441205,-0.28597550669590777,18.259266314313034,-5.800446598075185,8.287893929900985,ISO
19975,1,4.119505073859096,0.43363211303775406,4.606390253410389,0.3043032372194068,0.48688517955129296,-0.12932887581834734,ISO
19976,1,4.488338746738802,2.237192681016911,5.925537371342266,-1.1906888281503607,1.4371986246034634,-3.4278815091672716,ISO
19977,1,1.0304768288402157,8.833264339398786,-0.7421129425803135,5.551004810500613,-1.7725897714205292,-3.282259528898172,ISO
19978,1,18.88126067926613,0.09088452793862274,20.844366482742032,-14.400653451887896,1.9631058034759044,-14.491537979826518,ISO
19979,1,5.8007139969025125,1.2056664898527467,6.732527036257729,-2.350871828297082,0.9318130393552163,-3.556538318149829,ISO
19982,1,3.4721418055638256,1.3551608312853902,1.5639288512404033,0.7764705303581136,-1.9082129543234223,-0.5786903009272765,ISO
19983,1,3.2566580528001903,1.6891676933206463,1.4350767902997938,4.409013979175745,-1.8215812625003964,2.7198462858550987,ISO
19984,1,2.020612770246744,3.573572803274826,10.588363861555159,12.939863002475501,8.567751091308415,9.366290199200677,ISO
19985,1,0.7669049360268384,5.57480895804147,1.1857530164723016,2.424599451592703,0.41884808044546323,-3.150209506448767,ISO
19986,1,2.1388336081126473,3.684515970908489,4.378851840426368,0.7048032444351439,2.2400182323137203,-2.979712726473345,ISO
19989,1,5.04734317012103,0.5570266111170692,3.9484471345842826,-1.583926009842758,-1.098896035536747,-2.140952620959827,ISO
19990,1,4.766709792784595,3.428443946474414,10.699228492921584,-2.2246945125514883,5.932518700136989,-5.653138459025903,ISO
19991,1,4.29614598915798,0.6039195119439454,2.66158539395648,2.129991572065633,-1.6345605952014992,1.5260720601216875,ISO
19992,1,4.308781255292401,5.990747188540268,1.7456259984504934,3.4376435209407914,-2.563155256841908,-2.553103667599476,ISO
19993,1,3.7186288123811977,5.561159036369531,-3.0025037050822387,7.903484908160418,-6.721132517463436,2.3423258717908864,ISO
19996,1,2.0677274198057556,2.296221172881268,1.3737834289841615,3.4556154014489437,-0.6939439908215941,1.1593942285676757,ISO
19997,1,10.269110890754837,1.6595573882303758,10.926218873955822,-1.6739466141397654,0.6571079832009855,-3.3335040023701414,ISO
19998,1,5.026693112740122,1.909364050575814,3.4538589041026078,2.85164760800273,-1.5728342086375144,0.9422835574269163,ISO
19999,1,2.698267522628896,3.4927176420235435,5.496735961217558,-0.42585389282872005,2.798468438588662,-3.9185715348522634,ISO
20000,1,2.077369613359468,12.906211214914185,5.873602972997449,8.014816096933028,3.7962333596379803,-4.891395117981156,ISO
20003,1,1.6033445876363865,6.589446564608167,-1.9554810157619686,6.042511261349038,-3.5588256033983554,-0.5469353032591293,ISO
20004,1,1.9433119356651223,7.851327240075203,-6.547110449919115,11.992432436313866,-8.490422385584237,4.141105196238663,ISO
20005,1,0.4684942620714392,5.503939997373027,-1.1035642617684542,5.510880653107412,-1.5720585238398934,0.006940655734385847,ISO
20006,1,5.515336685510005,3.007944125122559,6.284702979455025,0.6164199824981386,0.7693662939450198,-2.3915241426244207,ISO
20007,1,5.5905231892991685,1.207323821993496,8.070652803292719,-4.657405116707445,2.4801296139935496,-5.864728938700941,ISO
20010,1,1.965943214003685,4.07152351610487,-1.1869152488284198,4.3728456535783975,-3.152858462832105,0.30132213747352726,ISO
20011,1,4.344174725609674,2.774365611883093,6.209294464690849,-1.6863790974192214,1.8651197390811747,-4.460744709302315,ISO
20012,1,4.152548735778399,1.6465027646002621,0.8939249348410445,3.147838232089553,-3.258623800937354,1.5013354674892907,ISO
20013,1,3.071522592311363,4.900054436563703,3.1776733173522076,1.1950517109439935,0.1061507250408446,-3.7050027256197096,ISO
20014,1,2.6092325036838706,2.6650449636558258,3.0278259534726626,-0.34533959607572945,0.41859344978879176,-3.0103845597315555,ISO
20017,1,2.445134365140525,3.859104872485322,-2.189929932107446,6.621520424639869,-4.635064297247971,2.762415552154547,ISO
20018,1,1.6317251216841087,3.582948868593136,3.7845372868898517,0.821567893435307,2.1528121652057433,-2.761380975157829,ISO
20019,1,0.9486313158715053,14.772776764436667,-11.857891448394797,18.08867440946035,-12.806522764266303,3.3158976450236817,ISO
20020,1,2.864079003880112,6.341889222877434,0.41360147105714484,4.847587133896463,-2.4504775328229673,-1.494302088980972,ISO
20021,1,6.67731487655436,0.36792624251616957,8.305661712244476,-4.276687214988928,1.628346835690115,-4.6446134575050975,ISO
20024,1,4.321094509955142,0.6258353766237001,4.019183976508487,-2.4687475912044285,-0.3019105334466537,-3.0945829678281287,ISO
20025,1,6.878949099298252,1.1802286733958445,7.9185109831324345,-4.2783289410598,1.0395618838341827,-5.4585576144556445,ISO
20026,1,3.447090030036962,2.9733558694845548,4.413815837343521,-1.71006477467761,0.966725807306559,-4.683420644162165,ISO
20027,1,0.9326101451251517,17.756748540050634,-11.068707658675624,15.382494027162384,-12.001317803800777,-2.3742545128882497,ISO
20028,1,3.347850453549877,4.838207332980459,-2.511796594357285,7.226413356848171,-5.8596470479071625,2.3882060238677125,ISO
20031,1,2.4443181392555746,0.8902934214782106,-0.2680453311977908,2.7953298824908317,-2.712363470453365,1.9050364610126214,ISO
20032,1,2.922036732746958,3.170950972944108,0.9812271497618803,1.9444170357416344,-1.9408095829850778,-1.2265339372024735,ISO
20033,1,1.2826878770143877,6.194049958048654,-2.729581337445198,5.264000301157839,-4.012269214459586,-0.9300496568908153,ISO
20034,1,9.375611893195302,0.5420707761257546,12.19106112837897,-5.910230860105664,2.8154492351836686,-6.452301636231419,ISO
20035,1,3.4747941035119334,2.3846626200572776,-0.7494653948752291,2.5209290554891255,-4.224259498387163,0.1362664354318481,ISO
20038,1,0.15640051255967677,13.491602109749316,-10.001401197892198,14.276348541188781,-10.157801710451874,0.7847464314394665,ISO
20039,1,3.865610699088681,0.08693580547119599,1.281797689969727,1.087708449848203,-2.5838130091189537,1.000772644377007,ISO
20040,1,2.685275055450414,5.787810896459464,-1.6421230915536695,12.7399139848813,-4.327398147004083,6.952103088421836,ISO
20041,1,4.472167446060892,0.838094888382029,5.526770180608352,-2.379258266462435,1.0546027345474596,-3.2173531548444636,ISO
20042,1,1.5814330680261075,2.7756367306100818,0.7715028612239366,3.3254433673443926,-0.8099302068021708,0.5498066367343105,ISO
20045,1,5.355702793438333,1.1315262487716768,5.821293394553914,-3.6626460621090406,0.46559060111558104,-4.794172310880717,ISO
20046,1,3.036680755356039,2.647441919979852,1.5445985530803974,2.2118651280112247,-1.4920822022756415,-0.43557679196862714,ISO
20047,1,7.047687278862527,0.3457739790495267,9.24097908714724,-5.867987820928819,2.1932918082847146,-6.2137617999783465,ISO
20048,1,0.06721257882396728,3.400345465052016,0.5651966855656657,3.1376053841944116,0.4979841067416984,-0.26274008085760453,ISO
20049,1,1.4497660095098073,3.3311775623042403,2.9605254110055172,-0.47856353711974636,1.5107594014957098,-3.8097410994239866,ISO
20052,1,0.21809283598290966,13.463894466291622,-10.559699048356052,15.849563039492441,-10.777791884338962,2.38566857320082,ISO
20053,1,2.354179973502047,4.45826230547706,-0.10601965238631246,3.7188431913979763,-2.46019962588836,-0.7394191140790842,ISO
20054,1,2.2363457086157745,4.9275413918652875,-2.173172101027815,5.44240629370766,-4.40951780964359,0.514864901842372,ISO
20055,1,0.39741061401038935,4.1207236481865275,-1.7131098312685307,3.842922053926671,-2.11052044527892,-0.27780159425985657,ISO
20056,1,1.6527441271824574,2.7525140510647583,0.831005925630089,3.4136117019377132,-0.8217382015523684,0.6610976508729549,ISO
20059,1,2.33909576564272,1.132362257829043,0.6165616530976588,1.9576432253994107,-1.722534112545061,0.8252809675703676,ISO
20060,1,4.67971828105063,3.3056399267153025,2.1474881709184546,1.849116871119841,-2.532230110132175,-1.4565230555954616,ISO
20061,1,4.224519369582655,5.474191145887041,3.666489834251887,-0.23578712760475626,-0.558029535330768,-5.709978273491798,ISO
20062,1,1.227312949072852,7.6257565721057405,-3.103460132369079,10.877745023152475,-4.330773081441931,3.2519884510467336,ISO
20063,1,1.6061231241281984,4.572011841392825,1.0558179899646685,2.1852232943817227,-0.55030513416353,-2.386788547011102,ISO
20066,1,6.1980158984843845,0.898712305280264,4.406789303822336,-0.11156428617261746,-1.7912265946620491,-1.0102765914528815,ISO
20067,1,5.088927964324791,0.687049888812969,6.198320209031478,-2.9742419429133564,1.1093922447066873,-3.6612918317263254,ISO
20068,1,4.786914584544692,1.3883498492940045,5.980027736281748,-3.5913911032082253,1.1931131517370557,-4.97974095250223,ISO
20069,1,0.43243679578238275,10.486592297722616,-6.986191748078772,9.908061989851593,-7.418628543861154,-0.5785303078710238,ISO
20070,1,2.3214719570797326,2.9605932489672586,-0.06018630999837454,5.282065206046991,-2.3816582670781075,2.3214719570797326,ISO
20073,1,0.28068949744624616,4.867847996807325,-2.9645425004253623,5.740676982016856,-3.2452319978716084,0.8728289852095313,ISO
20074,1,1.4734087459441143,2.9596297418529485,2.149254931583751,1.8737915573419792,0.6758461856396369,-1.0858381845109693,ISO
20075,1,0.779154095053275,5.940459706527032,-2.8663426405896315,27.837050850538116,-3.6454967356429067,21.896591144011083,ISO
20076,1,0.0,7.917442198133266,-4.1823475767542435,7.856211138766392,-4.1823475767542435,-0.06123105936687318,ISO
20077,1,10.87181738922265,1.408943207340092,11.125110550092913,-7.282178375016353,0.2532931608702624,-8.691121582356445,ISO
20080,1,1.2856040832155649,2.4993867092678324,0.14005184146772004,2.9123600879543847,-1.145552241747845,0.41297337868655276,ISO
20081,1,0.9761975416393971,2.4835613927003015,1.9858920577468917,1.7418426723369336,1.0096945161074946,-0.7417187203633677,ISO
20083,1,6.105500289925143,3.2929753995175064,4.842293333389067,-0.0323899219624383,-1.2632069565360757,-3.3253653214799446,ISO
20084,1,1.2652239120148396,7.631722958642154,-3.284198239697773,7.218954873871346,-4.549422151712613,-0.41276808477080745,ISO
20087,1,2.1850092511255537,5.808075709061928,-2.3455690363518804,7.033216678942105,-4.530578287477434,1.2251409698801772,ISO
20088,1,6.770660964377294,2.4530126305443787,7.173006951397724,-4.854109649860156,0.40234598702043056,-7.307122280404535,ISO
20090,1,4.729344457104883,2.0474391884636947,6.334372162634209,-2.7710734745038508,1.6050277055293263,-4.818512662967546,ISO
20091,1,0.2923102313235705,6.826061458231732,-4.257025058993812,8.530518300034007,-4.549335290317383,1.7044568418022754,ISO
20094,1,0.9049027260729062,8.713878102924946,-1.220501516339126,3.6587116393690704,-2.1254042424120323,-5.055166463555875,ISO
20095,1,6.369377074906262,2.526828049931319,3.0016142121794798,0.7846042511728433,-3.3677628627267824,-1.7422237987584759,ISO
20096,1,8.128247247419932,2.3305432765810927,9.193229113562506,0.5874115225808857,1.0649818661425743,-1.743131754000207,ISO
20097,1,2.743209024846105,1.0341595834180817,0.792407992489241,2.4880267899766286,-1.9508010323568639,1.453867206558547,ISO
20098,1,6.592755222065202,6.8493594672352565,6.592755222065202,-1.2672301953789935,0.0,-8.11658966261425,ISO
20101,1,0.394875420666125,4.216808324340082,-2.2309020116466898,5.456198330810421,-2.6257774323128147,1.2393900064703396,ISO
20102,1,1.908171548478668,3.54536015516178,2.7474659376517865,0.9446766443160056,0.8392943891731182,-2.600683510845774,ISO
20103,1,3.9188950315915148,4.263179736102443,4.118665168776878,4.19092245243966,0.19977013718536332,-0.07225728366278276,ISO
20104,1,4.760964033442955,2.1360575239332458,6.539240778077361,-2.8551614664844567,1.7782767446344065,-4.9912189904177025,ISO
20105,1,2.8209317018882345,2.224038906995934,3.7448890419268803,3.40555957633746,0.9239573400386462,1.181520669341526,ISO
20108,1,1.1487101854148465,2.3657959771043213,0.9470021469044593,1.818791126906827,-0.20170803851038716,-0.5470048501974941,ISO
20109,1,4.831351624488015,0.7013252358126686,6.527719502564992,-4.052101362473863,1.6963678780769773,-4.753426598286532,ISO
20110,1,1.745310107070026,2.1415057478138473,1.2568965154632583,0.5738005831462397,-0.4884135916067677,-1.5677051646676075,ISO
20111,1,0.5202793278268006,5.426246579322008,2.357932594702368,2.541364409000194,1.8376532668755674,-2.884882170321814,ISO
20112,1,3.4067314161675344,0.9676566894859018,0.3551698710472567,2.373839444244442,-3.0515615451202778,1.4061827547585402,ISO
20115,1,0.045515640626643976,8.506070015928584,-7.552918953394581,10.94249548476552,-7.598434594021224,2.436425468836934,ISO
20116,1,5.930049218366942,0.6369768737678407,9.16835745403795,-5.091705461924219,3.2383082356710102,-5.72868233569206,ISO
20117,1,1.0814290801037514,5.172918825565291,0.06976961807114397,7.0467314251918864,-1.0116594620326074,1.873812599626596,ISO
20118,1,8.545114349210818,0.6462691524613481,9.276655125955282,-4.990634010673506,0.7315407767444638,-5.636903163134853,ISO
20119,1,6.2080966239999205,0.13811924573305956,5.7901041698078535,2.1117705729179947,-0.41799245419206693,1.9736513271849352,ISO
20122,1,8.334114215376827,0.29323202827472034,6.862204426390001,-3.3319207918667764,-1.4719097889868265,-3.625152820141497,ISO
20123,1,9.38388704842899,0.31969154273204836,9.230309738685229,-5.296850070756467,-0.15357730974376146,-5.616541613488516,ISO
20124,1,4.11822437734113,2.896041658904429,3.7639685169247374,2.529977269807499,-0.3542558604163922,-0.3660643890969296,ISO
20125,1,1.0971517722169835,8.270040245295489,-2.274519829666676,4.657719787713349,-3.3716716018836594,-3.61232045758214,ISO
20126,1,7.246283235135818,5.872779707462187,5.237677797730172,5.543751007239499,-2.008605437405646,-0.3290287002226879,ISO
20129,1,2.1260759562776084,2.4054358675450134,1.70850640469886,2.3378013627118337,-0.4175695515787484,-0.06763450483317944,ISO
20130,1,0.564411417760197,4.926378398324325,1.0288286867046499,2.2043154583390847,0.464417268944453,-2.722062939985241,ISO
20131,1,4.60644349508477,4.039419404731147,7.403929604572529,-3.1336862338567246,2.7974861094877586,-7.173105638587872,ISO
20132,1,1.0229200372953977,3.674596681593795,3.3488453601931396,1.5313356510701965,2.325925322897742,-2.143261030523598,ISO
20133,1,0.7399930091653855,12.900882689467547,-9.217812461201534,18.280192600843055,-9.957805470366921,5.379309911375508,ISO
20136,1,0.8102315648770749,1.5154829602185016,0.03768518906401299,1.2409194398947336,-0.772546375813062,-0.274563520323768,ISO
20137,1,5.6450065034232075,0.7556019101397825,8.388648390726964,-3.678974348884646,2.7436418873037556,-4.434576259024428,ISO
20138,1,2.3524225255591014,2.5487093858432655,0.8244048131933787,4.602171924200303,-1.5280177123657228,2.0534625383570377,ISO
20139,1,0.705215453087156,8.336532433353238,-0.5927898011457591,5.140918447866882,-1.2980052542329152,-3.1956139854863563,ISO
20140,1,2.8945197785642596,1.8183170605172037,3.921430769067218,0.2875350773408782,1.0269109905029585,-1.5307819831763256,ISO
20143,1,2.3416412159062054,4.697138296995338,1.0475034078255758,3.120340839184018,-1.2941378080806296,-1.5767974578113206,ISO
20144,1,2.1313479820636263,13.10091477361944,-8.480702373791534,17.31548352524837,-10.61205035585516,4.214568751628931,ISO
20145,1,0.5550552508674759,7.540868970365003,0.9885895296514303,1.231631473818324,0.43353427878395445,-6.30923749654668,ISO
20146,1,1.767187784627131,3.434666294491428,0.7955527241718847,2.5733478784546793,-0.9716350604552464,-0.8613184160367489,ISO
20147,1,0.7765925890243935,8.670977403769026,-2.1254112962774623,7.079838452572396,-2.902003885301856,-1.5911389511966298,ISO
20150,1,5.072934144146198,1.727488986778955,5.899124529127542,-1.3050052671863028,0.8261903849813445,-3.0324942539652575,ISO
20151,1,2.0213874687450106,5.148915816246995,0.128134522598268,4.238899206773172,-1.8932529461467424,-0.9100166094738236,ISO
20152,1,2.671762090546551,4.893516129268606,4.302076975442194,0.5400096621893727,1.630314884895643,-4.3535064670792325,ISO
20153,1,3.714314799530061,1.4570694851569324,3.429954794106105,-0.5488809407020232,-0.2843600054239567,-2.0059504258589556,ISO
20154,1,4.029672325255583,5.412782564404567,0.20764250409603366,5.940687235835437,-3.822029821159549,0.5279046714308707,ISO
20157,1,1.443685977419728,1.2944126858106364,0.648272580702501,5.004920220094655,-0.7954133967172269,3.710507534284019,ISO
20158,1,3.160671439217421,2.500008525556867,2.9016615469299896,-0.15390442875043606,-0.2590098922874316,-2.653912954307303,ISO
20159,1,4.77207320698043,3.09394457394088,8.562155310057891,-4.287803621494028,3.79008210307746,-7.381748195434908,ISO
20160,1,11.243260086160578,2.4612111631396276,14.959549100958114,-10.512588022103607,3.716289014797535,-12.973799185243234,ISO
20161,1,1.2973318153127316,3.487426813637036,-0.7910559849468177,2.7596553074859065,-2.0883878002595493,-0.7277715061511298,ISO
20164,1,1.0638229282004692,4.268800575382034,1.5366331185116524,1.5163698246413397,0.47281019031118315,-2.752430750740694,ISO
20165,1,3.1683930107563856,0.5294442628940266,3.066364689261091,-0.8244991385693774,-0.10202832149529448,-1.353943401463404,ISO
20166,1,0.709210374653034,3.868968937469091,3.9353631002025087,2.978683573542962,3.2261527255494746,-0.8902853639261287,ISO
20167,1,1.9616616218971183,1.115601456727796,2.8925773788533737,0.10482161338383195,0.9309157569562555,-1.010779843343964,ISO
20168,1,1.1834828285253285,10.691411281651463,-3.094314478748387,7.2796521900435085,-4.277797307273715,-3.4117590916079545,ISO
20171,1,1.3812444290718349,6.245626983629443,-2.9593328709826157,7.356627937448103,-4.34057730005445,1.1110009538186596,ISO
20172,1,5.01064020588463,2.488136837489973,1.4365209918106525,1.2337584594735502,-3.5741192140739773,-1.2543783780164228,ISO
20173,1,0.8171135767539686,5.293778557090621,-2.032308126798658,4.333495507486472,-2.8494217035526264,-0.9602830496041499,ISO
20174,1,1.2512583972566969,5.362174143709327,0.8181304905139897,1.7654394795301276,-0.4331279067427072,-3.5967346641791984,ISO
20175,1,2.9475929003779098,2.614386746422252,2.9219616577658862,0.8145039318919103,-0.025631242612023493,-1.7998828145303416,ISO
20178,1,1.765395275889049,3.9534607629341263,1.8593219894792883,1.466537550829214,0.09392671359023937,-2.4869232121049123,ISO
20179,1,1.0941860624560151,2.001331772355309,0.15664629526614618,7.360037873101119,-0.937539767189869,5.358706100745809,ISO
20180,1,3.639192248569976,0.012253172554096406,4.045589138281165,-0.8495532970847605,0.4063968897111892,-0.8618064696388569,ISO
20181,1,4.697294604338381,4.963000157715127,3.9903280426753263,-0.48752224302604524,-0.7069665616630553,-5.450522400741172,ISO
20182,1,2.954897752016877,9.43963322385521,-6.790842998901198,10.690042937724712,-9.745740750918076,1.2504097138695014,ISO
20185,1,1.5413966568354154,3.6117749736056823,-2.7297938106615707,7.74632047219577,-4.271190467496986,4.134545498590088,ISO
20186,1,2.54601926373258,1.2082489674544212,0.6198520736558818,6.335443284171628,-1.9261671900766981,5.1271943167172065,ISO
20187,1,5.993011027880281,0.9928137391255516,8.15639118431544,-0.7543650244884591,2.163380156435159,-1.7471787636140108,ISO
20188,1,5.018744177735016,1.0112610605683745,8.130538926969693,-4.543451479267885,3.1117947492346785,-5.55471253983626,ISO
20189,1,3.178386019623395,0.185099057127352,3.3123527405277198,-0.6626750774504313,0.13396672090432504,-0.8477741345777833,ISO
20192,1,1.7924781858071521,3.1288991198308,0.17174307899441194,2.729127414944669,-1.62073510681274,-0.3997717048861312,ISO
20193,1,1.6086256261057261,2.1073484645942826,2.838319683751763,0.8189811318318729,1.229694057646037,-1.2883673327624097,ISO
20194,1,2.258760183367306,1.6092013017483258,5.635878531693988,-0.16459410574958713,3.377118348326682,-1.7737954074979128,ISO
20195,1,2.602666970992945,7.82408882694791,-0.940249194191175,6.5692315373620245,-3.5429161651841197,-1.2548572895858856,ISO
20199,1,7.232359350622666,1.6395520352720396,7.299570800515792,-2.31981337661487,0.06721144989312697,-3.9593654118869095,ISO
20200,1,1.3061019423235758,4.643446840403532,-2.0386639895196472,9.080164883117883,-3.344765931843223,4.436718042714351,ISO
20201,1,0.8733842538548253,6.564499106290167,-2.279457610815004,5.6948794397364795,-3.1528418646698295,-0.8696196665536876,ISO
20202,1,1.964525777317201,2.9878266033725818,2.308714929677342,1.3224806277222516,0.3441891523601411,-1.66534597565033,ISO
20203,1,0.7042390414430073,4.572672904735714,2.0095217004343104,3.8781955925800573,1.3052826589913031,-0.694477312155656,ISO
20206,1,6.95364504711553,0.7351589799294563,10.129212206071728,-4.719401016808136,3.175567158956197,-5.454559996737592,ISO
20207,1,1.4021840042382336,2.454718544504119,2.9675377583303386,1.4577693036390558,1.565353754092105,-0.996949240865063,ISO
20208,1,7.189034811689777,0.8216475325489208,6.414643445205815,-2.996955563991103,-0.7743913664839622,-3.8186030965400235,ISO
20209,1,1.6893335398639018,3.4971875158250576,1.1618341341356664,2.9746960158473645,-0.5274994057282353,-0.5224914999776931,ISO
20210,1,2.0170886610125502,4.062846602485979,0.9604208954465605,7.505208063564112,-1.0566677655659897,3.4423614610781326,ISO
20213,1,2.5081242605920893,0.404637749511748,3.888930899976446,1.1320410190619865,1.3808066393843568,0.7274032695502384,ISO
20214,1,2.4527338055566577,1.7206248154523207,6.843700859108057,-0.30870033453710394,4.390967053551399,-2.0293251499894245,ISO
20215,1,0.9083513276513512,2.121291401534525,0.8853379557138259,3.721397615072388,-0.02301337193752533,1.6001062135378632,ISO
20216,1,3.5750762057794394,0.3893124698062113,2.360949181299128,7.052494368285434,-1.2141270244803115,6.663181898479222,ISO
20217,1,3.113835185386443,0.5157671980286057,4.231039387218023,-0.3741497639936334,1.1172042018315806,-0.8899169620222391,ISO
20220,1,4.319208705983423,0.0,3.830321893790426,-1.3231827851745326,-0.4888868121929975,-1.3231827851745326,ISO
20221,1,1.2455040922978158,5.8517218129512205,1.0737104243947193,2.3170670958437967,-0.1717936679030965,-3.534654717107424,ISO
20222,1,0.6546416139926978,11.592691438460122,-8.556146809123614,12.928694732322835,-9.21078842311631,1.3360032938627124,ISO
20223,1,4.042736692552484,0.8144348191307073,7.618680278787312,-3.686684293139062,3.575943586234827,-4.50111911226977,ISO
20224,1,1.4809192336576678,2.5511931339982588,2.3305302681066546,0.36462473561766284,0.8496110344489868,-2.186568398380596,ISO
20227,1,1.161800991140742,4.2042026964278145,-0.3395768475589175,2.8527902675638157,-1.5013778386996597,-1.3514124288639993,ISO
20228,1,10.200406403837992,0.5215886282901026,12.102073892973694,-7.704087287896714,1.9016674891357033,-8.225675916186816,ISO
20229,1,0.8135584283286588,3.6504927753886363,2.29163979703793,1.581529530932045,1.478081368709271,-2.0689632444565915,ISO
20230,1,4.057088063631358,1.5354470563155553,2.3770197414905514,1.2092799461563566,-1.6800683221408064,-0.32616711015919875,ISO
20231,1,7.810843866028478,0.8734239872443421,8.101985195109858,-5.110182134325125,0.2911413290813815,-5.983606121569467,ISO
20234,1,1.7664076640196138,1.2475857408444437,2.895750268884548,-1.288608869653659,1.1293426048649342,-2.536194610498103,ISO
20235,1,1.747151289447531,1.3353227712206261,2.2619369372312152,0.5818637776463774,0.5147856477836842,-0.7534589935742486,ISO
20236,1,0.606160304900468,3.4450837472758327,-2.2807326580066407,5.4249166855836775,-2.8868929629071083,1.979832938307845,ISO
20237,1,4.802638086073022,0.23085967159212376,6.545439377354839,-2.4864722005910482,1.742801291281817,-2.717331872183172,ISO
20238,1,2.672943362643616,4.79816924422372,0.09231193501068033,3.928385678789447,-2.580631427632936,-0.8697835654342725,ISO
20241,1,6.139455552115467,0.49449376836723713,6.874073866438887,-4.218459184466472,0.7346183143234195,-4.712952952833708,ISO
20242,1,1.7582457372293492,5.193444476148959,-0.018581196694612546,2.66407907609245,-1.7768269339239617,-2.529365400056509,ISO
20243,1,7.298503691414286,1.5380071501467938,6.757713554231844,-4.071068152709458,-0.5407901371824418,-5.609075302856251,ISO
20244,1,0.7775691179361628,7.442149466573924,-5.559723425028799,12.505729593831102,-6.337292542964962,5.063580127257178,ISO
20245,1,0.8514194922234746,10.620974404412738,-5.795457680021189,11.936804528758127,-6.646877172244664,1.3158301243453898,ISO
20248,1,3.0702783201054276,0.9922086574454567,5.950720800138271,-1.4528769626879081,2.880442480032843,-2.445085620133365,ISO
20249,1,3.344972717343755,2.428039406668484,-0.220063994562114,3.885352081768456,-3.565036711905869,1.457312675099972,ISO
20250,1,6.948162425983435,0.8256582623084983,4.376439969613002,2.388994808154748,-2.571722456370433,1.5633365458462498,ISO
20251,1,2.5589098236665473,1.4870407488549664,1.381274580942766,0.7372059763431792,-1.177635242723781,-0.7498347725117873,ISO
20252,1,4.8823381867960185,0.5183250285433559,3.724378016645898,-0.5498341488195911,-1.1579601701501208,-1.068159177362947,ISO
20255,1,0.3005618801644021,7.727869549731486,-3.146822369507026,7.711731999118644,-3.447384249671428,-0.01613755061284149,ISO
20256,1,0.38211645003370537,6.232787197743498,-1.1346519077530677,4.992858308858616,-1.516768357786773,-1.2399288888848825,ISO
20257,1,4.1510009218386275,1.5961527123878025,3.8899948179261705,4.329187781240416,-0.2610061039124565,2.733035068852613,ISO
20258,1,0.09803027428698022,2.674826055545916,0.10203150997216123,2.5227790995089463,0.00400123568518101,-0.15204695603696933,ISO
20259,1,5.066965855620215,3.56544613086569,4.764539621305629,-2.443285629856622,-0.3024262343145861,-6.008731760722312,ISO
20262,1,4.714097941600991,2.9017200128087017,6.112286462624374,-1.8075896119394739,1.3981885210233822,-4.709309624748176,ISO
20263,1,0.6831603158626272,6.1016788925713055,-0.06912931767661168,5.233495991162469,-0.7522896335392388,-0.8681829014088361,ISO
20264,1,1.415554407601888,3.4664363839700427,3.2295818078949456,0.7662942167136315,1.8140274002930574,-2.700142167256411,ISO
20265,1,0.27649832194746676,9.971972089365545,-2.0376724160910125,7.420373444437423,-2.3141707380384795,-2.5515986449281223,ISO
20266,1,0.4078286971324257,5.783049582086004,-0.5895154152861194,3.365069960699073,-0.9973441124185451,-2.417979621386932,ISO
20269,1,1.4765712221434264,2.0629266753096354,6.191153934646122,-0.09020853125637303,4.714582712502695,-2.153135206566008,ISO
20270,1,2.667269839146323,1.4402104962992768,-0.6020079874530085,3.3988967712662146,-3.269277826599332,1.9586862749669378,ISO
20271,1,2.014255442075479,3.1349465263164586,4.503683903869119,1.6885079002562324,2.48942846179364,-1.4464386260602264,ISO
20272,1,0.1540426999162509,10.790821673791642,-4.757047444870116,7.798738044910616,-4.9110901447863675,-2.9920836288810264,ISO
20273,1,0.3729104907684681,1.8520176474306747,0.18488839458265113,1.8551513490336982,-0.18802209618581697,0.0031337016030233223,ISO
20276,1,4.008765558775543,0.4969198973899007,7.990388434080092,-2.929321916126087,3.9816228753045495,-3.4262418135159876,ISO
20277,1,1.4909076716221445,8.768853082220176,-4.168751547836497,10.876388586959719,-5.659659219458642,2.107535504739542,ISO
20278,1,4.712596508563826,3.3088443570765533,5.777605380251849,-2.959261292324115,1.0650088716880228,-6.268105649400669,ISO
20279,1,1.4866754337463173,4.546948856841044,0.1948264177288779,3.9444856266333015,-1.2918490160174394,-0.602463230207742,ISO
20280,1,4.83621531940267,0.7691016276138467,6.186705635009397,-1.0949921477892255,1.3504903156067274,-1.8640937754030722,ISO
20283,1,0.23065913643836095,8.55360964292097,-5.637419132236513,8.141718327852539,-5.868078268674874,-0.4118913150684303,ISO
20284,1,0.20564282738131734,8.002188282881036,-3.4005574788704567,12.249159717929645,-3.606200306251774,4.246971435048609,ISO
20285,1,2.8843914759380227,5.8535047308758354,16.428323145997226,-0.5006286940879509,13.543931670059202,-6.354133424963787,ISO
20286,1,2.4666360235959397,4.167400048430696,4.064403469287123,-1.4842071148404516,1.5977674456911832,-5.651607163271147,ISO
20287,1,3.2094445381139316,0.13925945019056363,1.9690638538579976,1.1918018062824336,-1.240380684255934,1.0525423560918699,ISO
20290,1,12.821587500273724,0.31087017903104386,12.622775176474658,-9.195973668084632,-0.19881232379906483,-9.506843847115675,ISO
20291,1,16.79690037887248,0.16115107374577675,19.205902327429275,-15.131672616834289,2.409001948556798,-15.292823690580065,ISO
20292,1,2.1504974537924073,4.92121924061924,-1.9273326236818822,11.88859913134281,-4.07783007747429,6.967379890723571,ISO
20293,1,3.44996722049764,3.4235306900725146,2.8657198980991674,-0.49965042503756607,-0.5842473223984728,-3.923181115110081,ISO
20294,1,1.3100463678187044,3.788918508760383,-0.8773705032181192,5.423471775029731,-2.1874168710368234,1.6345532662693483,ISO
20297,1,0.7329707738717124,10.479335290038787,-5.253468349966719,9.00726009565237,-5.986439123838432,-1.4720751943864174,ISO
20298,1,1.9555319923487473,2.7121683490613653,3.1890623907920506,0.8205774572798201,1.233530398443303,-1.8915908917815452,ISO
20299,1,1.0156865393577519,9.190127603105411,-7.284185693406807,18.46591551675886,-8.299872232764558,9.275787913653447,ISO
20300,1,3.119827354974637,1.0956919439121027,0.53390859889253,1.470928911005279,-2.585918756082107,0.37523696709317644,ISO
20301,1,15.747135753285415,0.5112162219001417,17.479125138958043,-11.690928353290692,1.7319893856726292,-12.202144575190834,ISO
20304,1,7.854505491733189,0.04284275722766155,5.783772225730803,-3.6302096290883314,-2.070733266002386,-3.673052386315993,ISO
20305,1,9.69124919400087,0.9163479190019652,10.79608640013919,-6.916106920314762,1.1048372061383214,-7.8324548393167275,ISO
20306,1,4.491988418191302,0.9399848941047643,4.679985397012204,-1.569489929247498,0.18799697882090102,-2.5094748233522624,ISO
20307,1,4.174072766353841,0.2296738603496304,5.562101748466678,-2.292744275490046,1.3880289821128375,-2.522418135839676,ISO
20308,1,3.632652474071387,0.9677060046109217,4.111141252404484,1.8045249442966202,0.4784887783330973,0.8368189396856985,ISO
20311,1,0.8877783312127311,3.410196129420104,0.08656342005027347,3.4242878489631035,-0.8012149111624576,0.014091719542999646,ISO
20312,1,3.270079951437485,3.4268646066434205,3.5164558381896858,1.9635411580549156,0.24637588675220054,-1.463323448588505,ISO
20313,1,1.281606698275739,3.2272441591974905,-0.7104855896625477,4.399545382140644,-1.9920922879382867,1.172301222943154,ISO
20314,1,0.7423999004054713,4.749075055209145,-2.800560855068074,5.765591841918237,-3.5429607554735454,1.0165167867090923,ISO
20315,1,2.3301411368621614,1.3611434201913777,2.074393938913858,0.9235315481465577,-0.25574719794830336,-0.43761187204482005,ISO
20318,1,0.7042283057422859,4.571023177180806,-3.152875350479532,5.281712293067658,-3.857103656221818,0.710689115886852,ISO
20319,1,0.43969855493668586,8.88034045773996,-6.63081124364419,11.282978990072936,-7.070509798580876,2.4026385323329746,ISO
20320,1,9.66453363366483,0.26405829600180863,9.266414972000613,-5.098356330495635,-0.39811866166421706,-5.362414626497444,ISO
20321,1,6.0942470770629855,1.205455465792589,5.481952237295257,-2.4459903234470555,-0.6122948397677288,-3.6514457892396446,ISO
20322,1,18.471264348570347,3.827342765675281,19.302067941540955,-14.712483044450742,0.8308035929706061,-18.539825810126022,ISO
20325,1,4.1614095925347785,1.7187465446221266,4.521147241409163,0.36417885441614084,0.35973764887438453,-1.3545676902059858,ISO
20326,1,2.1256982026336275,0.4662312042950936,4.91781727920312,-1.7068803411481617,2.792119076569492,-2.1731115454432555,ISO
20327,1,4.0969998182661405,0.6988564671951747,8.53418373696596,-3.4905846827105456,4.43718391869982,-4.18944114990572,ISO
20328,1,6.254295036435018,0.9293836716749171,9.95659392523839,-2.8605210550320703,3.7022988888033725,-3.7899047267069874,ISO
20329,1,15.58921447281714,0.5196404824271647,21.287644847909064,-14.72167909113766,5.698430375091925,-15.241319573564823,ISO
20332,1,2.3455066024134443,0.7301017755881857,1.8733449750870055,-0.40658362353115546,-0.47216162732643896,-1.136685399119341,ISO
20333,1,6.126561760756801,2.555277716586075,11.865035267629418,-5.206487361098703,5.738473506872617,-7.761765077684778,ISO
20334,1,5.7153894144284445,0.022457325793411736,8.632596034995336,-3.9075746880572164,2.917206620566891,-3.9300320138506284,ISO
20335,1,3.57045573022704,1.154327939538227,3.043047275093152,-0.30848419073871486,-0.5274084551338881,-1.4628121302769421,ISO
20336,1,14.091167646787628,1.2452373765981355,14.819862111611656,-9.230129887771438,0.7286944648240278,-10.475367264369574,ISO
20339,1,5.374542992654455,0.9013767210600446,6.597358295040096,-3.3200334588668623,1.222815302385642,-4.221410179926907,ISO
20340,1,5.008409402561667,3.5130929262572983,-0.569751609194341,5.623200664656804,-5.578161011756007,2.1101077383995057,ISO
20341,1,0.5914513903712927,3.8457254159951444,-1.4566750400411952,5.242997041282768,-2.0481264304124878,1.3972716252876236,ISO
20342,1,5.391954506582277,2.0183397274639097,4.862474289269278,-1.8798976522948643,-0.5294802173129989,-3.8982373797587737,ISO
20343,1,0.8636221642341134,3.4599373772154043,-0.13076928669791188,2.457372845864829,-0.9943914509320253,-1.002564531350575,ISO
20376,1,0.656417535969544,1.768513300272633,0.7119554110821485,1.5778109580184676,0.05553787511260464,-0.1907023422541654,ISO
20377,1,3.3151289594603117,2.112424788937725,9.374135842993542,-2.414773112116935,6.05900688353323,-4.5271979010546595,ISO
20378,1,0.592850651759363,7.817290536845749,-4.78166908278362,10.063622148219931,-5.374519734542983,2.2463316113741825,ISO
20381,1,8.7242667657488,0.41796128229075274,13.70524204720875,-8.36678566900911,4.980975281459952,-8.784746951299862,ISO
20382,1,1.3529571833665464,12.468330325522995,-7.364024520618099,11.545761539839186,-8.716981703984645,-0.9225687856838081,ISO
20383,1,2.1788222370484225,1.0374931938923964,3.402787310243392,0.869625237582863,1.2239650731949692,-0.16786795630953327,ISO
20384,1,3.905739680276169,0.7483237358246729,3.659132994606685,-0.6462795900304837,-0.24660668566948393,-1.3946033258551567,ISO
20385,1,7.1874513776268465,0.9821749989781927,7.490757008555587,-4.189186008357367,0.3033056309287404,-5.171361007335559,ISO
20388,1,2.1365939917320027,4.331354460999582,-1.137932919676258,3.6964386850822972,-3.2745269114082607,-0.6349157759172844,ISO
20389,1,3.8548653354785274,1.4893608785898143,3.9380698538354997,-1.775584421737804,0.08320451835697244,-3.2649453003276183,ISO
20390,1,1.5427836275125455,3.1377880400622593,-1.079607968921544,10.10018096687192,-2.6223915964340896,6.9623929268096605,ISO
20391,1,3.561432755534091,1.2756978481787202,4.652132496519869,-1.5045343693984634,1.0906997409857777,-2.7802322175771836,ISO
20392,1,3.320877895795614,0.18649391746332325,0.5967805358826929,4.932442575668501,-2.7240973599129212,4.745948658205178,ISO
20395,1,2.9918578544315864,0.7869886964917514,0.9326791659249867,1.6624323208536917,-2.0591786885066,0.8754436243619405,ISO
20396,1,0.33347197513756066,10.575825497217934,-3.0727060566241193,10.188362821343874,-3.4061780317616797,-0.38746267587405964,ISO
20397,1,2.7274804608274663,0.6560121835652709,3.4954256087591578,-1.1377489922309143,0.7679451479316917,-1.793761175796185,ISO
20398,1,0.2893266715069121,8.014724549665662,-4.264750287796758,9.852136788196653,-4.55407695930367,1.8374122385309903,ISO
20399,1,0.9687611025926135,3.1646196018023676,4.2489522043533645,2.190759756564573,3.2801911017607512,-0.9738598452377943,ISO
20402,1,3.4253438158790526,1.7957461455123898,5.113680846145866,0.5672543898908335,1.688337030266813,-1.2284917556215562,ISO
20403,1,0.6889165265735668,8.4892294564887,-2.020451426053619,7.015096243712737,-2.709367952627186,-1.474133212775963,ISO
20404,1,9.083806526672868,0.4557802574643676,12.99352288804476,-8.17073179161977,3.9097163613718937,-8.626512049084138,ISO
20405,1,1.8535325418482416,5.6532125093815875,-2.41539617045663,10.565505948070859,-4.268928712304872,4.9122934386892725,ISO
20406,1,0.7136622506110469,9.142149798911102,-1.915524028073407,5.222916725809896,-2.629186278684454,-3.9192330731012053,ISO
20409,1,1.5472015553527745,1.9637558202554175,0.2876208019566203,7.87485919839812,-1.2595807533961543,5.911103378142703,ISO
20410,1,5.150962382975836,1.259097337351158,5.176289053554688,-0.14110573608241056,0.025326670578852017,-1.4002030734335686,ISO
20411,1,2.6400543362422195,3.040586773343449,-1.8855630012375084,7.600801597084384,-4.525617337479728,4.560214823740934,ISO
20412,1,4.515205331848757,0.05703213756774444,2.581912532941109,1.638465647074177,-1.9332927989076483,1.5814335095064327,ISO
20413,1,4.8566630949884715,0.17173635023320985,6.630249807218557,-1.905455695444881,1.7735867122300855,-2.077192045678091,ISO
20416,1,3.673927274449811,0.6479805176234646,9.698312181222288,-2.752388943961744,6.024384906772478,-3.4003694615852087,ISO
20417,1,2.3259334018750435,3.0051646706955824,3.445530719243491,1.5225989739181562,1.1195973173684481,-1.4825656967774261,ISO
20418,1,0.3224659654142941,5.8506901827481155,0.008268358087576855,2.270491130840272,-0.31419760732671725,-3.5801990519078437,ISO
20419,1,0.9379262254908236,1.782924276566598,0.6310471378878297,1.3053166824802651,-0.3068790876029938,-0.4776075940863329,ISO
20420,1,4.348953520130324,0.3831165674434289,6.414300106438873,-2.9825044295821193,2.0653465863085487,-3.365620997025548,ISO
20423,1,1.4215606845117568,4.948773015350702,-1.3695866278646025,4.410771293840822,-2.791147312376359,-0.5380017215098798,ISO
20424,1,3.57898507483694,5.81619835588307,1.0094573288002016,5.322593188219049,-2.5695277460367385,-0.49360516766402085,ISO
20425,1,6.046414962769905,0.6271304300666077,2.9948677680727873,2.4573273994445515,-3.0515471946971178,1.8301969693779438,ISO
20426,1,2.5593580894834527,2.210735638525524,3.523098038044647,-0.18269157285771162,0.963739948561194,-2.3934272113832358,ISO
20427,1,8.152231884206072,0.4911536101408755,5.044652500418027,5.774497584646012,-3.107579383788046,5.2833439745051365,ISO
20430,1,1.2934228619064116,5.926361248622188,-1.9529223720028732,5.763769956659314,-3.246345233909285,-0.16259129196287314,ISO
20431,1,2.699657765297608,2.7275303380959133,3.6871432015717036,0.38623422305891825,0.9874854362740957,-2.341296115036995,ISO
20432,1,2.3078334793451925,1.953508994286878,9.781717950837452,3.732217909278478,7.47388447149226,1.7787089149916002,ISO
20433,1,9.399299275232508,1.0853997368088457,14.044585195461021,-7.2772396861691435,4.645285920228513,-8.36263942297799,ISO
20434,1,2.5408675350953,7.807126702935234,-4.724402690615038,11.63234053675008,-7.265270225710338,3.8252138338148454,ISO
20437,1,1.1496441492605545,6.4698498975467835,-4.917003213923332,11.870696152705667,-6.066647363183886,5.400846255158884,ISO
20438,1,9.491844613159643,0.30807892200062176,7.499377671960188,-2.061114961862607,-1.9924669411994547,-2.3691938838632285,ISO
20439,1,5.925548455949274,0.2882111362789943,5.468760994677033,-0.7395606515837535,-0.45678746127224074,-1.0277717878627477,ISO
20440,1,4.209356462330207,4.088189033938432,11.859867890986754,0.969339427134193,7.650511428656547,-3.1188496068042393,ISO
20441,1,4.893679404506285,1.6920594994400728,6.6262942581276185,-2.1336622449666307,1.7326148536213342,-3.8257217444067035,ISO
20444,1,5.25936558119176,0.8368584855460515,6.626510631836199,-3.6477915669471748,1.367145050644439,-4.484650052493226,ISO
20445,1,0.662048422521077,11.41444033678239,1.17717651018139,6.850840799622976,0.515128087660313,-4.563599537159414,ISO
20446,1,0.6800409551984017,6.240716996106968,-0.5872421894571185,5.1633813250782366,-1.2672831446555202,-1.077335671028732,ISO
20448,1,5.877874323846896,0.843883794001007,6.268189862936949,0.015427491663555813,0.39031553909005273,-0.8284563023374512,ISO
20451,1,1.8296043037103404,12.498995612688482,-8.522942589378253,11.360766488215488,-10.352546893088594,-1.138229124472996,ISO
20452,1,2.3683578071199354,3.385226361350218,-0.2967837291997818,5.527744757007408,-2.665141536319717,2.14251839565719,ISO
20453,1,4.031798293817158,0.7405920679925583,2.7202153947768406,0.6067955366249336,-1.3115828990403173,-0.13379653136762473,ISO
20455,1,1.6330781226711142,10.604864454985643,-9.407950054518455,14.097555346743976,-11.04102817718957,3.4926908917583326,ISO
20458,1,4.631614278162331,2.9638285197959893,4.478618010715524,-1.6551414387425933,-0.1529962674468079,-4.618969958538583,ISO
20459,1,4.04886551785791,1.4312541635021567,4.89940590190633,-1.1834242929776362,0.8505403840484205,-2.614678456479793,ISO
20460,1,1.044697221120878,3.31715454927748,2.87394966758963,0.5312952929548884,1.829252446468752,-2.7858592563225915,ISO
20461,1,4.995385343370396,2.2493840435058665,8.08901872268559,-3.127228076069056,3.0936333793151944,-5.376612119574923,ISO
20462,1,7.817055815977164,3.229555437473038,7.294050886831868,-1.2458724562143115,-0.5230049291452965,-4.47542789368735,ISO
20465,1,5.535555300494879,0.8611734992979594,5.901456028572817,-0.835037733006695,0.3659007280779372,-1.6962112323046543,ISO
20476,1,3.8574555825103,0.45376234595739146,6.367893383310488,-3.362788035554621,2.510437800800188,-3.8165503815120125,ISO
20479,1,0.5979795830012444,3.71170155307362,1.3821985984187504,8.364667264575225,0.784219015417506,4.652965711501604,ISO
20480,1,1.6210488974012265,3.042706786511931,10.546787383522348,0.05782339240421776,8.925738486121121,-2.9848833941077135,ISO
20481,1,2.61372412357324,1.939423599402503,9.358888278378389,-0.46344667829881975,6.745164154805148,-2.402870277701323,ISO
20482,1,1.2284561305368917,19.370055678458133,-5.235063977647722,15.987700390262555,-6.463520108184613,-3.382355288195579,ISO
20483,1,0.2079193742925039,3.3177900563815252,-1.7831369423492032,9.68832075227322,-1.991056316641707,6.370530695891696,ISO
19150,0,1.4931015632894808,4.065105418989115,2.4975968010507246,0.8656020690830528,1.0044952377612437,-3.1995033499060623,MT
19151,0,5.556977566787944,1.7204450503431312,7.328376564615266,-2.7754914923655707,1.7713989978273212,-4.495936542708702,MT
19152,0,2.045531018923439,5.4310536870808015,0.8115776124892481,4.277073257059772,-1.2339534064341908,-1.153980430021029,MT
19153,0,11.178915727625439,11.780877832567858,22.126102680339294,-8.213053763672278,10.947186952713853,-19.993931596240138,MT
19156,0,0.28423491861955363,13.190395123404691,-9.347539023668373,14.749897376897312,-9.631773942287927,1.559502253492621,MT
19157,0,0.2520687469688566,4.460584960979704,-3.3421220266957516,7.218968836800438,-3.594190773664608,2.758383875820734,MT
19158,0,4.37401220132322,2.612777630965386,6.489991337259597,4.776758506798442,2.115979135936377,2.163980875833056,MT
19159,0,3.8384901483836913,1.3779552656084924,9.180330884827558,-3.4121460520477362,5.341840736443868,-4.790101317656228,MT
19160,0,3.48863203598327,3.8308472516885224,-0.12314393681182022,5.095303472429902,-3.6117759727950904,1.2644562207413796,MT
19163,0,2.004133410648254,1.4544825867551758,0.21871918597824144,1.7093379860689604,-1.7854142246700127,0.2548553993137845,MT
19164,0,5.104714152682246,1.3003514181164617,3.744055137175248,2.4182848143736386,-1.3606590155069984,1.117933396257177,MT
19165,0,5.541380816227652,0.012535485068777063,3.577488155455719,-1.3245829222652525,-1.9638926607719327,-1.3371184073340296,MT
19166,0,7.760092720594612,2.5468904489906916,5.771267536802016,3.1945217444058467,-1.9888251837925957,0.6476312954151553,MT
19167,0,1.7467613563110627,3.7773425895394714,2.833583811823016,0.7037809956075646,1.0868224555119532,-3.073561593931907,MT
19170,0,0.03644887826191383,5.976681448333702,-4.813121103818376,7.743050164103935,-4.84956998208029,1.766368715770234,MT
19171,0,2.0619629271938718,2.9232969239596374,0.25584178121760076,3.0518269616665608,-1.8061211459762712,0.128530037706923,MT
19172,0,3.5368323220887494,4.329921790220364,-2.2509872663801853,4.189072567737949,-5.787819588468935,-0.1408492224824159,MT
19173,0,7.873434152854217,4.105785110696017,2.344481411919501,2.809953531583965,-5.528952740934716,-1.2958315791120518,MT
19174,0,6.192090131090959,2.263615861352129,8.21611850067789,-3.394789962684962,2.0240283695869308,-5.65840582403709,MT
19177,0,3.9720078174087488,0.0,3.3828803543400765,-0.7709285161251889,-0.5891274630686723,-0.7709285161251889,MT
19178,0,1.81731577201671,18.330728451844582,-15.662530728768093,19.622808451602133,-17.479846500784802,1.2920799997575507,MT
19179,0,2.80358600353404,7.376977491399329,-7.016910732890512,12.121829340459213,-9.820496736424552,4.744851849059883,MT
19180,0,2.9851263357550057,2.1652091733206573,0.15973611385265385,1.8235770223063101,-2.825390221902352,-0.34163215101434696,MT
19181,0,4.227418945493119,2.935901798771757,2.888435783977845,0.1802972654967065,-1.3389831615152734,-2.7556045332750503,MT
19184,0,3.578843343331199,1.3738299229094966,2.6793508798828825,2.6995703338000268,-0.8994924634483162,1.3257404108905304,MT
19185,0,1.984919955733752,3.221876380650909,-0.21359209614313363,3.8243156261830067,-2.1985120518768855,0.6024392455320978,MT
19186,0,7.298455967810525,12.424778318971773,8.424223766124172,-1.3998677839898175,1.1257677983136478,-13.82464610296159,MT
19187,0,1.9055472565553297,5.1221534890695,1.3103007000905782,2.8063789878677046,-0.5952465564647517,-2.315774501201796,MT
19188,0,3.5006251015573246,3.6452947631768104,0.7742682218914636,1.6893990090440936,-2.726356879665861,-1.9558957541327169,MT
19191,0,2.2299174391662593,1.8891537050738956,-0.36266696545569094,3.9088843663512156,-2.59258440462195,2.01973066127732,MT
19192,0,0.8456689488405148,4.912461762816932,-0.9838920804787818,4.21493068501465,-1.8295610293192968,-0.697531077802282,MT
19193,0,2.915394749284908,1.1945020153320771,0.5349951822906598,6.639102938605918,-2.380399566994248,5.444600923273841,MT
19194,0,12.923917648193076,0.746417047819058,15.649597878993049,-11.242382613499558,2.725680230799973,-11.988799661318616,MT
19195,0,6.779918963807705,1.1166386953554752,3.9658979237501084,1.910184391153229,-2.814021040057597,0.7935456957977538,MT
19198,0,0.0,7.350847472149924,-4.4702384409952405,7.1204851895384955,-4.4702384409952405,-0.2303622826114287,MT
19199,0,1.8740438002368998,2.666634421805163,1.1455839551024518,1.447601543265642,-0.728459845134448,-1.2190328785395208,MT
19200,0,1.7526415378963869,4.714775471048256,11.066663781306314,1.9097824692853032,9.314022243409926,-2.8049930017629525,MT
19201,0,6.692327374662384,1.8152560454676896,7.149701134632938,-4.329085786588562,0.45737375997055374,-6.144341832056252,MT
19202,0,0.3175124988178859,4.279128906261822,1.8629559879618904,0.6909136772745024,1.5454434891440043,-3.58821522898732,MT
19205,0,1.8737787411816982,2.5171245656357844,0.9663798350404639,3.2149143244583986,-0.9073989061412342,0.6977897588226141,MT
19206,0,6.955606672541487,0.08055188416642002,4.108631344803099,6.424740640745707,-2.8469753277383876,6.344188756579287,MT
19207,0,4.314447005875806,4.142235533029716,1.342883080809749,3.104386603590878,-2.971563925066057,-1.0378489294388376,MT
19208,0,3.629165656258891,3.8754772603658814,6.998918027340979,-1.904984427509244,3.3697523710820882,-5.780461687875126,MT
19209,0,2.19735927171427,11.122103087192226,-3.9821980293393895,7.515573739349904,-6.179557301053659,-3.6065293478423217,MT
19212,0,5.511527352836499,0.10517967292388196,5.6858893774695245,-3.216698125407928,0.17436202463302558,-3.3218777983318097,MT
19213,0,4.323715776035005,1.3675841335801688,3.3406354784664427,0.4336578508900188,-0.9830802975685624,-0.93392628269015,MT
19214,0,10.97092110700228,2.076592487509108,7.481935595941429,1.7703370926493707,-3.4889855110608505,-0.30625539485973713,MT
19215,0,4.896167454194222,0.11567129888210555,1.694175589686531,3.4117191185412645,-3.201991864507691,3.296047819659159,MT
19216,0,5.883805007391132,1.7321482031105528,7.764423056482575,-2.3458235664981406,1.880618049091443,-4.077971769608694,MT
19219,0,3.698198203814288,2.498336303631052,2.6414390990656123,0.4187591417688873,-1.0567591047486762,-2.0795771618621646,MT
19220,0,0.5242657332293178,3.4104749899595204,-0.06924264401140989,2.6740849663458954,-0.5935083772407277,-0.736390023613625,MT
19221,0,0.9684222888247995,4.385927299449701,-1.09722722379158,7.316835889088732,-2.0656495126163796,2.93090858963903,MT
19222,0,1.5301929951126727,5.186716673017128,-4.211856219047468,9.357130165113595,-5.742049214160142,4.1704134920964675,MT
19223,0,3.973211244886072,3.2143417894598914,-0.15397351269522053,3.297117023728236,-4.1271847575812926,0.08277523426834467,MT
19226,0,2.6679368366189613,3.277944931942006,1.7291644419089012,0.36076790375225426,-0.9387723947100602,-2.9171770281897516,MT
19227,0,8.295408613731494,3.295068104098271,8.09631084309118,-4.200962960512092,-0.19909777064031428,-7.496031064610363,MT
19228,0,4.537646419041441,1.1136521614487387,5.951390786336056,-1.6470910212272318,1.4137443672946148,-2.7607431826759705,MT
19229,0,1.6258126789252387,5.901055226269345,-1.5924213420352644,4.7761126006956856,-3.218234020960503,-1.1249426255736596,MT
19230,0,5.650340408314489,4.472933277043761,-3.1935651158486245,7.75632120496879,-8.843905524163114,3.2833879279250295,MT
19233,0,8.233477988484836,1.6054545630498087,6.1076008453638595,-3.5103975919897072,-2.1258771431209764,-5.115852155039516,MT
19234,0,0.2912270946328919,6.322950678774521,-3.430225175038395,5.494223912839248,-3.721452269671287,-0.8287267659352725,MT
19235,0,5.391964519772067,1.0190129229654117,4.647373275509671,1.0564766333686255,-0.7445912442623955,0.03746371040321373,MT
19236,0,0.9719357921815599,6.255569278645792,-1.105865809153746,4.686607424891221,-2.077801601335306,-1.5689618537545709,MT
19237,0,9.072469222660587,0.977259546492498,8.792418725755294,-2.3629260676383272,-0.28005049690529304,-3.3401856141308253,MT
19240,0,0.5476793110971866,2.6731673341639763,-1.536578921134337,3.2842297565453373,-2.0842582322315235,0.6110624223813609,MT
19241,0,1.3861583945173905,6.229636323741717,-3.2287858675919545,7.725275506432035,-4.614944262109345,1.4956391826903175,MT
19242,0,5.352481606346347,2.93013539464726,8.280093197897502,-3.3818961488608665,2.9276115915511554,-6.312031543508127,MT
19243,0,2.3153692771897525,9.740381698020665,-5.933538253026007,9.325696123327216,-8.248907530215758,-0.41468557469344863,MT
19244,0,0.739331050412921,7.270166700292473,-3.0860867341810034,6.335584827826267,-3.8254177845939243,-0.9345818724662053,MT
19247,0,3.2688126897445176,1.7321661472857521,3.876495481631237,1.6928657242048886,0.6076827918867196,-0.039300423080863685,MT
19248,0,1.9975131495841036,17.34143932534213,-11.60025732191622,15.36728239855391,-13.597770471500324,-1.974156926788219,MT
19249,0,1.848634554860313,2.319292662793392,1.6754578695487847,5.320667730310962,-0.17317668531152824,3.00137506751757,MT
19250,0,2.9084822113955275,11.356647599688003,-7.47570044733561,12.940121571775698,-10.384182658731138,1.5834739720876965,MT
19251,0,5.273830747402701,3.2392191637946945,4.70200940522269,-1.8877082201706545,-0.5718213421800105,-5.1269273839653495,MT
19254,0,3.617090513619321,1.9493865303683477,4.590216387841779,-1.7048735403428028,0.973125874222458,-3.6542600707111506,MT
19255,0,0.8851016845307689,4.509305031839991,-0.9097169384791511,3.6807660585099757,-1.7948186230099201,-0.8285389733300155,MT
19256,0,1.6369191467224529,4.375712670526475,7.204563234765221,10.965239293853259,5.567644088042768,6.589526623326783,MT
19257,0,4.6374505840650535,1.0195534310379826,2.240319722225586,0.12870878484439394,-2.3971308618394676,-0.8908446461935886,MT
19258,0,4.039217868891329,0.5428529730273245,1.572594695058463,1.045971346997996,-2.466623173832866,0.5031183739706716,MT
19261,0,2.725314348557306,0.46103208783534194,1.7725147003642943,5.444174247884931,-0.9527996481930121,4.983142160049589,MT
19262,0,2.3590597254594834,1.8458975765454795,0.41350203822206644,4.524481604267496,-1.945557687237417,2.6785840277220165,MT
19263,0,7.272474212074442,1.8519232733255164,9.755898430708314,-5.9878948404108705,2.483424218633871,-7.839818113736387,MT
19264,0,3.070483362928657,2.0765455792729806,5.608567722412338,-1.0962493359191192,2.5380843594836806,-3.1727949151920996,MT
19265,0,3.5683319880107294,1.4566924887765735,3.269465363698403,2.189555609098987,-0.29886662431232675,0.7328631203224136,MT
19268,0,10.984881599050238,0.666831539670989,15.332878077783523,-9.102038149775602,4.347996478733284,-9.768869689446591,MT
19269,0,5.774567247802149,1.9058490946515887,8.120334002923691,-4.837020811938175,2.345766755121542,-6.742869906589764,MT
19270,0,0.46458001825473233,3.8757428920153583,1.8805944574557794,1.832863633662457,1.416014439201047,-2.042879258352901,MT
19271,0,2.6173364937020707,2.0054440143065944,0.8142281828284734,2.5534195813501586,-1.8031083108735975,0.5479755670435641,MT
19272,0,1.9744897644841495,8.027484181468399,-0.7328048514396672,6.892931912972273,-2.7072946159238165,-1.1345522684961262,MT
19275,0,0.942333319062398,5.362231439015896,-3.009552395147617,5.389831159657865,-3.951885714210015,0.027599720641968663,MT
19276,0,2.2903110921967733,1.336622941614097,6.519877710890533,1.2402170915149289,4.2295666186937595,-0.09640585009916809,MT
19277,0,1.5435146649643188,1.9473974927135382,3.695591046401588,0.7799697570297638,2.1520763814372694,-1.1674277356837743,MT
19278,0,4.960111813858155,19.00737828283479,-0.9575505432158042,15.57874886903248,-5.917662357073959,-3.4286294138023092,MT
19279,0,2.8182039780419124,3.7587751687209323,-1.5372021698410068,5.5216442324450075,-4.35540614788292,1.7628690637240751,MT
19282,0,5.09190000111664,0.42044455305325695,3.048449055094507,4.686826539250426,-2.043450946022133,4.266381986197168,MT
19283,0,2.5554203059675165,1.1227092491790773,0.6158144016020057,2.2961079831160047,-1.9396059043655107,1.1733987339369274,MT
19284,0,1.8986980061529466,1.123365356543216,1.0816674877409407,2.2710888740698993,-0.817030518412006,1.1477235175266836,MT
19285,0,2.9011323647338387,3.1451680741110826,3.080390648750554,5.426229738223475,0.17925828401671542,2.2810616641123933,MT
19286,0,8.584376312675332,2.645165290615042,14.023198152538267,-4.981925659454337,5.438821839862935,-7.627090950069379,MT
19289,0,2.149454750029785,1.958296937629024,1.4876048903937118,1.2458350299031808,-0.6618498596360731,-0.7124619077258432,MT
19290,0,10.336473982001126,1.3133449235549686,8.344484286160709,-5.198448917949226,-1.991989695840417,-6.511793841504195,MT
19291,0,1.3970858790475733,3.6072048127461267,1.6816693392108577,2.281045888385408,0.2845834601632845,-1.3261589243607186,MT
19292,0,2.418912005792912,2.9319700470944623,2.2965222058641075,2.0067031596326497,-0.12238979992880475,-0.9252668874618128,MT
19293,0,2.0012374919620863,3.859433059347184,-1.5203827203489124,4.759067805115742,-3.521620212310999,0.8996347457685582,MT
19296,0,1.1870800613418393,3.4922612074880166,0.6202760680885648,4.384710136487845,-0.5668039932532746,0.8924489289998289,MT
19297,0,2.7780576534713104,4.062983677346707,0.05994491065804388,3.7843084819976966,-2.7181127428132665,-0.27867519534901003,MT
19298,0,2.100793335232637,4.189684158650936,8.34901691217532,11.73052051863197,6.248223576942684,7.540836359981035,MT
19299,0,4.209469216184604,1.9694881141758307,4.546027311645007,-1.4463688028367179,0.33655809546040344,-3.4158569170125483,MT
19300,0,9.863179735276999,2.3514613201954133,12.32897466909625,-6.959105949233274,2.4657949338192497,-9.310567269428688,MT
19303,0,2.361791414554822,1.6826558833083054,1.5472143756573316,1.378514988903353,-0.8145770388974907,-0.30414089440495246,MT
19304,0,23.223729779691194,1.4781778546449729,24.667894488680478,-19.860889100187787,1.4441647089892862,-21.33906695483276,MT
19305,0,6.3376869506314515,2.683833140722671,2.656198558645437,3.086173920457499,-3.681488391986014,0.4023407797348276,MT
19306,0,21.433793934875155,0.2661624309583625,22.780978119690914,-16.863658696802432,1.3471841848157593,-17.129821127760795,MT
19307,0,2.141667716176374,1.1908683318561435,2.7797457083114936,-0.10424046406172768,0.6380779921351193,-1.295108795917871,MT
19310,0,7.494155664470619,0.3357381737683419,7.2303613850812205,-4.080417876190896,-0.2637942793893985,-4.416156049959238,MT
19311,0,4.080978558268454,3.6462931482356415,3.7775428205853925,3.7180373421245694,-0.3034357376830614,0.0717441938889275,MT
19312,0,0.0,4.908234483089622,-1.5806178843847383,5.823329047733467,-1.5806178843847383,0.9150945646438456,MT
19313,0,0.9407234374237319,5.178847114846314,-1.502190210573142,4.710571771426914,-2.442913647996874,-0.46827534341939986,MT
19314,0,1.892488725289797,4.927456545185336,-1.1492709023868983,6.229057993519718,-3.0417596276766954,1.301601448334382,MT
19317,0,3.8084830310419484,2.231226987186085,-0.19042415155204795,4.085958223303571,-3.9989071825939964,1.8547312361174864,MT
19318,0,0.03942012472260983,3.7971018729210493,-3.5144984435721844,6.379397648759068,-3.5539185682947942,2.582295775838018,MT
19319,0,4.4077312739897705,5.9995758369962,7.4257484667020925,-0.879294403277419,3.018017192712321,-6.878870240273619,MT
19320,0,0.1708220169790204,1.9583524089382685,-0.59238635173802,2.7337623502966575,-0.7632083687170405,0.7754099413583891,MT
19321,0,0.9687258849440635,3.0265162740796447,3.194388647930184,0.9091582684163556,2.2256627629861208,-2.117358005663289,MT
19324,0,0.21490709956718326,7.306841385283594,-5.564225121402104,8.932660312443904,-5.779132220969287,1.6258189271603098,MT
19325,0,0.4122605940584074,5.321815908319934,-0.8795922038026265,4.832352955823569,-1.291852797861034,-0.4894629524963649,MT
19326,0,1.4092019261870434,7.225695354699495,4.376234710563561,9.58878445642444,2.967032784376518,2.363089101724946,MT
19327,0,11.122147287259999,0.0,10.830831697800217,-7.3773323711406,-0.29131558945978203,-7.3773323711406,MT
19328,0,1.6364350767904772,12.56789717987465,0.6574793187722339,8.779022604163917,-0.9789557580182434,-3.788874575710734,MT
19331,0,2.2444652943134074,10.536377527686927,-7.323513724366359,14.020594663218755,-9.567979018679766,3.484217135531829,MT
19332,0,0.9011470033381016,3.971311472999365,-1.2866644379210908,5.643011448710446,-2.1878114412591922,1.6716999757110815,MT
19333,0,8.673142663947845,0.4536621896106731,10.09733128516913,-2.4755922554662892,1.424188621221286,-2.929254445076962,MT
19334,0,6.420897136520798,0.19003552063241066,4.848785102197771,-1.6815264249902282,-1.572112034323027,-1.871561945622639,MT
19335,0,2.321858082825028,5.018256599930607,2.79978728281843,2.760284971390451,0.47792919999340167,-2.257971628540155,MT
19338,0,0.19464892226146316,7.325287774440818,-5.865420857479623,10.939918260836828,-6.060069779741085,3.6146304863960097,MT
19339,0,22.98501604509307,0.5342030051288545,17.212517758277194,-11.09402985069753,-5.772498286815875,-11.628232855826385,MT
19340,0,3.5955513513976625,1.3664225811836457,4.206116675220004,6.550574451044864,0.6105653238223416,5.184151869861218,MT
19341,0,2.623796958970553,1.9032933998317518,0.37682778169685666,1.6281317645164017,-2.2469691772736966,-0.27516163531535015,MT
19342,0,5.343138133527119,0.14564080026317666,5.554552198425337,-2.2034043652723443,0.21141406489821826,-2.349045165535521,MT
19345,0,0.6770231686954741,5.70346444714402,-2.4912189577902923,6.9104138286623185,-3.1682421264857665,1.2069493815182988,MT
19346,0,5.905418433221994,4.1056299539463845,5.769004147506657,-2.684281106009943,-0.13641428571533748,-6.789911059956327,MT
19347,0,6.172026398599479,0.3362647848639526,2.833968296568176,0.5637199409875724,-3.338058102031303,0.22745515612361972,MT
19348,0,2.540678817236127,13.535466398825577,-11.65536407407082,19.80332104094706,-14.196042891306947,6.267854642121486,MT
19349,0,2.1210498683540404,4.306765891230713,3.4725724978843755,2.7095118745129634,1.3515226295303353,-1.5972540167177494,MT
19353,0,18.097076979710224,5.755854517718266,12.769432822132098,-0.7249593709374031,-5.327644157578126,-6.480813888655669,MT
19354,0,3.1149990736229802,2.608495159212632,3.008633251596813,3.1859096216403486,-0.1063658220261674,0.5774144624277165,MT
19355,0,6.834550797797008,0.9360754385042025,8.044848335914375,-3.160454701667857,1.2102975381173666,-4.096530140172059,MT
19356,0,3.7784166984648944,2.8298652868606196,4.28244849848508,2.8359379591500145,0.504031800020186,0.006072672289394841,MT
19360,0,5.845390551675141,1.953379446084472,2.456911016403649,1.732162647408755,-3.3884795352714927,-0.22121679867571709,MT
19361,0,1.0498959524524891,4.511704040635673,0.12615028886063315,5.309299415366896,-0.9237456635918558,0.7975953747312228,MT
19362,0,1.0573417462701962,8.708755956911073,-3.630055632987565,8.489214410061773,-4.687397379257761,-0.21954154684929858,MT
19363,0,12.64009351351521,1.0106348834135304,15.827553863469243,-11.047317667984316,3.1874603499540344,-12.057952551397847,MT
19366,0,3.965494428808501,0.49159021844731193,2.51553737496909,1.8820882649126387,-1.4499570538394106,1.390498046465327,MT
19367,0,2.806162890587098,2.4101703865720103,1.806369872190686,1.9925416974583134,-0.9997930183964121,-0.41762868911369694,MT
19368,0,0.14552360835843509,6.78942903824093,-2.271673707030085,7.9837262378723155,-2.41719731538852,1.1942971996313854,MT
19369,0,11.696699663561382,8.699895395597345,10.28317975523033,-2.32769082392005,-1.4135199083310523,-11.027586219517396,MT
19370,0,7.215398440783118,2.5744679400884967,9.558680881903788,-4.171671294223678,2.343282441120669,-6.746139234312174,MT
19373,0,0.2918731189704252,2.552653040486407,-0.20282708267424127,1.8402847501180604,-0.4947002016446665,-0.7123682903683467,MT
19374,0,1.8663352669533475,2.694759594631608,0.2951856799772577,4.261148122253121,-1.5711495869760899,1.566388527621513,MT
19375,0,4.732960192503516,1.9515463596436,-1.2795516225966008,6.479225968090306,-6.012511815100116,4.5276796084467055,MT
19376,0,7.17849451265459,0.6242169141439615,12.758615411819699,-4.4782834673807566,5.58012089916511,-5.1025003815247185,MT
19377,0,1.6837774591330064,2.784907628698902,1.6721503513589235,1.8474182352123745,-0.011627107774082794,-0.9374893934865273,MT
19380,0,1.1031108567051486,6.7510193992579035,2.956546577531037,3.01843885693201,1.8534357208258885,-3.732580542325894,MT
19381,0,1.1416390365737412,10.485700678883392,0.5501433413291614,3.686117421160955,-0.5914956952445798,-6.799583257722437,MT
19382,0,5.310329247665343,2.550019855865622,9.166466950980604,-1.2069872772558559,3.8561377033152606,-3.757007133121478,MT
19383,0,2.458771695755664,6.263088122809893,-1.7491629526790542,8.24773270296857,-4.207934648434718,1.9846445801586763,MT
19384,0,2.6416931166547095,7.248121964686974,1.1291584663087513,3.4036062341594664,-1.5125346503459585,-3.8445157305275077,MT
19387,0,2.869297420475298,0.3070063409209039,1.030087064931974,0.9816123795234538,-1.839210355543324,0.67460603860255,MT
19388,0,10.731579439369524,1.4748954563096999,11.530338228644235,-9.475345809431312,0.7987587892747123,-10.950241265741012,MT
19389,0,2.5780325689713828,3.5287549869403825,14.402569734300739,4.8236039242970445,11.824537165329355,1.2948489373566618,MT
19390,0,0.5446324786100002,16.617046875833978,-12.59739350931244,19.239253004556243,-13.14202598792244,2.622206128722266,MT
19391,0,1.1113824368024348,19.48137553313986,-16.92691234924591,22.802649687908538,-18.038294786048347,3.3212741547686777,MT
19394,0,1.776422938785339,3.629342559145096,-0.15171841845605374,3.3913528831356032,-1.9281413572413928,-0.2379896760094923,MT
19395,0,4.676501051072554,0.628287001592963,6.372465310274442,0.8884866689193862,1.695964259201887,0.2601996673264232,MT
19396,0,1.3233222208698288,4.510032770309187,-0.16426343038350588,3.177095129124273,-1.4875856512533348,-1.3329376411849136,MT
19397,0,3.831867873519313,4.627233659116473,-3.096022520881862,11.164881214839005,-6.9278903944011745,6.537647555722531,MT
19398,0,1.4050822863277204,2.085812212158787,0.12940100367173663,3.075564931460855,-1.2756812826559838,0.9897527193020679,MT
19401,0,0.4193599522129176,3.904385761982862,-2.690564374699769,5.110757703928815,-3.1099243269126866,1.2063719419459533,MT
19402,0,6.476224734974729,6.826053907387521,0.7600745250195693,6.542000415024387,-5.71615020995516,-0.2840534923631333,MT
19403,0,1.535977931426952,1.707508461840133,1.2786821358071803,1.4424158239288611,-0.25729579561977156,-0.26509263791127174,MT
19404,0,1.5401836048526976,4.918650867110209,4.005592712949596,2.5343574195716405,2.4654091080968987,-2.3842934475385684,MT
19405,0,6.996297685262418,0.8713021778193547,8.160909507100198,-4.137822669218421,1.1646118218377814,-5.009124847037776,MT
19408,0,1.3161987001152151,1.5639393919311761,-0.508295557346371,2.711723237511435,-1.824494257461586,1.147783845580259,MT
19409,0,4.87807631528397,1.8017987393601707,2.7467638390788593,1.0526813287023,-2.1313124762051103,-0.7491174106578707,MT
19410,0,3.2649188111789447,3.4810472395247127,-0.8231274185929953,7.072457931821573,-4.0880462297719395,3.59141069229686,MT
19411,0,2.061313600457903,5.090991557174741,-1.3404201352427592,4.536022510897618,-3.4017337357006623,-0.5549690462771227,MT
19412,0,0.004742649964449213,4.819955158874124,-2.3618396822978647,4.8246978088385735,-2.366582332262314,0.004742649964449213,MT
19415,0,5.12695107375214,0.790358017961228,5.156596910884946,-0.6741463364005765,0.02964583713280549,-1.4645043543618046,MT
19416,0,9.53521280302386,1.0015209375121588,11.908229563957441,-8.057470547351612,2.3730167609335804,-9.05899148486377,MT
19417,0,4.215766093258668,0.8683835924416683,3.159301532565044,-0.5261679770367255,-1.056464560693624,-1.3945515694783936,MT
19418,0,1.171815404726991,3.4023763067074175,1.0068361306404707,2.2613981494732145,-0.16497927408652033,-1.1409781572342033,MT
19419,0,0.1321585401626711,5.664795607881101,4.723466369540733,2.803563213359538,4.591307829378062,-2.8612323945215627,MT
19422,0,3.234623529683877,0.24513782757299424,2.5189406525984945,2.0507871916478746,-0.7156828770853824,1.80564936407488,MT
19423,0,0.0,17.6593246961507,-12.636720108492204,19.60581050454442,-12.636720108492204,1.9464858083937189,MT
19424,0,6.359469254147791,2.0002669020637387,4.690281011736009,1.4967514405097269,-1.6691882424117812,-0.5035154615540118,MT
19425,0,12.043466140041991,2.2767683338948874,11.570380632656258,-4.865617062466829,-0.473085507385732,-7.142385396361717,MT
19426,0,16.45947592287962,1.7750862583865084,17.777734783720863,-9.694272853570546,1.318258860841244,-11.469359111957054,MT
19429,0,7.4044014458889675,0.8574333031165273,7.835700727878273,-4.852504316944798,0.4312992819893059,-5.709937620061326,MT
19430,0,3.0063458596052812,3.0736166413354624,2.3446061045419926,0.5593711741695273,-0.6617397550632887,-2.5142454671659356,MT
19431,0,5.761516764543455,0.9053812058568579,7.641311174357689,-0.10168944335571758,1.8797944098142347,-1.0070706492125756,MT
19432,0,3.6892905218045122,1.0006009348805858,0.5649651537080258,3.1651662225814476,-3.1243253680964864,2.164565287700862,MT
19433,0,15.187213730655719,0.5930325503877701,25.311727623011922,-10.935449366411566,10.124513892356202,-11.528481916799336,MT
19436,0,1.0194300549320996,2.553224564945715,0.6285337331929259,2.3178257667882525,-0.3908963217391736,-0.2353987981574624,MT
19437,0,0.23126724981768199,8.101257243612556,-5.336405495792513,11.532641915907085,-5.567672745610195,3.4313846722945285,MT
19438,0,3.376152282799522,2.073010077981455,13.587229098074085,-0.844976933959835,10.211076815274563,-2.91798701194129,MT
19439,0,2.410926112816561,3.637710284508346,8.410359936410487,-0.019681029492362435,5.999433823593926,-3.6573913140007086,MT
19440,0,2.6084837721089236,2.2546318318347973,0.557964443231865,5.272194637068336,-2.0505193288770585,3.0175628052335384,MT
19443,0,2.564564256894162,1.758384508285655,2.9387533477577255,-0.28900783440682704,0.37418909086356367,-2.0473923426924823,MT
19444,0,5.667468646123859,0.449357553305884,7.927095199890676,-3.843076979701925,2.259626553766817,-4.292434533007809,MT
19445,0,1.8450822498354693,3.175806532325443,0.7564365336282138,3.350405108396775,-1.0886457162072556,0.17459857607133197,MT
19446,0,3.3938056847341427,2.586055851085452,8.067028474742106,-1.1427854094978664,4.673222790007963,-3.7288412605833186,MT
19447,0,3.7246720232940054,2.0291464764939713,0.7449344046587596,5.749705365038424,-2.979737618635246,3.720558888544453,MT
19450,0,7.0924759779008815,0.5176363516129519,7.353949746671463,-3.836310451180321,0.2614737687705818,-4.353946802793273,MT
19451,0,21.729313038722143,1.8593338255844805,21.729313038722143,-16.962611048159612,0.0,-18.82194487374409,MT
19452,0,5.151883571304224,6.525119908641345,0.8619080592452331,3.4196070056064034,-4.289975512058992,-3.105512903034942,MT
19453,0,0.2983078005403529,10.08427160525794,-2.8257979699682507,7.386918997560921,-3.1241057705086037,-2.6973526076970207,MT
19457,0,0.641911254917542,11.919526421589019,-5.3178519558769,8.704669962327536,-5.959763210794443,-3.2148564592614837,MT
19458,0,0.14071362526850806,4.231013783672473,1.1252287508676233,1.6328543546522711,0.9845151255991152,-2.598159429020201,MT
19459,0,9.697756390643272,3.755576948405387,4.573934100425168,1.8279797613591107,-5.123822290218105,-1.9275971870462763,MT
19460,0,11.154812294009938,0.6201919062431044,8.830109353641323,-3.726234977673613,-2.324702940368615,-4.346426883916718,MT
19461,0,0.7245267219043862,14.735336648670435,-11.050496199389094,16.762547779655403,-11.77502292129348,2.0272111309849676,MT
19464,0,1.3172633408927725,11.706021481893623,-4.634652289696287,9.899300090254362,-5.95191563058906,-1.8067213916392615,MT
19465,0,3.454414331784211,5.850875308589155,4.00593126661028,0.05754959319918503,0.5515169348260685,-5.79332571538997,MT
19466,0,6.926943487693668,1.1346716497991185,7.214393638976125,-4.795878839817649,0.2874501512824571,-5.930550489616768,MT
19467,0,3.4338853382499,2.4481166524754103,1.8505263092856243,1.846990271752041,-1.5833590289642756,-0.6011263807233693,MT
19468,0,3.4272070051288184,5.745089463032245,-1.7687911801336176,4.909440086591238,-5.195998185262436,-0.8356493764410062,MT
19471,0,1.7167144174072833,4.72796813497239,3.4958458777607557,1.1107284807731215,1.7791314603534722,-3.617239654199269,MT
19472,0,4.85560330172789,2.396415321691848,8.572218431613766,-1.2949328262189914,3.7166151298858754,-3.6913481479108396,MT
19473,0,5.3172283166632575,4.211665993396548,0.11699072203880978,8.512138580340803,-5.200237594624448,4.300472586944255,MT
19474,0,1.4403434955852528,13.843416925258666,-4.973084906778903,10.13128255161858,-6.413428402364156,-3.712134373640086,MT
19475,0,5.442804592829664,3.8869641326701085,6.138977273307848,-2.1676285733071237,0.6961726804781836,-6.054592705977232,MT
19478,0,9.022179994830223,2.883896732782766,-1.7407304603283034,4.806494554637983,-10.762910455158528,1.9225978218552169,MT
19479,0,12.76197228017186,1.9243549702795089,16.003532791605224,-9.560030841655895,3.2415605114333657,-11.484385811935404,MT
19480,0,3.7621931979932253,6.249125243993501,13.470766716092285,-0.31103930536416086,9.70857351809906,-6.560164549357662,MT
19481,0,6.867638710242797,2.7335683968896802,5.606874140619361,-1.2225279821796935,-1.260764569623436,-3.9560963790693737,MT
19482,0,0.0,21.158197809084065,-10.864616254865377,16.73040862885995,-10.864616254865377,-4.427789180224113,MT
19485,0,1.6995304909446052,3.8547322004758144,3.245118002636981,2.394736985247754,1.5455875116923758,-1.4599952152280604,MT
19486,0,1.1100561953668215,4.491196749622358,3.794579851509299,3.652991051079973,2.6845236561424777,-0.8382056985423857,MT
19487,0,10.460698892965976,3.8510457094731216,1.799091830882489,6.034067446533534,-8.661607062083487,2.183021737060412,MT
19488,0,4.735456690987702,6.984701501555169,-2.769406952424178,6.304877940502795,-7.50486364341188,-0.6798235610523742,MT
19489,0,7.079490135653253,1.4972368499658502,4.415536096766147,-0.9386241936692151,-2.6639540388871064,-2.4358610436350654,MT
19492,0,4.384011675136519,1.8488763162465895,3.929809640965575,0.2798677489115052,-0.4542020341709443,-1.5690085673350844,MT
19493,0,4.2401708834600464,4.430029281226884,-2.8542045797618867,14.37797646288483,-7.094375463221933,9.947947181657945,MT
19494,0,0.3218513683651842,7.819200188117002,-2.121834947000349,5.101940209641144,-2.4436863153655333,-2.7172599784758584,MT
19495,0,0.0,12.949606763873414,-10.346986914250033,14.339577364881116,-10.346986914250033,1.389970601007702,MT
19496,0,0.1222439903962903,4.1514059138580235,9.041165529709636,3.745555865742375,8.918921539313345,-0.40585004811564823,MT
19499,0,0.339814107841609,4.721894543292673,0.35655122061596656,3.7024522197676157,0.016737112774357566,-1.0194423235250576,MT
19500,0,6.987017460902095,0.5147312738414251,8.86946326237911,-2.7620847819523515,1.8824458014770147,-3.2768160557937764,MT
19501,0,4.004967403725212,4.6188776320469715,-2.8127158617396053,9.22759271704887,-6.817683265464817,4.608715085001899,MT
19502,0,0.6178112232078129,12.776873810147357,-8.407385730143893,12.99307973232172,-9.025196953351706,0.21620592217436252,MT
19503,0,0.252587517465736,8.3927943303378,-3.373765545786214,8.427238082719455,-3.6263530632519503,0.03444375238165567,MT
19506,0,3.187181552404112,0.5035609309601107,1.6359999289612486,2.0853077095446784,-1.5511816234428637,1.5817467785845676,MT
19507,0,2.496048465043888,1.8486130200786839,2.932673951671065,-0.8271362948679204,0.43662548662717676,-2.675749314946604,MT
19508,0,8.249054832316636,0.1368315450078094,7.643693203885505,-2.5714893803195205,-0.6053616284311311,-2.70832092532733,MT
19509,0,5.637577993819522,4.1630220152638,8.61855247827509,-4.627379176062931,2.9809744844555675,-8.79040119132673,MT
19510,0,1.331704541958085,10.70108857608246,-7.992052337919042,18.577552123242057,-9.323756879877127,7.876463547159595,MT
19513,0,8.908252871800052,2.5893836980936684,9.927581155937641,-5.855098959122416,1.0193282841375901,-8.444482657216085,MT
19514,0,1.6042636703508042,5.110333452182631,1.5801688963985598,2.71766636437342,-0.024094773952244436,-2.3926670878092104,MT
19515,0,4.133907323561818,3.4099208805316383,-2.210645627573159,12.512254252064137,-6.344552951134977,9.102333371532499,MT
19516,0,14.080148726994251,1.0229142610213093,13.291381314160585,-8.928326786948853,-0.7887674128336654,-9.951241047970163,MT
19517,0,6.478334558929502,4.881362605950384,1.249684061777896,2.7803744291601067,-5.228650497151606,-2.100988176790277,MT
19520,0,1.169298742612725,9.160433361302884,-3.253405429128856,6.776126363688023,-4.4227041717415805,-2.3843069976148614,MT
19521,0,3.289301754577965,11.277024215963346,-8.737759283260734,17.60923553838548,-12.027061037838699,6.332211322422132,MT
19522,0,8.11502675666958,1.2942626406171616,7.4290675571425195,5.026268964836781,-0.6859591995270603,3.7320063242196198,MT
19523,0,11.534056459011609,3.8991801232810355,11.750406091008665,-8.085345590032434,0.21634963199705673,-11.984525713313468,MT
19524,0,1.8135479964717067,7.048656546286749,-1.9465415162129815,6.637585667086458,-3.7600895126846883,-0.411070879200292,MT
19527,0,2.464058608146106,1.3378268343396917,2.525489432171851,0.1706411778494473,0.06143082402574516,-1.1671856564902443,MT
19528,0,1.8053631637908782,12.608423385830266,-7.425283980107862,10.581757640671404,-9.230647143898741,-2.0266657451588626,MT
19529,0,0.6295716500066929,8.516080801428844,1.8437455464480899,2.8386936004762813,1.214173896441397,-5.6773872009525626,MT
19530,0,1.2284147351920447,7.19492527517878,-5.103456925604911,8.366927831544423,-6.331871660796956,1.1720025563656427,MT
19531,0,11.78680147882043,0.023904682814737586,6.035932410692365,-0.1852612918132991,-5.750869068128063,-0.20916597462803665,MT
19534,0,0.7875473401076564,6.276587592847882,-2.041156777691618,5.758063007959014,-2.828704117799275,-0.518524584888868,MT
19535,0,5.056692861168269,8.446575975331072,-4.219771511406034,8.86855312647161,-9.276464372574303,0.4219771511405394,MT
19536,0,2.577693274252384,2.393205144940798,3.632645518334854,0.47978337034607355,1.0549522440824697,-1.9134217745947244,MT
19537,0,1.9676079265240132,10.151891203722045,1.7201480339244544,2.1848897834407155,-0.24745989259955867,-7.9670014202813295,MT
19538,0,9.207890655121668,1.3585412441983564,11.855249069080541,-5.94451644948137,2.6473584139588744,-7.303057693679726,MT
19541,0,10.984158177557026,1.4022193792034583,10.498455424906211,-4.340050877826242,-0.48570275265081464,-5.7422702570297,MT
19542,0,1.2396275380344823,2.1720394337106517,-0.4910481830692166,3.944118880199759,-1.730675721103699,1.772079446489107,MT
19543,0,5.872124936686518,6.261563651603126,-1.6417514452373372,9.262532572432544,-7.513876381923856,3.0009689208294184,MT
19544,0,1.6955358877736393,13.662579037711009,-7.6833577349213575,10.861258875302642,-9.378893622694997,-2.8013201624083663,MT
19545,0,13.489352832497415,1.5919112038352268,14.060612833873654,-6.32194401523033,0.5712600013762378,-7.913855219065557,MT
19548,0,1.537979513670079,7.629529591090699,2.317147592252443,1.4593607525878474,0.7791680785823639,-6.1701688385028515,MT
19549,0,1.2885733218373194,3.0173160518362026,-1.0054171850270603,3.049250954483938,-2.2939905068643798,0.031934902647735346,MT
19550,0,19.913023440683652,0.6077735005211031,21.47466368507821,-16.057882361684154,1.561640244394557,-16.665655862205256,MT
19551,0,2.0185492549506137,5.453204798665574,0.6436242935331542,3.872373200513978,-1.3749249614174592,-1.5808315981515961,MT
19552,0,4.700616547803373,3.66532343672777,4.236913836217274,1.2646437588711075,-0.46370271158609977,-2.400679677856662,MT
19555,0,1.3408867052105333,6.911095650064302,-0.48342017312678737,3.5652237768103143,-1.8243068783373209,-3.345871873253988,MT
19556,0,14.372684320147359,1.6734314446393832,14.79592302302074,-8.311376175042794,0.4232387028733811,-9.984807619682176,MT
19557,0,3.0045043658421973,3.142761509780257,2.4362492323877576,1.7236463319144326,-0.56825513345444,-1.4191151778658244,MT
19558,0,1.1395743668783398,8.674574634253988,-5.293030811254105,8.961976351845687,-6.4326051781324445,0.2874017175916997,MT
19559,0,2.321232195078641,3.2011296115374828,0.534439883509574,3.8992072738124075,-1.786792311569067,0.6980776622749245,MT
19562,0,1.403965538332821,5.0758754078188595,-1.9859512529409071,7.229822537141461,-3.389916791273728,2.1539471293226016,MT
19563,0,2.3650657661405634,3.9119377673506395,3.5385925137063596,-1.1298606360283818,1.1735267475657962,-5.041798403379021,MT
19564,0,1.7755194714096323,5.783498982710099,4.762924798356577,4.679777802803578,2.987405326946945,-1.1037211799065216,MT
19565,0,1.628054637909713,18.70032621763368,-14.769577862406587,18.72820386554307,-16.397632500316302,0.027877647909386842,MT
19566,0,4.162422103419871,0.4584846128767494,5.315845753117558,-2.225453401828433,1.153423649697687,-2.683938014705183,MT
19569,0,8.793449232019862,0.6280135303957309,8.705262778403554,-3.659737825074125,-0.08818645361630782,-4.287751355469855,MT
19570,0,0.2275510450497355,8.276356581377165,-6.202391342210349,9.808750333325769,-6.429942387260085,1.5323937519486026,MT
19571,0,1.2172467020234572,10.575892276185908,-7.660727965153795,11.119407082670854,-8.877974667177252,0.5435148064849475,MT
19572,0,2.256998851759064,2.634965166647108,2.348790671089021,1.0205090501973741,0.09179181932995698,-1.6144561164497335,MT
19573,0,10.534570456818704,5.917479247547839,8.353734827057233,-3.538317539158126,-2.1808356297614706,-9.455796786705966,MT
19576,0,4.542263103975451,2.7027172986270616,1.650638601491431,2.3843343707782867,-2.89162450248402,-0.31838292784877514,MT
19577,0,1.4748297417281697,4.5216679290970045,-1.2576067565124542,4.02434162083975,-2.732436498240624,-0.4973263082572551,MT
19578,0,1.9035842703512345,7.3276047226906735,-5.224900758788063,7.7975271994718565,-7.128485029139298,0.4699224767811822,MT
19579,0,6.300264888546987,6.217167869633373,-0.030217097786768916,6.736146524121524,-6.330481986333756,0.5189786544881512,MT
19580,0,2.602484235707114,4.395500130542063,1.4709693506171073,4.987369455050757,-1.1315148850900065,0.5918693245086949,MT
19583,0,0.556504313268068,9.714212472835,-0.9286196411806129,5.909625263685558,-1.485123954448681,-3.804587209149443,MT
19584,0,5.914662355955981,5.891528083377296,5.575359691468246,1.1875593257068984,-0.33930266448773533,-4.703968757670398,MT
19585,0,0.5707964416813915,6.456549914099511,-1.2323588749085899,13.306107214274931,-1.8031553165899814,6.849557300175421,MT
19586,0,3.9187728407669864,2.93018949255181,-1.116601335753889,9.203070881946479,-5.035374176520875,6.272881389394669,MT
19587,0,2.024603103856605,4.493768284421793,-0.511166142352942,6.0023904941920785,-2.535769246209547,1.5086222097702855,MT
19590,0,6.88285402046101,2.3696193941090002,4.568023514077178,1.924459681342801,-2.3148305063838315,-0.4451597127661993,MT
19591,0,0.952824184362622,8.52049793197012,-1.8924146994978472,4.565615883404117,-2.8452388838604694,-3.954882048566003,MT
19592,0,10.64018415604822,0.3797643803305546,11.637065654416041,-8.293782806148467,0.9968814983678215,-8.673547186479023,MT
19593,0,3.167744090441062,5.994955691159659,2.336211266700319,2.0827917394649047,-0.8315328237407428,-3.912163951694755,MT
19594,0,3.7491518170465867,11.257157806499398,-2.4579300245462727,11.143963660632053,-6.207081841592859,-0.1131941458673448,MT
19597,0,4.787929948099206,2.470531017995798,11.086763163402194,-1.7048705785343135,6.298833215302989,-4.1754015965301114,MT
19598,0,12.449152752554026,4.993294670086565,15.23551343023035,-10.488475101381642,2.7863606776763232,-15.481769771468207,MT
19599,0,10.482810383358766,0.6699185753542009,8.475885299164004,-4.597905940423782,-2.0069250841947612,-5.267824515777983,MT
19600,0,4.014328005992794,4.254315006351084,-0.5126995007654049,5.76077885859983,-4.527027506758198,1.5064638522487455,MT
19601,0,9.832432811656675,11.03617458608139,-3.0824789363775005,8.493691959726245,-12.914911748034175,-2.5424826263551457,MT
19604,0,1.4857995504067174,3.684782885008686,-1.4659888897346458,2.4961432446832674,-2.9517884401413634,-1.188639640325419,MT
19605,0,3.062231096790137,4.901256934532178,-1.7968463460505617,4.75784666278161,-4.859077442840698,-0.14341027175056834,MT
19606,0,2.2965129824933763,9.553152518252968,-4.917440438350022,9.339721943671805,-7.213953420843398,-0.21343057458116446,MT
19607,0,3.1928929317236325,3.314242208666169,1.3489115277509929,2.423468168502051,-1.8439814039726399,-0.8907740401641175,MT
19608,0,6.375360305974847,3.4558991949862357,0.7530765409970398,6.385676422974797,-5.622283764977807,2.929777227988561,MT
19611,0,3.523560134956605,3.426358476061157,-0.502208570959228,3.5397604114389645,-4.025768705915833,0.11340193537780702,MT
19612,0,0.01762682730658287,7.065713725769688,-0.47592433727272765,3.487467782570839,-0.49355116457931053,-3.578245943198849,MT
19613,0,2.9814731724889407,6.5479189294532265,0.905764001768803,4.151418341440061,-2.075709170720138,-2.3965005880131662,MT
19614,0,1.2832866957982336,7.696847144872633,2.895056478655087,3.1603329075624274,1.6117697828568534,-4.536514237310206,MT
19615,0,11.5854125852475,0.9768623123901728,10.963535059592067,-4.57293669987596,-0.6218775256554339,-5.549799012266133,MT
19618,0,1.5244168602370065,3.73482130758028,6.201437986253154,0.5509940458686868,4.677021126016148,-3.183827261711593,MT
19619,0,2.3501732789743937,4.741754372863578,-0.27978253321121915,6.155215730646821,-2.629955812185613,1.413461357783244,MT
19620,0,12.529604500529032,1.7448945864831786,15.567402907117172,-0.315342395147499,3.0377984065881396,-2.0602369816306774,MT
19621,0,0.10033298115031349,8.69578229708935,-2.9791177480044237,6.814924796600687,-3.079450729154737,-1.8808575004886625,MT
19622,0,3.91474895114436,0.4291335539285817,3.625740639314777,0.2627348289360208,-0.28900831182958303,-0.16639872499256095,MT
19625,0,1.4789135123116237,7.21620613293844,-4.2435156559298255,7.164184049590837,-5.722429168241449,-0.05202208334760345,MT
19626,0,1.6553264041945663,5.9200384693898735,-4.349535995598066,10.555960210208726,-6.004862399792632,4.635921740818853,MT
19627,0,0.2413232889310453,8.20897405614932,-7.000764718497522,16.972274874992056,-7.242088007428568,8.763300818842737,MT
19628,0,3.718197305039627,7.590565685135136,-5.893897272405862,13.52379231342249,-9.61209457744549,5.933226628287355,MT
19629,0,5.252435716169006,9.352408808444197,-7.899607440142224,18.18795559162725,-13.15204315631123,8.835546783183053,MT
19632,0,3.293743518761439,2.931676808781007,0.5178987422452865,2.7961907985329737,-2.775844776516152,-0.13548601024803336,MT
19633,0,3.932028740121355,3.4196101011161675,1.4745107775455972,2.018301986285648,-2.4575179625757575,-1.4013081148305195,MT
19634,0,4.004999219922038,3.2905939536658186,1.7373037156689357,3.5612020090659615,-2.267695504253102,0.27060805540014266,MT
19635,0,0.5488396717187187,7.5213285282425675,-1.6984362813997707,6.4748247758167095,-2.2472759531184896,-1.0465037524258574,MT
19636,0,6.605030015677646,9.122545406529209,9.094962324070767,-0.7007593921823834,2.4899323083931204,-9.823304798711593,MT
19639,0,1.6080934374720874,3.9199374030662426,9.001163809162891,0.9345323981638406,7.393070371690805,-2.985405004902402,MT
19640,0,1.3008011518900995,2.3198561787448924,3.8151813813276525,0.43924785640288855,2.514380229437553,-1.8806083223420036,MT
19641,0,0.6616806937647025,4.08967232467265,1.9729011511334356,2.713497890943542,1.311220457368733,-1.3761744337291084,MT
19642,0,2.639199338893379,7.279070514747913,-5.433561575792589,9.559321582678153,-8.072760914685968,2.2802510679302417,MT
19643,0,16.591326057267164,0.11631873138397779,21.444402016673287,-14.717302051637628,4.853075959406125,-14.833620783021606,MT
19646,0,3.052484553726787,1.6493602440923405,2.2474285478991867,0.056068903481842035,-0.8050560058276,-1.5932913406104985,MT
19647,0,4.450005019814308,2.426075180786451,1.9144538841579903,2.3600595296085247,-2.5355511356563176,-0.06601565117792643,MT
19648,0,8.81879388017597,0.8803536451317434,5.746964870010913,3.6007532105908138,-3.071829010165058,2.7203995654590702,MT
19649,0,3.299250455233685,0.7130638080665864,14.21338381601471,0.5055303116890529,10.914133360781024,-0.2075334963775335,MT
19650,0,3.7775028462856377,4.726600436414899,6.582298709652749,4.221359430724118,2.8047958633671115,-0.5052410056907813,MT
19653,0,2.1311191574991493,3.5011243301771118,0.8752810825442509,3.0016432776382724,-1.2558380749548983,-0.4994810525388394,MT
19654,0,1.8095201516859654,3.0255759477887705,5.742040706687953,0.1889619635261611,3.9325205550019877,-2.8366139842626095,MT
19655,0,7.304071000700302,0.3258953227210547,6.485471374908171,5.186523666811579,-0.8185996257921312,4.860628344090524,MT
19656,0,0.48750158685237066,7.732604957413261,1.348408644485155,5.300283210245694,0.8609070576327845,-2.4323217471675664,MT
19657,0,3.1889794646965113,2.1431313606831672,16.510684002703048,1.1201433245170895,13.321704538006538,-1.0229880361660777,MT
19660,0,3.9017000330899223,1.2139158199366675,3.009469494002645,-0.13021743002895164,-0.8922305390872775,-1.3441332499656191,MT
19661,0,4.832541657614576,3.3017365362585105,-0.33691189145491596,12.931290961116193,-5.169453549069492,9.629554424857682,MT
19662,0,5.146348324501441,1.2979440919297789,2.306800636111562,7.882060485536981,-2.839547688389879,6.584116393607202,MT
19663,0,1.3137294808218434,5.029880928887663,-1.3666435849106362,6.082080929731166,-2.6803730657324794,1.0522000008435028,MT
19664,0,11.268145125725773,1.912866275063067,5.365443636133538,-0.7277596421351229,-5.902701489592235,-2.64062591719819,MT
19667,0,0.9470014617482988,4.542862084619121,-2.2165324068458583,7.0270253393503035,-3.163533868594157,2.4841632547311825,MT
19668,0,1.882544615530351,4.110317201340857,3.36298680109703,1.205738545294451,1.480442185566679,-2.9045786560464064,MT
19669,0,1.3777400858258677,8.472157870235906,-4.095473953756239,10.719950256836599,-5.473214039582106,2.247792386600693,MT
19670,0,9.734027256603296,2.394980444398138,10.158874910504823,-4.464224209631101,0.4248476539015262,-6.859204654029239,MT
19671,0,0.5284286422079281,5.092783403385355,-2.8845142190736914,9.15025361195793,-3.41294286128162,4.057470208572575,MT
19674,0,0.6441331554239307,4.330767598169111,7.729597865086701,-0.18501697017493562,7.08546470966277,-4.515784568344047,MT
19675,0,21.41206570612166,6.774482487229211,17.688974153053913,-13.442590930085235,-3.7230915530677477,-20.217073417314445,MT
19676,0,1.575629573955634,12.287532895872731,-6.501832289865082,9.769882444811781,-8.077461863820718,-2.5176504510609488,MT
19677,0,16.026444241997424,2.620147938515181,17.113461885294008,-11.160455213326225,1.0870176432965846,-13.780603151841406,MT
19678,0,1.445014207550032,4.722729361260826,-1.760701980418825,5.134080095605195,-3.205716187968857,0.41135073434436864,MT
19681,0,0.010941747820327492,4.343873884673995,3.0363350201436154,1.1652961428659974,3.025393272323288,-3.1785777418079975,MT
19682,0,10.479693186601851,0.31490703664167957,9.302663607022936,-4.635844572201233,-1.1770295795789159,-4.950751608842912,MT
19683,0,1.3748744364155276,5.725063082886699,-2.7642495016527713,7.379208889199127,-4.139123938068298,1.654145806312428,MT
19684,0,0.7239898203090477,1.483469337692198,-0.5891289714280707,2.888861341821564,-1.3131187917371185,1.4053920041293657,MT
19685,0,6.597701102314791,0.7304314096424142,5.575891075999606,-1.4632446608383152,-1.021810026315185,-2.193676070480729,MT
19688,0,2.205283116833911,2.312277985036274,1.2441125508175945,4.099686699947338,-0.9611705660163162,1.787408714911064,MT
19689,0,13.096035278397887,2.9534539585414503,22.36635299391816,-12.27451277015892,9.270317715520273,-15.22796672870037,MT
19690,0,3.8055646314798786,0.8538909253406896,5.246123622637165,0.3000007154743,1.4405589911572865,-0.5538902098663895,MT
19691,0,3.7394953238493356,3.1725921810042013,2.250219569874424,1.9132301656903807,-1.4892757539749113,-1.2593620153138207,MT
19692,0,8.206221731415924,1.6168392258922637,19.46308351168522,-3.8402473814984512,11.256861780269293,-5.457086607390715,MT
19695,0,0.08976973281706499,12.684961967784698,-9.620323033558767,12.480486465257028,-9.710092766375833,-0.20447550252767094,MT
19696,0,2.1027942521621594,5.1324780760009014,-1.3557489257360413,4.357764404151702,-3.4585431778982008,-0.7747136718492001,MT
19697,0,5.288207508983304,0.181569356531659,4.516537743723908,-1.1711223496289012,-0.7716697652593959,-1.3526917061605601,MT
19698,0,3.7084312950385714,3.8040436833155167,-0.33745548803609327,6.365637615225539,-4.045886783074665,2.5615939319100223,MT
19699,0,0.06590046028361575,15.047271764744153,-11.153652902990945,19.407685553505672,-11.219553363274562,4.360413788761518,MT
19702,0,0.18998056542632946,7.288766571111039,-5.565040465292096,9.503661943642042,-5.755021030718425,2.2148953725310037,MT
19703,0,5.100788698222372,5.1321308938380525,-2.912980533683641,6.8891375068763,-8.013769231906013,1.7570066130382471,MT
19704,0,2.505135491628429,2.871882670495967,26.843047483239,2.0698253481052054,24.33791199161057,-0.8020573223907616,MT
19705,0,5.325450757551939,3.126259929491799,2.6897475723154356,2.4735700239994256,-2.635703185236504,-0.6526899054923735,MT
19706,0,1.5764758745447836,7.3919756433954,-2.6924811059866687,13.040847898923852,-4.268956980531452,5.6488722555284525,MT
19709,0,2.53407102017741,0.8968317190751235,6.084898931166622,0.46405827324228666,3.550827910989212,-0.43277344583283683,MT
19710,0,13.549435789278556,0.17793415492488152,14.678495888801741,-7.291727376920923,1.1290600995231854,-7.469661531845804,MT
19711,0,3.62288920801586,2.259011643607875,2.07185765134558,2.272175380066779,-1.5510315566702801,0.0131637364589042,MT
19712,0,9.177521934679033,1.5028288651655937,8.513714629058933,-2.624354464079839,-0.6638073056200996,-4.127183329245432,MT
19713,0,4.628554834675588,1.4742110949675136,0.6519289064409713,4.502193883678597,-3.976625928234616,3.0279827887110837,MT
19717,0,0.2514311414496028,8.031581338180882,4.45024235873322,6.236913826773215,4.198811217283618,-1.7946675114076658,MT
19718,0,9.056429134333523,2.4969585797066607,10.747491029584673,-5.086397106810388,1.6910618952511498,-7.583355686517049,MT
19719,0,2.453880624068411,1.7980647404677426,0.8078261877464573,4.117307666578443,-1.6460544363219538,2.319242926110701,MT
19720,0,0.597004803166967,5.241592629641829,0.21360722315147448,3.6203685770044474,-0.38339758001549257,-1.6212240526373813,MT
19724,0,0.7496176549313504,5.35492998982367,-0.6408021888929434,4.5097965369254185,-1.3904198438242938,-0.845133452898252,MT
19725,0,0.45775039662512473,6.077758828619886,-2.033593547454937,6.519010258727965,-2.4913439440800618,0.44125143010807927,MT
19726,0,1.3111965911721966,4.40721591861659,0.8375704460719705,2.1088827302881703,-0.47362614510022616,-2.2983331883284195,MT
19727,0,14.789447699603764,8.927714245597866,10.185982696319941,-0.7070270342151777,-4.603465003283823,-9.634741279813044,MT
19730,0,5.704238402093665,0.6251910404686746,6.519351085358152,-2.3333230400627887,0.815112683264487,-2.9585140805314634,MT
19731,0,3.3915207571407637,3.0447325311489006,-1.4494094157865482,4.333636877401965,-4.840930172927312,1.2889043462530643,MT
19732,0,0.8796203980974661,4.915212163914069,-2.9373990263737957,7.202225198967335,-3.8170194244712614,2.287013035053266,MT
19733,0,6.422137362597951,6.342355094495997,-3.204699508635368,14.119450136372759,-9.62683687123332,7.777095041876761,MT
19734,0,7.060201048981092,0.46128889521930516,4.2470536387557205,1.6946164518995634,-2.813147410225372,1.2333275566802584,MT
19737,0,0.6499310500233257,2.431110012587466,1.8167412275651351,0.10852622250398308,1.1668101775418094,-2.322583790083483,MT
19738,0,2.358245799185084,3.8998228196641462,0.6514998122261747,7.161909907642096,-1.7067459869589094,3.26208708797795,MT
19739,0,2.2108779470070976,7.746587947838614,-5.213881628928603,9.641750951988497,-7.424759575935701,1.8951630041498835,MT
19740,0,2.4646474448592373,2.8479187537791777,5.344505474381703,-0.2448677806986625,2.8798580295224654,-3.09278653447784,MT
19741,0,4.81061390735228,5.3729911619977475,-1.3354108722352245,5.28521767743777,-6.146024779587504,-0.08777348455997738,MT
19744,0,1.9346857486851532,4.650034167892335,-0.7758138340591635,3.3859425020221283,-2.710499582744317,-1.2640916658702073,MT
19745,0,2.9844229979966532,1.1909669240831315,3.12126743280302,0.6118300668819079,0.13684443480636704,-0.5791368572012237,MT
19746,0,1.6993138884471732,9.608658653635604,-7.062286160243872,11.536626398632274,-8.761600048691045,1.9279677449966697,MT
19747,0,4.8937704465721525,5.071264711473715,2.5673277601836837,3.1948967682284173,-2.326442686388469,-1.8763679432452975,MT
19748,0,2.2976683577026846,4.885072021508848,-2.713404831809151,5.0265706593732675,-5.011073189511835,0.14149863786441874,MT
19751,0,5.820910368433887,4.705080904836492,4.382730170908176,2.541611555972317,-1.4381801975257116,-2.1634693488641745,MT
19752,0,9.08558664262168,3.4143817813703556,1.6995037271997342,1.870543114746979,-7.386082915421945,-1.5438386666233768,MT
19753,0,14.399562975196414,0.9886520736067567,12.620761627136458,4.815816936670437,-1.7788013480599558,3.8271648630636808,MT
19754,0,8.39478503270447,1.4256105528684424,13.737818800578573,-7.644621889372651,5.343033767874103,-9.070232442241092,MT
19755,0,1.1091783575362781,19.496737588990147,-11.89783244388198,15.808891782846484,-13.007010801418257,-3.6878458061436645,MT
19758,0,0.2355564472970422,7.145212234679582,-0.06169335524455755,5.5580104588442065,-0.2972498025415998,-1.5872017758353754,MT
19759,0,7.230433224434149,1.4143742184638732,7.706119620778497,-3.4059145978256073,0.4756863963443481,-4.820288816289481,MT
19760,0,8.533217146763228,2.8880399355776065,5.563363048704743,0.028634956868400396,-2.9698540980584847,-2.859404978709206,MT
19761,0,2.4072369849132222,4.309730731054229,3.009046231141528,0.6780060620813688,0.6018092462283056,-3.6317246689728595,MT
19762,0,4.789197712470777,8.158495307110005,-4.371530195710156,9.49706463060276,-9.160727908180935,1.3385693234927547,MT
19765,0,5.215951243074345,8.412258065429727,-0.10273843357567232,8.579098256706363,-5.318689676650018,0.16684019127663555,MT
19766,0,4.54285247939305,32.33340836658947,-25.64818795657334,31.31814966854323,-30.191040435966393,-1.015258698046234,MT
19767,0,0.5992744612659555,4.846332568257775,2.3072066758740104,2.864531924851251,1.707932214608055,-1.9818006434065247,MT
19768,0,9.006519820355411,1.541581066925881,7.498451385319195,-0.7875468494078678,-1.508068435036217,-2.3291279163337486,MT
19769,0,3.455173265182992,11.5015957876334,7.379799419657142,0.11266869342977574,3.9246261544741508,-11.388927094203625,MT
19772,0,0.7521432660179727,3.0664957617954522,0.1362887005241132,4.335684285427418,-0.6158545654938594,1.2691885236319662,MT
19773,0,2.8268142474749114,0.9865861606284717,1.4413953836134978,2.2810431798930075,-1.3854188638614138,1.294457019264536,MT
19774,0,2.7175766292775028,3.508069284055093,-1.065554362239489,6.8311120742021725,-3.7831309915169915,3.323042790147079,MT
19775,0,0.6035545008522107,5.979258465183538,-2.920796893449651,6.340713014570204,-3.5243513943018616,0.36145454938666616,MT
19776,0,4.760682402987628,0.5126787621607417,11.502408125401658,-4.0948572926430025,6.74172572241403,-4.607536054803744,MT
19779,0,2.352417487215695,4.001079699595962,1.8273182329224404,2.9821290120927633,-0.5250992542932547,-1.0189506875031988,MT
19780,0,0.6169650367890146,4.064439657052819,-1.697998420054242,7.2606719771549315,-2.3149634568432567,3.1962323201021126,MT
19781,0,8.81553727530673,0.274429645010362,6.897826212425687,-2.9915303645287503,-1.9177110628810434,-3.2659600095391124,MT
19782,0,16.515286265129244,1.7998986503968288,14.593772841056868,-10.461302831564149,-1.921513424072375,-12.261201481960978,MT
19783,0,7.215372524231596,4.552285504247177,15.291963142838226,-6.395961133467062,8.07659061860663,-10.94824663771424,MT
19786,0,18.88254868194042,0.7191040390440162,26.17760605006428,-17.716865085379915,7.295057368123861,-18.43596912442393,MT
19787,0,7.317236626870993,1.4124469938016728,4.317689762489373,0.372141722917836,-2.999546864381621,-1.040305270883837,MT
19788,0,7.964996404088526,0.7210518327441193,9.383224181075649,-3.2996477909023443,1.4182277769871214,-4.020699623646464,MT
19789,0,3.9467045328219177,3.6294177918026738,2.211542667872082,3.0209844105863914,-1.735161864949836,-0.6084333812162827,MT
19790,0,7.919471705329332,5.72336616183877,12.438283448510372,-0.023102309525549015,4.518811743181041,-5.746468471364319,MT
19793,0,3.5984464261197915,1.391851919536834,3.894275579749424,0.2521822293237477,0.29582915362963247,-1.1396696902130863,MT
19794,0,3.144082835729321,13.793991937758568,-5.7861983769066505,15.001255051239191,-8.930281212635972,1.2072631134806233,MT
19795,0,4.644439368476527,1.1668579106445995,9.409588175985263,-2.701592206910771,4.765148807508736,-3.8684501175553705,MT
19796,0,0.18160252237254135,8.663112919105593,-3.7463927763521134,11.979040457241368,-3.927995298724655,3.315927538135776,MT
19797,0,0.004863569418756611,6.215641717318027,-2.4317847094358096,6.85763288060916,-2.436648278854566,0.6419911632911334,MT
19800,0,2.9690619306289467,1.4322005602291603,1.7147847476897258,1.9830469295480875,-1.254277182939221,0.550846369318927,MT
19801,0,2.1319982119726095,2.6247062220832316,1.7866421301195692,1.547195246701679,-0.3453560818530403,-1.0775109753815526,MT
19802,0,7.179057658254024,3.2483188643812526,23.543487567468084,-0.22519857673225377,16.36442990921406,-3.4735174411135064,MT
19803,0,0.3604707172688461,10.143772464899866,-7.503482562097088,13.072122739134205,-7.8639532793659335,2.9283502742343375,MT
19804,0,5.381204029238605,0.8593240542817048,2.782374486435694,4.213190751574682,-2.598829542802911,3.353866697292977,MT
19807,0,5.414582935305375,0.19307815118144586,3.970694152557262,-0.9821801603577732,-1.4438887827481126,-1.175258311539219,MT
19808,0,0.4518592362715488,6.425704139331467,-5.34257097003367,8.645130388076904,-5.794430206305218,2.2194262487454375,MT
19809,0,1.2475457070201479,3.28810496423933,0.17181960254305814,1.7214196577488265,-1.0757261044770896,-1.5666853064905033,MT
19810,0,1.5123699769114454,3.2658842962135717,4.206379341303534,0.057797578735416244,2.6940093643920884,-3.2080867174781558,MT
19814,0,3.168975545951205,6.142605456326916,-0.9884616007934679,4.490412661930239,-4.157437146744673,-1.6521927943966772,MT
19815,0,4.962228618281608,2.9406047026693796,5.787538265776982,3.760227173834432,0.8253096474953744,0.8196224711650526,MT
19816,0,4.1709877052136966,2.3880585527347167,8.654642161298478,-2.624214689780694,4.483654456084781,-5.012273242515411,MT
19817,0,2.24494296182541,5.4380063015862445,5.060322250016651,6.779451727135981,2.815379288191241,1.3414454255497363,MT
19818,0,9.3687513713371,4.1300053961290395,11.12088409539854,-6.48839978187743,1.7521327240614422,-10.61840517800647,MT
19821,0,0.5364919892441466,5.284078633788148,0.4311533794839232,3.5734286059836378,-0.10533860976022352,-1.71065002780451,MT
19822,0,2.3135403338004084,3.3096889106468055,-0.8075287279760918,5.35208821169594,-3.1210690617765002,2.042399301049135,MT
19823,0,1.8563734391115772,10.653310430167767,0.06819331000812343,8.20971682154102,-1.7881801291034536,-2.4435936086267485,MT
19824,0,2.566825895613227,1.9560884210116725,10.391179579660049,0.2621561801355445,7.824353684046821,-1.6939322408761281,MT
19825,0,8.89936412062803,2.2147738761743403,9.598312239992241,18.4832947120735,0.6989481193642103,16.26852083589916,MT
19828,0,1.0594603864620313,7.8211561006912556,7.35251191172458,3.378819610879289,6.293051525262549,-4.442336489811967,MT
19829,0,3.4315850882133705,1.7494458054845943,7.3364109803954785,-2.016576751831165,3.9048258921821075,-3.7660225573157593,MT
19830,0,2.7419591085635946,2.549379011855262,2.1349934044016017,7.869327274436943,-0.6069657041619932,5.31994826258168,MT
19831,0,3.841982756080523,5.321159967145548,2.498139575562586,1.9350392086964252,-1.3438431805179367,-3.3861207584491235,MT
19832,0,2.2900384516208745,1.73722660987291,4.4301402300668755,-1.1850518927983333,2.1401017784460015,-2.9222785026712432,MT
19835,0,0.0037866488176058984,7.180838532928298,-4.270528441613866,8.914582741601794,-4.274315090431473,1.7337442086734962,MT
19836,0,6.308761016592157,0.7831414954898583,6.12748230273362,-2.6155617077779527,-0.1812787138585372,-3.3987032032678113,MT
19837,0,4.779832464092708,1.6611090464013152,7.2062507739103605,-0.3420967675178197,2.426418309817652,-2.0032058139191347,MT
19838,0,6.539106969181658,6.003268929595454,3.348791613431452,2.0331248603040395,-3.1903153557502058,-3.970144069291415,MT
19839,0,1.2119959661228612,6.6463517426334,-2.283854898662713,5.764900130907697,-3.495850864785574,-0.881451611725703,MT
19842,0,0.6560983289284409,5.901114280305429,2.0663326681197236,3.185093439344432,1.4102343391912826,-2.7160208409609976,MT
19843,0,0.043391025807288736,8.069646024517866,-5.391334956560477,9.448395869545756,-5.434725982367765,1.3787498450278906,MT
19844,0,6.915641177732423,0.6918445411540864,14.105296059083589,-0.9734697365401077,7.189654881351166,-1.665314277694194,MT
19845,0,1.6238998049407902,4.232192350113356,3.027969056387921,0.6570692852362009,1.404069251447131,-3.5751230648771544,MT
19846,0,9.02160549554069,9.213697640695848,1.6392983941019401,4.01838273015746,-7.382307101438751,-5.195314910538389,MT
19849,0,4.65026103437043,1.7270420201296686,2.934149659937692,0.6048290619019263,-1.7161113744327376,-1.1222129582277423,MT
19850,0,3.2994822410077127,2.1618121600806486,1.4977729356742566,1.7088951845856737,-1.801709305333456,-0.45291697549497495,MT
19851,0,1.3808917152001579,3.4315925629654647,2.173735037021726,2.9716884050422303,0.792843321821568,-0.45990415792323425,MT
19852,0,11.5000714075259,0.336110115129499,13.759241928205237,-7.003003158263902,2.2591705206793367,-7.3391132733934015,MT
19853,0,0.32810821789863964,5.496541419289672,-1.2372886400522765,5.875501552499408,-1.565396857950916,0.378960133209736,MT
19856,0,2.306029045647911,1.726059011527683,0.14667950036233196,3.9777491623681547,-2.1593495452855787,2.251690150840471,MT
19857,0,4.727327420048276,3.8126290626071637,5.817897325306585,-0.26609406761920174,1.0905699052583089,-4.078723130226366,MT
19858,0,5.484653843238102,5.888122631706011,10.272903746380706,-3.0398851531142985,4.788249903142604,-8.92800778482031,MT
19859,0,0.6748387508695124,5.570414541200933,-0.45920980088755947,4.711891869976397,-1.1340485517570718,-0.8585226712245362,MT
19860,0,11.816917209207524,0.680583982631103,13.329465838505303,-6.847773528259728,1.5125486292977801,-7.528357510890831,MT
19863,0,0.20712045644660312,6.6096462145168235,0.23215699513798374,3.8367357520010343,0.025036538691380616,-2.772910462515789,MT
19864,0,3.248876233769692,0.6718708785705689,3.865371640009852,0.6628689544971783,0.6164954062401597,-0.009001924073390599,MT
19865,0,0.2075377092137503,12.106863169621947,-7.210910747597784,14.8082067814694,-7.418448456811534,2.7013436118474528,MT
19866,0,1.0421994259455933,7.57880108867434,-4.945876223127672,10.799867735529562,-5.988075649073266,3.221066646855222,MT
19867,0,2.4861113118599736,1.7767872452595004,-0.013908315031372525,2.9242232353488404,-2.500019626891346,1.1474359900893403,MT
19870,0,6.537387070637303,0.8109949460014211,5.729751275299822,-2.7511443937432776,-0.8076357953374803,-3.5621393397446983,MT
19871,0,8.506675569438636,0.9956098244035901,7.640726559376066,-3.2785663054776966,-0.8659490100625703,-4.274176129881287,MT
19872,0,0.2590195687333463,4.283536117926091,-0.7723819639865012,3.7593812406423117,-1.0314015327198476,-0.5241548772837792,MT
19873,0,3.4592786111003857,2.682933738547405,2.546460808494111,0.232624312590813,-0.9128178026062747,-2.450309425956592,MT
19874,0,7.784596962314813,4.904499468961262,-3.61475550018422,11.662261809980617,-11.399352462499033,6.757762341019354,MT
19877,0,5.090460878800447,1.7281231738138325,8.149296738730792,-1.6141398575650283,3.058835859930344,-3.342263031378861,MT
19878,0,3.033364431427717,4.635399576615003,0.3899893370730954,4.010390349568764,-2.6433750943546213,-0.6250092270462394,MT
19879,0,6.725510733838821,1.0721828706119083,9.610251237610159,-6.20160319478981,2.8847405037713387,-7.273786065401717,MT
19880,0,2.5858976916104073,3.32864165250196,7.594089249819077,-1.3009985020890888,5.008191558208669,-4.629640154591049,MT
19881,0,1.2246688394642782,6.066136483367468,-3.826560422270895,9.741626164714877,-5.051229261735173,3.675489681347409,MT
19884,0,3.711159214893871,0.25193343682148484,5.563071668966492,-0.9974657178370252,1.851912454072621,-1.24939915465851,MT
19885,0,4.8752152460632425,0.9782636703497456,3.2447757954806384,0.7890521785536244,-1.630439450582604,-0.18921149179612118,MT
19886,0,14.556420066058502,0.9446187489675947,13.479141744148427,-1.2698153674647048,-1.0772783219100754,-2.2144341164322996,MT
19887,0,3.940991954465292,4.716118681616743,0.2832193810744652,7.945813378079937,-3.657772573390827,3.2296946964631936,MT
19888,0,1.9286426006736086,1.9494508219689817,1.5808036775247811,1.9938623987638902,-0.3478389231488274,0.0444115767949083,MT
19891,0,3.1562506648623527,1.7257036769852145,2.2439074543722177,4.726537997203337,-0.9123432104901349,3.000834320218123,MT
19892,0,8.247822477884243,0.6901178471725814,10.5367345982353,-4.416669179655698,2.288912120351058,-5.10678702682828,MT
19893,0,2.8998685418107177,2.243766020026111,1.9950398204480364,1.5632557870679962,-0.9048287213626816,-0.6805102329581145,MT
19894,0,10.948935026328094,1.766828145344459,11.161914310401805,-5.108074579797681,0.2129792840737108,-6.87490272514214,MT
19895,0,2.1975861222358968,15.470865175202167,-12.745382085613967,20.72205079781129,-14.942968207849864,5.25118562260912,MT
19898,0,3.299971823272401,0.6976996753803445,3.611532774351237,-0.6473502142704901,0.31156095107883586,-1.3450498896508345,MT
19899,0,0.22648140914834441,6.717956995564677,-3.215356140761425,8.404882313236437,-3.4418375499097698,1.6869253176717594,MT
19900,0,3.3636127382622067,5.179745314830601,-1.4576946233022932,4.354422561927128,-4.8213073615645,-0.8253227529034732,MT
19901,0,6.734999612375261,0.7803767046230642,6.773738665555531,-3.1279633273554066,0.03873905318027055,-3.908340031978471,MT
19902,0,1.746297518858296,5.8613798330927205,-1.414334333044687,5.783456317291107,-3.160631851902983,-0.07792351580161302,MT
19905,0,2.357026751169525,5.494158845887219,-0.3411432458462563,3.944137622526059,-2.6981699970157815,-1.550021223361159,MT
19906,0,5.319878676612325,2.3498691299116388,3.0046300863678628,1.5393157449531225,-2.3152485902444626,-0.8105533849585163,MT
19907,0,6.925159716196583,1.7303264955882416,6.578323670310246,-2.6051240779905256,-0.34683604588633643,-4.335450573578767,MT
19908,0,2.0013811655960785,0.5592401017409911,1.3863734115848192,1.3358176894331681,-0.6150077540112592,0.7765775876921771,MT
19909,0,9.857119875777597,8.55625495193262,13.681171859458244,-6.577958482839477,3.8240519836806475,-15.134213434772096,MT
19912,0,2.1679225295621207,1.5449980485350474,0.3201420048310822,9.333774466196045,-1.8477805247310384,7.788776417660999,MT
19913,0,4.019343847991128,4.358144654362544,1.213032190095059,6.5364940779739955,-2.806311657896069,2.178349423611452,MT
19914,0,8.008618641225164,0.043540467088622706,5.006022793953646,1.470197590001341,-3.0025958472715186,1.4266571229127183,MT
19915,0,17.54048768282424,2.199500416099536,20.756956126917196,-13.61852837486723,3.216468444092956,-15.818028790966768,MT
19916,0,4.1900491335047345,3.4867772136103077,7.085178629873484,-3.0805124477710253,2.8951294963687495,-6.567289661381333,MT
19919,0,6.864011043692798,1.305212955942303,9.93697353831766,-1.990658735183634,3.072962494624862,-3.295871691125937,MT
19920,0,5.14278712225299,4.016873467597829,10.587675829071888,-4.366166812606358,5.444888706818897,-8.383040280204188,MT
19921,0,4.257282550646375,1.7751847645589893,-0.48136517608455603,4.347555263134248,-4.738647726730931,2.5723704985752582,MT
19922,0,2.3553349557951755,2.7100789246190176,2.0294654960617096,9.846207599795136,-0.32586945973346604,7.136128675176119,MT
19923,0,0.5316356760619173,5.342081067524915,-1.169026836071467,4.81616190410895,-1.7006625121333843,-0.5259191634159659,MT
19926,0,0.2799633744032012,8.255330270866319,-2.4109153664960816,8.100991487541485,-2.690878740899283,-0.15433878332483328,MT
19927,0,1.5272663507172937,2.8125619798093218,0.49715248839657633,1.9329845003387236,-1.0301138623207173,-0.8795774794705983,MT
19928,0,7.484728878698688,1.2218314169551296,7.186553463368875,6.140309740108702,-0.2981754153298125,4.918478323153573,MT
19929,0,0.12127420988623097,5.636097630252718,-3.1143217098784466,6.827738016594826,-3.2355959197646778,1.1916403863421081,MT
19930,0,6.872619307167236,0.9568985996460609,6.709376917215559,-2.7525648891141516,-0.1632423899516762,-3.7094634887602123,MT
19933,0,1.4470383192286493,4.362086527529982,-2.4956168114235138,8.013586363516053,-3.942655130652163,3.651499835986071,MT
19934,0,2.8190794481682344,2.7529169073690545,8.903257151009104,3.8355766658974892,6.0841777028408695,1.0826597585284345,MT
19935,0,3.754392936339004,0.4055726283924807,11.519685708201786,-0.5514364684284992,7.765292771862783,-0.9570090968209799,MT
19936,0,9.628447246804447,0.2732732908234139,5.898444277253527,0.05926836307466017,-3.730002969550919,-0.2140049277487537,MT
19937,0,4.455328773791502,11.212211936611773,-7.738905126656364,16.783677000691757,-12.194233900447866,5.571465064079984,MT
19940,0,0.0,6.830226739255086,0.7030162906171583,1.8688477824306942,0.7030162906171583,-4.961378956824392,MT
19941,0,0.768949450656299,6.896763114134137,-4.336240716587762,8.133424086323787,-5.105190167244061,1.2366609721896507,MT
19942,0,3.2124975438712653,1.0593229926572163,1.4884158504422904,4.545702462161516,-1.7240816934289749,3.4863794695042993,MT
19943,0,5.527979434718552,0.8231317340097754,6.1007058306979225,-1.9475008008519443,0.5727263959793706,-2.77063253486172,MT
19944,0,2.079273139413958,3.587061322634149,2.4941345447794103,1.5016760446512434,0.41486140536545263,-2.0853852779829056,MT
19947,0,5.911730092076908,1.8117920510946757,12.283776729192676,-3.9152912912771938,6.372046637115768,-5.727083342371869,MT
19948,0,5.421858395722501,1.289903551563901,4.369261702724964,-0.032177201161528564,-1.0525966929975366,-1.3220807527254297,MT
19949,0,1.7975924390216642,10.303004204802312,-8.394904033873514,13.568507682656064,-10.192496472895177,3.265503477853751,MT
19950,0,6.035403523498584,13.217990559453202,1.778134444307477,3.8613384863963236,-4.257269079191107,-9.356652073056878,MT
19951,0,13.401486452020707,0.0,16.730181961763076,-7.936469599842164,3.3286955097423703,-7.936469599842164,MT
19954,0,4.958199673891482,1.3986365390256195,5.83649039152588,-3.341813322984499,0.8782907176343978,-4.740449862010118,MT
19955,0,2.826905891911063,0.9583220585635358,0.33930560348329714,7.0648617155888465,-2.4876002884277653,6.106539657025311,MT
19956,0,1.5250645243788556,5.577735989982431,3.457289132549681,2.8894079630504024,1.932224608170825,-2.688328026932029,MT
19957,0,0.2606596843107255,12.457797588992122,-6.9698447348494454,10.953852669806858,-7.230504419160171,-1.503944919185263,MT
19958,0,8.071968522611582,1.9729572371951234,8.269264246331115,-1.1807720160866502,0.19729572371953186,-3.1537292532817736,MT
19961,0,0.810414880573465,6.035536227668757,-0.6523988061072136,5.73178951079931,-1.4628136866806785,-0.30374671686944626,MT
19962,0,3.210444325771269,1.939570508699299,5.93529581840799,-0.3126419610593036,2.724851492636721,-2.252212469758603,MT
19963,0,2.036022393588432,4.466237092702334,1.895567465308861,3.402300578759463,-0.1404549282795708,-1.063936513942871,MT
19964,0,0.11725213848473101,7.126731542281639,2.049347532955247,2.073897199450679,1.9320953944705161,-5.05283434283096,MT
19965,0,3.1725980419775826,3.0184994530124616,-1.9628901761802218,7.18900465701165,-5.135488218157804,4.170505203999189,MT
19968,0,1.4077347930114932,0.7646072226003457,1.1361920410600945,0.22152171869738602,-0.2715427519513986,-0.5430855039029597,MT
19969,0,1.8960802759828275,9.431218969767428,-1.1489011010313426,7.9164007372433,-3.04498137701417,-1.5148182325241282,MT
19970,0,3.382610963967709,2.084144166628949,2.815843701388061,-0.7646859891948687,-0.5667672625796476,-2.848830155823818,MT
19971,0,2.7981288446633843,3.3579093559629376,0.21779988103754444,4.800881924827154,-2.5803289636258397,1.4429725688642165,MT
19972,0,5.524794203873925,9.911341205394871,-0.25771634770258445,18.158264331877326,-5.782510551576509,8.246923126482457,MT
19975,0,4.075930005750905,0.46623211262658,4.57134900672899,0.3362177917883236,0.4954190009780851,-0.1300143208382564,MT
19976,0,4.517882536817265,2.0982169255467817,5.924104741223417,-1.2186332739763888,1.4062222044061523,-3.3168501995231705,MT
19977,0,1.027784048866375,8.831392446304612,-0.7215273079329596,5.5397687487385605,-1.7493113567993346,-3.2916236975660507,MT
19978,0,18.826422236921392,0.08608332069904703,20.79138729940851,-14.318374652935363,1.964965062487118,-14.404457973634411,MT
19979,0,5.8073342640701595,1.196067373254668,6.770951638891786,-2.3533337513649295,0.9636173748216261,-3.5494011246195973,MT
19982,0,3.4787249736915746,1.3529387061187672,1.580311114580526,0.7662887419790081,-1.8984138591110487,-0.5866499641397592,MT
19983,0,3.2607227877051126,1.7165274236592332,1.413337410065612,4.294357609991938,-1.8473853776395006,2.577830186332704,MT
19984,0,1.9875779086782208,3.6005568766966873,10.546061941168956,12.965530393196556,8.558484032490735,9.364973516499868,MT
19985,0,0.7659492404138687,5.561969868851704,1.187221322641463,2.411856319718648,0.42127208222759427,-3.150113549133056,MT
19986,0,2.127633853085688,3.7233592428999542,4.370397893287426,0.7068783525054446,2.2427640402017373,-3.0164808903945097,MT
19989,0,5.044263694029045,0.5654783491318361,3.942829961784291,-1.5847776759134644,-1.1014337322447536,-2.1502560250453007,MT
19990,0,4.800247689819997,3.440119829618703,10.735319617197462,-2.2530362264404813,5.935071927377464,-5.693156056059185,MT
19991,0,4.269918030885016,0.6202579745372396,2.6479271714371935,2.0988344974147477,-1.6219908594478225,1.4785765228775083,MT
19992,0,4.262460953059455,5.911014338525238,1.7134622773000827,3.3865220811115027,-2.5489986757593726,-2.5244922574137356,MT
19993,0,3.717668900176556,5.575195496093487,-3.004327867868044,7.874776801921847,-6.7219967680446,2.2995813058283603,MT
19996,0,2.0497274121778224,2.2827402000738624,1.3804114979686777,3.425652502678091,-0.6693159142091449,1.1429123026042287,MT
19997,0,10.335327809537292,1.6640406803629137,10.899466456376976,-1.6991490530988291,0.5641386468396826,-3.3631897334617427,MT
19998,0,5.006802502621221,1.8951624960551938,3.468638196152729,2.846451440413843,-1.5381643064684911,0.951288944358649,MT
19999,0,2.7194484474260685,3.7350944830841164,5.452096369147591,-0.3959842288657043,2.732647921721522,-4.1310787119498205,MT
20000,0,2.153986919206175,12.755625954123968,5.8878913509054325,8.002625661105608,3.7339044316992576,-4.753000293018361,MT
20003,0,1.605407214111996,6.679178781555041,-1.9896397463993512,6.181959059080181,-3.5950469605113473,-0.497219722474861,MT
20004,0,1.934245152523515,7.6437326721436945,-6.5533380540718875,12.012528477089615,-8.487583206595403,4.368795804945921,MT
20005,0,0.4526456588170141,5.433126872016875,-1.0997255534095107,5.481390689407844,-1.5523712122265247,0.04826381739096829,MT
20006,0,5.380031890996726,7.440097189099447,6.183420504568037,0.700201085222847,0.8033886135713116,-6.7398961038766,MT
20007,0,5.576793776643205,1.1883702713127486,8.047138826940417,-4.663946338782124,2.4703450502972117,-5.8523166100948725,MT
20010,0,1.9498309293136722,4.056377241731169,-1.1724497382434358,4.329718026214398,-3.122280667557108,0.27334078448322974,MT
20011,0,4.2654078269213365,2.835940513856178,6.093439752744817,-1.6172525633070751,1.8280319258234798,-4.453193077163253,MT
20012,0,4.288286095058544,1.6504677490738142,0.9056175525749912,2.90306520685003,-3.3826685424835534,1.2525974577762158,MT
20013,0,3.0987107827191185,4.922408015716754,3.1866781605120065,1.1979993084631675,0.08796737779288803,-3.724408707253587,MT
20014,0,2.633301573044967,2.6499966563241593,3.0412876706781975,-0.3422492072217773,0.40798609763323046,-2.9922458635459366,MT
20017,0,2.476560604514369,3.7992495737726393,-2.12482917338603,6.549837500485817,-4.6013897779003985,2.7505879267131776,MT
20018,0,1.6091533916168852,3.607951783061126,3.7903225007777577,0.8199019662047806,2.1811691091608725,-2.7880498168563457,MT
20019,0,0.9457770130468018,14.860353434496373,-11.909945070387751,18.19201867972292,-12.855722083434554,3.3316652452265467,MT
20020,0,2.905402908485143,6.377419662193425,0.43310908578914714,4.9294065021785105,-2.472293822695996,-1.4480131600149146,MT
20021,0,6.677509776940727,0.3829265573888038,8.300388996350238,-4.259602086000372,1.6228792194095107,-4.642528643389176,MT
20024,0,4.004303821465334,0.7305524012014415,3.7345838749416944,-2.1828905747898486,-0.2697199465236392,-2.9134429759912903,MT
20025,0,8.20603815929894,1.2604414412494622,9.368654294660471,-4.119950382591569,1.1626161353615305,-5.380391823841031,MT
20026,0,2.8372151411899575,3.602874569702992,3.8321837386485464,3.202555173069424,0.9949685974585888,-0.4003193966335675,MT
20027,0,0.6257259055644161,17.317994823464797,-11.685337614872175,18.502003123814127,-12.31106352043659,1.184008300349328,MT
20028,0,4.227430131780971,3.3649168155149765,0.2094626933353856,5.554139803922308,-4.017967438445586,2.189222988407332,MT
20031,0,2.423104339065777,0.9530877066991469,-0.30918811366475435,2.8679862957182385,-2.7322924527305315,1.9148985890190915,MT
20032,0,2.9581379961782743,3.0962320136115076,1.013403125349429,1.9090516621898153,-1.9447348708288452,-1.1871803514216923,MT
20033,0,1.1868330230986646,6.251278335870035,-2.799159734297991,5.321347162190758,-3.9859927573966556,-0.9299311736792764,MT
20034,0,9.34947117780457,0.5521776032249327,12.167233487061438,-5.861641347034335,2.8177623092568678,-6.413818950259268,MT
20035,0,3.420028681468413,2.385870460613468,-0.7306552647343887,2.523570875890405,-4.150683946202802,0.13770041527693683,MT
20038,0,0.14714381985197958,13.387362720978258,-9.913133641139618,14.153055561319151,-10.060277460991598,0.7656928403408934,MT
20039,0,3.8630036749719174,0.0967767100201754,1.2627344476173497,1.092770350644454,-2.600269227354568,0.9959936406242785,MT
20040,0,2.649859939014026,5.743093384821271,-1.6241401117425718,12.671641614089596,-4.274000050756597,6.928548229268325,MT
20041,0,4.494309188571024,0.8196730823050493,5.515427350425596,-2.371726379110355,1.0211181618545722,-3.1913994614154038,MT
20042,0,1.5520580954316943,2.8006558293366286,0.7509110582150663,3.2670910529732127,-0.8011470372166279,0.46643522363658396,MT
20045,0,5.31429277978781,1.1039500292692814,5.798525406262764,-3.6408048945092486,0.4842326264749527,-4.74475492377853,MT
20046,0,3.0045742155835846,2.599291892386352,1.5358066984322172,2.215340217778228,-1.4687675171513677,-0.38395167460812357,MT
20047,0,7.022038203700977,0.3507646364961029,9.217689918691157,-5.851698503084199,2.1956517149901793,-6.202463139580302,MT
20048,0,0.08696447022948453,3.3310119206737294,0.6060241827842715,3.075572727630205,0.5190597125547869,-0.25543919304352414,MT
20049,0,1.4599215743028637,3.343616237159389,2.952441078494438,-0.4796552540771656,1.4925195041915744,-3.8232714912365546,MT
20052,0,0.23361029475176423,13.353252602839671,-10.459570366905009,15.70698651599914,-10.693180661656774,2.35373391315947,MT
20053,0,2.326023790699268,4.460613050181301,-0.1265460332942806,3.6943364315529443,-2.4525698239935485,-0.7662766186283573,MT
20054,0,2.22993687423681,4.896206631371741,-2.1333919547449742,5.355735371550391,-4.363328828981784,0.45952874017864953,MT
20055,0,0.3835046757121779,4.03629178497173,-1.689698818732372,3.6527871092593793,-2.07320349444455,-0.38350467571235053,MT
20056,0,1.660662203103059,2.7780594475701164,0.8179841706734512,3.3861457933159578,-0.8426780324296076,0.6080863457458415,MT
20059,0,2.370893504352744,1.1400446407534746,0.6158998465788662,1.9608482572092432,-1.754993657773878,0.8208036164557684,MT
20060,0,4.682032830913475,3.2805045495280143,2.1375939276353053,1.833337857643519,-2.54443890327817,-1.4471666918844952,MT
20061,0,4.248811196256538,5.361140857001043,3.6441741773079532,-0.2374942572818681,-0.6046370189485845,-5.598635114282912,MT
20062,0,1.2213502621532335,7.507062505717535,-3.102764224499316,10.799633780155109,-4.32411448665255,3.292571274437574,MT
20063,0,1.5644770431227795,4.616966913968401,1.023788658076225,2.2171423126465437,-0.5406883850465545,-2.399824601321857,MT
20066,0,6.216240636411498,0.9074353262684717,4.422975586880719,-0.17284482405128448,-1.7932650495307783,-1.080280150319756,MT
20067,0,5.000797115886961,0.6582678945719441,6.091308176629091,-2.9301659377845497,1.0905110607421302,-3.5884338323564937,MT
20068,0,4.693898266561644,1.455322905909955,5.9347778966007905,-3.500967189217229,1.2408796300391467,-4.956290095127184,MT
20069,0,0.441102400418246,10.339788504541014,-6.915440922346642,9.739366881866445,-7.356543322764888,-0.6004216226745686,MT
20070,0,2.338814813556245,2.907017676236328,-0.06887307426430392,5.277399315497182,-2.4076878878205488,2.3703816392608537,MT
20073,0,0.32152846186449224,4.847718565004091,-2.9700381168912684,5.69444832222756,-3.2915665787557606,0.8467297572234687,MT
20074,0,1.4789310803090014,2.946444292530675,2.1503651564431974,1.7827732366324291,0.671434076134196,-1.1636710558982457,MT
20075,0,0.7949553332953483,5.539267249736023,-2.814696499865901,27.262808282033852,-3.6096518331612493,21.72354103229783,MT
20076,0,0.0,7.94137301480195,-4.173500078964955,7.8772844602590695,-4.173500078964955,-0.06408855454288082,MT
20077,0,10.698224246739755,1.4656166797561325,10.968022118291666,-7.195905767184562,0.26979787155191043,-8.661522446940694,MT
20080,0,1.333536905518732,2.476568538820432,0.11106816814149317,2.886334596041935,-1.2224687373772387,0.409766057221503,MT
20081,0,0.9941366769903176,2.354089353685374,2.0178579598616144,1.6543899447502415,1.0237212828712972,-0.6996994089351327,MT
20083,0,6.1875465936099925,3.380932284841532,4.871515948533283,-0.04405123498185988,-1.3160306450767099,-3.424983519823392,MT
20084,0,1.2606278746071595,7.761160936193777,-3.2978204648532214,7.239413527593006,-4.558448339460381,-0.5217474086007718,MT
20087,0,2.2304518190732905,5.843993855625011,-2.342499634160067,7.055510856251735,-4.572951453233357,1.2115170006267242,MT
20088,0,6.6762624286778465,2.384379438813503,7.054782664589549,-4.7385283525992286,0.3785202359117024,-7.1229077914127314,MT
20090,0,4.747618006792943,1.97854125627478,6.326655899281308,-2.741291105199738,1.5790378924883646,-4.719832361474518,MT
20091,0,0.3267726196522458,6.688753128190835,-4.167359458034448,8.346821605685728,-4.494132077686694,1.6580684774948917,MT
20094,0,0.8950543612997195,8.572429374643901,-1.1804340127286501,3.5989851592194055,-2.0754883740283696,-4.973444215424497,MT
20095,0,6.225304123010141,2.4129905226485127,2.9951934931464073,0.7724858512389099,-3.2301106298637343,-1.6405046714096028,MT
20096,0,8.253664810256593,2.3880080490157427,9.317154097548892,0.7220685461533987,1.0634892872922979,-1.6659395028623443,MT
20097,0,2.832906373620273,0.9900573157423022,0.7954019790877732,2.4855472814871904,-2.0375043945324998,1.4954899657448881,MT
20098,0,6.5708106168991645,7.048795576937253,6.592555176702316,-1.152066313937588,0.021744559803151667,-8.20086189087484,MT
20101,0,0.3601215223211643,4.18580965661001,-2.191945341536026,5.38734986583634,-2.5520668638571906,1.2015402092263299,MT
20102,0,1.9282452233462422,3.530536832908022,2.7563029027062544,0.9522663312641682,0.8280576793600123,-2.5782705016438534,MT
20103,0,3.8552031113753062,4.292572141147299,4.036673626596113,4.156260187317755,0.18147051522080704,-0.1363119538295444,MT
20104,0,4.631528809067025,2.1425516269038485,6.412350940519579,-2.843750341163333,1.7808221314525534,-4.986301968067181,MT
20105,0,2.8494465855843734,2.133082907467139,3.7218895008334694,3.2416456942745526,0.8724429152490959,1.1085627868074135,MT
20108,0,1.2397486782789071,2.2332274971598083,0.9440904569007074,1.666437247767841,-0.29565822137819986,-0.5667902493919673,MT
20109,0,5.078184531936421,0.6803901321716902,6.798643761605283,-4.246252961235497,1.7204592296688614,-4.926643093407186,MT
20110,0,1.8879949931053388,2.1031708930548043,1.3767787017737112,0.5146868703631469,-0.5112162913316275,-1.5884840226916574,MT
20111,0,0.5222013241418209,5.476103342162866,2.3859847010723936,2.6205820215446396,1.8637833769305727,-2.8555213206182266,MT
20112,0,3.3296969794502327,1.044330309344251,0.31830615593037753,2.434505621817096,-3.011390823519855,1.3901753124728449,MT
20115,0,0.0936642457650078,8.547531456386091,-7.54130984473883,10.8907432732964,-7.634974090503838,2.343211816910309,MT
20116,0,6.05475591019172,0.6482786012284589,9.275370756038344,-5.190384441887108,3.2206148458466237,-5.8386630431155675,MT
20117,0,0.9858704735609979,5.385317461827041,0.019717409471202027,6.864123172168537,-0.966153064089796,1.4788057103414969,MT
20118,0,8.40832571750586,0.7058405639039166,9.122989288458568,-4.768835309876083,0.7146635709527079,-5.47467587378,MT
20119,0,6.1374542437505175,0.15136410935852626,5.832203289877631,2.1407209752130916,-0.3052509538728859,1.9893568658545655,MT
20122,0,8.303882479493012,0.23841341500398355,6.793930851133975,-3.343464319938105,-1.5099516283590357,-3.581877734942088,MT
20123,0,9.308433153124952,0.3160653067971802,9.165893897118368,-5.301840587548912,-0.1425392560065853,-5.617905894346092,MT
20124,0,4.069756165457809,2.9480773377486207,3.7085873282634996,2.510563868301926,-0.36116883719430976,-0.43751346944669495,MT
20125,0,1.0857802593926669,8.156155957937361,-2.204850951266506,4.563350052447153,-3.290631210659173,-3.592805905490209,MT
20126,0,7.2086158677341645,5.840226279836947,5.216512793640899,5.4433176977120326,-1.9921030740932664,-0.3969085821249145,MT
20129,0,2.1312989361463006,2.391856086306999,1.674592021257703,2.359652393590466,-0.4567069148885976,-0.03220369271653269,MT
20130,0,0.5903392250072251,4.892961441726341,1.041384925012725,2.191109258360058,0.4510457000055,-2.701852183366283,MT
20131,0,4.487677999153351,3.884086535079134,7.243097568890492,-3.0474008064234583,2.755419569737141,-6.931487341502592,MT
20132,0,0.988135579852066,3.642112979111209,3.297753682156711,1.458392873877869,2.3096181023046447,-2.18372010523334,MT
20133,0,0.7387590917524435,12.628473801615621,-9.034062974030922,17.925674643374208,-9.772822065783366,5.297200841758587,MT
20136,0,0.8556238324568635,1.484982695886229,0.06600526707522505,1.20602216384394,-0.7896185653816384,-0.27896053204228916,MT
20137,0,5.6907890119814875,0.764653820731335,8.374429825125109,-3.643134309349848,2.6836408131436214,-4.407788130081183,MT
20138,0,2.0159620515694043,2.8084601977327295,0.49261780535683997,4.912411091814317,-1.5233442462125641,2.1039508940815876,MT
20139,0,0.6939376287189558,8.138296663368378,-0.5470094898770513,5.087221347780393,-1.240947118596007,-3.0510753155879833,MT
20140,0,2.8505848053307696,1.8315610743564206,3.8722901777023564,0.27352742252467577,1.0217053723715865,-1.5580336518317448,MT
20143,0,2.298035633491838,4.623266954954094,1.0388752804661996,3.0567953278638296,-1.2591603530256386,-1.5664716270902639,MT
20144,0,2.037867305716889,12.68791586055637,-8.29081627567094,16.81832252141533,-10.32868358138783,4.13040666085896,MT
20145,0,0.5592440449904864,7.40741235913642,0.9545717319665753,1.2309797082264629,0.39532768697608894,-6.176432650909957,MT
20146,0,1.7285605911827155,3.3967256918300457,0.7566097141887158,2.5818030902278966,-0.9719508769939997,-0.814922601602149,MT
20147,0,0.7876713297852734,8.455293692822275,-2.0164386042502898,6.86706186603704,-2.804109934035563,-1.5882318267852358,MT
20150,0,4.98845650323209,1.7758158749037083,5.834379301785103,-1.2253440537863145,0.8459227985530123,-3.0011599286900226,MT
20151,0,2.0671963125833313,5.145999331324278,0.14488484794074072,4.2301201139845155,-1.9223114646425905,-0.9158792173397623,MT
20152,0,2.683206712758136,4.830483943756316,4.221080258851917,0.5135567140204037,1.5378735460937814,-4.316927229735912,MT
20153,1,3.680858501522354,1.4398914660566833,3.3828749201782173,-0.5661688045537315,-0.2979835813441369,-2.0060602706104147,MT
20154,1,4.046606863672856,5.326971774907915,0.2632363492137627,5.815193484678181,-3.783370514459093,0.48822170977026647,MT
20157,1,1.3447015320683438,1.6094681770828492,1.62142397796606,4.9766564622008564,0.27672244589771616,3.3671882851180075,MT
20158,1,3.4803147420041896,1.7566686949761507,3.206941687340297,-0.6073443705111873,-0.2733730546638923,-2.364013065487338,MT
20159,1,2.9118543686243585,2.7832447192740597,8.624431178101117,-2.3258560432511244,5.712576809476759,-5.109100762525184,MT
20160,1,9.22555177053565,1.7642936634506652,14.081696099258131,-7.575884473883446,4.856144328722481,-9.340178137334112,MT
20161,1,1.41297505519317,2.4979618849762066,-0.6185938036909215,3.333286035715593,-2.0315688588840914,0.8353241507393863,MT
20164,1,0.9502581831233599,5.709602134191266,0.7972505095697164,2.4308087506426985,-0.1530076735536434,-3.2787933835485683,MT
20165,1,4.084099132510426,0.4616882802556834,4.025668508512997,-0.30395437902115857,-0.05843062399742908,-0.7656426592768419,MT
20166,1,1.7735004234638894,2.308259208340086,4.685978058246353,2.0542890131154623,2.9124776347824635,-0.2539701952246239,MT
20167,1,1.998713415774773,1.1977584072473058,2.917239801700645,0.07274728976533529,0.9185263859258719,-1.1250111174819704,MT
20168,1,2.4263631255946376,10.23606609139234,-2.850330580195063,6.79231192890951,-5.276693705789701,-3.443754162482829,MT
20171,1,0.3507879046164153,5.893354019914913,-3.634772248085811,7.535346191649544,-3.985560152702226,1.641992171734631,MT
20172,1,4.7284872643235,3.5632569470115705,1.7125526237913893,2.190421616897164,-3.015934640532111,-1.3728353301144063,MT
20173,1,2.5184578011944594,2.9341255936244712,-0.8348285915193352,3.8248422916891447,-3.3532863927137946,0.8907166980646737,MT
20174,1,2.1334515987358222,4.61510102775991,1.9937092322564722,0.9709906974705172,-0.13974236647935015,-3.644110330289393,MT
20175,1,3.289231343416997,1.6474904170428564,3.2560411018300104,1.835655566197561,-0.03319024158698635,0.1881651491547049,MT
20178,1,1.7343537361883454,3.8587445420534667,1.8440386538616111,1.4194518757714978,0.10968491767326588,-2.4392926662819687,MT
20179,1,1.101231778652615,1.9604070176012658,0.17726477978311372,7.17112461122561,-0.9239669988695013,5.210717593624345,MT
20180,1,3.579813474664356,0.0,4.0092305618718225,-0.8748871496377197,0.4294170872074666,-0.8748871496377197,MT
20181,1,4.7063852848845364,4.833996229176146,3.983217575811596,-0.5236731686390096,-0.7231677090729408,-5.357669397815155,MT
20182,1,2.9503345620829413,9.288197631633189,-6.67417467924553,10.54894814726238,-9.624509241328472,1.2607505156291903,MT
20185,1,1.523003637368251,3.5542181141577975,-2.6786946327829657,7.6231625913191525,-4.201698270151217,4.068944477161356,MT
20186,1,2.495774973705819,1.1934737882982447,0.6221299534746766,6.195906475420716,-1.8736450202311423,5.002432687122472,MT
20187,1,5.880154107310891,0.9795565482739174,8.005341446238539,-0.8162971235616191,2.125187338927648,-1.7958536718355365,MT
20188,1,4.869362728581058,0.9837238575948157,7.913981031185768,-4.4176097124324105,3.04461830260471,-5.4013335700272265,MT
20189,1,3.196137576384315,0.13275335433693497,3.304753957205423,-0.7271263271635782,0.10861638082110782,-0.8598796815005131,MT
20192,1,1.7699060242263958,3.0866820149630416,0.18608161249891453,2.705995968018705,-1.5838244117274813,-0.38068604694433683,MT
20193,1,1.6221541944058722,2.039007328063772,2.80601709399426,0.781301873370283,1.1838628995883882,-1.257705454693489,MT
20194,1,2.211272602905672,1.5852239958492464,5.526745615963594,-0.16943517346937115,3.3154730130579213,-1.7546591693186175,MT
20195,1,2.4846349562682644,7.618049737264763,-0.8811987675221019,6.3947385070575224,-3.365833723790366,-1.223311230207241,MT
20199,1,7.041786226541047,1.677561139393124,7.109285728007779,-2.23939522513058,0.0674995014667323,-3.916956364523704,MT
20200,1,1.2833593483398622,4.52202078935412,-1.9686383608826217,8.78347141525635,-3.251997709222484,4.2614506259022304,MT
20201,1,0.8451477872657006,6.473629288717793,-2.2322223999536464,5.63216807849582,-3.077370187219347,-0.8414612102219731,MT
20202,1,1.9474622847480973,2.9831816165570113,2.249654708243444,1.3043348193604183,0.3021924234953468,-1.678846797196593,MT
20203,1,0.7138738512339118,4.513436594941445,1.9840486306846419,3.7988776440422267,1.2701747794507299,-0.7145589508992184,MT
20206,1,6.761926020950695,0.739755639157057,9.873251209170233,-4.570633056220663,3.1113251882195385,-5.3103886953777195,MT
20207,1,1.4774905638302211,2.347744862478192,3.018529108900475,1.3521598230513054,1.541038545070254,-0.9955850394268865,MT
20208,1,7.051642643803552,0.8237131856552772,6.2608181878840945,-2.920220212085165,-0.790824455919458,-3.7439333977404425,MT
20209,1,1.704982530823567,3.4460667129254423,1.1142282371792205,2.957053436519829,-0.5907542936443466,-0.4890132764056134,MT
20210,1,1.9289877737874144,4.042069816442524,0.9424826156160697,7.35776768072242,-0.9865051581713447,3.3156978642798958,MT
20213,1,2.36052675769391,0.5520710788352788,3.7414733560060585,1.1964103045510879,1.3809465983121485,0.6443392257158091,MT
20214,1,2.40941129797724,1.7155931335119017,6.684385926536078,-0.29499632170856394,4.274974628558838,-2.0105894552204657,MT
20215,1,0.9083739307763133,2.0717300175599567,0.8765011612754198,3.6574003002308633,-0.03187276950089361,1.5856702826709064,MT
20216,1,3.509389251399199,0.4022926860247076,2.301217647710703,6.934698037873541,-1.208171603688496,6.532405351848833,MT
20217,1,3.0932258851213743,0.511234328258841,4.179383666708237,-0.37352811189280366,1.0861577815868626,-0.8847624401516446,MT
20220,1,4.2769640364122825,0.01363760914236114,3.7923043884303276,-1.311308571379778,-0.4846596479819545,-1.3249461805221392,MT
20221,1,1.2117983871119797,5.783391955157982,1.051908322145859,2.28684869234517,-0.1598900649661208,-3.496543262812812,MT
20222,1,0.6683161647145575,11.41393899287796,-8.406516251662408,12.720534640746896,-9.074832416376966,1.306595647868937,MT
20223,1,3.954420404548496,0.817210319386596,7.482410592101684,-3.614373157555415,3.5279901875531885,-4.431583476942011,MT
20224,1,1.4726826851789274,2.5644592355907148,2.317854351987623,0.37164397951450356,0.8451716668086956,-2.1928152560762113,MT
20227,1,1.163095224742567,4.118804652597826,-0.2979274309398503,2.7503583172639816,-1.4610226556824173,-1.3684463353338445,MT
20228,1,9.955585672989244,0.47707955106207317,11.824475815166238,-7.513017227675671,1.8688901421769943,-7.990096778737744,MT
20229,1,0.7632909453428066,3.6325623897805164,2.2354627438271617,1.6030315139051432,1.4721717984843552,-2.0295308758753734,MT
20230,1,3.927593561086777,1.5773594463395209,2.2946542539255828,1.243880281409211,-1.632939307161194,-0.33347916493031016,MT
20231,1,7.648147901569101,0.8975852627039184,7.9452210381613355,-4.98234089084821,0.29707313659223494,-5.8799261535521286,MT
20234,1,2.3394882782795947,1.2221207423848408,2.8050580849023916,-1.2337599875504532,0.4655698066227965,-2.455880729935294,MT
20235,1,1.758424605875492,1.3219977722722083,2.2277667303230073,0.5381650053036353,0.46934212444751516,-0.783832766968573,MT
20236,1,0.6551733268057073,3.3932429629348375,-2.1575903368094895,5.2755324555817875,-2.812763663615197,1.8822894926469502,MT
20237,1,4.713079805900796,0.2507945501760218,6.366466099653957,-2.4094854190986457,1.653386293753161,-2.6602799692746677,MT
20238,1,2.5980251116363737,4.780942077982513,0.10197743453659222,3.8505479546511236,-2.4960476770997815,-0.9303941233313898,MT
20241,1,6.03867275706293,0.5173674224261358,6.741098526741432,-4.094565173561918,0.7024257696785028,-4.611932595988054,MT
20242,1,1.7395993466803208,5.122329348997954,-0.0006777659792614567,2.5755107210592576,-1.7402771126595824,-2.546818627938696,MT
20243,1,7.1800430513908635,1.4907197356183408,6.626594602004474,-4.1181211911404825,-0.5534484493863902,-5.608840926758823,MT
20244,1,0.6929159224011171,7.341294976274308,-5.481608527638471,12.326919443430578,-6.174524450039589,4.985624467156269,MT
20245,1,0.8495245301096086,10.501067108299592,-5.655709559204885,11.673882917923226,-6.505234089314493,1.1728158096236327,MT
20248,1,2.9815302377124393,0.9823253597761287,5.814971225207395,-1.4019115687256847,2.8334409874949555,-2.3842369285018132,MT
20249,1,3.29958491075627,2.3587595835897996,-0.17936425911917067,3.7984567034530055,-3.478949169875441,1.4396971198632056,MT
20250,1,6.748599904916099,0.8683051994924146,4.255794598018742,2.2641882417144417,-2.492805306897357,1.3958830422220272,MT
20251,1,2.557938622472636,1.4566104219957625,1.3834686593527743,0.7272158655967711,-1.1744699631198618,-0.7293945563989914,MT
20252,1,4.782772924742503,0.5339470792596392,3.660245920142372,-0.512279661550571,-1.1225270046001308,-1.0462267408102104,MT
20255,1,0.31148480433418174,7.560406484947084,-3.0413139724453706,7.532806565575725,-3.352798776779552,-0.027599919371359364,MT
20256,1,0.36536137422277304,6.115955609065243,-1.0881043110630173,4.910814061121788,-1.4534656852857903,-1.2051415479434557,MT
20257,1,4.081970422327401,1.5990996178550174,3.8237734980235203,4.264675484001322,-0.2581969243038807,2.6655758661463045,MT
20258,1,0.0981708374548456,2.656502861528161,0.07912569498856484,2.5151368555931333,-0.01904514246628076,-0.14136600593502766,MT
20259,1,4.944432328300638,3.5128074134853087,4.654209999834501,-2.3955683692554652,-0.29022232846613627,-5.908375782740774,MT
20262,1,4.692212271545771,2.8059584747315416,6.057527636767581,-1.8008038868873522,1.3653153652218097,-4.606762361618894,MT
20263,1,0.686703993400297,6.057610124872833,-0.07007183606123993,5.173303553779773,-0.7567758294615369,-0.8843065710930609,MT
20264,1,1.3840247300489086,3.3964129383195365,3.142629930089467,0.7502443252906764,1.7586052000405585,-2.64616861302886,MT
20265,1,0.25325647359285286,9.856316410429555,-2.0242786979115026,7.359213491108087,-2.2775351715043555,-2.4971029193214678,MT
20266,1,0.43096559977496895,5.706971774993677,-0.5594958689589841,3.2958426484993724,-0.990461468733953,-2.411129126494304,MT
20269,1,1.4159119187517102,2.0980814027860304,6.093344123197572,-0.026489742850778493,4.677432204445862,-2.124571145636809,MT
20270,1,2.6528532797055435,1.3950590636677862,-0.526648803151723,3.287913299250775,-3.1795020828572667,1.8928542355829885,MT
20271,1,1.9948835899503243,3.0670275331348202,4.444119971749255,1.6490024105701007,2.44923638179893,-1.4180251225647196,MT
20272,1,0.13932307303028654,10.993379083253478,-4.820315453123393,7.936157688269378,-4.95963852615368,-3.0572213949840994,MT
20273,1,0.4329194164166147,1.8694534799423133,0.25690765368363727,1.8820934629033719,-0.17601176273297747,0.012639982961058553,MT
20276,1,3.9639895262525267,0.4861903005339813,7.8803857403853685,-2.901550890613013,3.9163962141328414,-3.3877411911469943,MT
20277,1,1.4790027723097003,8.662567462667488,-4.0708959193074135,10.717990377764295,-5.5498986916171145,2.0554229150968064,MT
20278,1,4.556944452694174,3.333443350369152,5.582190604165155,-2.813256330725546,1.0252461514709807,-6.146699681094698,MT
20279,1,1.4639526822665765,4.48335508944124,0.20660622531995876,3.8723909659953994,-1.2573464569466177,-0.6109641234458397,MT
20280,1,4.828509242759601,0.773586096187479,6.1077439991703315,-1.0886559300651675,1.2792347564107296,-1.8622420262526465,MT
20283,1,0.2926049914917864,8.34326893170962,-5.454801309277389,7.951339310078463,-5.747406300769176,-0.3919296216311576,MT
20284,1,0.19338519813029192,8.040659022572695,-3.390786312449609,12.23979546320727,-3.584171510579901,4.199136440634576,MT
20285,1,2.9735947199332355,5.793025772415872,16.32907701505784,-0.23776486024739543,13.355482295124606,-6.030790632663267,MT
20286,1,2.4697491110380914,4.197813727183951,4.007611345237001,-1.416562368026217,1.5378622341989094,-5.614376095210169,MT
20287,1,3.1598318185108103,0.1832998307093668,1.9378329471144953,1.194343107464781,-1.2219988713963148,1.0110432767554143,MT
20290,1,12.565400918309336,0.3199655055024765,12.393330579794716,-8.941258292651666,-0.17207033851462059,-9.261223798154143,MT
20291,1,16.41560686629159,0.12475700241602113,18.70711129131399,-14.729375123958599,2.291504425022401,-14.854132126374619,MT
20292,1,2.073765154538623,4.8351174766434255,-1.9072996523376486,11.621549212985993,-3.9810648068762715,6.786431736342568,MT
20293,1,3.3778214848022587,3.373403314052005,2.8564773362669866,-0.5138072690200569,-0.5213441485352722,-3.887210583072062,MT
20294,1,1.3879668862772907,3.6799053726284643,-0.7794902649817278,5.308239789286087,-2.1674571512590184,1.628334416657622,MT
20297,1,0.7298777412811388,10.251192702337727,-5.070257260129191,8.76750680202855,-5.80013500141033,-1.483685900309178,MT
20298,1,1.9956890413775068,2.6759120361055695,3.172269650588198,0.7899109254325786,1.1765806092106912,-1.8860011106729908,MT
20299,1,1.0208297732798035,9.256749499686947,-7.253102833573733,18.528213662772593,-8.273932606853537,9.271464163085644,MT
20300,1,3.155710491899883,1.0356986878975138,0.6032416439304608,1.3929090516825797,-2.552468847969422,0.3572103637850658,MT
20301,1,15.428151418426127,0.44886354683177465,17.088701261077034,-11.433620145861676,1.6605498426509067,-11.88248369269345,MT
20304,1,7.7135993126236055,0.03925495833405451,5.692810136103145,-3.5564992250569487,-2.020789176520461,-3.5957541833910036,MT
20305,1,9.527769958422535,0.9589592345199399,10.622054693951782,-6.72923859755228,1.0942847355292453,-7.68819783207222,MT
20306,1,4.461534991737104,0.9498095953163971,4.631839834429751,-1.544040754562583,0.17030484269264626,-2.49385034987898,MT
20307,1,4.126065905688192,0.19264147630178868,5.47711168795572,-2.235820562710678,1.3510457822675288,-2.4284620390124667,MT
20308,1,3.3844405077468673,0.9139029260460741,3.9211834953853257,2.26315960920417,0.5367429876384583,1.3492566831580959,MT
20311,1,0.8628863255450633,3.322112353348405,0.09819724473965942,3.404106076590256,-0.7646890808054039,0.08199372324185145,MT
20312,1,3.2149417784868257,3.2957616415960262,3.531707391210228,1.8899785301415786,0.3167656127234024,-1.4057831114544475,MT
20313,1,1.2187691793687128,3.2320151468707823,-0.6313492210487704,4.3393540012686005,-1.850118400417483,1.1073388543978187,MT
20314,1,0.7489811293992328,4.679065826879067,-2.7274260632163676,5.640254553334405,-3.4764071926156004,0.961188726455338,MT
20315,1,2.2961749882867575,1.3467815754235597,2.0597999440765697,0.9240873787182425,-0.23637504421018776,-0.4226941967053171,MT
20318,1,0.6989467292497916,4.501852342486553,-3.0744124995231306,5.191267979973928,-3.773359228772922,0.6894156374873746,MT
20319,1,0.4344785714424085,8.739688744099242,-6.495975092107233,11.053952155251645,-6.930453663549641,2.3142634111524027,MT
20320,1,9.537820460457349,0.26645289198628996,9.09121359821767,-4.967159135684093,-0.4466068622396772,-5.233612027670382,MT
20321,1,6.094303205411915,1.0861041642859772,5.503927343893316,-2.4989454455815436,-0.5903758615185999,-3.5850496098675206,MT
20322,1,17.92567833067255,3.8229933641503493,18.761712813797892,-14.237313993616967,0.8360344831253432,-18.060307357767314,MT
20325,1,4.069273537709109,1.6976905523562644,4.449417987091746,0.35854533294036506,0.3801444493826362,-1.3391452194158995,MT
20326,1,2.1548231210919666,0.45677088914176806,4.84899717908005,-1.6928909789656692,2.694174057988083,-2.149661868107437,MT
20327,1,4.093709219762137,0.6095478926342106,8.351166808314824,-3.440879819958674,4.257457588552688,-4.050427712592884,MT
20328,1,6.08089959329328,1.1110470037698288,9.665445401076143,-2.616895381473578,3.5845458077828636,-3.727942385243407,MT
20329,1,15.22434990897908,0.5317801094968355,20.645076186429606,-14.293734717359765,5.420726277450525,-14.825514826856601,MT
20332,1,2.2921311415373897,0.7201412946998597,1.8141612556746332,-0.37600297687869805,-0.4779698858627567,-1.0961442715785579,MT
20333,1,5.993807360979775,2.424993406196464,11.590487393697629,-5.044071596881896,5.596680032717853,-7.469065003078359,MT
20334,1,5.618915074133934,0.03756254670087234,8.455992130833932,-3.832042631958497,2.8370770566999997,-3.8696051786593695,MT
20335,1,3.434787542390675,1.1855619318139439,2.9325126486776885,-0.2897739771420672,-0.5022748937129867,-1.4753359089560112,MT
20336,1,13.618827882257163,1.1791321547675861,14.315911803476283,-8.809334939649421,0.6970839212191207,-9.988467094417006,MT
20339,1,5.159697919203167,0.9547710812367014,6.333437328556853,-3.23156614545818,1.1737394093536857,-4.1863372266948815,MT
20340,1,4.745749647181901,3.474226486693788,-0.5471035291254028,5.425569624013585,-5.292853176307304,1.9513431373197971,MT
20341,1,0.3685979924589771,3.727292585488946,-1.3549068487902325,4.950097871881123,-1.7235048412492096,1.2228052863921777,MT
20342,1,5.282312408957,2.4288683483460516,4.78868063580787,-1.824032504738307,-0.49363177314913015,-4.252900853084358,MT
20343,1,0.8541402268560875,3.506512550065376,-0.11477509298387095,2.5250520456434615,-0.9689153198399584,-0.9814605044219147,MT
20346,1,6.406802697430959,0.8062876032718468,11.967226142808656,-6.055673224442882,5.560423445377697,-6.861960827714729,MT
20347,1,2.8710364796765804,2.3145372954966175,-0.5495320582434702,4.155019730395522,-3.4205685379200506,1.840482434898905,MT
20348,1,5.7310690097946795,0.33260668360411305,10.713889277523108,3.600525498036549,4.982820267728429,3.267918814432436,MT
20349,1,1.0334041035109809,7.965027933730297,-4.03073815213496,6.1445649397949715,-5.064142255645941,-1.820462993935325,MT
20350,1,3.868236792513857,3.511666672101506,8.50711581447689,-2.7190638841828343,4.6388790219630325,-6.230730556284341,MT
20353,1,0.21136637115990048,3.776822122806574,5.22763106345397,0.9388599277100451,5.016264692294069,-2.837962195096529,MT
20354,1,1.0618878585966385,2.8387281107784563,0.4925066056472326,5.633839400392622,-0.5693812529494059,2.795111289614166,MT
20355,1,2.5870351520888724,3.0041594497940003,-1.3255763519474932,10.716756496079876,-3.9126115040363656,7.712597046285875,MT
20356,1,0.07691319123897394,6.074926775289384,0.1996617831260513,5.038421692452033,0.12274859188707735,-1.0365050828373514,MT
20357,1,9.827801486798256,0.06629547200816355,9.689685920114478,-4.9937566528636035,-0.13811556668377872,-5.060052124871767,MT
20360,1,2.3908408656127658,1.5324083886419855,2.7633012378521267,-0.49714591589853824,0.37246037223936085,-2.0295543045405235,MT
20361,1,5.0098232212185225,0.9039130582626829,5.728711051127549,-2.258014888697876,0.7188878299090262,-3.161927946960559,MT
20362,1,0.6243041439763453,5.55671796055683,-1.9583454066845534,5.812301964532234,-2.5826495506608986,0.2555840039754043,MT
20363,1,3.215320407968233,11.700003344631352,-4.68913872065631,12.954316802238356,-7.904459128624543,1.2543134576070047,MT
20364,1,5.740848284552683,2.5543887115613946,5.976488737278786,-1.848160413538094,0.2356404527261028,-4.402549125099489,MT
20367,1,2.4604136439252486,2.283102455364316,4.120128839174961,-0.5448931874378349,1.6597151952497127,-2.827995642802151,MT
20368,1,4.678731693146074,0.6736949263373492,5.454983852364163,-0.27584359188615304,0.7762521592180892,-0.9495385182235022,MT
20369,1,2.1102280291589284,1.8696927404673633,3.7671920426770806,0.8768449531023702,1.6569640135181523,-0.9928477873649931,MT
20370,1,2.581976983028905,7.543422950417795,-2.880113758847,18.78955465057208,-5.462090741875905,11.246131700154283,MT
20371,1,0.732981643168929,2.8567805554769787,3.581508455773248,2.319671317793552,2.848526812604319,-0.5371092376834266,MT
20374,1,3.283148417296813,1.1188302534633574,5.214496785421968,-1.4121996258368525,1.9313483681251553,-2.53102987930021,MT
20375,1,0.5569063212122625,2.938428530585769,2.0732051979744313,0.45715669987714397,1.5162988767621688,-2.481271830708625,MT
20376,1,0.9826647277174184,2.6966101271635394,1.0990462351195471,2.3559665150629416,0.11638150740212867,-0.3406436121005977,MT
20377,1,3.3462927693055966,2.048915299486451,9.44100912571122,-2.3998122110126343,6.094716356405623,-4.448727510499085,MT
20378,1,0.5897501037330015,7.785403452731899,-4.790315425916646,9.96467050271656,-5.380065529649647,2.1792670499846616,MT
20381,1,8.723999264410466,0.3924279051583367,13.796344454250715,-8.436168113381026,5.072345189840248,-8.828596018539363,MT
20382,1,1.3432880983501765,12.643148446591587,-7.456918410571072,11.58406598498363,-8.80020650892125,-1.0590824616079575,MT
20383,1,2.1891094960703494,1.038853656930363,3.42812125676746,0.8720552371247436,1.2390117606971105,-0.16679841980561944,MT
20384,1,3.904664137358316,0.7687495203412544,3.656965491685808,-0.6314728202802855,-0.2476986456725082,-1.40022234062154,MT
20385,1,7.216585501325654,0.9760865676827263,7.538441438721261,-4.248857989194578,0.32185593739560636,-5.224944556877304,MT
20388,1,1.084031579922834,4.598079560838203,-2.306199274148218,5.572360313360933,-3.390230854071052,0.9742807525227299,MT
20389,1,2.132536053509835,1.6325038598088404,3.420002122338064,-1.4518068676925822,1.2874660688282284,-3.0843107275014225,MT
20390,1,0.7799767657861736,2.4452387330953216,-1.3385743694137935,11.066643636815176,-2.118551135199967,8.621404903719853,MT
20391,1,2.61378119371231,2.0370992381845268,3.555354829065206,-0.3353771313637161,0.9415736353528961,-2.372476369548243,MT
20392,1,3.448627257000587,0.6716249215981647,1.8624492506730057,4.180984219381537,-1.5861780063275814,3.509359297783373,MT
20395,1,3.0677803822614864,0.7996520665686255,0.973199259646915,1.6575091917388642,-2.0945811226145716,0.8578571251702387,MT
20396,1,0.4085969450695317,10.575638117307749,-3.0852261516383543,10.131927372271264,-3.493823096707886,-0.443710745036486,MT
20397,1,2.678853661212602,0.6722110146143563,3.3653366718909448,-1.1546044815774719,0.6864830106783423,-1.826815496191828,MT
20398,1,0.29821066953137476,8.351847836220726,-4.438076434789876,10.19763544436562,-4.73628710432125,1.8457876081448954,MT
20399,1,0.9595857378406575,3.2957408341472543,4.2710288840616935,2.261132938620901,3.311443146221036,-1.0346078955263531,MT
20402,1,3.4516953534996517,1.8747872373469172,5.116115979833595,0.5705142490669554,1.6644206263339436,-1.3042729882799617,MT
20403,1,0.7317273954731659,8.484403257090701,-2.014568277856312,6.972179002127798,-2.746295673329478,-1.5122242549629026,MT
20404,1,9.13403516874803,0.5055739023292556,13.129601039277187,-8.279155661173165,3.9955658705291577,-8.78472956350242,MT
20405,1,1.838300057903491,5.705455667517508,-2.4245384300275115,10.611325537491515,-4.262838487931003,4.905869869974008,MT
20406,1,0.7100197738520544,9.244017133213676,-2.00071463407158,5.26368664388016,-2.7107344079236344,-3.9803304893335167,MT
20409,1,1.5435729910599156,1.9892210543253754,0.29598179640440436,7.98704085316157,-1.2475911946555114,5.997819798836194,MT
20410,1,5.091676944805342,1.252170021153389,5.167456686719539,-0.09983680283931184,0.07577974191419623,-1.352006823992701,MT
20411,1,2.7065454147585686,3.0997809710110777,-1.9458380111115416,7.77386015170883,-4.65238342587011,4.674079180697753,MT
20412,1,4.512157533070698,0.051241557585780355,2.5698124540179696,1.6471743709219315,-1.9423450790527284,1.5959328133361512,MT
20413,1,4.899598749933328,0.18514422128732316,6.678017599550251,-1.932119583043149,1.7784188496169229,-2.1172638043304723,MT
20416,1,3.6764651311059855,0.6764326037534242,9.813665725068816,-2.7689052139972645,6.137200593962831,-3.4453378177506884,MT
20417,1,2.3398025344568567,3.0569195873423216,3.490141140907198,1.5442994567234032,1.1503386064503411,-1.5126201306189186,MT
20418,1,0.3129089674399265,5.956983551260131,0.035139509712496166,2.245582001626759,-0.27776945772743034,-3.7114015496333725,MT
20419,1,0.9694583687266946,1.7929533426113706,0.651388881459039,1.2831707397305128,-0.31806948726765555,-0.5097826028808579,MT
20420,1,4.4672127840682485,0.47174771373492824,6.610982208774128,-3.159631875297334,2.14376942470588,-3.631379589032262,MT
20423,1,1.4367397177133032,5.002141564456443,-1.4081478825349556,4.503214040593854,-2.844887600248259,-0.4989275238625895,MT
20424,1,3.548163405746458,5.906116522102284,0.9834813741137315,5.469908619531951,-2.5646820316327266,-0.4362079025703319,MT
20425,1,6.07813132724553,0.6815380987165242,3.0604217620838687,2.5181625663749747,-3.0177095651616614,1.8366244676584504,MT
20426,1,2.5529910217272844,2.2088892867743644,3.565652623606453,-0.2093059765758109,1.0126616018791688,-2.4181952633501753,MT
20427,1,8.368947823785087,0.5268814818796179,5.174728839889609,5.953290315345608,-3.194218983895478,5.42640883346599,MT
20430,1,1.285953185171339,6.0341023588833576,-1.997886687686639,5.909793550983386,-3.2838398728579783,-0.12430880789997183,MT
20431,1,2.6591555079232894,2.7756325856848036,3.718773368114944,0.3781460684271025,1.0596178601916546,-2.3974865172577013,MT
20432,1,2.3714228350036266,2.068584079555004,10.09381109893917,3.797695683244767,7.722388263935544,1.729111603689763,MT
20433,1,9.61755650032767,1.1456770492423152,14.30946802807714,-7.441153276349018,4.69191152774947,-8.586830325591334,MT
20434,1,2.5496681071511538,7.896703317319956,-4.832355260674016,11.760511007330983,-7.3820233678251705,3.863807690011028,MT
20437,1,1.1757104329956058,6.512268426735343,-4.973838817602613,11.986409556250765,-6.149549250598219,5.474141129515423,MT
20438,1,9.495381329703383,0.2919590654477895,7.507039418464856,-2.135999369625722,-1.9883419112385272,-2.4279584350735117,MT
20439,1,5.959538254987804,0.25632422602091276,5.538434169381876,-0.7067225088863547,-0.421104085605928,-0.9630467349072674,MT
20440,1,4.286377018311309,4.232150282024387,12.062983972176749,0.9095302586294833,7.776606953865441,-3.322620023394904,MT
20441,1,5.036063739120919,1.7354873533855006,6.7354478045136,-2.1822942869522937,1.6993840653926817,-3.917781640337794,MT
20444,1,5.281287230072147,0.8595940184054273,6.66039316736839,-3.745075881159819,1.379105937296244,-4.604669899565246,MT
20445,1,0.7104255425254042,11.499445674279919,1.1635716558395224,6.850973275310482,0.45314611331411814,-4.648472398969437,MT
20446,1,0.6543989258843952,6.344888019648226,-0.5446004483868866,5.198591914575637,-1.1989993742712817,-1.1462961050725895,MT
20448,1,5.9373686453083705,1.0038111256334916,6.360109292854339,-0.012666386443313004,0.4227406475459675,-1.0164775120768046,MT
20451,1,1.790403510059682,12.588583171753386,-8.579315320320424,11.367504327959585,-10.369718830380105,-1.221078843793802,MT
20452,1,2.394007978318894,3.4213771486683022,-0.2796375315363009,5.544949343283635,-2.673645509855195,2.1235721946153334,MT
20453,1,4.026073337354648,0.7787760906381748,2.736240318458604,0.626678081985977,-1.289833018896044,-0.15209800865219775,MT
20455,1,1.6148211636661265,10.77927189246287,-9.566819389998534,14.305732250625745,-11.181640553664659,3.526460358162876,MT
20458,1,4.6998939702673015,2.975565434421049,4.531855957028901,-1.6842579326893574,-0.1680380132384007,-4.659823367110406,MT
20459,1,4.125812549250366,1.4237622802995753,5.006291209504986,-1.216775711009755,0.8804786602546202,-2.6405379913093303,MT
20460,1,1.025017199466662,3.4218724864386054,2.888301889455947,0.5462077953322673,1.863284689989285,-2.875664691106338,MT
20461,1,4.945663807440443,2.246020639174119,8.12440895205003,-3.2151233149620233,3.178745144609588,-5.461143954136142,MT
20462,1,7.985010735312123,3.125174237145673,7.4152381152471785,-1.2615032591405166,-0.5697726200649443,-4.38667749628619,MT
20465,1,5.671106995451823,0.921923924722055,6.033435175473695,-0.8575100260514539,0.3623281800218717,-1.7794339507735089,MT
20466,1,7.323779675886392,1.7283161634263082,5.113068428028814,3.0748693295706593,-2.2107112478575774,1.3465531661443508,MT
20467,1,1.6590600998195035,4.614907817768769,1.8217130507821155,4.345791117085084,0.16265295096261204,-0.26911670068368493,MT
20468,1,0.2309954352299733,5.889587062377708,0.8315835668275271,2.9800004216617464,0.6005881315975539,-2.909586640715961,MT
20469,1,1.2755070309198984,12.613716857271536,-2.2500143583240853,7.521167729780119,-3.5255213892439836,-5.092549127491416,MT
20472,1,2.44142844207744,0.07971373274392037,3.0900794046011635,-1.0179912575704406,0.6486509625237233,-1.097704990314361,MT
20473,1,2.8579917681231204,2.7707897281638516,5.2678531973220935,0.6285157862044416,2.4098614291989726,-2.14227394195941,MT
20474,1,1.4226434135360913,5.559567641962376,-1.1565374512918105,11.40059351322145,-2.5791808648279018,5.841025871259074,MT
20475,1,5.6094011515660025,2.6959401539253407,12.828456546624857,-4.86851197479044,7.219055395058853,-7.56445212871578,MT
20476,1,3.880924632287826,0.46486224472231286,6.428022533349435,-3.3726623854648095,2.5470979010616093,-3.837524630187122,MT
20479,1,0.5872177789901569,3.7277753002446152,1.372860776609949,8.3970127926369,0.7856429976197921,4.669237492392286,MT
20480,1,1.611688347486471,3.0626122989564855,10.661004978605842,0.06268800347813433,9.049316631119371,-2.9999242954783507,MT
20481,1,2.6850932361873654,1.910918150424368,9.486988377503609,-0.5013538268983276,6.801895141316243,-2.4122719773226957,MT
20482,1,1.2290789019198327,19.35011399432772,-5.281705099145694,16.030093727491874,-6.510784001065527,-3.3200202668358467,MT
20483,1,0.21674784928534288,3.3186314404358574,-1.7868257492709292,9.718666360278752,-2.003573598556272,6.400034919842894,MT
20486,1,0.9842933356259369,3.1495272253809357,-1.1001037459207403,3.578133582268972,-2.0843970815466775,0.4286063568880364,MT
20487,1,1.4805061565918642,1.0995745996954753,3.345049765870151,1.6052669283268775,1.8645436092782868,0.5056923286314021,MT
20488,1,0.8769861210351831,8.795474250910026,-4.92680820841723,11.133719985625053,-5.803794329452414,2.3382457347150285,MT
20489,1,0.3742184377162441,2.4251382814351894,1.3878840242657737,2.694106659845648,1.0136655865495297,0.2689683784104585,MT
20490,1,3.6730939237949434,0.7179317230872406,3.983550885129984,-1.649444584361208,0.3104569613350404,-2.3673763074484486,MT
20493,1,3.3003698830603336,1.0522724935672927,5.051041506241444,-2.0043921482798317,1.7506716231811104,-3.0566646418471244,MT
20494,1,1.8731041407007911,4.685636992599867,-0.866279843922172,4.2029366583157515,-2.7393839846229633,-0.48270033428411585,MT
20495,1,0.5745472442980938,8.007060632758742,-1.1320708665428487,5.900387403665732,-1.7066181108409424,-2.1066732290930106,MT
20496,1,2.3705974846676363,2.8914457345498326,0.516206320781463,22.174495314857968,-1.8543911638861732,19.283049580308134,MT
20497,1,4.699485724667187,0.10974846901913769,6.5040038210401745,-1.5437247792870177,1.8045180963729877,-1.6534732483061554,MT
20500,1,0.47184508464212943,4.460508866816907,-0.8279308418520472,3.9307841184586723,-1.2997759264941766,-0.5297247483582352,MT
20501,1,1.3298672483132934,7.563235768142295,-1.5807114943035723,6.747863899794056,-2.9105787426168654,-0.8153718683482393,MT
20502,1,12.167906432725063,0.12811927793171413,12.436449513300836,-7.595824121342878,0.2685430805757744,-7.723943399274592,MT
20503,1,4.270087225078252,2.425808746140073,3.3756076469300984,1.0228429859929236,-0.8944795781481539,-1.4029657601471492,MT
20504,1,4.990749274669922,3.0527718180765873,8.677318273164866,-2.256490131302863,3.6865689984949452,-5.309261949379451,MT
20507,1,6.11817488431583,0.885814888826217,9.732959865426908,-2.8907275937226347,3.614784981111078,-3.7765424825488516,MT
20508,1,0.08463916151356325,9.194363709618022,0.06376923127732195,4.872780877983866,-0.0208699302362413,-4.3215828316341565,MT
20509,1,2.305830319705775,2.5018149480189495,3.951444265820692,3.978487954755546,1.6456139461149168,1.4766730067365967,MT
20510,1,3.192447378957416,3.9771957549748063,4.13983201261311,0.49473267183705255,0.9473846336556936,-3.4824630831377537,MT
20511,1,9.143729679518732,0.42527226040178584,11.994422758617956,-5.25159342434563,2.8506930790992246,-5.676865684747416,MT
20514,1,2.274457202407222,5.7574942908418425,-2.807251862040414,8.995589834401903,-5.081709064447636,3.23809554356006,MT
20515,1,2.2108943170582416,4.016646698181484,0.11213509337922367,2.1413489947220787,-2.0987592236790182,-1.8752977034594052,MT
20516,1,1.0287937948014783,4.5085375125125005,-2.2079213743957737,6.153352957615906,-3.236715169197252,1.6448154451034054,MT
20517,1,0.6941802268174477,9.412320640839846,-5.373536467798651,10.265235534705672,-6.067716694616099,0.8529148938658253,MT
20518,1,7.107494746290428,0.8756835317830158,7.341847418100082,-3.686336701581633,0.2343526718096544,-4.562020233364649,MT
20521,1,1.9491585674859129,1.812366024469542,3.848506806808259,0.5258132335312007,1.899348239322346,-1.2865527909383412,MT
20522,1,4.887948811370199,1.411778130804396,5.831671119832492,1.5811153998632155,0.9437223084622933,0.16933726905881932,MT
20523,1,1.0451936100051336,3.7072803504306853,-0.015202079075085103,3.190409661879635,-1.0603956890802186,-0.51687068855105,MT
20524,1,0.5172419103941804,5.955999977097013,-5.074928482087855,13.949283143668262,-5.592170392482036,7.993283166571248,MT
20525,1,2.561822412903176,5.595285329179979,-2.2133009164342528,8.059559605843244,-4.775123329337429,2.464274276663265,MT
20528,1,3.3809584692195234,0.9216102113856263,1.8647332661742781,2.120305845802246,-1.5162252030452454,1.1986956344166197,MT
20529,1,3.3150279422948703,0.36455741718721285,1.8312898828387705,2.81974002273423,-1.4837380594560998,2.4551826055470167,MT
20530,1,0.5567835657630523,12.167358510643915,-6.233792471581551,11.764327269413497,-6.790576037344604,-0.4030312412304185,MT
20531,1,0.8498075706570909,7.4387922312523465,-0.6620784617206426,4.750223677389669,-1.5118860323777334,-2.688568553862677,MT
20532,1,2.6571476825292035,5.16750040932228,-1.6735684845287495,8.904677405173084,-4.330716167057953,3.7371769958508048,MT
20535,1,4.650335617949525,0.0064818354040064126,4.156572273937346,-1.564467231647571,-0.49376334401217925,-1.5709490670515773,MT
20536,1,0.13825275312536123,3.5414938429980287,-0.32529821766073064,2.679758773298244,-0.46355097078609186,-0.8617350696997846,MT
20537,1,2.0399915110312903,2.7878622393796006,0.7763322054596284,5.451356907233251,-1.2636593055716618,2.6634946678536497,MT
20538,1,2.1177411260635295,1.5651348536968526,1.4825353718462384,4.912250060373656,-0.6352057542172912,3.3471152066768033,MT
20539,1,8.687197287832365,0.9102015586248855,12.207894809067394,-6.20159005240105,3.5206975212350295,-7.111791611025936,MT
20542,1,3.991739086891766,1.6814839706871716,2.0185733334953926,3.2387988496124316,-1.9731657533963738,1.55731487892526,MT
20543,1,6.245861178062162,0.4518534879398298,10.391129048236765,-3.8670251991126463,4.145267870174603,-4.318878687052476,MT
20544,1,2.884098580971205,1.143073846931295,4.762169677101471,-0.8322312602908782,1.878071096130266,-1.9753051072221735,MT
20545,1,4.547234208287411,2.2736171041437054,3.622370099147801,-1.2794039479657318,-0.9248641091396101,-3.5530210521094374,MT
20549,1,0.6704883306539803,2.6837131345074394,-0.5611160215984458,3.933179577458428,-1.231604352252426,1.2494664429509887,MT
20550,1,1.2056925568335595,2.8236582798340444,4.235805041604852,1.7183342287854158,3.0301124847712924,-1.1053240510486286,MT
20551,1,1.807840114546435,3.68731480521056,-1.2439099019423232,6.077816952060901,-3.051750016488758,2.3905021468503405,MT
20552,1,3.638967899177489,0.613209848653398,6.050410856359432,-2.0246073161340603,2.4114429571819422,-2.6378171647874584,MT
20553,1,4.466182457788637,0.4590079197040712,3.5729459662308454,1.1575495352947924,-0.8932364915577918,0.6985416155907214,MT
20556,1,2.5813959451431994,2.17350303169858,3.2065236113574858,2.536331288983753,0.6251276662142864,0.36282825728517315,MT
20557,1,4.894264162574516,0.6175602769188655,7.714851965809407,-2.2614186422426568,2.820587803234891,-2.878978919161522,MT
20558,1,3.1505038473818305,0.47309205314791536,1.6620198985039751,1.3562660824958614,-1.4884839488778552,0.8831740293479462,MT
20559,1,0.8883910522191767,5.995552885595989,-0.5895439092708529,4.865774845640799,-1.4779349614900297,-1.1297780399551898,MT
20560,1,14.935857408666147,0.5767079399270114,13.609721891981303,-9.542028072039793,-1.3261355166848423,-10.118736011966805,MT
20563,1,4.242991571277343,1.2365877301491501,3.4030199921587756,0.420653493517201,-0.8399715791185665,-0.8159342366319491,MT
20564,1,1.0892296913974355,8.721072752558861,-4.245101707897579,15.967475838382898,-5.3343313992950145,7.246403085824038,MT
20565,1,0.2715432479799612,4.537099754819432,-1.47564359330828,5.491380312006097,-1.7471868412882414,0.9542805571866644,MT
20566,1,5.287908117012963,0.13413008551326094,5.0514754239049084,3.685167264693946,-0.23643269310805437,3.5510371791806854,MT
20567,1,6.91909295194982,0.0,6.16101837576309,-3.9843247096363914,-0.7580745761867301,-3.9843247096363914,MT
20570,1,0.6192009279853617,5.451660344218453,-3.84644924286523,7.023219221224679,-4.465650170850592,1.5715588770062259,MT
20571,1,0.5772496847424494,4.987024954971873,-0.18657534453288685,3.735630102690858,-0.7638250292753362,-1.2513948522810148,MT
20572,1,0.24945482544122005,6.87897546285813,-0.5747807037815937,5.928288178803324,-0.8242355292228137,-0.9506872840548062,MT
20573,1,0.6284464869578015,2.9814211673257844,-1.2036180754922712,3.3856197948086733,-1.8320645624500727,0.40419862748288876,MT
20574,1,12.877371213349525,0.6055882123900264,11.460653459079634,-5.781367193909801,-1.4167177542698908,-6.386955406299827,MT
20577,1,1.8243216120974084,0.9934688564661378,0.3030168873478799,5.492514312895418,-1.5213047247495284,4.499045456429281,MT
20578,1,5.483978380300527,0.4910834041747916,5.132655004990206,-0.9924244251467231,-0.3513233753103206,-1.4835078293215147,MT
20579,1,0.2962969760230314,5.301139375369716,-1.1152544563353537,3.5850093744905784,-1.411551432358385,-1.7161300008791371,MT
20580,1,2.95642693358605,0.9476972791853963,3.097825958157024,5.216652562987195,0.14139902457097447,4.2689552838018,MT
20581,1,3.375648238739824,2.0936152351857076,1.0262706983489887,2.080154061227521,-2.3493775403908352,-0.013461173958186641,MT
20584,1,10.279733002704445,0.04026005092442139,9.015811403986007,-5.305786711222617,-1.2639215987184376,-5.346046762147038,MT
20585,1,2.028279808673465,2.9461443464365282,2.508239090131849,6.622327668854568,0.47995928145838435,3.6761833224180394,MT
20586,1,1.544894212750819,3.3257950918922465,2.129485438120177,2.2393506104054137,0.584591225369358,-1.086444481486833,MT
20587,1,1.5466949679069342,3.7004164658830767,-0.9301986321753671,5.29470020401867,-2.476893600082301,1.5942837381355934,MT
20588,1,0.32350652710933964,4.196363763762656,-0.11526360823373047,2.8101267687383267,-0.43877013534307013,-1.386236995024329,MT
20591,1,4.363450915940136,1.0139715407209826,2.4505965808030785,0.8393541325341817,-1.912854335137057,-0.17461740818680102,MT
20592,1,0.3189022466302931,7.816039725695091,-3.1440239897852447,6.202942165285711,-3.4629262364155378,-1.6130975604093798,MT
20593,1,4.773185368100144,3.091360565901706,6.517449443432231,-3.198191135554262,1.7442640753320875,-6.289551701455968,MT
20594,1,0.9981884631168251,2.362891254229359,4.8721834830492154,1.5213415960939174,3.8739950199323907,-0.8415496581354417,MT
20595,1,2.750469634547558,2.86317304038311,1.7073932818878805,1.7855258677311745,-1.0430763526596771,-1.0776471726519357,MT
20598,1,1.4899295051144688,2.893915515604658,1.6679942508477514,1.019329819962423,0.17806474573328251,-1.874585695642235,MT
20599,1,0.23397057950234376,4.2027587605285,-2.3421948437413755,6.456592374777082,-2.576165423243719,2.253833614248583,MT
20600,1,2.1719765137991622,4.700309446853581,1.306992683084662,1.8928130280917375,-0.8649838307145004,-2.8074964187618434,MT
20601,1,10.143917532734367,0.3542452712745784,13.913816547595967,-8.91968755112356,3.7698990148615996,-9.27393282239814,MT
20602,1,3.858656276666654,3.098885929241749,6.786311099733963,-0.4809632687135611,2.927654823067309,-3.57984919795531,MT
20605,1,1.1777475014482908,7.3540593153694145,-1.0967038332020238,6.333170526655726,-2.2744513346503146,-1.020888788713688,MT
20606,1,0.22507286928160433,6.528633971794765,-3.74715912101137,8.288156335029402,-3.972231990292974,1.7595223632346382,MT
20607,1,0.8570489085013786,3.1281807429585036,-0.07548145348005655,2.4259165871629733,-0.9325303619814351,-0.70226415579553,MT
20608,1,5.5857471997770025,2.2064170604350735,1.5415429037061534,1.3471744506301846,-4.044204296070849,-0.8592426098048886,MT
20609,1,1.412425881514207,18.412897400829994,-14.17259852445533,23.061062574540134,-15.585024405969536,4.648165173710138,MT
20612,1,3.731634023577466,0.40139424221481584,3.6974905299451017,-1.7088402178935218,-0.0341434936323641,-2.1102344601083374,MT
20613,1,3.1132866906404253,7.756289617662299,-4.76096930903956,13.166074027799139,-7.874255999679986,5.409784410136841,MT
20614,1,0.9578222969425104,4.648178280815721,-3.0755011413354936,7.6077755626492225,-4.033323438278004,2.959597281833502,MT
20615,1,0.6038798548545584,3.8153762741569954,13.287400393448886,2.0006713296195584,12.683520538594328,-1.814704944537437,MT
20616,1,0.3744569478666376,3.1622861537153137,2.227621660508035,1.026754670075345,1.8531647126413977,-2.135531483639969,MT
20619,1,4.371865674675889,1.8833936123166575,3.143625970336451,3.0170463405575605,-1.2282397043394382,1.133652728240903,MT
20620,1,0.9696989520394141,5.790764623743577,-0.33882991668608264,4.506437891924166,-1.3085288687254968,-1.284326731819411,MT
20621,1,5.922925060535338,2.116759217213199,9.241727097832571,20.458368723065135,3.318802037297233,18.341609505851938,MT
20622,1,2.1452993166347296,1.9344717231973654,-0.10387115579096518,5.605957130860707,-2.2491704724256945,3.671485407663342,MT
20623,1,4.015523567216793,0.9323040037726195,0.9840318388206837,0.6456355597738035,-3.0314917283961087,-0.28666844399881597,MT
20626,1,1.4175501248482187,2.9809443490796887,-0.47569710920381875,4.786957729294873,-1.8932472340520377,1.806013380215184,MT
20627,1,2.548551158573797,1.4383479852352763,2.424893646737626,0.8093032278704898,-0.12365751183617082,-0.6290447573647864,MT
20628,1,0.32378233085605757,9.540576448039712,-3.4882568913260963,10.128414272021036,-3.8120392221821535,0.5878378239813241,MT
20629,1,5.289138723807821,1.1703717159882239,6.362478707949474,-2.1770625612760632,1.0733399841416524,-3.3474342772642873,MT
20630,1,4.327554895018044,2.169654513441159,4.655314341232532,-1.0940384273641681,0.32775944621448766,-3.263692940805327,MT
20633,1,1.7431626280722936,4.11580685348238,-0.5501961735113616,3.5309931005538298,-2.293358801583655,-0.5848137529285501,MT
20634,1,4.072771966438959,2.521125233802674,1.1787703860337384,1.8018347329372546,-2.89400158040522,-0.7192905008654195,MT
20635,1,13.690005694358883,0.06526820354878472,11.217972484948469,-4.2097991288970125,-2.4720332094104136,-4.275067332445797,MT
20636,1,9.617084540202967,1.1183522419621943,8.091607397726277,-4.191648747065746,-1.525477142476692,-5.31000098902794,MT
20637,1,1.442516738055405,3.3211431876158803,-0.12351358962200198,2.185123134919003,-1.5660303276774068,-1.1360200526968776,MT
20640,1,0.7011485954591874,4.02894279690131,1.9118086431501966,2.6540223407296226,1.2106600476910094,-1.3749204561716872,MT
20641,1,6.3882399590729975,0.5797055129077813,2.8325214912870247,6.2935355931028685,-3.555718467785973,5.713830080195088,MT
20642,1,3.0832455141256525,1.802726431232064,3.5461952910214,2.9091763980128835,0.4629497768957474,1.1064499667808194,MT
20643,1,5.194885822399069,0.15357812710647567,5.559809995982318,-2.819356260000185,0.36492417358324886,-2.9729343871066605,MT
20644,1,2.4087174600957653,5.875866748899346,2.0263520350651105,2.425342043792856,-0.38236542503065474,-3.45052470510649,MT
20647,1,0.9092610232211591,6.9234058564615975,-4.590854337092747,8.600284225919689,-5.500115360313907,1.6768783694580913,MT
20648,1,12.541620797368655,0.9930825697575592,12.514737988951639,-3.3413749520665896,-0.026882808417016586,-4.334457521824149,MT
20649,1,7.122767129722717,0.05881467860268168,8.230959494972904,0.19192158280873223,1.1081923652501877,0.13310690420605054,MT
20650,1,2.7468245774253446,11.124540088008757,-2.494220144888766,11.975836915769786,-5.24104472231411,0.8512968277610299,MT
20651,1,2.1171456568205578,4.892365520026907,5.184493926680147,-1.071137491062022,3.067348269859589,-5.963503011088929,MT
20654,1,2.68873037754328,4.2246818727803594,-0.7533010518041872,3.6784570841344477,-3.442031429347467,-0.5462247886459117,MT
20655,1,1.7509364621922774,2.9543073398444157,3.828183810520417,-0.4043071467243928,2.07724734832814,-3.3586144865688086,MT
20656,1,7.794765386832238,1.7191590108559218,8.210554091333389,-1.9245077179767651,0.4157887045011501,-3.6436667288326867,MT
20657,1,0.08461843313714526,7.6658563579369625,-4.846198060518089,7.5869747677243025,-4.930816493655234,-0.07888159021266047,MT
20658,1,1.6833769872102695,2.6864970175376106,3.7673113703516266,1.9130068736707349,2.083934383141357,-0.7734901438668758,MT
20661,1,0.7025151723242605,5.400094255270762,-0.9005395833149432,4.571849298190531,-1.6030547556392036,-0.8282449570802302,MT
20662,1,1.7252562506090765,2.2491013578442205,3.0774034504808943,0.7298013032421271,1.3521471998718178,-1.5193000546020934,MT
20663,1,1.8297900696997014,6.672732716775885,18.68954736323867,5.0808785249543025,16.85975729353897,-1.591854191821583,MT
20664,1,4.454124569971211,1.3453145714932746,4.34341420546842,-0.5509283541606553,-0.11071036450279081,-1.89624292565393,MT
20665,1,1.1591585816017562,5.858450128636006,0.23148362065019298,3.0736847674305245,-0.9276749609515633,-2.7847653612054812,MT
20668,1,2.4785230518960746,4.950515081257588,1.0563928949780816,3.227957887746105,-1.422130156917993,-1.7225571935114834,MT
20669,1,7.101729249807998,0.25651966117565644,9.271077370722933,-3.659797631704638,2.1693481209149343,-3.9163172928802945,MT
20670,1,11.082679384774742,0.08117763065235849,13.70613424204741,-8.139668140172386,2.6234548572726664,-8.220845770824745,MT
20671,1,0.5744629934511172,5.154915711146014,0.4511822183078012,6.026777687932493,-0.123280775143316,0.8718619767864797,MT
20672,1,6.390058899715367,1.8513146075244669,4.8306286932516285,-1.2547540587430175,-1.5594302064637384,-3.1060686662674843,MT
20675,1,2.446418327803374,2.9689991804340847,9.135144934191631,-1.1607769381449327,6.688726606388257,-4.129776118579017,MT
20676,1,2.7784305220218215,0.2446658504869236,2.1020767573249666,2.838636254864191,-0.6763537646968548,2.5939704043772673,MT
20677,1,4.314040701421182,4.719376694673756,2.5887257859034882,2.5073572222020846,-1.7253149155176932,-2.2120194724716717,MT
20678,1,1.513344468590022,5.860089323421103,-0.9529575069536335,7.2670501709518245,-2.4663019755436553,1.4069608475307218,MT
20679,1,8.097537894395384,0.1863664760323488,8.046244368881869,-3.6264522538032997,-0.051293525513514744,-3.8128187298356484,MT
20682,1,4.299605979529408,3.367088116077921,4.513750961201459,0.16858221961413522,0.21414498167205065,-3.198505896463786,MT
20683,1,1.4638675833062464,5.7646095866751,-3.403912782791419,9.998047333340125,-4.867780366097665,4.233437746665025,MT
20684,1,20.83916699365776,0.8621348378415935,23.04063307405031,-16.62711339475652,2.20146608039255,-17.489248232598115,MT
20685,1,3.8054544399843113,5.775250971945745,7.409700944061519,-1.8356579080230104,3.6042465040772074,-7.610908879968755,MT
20686,1,1.7264864058958096,2.6689799090528203,4.636940384041935,0.13935287687765016,2.910453978146126,-2.5296270321751706,MT
20689,1,4.037482715852567,0.450400760900547,3.9170891950390825,1.95854459751959,-0.12039352081348499,1.5081438366190432,MT
20690,1,0.9057103086667636,3.7993215521647423,3.195514679720166,1.0833005652681333,2.2898043710534024,-2.716020986896609,MT
20691,1,1.971914830781002,3.328448495691903,-1.661978331182211,5.586343381658281,-3.6338931619632127,2.2578948859663783,MT
20692,1,1.3741330657387745,3.178148627631046,3.4949695424261895,0.15530436999760824,2.120836476687415,-3.022844257633438,MT
20693,1,4.523985519368079,10.336559266709255,-2.5141397166936437,22.688828218814223,-7.038125236061722,12.35226895210497,MT
