kind,tf,ent,exn,stop,tp,piv,win,sess,sh,eh,flat,r_pf,r_retdd,r_n,r_pyr,r_tot,r_dd,l_pf,l_retdd,l_tot,l_n
PF,15,33,39,2.2606108137631824,6.0,60,1200,True,5,10,True,0.9281005208502924,-0.42820796894538604,204,106.14102564102564,-2.127219896604912,779.6964918456238,1.238298766780667,0.8046768708886741,2.614612370185202,101
PF,30,30,44,3.1535475380196365,6.0,45,600,True,5,14,True,1.2749726248900686,2.7032292778377474,154,80.12606837606837,7.264640949743844,543.4616956825869,1.4903508757895298,1.4411745319015143,7.655748387382385,79
PF,15,50,43,3.202638961916059,0.0,120,450,True,7,17,True,1.9192664253187863,2.702861864390367,79,41.10363247863248,9.3886540105721,695.4759359733963,1.4841975494543855,2.1784946925150774,3.2788178227365954,44
PF,30,37,17,3.1388887606991043,8.0,45,1200,True,4,20,True,1.1938618580256208,1.1984552042701428,241,125.39209401709401,9.282968612772198,1387.1097661125455,1.3685396266434169,1.0567360067463356,10.413234205541226,128
PF,30,28,10,2.841910987670091,4.0,90,600,False,10,12,False,1.5496297142989621,6.279045724552257,166,86.36965811965811,14.099852414325435,426.2862316053206,1.467492580598065,1.7089278546220894,7.790079014966847,92
PF,15,29,36,2.4115601476456074,6.0,45,150,False,6,13,True,1.399965072825828,1.9749500429854876,178,92.61324786324786,13.532899097852063,1115.2044702467579,1.479064133067579,2.7820473875090896,6.998508081141748,91
PF,15,10,39,2.50650934910702,6.0,60,450,False,12,11,False,1.332504764658945,4.8693478873756595,375,195.11217948717947,18.32837672549814,683.3673863706099,1.4358494184494979,6.837955444690911,16.26219012054989,197
PF,30,21,20,2.3708112678021753,4.0,90,900,False,11,14,False,1.290677419342011,2.3076046647083626,235,122.27029914529913,12.562563165855352,971.9814358569715,1.4682554007252298,3.0856121164216566,11.08150060284682,117
PF,15,26,46,3.522756281364083,0.0,120,300,True,7,19,True,1.8236732238430309,3.1865373823667973,78,40.58333333333333,8.956278120612273,550.8482021278761,1.0488745712416556,0.13777950424714436,0.362882230960029,47
PF,15,10,40,2.8833485530632266,0.0,30,300,True,8,19,True,1.0664572276555804,0.699528824713911,311,161.81303418803418,3.544424308501283,1001.6712331373276,1.5757011236377962,4.062194390454395,15.183292106670198,147
PF,15,58,36,2.269241474110531,8.0,120,900,True,4,17,True,1.4054958093821808,2.8297173544641367,150,78.0448717948718,9.471336550765926,605.0529204315803,1.2316580152393553,0.8428199764285885,2.4333381350876584,70
PF,15,42,46,2.5148550335267745,0.0,120,300,True,6,19,True,1.874124435238316,2.7738260959652288,79,41.10363247863248,8.969507108022867,645.6655356414827,1.2632703258186695,0.7861770587834983,1.7174329345389585,41
PF,15,47,49,2.030072558136051,0.0,30,600,True,6,13,True,1.0510176288578845,0.41414929504868087,271,141.00106837606836,2.409283583542132,923.8556075937047,1.0812592280529791,0.4500395788003794,1.910077238048665,129
PF,15,46,45,1.9309096950557318,0.0,120,1200,True,4,19,False,1.7285528453663646,5.509960995111025,173,90.01175213675214,18.804583052570997,633.1536639181763,1.095276043616546,0.2439321519868654,1.3892261681842455,88
PF,15,34,40,3.592709290205315,0.0,60,300,False,6,18,True,1.7834123834525648,5.312253903904128,155,80.64636752136752,20.87184095077817,763.9733621091764,1.5402306840142252,2.861232161657372,9.024426211379458,81
PF,15,24,48,3.9107176772179777,6.0,120,300,True,6,18,True,1.576478784295183,2.218927241202649,84,43.705128205128204,6.6061599046723085,585.4074121028464,1.01347482798915,0.03991151742596044,0.1474051871828818,44
PF,15,41,32,1.8888550216971531,3.0,120,450,True,9,19,True,1.3041790187725464,1.531780414059761,108,56.19230769230769,3.663325948572037,510.07306885709863,1.3234671716323139,1.273112861537031,2.2663773846440227,51
PF,15,40,47,3.0191843837789802,3.0,120,450,True,4,16,True,1.6147403724038585,3.423152964371765,125,65.03739316239316,8.509482599009846,487.32563400872544,1.0273102011434994,0.10163534109114335,0.21156926890241587,59
PF,15,37,37,2.270625865676823,0.0,90,300,True,4,20,True,1.5758092087274629,2.5765435593338757,112,58.27350427350427,8.082819534919503,654.1504256817523,1.5261705389427718,2.1833744110766307,3.619466089690027,49
PF,15,48,49,2.956573274383765,0.0,120,450,False,8,17,True,2.320159852118704,5.120958051629784,92,47.86752136752136,19.24490863969377,738.4842824259985,0.6627883655440983,-0.6651772728617826,-4.9264718760951425,55
PF,15,48,46,3.40540303436185,0.0,60,450,True,8,16,True,1.6344494590015874,3.5025577871233944,131,68.15918803418803,14.917943652014241,781.9768110154091,1.8573166819371774,4.645738313159392,10.598726057590035,80
PF,15,51,47,2.9499727498218307,4.0,120,1200,False,9,15,True,1.2774903863412979,1.908609088056419,220,114.46581196581197,10.73896284943364,962.8469565365026,0.960335773060378,-0.12091721434811525,-1.4401865430044916,108
PF,15,43,44,3.219145611275772,0.0,120,450,False,8,16,True,2.17614006379214,4.637134442713547,100,52.02991452991453,17.760600847161253,778.3625517553952,0.7272693348395308,-0.5633159028275293,-4.09671044101575,56
PF,15,41,34,3.121635867320331,8.0,150,450,False,9,16,True,1.1854939275268914,0.49501497236325465,93,48.38782051282051,2.044958217484607,1201.3116296476737,1.0435029387097645,0.09579531101731499,0.11946545695288371,51
PF,15,47,44,2.5780188982641716,0.0,120,450,False,7,17,False,2.1527212512929434,4.670887153895797,98,50.98931623931624,16.80044922426474,727.6629407562974,0.7964698507953778,-0.4154099423508747,-2.7838194730264303,55
PF,15,41,44,2.611234949412603,0.0,120,450,False,5,17,False,2.0328584717522102,4.256907495600904,105,54.631410256410255,16.115594061624677,769.6753750931824,0.8334161254489579,-0.3911414833449315,-2.388749339405679,59
PF,15,36,48,2.2103607911940664,0.0,120,450,False,6,19,False,2.203705565751725,5.325724789039579,109,56.712606837606835,19.02490582394554,704.8002913166531,0.8695897586176069,-0.3948891525780321,-1.8835649671965111,67
PF,15,46,41,2.1445460903625353,0.0,120,450,False,9,16,True,2.1437581257637692,5.3354003581597595,102,53.07051282051282,16.306671555766552,623.9236381151637,0.9574284023086128,-0.09477236670501923,-0.7117270294950707,59
PF,15,21,49,1.9293315795918164,4.0,150,450,False,5,19,False,1.114132190349927,0.4635865090601806,142,73.88247863247862,2.0421104060449955,956.951083546992,1.2865139308813907,0.9201891766012875,3.2260999791132945,77
PF,15,44,47,2.8186592551368124,6.0,45,450,False,9,17,False,1.4276842602192696,5.091513735105614,279,145.16346153846155,21.839548845101874,780.4610737399121,1.5863678985661114,2.344634736746948,14.51164598892909,127
PF,15,41,50,3.0276321421304226,0.0,90,900,False,8,20,True,1.6793943347163796,5.7060908306672475,176,91.57264957264957,22.042410815191012,699.1182426901682,1.3830463241531061,1.376219779716789,10.315703072724023,94
PF,15,41,45,2.626426513627284,0.0,30,450,False,9,15,True,1.334660094826412,2.6398065736697265,297,154.52884615384616,17.716072461005872,1322.2611280868227,1.0441296211314672,0.19548077276687786,1.065149609747233,148
PF,15,34,47,2.7235506512723933,3.0,120,600,False,9,18,False,1.4216961648179587,1.9934212954403976,183,95.21474358974359,9.359673476121063,957.2893671397958,1.1883494272174715,0.837724934732608,3.052210883357456,97
PF,15,48,46,2.16953724593444,3.0,120,450,False,9,16,True,1.3706833181183442,1.6481346692970866,136,70.76068376068376,6.388930930274052,769.7009835712239,1.1223950449598326,0.5087716819549515,1.513348465335934,73
PF,15,53,47,1.119563071469845,0.0,120,600,False,11,16,True,1.7425384802085389,3.3472500213053378,125,65.03739316239316,10.229494972165886,602.7283757977366,0.9106767848782251,-0.15965667540332806,-1.1742399978637845,79
PF,15,42,46,2.233859157487452,8.0,150,900,False,5,17,False,1.2445248635227368,2.0064609754188347,153,79.60576923076923,6.1855075810658695,564.5603057858997,0.9780828129233322,-0.06343380273754147,-0.4024526310863349,75
PF,15,49,25,2.2590771646042964,0.0,120,450,False,12,14,True,1.5477870466417154,1.9580912139097981,98,50.98931623931624,7.587783505574845,781.247368392529,1.098825216716344,0.253293351456645,0.7926096307809718,59
PF,15,31,50,1.4519571266292646,0.0,120,900,False,7,13,True,1.6176421586946854,4.238717164779438,205,106.66132478632478,16.334006527229203,715.0133830182276,1.1083685798331302,0.329837689121171,1.7874196530921909,96
PF,15,40,42,2.132964880036037,0.0,120,450,False,6,19,False,2.0332257337205886,4.913332920024374,109,56.712606837606835,15.656147662105901,652.7125604902179,0.9877257113903588,-0.03168286427163702,-0.34230530822972854,61
PF,15,28,38,1.7967998633901767,0.0,120,300,False,6,20,False,2.0938028071894896,5.084475780109543,106,55.1517094017094,14.57075075881454,584.3655314806016,1.0919484144618317,0.2509213490166582,0.9085678871737123,62
PF,15,43,45,3.2928045650874016,6.0,120,450,False,7,15,True,1.8244110355448622,4.03505183297802,114,59.31410256410256,14.514678699408556,683.4558903650307,0.8371744956045696,-0.4036966878186604,-2.833325365256627,61
PF,15,27,40,1.221083993895505,3.0,120,300,False,7,20,False,1.255468373061173,1.2074006328384235,141,73.36217948717949,3.516912491176254,585.5445442259535,1.231861651958476,0.656566237819521,2.3948745208756863,80
PF,15,24,23,1.8067766430452208,0.0,120,300,False,7,18,False,1.9207360087041259,4.195411683729948,120,62.43589743589743,13.531602410305565,643.7582582785149,1.2742644142462611,0.8411894027471846,2.6379221064455067,69
PF,15,44,42,1.9916910974762567,6.0,90,300,False,7,20,False,1.6053611631974916,4.293560402085925,123,63.99679487179487,10.520992310724347,468.1024235467197,1.3268986035544124,1.13310587505239,2.7062918820388036,53
PF,30,36,43,1.6676684701403155,0.0,45,150,False,4,20,False,1.4342274418371441,2.7773127749241753,85,44.225427350427346,6.601663389363086,468.59804292631156,0.7379552481887515,-0.4548513075063306,-3.7464481917689096,49
PF,30,30,46,2.1009674823069533,6.0,120,300,False,6,17,False,1.4124446743502703,2.0044559276551497,96,49.94871794871795,8.938443384356441,850.5693461068374,0.8505853039529038,-0.254484118665687,-2.4364819116745475,39
PF,15,24,46,2.2175868338466707,0.0,45,300,False,7,20,False,1.37240318396115,2.247494658672824,254,132.1559829059829,16.549275134549735,1373.597883955294,1.301417061334702,1.0105741748111445,5.499480347262723,113
PF,15,22,39,2.344076731842688,0.0,120,1200,False,6,20,True,1.6326000645123178,5.45118650281682,223,116.0267094017094,21.23732444918324,732.0806394159904,1.4004265652457648,1.1777665055458544,8.07465272596002,109
PF,15,37,33,3.7721887545748283,0.0,90,450,False,7,13,True,1.8637609200746617,7.040726472611686,131,68.15918803418803,18.413350779829088,522.8643472313048,1.6943527830657295,2.990644481786674,11.843250704420402,77
PF,15,46,34,2.0928073400399594,4.0,120,450,False,8,19,False,1.253980819128665,1.0104932335535657,132,68.67948717948718,4.307388012871165,890.5382473611518,1.2986821607588277,1.0846568547955613,2.7493267057025377,70
PF,15,40,50,3.7997527121577765,0.0,120,450,False,9,15,True,2.27230650705866,5.384487808125619,100,52.02991452991453,20.20183442671411,746.734075404978,0.6191605369349771,-0.8184886494677116,-6.531779089259608,58
PF,15,38,39,3.900578047354707,0.0,120,300,False,12,16,True,2.2929396331845306,5.79716250350641,86,44.745726495726494,16.86835610776866,581.8194646990883,0.7726057911846008,-0.4944729479199323,-2.773376169955553,46
PF,15,40,48,3.8126580387746976,0.0,120,450,False,9,16,True,2.2981092060268886,5.467244231074357,101,52.550213675213676,20.34419352822626,739.134470208002,0.6477076956815787,-0.74985048996572,-5.894988929179652,58
PF,15,48,29,3.7765927245981747,3.0,120,300,False,11,16,True,1.447190509828875,2.3178717354443745,103,53.590811965811966,6.552283997060978,525.5684105931724,1.0456536804612953,0.15475551552545308,0.5182314852052043,51
PF,15,43,43,3.603551633049739,0.0,120,300,False,12,17,True,1.636815650630243,3.0401882239229967,84,43.705128205128204,8.47455686509847,566.5006923068863,0.705443942740019,-0.6498758865459903,-3.58789822547809,44
PF,15,51,49,3.660478627065928,0.0,45,600,False,10,15,True,1.4049252281743037,3.237450190428962,224,116.54700854700855,18.881822308775426,1112.800786684707,1.4205361088351003,1.722933713161465,12.755526420593494,111
PF,15,34,46,3.5065566017582257,4.0,120,450,False,12,15,True,1.97143589693321,8.310533546600185,136,70.76068376068376,16.382005944012693,375.1263556039387,0.9359938002968425,-0.1994536779113199,-1.4458136657971492,78
PF,15,38,39,1.3918285026061081,0.0,120,450,False,9,17,True,1.7774368880067342,3.3619573646364196,121,62.95619658119658,10.608545866972213,630.8596171926752,1.090656002003031,0.21316448370228916,0.7471364063170838,74
PF,30,40,36,3.947449817644234,0.0,120,450,False,11,16,False,1.5556314348601294,2.7813160403017925,84,43.705128205128204,9.764612974600098,689.1227889398125,0.7013485827549477,-0.5435128849676284,-6.1485096423556795,43
PF,15,46,50,3.167687097503544,0.0,120,450,False,9,17,True,2.204532290981994,4.813466689568727,93,48.38782051282051,18.60043996759409,764.0339086867288,0.6212516252657999,-0.7687238496434503,-5.962996584324225,56
PF,15,49,50,3.0482870618898033,0.0,120,450,False,10,17,True,2.264154763641404,4.68853392035956,87,45.26602564102564,17.982431348417354,753.8140267147472,0.6165155261551667,-0.7514840375250329,-5.841308882103182,55
PF,15,40,46,3.775167948101401,0.0,120,450,False,9,13,True,2.3618161572836627,5.84041660725372,102,53.07051282051282,21.145842300266438,717.5425628889749,0.6813982454551223,-0.6890935918780402,-5.292384324177496,58
PF,15,37,47,3.6657507314384628,0.0,120,450,False,11,12,True,2.300086436525922,5.588706742380419,102,53.07051282051282,20.32947196739087,716.6212846715767,0.7065461370547469,-0.6806538147202273,-4.999203204700855,62
PF,15,33,50,3.3187469158661487,0.0,90,450,False,11,11,True,1.744349050977776,6.110479009203394,137,71.28098290598291,18.33541851884301,578.1221941317872,1.1551031051588763,0.5732011436539315,4.585569575390818,83
PF,15,45,50,3.647662674770093,8.0,90,450,False,10,18,True,1.547742820237688,3.600177124256362,132,68.67948717948718,12.83322634767944,696.8582757562543,1.4284972257145572,1.8853178102672623,7.608135954744645,69
PF,15,38,44,3.683700172724912,4.0,150,900,False,8,13,True,1.2614409983582184,1.840382890102937,164,85.32905982905983,7.311285659832468,723.0419602746131,0.988046903163101,-0.0422876261778939,-0.58144505548487,82
PF,15,36,50,3.622868941897143,3.0,150,450,False,9,16,True,1.414820031058242,1.3816711552842589,116,60.35470085470085,6.8244928467611885,995.1278791905512,1.2423356568551336,0.8140798025460712,2.7130975924917022,63
PF,15,33,46,3.894300226037104,0.0,120,450,False,10,10,True,2.073966331602729,5.101599569948006,109,56.712606837606835,18.88526230857628,728.4465776028206,0.6966291905306192,-0.6820580075510663,-5.728027044237634,67
PF,15,51,50,3.668327590468531,8.0,120,450,False,10,13,False,1.7464419440119188,3.288421874195735,95,49.4284188034188,11.121412912643583,662.2365067660795,0.6254260204144986,-0.6959915868155182,-6.361031920922775,53
PF,15,54,50,3.674897620209152,0.0,120,450,False,11,17,True,2.08647764740464,4.679655037695471,81,42.14423076923077,14.679967798417435,596.0719033425152,0.5639893551429853,-0.7629212423787578,-7.16770828797279,51
PF,30,39,46,3.765871375006502,0.0,45,900,False,8,16,True,1.6739170287110547,5.342352754013355,113,58.793803418803414,23.039430641626506,835.0608303060646,0.7733706169427429,-0.4165442913956591,-8.906485547958908,71
PF,15,18,29,3.658657424039076,4.0,30,300,False,11,18,True,1.0388072097928385,0.6539293713810072,441,229.45192307692307,3.052088794125112,862.840091482996,1.3195193808290577,4.126698882079637,12.828379617469711,216
PF,15,38,40,3.989641348499774,3.0,30,600,False,11,18,True,1.2334226788894422,4.050985917070973,492,255.98717948717947,19.09199004261965,854.9864838985791,1.0143641025179642,0.14322119449130002,2.0927244769882085,245
PF,15,25,39,3.6395452046223555,0.0,120,900,False,8,17,True,1.7975472272969435,7.634989397066593,169,87.93055555555556,22.518071468327275,549.4704639729462,1.1105048751446789,0.29576420222794925,2.0185973982232572,86
PF,15,45,47,3.8572559693296133,0.0,120,450,False,7,19,True,2.391524007090109,5.906412905154858,94,48.90811965811966,20.448009507687672,680.4990265437799,0.6301234580068956,-0.7357665561720885,-6.02463831373974,55
PF,15,47,40,3.6403727304978215,0.0,120,450,False,7,20,True,2.2292119552284735,5.595627591095541,94,48.90811965811966,17.40041816585573,627.7831765316868,0.7642435806086214,-0.4616116145865126,-3.5910019518874843,55
PF,15,56,50,3.3115557522986037,0.0,45,450,False,6,17,True,1.51119325781539,3.9558355686009676,188,97.81623931623932,19.5774949723932,906.8706205165604,1.2534395503201365,0.9476546049658815,7.055905366960534,97
PF,15,46,40,3.9822323933170733,0.0,120,450,False,8,20,True,2.179460237712494,5.349450647168916,95,49.4284188034188,17.33383888931967,655.7862929656484,0.7651184149773876,-0.46633186847456387,-3.6619906255916037,55
PF,15,52,46,3.9563176094435577,3.0,120,1200,True,7,18,True,1.4763054379980762,4.1357601666883275,213,110.82371794871794,13.4882813193704,592.1377697537589,1.059842482492089,0.2231374207411378,0.888285252715687,97
PF,15,39,45,3.76365736391552,8.0,120,450,False,5,17,True,1.8888163345849913,4.652922067047636,111,57.753205128205124,14.477790124014081,604.8264969380454,0.8663383794622944,-0.3758958006793522,-2.3967269894632395,61
PF,15,51,41,3.6490582772230398,0.0,120,900,False,6,19,True,1.8268405567136285,6.324621946647523,127,66.07799145299145,18.174541079952682,543.5965066143303,0.7916351532317661,-0.44804082021223274,-4.319090511207256,70
PF,15,39,29,3.952033126209293,8.0,120,1200,False,12,17,True,1.4061364092955846,4.148617208312409,197,102.49893162393163,12.535897397256544,565.8299999999983,1.2391881214817733,0.6946372221544136,4.874727273225018,103
PF,15,56,47,2.687554439769137,4.0,120,450,False,9,19,True,1.440151021094184,2.3709875273423773,110,57.23290598290598,7.494797920806126,596.0482579284758,0.9689757634262064,-0.07938109717436521,-0.8180157595708671,61
PF,15,29,48,3.184216436227593,0.0,120,450,False,10,18,True,1.9681969547543192,4.138676600602327,112,58.27350427350427,17.45527868457887,833.7335709205621,0.7542256781430686,-0.6534608620174337,-4.326889288404117,70
PF,15,45,30,3.574680087573065,0.0,60,150,False,12,14,True,1.7150837426223908,2.825827503683079,108,56.19230769230769,14.213433188306286,908.3918165450423,1.5085441590265745,1.8075088658282095,6.4321182387995925,62
PF,15,41,50,3.805674889135369,0.0,120,1200,False,8,13,True,1.5742034776893996,4.732194024833376,157,81.6869658119658,16.64442396198763,677.3816767994517,0.9112026647872853,-0.22133767619793346,-2.2221651472912654,80
PF,15,30,41,3.483687341763775,4.0,120,450,False,6,11,False,1.6436754597926444,4.945640860226729,142,73.88247863247862,11.987873331537791,465.4908354935068,0.9955410245623902,-0.01501263384035219,-0.36548535968730983,81
PF,15,45,44,3.650297636504025,0.0,60,450,False,9,14,True,1.7512905772728882,4.27926010029696,160,83.24786324786325,21.274660346137175,969.7308538567895,1.7858533497344902,3.0196155833742457,17.64347730858025,92
PF,15,54,34,3.8133181112193144,0.0,120,450,False,9,20,True,1.9232810023961064,4.388287948595012,85,44.225427350427346,12.21573811113922,544.5818295843322,0.8106250095484946,-0.3684202725267679,-2.9000637981225403,52
PF,15,45,27,3.920648379882998,0.0,120,450,True,4,19,True,2.039101970677408,3.730261500869131,92,47.86752136752136,12.73916243966743,668.5326355380321,0.9804879554846798,-0.049242929742154794,-0.5905288291429944,49
PF,15,40,45,3.595224418896658,8.0,120,450,False,8,20,False,1.915206515107647,4.840821146053177,111,57.753205128205124,14.701397955469822,589.4238863252923,0.8809538714570156,-0.3085158094228422,-2.1506208517127603,60
PF,15,39,46,3.7694104370349377,0.0,120,450,False,5,18,True,2.3793410142567626,5.8751970869319505,102,53.07051282051282,21.275438557700028,717.0293321118057,0.68430534498406,-0.6873329539738854,-5.225821332265596,59
PF,15,20,47,3.501210589491611,0.0,60,450,False,6,20,True,1.467285902828983,3.6812822906757066,224,116.54700854700855,20.341493720739855,1036.0142563673912,1.7816028967834838,3.425147452428121,21.11997595553663,120
PF,15,41,46,3.3841911617700964,0.0,90,450,False,5,19,True,1.9185290607340335,7.179741558626224,128,66.59829059829059,19.911655047705086,538.0325008715115,1.45917673424549,1.6903920428143018,8.745917270757626,72
PF,15,44,48,3.1361889576737587,4.0,120,600,False,5,16,True,1.6369449028835483,4.4186155251389865,144,74.92307692307692,12.881522516677837,551.9763766111427,0.8131230905751545,-0.5249540372262113,-3.7674660409407528,78
PF,15,31,50,1.5529718600717168,0.0,60,600,False,7,19,False,1.3252622738233961,2.341911836171179,266,138.39957264957263,11.36103410207407,941.5442345944425,1.40568372076468,1.476881652881208,9.095751724771853,138
PF,30,37,40,3.320138735365665,3.0,120,450,False,4,17,True,1.4555190813120962,2.3576534331182044,113,58.793803418803414,10.144878370160713,843.2446957794359,0.7429394096993772,-0.6420523877442349,-4.3355851617489565,51
PF,15,37,37,3.9165581426783858,0.0,120,450,False,7,18,True,2.196383403717638,5.579233079894636,103,53.590811965811966,18.211782920332578,657.2587015473415,0.9228854621173185,-0.2430602309938619,-1.4028161999215971,62
PF,15,38,43,3.862283373884477,0.0,120,450,False,4,19,True,2.1409563324363132,5.079485777807499,102,53.07051282051282,17.692675868896153,712.5344900697326,0.7153246508940009,-0.6548461145273473,-4.681207956694359,60
PF,15,16,24,3.781981733056917,0.0,120,300,False,12,18,True,2.084919808438222,5.146385269468998,129,67.11858974358974,18.91984792820186,710.3899771933601,1.1391926012681926,0.6133212237497733,1.7583717964194623,75
PF,15,52,45,2.903664438426214,0.0,120,900,False,12,11,True,1.7263286439994363,4.002384641376091,132,68.67948717948718,17.828469260004226,813.1860675973671,0.6992339465141638,-0.5977238992666738,-6.198019805091467,73
PF,15,33,42,3.7333683358210252,8.0,120,600,False,10,12,True,1.4048162842599012,2.825656221039686,138,71.80128205128204,8.607384687642936,601.3663444397683,1.100976065265127,0.30813466655007754,1.4933735025594057,76
PF,15,38,31,3.8472812588872682,0.0,120,600,False,12,16,True,2.06993966480929,5.870337733752639,121,62.95619658119658,18.884987148020965,643.380821577777,1.0906219344460797,0.23797210687320186,0.9776704622173282,66
PF,15,30,34,3.91226077696225,0.0,45,300,False,11,14,True,1.4316737738556164,4.6761124334885835,208,108.22222222222221,16.68400379966522,692.2514814295932,1.5792386311076174,2.538744170466474,14.714645749536059,103
PF,15,30,40,3.855187780498724,6.0,30,450,False,7,20,True,1.2664766252392008,4.238891382057565,372,193.55128205128204,18.87582678220234,847.659824201658,1.3249951965946478,2.7590729187329774,13.803262103751585,182
PF,15,26,43,3.735009242300869,0.0,30,450,True,9,16,True,1.1211861037349429,1.4393395063296024,207,107.70192307692308,5.703492875029847,672.8277336343608,1.5207217849034191,3.6995405155335934,10.201676105013219,105
PF,15,29,36,3.780880592003786,0.0,120,450,False,6,13,True,2.0287521126643813,4.964330544282447,113,58.793803418803414,17.29816368205379,701.3155648228317,0.9555724092962832,-0.15089687460417342,-0.9626423210606234,70
PF,15,40,41,3.968269915198527,0.0,45,450,False,11,20,True,1.4479012356771244,4.588523121252138,226,117.58760683760683,19.150040681092253,811.362718972332,1.4198181335253806,1.6367709663750227,13.05400363573855,112
PF,15,36,31,3.9571483389178748,0.0,120,1200,False,8,19,True,1.6957866138211786,6.470725916891375,179,93.13354700854701,19.739563950899147,580.4199999999978,1.2823950951788796,0.7323132485796138,5.336213646071693,92
PF,15,42,47,3.6427753762770747,4.0,120,450,True,9,18,True,1.4764412288307713,2.2951973324771204,92,47.86752136752136,5.72857174457214,489.73944857252957,1.0260333286369658,0.06577245164761668,-0.019270810629775037,42
PF,15,44,42,3.723320891471376,0.0,150,450,False,8,17,True,1.654284657871005,2.4498576483988233,82,42.664529914529915,9.362209754662496,858.4499427718174,0.7752142698180747,-0.40479453440377317,-2.998146401253645,42
PF,15,52,50,3.348510767736923,6.0,120,1200,False,7,19,True,1.4451939862521221,2.4345862992744465,183,95.21474358974359,15.727593927469432,1108.3388806468975,0.8632044330253255,-0.3755130927843022,-3.9592541317367167,96
PF,15,42,50,3.88058356480905,4.0,120,450,False,8,19,True,1.70390982903064,5.297115385659724,128,66.59829059829059,12.76057656441087,462.22479501523344,0.8363966553588916,-0.49698917466238884,-3.0107385731747276,68
PF,15,16,20,3.749042255637251,3.0,120,450,False,7,18,True,1.3134539686473443,1.4092727914660383,204,106.14102564102564,6.772890613095892,982.8438145063648,1.5775186122742926,4.180537993013082,9.072995234559272,108
PF,15,45,41,2.8475261122557374,0.0,30,1200,False,5,20,False,1.166355695910587,1.593302885662427,393,204.4775641025641,12.377005330264108,1522.7861866071285,1.134859814910337,0.4685131124988786,6.405465618864266,200
PF,15,54,50,3.2062092033424068,0.0,120,450,False,6,13,True,1.8973230461121038,3.620638349061953,81,42.14423076923077,13.097091093217426,685.4798651909163,0.5859388670534302,-0.744909256677244,-6.467039039994357,52
PF,15,41,39,3.6847545534006327,0.0,120,450,False,10,15,True,2.336310880550945,5.982407019618068,101,52.550213675213676,19.360946482267696,655.2365636875708,0.8231307357614949,-0.40794803574686206,-2.779048551005491,59
PF,15,36,39,3.827818267246833,0.0,120,450,False,8,20,True,2.193993949926972,5.5018032653479665,103,53.590811965811966,18.21216073637294,665.8217986763135,0.8097339766134795,-0.5018293920565399,-3.322518666211388,65
PF,15,40,50,3.9512642946946657,0.0,120,450,False,9,14,True,2.2381167680251717,5.239070694838979,100,52.02991452991453,19.92571611758952,758.246016030014,0.6247757478437367,-0.7869758477069662,-6.438394642995465,57
PF,15,35,45,3.903906306052771,0.0,30,600,False,5,16,True,1.4088074514955373,2.925601161548203,307,159.73183760683762,24.569769781866448,1637.200156729646,1.1539310578777053,0.9718109330393334,8.979286921395182,167
PF,15,33,48,2.0407746237379834,0.0,150,450,False,8,20,False,1.7689577370590313,3.3549004911539324,98,50.98931623931624,10.89847834531059,680.9436079106265,1.0440705240684327,0.13465717532958366,0.20125846884412774,55
PF,15,47,46,1.7397669466255938,0.0,90,450,True,7,19,False,1.9188327249417894,7.174363675038733,115,59.83440170940171,14.352842068977992,386.68534335468865,1.568415401370143,1.4319130236595699,4.154762541239272,53
PF,15,37,46,3.7251096300298654,0.0,120,450,False,10,14,True,2.3076945625364695,5.670564877976685,102,53.07051282051282,20.563014857003807,713.1639337584071,0.7221753775195552,-0.6519455621911004,-4.768236951630543,62
PF,15,50,35,3.640443042627936,0.0,120,450,False,10,13,True,2.3115992236273746,5.8035192775240825,89,46.30662393162393,17.126272107181933,592.4942455141828,0.8105997823580111,-0.3791673634277972,-2.8098790420073083,53
PF,15,49,46,3.7824329712239657,0.0,120,450,False,9,13,True,2.35472550734036,5.3990773989408405,89,46.30662393162393,18.995390520124822,691.614782924601,0.6306543305566252,-0.6861075412341887,-5.949435382423179,54
PF,15,47,43,3.8379810299858166,0.0,90,450,False,10,13,False,1.637997731631463,4.996884801193236,119,61.91559829059829,13.702469058432083,559.5399904016865,1.5028660288420745,1.6288362187311523,8.560425762014066,63
PF,15,54,45,3.264210891491735,0.0,120,450,False,10,12,True,2.0321896879202623,4.0833479528331385,83,43.184829059829056,14.342615360097989,662.7460920194038,0.6571652509656499,-0.6079077037494367,-5.200627383923868,52
PF,15,40,43,3.811713440610611,0.0,120,450,False,9,14,True,2.1022959492305917,4.999090570040939,102,53.07051282051282,17.26502059183779,708.0502677037819,0.7302033020418349,-0.6100339458505313,-4.355310253503991,58
PF,15,50,46,3.6049574771613586,3.0,120,450,False,11,15,True,1.7607152003817674,3.820392376257393,125,65.03739316239316,12.058651266067248,604.5368185768119,0.8368427335023625,-0.5486217264751972,-2.5456350198086586,67
PF,15,25,43,3.890376307247704,0.0,120,450,False,12,15,True,1.831402376973405,7.15531025554151,121,62.95619658119658,17.1511992535936,465.16714847925857,0.8261617398794091,-0.4821173418558225,-3.217892169436024,69
PF,15,23,42,3.241663060655123,8.0,30,450,False,11,13,True,1.1376149296006852,1.779519932160745,398,207.07905982905982,11.106716139722028,1157.3805684955464,1.4279058693768378,3.001398401739884,18.58502920984908,191
PF,15,39,49,3.6660892115151174,0.0,45,450,False,8,15,True,1.4858539625068805,4.02314558052829,221,114.98611111111111,21.468415972426996,1001.0109857944085,1.4106512582261812,1.4562430339854862,12.266693809940966,111
PF,15,41,31,3.318710268213853,0.0,120,450,False,12,14,True,2.204884531460399,5.095054584525123,103,53.590811965811966,17.942434515546957,712.2199494619051,1.055396866372802,0.13853561566729206,0.37777029911833143,60
PF,15,37,42,3.6530927071834354,0.0,30,1200,False,10,16,False,1.1678999224842228,1.4038636583347543,396,206.03846153846152,12.218299198688527,1856.9998528256842,1.423681464034814,2.9639080100995607,22.610377066711845,198
PF,15,54,41,3.629806697852764,8.0,150,450,False,7,11,True,1.1188601454604323,0.3619874719398576,79,41.10363247863248,0.8827748934040025,992.1160159393992,0.857823233521864,-0.2533083122527945,-2.10079623887027,40
PF,15,43,33,2.822568787809074,0.0,120,450,False,12,17,True,2.2789201883576786,5.732365897580398,103,53.590811965811966,18.455764963579345,650.151483376803,1.0215004580602858,0.047954278226387405,-0.1116382001796089,57
PF,15,50,28,2.1333270976822867,0.0,30,450,False,11,18,True,1.2256810743421591,1.7860036229511231,308,160.25213675213675,10.848095412911965,1177.458313678855,1.23518059988021,1.5684863886478573,7.070532241274842,156
PF,15,39,47,3.814635540950227,0.0,120,900,False,10,14,True,1.880843161060777,7.485175814985099,140,72.84188034188034,21.17499733567817,535.4755234226875,0.9449331441588689,-0.1433607062917676,-1.2429409463236158,72
PF,15,48,29,2.9545251949573803,0.0,150,450,False,11,11,True,1.89472238186949,3.5772876417348662,80,41.623931623931625,11.778818412592159,693.9636848502332,1.05213247842793,0.09845725971121334,0.1211045518697435,42
PF,15,50,31,3.3680563925517784,0.0,120,300,False,12,10,False,1.7227991969776746,2.693115702476139,79,41.10363247863248,8.922244815403603,664.8970934876465,0.8113173117745427,-0.3833388237806993,-1.8980914063301806,40
PF,15,43,25,2.954288399994638,0.0,90,450,False,12,18,True,1.9394943220754732,6.991375564611639,134,69.72008547008546,18.26305089707597,518.6741192038611,2.129795422131013,6.550867177698671,15.080192270772699,72
PF,15,36,50,3.1756738383940406,8.0,120,450,False,9,12,True,1.6298586494364768,3.111279630502983,114,59.31410256410256,11.166459159369872,700.7622417355017,0.8803502360838484,-0.38737235750666205,-2.1963662770376953,67
PF,15,38,25,3.1502296883659104,0.0,120,450,False,12,18,True,2.2622983872102047,5.3908127152844365,106,55.1517094017094,18.40843941754941,675.5045180640801,1.085214390069347,0.3072232745627379,0.848349379788949,62
PF,15,52,23,3.676207798835226,0.0,120,450,False,12,15,True,2.3692136698691595,5.1471566256062316,87,45.26602564102564,17.09917570649555,655.2809561266022,0.9222052406097562,-0.19087759511837077,-1.1321713278537429,55
PF,15,57,8,3.5880277215538947,0.0,45,450,True,11,16,True,1.5605881475141326,2.823972492132135,97,50.46901709401709,7.856216371952065,479.47782149909995,1.2388442411114933,0.7716590364072379,1.2989966526051764,57
PF,15,46,24,2.7588340576437713,6.0,120,450,False,12,20,True,1.643940836756888,2.9005255681408144,113,58.793803418803414,9.952710439188555,665.7857497962624,1.0043110603238268,0.012418753599585908,-0.2195914966635556,63
PF,15,47,34,2.4391323886770193,0.0,120,1200,False,11,17,True,1.6943580650143741,4.725193547162478,176,91.57264957264957,18.741927024251073,750.2463904165156,1.1694329982294631,0.3968004533699998,2.8694289317732813,88
PF,15,34,25,3.5766458713736933,0.0,120,450,False,12,18,True,2.1663863849496434,5.067839460778023,110,57.23290598290598,18.28190713450955,712.8504504853599,0.9887793783082951,-0.034739552088296106,-0.3753565685476904,68
PF,15,28,50,3.2930160260670513,0.0,120,300,False,11,16,False,2.0853542235978115,4.239655655563633,94,48.90811965811966,15.969648789950455,761.8964393956002,0.6725432573641946,-0.7356307802574831,-4.873135998270622,57
PF,15,49,26,3.7606161824314914,4.0,120,450,False,9,13,True,1.5114256141017572,2.6068922103586174,119,61.91559829059829,8.408138022516653,630.7830615228324,1.020755200483721,0.0614226316182908,-0.08231021947544997,66
PF,15,28,38,3.5897186278539985,4.0,120,300,False,8,16,True,1.6975391671465498,4.862651151493009,113,58.793803418803414,10.501014427056901,406.0624378665564,0.9935337542019491,-0.02014388105805424,-0.20576593048637953,63
PF,15,44,23,3.746289517649674,0.0,120,450,False,11,15,False,2.339323779089737,5.203705232918833,102,53.07051282051282,18.985005567215136,721.5094910978365,1.0662885886892322,0.1964139480966241,0.5046274333515379,58
PF,15,42,25,3.584096384098007,8.0,120,450,False,11,13,False,1.6964001471653405,3.0650199886942953,113,58.793803418803414,10.814016516848808,699.9635635817165,1.0757864181878714,0.25886396559960445,0.7565113137441357,59
PF,15,48,15,3.9962169357096147,0.0,120,900,False,12,15,False,1.5175305999115725,3.801936460311886,161,83.76816239316238,12.123952388763273,609.4002723179942,1.2775141536835046,0.8066276598391819,4.419643057900553,86
PF,15,48,27,3.564517875356235,0.0,150,450,False,12,15,False,1.822934597502722,2.9633138402702768,80,41.623931623931625,11.151878842749028,806.739641780182,1.0394292256232005,0.07092509059235418,-0.06726958505447406,41
PF,15,49,19,3.9506723893545606,0.0,120,450,False,9,15,False,1.8556812399251792,3.323754527652996,93,48.38782051282051,11.89355231969866,682.0348770602592,1.2346934957925755,0.6976092921849003,2.1147236294126524,57
PF,15,58,24,3.9487712668966584,0.0,60,450,False,11,14,True,1.4147625535574582,2.033552119839626,161,83.76816239316238,12.169185986193266,1138.2583987799153,1.6404541562282664,2.7809892495491764,10.59030028937752,90
PF,15,31,40,3.849954823497925,0.0,120,300,False,9,16,True,2.160568160209134,5.236664653480573,90,46.82692307692307,16.198223812492273,618.9322974832281,0.7836712264236262,-0.4701513807042304,-2.9570637017276646,53
PF,15,60,16,3.404554353200876,0.0,120,450,False,12,13,True,1.560563030431404,1.4990643388781075,85,44.225427350427346,6.437510115102531,903.7168316823748,1.1235286733350085,0.3053741525054363,0.8121059202771856,54
PF,15,34,18,3.6016469922193455,0.0,120,450,False,11,13,True,1.7556741561545923,2.9120512373035874,112,58.27350427350427,11.316417175618145,764.6750747826032,1.3178217505311658,1.0514360202275412,3.198938971546187,71
PF,15,53,34,3.7476841944281185,0.0,120,450,False,11,15,True,1.9382256102953894,4.4707120700015555,85,44.225427350427346,12.332390894548563,539.0057041509275,0.817421065937298,-0.3558990757573337,-2.7920742921584365,52
PF,15,48,48,3.974239283590132,0.0,120,450,True,7,18,True,1.8830759935659402,2.851222523407331,79,41.10363247863248,9.388934598436645,658.4662616751449,1.2245100522650094,0.6735899414980603,1.523777694037133,42
PF,15,39,23,2.91587234840108,0.0,120,300,False,12,19,True,2.36631791289346,5.393936977250736,88,45.78632478632478,16.060451589316266,590.9924015516191,1.1430283450402785,0.43286687328765366,1.207474466344593,49
PF,15,39,26,2.5868934965773844,0.0,120,300,False,11,20,True,2.189309253362069,4.940183001890697,92,47.86752136752136,15.374220789422234,634.3275413985147,1.147221924303055,0.3662902631140067,1.2070298419024637,47
PF,15,53,43,2.8477432822175337,0.0,120,450,False,6,20,True,1.7656056784969645,3.4621632943403595,84,43.705128205128204,10.595223484126377,605.1874427941507,0.7424167615601068,-0.4781912830578254,-3.6522425882686673,52
PF,15,40,48,3.975607660623382,0.0,120,450,False,10,14,False,2.2606863582544516,5.3113478969149615,101,52.550213675213676,20.049854679837086,751.1269679984085,0.6528712619854674,-0.7184773268558164,-5.820783531082952,57
PF,15,49,49,3.9652159741714246,0.0,120,450,False,12,15,False,2.2245409112723533,4.770363052147131,88,45.78632478632478,17.73101749734907,735.1306555304262,0.5978937791109312,-0.7228783077630607,-6.540598214957294,53
PF,15,14,44,2.972400357759149,0.0,120,450,False,9,12,False,1.8425936399970226,4.360631306514648,151,78.56517094017094,18.80706225962929,857.9271482011418,1.1078350160867065,0.5235964807990855,1.8991340284084512,89
PF,15,32,24,3.048527585713236,0.0,120,450,False,11,15,False,2.1354202773082975,4.9227900336851445,113,58.793803418803414,18.04202226858405,721.271264989539,1.0291862018281401,0.10275017797264138,0.21942039393881657,73
PF,30,41,35,3.693616765204891,4.0,120,900,False,11,17,True,1.169617119767767,1.2413889799485944,137,71.28098290598291,5.986409004328918,916.6579568971811,0.8759820088314743,-0.4570787928266214,-2.822176217025503,67
PF,15,42,47,3.213588370498858,0.0,120,450,False,9,12,False,2.2827119084365277,4.9723266141972875,100,52.02991452991453,19.861372518956838,792.5678581599892,0.6968339107898629,-0.6628602260178053,-4.7146229928868735,58
PF,15,37,48,3.8445038831280605,6.0,120,450,False,12,13,True,1.9242934928682955,4.793393043543126,115,59.83440170940171,15.816409254926885,630.1195471310951,0.8635632997084314,-0.4460988538883559,-2.822970471043004,69
PF,15,51,43,3.1774607035668696,0.0,120,450,False,6,10,False,2.1421556328287865,4.456243827886364,87,45.26602564102564,15.51094218762054,708.6808850184718,0.6919600500482251,-0.5832502564413105,-4.525557015145023,53
PF,15,48,44,3.918322035866353,0.0,120,450,False,8,14,False,2.1026406083314795,4.7724695082784345,93,48.38782051282051,16.582586955729294,699.5778754485681,0.6771145364361139,-0.601003891484122,-5.071529127184346,53
PF,15,42,22,3.672658348075742,6.0,120,450,False,12,18,False,1.748379364361709,3.2114587646364208,118,61.39529914529914,11.837234922398885,717.2127360937386,1.177631943891007,0.7023720935662935,1.8743997932132674,65
PF,15,43,45,3.5734834429221003,3.0,120,450,False,11,10,False,1.895856050442414,6.254477180250408,137,71.28098290598291,14.540087056516104,439.2114561883361,0.8912901460249444,-0.4169648211949729,-1.680714836978242,70
PF,15,31,38,3.2827355284586353,0.0,150,450,False,9,13,False,1.6644200040378616,2.61911211461969,91,47.34722222222222,9.973326726265864,833.2382467970751,1.0041473731952257,0.011390202468987516,-0.30196629520129514,56
PF,15,40,50,3.9281625400683726,0.0,120,450,False,6,15,True,2.243117810725016,5.2592402128160485,100,52.02991452991453,19.96641550822859,756.6982492876756,0.6263100638412777,-0.7845451243001688,-6.397554848689548,57
PF,15,46,15,3.002387284961326,0.0,120,450,False,12,17,True,1.5834991422954368,2.6082729413075425,103,53.590811965811966,7.964419045507502,610.7756475656471,1.3538985572131512,1.0849515905427554,2.9246091736044684,61
PF,15,27,44,3.9370571808362294,0.0,45,450,False,10,12,False,1.3683617486901285,3.676695736822163,249,129.55448717948718,18.07026571529935,939.0407900486977,1.407870459144075,1.9806961653559854,13.892404635541261,131
PF,15,33,44,3.8330454940068606,0.0,30,600,False,10,13,True,1.3270925820262824,2.348051557180016,317,164.93482905982904,20.72360607205045,1702.2874489977203,1.1906186820363025,1.307765014587478,10.457380099251935,169
PF,15,55,37,2.5017868096788822,0.0,150,1200,False,7,16,True,1.5844409463009508,3.6387374767584997,144,74.92307692307692,14.580291655541846,753.5547211026021,1.0380605038779869,0.092476789674392,0.29395927402137484,66
PF,15,39,47,2.640722696571049,0.0,120,450,False,10,11,False,2.2316900576054017,5.3125227421364185,103,53.590811965811966,19.067410066908565,705.8349585577668,0.7751938363204178,-0.5411438405587892,-3.212290080258106,60
PF,15,31,49,3.57082806797823,0.0,30,450,False,9,17,True,1.397134772539655,3.078172596029548,286,148.80555555555554,23.04302868968152,1436.8603602074354,1.3426028648368054,1.8272170933540122,14.89720540140402,153
PF,15,38,50,2.9257853692267757,0.0,120,600,False,7,13,True,2.0592323500948213,4.7208011982672975,118,61.39529914529914,19.024187081856148,802.125619816581,0.7640413260184022,-0.5362267813793855,-4.080538338338567,65
PF,15,31,46,3.951714057614649,0.0,120,450,False,6,16,True,2.074214480495813,5.086552834662477,109,56.712606837606835,18.925453249177465,732.3118578833233,0.7398909608985356,-0.6445167516123014,-4.862492614231279,67
PF,15,21,40,2.589128271251415,0.0,120,150,False,12,13,True,1.3630453036391132,1.0058306198374503,86,44.745726495726494,4.511542823355764,975.3074660268236,0.6941775433469229,-0.616211044712959,-3.745311205411315,50
PF,15,42,42,2.426004555787074,0.0,120,450,False,9,13,False,2.1075040488818653,4.693993916741453,105,54.631410256410255,16.513745519188085,718.7203469660948,0.9404821389329456,-0.14317161197609793,-0.9398050120044215,58
PF,15,38,46,2.753715312193397,0.0,60,450,False,10,13,False,1.6637789248903763,3.5230625545767267,185,96.25534188034187,20.062041426427292,1105.1761254916764,1.7553036553232124,3.091028420645379,17.603809276655596,100
PF,15,50,26,2.816782373861067,0.0,120,450,False,12,18,False,1.9743470020896963,4.06691221088477,92,47.86752136752136,13.097256259599506,619.8825585786552,0.9309525171932362,-0.1459668541634824,-1.1214314976044677,54
PF,15,37,49,2.6982257840992205,0.0,120,450,False,10,10,False,2.104632583447176,4.853237166329497,105,54.631410256410255,17.922921049816594,733.217281849165,0.7969573119865736,-0.5696241161098994,-3.0415902165480486,63
PF,15,40,48,2.6587955178853417,0.0,60,450,False,9,20,True,1.6188616405158476,3.2966284420493492,184,95.73504273504273,18.693813210587194,1108.2243576573983,1.320717468321977,1.0355334107320582,6.391577557028865,97
PF,15,43,40,2.906375449889519,4.0,120,450,False,11,14,False,1.597199889280797,4.682501436616977,128,66.59829059829059,10.49077701855446,422.28490640340925,1.002639313014913,0.008112279611167233,-0.3188800570882192,68
PF,15,35,42,3.8694844472317156,0.0,60,1200,False,11,17,True,1.320603270003584,3.2491238862545866,286,148.80555555555554,16.09771261865004,1024.5121826147165,1.6130859808184659,2.4377078948322812,22.202822850075624,150
PF,15,45,25,2.987559497491104,0.0,120,900,False,11,18,True,1.7535433190774992,5.340160013522148,148,77.0042735042735,17.602321915991638,625.7437184506816,1.048512442152824,0.1673647528019998,0.8596873527412701,81
PF,15,53,35,2.1124051401041823,0.0,120,450,False,12,17,True,1.6053159302157964,2.532481338159434,92,47.86752136752136,8.136868596805355,664.0718361031802,1.0430625678515668,0.08969249725676187,0.09377583068363293,56
PF,15,45,47,2.8614089676715992,0.0,120,1200,False,9,12,False,1.5779904545348529,3.3324279167705435,163,84.80876068376068,16.75664661614546,936.85301269041,0.900978937252534,-0.2529220214438523,-2.3603739197542306,85
PF,15,50,28,3.8875957332623856,0.0,120,300,False,12,16,True,1.7519681604580668,3.2203333807217165,80,41.623931623931625,9.602538161160169,583.2165952513479,0.852543116732113,-0.3057085519817234,-1.5527485106609573,39
PF,15,21,33,2.0882192132653685,0.0,120,450,False,12,16,True,1.9158729957791771,4.755632451877492,143,74.40277777777777,16.81244147055857,722.3938834051023,1.3007842207259703,1.2530302806437423,3.6899243323662736,81
PF,15,34,46,3.990810023617968,0.0,120,450,False,10,15,False,2.1484321726191458,5.228288318626097,107,55.672008547008545,19.42859082656955,733.7350810890854,0.7239895351743807,-0.6326672157306448,-5.100560460101258,65
PF,15,46,28,3.469302567715188,0.0,120,600,False,6,20,True,2.160610053397173,6.6091697678916566,115,59.83440170940171,19.151068607564273,575.1481111709113,1.0578107453368997,0.14754326939663356,0.47648127237062404,62
PF,15,37,47,2.8871923819699132,0.0,120,450,False,11,12,True,2.225069655692991,5.078366344194849,103,53.590811965811966,19.233897870999485,746.9262066819298,0.7818598853824392,-0.5854931469708006,-3.380415875267783,63
PF,15,49,35,3.646685976864067,8.0,120,450,False,10,15,True,1.5978517339010716,2.6726855961989995,99,51.50961538461538,8.402958986063505,641.653355755171,0.9326994738258892,-0.1645212183190388,-1.2449042592711195,56
PF,15,37,22,3.4773839106854414,0.0,120,1200,False,8,16,False,1.5497389199029488,3.3851355967769026,195,101.45833333333333,16.0696750255659,880.256890646699,1.2385611097926639,0.8041031481638926,4.486101724122336,104
PF,15,37,16,3.028744424920017,0.0,120,600,False,11,20,True,1.539931511728871,2.7857903158077195,129,67.11858974358974,9.145292689148897,649.5261138198407,1.3885431549434848,1.2055564619459886,4.07268331838411,77
PF,30,34,36,2.979923319629683,0.0,120,450,False,11,11,True,1.7737768071585978,2.852326957825604,89,46.30662393162393,13.715309816312653,945.0863029913638,1.0642299048611572,0.21860194165745836,1.807956873314842,46
PF,15,53,49,3.20132622730904,0.0,90,450,False,8,14,True,1.549076520511942,4.532724246552771,107,55.672008547008545,10.964066254569916,462.62553667620296,0.95951449203142,-0.09207622798509164,-0.9433830658291493,60
PF,15,44,48,3.1049639852965925,0.0,90,450,False,11,18,True,1.823424581153051,6.82142403941516,124,64.51709401709401,17.75821245778117,504.0423211114594,1.4534914346235033,1.6004313528013314,8.07600900302203,68
PF,15,35,42,2.770886772933216,0.0,120,1200,False,11,13,True,1.5395493640186788,4.250124054037496,190,98.8568376068376,15.999887598106422,733.8675266946804,1.208140711699079,0.5232094694208985,3.6781627621279225,91
PF,15,39,48,2.3201906412200017,0.0,120,450,False,11,10,True,2.1680391044327996,4.948939265350986,106,55.1517094017094,18.257801634108247,729.8563938657355,0.818150105388067,-0.4559444148946965,-2.4599020580483315,61
PF,15,42,50,3.9265578882542918,4.0,120,450,False,9,13,True,1.69487185390424,5.182459820960789,128,66.59829059829059,12.655670870534127,468.87185030581645,0.8479870427073714,-0.4510345809730712,-2.791598224864472,67
PF,30,33,49,2.5692765914288125,3.0,120,450,False,8,11,False,1.5063357255148988,2.4151294754411605,120,62.43589743589743,11.779870819452116,971.3662415563149,0.6960997814691248,-0.8191492525062959,-5.517374940815771,56
PF,15,32,46,3.0845733799720567,6.0,120,450,False,8,11,False,1.6028692449070663,3.404890713985079,124,64.51709401709401,12.173387814651758,662.030286405665,0.9463006293407414,-0.18952697270025098,-1.2481677296045106,75
PF,15,40,47,3.000414358705459,0.0,120,300,False,12,12,True,2.2550182203757845,5.024239695177369,84,43.705128205128204,16.668936813966308,655.9170052461244,0.7232065362076734,-0.6321297200755879,-3.192988643964968,45
PF,15,45,20,3.4159841867655905,4.0,150,300,False,11,20,True,1.255589609477265,0.7088767284342922,84,43.705128205128204,2.9354247371423194,897.6765768242358,1.0596622009020564,0.10891705561596889,0.1410493762382945,35
PF,15,41,49,3.6918515143886026,3.0,120,450,False,6,16,True,1.7450815750725093,4.886723235949773,138,71.80128205128204,12.998638582824727,506.20175774781694,0.9323604120837097,-0.2737001734499928,-1.005257689255976,73
PF,15,42,42,3.007919263735433,0.0,120,300,False,10,12,True,2.0651035967770945,4.495874562969438,85,44.225427350427346,13.780743534589693,633.7680955230221,0.832243983427719,-0.39719254875321836,-1.789095234201287,45
PF,15,50,49,1.9035747038130402,6.0,120,300,False,12,13,True,1.6104607185213848,2.8278047542170515,90,46.82692307692307,8.463989432783602,556.2946018319947,0.871464007575571,-0.3185535128567433,-1.0779186990638383,43
PF,15,28,46,3.2870190752784856,0.0,30,300,False,11,11,True,1.320872916435657,3.459570811790115,269,139.9604700854701,16.721063357091367,954.0710741948478,1.329856151677211,1.3532866696401595,13.422145090102644,139
PF,15,43,32,3.2746434359953662,0.0,45,300,False,12,20,True,1.4352559725093343,3.4318206013271895,193,100.41773504273505,15.171690282297153,826.1223002520924,1.80232626857936,2.8229820492846014,16.507104991931886,91
PF,15,25,46,3.453184665888423,8.0,120,900,False,9,10,False,1.4202984848287818,3.6853277809500766,193,100.41773504273505,14.69677232831234,705.2145595039392,1.0655527350879337,0.2034826224705455,1.4120806929882588,94
PF,15,42,47,3.9881307001532855,0.0,120,450,False,10,13,True,2.357203919764743,5.6927531388390475,100,52.02991452991453,20.921439513224097,729.1550738780894,0.6667154211003219,-0.6804435712222131,-5.520949800632834,56
PF,15,56,19,3.43280965814954,0.0,45,450,False,11,17,True,1.3456374283400319,2.5628561173806643,222,115.50641025641025,13.252590134479817,979.5148962649662,1.7208009186007152,3.8284196047898633,16.48750925051761,114
PF,15,48,45,2.858386647779322,3.0,120,300,False,11,12,True,1.446748396449954,1.7267178414315025,102,53.07051282051282,6.573020759058964,716.1134979016032,0.9004456087557671,-0.3273691989286173,-0.9200765961232867,51
PF,15,21,13,2.9990349723942185,3.0,60,300,False,12,17,True,1.1680536109083675,1.367949412153653,285,148.2852564102564,6.240274678367593,780.4744982837162,1.341896623170496,2.4032720219764774,5.790835282796275,145
PF,15,48,50,3.966345010838797,0.0,120,450,False,8,15,True,2.261267595858259,5.176802133132247,91,47.34722222222222,19.19938869485423,735.2342509344315,0.5851859897694488,-0.7650984126391657,-6.873088025841302,53
PF,15,35,48,3.8749463277145924,0.0,120,450,False,10,14,True,2.198062127732572,5.182164686697618,103,53.590811965811966,19.6034000764114,744.2198673513536,0.6777126658513933,-0.7394111063632184,-6.021485927210611,66
PF,15,47,36,3.5978671557932556,6.0,120,300,False,11,13,True,1.4944385082438851,2.375432981321299,87,45.26602564102564,6.950467023588497,552.6506024603708,0.852275105844335,-0.35854696419291693,-1.5583556383674964,42
PF,15,57,50,3.0508855248888147,0.0,120,600,False,11,15,True,1.695155140540105,2.953535179943093,98,50.98931623931624,12.156482549865009,788.3464458588907,0.7204433811332932,-0.5320514867935415,-4.43852057835574,55
PF,15,47,42,3.827863989985514,0.0,120,600,False,7,16,True,1.9348982918832378,4.473006219170753,112,58.27350427350427,16.1397648909073,745.488204401874,0.7424343149059518,-0.5412272359667069,-4.448136971635526,60
PF,15,42,34,3.32415610839917,0.0,60,300,False,10,20,False,1.7704004552355133,4.059390940470519,152,79.08547008547008,19.210494429600587,938.3639906951453,1.7252931387192485,3.773980135542677,10.130205655615478,72
PF,15,48,45,3.7401163424587773,0.0,45,450,False,11,11,True,1.6356009941903245,6.654610617669313,197,102.49893162393163,24.176712251894692,703.0335487560205,1.3157587748581068,1.2520733468835419,9.535076255838897,104
PF,15,32,48,3.388283438308153,6.0,30,300,False,12,16,True,1.2301056846977971,3.802431142183763,299,155.56944444444443,13.614911206225827,660.7887236483703,1.2047417306426103,1.450444487917916,7.871732850464889,149
PF,15,23,49,3.698953627627909,0.0,90,300,False,11,18,True,1.5598583472125407,5.157506429719589,136,70.76068376068376,15.337893664678779,556.8652752429825,1.1135625279912984,0.4592967835265837,1.4803333895424364,73
PF,30,31,47,3.9385800566765297,4.0,120,450,False,8,15,False,1.4773412456559445,1.6326660357856537,108,56.19230769230769,12.576805041017538,1578.1798928003723,0.7070235180297807,-0.8846046429270211,-5.931484350281146,50
PF,15,43,50,2.355976074314324,0.0,120,300,False,12,10,True,1.8435868427303017,3.380566238251738,85,44.225427350427346,11.429416763800493,650.0744710371165,0.7449078692944253,-0.561236553956103,-2.718444507600702,46
PF,15,49,42,3.46516187924008,0.0,120,450,False,6,16,True,2.1696036558582708,4.9956172671165815,89,46.30662393162393,15.833742630156625,640.8162014030776,0.7349684504879103,-0.5182888608341641,-3.96436086750804,54
PF,15,31,13,2.682006873305184,0.0,90,300,False,12,20,True,1.482560101999009,2.484648316036105,132,68.67948717948718,7.735043930548125,635.8258184945923,2.072452106222884,5.732880584895179,6.734189115423313,64
PF,15,29,21,2.966579511971193,6.0,60,450,False,12,17,True,1.358469582311616,3.4415995190897126,260,135.27777777777777,14.407843884352602,768.9126330919048,1.684938375471872,6.449411022580934,13.125442746844609,144
PF,15,45,17,3.2550191371895925,0.0,45,450,False,11,16,False,1.395325989727703,3.602398360370017,252,131.1153846153846,15.073498794908824,806.1479952557338,1.621222942047014,2.9888287076384157,16.02014237295935,131
PF,15,43,50,3.7581364920819365,0.0,120,600,False,5,19,False,2.0801469080185324,4.966686651283832,113,58.793803418803414,19.471343623116493,783.3310322256073,0.6180862622731353,-0.7719005957531471,-7.548354463242281,62
PF,15,44,50,3.976336667805334,0.0,120,450,False,8,11,True,2.3196678163770588,5.760772337452541,97,50.46901709401709,20.525146525715854,706.8876865749761,0.5935214610165463,-0.7946780892416941,-6.826706022545796,54
PF,15,40,48,3.5646842682148114,0.0,30,450,False,4,19,True,1.4734045952983479,3.800294388727851,264,137.35897435897436,24.06311095783947,1230.1506248468272,1.3064966806874494,2.0088798416036133,12.520093478573594,140
PF,15,38,48,3.8125486588601314,0.0,120,450,False,6,11,True,2.3527682230646625,5.596862557288419,101,52.550213675213676,20.863768389806992,739.124719963858,0.6379547844375137,-0.7633510039657692,-6.1821752728611665,60
PF,15,33,16,2.8476233703933476,0.0,120,300,False,12,17,True,1.5932294159160998,1.9421188532043463,96,49.94871794871795,7.364978558203704,763.0571838799502,1.189585319678721,0.5315315327626752,1.5543302818963236,55
PF,15,37,50,3.573702642551429,0.0,120,450,False,7,12,True,2.2418930100419554,5.392604176272998,101,52.550213675213676,19.814526471888122,726.0235470951044,0.6668341252107435,-0.7685427211799711,-5.749589185435176,62
PF,15,33,47,3.9441919518150255,0.0,30,450,False,7,10,False,1.4697779664208708,3.540717861355833,275,143.08226495726495,25.833671020685397,1402.739826722731,1.4202765416397576,2.2749097179843516,17.146398363126373,148
PF,15,39,35,2.7639121738465686,0.0,120,450,False,11,19,True,2.257170704780677,5.685298984684658,104,54.11111111111111,18.20271209235039,645.8406245043167,1.0423968450254042,0.1140224851284408,0.23999573759382628,61
PF,15,52,33,3.628611257026692,0.0,120,450,False,7,12,True,2.411256208231963,6.849465400927971,86,44.745726495726494,17.760484347064647,518.3895071123364,0.836270818014562,-0.32958391823924077,-2.4814529724127716,53
PF,15,48,47,3.6072731361940833,0.0,120,450,False,8,10,True,2.441215213797863,5.946796245801013,92,47.86752136752136,20.520109013627266,678.1670923994196,0.6334732369262925,-0.6869692063677033,-5.763685857170789,54
PF,15,55,26,3.991204428246545,0.0,120,450,False,8,11,True,2.0267838722746454,4.598841019687198,85,44.225427350427346,13.255364171942743,554.6700965492273,0.9060529920456291,-0.19804009449887072,-1.5237996072570388,50
PF,15,40,37,3.606116889889897,4.0,45,150,False,8,13,True,1.2847266344868333,1.3276636114463467,167,86.88995726495726,9.722083245774847,1166.3039150894288,1.460508376831468,1.4497094548330258,7.252538866267459,86
PF,15,38,42,3.7688251706385185,0.0,90,900,False,9,11,True,1.6713182978217764,6.198309079517183,176,91.57264957264957,21.607728426367174,642.5944732565667,1.700686419145759,4.283054111341647,16.06540719628302,93
PF,15,47,33,3.728785480324994,0.0,30,450,False,11,11,True,1.4488085172829601,4.796437610202664,263,136.8386752136752,22.079873228716384,891.1895843757347,1.3542155590415588,2.3439038207232414,13.785687003047114,141
PF,15,53,50,3.9142938010605848,0.0,120,900,False,9,11,True,1.711593062654282,4.943689827151669,124,64.51709401709401,17.466763628829487,654.8179679930158,0.6623336153809752,-0.6923742255085747,-7.34316748546722,66
PF,15,46,28,3.923698345189577,3.0,120,900,False,7,12,True,1.5597311429484446,4.270252985894012,208,108.22222222222221,15.332120755729365,669.034967293305,0.9027701624104403,-0.37807592062857465,-2.0720323905210574,103
PF,15,48,20,3.628402187787758,0.0,120,450,False,12,14,False,2.012657836552695,3.9220328946261964,96,49.94871794871795,13.979789883621859,683.8577759740671,1.19402992701668,0.5529833322069013,1.7584066572145356,57
PF,15,44,23,3.071150086785648,0.0,30,1200,False,12,15,True,1.1828319952959931,2.171619230290199,447,232.57371794871793,13.834581087720517,1240.0358542083882,1.5161131994135724,3.5990202242133096,25.633484902539195,224
PF,15,45,21,3.982323709614247,3.0,120,450,False,10,15,True,1.4367733307066732,1.7417414743834234,135,70.24038461538461,7.217772317244293,838.7814799817091,1.2200768972538258,1.0148488022324806,2.580327362569318,72
PF,15,47,49,3.9590881588817015,0.0,120,450,False,9,11,True,2.2528360301135235,5.323333101411684,93,48.38782051282051,18.99446579206718,705.7215254514875,0.6114581252667924,-0.7115229554717889,-6.276953679957386,53
PF,15,53,40,3.952201895899892,3.0,120,450,False,8,12,True,1.5288473086344392,2.457596993850511,120,62.43589743589743,8.464658927096579,680.5705303547056,0.8869725934145025,-0.3770717384990051,-1.7591429464326453,64
PF,15,56,36,3.3533635763274665,6.0,120,450,False,10,14,True,1.8026860320520193,3.2934629264383,94,48.90811965811966,10.935521795662142,646.8175979412986,0.7761751518244075,-0.4705798229922403,-3.314926369990844,54
PF,15,51,37,3.3693560986376543,0.0,120,450,False,7,11,True,2.2249496047140505,4.66055415980792,88,45.78632478632478,16.312156759170414,710.391751322408,0.7681963256792212,-0.45588855633095304,-3.3434510729697853,54
PF,15,45,39,3.3378903671178732,0.0,60,450,False,7,10,True,1.702688195961165,3.692348171337414,167,86.88995726495726,20.127601380047693,1074.435167167892,1.4336906751114717,1.903178860276423,8.590341050123358,94
PF,15,34,46,3.665794906934843,0.0,90,450,False,5,10,True,1.761937081824781,5.994822049106221,136,70.76068376068376,18.611428770748034,600.0861780223731,1.2564362756076355,0.89991263276485,6.413277051366466,81
PF,15,52,12,3.7058908476635333,8.0,120,450,False,12,15,True,1.4836842489089246,2.015197332190706,101,52.550213675213676,5.943611678767621,604.1902261045676,0.9971437909144917,-0.005246638370825135,-0.30332433746397447,60
PF,15,28,37,3.4196911246041153,0.0,45,450,False,7,10,True,1.42024303679186,4.524044499555107,257,133.71688034188034,19.40680475752829,826.4053308997914,1.7304070335653934,4.017230953237037,20.453340978120153,132
PF,15,54,47,3.8702582350721015,0.0,120,1200,False,5,19,True,1.6414292353221014,3.7451216773088936,144,74.92307692307692,17.51337191032104,857.8465362075376,0.9119225314863234,-0.21644630745732402,-2.1528668939733304,73
PF,15,43,37,3.5626742079535485,0.0,120,450,False,4,11,True,2.4268658009434168,6.593353481545594,101,52.550213675213676,20.04685802173464,612.5099432095263,0.8682731137676701,-0.2799859217224101,-2.0464565283164218,56
PF,15,38,47,3.5886285387046124,3.0,90,450,False,10,11,True,1.5740646108052045,3.5286305226037658,182,94.69444444444444,14.335996675432607,760.1704400632988,1.2265652501691588,1.3953619132668444,4.488930726512879,96
PF,15,39,33,3.6704925946743026,0.0,120,450,False,4,13,True,2.281291015688263,6.14719712070081,104,54.11111111111111,18.992938526502996,620.7116884243547,0.9776041200518868,-0.060188523740679,-0.5805560619423725,60
PF,15,54,39,2.9235240446615487,0.0,30,450,False,9,11,False,1.2272852723894676,1.587557504885905,266,138.39957264957263,11.882312206874877,1410.8656581293026,1.005088506738229,0.024576499110649973,0.6235029122677223,138
PF,15,39,43,2.2978522245478668,0.0,60,450,False,12,15,True,1.5458040302084657,3.271334389794411,200,104.05982905982906,15.94632444966546,1009.3578004298627,1.4502185632574356,1.394445436612429,8.430421205916321,101
PF,15,41,34,3.1360802361771847,0.0,120,450,False,4,13,True,2.2351300242219763,5.165103732580702,103,53.590811965811966,18.050275503210358,709.4583338494174,1.0092863069886455,0.023535265314766986,-0.1572176182829465,60
PF,15,34,34,3.8725456198620325,0.0,120,450,False,6,10,True,2.1465327666953287,5.386142745808628,109,56.712606837606835,18.193813142663647,681.2189713135429,1.0027830956777555,0.009316176818439862,-0.29597683854990825,67
PF,15,30,50,3.5784544678054924,8.0,120,300,False,12,17,True,1.6641560945593663,2.8122307385172993,96,49.94871794871795,9.865907764982797,683.6168974196743,0.6713782539249202,-0.8273944632248712,-5.119537309760666,54
PF,15,46,28,3.832773572344818,0.0,120,600,False,10,12,True,2.129944772394093,6.1345161826051555,115,59.83440170940171,19.10173253823778,619.5325589940026,1.021608377392515,0.05472388962563891,-0.00796918673599506,62
PF,15,34,45,3.7320162312176492,6.0,120,600,False,7,11,True,1.6997353140310814,4.955543094613884,142,73.88247863247862,14.942831757832158,574.1034163072942,0.9633054669320193,-0.10684344096647855,-1.170457227558198,80
PF,15,47,31,3.4796255937098555,0.0,120,300,False,7,11,True,1.7719530315863716,3.6661791928223604,82,42.664529914529915,9.55522476215428,509.0426478576386,0.8412847324988092,-0.3250493260433622,-1.681737177905827,41
PF,15,33,21,3.5849921155357167,0.0,120,600,True,4,14,True,1.8302298275270543,3.7503761479000035,95,49.4284188034188,11.304361237224837,575.4633474762747,1.409563179557439,1.530421551228037,2.9642824249004094,57
PF,15,38,42,3.617637680203157,0.0,120,1200,False,5,10,True,1.6494183271373657,5.538105980373828,168,87.41025641025641,18.330216943727443,639.855234984167,1.0403290528373248,0.10308166539109799,0.5754748923749244,89
PF,15,34,41,3.4383381326289664,4.0,120,450,False,5,10,True,1.8374536807138584,7.152586942542421,137,71.28098290598291,14.1011276829152,380.930766858572,1.0569503462356005,0.18404121574972648,0.5696911477613842,78
PF,15,52,36,3.15790066134786,8.0,120,450,False,4,12,True,1.5470923780556558,2.443558103719023,94,48.90811965811966,7.353015839500016,619.8032969264782,0.797347045147341,-0.42287772838203946,-2.868521230473374,55
PF,15,44,46,3.513787587927443,0.0,150,450,False,12,12,True,1.8572835628944238,3.11486240349361,82,42.664529914529915,12.147065279413738,830.2480877104744,0.7321922241134257,-0.4958244250905605,-3.620132679450505,42
PF,30,37,44,3.317308405274737,0.0,120,450,False,7,11,False,1.6583544487367528,1.9913337520715533,77,40.06303418803419,12.121980984905626,1276.4891082197169,0.8933581520434517,-0.36885511347496136,-1.7486340106434706,44
PF,30,46,42,3.8695669864557036,0.0,60,300,False,9,18,True,1.506780658770403,2.613660523205248,81,42.14423076923077,10.14983624795721,865.0694623883007,0.7133561178768769,-0.40716385418789197,-8.413109388036844,50
PF,15,33,33,3.4741520550947564,0.0,120,300,False,12,17,True,2.3297626443624453,6.244382797888573,92,47.86752136752136,17.670487541087272,562.5742130486956,0.9306000580760734,-0.148853854800329,-0.9259980593165704,51
PF,30,53,31,3.845922619950072,0.0,45,450,False,8,13,True,1.2296304738763983,1.5147030194868165,100,52.02991452991453,5.065888015133906,720.461646630655,0.9433699549374809,-0.1014555944658653,-1.8563029098025776,58
PF,15,45,26,2.137536430912558,0.0,150,300,False,12,20,True,1.956491923840838,3.2330427634268384,78,40.58333333333333,11.117591112875662,710.071881539694,1.3396561856837441,0.6663141689374713,1.7478480346488974,34
PF,15,30,49,3.604007704288947,8.0,120,450,False,9,17,True,1.5167162714036921,2.777456917722647,122,63.47649572649573,9.827510571167698,691.2158927531211,0.9218433808437264,-0.259353560519414,-1.7063256899990298,72
PF,15,32,34,3.9440167069440273,0.0,120,300,False,11,14,True,2.1794134082347565,5.399350220617403,92,47.86752136752136,16.529237993193426,613.1840752000313,0.9114083424177813,-0.18748981086917307,-1.196785567172453,52
PF,15,42,44,3.883399761448499,0.0,60,300,False,12,14,True,1.7537602203251128,4.42075496657253,145,75.44337606837607,19.733285909570967,871.9628647390782,1.3401508407287714,1.2898176163125508,5.723792763290871,71
PF,15,42,36,3.8933835759097555,8.0,120,600,False,5,13,True,1.55333909181254,3.238418223456498,128,66.59829059829059,10.068981825857833,631.2204869978104,0.9967659218731333,-0.008601955246293145,-0.28396974537683783,68
PF,15,41,27,3.083795213719271,0.0,120,300,False,12,18,True,2.264179955825053,5.079219288045247,88,45.78632478632478,15.859140117716102,633.5989064369917,1.1250461448190485,0.36213214062015586,1.0737315849558295,46
PF,15,46,29,3.911032969064885,0.0,120,450,False,4,12,True,2.365852711912168,6.41832511501577,97,50.46901709401709,19.11974621634376,592.2225435021272,0.9779115483240448,-0.048948945687066245,-0.6671966915443321,56
PF,15,56,26,3.7367623766768667,0.0,120,450,False,4,12,True,2.1044651198040194,4.900447864575296,84,43.705128205128204,13.790664842125809,539.1378085030792,0.9195455697383063,-0.16917816361004961,-1.3479596440919344,50
PF,15,36,24,3.696472823891974,0.0,30,450,False,5,15,True,1.4129808372069186,4.385253610057157,316,164.4145299145299,20.974205790382978,948.7986976488919,1.6505311205505242,6.036141074483403,23.43317883925037,167
PF,30,40,41,3.2805578903004258,0.0,120,450,False,5,10,True,1.516066057558112,1.8864099364999112,78,40.58333333333333,8.893830494522746,964.3444229599011,0.7950607746582468,-0.4698068359633315,-4.208473759655632,43
PF,15,24,42,3.748807946890983,0.0,120,300,False,5,10,True,1.7883989841848673,4.119900826798821,106,55.1517094017094,13.450279795741993,657.1455284507481,0.8464636727181956,-0.344776607775716,-2.599421115046632,60
PF,15,60,21,3.897011162470282,0.0,120,600,False,11,17,True,1.742876157356503,2.9400628601612206,101,52.550213675213676,11.846582025556229,771.7123534998319,1.0933319985713392,0.2875348962776763,0.9015995957227295,59
PF,15,51,26,3.8025034738043813,0.0,120,1200,False,4,13,True,1.6939460837558957,4.108377549167975,162,84.28846153846153,18.22875736185552,839.1464996600512,1.13321495574299,0.35002397637108895,2.284908574914636,82
PF,15,41,19,3.7325765115664904,0.0,150,450,False,6,10,True,1.51114197422825,2.1191299613609704,86,44.745726495726494,7.356573317902851,680.564668808415,1.3519300525439413,0.8504454370127654,2.564178116745902,48
PF,15,39,34,3.595129523590392,0.0,120,450,False,4,14,False,2.266389372675017,6.015100219135354,104,54.11111111111111,18.718807906894597,625.6043157244382,0.9715998699474653,-0.07680484289956024,-0.6443370550404672,60
PF,15,39,24,3.5466191748613825,6.0,120,450,False,4,11,True,1.7433362858295904,3.1013629561470846,119,61.91559829059829,11.82651877795582,747.7208569908827,1.0731735418330077,0.2910138359347234,0.7253310461733893,67
PF,15,50,31,3.6380747306627508,0.0,90,1200,False,7,13,True,1.5265041759680231,4.310576107584769,195,101.45833333333333,19.465578714123456,818.2479231992866,1.8335193007786692,3.9242198761831397,18.27370913627033,100
PF,30,41,41,3.698334187341686,0.0,120,1200,False,10,17,True,1.4242242245649759,2.6617946003010418,111,57.753205128205124,12.343430578377985,931.1511116734534,0.8654613613806423,-0.39135960058498276,-3.355448542450757,57
PF,15,42,49,2.5633949007555414,0.0,150,900,False,11,12,False,1.4064997589948471,2.60371850876494,134,69.72008547008546,9.56971515317528,727.2480939507458,0.9450040212561861,-0.14556043490062398,-0.8756170780021135,64
PF,15,22,30,3.077661573957587,0.0,60,300,False,11,16,True,1.4528647590303756,2.8281976348607007,210,109.26282051282051,15.419316920692559,1046.1921151281872,1.7483409891582624,4.370925706678602,12.888411876511464,105
PF,15,42,37,3.7332466690316406,4.0,120,600,False,10,16,True,1.596139319254505,5.802714809139571,147,76.48397435897435,11.650376912484676,390.6971215458776,1.0449939551375602,0.12859596074851107,0.25764475806656334,78
PF,15,43,19,3.474241185498953,0.0,120,900,False,6,13,True,1.6044564237177585,3.8145988023859374,157,81.6869658119658,14.63083151686114,725.2638536369241,1.3256074778239195,1.1066463475069293,5.095720297594733,83
PF,15,29,46,3.7545594865842054,3.0,120,450,False,8,11,True,1.6605440905290105,4.2971193277388835,153,79.60576923076923,12.739917852401085,556.0845080098316,1.0595520577979074,0.3304923734768018,1.0156204760929064,89
PF,15,41,35,2.6820199686676234,0.0,120,450,False,10,15,True,2.197439766847063,5.650408675441334,105,54.631410256410255,17.66731032548335,633.8494392708232,1.0489509109776696,0.12333222829335364,0.2926757063792399,60
PF,15,44,33,3.5561540131110094,0.0,120,450,False,9,13,True,2.3530501004183892,6.520130224465487,101,52.550213675213676,19.436026217929957,597.1283657747762,0.9350728842417444,-0.14450859194534543,-1.1779259686789234,56
PF,15,42,39,3.8571626218212205,0.0,30,450,False,9,14,True,1.499762332405841,4.67707885584838,270,140.48076923076923,24.182781747319115,1026.8804092199007,1.3349703864484157,2.8596201463731865,13.589784608207323,143
PF,15,52,42,3.348986902079004,0.0,120,600,False,8,10,True,1.958847643188505,3.977256200549911,104,54.11111111111111,15.547934195107622,804.1305518129786,0.7678765295787799,-0.4778118112208322,-3.7570074117596075,60
PF,15,47,35,3.5575336188726614,0.0,120,450,False,9,11,False,2.322346504663408,6.0232069380141064,95,49.4284188034188,18.304698517579574,611.5183487143685,0.8847636528552202,-0.2392067585336538,-1.8299838714352832,55
PF,15,35,31,2.9394964042101766,8.0,30,300,False,11,19,True,1.2695607627114749,2.469242102175314,290,150.88675213675214,13.70251013448093,1048.3536739695749,1.4691015443554618,2.8198295008608505,14.76037946155368,147
PF,15,52,16,3.2732944891712235,0.0,60,450,False,10,10,False,1.44315613191026,2.3636343243357123,181,94.1741452991453,11.965794616282217,988.4683579997029,1.851993416603305,5.308335960801086,12.515709663621724,101
PF,15,59,26,2.904126383515638,0.0,45,450,False,7,13,True,1.3681098739732562,2.874014316636614,214,111.34401709401709,13.730271689264338,896.3559190390447,1.6940070063601553,3.4679647659603,15.709533699717001,105
PF,15,15,50,3.7601058345942064,0.0,120,1200,False,11,11,True,1.560595447518129,4.037321022651509,206,107.18162393162393,21.29790654022713,956.0736826735167,1.4992273777640974,1.6467323209753488,13.32754928962516,112
PF,15,22,48,3.5136519942309286,4.0,90,450,False,4,16,True,1.4943017926489168,4.108619656910056,204,106.14102564102564,16.821059012315217,745.3486051477802,1.401318125197614,2.7968888596071584,8.421266564744247,106
PF,15,45,38,3.075986441824781,0.0,30,450,False,6,12,True,1.3862901674220298,2.8737550180073326,273,142.04166666666666,19.412928931737344,1310.8879756361002,1.027839445466912,0.1261012710408776,0.7466601606078309,145
PF,30,39,28,3.41170298672606,0.0,120,450,False,10,16,True,1.717461345986894,4.506899310915105,93,48.38782051282051,11.889404699574582,511.5922732022792,0.8063036732757224,-0.3919727075304999,-3.6178453168588844,45
PF,15,46,38,3.3414592200851345,0.0,120,450,False,10,13,False,2.193045415332412,4.767872896090478,95,49.4284188034188,17.126288419699325,732.1335775097114,0.8153976500907312,-0.3863026339018851,-2.7440784406280145,57
PF,30,46,46,3.0928235151543886,4.0,45,450,False,10,11,True,1.3077802017748015,2.692868558222707,132,68.67948717948718,9.73226205762476,714.6189492399944,0.5621290876484937,-0.7360531324870814,-14.531978106025417,72
PF,15,37,36,3.831766601330541,0.0,150,1200,False,8,12,True,1.5779091213904117,4.50479909800917,150,78.0448717948718,15.495693329420458,664.8891428892614,1.2435572894555136,0.6239055345517187,3.5344322859294373,69
PF,15,40,36,3.9204139484638065,4.0,120,900,True,9,13,True,1.5540011847139032,3.6065693607907225,97,50.46901709401709,6.732569335552924,339.1577218795578,1.1489008961513,0.4594167828262103,0.8579361371071714,49
PF,15,33,22,2.8923545255640626,3.0,120,300,False,12,17,True,1.3836071985881542,1.4413080672200471,118,61.39529914529914,5.733597153094347,778.7867813922061,1.156357620038694,0.5819183836270286,1.7898179329699904,63
PF,15,39,32,3.615656996280679,0.0,120,450,False,10,13,True,2.2820395924815853,6.2335943239400375,104,54.11111111111111,18.851564460637505,604.4245998658367,1.0160950890573333,0.043502190411429636,-0.09674888492968942,60
PF,15,55,46,3.590274423423461,6.0,120,450,False,8,10,True,2.2487966040651677,5.4024413652484835,94,48.90811965811966,16.225444538262938,563.4361911581688,0.6630140687097844,-0.6444442257179831,-5.466150909570585,53
PF,15,48,32,3.7344615118464035,0.0,90,600,False,4,12,True,1.8912349255735046,6.60180774240953,140,72.84188034188034,20.107668220360324,601.1203587633917,1.195062470153081,0.5841893455036409,2.629364250492737,74
PF,15,28,39,2.9918434674173686,0.0,45,450,False,12,14,True,1.4174963706601431,4.58503078081163,263,136.8386752136752,19.035039348790015,798.7256104173025,1.7208690869041456,4.0661575235242475,20.016737697639382,134
PF,15,56,18,3.364005114658284,0.0,60,300,False,11,20,True,1.5413407337852445,2.6124560376186685,148,77.0042735042735,13.178472096573525,961.7448178221614,1.8403766638561705,5.362221614732828,10.388572392574174,78
PF,30,46,17,3.7580486104701363,0.0,120,450,False,4,13,True,1.370069566052322,2.4698097806094195,89,46.30662393162393,6.292458843818713,500.93963180782976,0.8536003564533673,-0.29251186896697967,-2.6582555655140054,46
PF,15,51,35,3.5314986835582993,0.0,120,900,False,5,12,True,1.8251320772778112,6.577382304035843,131,68.15918803418803,18.641491838030838,535.1484974827522,0.9041184264913675,-0.22425130622556882,-2.135260675940597,72
PF,15,41,45,3.9329522324664334,0.0,90,450,False,10,14,True,1.8392600575412967,6.657194164260908,128,66.59829059829059,19.261373663052225,562.7560329229943,1.4608135692242026,1.6126107076590992,8.821637704085514,70
PF,15,54,45,3.660469771307587,0.0,60,150,False,8,11,True,1.9142763494502262,4.3216646031036605,94,48.90811965811966,16.58369952530216,692.6304550865257,1.14737544127776,0.3997038019734058,2.261478411041544,56
PF,15,36,26,2.9869080967533996,6.0,120,600,False,9,12,False,1.5037255560538014,2.804274570171364,144,74.92307692307692,10.450192794271167,716.5775899665476,1.121231776486281,0.37133813160459894,1.4769871690168728,79
PF,15,36,27,3.478030073978588,8.0,120,450,False,8,12,True,1.7401394844714146,3.9851438723112147,116,60.35470085470085,11.569374453460131,568.9280529074686,1.0751061972510927,0.237115589208511,0.7549224267805851,68
PF,15,49,14,3.575500171664814,0.0,90,450,False,11,14,True,1.4193186285354984,1.5081219841973776,126,65.5576923076923,7.04436887286952,987.10147033421,1.8996583238446518,5.166029189462129,6.8854952720474145,69
PF,15,34,29,2.9475041542091054,6.0,45,300,False,11,16,True,1.3998571649368992,3.429297910305725,236,122.79059829059828,16.28085168848049,852.455162197447,1.932184197400222,4.559891441488797,18.13137027861657,118
PF,30,41,31,3.4814659358989464,0.0,120,450,False,10,11,False,1.6582460131208878,4.3847794040091035,88,45.78632478632478,10.878159532354905,478.72244966021094,0.7177076280936056,-0.5468864291195848,-5.565608420162181,44
PF,15,58,36,3.458181143423834,3.0,120,450,False,4,11,True,1.6231394637836,2.869978012548893,116,60.35470085470085,9.24832417591067,628.6768691721093,0.9439969279505649,-0.20785468128223322,-0.8678262322584338,63
PF,15,37,27,3.4162693607695256,0.0,120,450,False,8,10,False,2.382129296682012,6.936495130715203,106,55.1517094017094,20.071176942726403,572.5836134815991,1.059093849482485,0.17660746412581113,0.43757307396802414,65
PF,15,29,20,2.679847630276649,0.0,120,450,False,9,10,False,1.8437302284530421,4.1507361674134176,120,62.43589743589743,13.865745998121838,636.7878285508887,1.3354651810619953,1.404185645264862,3.501213540381224,74
PF,15,38,44,3.7740298959807466,0.0,45,450,False,7,20,True,1.4661194581778945,4.933839264946574,226,117.58760683760683,19.97037888164722,784.2879882414254,1.3420315956991462,1.3237373012264935,11.320155915463632,114
PF,15,46,46,3.743453292343716,6.0,120,450,False,6,19,True,1.8452901519329479,4.003584220225004,109,56.712606837606835,13.997808435234013,663.5349323006549,0.7859114720962365,-0.5099090595078367,-3.943209220478042,61
PF,15,44,22,3.585784035894865,0.0,120,450,False,9,11,False,2.0140322479013144,4.043354825618275,102,53.07051282051282,14.598949011848967,689.6036953766594,1.1461089618899654,0.46117562731626727,1.318653092535695,58
PF,15,49,27,3.0707034212756,6.0,120,300,False,10,18,True,1.5435331474372334,2.1908035144322486,86,44.745726495726494,7.405243382929503,635.0432699042833,0.9978652345755091,-0.006353489144858533,-0.1081664163203544,42
PF,15,24,37,3.371674711849259,0.0,120,300,False,12,17,True,1.7489441837115856,2.9604530710677546,108,56.19230769230769,11.842111870570642,843.0344020354008,1.0006143446793665,0.0014546237358843363,-0.31730710906839166,62
PF,15,39,46,3.9120696418767085,0.0,120,450,False,12,10,True,2.3443099440965858,5.719099601373849,102,53.07051282051282,21.013760064409105,728.6200605088649,0.6916959742090178,-0.6534947305064819,-5.102440953067295,58
PF,15,34,49,3.906160426600218,0.0,120,600,False,10,13,True,1.95738616563933,8.290882524176393,124,64.51709401709401,19.963666230410055,461.33346408994294,0.7972204940715895,-0.47294752435881293,-4.036021204099315,67
PF,15,49,19,2.946926697973029,0.0,120,300,False,12,18,False,1.8470670294064995,3.4004625038466205,81,42.14423076923077,10.145247007113603,565.9271841307472,1.2054712270416341,0.6654746950323891,1.3244533960254878,43
PF,15,37,29,3.5280415527078715,0.0,30,300,False,12,17,True,1.3406526425148348,3.601418429574263,261,135.7980769230769,16.51751351530867,866.247734699281,1.62119878177891,4.555553875141279,19.399586786118395,132
PF,15,31,22,2.859109820553894,3.0,45,450,False,7,13,False,1.1856024766058506,2.50108486621492,400,208.1196581196581,10.828868009851359,764.4579081354943,1.1156021510586445,0.5132515241460294,3.4595801196439417,199
PF,15,37,31,3.8935310392379563,0.0,120,1200,False,10,10,True,1.6686284701415848,5.789678328994513,178,92.61324786324786,19.11259191806487,626.9616437297732,1.3067303764759644,0.8034968205520409,5.666736205424755,91
PF,15,45,50,3.594189739386947,0.0,120,450,False,12,12,True,2.377796574880484,5.925854116245953,93,48.38782051282051,20.320191906553276,674.7376949552935,0.6091167975366206,-0.7889796816825363,-6.388726881827446,55
PF,15,48,43,3.9709749825863536,0.0,150,450,False,6,12,True,1.631034274452692,2.493838519755271,79,41.10363247863248,8.91597994892881,803.5574206884257,0.7084857075885298,-0.5168234734111247,-3.992926273334144,41
PF,15,47,49,3.965338768874537,0.0,120,1200,False,11,11,True,1.6871921107568826,5.285901076538705,149,77.52457264957265,18.520710033727013,659.4480394462189,0.9059003382168741,-0.25572100100486833,-2.1746473866115825,76
PF,15,39,48,3.6767452189696264,0.0,120,450,False,5,18,False,2.348630027234047,5.649472480086032,101,52.550213675213676,20.72865332595419,727.0190541314092,0.6581252690462862,-0.733524993162497,-5.648969397243484,59
PF,15,26,43,3.160752770168413,6.0,120,450,False,5,17,False,1.4792668810989085,2.6354726771158314,134,69.72008547008546,9.955942342781917,736.5964212800868,1.011671346270808,0.045854263945316644,-0.06642681214591106,76
PF,15,50,50,3.58309317527855,0.0,120,450,False,5,19,False,2.3881638742462656,5.79676009680427,86,44.745726495726494,19.07860357361623,645.6796973057864,0.5684714862262533,-0.787542714595495,-7.010487989366683,52
PF,15,56,50,3.616352745314656,0.0,120,450,False,5,18,False,2.151107725906341,4.8162767045646975,79,41.10363247863248,14.99178787137537,590.9572142239116,0.5973449314892061,-0.7339317777519349,-6.29587153354793,49
PF,15,27,48,3.755341557788076,0.0,30,450,False,6,19,False,1.3418589448502938,2.6089899967655334,298,155.0491452991453,20.68804080238153,1545.468771208226,1.4574883569494694,2.7065466405632908,18.633320274583518,156
PF,15,25,49,3.8124854269887694,0.0,120,450,False,12,10,True,1.9229217071934928,7.698013234410271,120,62.43589743589743,19.571965143595808,480.8344416528707,0.7308939678238522,-0.6917078891354205,-5.038823883301044,69
PF,15,49,49,3.8938365258230903,4.0,120,450,False,4,19,False,1.65057465621988,3.3500631343817897,116,60.35470085470085,10.989265264354273,639.8557965803068,0.7794013356504671,-0.6236233360791295,-3.9943363697392655,65
PF,15,31,28,3.8190418457071313,0.0,90,450,False,7,12,False,1.7477491541900438,6.381516073431956,145,75.44337606837607,17.91852820010007,544.3711306286561,1.8196142493123513,3.9327929226558753,13.897753353911845,85
PF,15,31,49,2.901244775642509,0.0,120,450,False,6,17,False,2.1017322738784867,4.744552496383539,109,56.712606837606835,18.54903495003156,767.6444363979878,0.7619083987301074,-0.631371850015263,-4.035204467405961,70
PF,15,44,27,3.3754434701079945,0.0,30,450,False,11,15,False,1.4390991047602042,3.707498592924443,289,150.36645299145297,22.001176364174164,1143.8582831452168,1.5199400007870751,3.7286513237014804,18.456080610687046,151
PF,15,40,26,3.0305590488899545,8.0,120,450,False,7,10,False,1.6650863397459708,3.0825411641166514,115,59.83440170940171,10.452294661774678,674.776318018984,1.1952765093002493,0.6744136418600604,2.1445943457961794,62
PF,15,40,45,3.5093677049344936,0.0,120,300,False,4,17,True,2.427416647639297,6.284188816914852,85,44.225427350427346,18.15184163359843,571.776281855827,0.7161286895047411,-0.6498612956080181,-3.438484964009404,44
PF,15,43,50,3.8687078167770688,0.0,120,450,False,4,20,False,2.3186411300393934,5.505168793891437,98,50.98931623931624,20.478669777461832,739.3309658804152,0.5960878982789627,-0.8071288103625301,-6.794137410626113,55
PF,15,35,49,3.1911656677066564,0.0,120,300,False,5,17,True,2.211417566907866,4.581604092846174,85,44.225427350427346,16.125482984118833,702.9310179110302,0.6419761686676817,-0.7370496633096226,-5.002983595797148,51
PF,15,47,50,3.4232796849474765,0.0,60,450,False,6,19,False,1.7901480792960298,3.9399257509735337,156,81.16666666666666,22.588555774302794,1113.9260466310238,1.2023861872676034,0.7358749811086752,4.233911172782425,89
PF,30,38,39,3.657576165484066,0.0,150,450,False,8,19,False,1.0449067152680822,0.1677190906275635,78,40.58333333333333,0.16319138391535867,1076.7286888346953,0.9125807877387246,-0.1632083373836236,-1.6505982360109714,30
PF,15,44,43,3.687255387439547,0.0,120,450,False,11,11,True,2.2028573662999533,5.632331391586866,99,51.50961538461538,18.058525998705335,652.2410202226611,0.7113476109041408,-0.6019748064315995,-4.495620547003758,55
PF,15,44,48,3.8502603056242064,0.0,60,450,False,11,11,True,1.8690558460001978,6.863763283612767,162,84.28846153846153,24.370518159070286,697.9377568811406,1.814370428201885,3.055887015818749,18.438158390370198,91
PF,15,34,26,3.501865391257646,6.0,120,450,False,9,10,False,1.7404191817915982,3.7644638822129624,124,64.51709401709401,12.363406331606788,637.4511392095147,0.9946819686770387,-0.017538253129480902,-0.3412145455192422,74
PF,15,19,41,3.6004994673663755,0.0,150,300,False,4,16,True,1.4710825881528549,2.1184028730508033,97,50.46901709401709,7.806241500495373,830.6792521185686,0.9405684010566958,-0.14563649379748486,-1.1933470692152326,54
PF,15,38,43,3.4737396472286335,4.0,45,450,False,5,16,False,1.3954718921446412,7.58942367002767,318,165.4551282051282,20.463259924446334,490.4823030215257,1.2255763065648526,1.0554350148477016,7.265670875837057,154
PF,15,45,49,3.97952502717441,3.0,120,300,False,4,19,True,1.5863000611116886,3.074464596897808,102,53.07051282051282,8.549081753915198,521.3272382532984,0.8324087612445081,-0.5425487103334646,-1.9133463442191663,52
PF,15,51,47,3.3025412778812995,6.0,120,450,False,7,19,False,1.8390594221691756,3.4394990670414667,100,52.02991452991453,13.588296916485273,741.2098703954891,0.6228492920874333,-0.7267418457327737,-6.107929810052669,56
PF,15,25,50,2.420773147048815,0.0,120,450,False,7,18,True,1.8926838436110658,4.118091025050364,124,64.51709401709401,17.10556900135079,825.2485439785559,0.873418974208798,-0.4141500871399728,-2.029227474147697,71
PF,15,43,32,3.291766872195243,0.0,45,450,False,7,12,False,1.4907554396441187,3.796016821286301,227,118.10790598290598,19.46675193755998,999.630155768783,1.759432325945139,3.1384029593057097,18.642852992023762,112
PF,15,46,46,3.931533767135603,0.0,120,450,False,12,11,True,2.35266708262836,5.907792397353091,95,49.4284188034188,20.36676225548549,678.8585899027993,0.6535068311825069,-0.672617681150943,-5.663008334140851,54
PF,15,52,35,3.9267137051935355,6.0,120,450,False,5,11,False,1.9154031009502432,4.262864807661328,98,50.98931623931624,12.151246799938608,556.5153555530846,0.7331983509471559,-0.5371122021746383,-4.142597375658242,57
PF,30,43,30,2.1913776693659153,0.0,120,300,False,12,18,True,1.273441732537454,1.4010470983189267,83,43.184829059829056,4.896310215759518,631.8433951004463,1.116138682297841,0.18976377376445122,0.5332125885785193,30
PF,15,33,29,2.7961108507195913,0.0,120,600,False,8,10,False,1.9810037334032842,5.183518838886583,133,69.19978632478632,18.312930171770187,704.4988825110954,1.2748383471748925,0.8363447404332929,3.2009271090706735,72
PF,15,56,47,3.6911895183975574,0.0,30,300,False,10,14,True,1.4258983664750726,4.077749841095501,200,104.05982905982906,17.785713805702482,811.9055063251035,1.1133918615685592,0.5629129075639726,3.561818965725317,106
PF,15,29,50,2.915020658247437,0.0,120,450,False,4,10,True,2.047418184780965,4.488940100050927,111,57.753205128205124,18.282720361989647,802.9565427917572,0.7534437668730954,-0.6878894419990269,-4.207508889233673,71
PF,15,38,25,3.180647097523316,0.0,120,1200,False,12,20,True,1.6718757114396692,4.533632543969373,187,97.29594017094017,18.733423455294837,797.5910659911456,1.1132846176615991,0.3740774051573037,2.248310527810848,101
PF,15,57,43,3.5092704755061397,0.0,120,450,True,5,20,False,1.8665949405736801,3.7443484734590275,77,40.06303418803419,10.267192588346434,548.9374623024008,0.791984024265864,-0.36627241530757365,-3.0075655339036618,44
PF,15,49,45,3.6663369198060143,0.0,120,450,False,12,13,True,2.4267844201695725,5.7030695440322825,89,46.30662393162393,19.556653000511105,672.1415756475534,0.6530497666518162,-0.6465969219217533,-5.482004390164009,54
PF,15,53,37,3.964266590939792,0.0,45,300,False,5,16,True,1.3651749564530269,2.4439353694615376,173,90.01175213675214,13.314987260900189,1009.4510793311701,1.169224000779758,0.4664093785566805,2.777731812585226,83
PF,15,53,28,3.4001193450991036,0.0,120,1200,True,8,12,False,1.8835315044947134,3.584466709948604,103,53.590811965811966,16.665877959571763,834.2062715829438,1.1470661045512496,0.34342939639963477,1.2506919810384003,52
PF,15,42,14,3.8233986531611004,0.0,120,450,False,4,11,True,1.6480756396074423,3.230003604795405,110,57.23290598290598,9.123603850733266,558.0926008992662,1.5860991729982017,1.9456053790718384,4.6490626344536965,63
PF,15,40,33,3.4656356968466966,0.0,120,300,False,5,19,True,2.262667326451004,6.026851678511799,87,45.26602564102564,15.558987365064034,526.9360657646042,0.9611270135993842,-0.0926692136209112,-0.4577766616813689,45
PF,15,48,22,3.673719959311604,8.0,60,300,False,11,15,True,1.5624073640605094,2.308928250465874,156,81.16666666666666,15.37004229148772,1245.89483103868,1.5092756403384173,3.0041180318943748,6.744321177873093,84
PF,15,29,36,3.65017130641007,0.0,120,450,False,8,10,False,2.0578685646138135,5.112411330705417,113,58.793803418803414,17.56424044416438,690.3680808325521,0.9707218818854367,-0.10164088441063315,-0.7232837537554624,70
PF,15,45,43,3.9134002798627834,3.0,60,450,False,7,20,True,1.328606747295175,3.096465749936967,254,132.1559829059829,13.456255369226781,795.6658163555244,1.3245390919043798,2.12068058603905,7.839309474983516,129
PF,15,46,40,3.9212290426254093,0.0,120,450,False,12,10,True,2.191790188207774,5.408983627046214,95,49.4284188034188,17.42943443049345,651.6618937903867,0.7700631323866209,-0.4565073213893039,-3.5722020955280795,55
PF,15,46,48,3.70452201557761,0.0,45,450,False,5,16,False,1.6232338064904077,6.544878232476596,201,104.5801282051282,24.955685743993218,724.7787949842227,1.3648374132684684,1.3013252513887512,10.45864974843836,103
PF,15,44,49,2.8744370287783205,0.0,120,900,False,4,17,True,1.7283119623050451,4.711047015041295,141,73.36217948717949,18.156389999005242,721.5049535176568,0.79544724162454,-0.5251844115088841,-4.266896973899493,76
PF,15,46,48,2.806680222131614,0.0,90,300,False,4,17,True,1.5199384653331114,3.2906886152966126,107,55.672008547008545,9.67857877758637,565.00187444572,0.8770027802199096,-0.2521186124905914,-1.4519163620918727,47
PF,15,17,25,3.43732710597118,6.0,120,900,False,12,17,True,1.3505090745419361,2.480943759889541,257,133.71688034188034,13.80259494053331,989.0903611688618,1.2942085362426428,1.3043421142784668,6.566141590296448,125
PF,15,49,25,3.9731526597383415,0.0,30,450,False,7,10,False,1.3431326747988206,3.0609767451311813,276,143.6025641025641,17.01717447783519,1083.035544736029,1.1511066047380702,0.8740681633285142,5.463996333067078,148
PF,15,51,11,3.102818256221796,3.0,120,450,False,10,17,False,1.240729087002546,1.1294252069352004,131,68.15918803418803,3.499387377471876,641.6754351247421,1.0083857438857802,0.01715342546482897,0.03203416201459408,72
PF,15,41,42,3.0795523608562263,0.0,120,300,False,4,18,False,2.0352757086878865,4.32426275537154,85,44.225427350427346,13.563902381030722,650.441335480587,0.821389909194932,-0.42334611656480614,-1.926016029969173,45
PF,15,45,50,3.5311580164917458,0.0,120,900,False,5,15,False,1.9262321631787673,7.825887991606347,133,69.19978632478632,21.426772389854563,515.1055555728617,0.7973986983063424,-0.5595403781708229,-4.244079473302867,71
PF,15,49,41,3.747603634113458,0.0,120,600,False,11,10,False,1.9782170511831318,4.358220289777493,109,56.712606837606835,16.39417798785371,774.3391553659258,0.7700502952784614,-0.4809536873033209,-3.873635119040666,60
PF,15,57,44,3.964260834575324,0.0,120,450,False,4,12,True,1.7121392558043524,3.1826298033498195,80,41.623931623931625,9.348636291804542,587.1238673374821,0.6644255765829958,-0.583577837263345,-5.181549812802937,48
PF,15,53,47,3.9574153395290304,0.0,120,450,False,12,14,True,2.0941424360483607,4.673429663414338,82,42.664529914529915,14.770859378736525,599.6938695985749,0.6000867873628746,-0.6682773286409354,-6.457535990872739,50
PF,15,45,25,3.92922917894061,3.0,120,600,False,8,10,False,1.5291039281831684,2.2787960888926446,160,83.24786324786325,10.188542297398032,902.6449889640775,0.979681041297593,-0.09894649669670726,-0.26202424824790155,83
PF,15,41,23,3.3709520190167486,0.0,120,600,False,11,17,False,2.164239231915844,5.66062345249347,120,62.43589743589743,19.348662025664062,673.7632124317353,1.1014559120026493,0.3344381857834813,1.189911403474218,69
PF,15,37,42,3.0939397543566196,0.0,90,450,False,5,19,False,1.7437179412620265,6.195468158851473,133,69.19978632478632,15.939167802894715,517.2475589174879,1.6002741629468034,2.4340336562616693,10.417993158890344,76
PF,15,30,29,3.5865002646719546,8.0,45,600,True,9,11,True,1.1351541598823327,0.8992633955053755,120,62.43589743589743,2.2464376250009632,489.25621093526706,1.613651576316703,2.7974318882234432,4.232003667610527,62
PF,15,35,46,3.4224799020310557,3.0,120,450,False,6,18,False,1.84107186748319,5.334840639072902,145,75.44337606837607,14.186773196384614,505.98348065351104,0.9975919737928785,-0.009874796477368459,-0.13674883845519403,83
PF,15,57,44,3.5635723469559855,4.0,120,450,False,12,13,True,1.6111790651786413,3.0730442660838997,106,55.1517094017094,9.349984623938417,590.5916521309774,0.8512738813590189,-0.36305449078790053,-2.6137815315094097,60
PF,15,35,49,3.9053719650966996,0.0,120,450,False,6,16,False,2.1574261564027575,5.00311153461685,103,53.590811965811966,19.164181679133414,755.0090011415974,0.6818528503404069,-0.720807517635008,-5.925199736494941,65
PF,30,45,11,3.0011036656247816,0.0,120,300,False,11,19,True,1.3330929476931364,3.2396954519490655,81,42.14423076923077,5.326736334099316,297.0400000000002,1.0856274545098277,0.14956771393630167,0.1441850439264536,34
PF,15,60,42,2.745329597931825,0.0,120,450,False,4,20,False,1.6828174064876744,2.941040653511257,81,42.14423076923077,8.727274068462838,612.0728709428217,0.775620091187634,-0.38635732033673925,-3.0429898081791538,50
PF,15,45,49,3.611580906359886,0.0,120,450,False,12,12,True,2.362723293895922,5.824655110888159,94,48.90811965811966,20.033701557936446,676.502305355917,0.6326868725871578,-0.7348187143586649,-5.8689027408324925,55
PF,15,32,23,3.519636582822466,0.0,150,300,False,10,17,True,1.9627088975865152,4.607945473600193,81,42.14423076923077,12.907875979511257,554.050255320703,1.245545518706726,0.6049423681865514,1.5989819310178486,41
PF,15,29,46,3.9204216934563556,0.0,30,300,False,4,20,True,1.3638139788499377,3.2888244352120446,253,131.63568376068375,18.67004865396485,1102.5676877421613,1.3449581909122665,2.0970839862083324,14.130269228055946,134
PF,15,34,36,3.9941844418866745,8.0,120,450,False,11,10,True,1.5381772062735721,2.8455526022210336,118,61.39529914529914,8.836270916795574,636.5855692394616,1.040131088736691,0.14216674019589703,0.34512437977303106,69
PF,15,36,47,3.292769412732209,8.0,120,300,False,5,17,True,1.849592712021391,3.097833589459215,89,46.30662393162393,11.055283406000187,700.7685035057451,0.6347004557411302,-0.8174832813332096,-5.023927068922095,50
PF,15,33,43,3.856161736076005,3.0,120,900,False,12,11,True,1.513961921369402,4.769186647216661,241,125.39209401709401,16.265373508180435,643.7085957480579,1.035568201275248,0.1679467334041982,0.7174730113305439,116
PF,15,49,32,3.7610763959143583,4.0,120,450,False,4,12,True,1.5123136659728813,2.9488083299564694,118,61.39529914529914,8.39967033861138,559.1605481623824,0.9970210949936592,-0.008484409195785204,-0.4488421469529343,66
PF,15,45,47,3.33685609869378,6.0,120,450,False,4,12,True,1.7473435293294377,3.15046065573448,108,56.19230769230769,12.729926309707558,770.4753243881632,0.8049040507670068,-0.48197963998487275,-3.386683180452112,61
PF,15,53,44,2.774103046640416,8.0,120,450,False,12,10,True,1.474735483132657,2.237074040714001,93,48.38782051282051,6.666200461031613,595.0098626076954,0.7849064748788778,-0.4041021662940287,-3.148790108206924,53
PF,15,46,49,3.4299252747406923,0.0,120,450,False,7,20,True,2.3504430745688536,5.911992911092613,94,48.90811965811966,19.748557937157376,658.0704532906592,0.621060049076732,-0.7571734260221593,-6.036022639570284,56
PF,15,43,45,3.1587712809232604,0.0,120,450,False,12,12,True,2.354961371744926,5.303799460313481,100,52.02991452991453,20.643717740729258,769.7289338172556,0.7211239909832985,-0.5677176092906575,-4.199690069849332,56
PF,15,50,47,3.620844600152826,0.0,120,450,False,8,20,False,2.4718533425720612,6.076643136450006,87,45.26602564102564,19.636810016461645,631.6793846711499,0.6043827119103483,-0.7082503303721566,-6.251172801382299,52
PF,15,47,38,3.471108780844521,0.0,120,450,False,7,19,False,2.32174509963511,6.023316926525687,94,48.90811965811966,18.130695243947947,604.9991747829052,0.8131592259527665,-0.37127778657697685,-2.7999061315129077,55
PF,15,51,50,3.7541718947588096,0.0,120,450,False,8,19,True,2.359576637394974,5.5287719302983325,85,44.225427350427346,18.878847452592176,671.0683785684051,0.5547039634324669,-0.8050698207507572,-7.368922855081945,52
PF,15,54,35,3.883431185363171,0.0,120,900,False,9,20,False,1.75607052393588,5.611338275566315,129,67.11858974358974,17.6155321936312,591.3158755266904,0.864493344622252,-0.2997330752479216,-3.0288164699486915,70
PF,15,53,44,3.6237636487721634,0.0,120,450,False,4,20,True,1.8823264433258233,4.096556564212297,83,43.184829059829056,11.933924194405556,560.4236352663495,0.6505947656176433,-0.609666838088641,-5.457723363555375,51
PF,15,54,42,3.566186185244303,0.0,45,450,False,8,19,False,1.3376834046567836,2.6566295604861856,198,103.01923076923076,13.583542369183519,964.5976174296102,1.3011178239262844,1.191071968065814,8.644228496976979,101
PF,30,52,29,3.5992664006546504,0.0,90,900,False,12,15,True,1.2492507348080466,1.3930043031844654,111,57.753205128205124,7.122808640711317,985.7999660895432,1.3095024319433841,1.1126998694553638,4.732829665660778,55
PF,15,56,48,3.867806689287093,0.0,120,450,False,7,19,True,2.103654473721989,4.58895067005608,80,41.623931623931625,14.593217305444464,603.5651288383755,0.6091783934310353,-0.6945390202584074,-6.113962167310315,49
PF,15,45,49,3.785175794535398,0.0,30,450,False,11,11,True,1.6047960744982337,5.494837248174282,244,126.95299145299145,28.220400698222804,986.9031782770219,1.3213028560450861,1.9421551361379144,12.367291713351761,134
PF,15,33,47,3.696404798599273,6.0,120,300,False,4,17,True,1.8429824462217552,3.983362255391682,95,49.4284188034188,12.833730763258743,601.5233028004764,0.706059342224253,-0.6633551731628928,-4.1852626926401175,51
PF,15,56,49,3.4595290617689654,0.0,120,450,False,10,18,False,2.1760043261532798,4.927951898690333,80,41.623931623931625,14.998218736616666,575.7968781745761,0.6349471085975098,-0.659350396494228,-5.481821594152545,49
PF,30,45,46,3.3114970166023134,6.0,45,450,False,7,18,True,1.2626623744895993,1.6942433681601798,114,59.31410256410256,7.49047622460477,951.6087788360712,0.5685279491226198,-0.6551845550485775,-14.539340380700207,65
PF,15,52,42,3.16500585933378,0.0,120,1200,False,4,18,False,1.5380454477859766,2.905553605807356,155,80.64636752136752,15.176281383184602,981.3665720628665,0.9213489256451408,-0.1824076398236054,-1.9474661861122837,81
PF,15,48,45,3.0096102704845475,0.0,120,450,False,9,20,True,2.39823796724292,5.528545023381296,93,48.38782051282051,20.2519122239569,716.599291822923,0.7152122460793201,-0.5650452817578434,-4.152097693201629,55
PF,15,39,43,2.256487908242403,4.0,120,450,False,11,12,True,1.2954294103425636,1.2944233734850872,137,71.28098290598291,5.485618791852748,857.2590700046743,1.2174574970913672,0.8933047094492792,2.398586936622696,73
PF,15,60,49,2.8540518709406957,8.0,120,450,False,10,20,True,1.5331326732885826,2.249289844630235,87,45.26602564102564,7.605953711139893,665.4396710503382,0.7112063565572749,-0.5181823783394784,-4.130977942244235,51
PF,15,39,31,3.26082669881305,0.0,120,600,False,4,11,True,2.035313732663927,5.0866114199145755,121,62.95619658119658,18.00200738992594,713.7698037615354,1.1598133241845894,0.41215312682782007,1.8103880496491234,66
PF,15,55,50,3.375464903074768,0.0,90,450,False,8,19,True,1.6163071356599565,4.786434601963433,105,54.631410256410255,11.875680599710735,482.44494468387484,0.9342094213182782,-0.15281748960451422,-1.2845697923623134,58
PF,30,43,30,3.864312824891398,0.0,90,450,False,6,10,True,1.3251999267644154,3.1981492194521133,98,50.98931623931624,7.1391453930097875,448.0563001209456,0.9947875791157513,-0.008677906573128362,-1.5044179146708214,50
PF,15,42,50,3.9005969760113035,0.0,120,450,False,8,19,False,2.290246159278155,5.449897354475308,99,51.50961538461538,20.30608014166191,741.4869724038978,0.6310486253417736,-0.7636643832162565,-6.2531795489755275,56
PF,15,47,50,3.6052391092742857,8.0,120,450,False,8,19,True,1.7287012759825655,3.3629942404951274,102,53.07051282051282,11.454302980915548,675.8588292100475,0.7378355814128397,-0.5934887018219416,-4.490981339552018,55
PF,15,36,50,3.1928188465822993,0.0,120,450,False,6,20,True,2.1336623139934505,4.543399433646144,102,53.07051282051282,18.744565418636103,815.5565214332324,0.6681343499118191,-0.7884713971604674,-5.72680695546021,65
PF,15,44,28,3.7808141983029424,0.0,45,450,True,4,11,True,1.1419219870741346,0.9964990814996595,157,81.6869658119658,2.889093362913524,658.8512296128745,1.3255754534920086,1.4986237102782514,3.5976886527542873,79
PF,15,34,48,2.923688728020573,0.0,120,300,False,9,20,True,2.2381656597913056,5.002745736322389,87,45.26602564102564,16.444484193746405,653.6461825983419,0.6884696990026379,-0.6546437243682316,-4.111201264840993,51
PF,15,33,19,3.5762864392560996,6.0,60,300,False,8,10,False,1.4824511768943278,3.0875720005104657,191,99.37713675213675,15.377336595916315,889.2992484374886,1.8686237136949744,5.661515709641899,12.363976871529323,101
PF,15,39,43,2.8078017502615262,0.0,120,450,True,7,20,True,1.8022816700382098,2.9749566529218106,83,43.184829059829056,8.907616221862396,600.4884050221581,1.2041317949409773,0.6471717835711444,1.4585366043733745,49
PF,15,37,43,2.6583538554728436,3.0,120,450,False,8,20,True,1.3064697671810905,1.2817581422407345,145,75.44337606837607,5.276996794872307,893.944407586255,1.2681839892115494,1.1537329728606514,3.5485661146986054,79
PF,15,19,42,3.882576855152816,0.0,60,450,False,8,14,True,1.3960193898421975,2.9518407804503175,234,121.75,17.252303478287217,1111.1121578990328,1.8418296072551552,4.644620299175773,22.42488572938873,123
PF,15,52,49,2.7961807284110356,0.0,120,450,False,12,11,True,1.9270310981858383,3.962359710930003,84,43.705128205128204,13.210789355318571,628.8111480196798,0.6517252069940938,-0.6606871226368657,-4.952066245604523,53
PF,15,48,50,3.3873241832363394,0.0,60,450,False,5,19,True,1.7550435285944141,3.2675994059086393,156,81.16666666666666,22.15515240232035,1309.5499936548222,1.327144660597176,1.2231583859509738,6.942269252547072,88
PF,15,39,44,3.283665294552394,0.0,120,450,False,12,14,True,2.1174596834477883,4.4324550071872135,102,53.07051282051282,17.34922373361325,797.8568116299026,0.742781943393506,-0.598633066862002,-3.9632205125984092,60
PF,15,45,47,3.9615215640773065,0.0,120,1200,False,9,18,True,1.7002653043977407,5.170215971823666,153,79.60576923076923,19.136220792932647,695.6100998636743,0.8883258055515926,-0.2994743551558734,-2.7166882414219438,79
PF,15,41,46,3.8987985867929935,0.0,120,450,False,5,11,True,2.3595839845609783,5.733882539161762,101,52.550213675213676,21.094730204042612,730.115384410377,0.6742223270996445,-0.7037872200901608,-5.471173281010851,58
PF,15,60,21,3.5624777260670215,4.0,120,450,False,12,16,True,1.4894017512626865,1.9486297563791084,108,56.19230769230769,7.233327728015241,744.8750435177293,1.1937378616556926,0.7207650951597135,1.7215286448915212,62
PF,15,40,48,3.7485709236572764,0.0,120,450,False,5,12,True,2.314144618393745,5.539241350514828,101,52.550213675213676,20.468399306011797,733.4216753008728,0.6525146086573824,-0.7416178249167886,-5.7765309115801955,58
PF,15,48,35,2.6550706085961364,3.0,120,450,False,11,12,True,1.4081028761075325,1.8229383017518228,134,69.72008547008546,6.5715060034853225,756.960728969224,1.16305647437726,0.6645312360566661,1.9073502379687788,70
PF,15,44,21,3.9979422554072044,0.0,120,450,False,12,15,True,1.951884581661911,3.898341719970075,102,53.07051282051282,14.201152852633927,699.6779352032733,1.2224435546221772,0.7952352392272793,2.0683328552760454,58
PF,15,39,35,1.8603807830694055,4.0,90,1200,False,4,19,False,1.2730097942784182,4.129041529265857,353,183.6655982905983,12.58586706060506,559.1541856045851,1.4655435993208397,2.3578392468304417,13.035823233266445,174
PF,15,37,26,3.0614076791735387,0.0,120,450,False,7,12,True,2.3449367216934043,5.931406592936324,106,55.1517094017094,19.913489539346514,666.4183612711978,1.0789875141664163,0.25022042426814733,0.7314863458434203,65
PF,15,50,45,3.3813763491060502,0.0,30,450,False,8,19,False,1.4021763325119132,2.884205377512715,250,130.07478632478632,20.271648319599134,1348.1915824024009,1.0246036627717432,0.13116897389684873,1.2058821501358836,132
PF,15,45,41,3.9519647196500096,0.0,120,600,False,12,11,True,2.0333106534529652,4.935242851372795,113,58.793803418803414,17.668202363978917,731.1199140881907,0.7589672851032574,-0.5052775118997112,-4.320149982695254,61
PF,30,38,47,3.9387047719976933,0.0,45,450,False,5,13,True,1.8313771948876945,4.9824384896755705,91,47.34722222222222,22.097845560037054,873.2758424427186,0.5878366916298351,-0.6251789499610944,-16.315783288766788,64
PF,15,42,45,3.76597430323216,0.0,120,450,False,4,10,True,2.4440181043406146,6.194509527932735,101,52.550213675213676,21.84017922495702,697.0262531848161,0.7007373322941838,-0.6395165897357283,-4.88854851353773,57
PF,15,37,26,3.6033500651538692,0.0,120,450,False,4,10,False,2.4247932320790833,6.985352639760443,106,55.1517094017094,20.850865017679027,588.7526257175005,1.0248326251849837,0.07470624600444326,0.044311914683198506,64
PF,15,50,47,3.7352267276207933,0.0,45,450,False,5,12,True,1.6139313618944544,6.31677889169349,194,100.93803418803418,23.475798453004973,709.6014509911379,1.2152953803108348,0.8203878658470666,6.429161912528827,100
PF,15,33,23,3.059940939453033,0.0,120,450,False,4,12,False,2.1696350033355616,5.128023011562745,113,58.793803418803414,18.47826090029351,707.0938052764635,1.0739227036327066,0.27532570831610126,0.7381021746566392,72
PF,15,46,41,2.9044575672857054,0.0,120,450,False,4,11,True,2.244279093028541,5.168223548339823,95,49.4284188034188,17.452393282777482,683.891699147217,0.8314855790367183,-0.3529546320952689,-2.41592408235846,56
PF,15,39,49,3.9689831236189663,0.0,120,300,True,4,17,True,1.7717107815045217,2.653312357872445,79,41.10363247863248,8.552526726364693,634.2491546069676,1.3650816927526073,1.3285443883499277,2.795800809763495,39
PF,15,50,40,3.7715641164416565,3.0,120,450,False,9,18,False,1.6024484201040423,3.384447143859291,125,65.03739316239316,9.790767447342258,559.02260788788,0.9001384097711917,-0.3506568586751923,-1.5319968953891965,67
PF,15,21,35,3.499651544332034,6.0,45,450,False,4,12,False,1.2625085984638695,4.309119965820943,359,186.78739316239316,16.835794353302575,723.4724034246146,1.4694379207133328,2.984528313582968,15.595746580780062,173
PF,15,25,50,3.6734137991840483,0.0,150,900,False,4,10,True,1.419586027542534,2.867196373553031,139,72.32158119658119,11.746238688761546,794.4723170021095,1.0679191099014875,0.20070678924540095,1.0046930679842885,65
PF,15,46,47,3.4506241989762088,4.0,60,300,False,8,10,True,1.670266456080234,3.989254124121163,174,90.53205128205128,19.068566279639974,863.5427973650344,1.1576680582805023,0.5805114970725531,2.4154329598121533,91
PF,15,38,40,3.8179112792786674,0.0,60,450,False,4,11,True,1.6893909239669729,5.225869092949743,181,94.1741452991453,20.810798112802374,792.275117852017,1.9013579245319674,4.098161739000462,20.24120717464558,98
PF,15,49,44,3.9443105875521693,0.0,30,450,False,9,19,True,1.4295474533196366,3.8324515901157876,245,127.47329059829059,20.92165535668014,1064.8045109160266,0.9973934763363557,-0.014685722251493047,0.3718555020241078,132
PF,15,22,11,3.8346644467765634,6.0,120,450,False,5,10,False,1.342458271246674,1.5897626813059365,157,81.6869658119658,5.838828954200124,743.3179705187824,1.297000691542617,0.7987081746486892,3.28136805316148,91
PF,15,39,33,3.541962891746756,0.0,60,300,False,4,15,True,1.746496781211122,3.9801025907445906,153,79.60576923076923,19.048595418484812,949.8539791875723,1.639738867601827,3.3530437007798057,9.497900339514754,75
PF,15,43,50,3.8463797078492483,0.0,30,450,True,5,12,True,1.1152575624599215,0.9041174603784338,205,106.66132478632478,3.9034673527905714,826.0170097293994,1.0570225922018714,0.3089278851644269,1.2232137123405997,106
PF,15,53,17,3.96645469515138,0.0,60,450,False,6,11,True,1.4339273272839614,2.6100973747196403,176,91.57264957264957,11.817215799212764,885.6699999999992,1.7381200978456217,3.9885429860536705,11.708293063347716,99
PF,30,15,27,2.874971477945007,8.0,120,600,False,6,12,False,1.5669928016696035,5.7285567524132555,150,78.0448717948718,15.865841959234574,521.6096738608815,1.340185805786856,1.2648929011640933,8.627981609768787,83
PF,15,42,45,3.850216168874201,0.0,120,300,False,7,20,False,2.333745863376896,5.954838277971196,85,44.225427350427346,17.56549034632277,585.7133125602135,0.6890896149803475,-0.6856830671398023,-3.9132708414258066,44
PF,15,28,25,3.2836484238923376,0.0,45,900,False,11,10,False,1.2142379225626772,2.9913665852716895,382,198.7542735042735,12.96029400788818,871.0123435503983,2.0997909366561616,7.76910943132519,35.3944840570307,177
PF,15,51,26,3.3178411425116154,0.0,120,450,False,4,11,False,2.3937927053591403,5.096786506638211,90,46.82692307692307,17.98034151870981,703.8186572576642,0.8902259094316021,-0.23947898528032666,-1.6358099121331935,54
PF,15,41,18,3.6302105432794303,0.0,120,450,False,4,10,False,1.830750283756796,3.489528722129097,106,55.1517094017094,11.717500753458992,659.3369438886364,1.3787851314860469,1.1167321759364774,3.5278314783080242,62
PF,15,54,26,2.9318556593192193,0.0,30,450,False,4,11,False,1.266302602564594,1.9730486502034525,281,146.20405982905982,14.048979281328993,1328.7275794736622,1.1666266182350964,0.9151319634412279,5.642391824054991,144
PF,15,29,30,3.363961421102135,3.0,120,450,False,5,10,False,1.4408175400487113,2.1458798910545833,157,81.6869658119658,8.794663434213831,789.7761540333831,1.3101682839662234,1.7825590348703515,4.4990356763408315,89
PF,15,54,47,3.782800949060532,6.0,90,450,False,12,15,True,1.7330731216690436,3.808666712670014,123,63.99679487179487,16.297321624233042,783.2445515343716,1.1990838870166916,0.6582224185274467,2.6869423796717076,65
PF,15,44,25,3.6149383607004446,3.0,120,450,False,9,11,False,1.5633584191670271,2.0986581379731897,139,72.32158119658119,9.259860926563364,888.0408961163107,1.0912367364831204,0.4147406624233923,1.200357735665174,70
PF,15,46,48,3.97950151990122,3.0,30,900,False,7,16,True,1.2158809253587444,5.078527356436221,530,275.758547008547,21.41748965842912,708.164145472226,1.028348554869834,0.20961173651586415,3.860865691664998,267
PF,15,34,24,2.9159205670506543,0.0,150,1200,False,9,10,False,1.4827330818119075,3.3405558881769077,172,89.49145299145299,12.503245367198277,737.9887019156731,1.269097705499795,0.8497188148591213,3.8924134367111587,82
PF,15,48,22,2.301316874783713,0.0,120,1200,False,4,10,False,1.5514153324680537,3.7296019928364763,187,97.29594017094017,15.008926138266403,741.0401342358109,1.2584601262188553,0.6992352784661714,4.352418076482405,94
PF,15,25,39,2.848614002533406,3.0,90,450,True,6,11,True,1.2590669410907205,1.2721712385802229,94,48.90811965811966,2.823596607014277,428.8022782624531,1.2225792495089705,0.8285051539214364,1.1217121826887906,45
PF,15,44,40,3.584962468839759,0.0,120,300,False,4,10,True,1.7314226104490693,3.473118823915181,84,43.705128205128204,9.425675939217024,544.6069627987666,0.7789073362512642,-0.46771827498938867,-2.552104099442481,44
PF,15,33,47,3.3493836869754476,6.0,120,450,False,11,19,True,1.658094920449748,3.4257816492815083,123,63.99679487179487,12.880979988189617,712.9457905125221,0.8987731381871263,-0.33719353216048775,-2.1709561519688214,74
PF,30,49,22,3.198316137570993,0.0,120,450,False,4,11,False,1.3367281342431752,1.9907557152334445,84,43.705128205128204,6.209866906862758,562.7882764987644,0.8393038624837335,-0.31140833684918323,-2.645534763841578,42
PF,15,32,44,2.8328003810235343,0.0,45,300,False,4,16,True,1.5479613099160994,4.806699868872917,210,109.26282051282051,20.196062225370877,803.4638554033845,1.4801815569057368,1.9894994428536925,12.22658922988723,103
PF,15,57,29,3.8572380847142616,0.0,120,450,False,6,13,False,1.8682620564099663,4.1231824982924525,82,42.664529914529915,10.745305656716353,513.6531821107794,0.8996708501489596,-0.19643881506174835,-1.6812944162754193,50
PF,15,37,42,3.6337344298717036,0.0,120,450,False,4,10,False,2.0854943168015216,4.8480164265557,103,53.590811965811966,17.00904528222595,711.8947737666875,0.8191892413668856,-0.5060755035348701,-2.9497816214379626,62
PF,15,54,41,3.0977293136419113,0.0,120,450,False,9,19,True,1.8168162809518307,3.4858133867057965,83,43.184829059829056,11.137906293764436,627.9872084266931,0.7541805140248085,-0.4591089361450892,-3.514206288531379,52
PF,15,46,21,3.426674069209057,0.0,45,600,False,4,11,False,1.2695628782474708,2.5123898369944673,273,142.04166666666666,12.739330046562621,967.9093599336909,1.65612085803887,4.829419639148438,18.19825385225281,140
PF,15,44,47,3.097210679621665,4.0,120,450,False,9,18,False,1.7455764354257786,4.586917771669999,127,66.07799145299145,12.819432250003844,533.7048412032786,0.87203335540896,-0.38236716099782647,-2.242454355932341,67
PF,15,57,23,3.3526975056751493,0.0,120,450,False,6,10,False,1.863142614023694,3.2188333834539975,83,43.184829059829056,10.392750352010157,629.2584302795804,0.9334429255558823,-0.16396458488606375,-0.9989773500742193,53
PF,15,26,42,3.479992181201315,0.0,120,1200,False,4,20,True,1.5139080784195114,3.89718667758565,196,101.97863247863248,18.134349606498166,868.537730331876,1.3357005463556844,0.8484151425717614,6.722567068077532,97
PF,15,35,25,3.162758255447026,0.0,120,300,False,4,10,False,2.1990183769318565,4.797075214340446,89,46.30662393162393,15.093496455246548,631.9023026157103,0.9561307039650557,-0.11380258552661798,-0.4849367818783633,52
PF,15,58,28,1.4603001402839115,6.0,30,1200,True,5,17,True,1.0777404079720903,0.713442367045069,525,273.15705128205127,6.676664148367924,1407.9758828282143,1.2372006357771335,1.354375724308605,9.384437847492833,243
PF,15,38,44,2.8818661309206184,0.0,150,450,False,10,20,True,1.7978925218880493,2.9825377016387145,84,43.705128205128204,10.94695514952156,785.1878860787023,0.8554897484960656,-0.3163713267911736,-2.0107393104233005,49
PF,15,47,48,3.1923683719133695,0.0,120,600,False,9,19,True,1.919556780281757,3.985175249472098,111,57.753205128205124,16.830669895767098,840.8836090455969,0.7218737841026046,-0.5749382416066299,-4.603430795935767,60
PF,15,47,29,2.2772500682469063,3.0,60,300,False,12,18,True,1.3575320561372894,2.4407640446967336,204,106.14102564102564,9.905950636984125,749.1568369339352,1.2200759917155326,0.9112612168326858,3.3695145884490745,104
PF,15,48,28,3.9941831413063738,0.0,120,1200,False,5,11,False,1.7629494823033498,6.234099319613051,164,85.32905982905983,20.341666566580894,607.699999999998,1.1347598351330839,0.3236620709453286,2.2484844565798645,83
PF,15,54,42,3.6965823857909292,4.0,120,450,False,5,18,True,1.5706909675880216,3.133668241698396,109,56.712606837606835,8.84163539815485,560.1641973695872,0.851340545918365,-0.3689461148805977,-2.626424896229965,62
PF,15,35,48,3.0241003039448247,0.0,60,900,False,12,12,True,1.3662881760474874,2.5287910973589183,253,131.63568376068375,16.713196838950534,1268.1608402077936,1.6873797317168242,2.7191895166755202,20.153419826779945,129
PF,15,50,41,3.8317149193499107,0.0,120,300,False,8,19,True,1.6780688448345755,2.8445796826419985,77,40.06303418803419,8.445673375130685,598.315357470166,0.620381551284124,-0.6374652551595438,-4.259592608996336,39
PF,30,44,32,3.732089165403749,3.0,120,450,False,4,12,True,1.2528050524963124,1.7834796994302275,108,56.19230769230769,5.844082470857787,616.68164230362,0.5417752177068135,-0.887926762648388,-7.4591344097702486,48
PF,15,46,47,3.232888212306341,0.0,120,600,False,12,20,False,1.9490398918067624,4.102967757005778,111,57.753205128205124,17.301603362191845,838.2815139657358,0.7236632988282288,-0.5815990686457952,-4.658304914671193,61
PF,15,55,33,3.7543250928606793,8.0,60,450,False,5,10,False,1.4993933958443706,2.7045147785645987,176,91.57264957264957,15.966659519278574,1115.8952909206419,1.3728329006865383,1.296462348959661,6.876617883692637,94
PF,15,39,38,3.1427709044504732,8.0,150,450,False,6,18,False,1.1678721996910006,0.445547824091532,92,47.86752136752136,1.7546302404822738,1212.8806755533242,1.022691175814122,0.053419174680726496,-0.053788182063376905,51
PF,15,57,29,2.6522241630514833,3.0,120,450,False,4,12,False,1.4182017798649174,1.751283755299943,121,62.95619658119658,6.446663145758753,747.1957657691928,1.1273915090075508,0.4376188971884568,1.2831384757683324,65
PF,15,45,24,3.0842620716514695,0.0,150,450,False,5,14,False,1.8379367709819,3.333041298347034,81,42.14423076923077,10.953614096024722,683.0929906733298,1.0458582535922898,0.09954974177776761,0.08451028965922242,44
PF,15,45,21,3.5230972673256686,0.0,120,900,False,12,13,True,1.593530955788783,4.0109012541788545,150,78.0448717948718,14.379497180562243,672.9799999999982,1.2349994436230696,0.8443476420590198,3.8147952493215027,81
PF,15,31,41,3.472167758756486,0.0,120,300,False,4,16,True,2.0474998461667826,4.827245669199885,90,46.82692307692307,13.970536829542837,596.1552760116781,0.8095428603573921,-0.41743585821844315,-2.513753959915043,53
PF,15,49,21,3.118068224337578,6.0,45,450,False,4,10,False,1.3202730511696763,3.8071118352397106,272,141.52136752136752,14.732811577837069,721.3166669031007,1.5839314118272048,3.580188056886721,13.605422200667267,136
PF,15,58,18,3.8187653332684146,0.0,120,450,False,12,18,True,1.6027795086571082,1.6632220785019345,83,43.184829059829056,6.9022752309193915,867.7309923954059,1.0792421717111131,0.17991121658763815,0.48043280456936455,53
PF,15,40,46,2.9060203141970695,3.0,60,450,False,12,12,True,1.3436863498219263,2.4561604579475333,277,144.12286324786325,13.820636730061839,1033.170870144403,1.2584270246424434,1.2992255926619074,6.418627444413572,136
PF,15,46,43,2.9271541575491327,0.0,30,150,False,7,20,True,1.1620471880892849,1.0364036563245091,181,94.1741452991453,6.402606783488911,1039.2737053889898,0.8604624316321658,-0.38209670874937446,-3.9818551681877103,103
PF,15,48,35,3.7296180825569576,6.0,30,300,False,4,17,True,1.221184684436235,1.7829895819334842,260,135.27777777777777,11.599526614285063,1191.812732735714,1.488002662159324,3.112174211912786,12.686508922059566,128
PF,15,54,36,3.948641008129905,4.0,120,450,False,8,10,True,1.4696859583016777,2.655903509439989,110,57.23290598290598,7.473606409823499,557.8927125768327,0.8813854591831006,-0.29038507262354707,-2.1099159025684435,62
PF,30,59,48,2.9500172029860927,0.0,45,450,False,8,20,True,1.5861698965114255,2.7970304525967467,80,41.623931623931625,12.726715174511744,965.0223626154964,0.6229725979918735,-0.6632168940757619,-7.392812994937867,49
PF,15,35,50,3.9256315287048777,0.0,120,900,False,6,19,True,1.7525581715068481,5.962916372708265,145,75.44337606837607,19.78254756944883,616.9973575830513,0.9141629070241696,-0.21302555672180482,-1.9062229002774704,74
PF,15,31,48,3.681321412772004,0.0,60,150,False,6,16,True,1.5969979919005513,3.8951662918507792,116,60.35470085470085,14.258159319018082,671.6751087725602,1.1203191737553986,0.36122561786239055,2.1436988407586686,63
PF,15,44,36,3.481488407442384,3.0,150,300,False,4,17,True,1.2381861027343688,0.7010266880627453,89,46.30662393162393,2.930353570211281,903.0205151829765,1.1281887795533116,0.26898177980611476,0.8055405731352776,35
PF,15,40,49,3.755267403668825,8.0,120,450,False,4,11,True,1.7841446714911036,4.080229371069239,110,57.23290598290598,13.158772061573876,630.8286067875779,0.8213974722931661,-0.4568480937838271,-3.1846891525237986,60
PF,15,43,29,3.267521008059517,0.0,60,450,False,4,10,False,1.59149304949256,3.0744871116221284,184,95.73504273504273,17.248488097580175,1109.5545699304273,2.314160541906964,7.272586704928115,24.967179234900026,98
PF,15,25,13,2.496929648990608,0.0,120,900,True,11,20,True,1.1834486531352773,0.7940136616597467,93,48.38782051282051,2.715634451749778,566.9512391408457,1.5045479262681263,1.6750614004514703,2.5250686489831344,49
PF,30,48,46,3.559425760501822,0.0,120,1200,False,4,12,True,1.4223048823589968,2.1979195858019804,91,47.34722222222222,12.230718402541136,1152.6836021688102,0.7832541511302177,-0.5653007291330134,-4.900161744651862,47
PF,15,37,20,3.9159248511307103,8.0,120,450,False,4,13,True,1.7781953615112804,3.5937370193856277,115,59.83440170940171,11.755432134372466,636.1466899945742,1.1903096946482326,0.7791035402396264,2.141763390253182,68
PF,15,48,15,2.8559687021915905,4.0,120,300,False,11,20,True,1.171797890960561,0.5848430274080245,102,53.07051282051282,2.0578157152476573,796.8070579030909,1.16617034668126,0.4957456748285002,1.0827449932908673,48
PF,15,39,43,3.8439541511690116,0.0,45,150,False,4,17,True,1.276211724506458,1.113618124851507,142,73.88247863247862,9.185822907253598,1377.2430516087934,1.4598236170451,1.7058227274456146,10.321732926664236,74
PF,15,46,49,3.5670965101596606,0.0,150,450,False,5,17,True,1.7441904369854058,2.692966978700501,80,41.623931623931625,10.55059581826036,856.5392076347225,0.6972688513602092,-0.5563466442220666,-4.111733510974643,41
PF,15,59,46,3.0614396171673195,3.0,60,450,False,4,19,False,1.3145403670165405,1.7820905055329501,234,121.75,12.010320575473632,1206.9576036033857,1.0733866752052927,0.28373807584218347,1.4196858568830737,120
PF,15,34,14,2.8368628795043302,8.0,120,300,False,12,19,True,1.5384061513500755,1.8532696315475736,100,52.02991452991453,6.354848987759163,701.2311174976525,1.3093513163037973,1.0243676820044558,2.326806262689212,55
PF,15,56,30,2.497059263282903,0.0,120,450,False,4,11,False,1.922306841307955,3.915466927676051,87,45.26602564102564,12.02730792420303,594.5043559303905,1.0648448730662894,0.12947620066232834,0.2541847794987767,52
PF,30,41,41,2.6006108616126182,8.0,120,450,False,10,20,True,1.2909094607451481,1.1610548481972212,89,46.30662393162393,5.3139634896176515,942.7480393681769,0.8429137367201119,-0.33972912979082237,-3.180403933161026,46
PF,15,41,23,3.8673610171171253,0.0,45,300,False,5,11,True,1.3943251845655598,3.3659021049206053,207,107.70192307692308,13.886504558753977,773.7639818178859,1.285829279791126,0.9760473705751996,5.036597901945116,100
PF,15,46,35,3.8219284143801096,0.0,120,450,False,4,10,True,2.2886380636485812,5.8250924603276975,96,49.94871794871795,18.390273471509445,636.0782841219815,0.8647352051146503,-0.2916483948627639,-2.130787033547404,56
PF,15,32,13,3.9090065215721554,6.0,120,300,False,12,18,True,1.3560940694016166,1.4478859450439083,104,54.11111111111111,4.636750142431351,670.9049621900068,1.3088531039949813,0.9079471145668063,2.333233277440625,57
PF,15,51,31,3.621046690629847,0.0,30,150,False,4,13,False,1.1917220306693053,1.1906424780815705,169,87.93055555555556,7.115952284543013,1028.0862841650776,1.226067326991484,1.2996129748669474,5.123586563643467,93
PF,15,40,44,2.2358949416410225,0.0,120,450,False,10,20,True,2.0412297509807744,4.751837869643594,108,56.19230769230769,16.10629706667671,688.087457335336,0.8941478655502371,-0.26219483747512234,-1.4718178863940254,61
PF,15,55,49,3.9936776442549107,8.0,120,450,False,6,18,False,1.6434797886648445,2.867000706981259,89,46.30662393162393,9.090682255298917,620.2216755036746,0.6904306466100527,-0.5555812677304737,-5.091710222960622,49
PF,15,43,47,3.509131999396603,0.0,45,900,False,7,20,False,1.3264550169659175,2.925461322930171,282,146.72435897435898,17.763081344149672,1197.288284750974,1.7630816919952297,5.034248650267522,24.757445593520735,133
PF,15,55,34,3.9574375782802504,0.0,90,450,False,5,12,True,1.4554074234429846,2.616545544056836,109,56.712606837606835,8.903861211646605,696.3722711713859,1.260693496135046,0.6580243454111038,2.691110670604023,57
PF,15,25,45,3.6239434303376763,0.0,90,450,True,5,18,True,1.4908721378911278,2.779007739579077,122,63.47649572649573,10.088574469375752,689.5569917127104,1.569554205706868,3.3499145588983175,5.288160871783525,58
PF,15,45,46,2.818714416923529,4.0,120,900,False,11,20,True,1.3751798741021526,2.7932093899189074,194,100.93803418803418,12.013374709467522,734.2440038716031,0.908367248448327,-0.2901843823268117,-2.446160266260816,98
PF,15,37,17,3.195349103448201,0.0,120,300,False,12,20,True,1.6307093305845752,1.9390925427156067,91,47.34722222222222,7.622948600259997,789.8685700324277,1.2619295644485546,0.7413169019818365,2.1605466578681605,52
PF,15,45,45,3.192587978455281,0.0,120,600,False,4,18,True,2.0162209432825184,4.441631341342846,113,58.793803418803414,18.350407640938645,816.4209938188686,0.7157128591078309,-0.5849891356395548,-5.001349895020962,63
PF,15,41,48,3.492517025695481,3.0,45,450,False,12,12,True,1.231507084441654,2.827910968174757,343,178.46260683760684,13.674612186356239,837.286422935575,1.1420789684223815,0.6190375693757595,4.387340937773188,158
PF,15,48,41,3.5931293873780588,0.0,120,300,False,5,13,False,1.6714092186484582,2.9523310740097823,79,41.10363247863248,8.485391398515379,573.8394762186977,0.6515898594250746,-0.6059776468110718,-3.898524235794552,41
PF,15,58,42,3.9768295738336166,0.0,120,450,False,8,13,True,1.6797111217021572,3.0935071642632663,79,41.10363247863248,8.786935424628075,581.4133689623445,0.7027516839032231,-0.5197583610656022,-4.4633668525891945,48
PF,15,48,32,2.6530933971959785,6.0,60,900,False,8,19,True,1.1756150183643448,1.1735949280930507,310,161.29273504273505,9.834274642246069,1482.3103017005958,1.929389026557299,3.4211108272615554,23.748948389792105,145
PF,15,50,46,3.0410057236641634,6.0,150,450,False,12,11,False,1.425346630831567,1.6878225883397122,86,44.745726495726494,6.661293176806276,750.1167449333172,0.7937195419058976,-0.39390727397130676,-2.7388056754267134,45
PF,15,34,10,3.1728868391849616,0.0,120,1200,False,6,11,False,1.3262995423125377,2.1006911474271117,276,143.6025641025641,10.401354411344904,885.3099999999986,1.232530717936923,0.5565272017758047,4.145776628648155,140
PF,15,19,29,3.4330095851740237,0.0,60,450,False,9,11,False,1.3619041874174902,2.284686393287326,257,133.71688034188034,15.039265255098897,1269.3789012426716,2.2603148176869405,7.200892464850647,28.955892147966672,133
PF,15,59,37,3.821454740949382,0.0,60,900,False,7,13,False,1.4568454984880619,2.609743985219037,207,107.70192307692308,17.959178012714723,1370.0641088493483,1.7869652290708784,3.4437045505101898,19.55892284559846,108
PF,15,40,50,3.6093912882956776,3.0,120,600,False,12,14,True,1.6467105145103114,4.838885179712412,164,85.32905982905983,13.810854285109714,546.9800993044694,0.9018442276097688,-0.36096397547077674,-1.9287304963963288,83
PF,15,43,44,3.476875286850898,0.0,120,300,False,4,19,True,1.7175139173902492,3.377767970181466,84,43.705128205128204,9.514539825005244,555.2994545387058,0.6977944830846629,-0.6538350666243355,-3.66601859265282,44
PF,15,35,33,2.6370960473050005,0.0,120,900,False,4,13,False,1.7199348839357447,5.450877160320405,169,87.93055555555556,19.12503751338623,664.5385291119119,1.3558673104650725,1.0116909048615932,5.4629802874521465,82
PF,15,57,44,3.201620530230227,0.0,120,450,False,8,20,False,1.6997868411841615,2.827279923075822,80,41.623931623931625,9.196690436924229,654.0956794338684,0.7008178105863602,-0.555711904232151,-4.324519550646277,50
PF,30,48,47,2.756133929430012,0.0,60,450,False,12,13,True,1.4629292856103293,2.666207813933009,90,46.82692307692307,10.936145639911377,890.3589368362102,0.7789673882641909,-0.3562240855009741,-6.115571833446869,56
PF,15,29,43,3.09902949204343,0.0,150,450,False,9,12,True,1.5763315894629315,2.331165059005592,93,48.38782051282051,8.88473129672779,850.326475946939,0.9371567765820493,-0.17169232386770328,-1.1600198742565189,56
PF,15,59,47,3.6548860273339323,3.0,120,450,False,12,11,True,1.7040034600359641,3.377399421073469,115,59.83440170940171,10.852953506226566,614.6574945170602,0.7780812776638488,-0.6848859826246947,-3.4469882338252664,63
PF,15,55,31,3.5603790871870324,4.0,120,450,False,4,11,False,1.5511231228890283,3.2162392996047204,110,57.23290598290598,8.382711423230868,506.29617267751144,1.0181842694224241,0.04769934317643844,-0.2454568617536837,61
PF,15,40,49,3.87023550440139,0.0,120,300,False,12,11,True,2.2140633675875465,5.167039576234565,84,43.705128205128204,16.29960474362808,631.6823034193907,0.646425378688892,-0.7274430172242233,-4.580566330826806,44
PF,15,36,47,3.996727296288154,6.0,120,450,False,8,14,True,1.9164640511879227,4.779976090174856,116,60.35470085470085,15.795704963930504,631.191658176242,0.7649176901914168,-0.680028745907688,-4.960350831790905,71
PF,15,49,40,3.6820769997749596,8.0,45,300,False,9,18,True,1.403502678249778,2.620892976736174,195,101.45833333333333,15.143420137790471,1099.5536357849946,1.0410554418072628,0.10178253582438124,0.19587734584966954,94
PF,15,42,30,3.3282305218942128,0.0,120,450,False,6,10,False,2.2399369817753683,5.326543782519958,103,53.590811965811966,18.2259694206545,686.7118542337354,1.0776243638137741,0.19654453763631466,0.6345679929644297,59
PF,15,50,32,3.2912886220850766,6.0,120,1200,False,8,11,True,1.3299498603842184,2.1055675974634815,197,102.49893162393163,12.22049789294341,981.3151124697426,1.0806345166380287,0.27895150325362017,1.5274438872495866,100
PF,30,22,37,3.653438955844297,3.0,60,150,False,5,11,False,1.4551027698516463,3.8360727612518493,109,56.712606837606835,10.587028566625671,489.4357485178143,0.8976282516579371,-0.33571855988576976,-1.7538893436495602,65
PF,15,48,49,3.012385740787375,0.0,120,450,False,12,13,True,2.295221727489099,5.015453473688917,92,47.86752136752136,19.066939268928323,747.8132051687797,0.6564359541655554,-0.676480592945651,-5.061614774253244,55
PF,15,60,48,3.4584293444579446,0.0,30,150,False,12,11,True,1.2282416290653795,1.199279886489494,158,82.20726495726495,8.433911658443304,1171.577121663899,0.9893539723686391,-0.03661327553914051,0.09822167755522393,82
PF,15,56,45,3.360358827841311,4.0,45,300,True,6,17,True,1.3059289797877305,2.3868363664612606,182,94.69444444444444,10.025195390540866,735.9363809208076,1.5390205428684616,2.8162648933630345,7.518957823702165,92
PF,15,45,40,3.2958794256338404,0.0,45,900,False,11,13,True,1.321803901656227,2.6946245796811046,292,151.92735042735043,17.491345350013873,1275.6480510907868,1.4739213420545896,1.8292530413559476,16.085649655195343,136
PF,15,46,49,3.983222920115572,3.0,120,450,False,5,11,True,1.7073018246997387,4.278486334514833,131,68.15918803418803,12.261471931419402,543.6862999025134,0.8128316580013464,-0.6681390790098007,-3.0331638164286883,69
PF,15,30,22,1.3944163765983058,3.0,30,150,True,10,14,False,1.0869842881387088,0.39854056234121776,112,58.27350427350427,2.380027116493869,686.9584850838673,1.4446741203619307,1.8581890744960314,4.559415889107326,57
PF,15,30,49,2.8571323139431617,3.0,60,150,False,5,11,True,1.360817580641574,1.3659218048922035,141,73.36217948717949,9.124960237829162,1079.2769253349522,1.022069418236707,0.07267410440995466,0.5808474866114537,80
PF,15,52,37,3.5670531922156385,0.0,90,450,False,8,19,False,1.798527250182317,5.067226726515676,110,57.23290598290598,14.741520855005255,598.1235934694323,1.1280797365638187,0.3316845783321798,1.286362809668616,62
PF,15,27,17,3.349896353111856,0.0,30,450,False,4,10,True,1.110417449618477,1.1800060665181265,396,206.03846153846152,6.644016675860975,1121.8555159557309,1.3858159452822436,2.795199104701079,13.10458320880457,200
PF,15,26,32,3.217820158012471,0.0,150,450,False,5,10,False,1.7141119770133602,4.240382760984135,98,50.98931623931624,12.301772084698042,580.7191233200036,1.167335305484373,0.4791677765721683,1.5157409052718258,56
PF,15,56,50,3.477948970405524,0.0,120,1200,True,4,12,True,1.4065314280140273,2.6135844014476795,125,65.03739316239316,7.954710530745243,549.7430927710748,1.3145814698963898,0.8285257984675551,3.086013103633034,62
PF,15,47,30,3.777598263926811,0.0,90,300,False,10,20,True,1.4972714941093546,2.8365122716610283,105,54.631410256410255,9.104811873548295,630.6019909195566,1.2716402606360933,0.7593174340692703,2.282119363940295,46
PF,15,34,36,3.1466949305241387,6.0,30,600,True,5,10,False,1.2860265015428167,2.812867662407846,185,96.25534188034187,9.454822831343176,633.4273445064139,1.1697507279217114,0.7599437146819813,3.92448382953483,85
PF,15,42,25,2.9698030137669584,0.0,150,900,False,4,10,False,1.4890159209730327,3.463894194684668,130,67.63888888888889,10.59625345308164,600.9305640840314,1.2580794433361362,0.8038870853668533,3.443516500474818,65
PF,15,44,33,3.6807065663706626,0.0,30,450,False,4,11,True,1.5308803433766947,5.471131515275356,270,140.48076923076923,25.45895751047465,902.2879827434526,1.5056948012721096,4.650599311473935,17.77950236801976,143
PF,15,32,33,3.6600455519592776,8.0,90,450,False,5,11,True,1.3893337766729055,2.753600932689874,157,81.6869658119658,10.450703402328548,731.1467868558514,1.4912249669905524,2.568557608032471,8.95430890422564,88
PF,15,55,23,3.508439451511079,0.0,120,900,False,5,15,False,1.7207381279795066,4.790279356272242,135,70.24038461538461,15.969797730107466,635.9818483543534,0.9301433049435266,-0.19893924611263633,-1.6411928025409575,75
PF,15,32,29,3.4666724914282323,0.0,120,450,False,4,11,False,2.2292088780765145,6.858469040080448,112,58.27350427350427,19.316509629525967,555.3628292102164,1.0888714200577523,0.32667416481023803,0.9362611175841211,69
PF,15,57,22,2.5042782715662453,8.0,120,600,False,8,14,True,1.395910629253546,1.9861155807472644,117,60.875,6.454987242291047,652.659992874352,1.1266040226447855,0.38774591657602037,1.2849760634053649,64
PF,15,46,45,2.3461310986294426,6.0,120,450,False,8,19,True,1.718296700940472,3.3507411636885793,114,59.31410256410256,12.078672583279143,678.8805819322113,1.0047659055250149,0.012497382243664073,-0.24147800107336098,63
PF,15,43,45,3.9370385907576724,0.0,120,900,True,8,15,True,1.8671254584738184,6.238233425141074,101,52.550213675213676,13.932267436210093,424.3013652583341,1.7056166842642424,2.3910429329902803,5.643325420925063,54
PF,15,51,35,3.409655431812422,0.0,90,450,False,11,12,True,1.8556793219673862,5.141396808296381,112,58.27350427350427,15.551377162046593,620.8465944332409,1.1795903177280744,0.4951663933924404,1.908543878358705,63
PF,15,33,46,3.846994616937809,0.0,120,450,False,4,11,True,2.084422508343471,5.150171333100704,109,56.712606837606835,18.981480630945157,724.9469077689151,0.7009058838259701,-0.6765963814233559,-5.619737151191914,67
PF,15,44,22,2.9551503925338793,4.0,90,450,False,12,11,False,1.4819465463874768,3.3748706736616563,169,87.93055555555556,11.884795869355191,654.0364560080117,1.314026080676158,1.2239903321804066,3.658815890808456,87
PF,15,41,23,3.869214528721767,0.0,120,450,False,6,14,True,2.302301977561012,5.2584035260476245,104,54.11111111111111,18.983010574700398,713.3952243646318,1.137880370990623,0.4633967490989578,1.355138845460035,61
PF,15,50,43,3.5283491652461034,3.0,90,1200,False,4,17,True,1.2700635976415044,3.1385083116736068,308,160.25213675213675,14.37701815665264,771.7510148104525,1.3933026012662872,2.5100365872425487,12.177310550176685,155
PF,15,36,14,3.693926905326457,4.0,90,450,False,4,10,False,1.4079494545710012,2.79975488390211,184,95.73504273504273,9.266525909654352,646.6406283811298,1.5327947126345536,2.887881803855784,6.258616405486447,99
PF,15,40,43,3.145038720013637,0.0,30,450,True,11,13,True,1.2664266106317381,1.068423175524435,85,44.225427350427346,2.9019258608428875,419.4426746887359,1.7898759818622145,3.823546051584931,2.350097873905557,45
PF,15,50,47,3.6084855016104034,0.0,30,300,False,6,17,True,1.3416738683901315,1.9788590527998104,209,108.74252136752136,15.548501791551594,1410.571056849357,1.1656690119149287,0.9518802958062806,5.074630334295201,110
PF,15,53,48,3.3347900517315647,0.0,120,450,False,11,20,True,2.0536512463546375,3.924960855407636,82,42.664529914529915,14.267587771017064,695.0006108256488,0.6035079862335784,-0.695479804246394,-6.141047094950377,52
PF,15,42,49,3.8567296249714276,3.0,120,450,False,10,12,True,1.7067777614675883,4.476759435946152,137,71.28098290598291,12.493720087970605,532.2677673287659,0.922568687344225,-0.3075869764465077,-1.17731474704985,72
PF,15,32,32,3.2650067065225294,8.0,120,1200,False,9,10,False,1.399954189306723,3.093382819716531,221,114.98611111111111,13.630766707128354,836.8813684433683,1.1824296711241564,0.559878309748302,4.056929365457231,112
PF,15,42,50,3.9749416772029402,0.0,120,450,False,8,18,True,2.2735025366089854,5.382303904841075,99,51.50961538461538,20.174805542284297,746.5133721147901,0.6260569977526923,-0.7715862938162488,-6.384196719283057,56
PF,15,48,41,3.8654008486147946,4.0,45,450,False,11,15,True,1.315594858394892,4.113656324617012,289,150.36645299145297,15.951297772114842,728.4298186272109,1.1494321818346447,0.7046021788349026,4.912522465620013,140
PF,15,24,22,3.8797654149377547,0.0,120,450,False,9,13,False,1.7282362596273628,3.2400046481732137,127,66.07799145299145,13.172047380282946,782.3889675650461,1.1807969313506328,0.7808678348182719,2.0745688323864058,76
PF,15,49,18,3.50556594989445,3.0,90,600,False,10,14,True,1.400635061964426,1.8378290943667246,196,101.97863247863248,9.73267134166804,1044.5839376267581,1.2354414809366316,1.3817643915312574,3.446398109704586,103
PF,15,33,24,3.6773831776474664,0.0,120,600,False,4,10,False,1.9257581682572107,4.270618680570212,131,68.15918803418803,17.58193679846868,819.3772235935388,1.0349682158205558,0.1120270088802197,0.3142333832118401,76
PF,15,42,42,3.0817337058498024,0.0,120,450,False,8,11,True,2.185793066043478,4.867918189593211,101,52.550213675213676,17.66940626634914,743.7124474035479,0.8231343177143468,-0.4048015809761011,-2.623126812494308,58
PF,30,41,43,3.837293089164222,4.0,120,450,False,5,19,True,1.4139932468567338,1.7124215744989364,99,51.50961538461538,10.066040531672813,1187.7468907345374,0.5353825394536346,-0.9151842971105144,-9.450232219558682,45
PF,15,59,18,3.239249820851943,0.0,120,450,False,4,12,False,1.5573813642788001,1.636052285440858,83,43.184829059829056,6.543455783774881,838.7154935625064,1.1315686918647385,0.3193789527147917,0.951662607129983,53
PF,15,47,43,3.688173152690471,8.0,120,900,False,12,13,True,1.6376994364539297,5.834524723447065,151,78.56517094017094,15.250684108686183,497.8111315333499,0.932579448063328,-0.23792985430122154,-1.5630461380068608,78
PF,15,46,45,3.6126138552713307,0.0,120,1200,False,7,20,False,1.7822921343408076,5.566016019365827,154,80.12606837606837,20.67855319336848,695.1764224861095,0.9560187244355064,-0.1199155416235935,-1.1263273943742607,80
PF,15,50,31,3.442728325643468,3.0,60,450,False,6,11,True,1.316160484675877,1.9443228053955857,248,129.03418803418802,12.033333178079344,1152.0810004573543,1.2941299636295063,1.9367213611728022,5.9880246743314025,129
PF,15,48,18,3.341997719101662,3.0,60,450,False,6,10,False,1.190560062687652,1.0961231682917918,264,137.35897435897436,7.110183534486807,1243.7617345933722,1.360024725908662,3.4281526075859605,6.731343009231914,136
PF,15,47,30,3.3802407748992835,0.0,90,450,False,4,11,False,1.9397054956462232,7.993437896710145,121,62.95619658119658,18.244566990990588,449.0956154316964,1.0914264006287069,0.21660106371313342,0.5254183605532396,66
PF,15,51,10,3.614508307989092,0.0,30,150,False,12,15,True,1.0753958877604148,0.39484369785011103,198,103.01923076923076,3.3147217711542853,1127.6020134629832,1.2077712701895387,1.0064787775244526,3.3075151066165125,106
PF,15,43,45,2.9991657917394816,4.0,120,300,False,5,19,True,1.6526890162534862,3.774499131010825,100,52.02991452991453,9.860542852929047,472.5623321201561,0.7276826735410551,-0.7796304941449905,-3.2816449504345098,51
PF,30,25,18,3.4728140524778306,6.0,30,150,False,8,13,True,1.2056597361242758,1.057898221951609,158,82.20726495726495,7.139972132163679,1207.2468662298763,0.9695615251485685,-0.12874089160509974,-0.2545546696355746,86
PF,15,37,22,3.1454507029687666,3.0,45,150,True,9,14,True,1.5842192945087747,2.2977229455577404,91,47.34722222222222,8.086716474692272,578.2396316950269,1.740579690032132,1.4930230944067666,4.263326239955912,51
PF,15,44,19,3.9842639349036055,0.0,45,450,False,4,12,True,1.3718112091008747,3.4390504473190133,247,128.51388888888889,14.870271836912172,833.8311701838902,1.7679301443920037,4.265527865457485,19.027912283651204,126
PF,15,28,48,3.7199461206606834,0.0,90,450,False,11,19,False,1.587088886526724,4.32535973346703,143,74.40277777777777,15.860250888448535,710.8228050996108,1.2962005894633086,1.286166840589566,7.267316864926589,85
PF,15,53,48,2.921491855334749,0.0,150,1200,False,9,19,False,1.5328618497590705,2.852985640187297,129,67.11858974358974,13.28307454141116,876.9393613753894,0.8301100721820686,-0.3579710242648415,-3.2489529863426676,65
PF,15,57,46,3.8390270821153427,0.0,120,450,False,6,20,False,2.008918006803991,4.294787240618862,80,41.623931623931625,12.97548391424986,585.0160119931909,0.6343942121777111,-0.6509362937445271,-5.72352040311295,49
PF,15,47,22,3.089520379886108,0.0,120,1200,True,5,10,True,1.1822302512932796,1.0396335107512045,105,54.631410256410255,1.9331260085769568,428.1250675783059,1.5362750031742531,1.3105518317980107,3.619022860315717,46
PF,15,11,36,1.6210741478035127,3.0,60,1200,True,6,14,True,1.2384248646729275,3.782375775709807,519,270.0352564102564,13.192113091500666,643.9359460481855,1.472503884243908,5.88377304549767,14.78721953394713,265
PF,15,18,43,1.228458560479893,3.0,45,900,True,6,19,True,1.0822099624594375,1.0678316246901176,584,303.85470085470087,4.70681139626002,883.5123677699507,1.3506590115685233,1.3894454883065461,11.501500813533742,275
PF,15,53,48,2.3195869531411524,0.0,30,1200,False,9,20,True,1.1952831467107066,1.851935430624929,385,200.31517094017093,13.790251425464938,1395.824704272063,1.1621265100516582,0.677728096098702,7.823233487672411,193
PF,15,52,46,3.375225760552751,0.0,60,900,False,9,17,True,1.358041594083444,1.6626192410844105,214,111.34401709401709,15.281602202762365,1775.4796985958749,1.65604582183786,2.1136098862689634,17.32793171235874,111
PF,15,48,47,2.6974737869496113,6.0,45,1200,True,10,18,True,1.2407524544046622,2.5706188593314026,229,119.14850427350427,8.805309959884775,691.7949549395362,1.5022494054651532,2.8176064737664195,11.6086296839247,105
PF,15,58,43,2.855094267351853,0.0,120,1200,False,10,12,True,1.5109552269701334,2.6760036147222657,154,80.12606837606837,14.291655153086943,994.2400256648796,0.9299787510800699,-0.15063572247762938,-1.7549995311772861,78
PF,15,44,48,3.7129018258068247,0.0,120,450,False,12,10,False,2.4186303681546226,6.177837252474501,98,50.98931623931624,21.184492691921545,677.04285657152,0.625376487569193,-0.7429664275939667,-6.050609985999791,55
PF,15,47,49,3.25839181466296,0.0,120,450,False,12,11,False,2.1914935534136286,4.650628510449926,93,48.38782051282051,18.293753789157858,777.004816497535,0.6319327208423793,-0.7148368090664783,-5.625228714354834,55
PF,15,55,42,3.0457696215539505,0.0,45,300,False,4,19,False,1.4414599553970626,3.240248977972846,174,90.53205128205128,15.001037041916058,864.6905604744161,1.1837469736731485,0.5527776891053218,3.046733176476154,83
PF,15,37,49,3.8597857817882546,0.0,120,450,False,11,10,False,2.1903944192433618,5.062179806818081,101,52.550213675213676,19.26166010399305,752.1721351997472,0.6689987290026987,-0.7406672508152606,-5.819207526492582,62
PF,15,58,24,2.9644668428844096,0.0,120,300,False,5,11,False,1.737301382404398,2.8672034539939664,77,40.06303418803419,9.021646606635592,598.8794308170726,0.8105672465564328,-0.39620310978828355,-1.6778812497818723,40
PF,15,43,48,3.2299945750776664,0.0,120,600,False,4,10,True,2.0269063771961706,4.395458724088937,114,59.31410256410256,18.47932190801796,839.5389149257752,0.6842041725806765,-0.6405118300203342,-5.6834132925112995,63
PF,30,42,26,2.604976999526624,4.0,120,600,False,5,11,False,1.3237647169667413,2.6396577212982333,122,63.47649572649573,7.550303603254996,562.2987164295618,0.9573471468233464,-0.12237958512939373,-0.6699122610437515,53
PF,30,43,43,3.626552243518179,0.0,60,450,False,12,11,False,1.482361859267474,2.972346820034191,95,49.4284188034188,12.256727507914375,854.6337914289493,0.6329788880079145,-0.5395882357718504,-12.392714740252444,60
PF,15,41,36,3.8404331276795514,8.0,120,900,False,5,11,True,1.5183257055459807,5.157089035397537,162,84.28846153846153,13.38444712446531,494.03430632299023,1.040315092302595,0.12638543278116116,0.619546375131313,83
PF,15,46,49,2.7468262061242883,0.0,45,450,False,10,19,True,1.5616090905496323,3.9739826913496645,214,111.34401709401709,21.720185709502335,1040.9429746925375,1.3120485017455745,1.077166699175219,8.652756211408144,109
PF,15,43,48,3.306687642313384,0.0,45,450,False,12,11,False,1.5381719423412399,3.790858583854729,215,111.86431623931624,22.267752928831108,1110.387423853404,1.4072417142425364,1.5463555552369463,11.72111313551236,106
PF,30,20,33,3.9763465316209774,8.0,120,450,False,6,10,False,1.6414998330090713,4.429612996632289,121,62.95619658119658,15.552455705275625,691.7935797541536,1.0181690696704297,0.069592255404085,1.7277296547117942,64
PF,15,59,44,3.185891274862258,0.0,150,900,False,9,20,True,1.390260524412739,2.0148902163023057,108,56.19230769230769,8.560207944844372,832.6880025969483,0.7081144280352922,-0.5919062870092179,-4.788401629003296,55
PF,15,34,48,3.4278449562054836,0.0,120,1200,False,5,16,True,1.564909642731328,4.778161874321368,175,91.05235042735042,16.735524884986415,674.1133713481033,1.0458773946510074,0.11744307997648808,0.7610198202315632,88
PF,15,42,48,3.5979979651561194,4.0,30,450,False,8,16,True,1.323076099397816,5.360921416171413,361,187.82799145299145,19.74145757867862,697.4305178452969,1.2166076999801065,2.1172227362483316,8.67041706447748,180
PF,15,51,35,3.9659601719255346,3.0,120,450,False,7,20,True,1.5344873518352047,2.5026326434780977,125,65.03739316239316,8.673174971901613,692.4019824952129,0.9569885544310797,-0.15210152163413845,-0.6673695228046195,66
PF,15,39,29,3.017391702019186,6.0,120,450,False,4,10,False,1.6906320115087938,3.3412194704304374,118,61.39529914529914,11.440229745366267,661.6982844570252,1.159011862230439,0.53872398929258,1.6842585792839144,66
PF,15,34,45,3.5356145047278336,0.0,45,450,False,4,10,True,1.6319221647119708,7.793440992709644,228,118.62820512820512,26.24854382751324,648.8780876323613,1.37784026200487,1.5463666212661644,12.323262562402752,122
PF,15,35,24,3.76839682657727,0.0,120,900,False,6,11,False,1.765664062747151,5.679361270677265,162,84.28846153846153,18.800520912313495,630.3113581614805,1.157176347581434,0.5121177443159178,2.784204341265109,87
PF,30,28,15,1.9401880826777562,0.0,30,900,False,9,14,False,1.1961535433002575,1.4708525385221825,337,175.34081196581195,11.653261976341852,1517.716816992083,1.473104585936872,2.214957759001584,17.507842858462688,172
PF,15,48,43,3.1926311283185,0.0,150,900,False,7,10,True,1.412719140615442,2.668848219724235,118,61.39529914529914,9.428104877778893,703.9151678859628,0.8381655520802325,-0.40358207092683257,-2.7828942502002505,60
PF,15,30,38,3.2652217812271394,0.0,150,450,False,4,11,True,1.62161690417016,2.4253807337994293,94,48.90811965811966,9.520406925863487,868.1578456104464,1.0080769737258355,0.022179708388378936,-0.25460092629074405,56
PF,15,43,25,2.8762937375246076,0.0,150,450,False,9,11,False,1.8922322597474366,3.6653434738227513,84,43.705128205128204,11.620321183608016,651.1253597868842,1.059363717126587,0.11854204759922299,0.19768806144603085,45
PF,30,47,43,3.7132706578472323,6.0,120,450,False,4,19,False,1.187012768722907,0.8107149206690376,81,42.14423076923077,3.789545331720689,992.7503836419517,0.49743765400462364,-0.8708146578630274,-10.09682640846333,41
PF,30,43,37,2.9300290364525385,3.0,30,300,False,5,15,True,1.0731542788667128,0.377675397638364,184,95.73504273504273,3.331971805430197,1537.708714451456,0.9974827517717697,-0.010979995365366335,0.41439564543238017,95
PF,15,56,42,3.8896774306099524,6.0,60,450,False,11,10,True,1.5765292300637348,4.604624548131398,179,93.13354700854701,19.202914381839992,764.713459805309,1.3269608851457741,1.1314059970003822,6.580461787792087,97
PF,15,47,32,3.7907468000542655,0.0,120,450,False,10,20,False,2.2560902526261617,5.815229351480455,96,49.94871794871795,17.81538742470133,615.7796509455701,0.9191888342548533,-0.16901315509227294,-1.4240869058967502,55
PF,15,43,23,3.9751094759608128,6.0,30,450,False,10,17,True,1.3731767912777215,4.371932663686258,342,177.94230769230768,21.780879803699225,941.6894172764642,1.1819234256540931,1.2431417472539252,6.237915197752198,178
PF,15,46,14,3.6770521897048107,0.0,45,300,False,10,18,True,1.3770129155332844,2.593474095469013,213,110.82371794871794,12.930046910235866,922.2041052275229,1.2966772999895926,0.9357107215775351,4.544405009233503,108
PF,30,23,36,2.859723708183305,8.0,150,1200,True,4,14,False,1.4300483619477904,3.4974796604975893,120,62.43589743589743,11.150414784155688,633.9595978074944,1.5956502480661496,2.1269723747354976,11.968647685442694,60
PF,15,32,30,3.622724061396254,8.0,120,450,False,4,11,False,1.5660123966054371,3.294237854307602,121,62.95619658119658,9.595534058634192,573.9423772458034,1.1148098589475806,0.4815850440410656,1.5381910843049318,72
PF,15,55,26,3.9636062424730008,8.0,120,900,False,8,19,True,1.4221425638516467,2.940571030029041,149,77.52457264957265,10.5128304361266,672.4199999999998,0.8959955519215901,-0.2773101098944232,-2.5169445895943716,79
PF,30,29,30,3.195136229626558,0.0,90,450,False,8,10,False,1.5480805507942648,4.68060116460178,111,57.753205128205124,12.1683419033148,536.9254025319287,1.5771377278269594,2.046235087681113,9.730054446104116,58
PF,15,45,43,3.964129668262073,0.0,120,900,False,12,10,False,1.837845941093622,7.087400505203217,135,70.24038461538461,19.36958970021198,523.2170285010634,0.8638206317014905,-0.3758258143089398,-2.8913154530169174,71
PF,15,38,30,3.554106094339596,0.0,60,450,False,8,18,True,1.6083912326070355,3.85332238063173,189,98.33653846153845,18.196820874873865,934.3514733004142,2.195904802424866,7.287307469144759,24.347079820537875,104
PF,30,56,41,3.6791484624502977,3.0,30,1200,False,5,15,False,0.9688388675110349,-0.26099682260803847,257,133.71688034188034,-2.122126583153768,1569.2404633745984,1.092541486837393,0.5598219958545444,4.811896702935258,132
PF,15,24,37,3.2433578695383773,0.0,120,300,False,11,11,False,1.7830055070409185,3.1125844235098494,108,56.19230769230769,12.204536982505942,822.2823489430123,1.0202567661809292,0.04800098908526106,-0.06784738398868928,62
PF,15,33,27,3.332036439699376,4.0,120,450,False,8,10,False,1.563719012348265,4.17527072093012,142,73.88247863247862,10.838765951177662,487.32920282596064,1.1540870549112276,0.5548686515736403,1.7820124026516002,80
PF,15,43,38,2.808764644718928,0.0,90,600,False,9,20,True,1.7303892467583784,6.541955544407291,156,81.16666666666666,17.182845869814976,525.5858303346764,1.64731249024351,2.2932252894575353,11.452634056152466,81
PF,15,37,46,2.248951668914106,8.0,120,1200,False,11,17,False,1.3255323455105938,2.6211358855908053,224,116.54700854700855,11.104510844008786,785.0518411823655,1.2113489651284166,0.6723292598301357,4.171029693412815,107
PF,15,42,48,3.929343531208875,0.0,120,300,False,11,11,False,2.2478946201314876,5.414471555152362,84,43.705128205128204,16.615470020431722,612.7746705254407,0.6709134656357294,-0.7080598885802687,-4.18848225654512,43
PF,15,40,25,3.7833504147424954,6.0,90,450,True,4,12,True,1.296781736651144,1.2092422025346365,100,52.02991452991453,4.114414480691958,624.6386522845066,1.8063433435922178,2.976265751377139,4.042132149331649,46
PF,15,38,46,2.7061369626721103,8.0,150,450,False,12,12,True,1.3061990150614033,0.9886953774593793,95,49.4284188034188,4.412873825616374,963.6375707482863,1.097130638467096,0.23215459403953106,0.7208245328726793,52
PF,15,37,39,3.0900783577575197,3.0,120,300,False,5,16,True,1.5145244711411021,2.329240662708343,110,57.23290598290598,7.590294678977677,619.3246590325479,0.9019490576605195,-0.3677896516019761,-0.9334656667018892,58
PF,15,33,15,1.984689772291927,0.0,30,300,False,12,19,True,1.2178551620882057,2.238785634135937,339,176.38141025641025,9.281452188349999,841.7691504773887,1.1582983881196476,0.9016672006671421,3.611067132011218,165
PF,15,44,42,3.3323661946583814,0.0,30,150,False,7,10,True,1.2117065879590678,1.371715789504965,178,92.61324786324786,7.939386417939583,1022.990480905275,1.2076062668263576,0.697935536924671,7.689545475560419,101
PF,15,55,45,3.755680680192093,4.0,120,450,False,11,10,False,1.7665261530428222,3.919810411729728,108,56.19230769230769,11.601827073811966,571.6850694825475,0.8290171362198596,-0.412686796461905,-3.00616792470409,60
PF,15,45,47,3.6916113852676467,3.0,120,450,True,7,19,False,1.7513892883122806,3.632241494171149,114,59.31410256410256,11.393152915479332,600.9675640015873,0.8745828951521836,-0.4342017082517567,-1.622421909056153,58
PF,15,60,16,3.467749659291124,4.0,45,450,False,11,12,True,1.2310679939462963,2.356028437913414,291,151.40705128205127,10.351813759402038,817.2918620012729,1.2598236452958476,1.2224509648311583,6.161161310665733,140
PF,15,51,50,3.558673197290841,0.0,120,1200,True,9,19,True,1.6994652359198643,4.360288315698304,122,63.47649572649573,13.75053359144715,559.8509561193473,1.0959184888507643,0.256935502552572,0.9794108272406119,66
PF,15,57,17,3.845283692355956,0.0,120,450,False,10,15,True,1.6239967133708928,1.8706166203738726,85,44.225427350427346,7.125515825351459,788.4084740097301,1.1729275964935602,0.41229325958150964,1.2932543326091839,53
PF,15,59,45,3.866687312639874,6.0,120,600,False,6,17,True,1.850856643880175,3.54191966298992,113,58.793803418803414,14.328644516814482,785.6289872333011,0.7588954603585839,-0.529202145760722,-4.657933152596125,62
PF,15,17,49,1.4650024604365388,6.0,150,900,False,8,15,False,1.2255913467110362,1.3617797833725738,243,126.4326923076923,7.082743761173274,959.1578623335628,1.274703295747277,1.1274784485231484,4.759094714336856,117
PF,15,35,47,3.6352668551987555,0.0,90,450,False,12,10,False,1.8777922675631038,6.927446619854466,131,68.15918803418803,19.971244318645432,558.0921747747577,1.234176414889155,0.8726366352108065,5.910645233097294,80
PF,15,50,46,3.9541333350622443,4.0,150,450,False,9,12,True,1.4876399855206384,1.3780796379553277,92,47.86752136752136,6.2930798046014065,993.4827885084452,0.9099535181015491,-0.18976560096918238,-1.5014864544467306,47
PF,15,37,43,3.529073234429496,4.0,120,450,True,4,18,True,1.8437631007959605,4.636101296280313,122,63.47649572649573,11.599180036875685,473.763559072423,1.029406352637553,0.09490592490304821,0.11831302241075992,58
PF,30,52,32,3.698005812807202,6.0,120,450,False,6,13,True,1.1667764763904442,1.347656858427118,81,42.14423076923077,3.5516787106606262,473.5457382607292,0.7972681124460751,-0.5171905405163219,-2.6729590448957348,37
PF,30,39,48,3.1521106011674203,0.0,120,900,False,9,12,True,1.5427026825992447,2.0688873630020015,92,47.86752136752136,14.565621952794162,1477.9954491762162,0.846638379403838,-0.4471632401244316,-3.7727242178660783,54
PF,30,50,33,1.8890618621735307,8.0,60,300,False,10,17,False,1.385565115173648,2.716906270458152,97,50.46901709401709,7.24754807050731,479.3318143329159,0.905251320992706,-0.1536557608326487,-1.7716780602235156,53
PF,30,34,45,2.7885688204920873,0.0,120,600,False,6,16,True,1.6113324513685405,1.9590058117932847,87,45.26602564102564,13.660022193448693,1430.183559619392,1.1035628802408795,0.31607374416434564,3.1112353864009474,48
PF,15,34,48,3.4023882419236964,0.0,30,450,False,5,12,True,1.420967979251759,3.4016251291871433,280,145.68376068376068,23.27564463447071,1318.976286515202,1.3397031933551589,1.768272378596585,14.651765584947974,150
PF,15,27,48,3.547621076923896,0.0,120,450,True,4,18,True,1.980743689491644,5.091753179082136,100,52.02991452991453,13.581227972341805,505.67512857550435,1.003068756541657,0.010762845710765018,-0.1912298075242581,53
PF,15,29,29,3.6392321798287277,0.0,30,450,False,4,12,False,1.3323559279296868,3.3548477466819318,335,174.30021367521368,19.134315018155164,1132.4746999694914,1.7174720796275558,7.515909597495363,25.3936308248404,169
PF,15,29,16,2.747689084649518,4.0,120,450,False,4,10,False,1.2449066504005188,0.9235514278878074,153,79.60576923076923,4.365976361694233,985.4950795783825,1.3318864063330194,1.2760252010597977,3.470818095743979,87
PF,30,28,36,1.7004546487534977,8.0,60,450,True,6,18,True,1.7570629422903379,9.054945816115502,156,81.16666666666666,16.511136132881106,345.38261014467963,1.4378059643779135,1.6563216505766916,8.20993023495918,83
PF,30,39,39,2.3597318251068278,4.0,120,600,True,9,16,True,1.5185195051733424,3.4570388992244077,103,53.590811965811966,7.410144372006925,427.9166874351811,1.726371966530853,3.23734871026387,4.550078105612586,43
PF,15,55,45,3.016860864314974,3.0,150,450,False,9,10,True,1.3595197816045526,1.10558956675822,95,49.4284188034188,5.030722760235195,912.1704075969094,1.0283996595364169,0.09210415072071594,0.201550191785282,48
PF,15,32,44,3.495963319131151,0.0,120,450,False,4,17,True,1.9719451836380972,4.807829299486644,109,56.712606837606835,16.50616642933958,685.7404044544106,0.7734200444939519,-0.5717575640068451,-4.058441301960503,68
PF,15,10,19,3.8567886988383364,4.0,90,900,False,7,10,True,1.4007420496277934,6.384762431471941,436,226.85042735042734,21.5709640502146,603.1248992351727,1.3907969985884074,3.6852305691423743,14.920153096841348,238
PF,15,40,19,1.6745515755120883,0.0,120,300,False,12,18,True,1.87545528152345,4.695125514899532,98,50.98931623931624,10.743321825501736,430.89749005372744,1.444399028702057,1.3766472884742833,3.1929522279211504,52
PF,15,21,11,2.8749133926167336,8.0,60,300,False,6,15,False,1.5420708393216893,3.121518844506206,243,126.4326923076923,15.55049907930977,922.149348004124,1.501517758815013,2.391384388013556,6.988137647772248,131
PF,15,51,46,3.343016869239707,6.0,120,450,False,12,10,True,1.8575534827416702,3.4909032029305402,101,52.550213675213676,13.705956148716698,740.7793747317685,0.6323558146470124,-0.708873851367595,-5.982413237327218,56
PF,15,51,38,3.645684356471084,0.0,120,450,False,6,10,True,2.303144989284634,5.629983470690256,87,45.26602564102564,16.904981705515645,602.6569155193557,0.7471957079320761,-0.48638666550207577,-3.7530244299601008,53
PF,15,34,49,3.5781663768065064,0.0,120,1200,False,5,11,False,1.5504156688146156,4.536822452319216,173,90.01175213675214,16.414059151238213,695.7397864201187,1.0231315306166722,0.05773799601275115,0.2650612326559055,87
PF,15,53,50,3.4907435883356386,0.0,120,450,False,12,12,True,2.1347426808602243,4.919465775117764,81,42.14423076923077,15.018395577500133,578.8144243874461,0.5769048439740394,-0.743921079327424,-6.815506045504855,51
PF,15,44,26,3.6925383081385754,0.0,120,900,True,4,12,True,1.6017609201877878,3.511824946948712,100,52.02991452991453,9.216350970139473,477.8503176677085,1.4302262933584975,1.1996631200500822,3.510009130055372,51
PF,15,51,35,2.35412311768672,0.0,30,450,False,12,11,True,1.262749998666875,2.1132383798539327,293,152.44764957264957,13.523953201536724,1206.0877572469285,1.1428756006656295,0.8541035250535511,4.699297783246705,148
PF,15,58,41,3.347574846907712,0.0,120,900,False,10,17,True,1.81042074468114,6.6206120021108905,126,65.5576923076923,17.539652842177453,511.41302350152,0.7248088067992089,-0.553716757715711,-5.687182339334714,70
PF,15,41,12,2.4529564287537613,3.0,90,900,True,6,13,False,1.5256909603778077,5.253881918861953,190,98.8568376068376,12.027245568932273,419.9907589849811,1.7052149811281019,3.702790288291595,9.279160874756217,96
PF,15,49,36,2.460819596294372,0.0,60,1200,False,4,12,True,1.269011098478547,2.0184690333128588,298,155.0491452991453,13.14866320319426,1325.7336452779073,1.8603549131310595,2.54443787163793,23.76810313049503,140
PF,15,56,40,3.387836944004855,6.0,90,900,False,7,12,True,1.642431245373453,5.929469424113704,186,96.77564102564102,20.813933097189842,621.4720220486738,1.5665413315951902,2.590390315056719,12.660752481668744,98
PF,15,36,33,3.1004350737111426,6.0,30,900,True,9,16,False,1.1904472279537406,2.050482718302733,298,155.0491452991453,12.816274838653964,1073.724658924231,1.296923051426954,1.4012945398412093,11.094995739661915,146
PF,30,36,41,3.8195470010781314,0.0,30,450,False,7,10,True,1.2428151961420344,1.7211625804431072,149,77.52457264957265,10.285348624845081,1253.3442584084437,0.7883209536103997,-0.46949645760927416,-7.88654361013146,82
PF,15,45,42,3.412480786309666,6.0,150,450,False,4,20,False,1.1898881330084152,0.5613551291714958,93,48.38782051282051,2.396112537644425,1109.197520193613,0.8210930618857677,-0.3464084701258813,-2.469301753522363,46
PF,15,36,16,2.2903493867611533,4.0,120,1200,False,12,17,True,1.2196932091267545,2.0291856071526264,309,160.77243589743588,8.241531119534628,737.720259361372,1.0913816406060575,0.340088042616847,1.8961669140390114,155
PF,15,54,49,3.7746825833575466,0.0,120,450,False,12,10,False,2.043246814566338,4.466352196899411,82,42.664529914529915,14.216950921795302,604.5494329199913,0.5794246059152403,-0.7245528026392536,-6.82119431789587,51
PF,15,51,22,3.2135605481473224,0.0,120,300,False,10,20,True,1.8044670873733815,2.9976345160050526,80,41.623931623931625,9.830289075808853,625.9489621419981,0.978993638539821,-0.06056880837814807,-0.2720715591362737,42
PF,15,39,45,3.3398001158440525,6.0,120,450,False,11,10,False,1.8122295071620258,3.9007182711126522,116,60.35470085470085,14.329942782100016,701.7608069031523,0.8642322620339581,-0.4001552115869394,-2.439555958976214,65
PF,30,50,49,2.9600710030588657,0.0,90,1200,False,4,19,False,1.3578781327746365,2.1790127791201845,99,51.50961538461538,12.189841148780143,1045.8441977408777,1.0190342176055984,0.05558262217950509,0.3169435234037372,54
PF,15,47,47,2.483883890868393,4.0,120,900,False,6,17,False,1.3716155719964511,3.1840062484972185,198,103.01923076923076,11.557808001964464,629.9698766978554,0.9671030020446528,-0.11342570859388708,-0.9336963697310859,96
PF,15,37,49,3.4535265291974597,3.0,30,300,True,5,16,True,1.2008739793408496,1.570594382675281,280,145.68376068376068,9.966567868165072,1050.7114993520297,1.168579539630534,1.4581486567188338,4.011362228115923,138
PF,15,53,31,3.6205936878104943,0.0,120,300,False,4,16,True,1.7789945769641065,3.7057317450607004,78,40.58333333333333,9.489735963269544,500.4571912882758,0.8155189619844928,-0.34150435964051246,-1.9622454307543087,38
PF,15,32,48,3.402963293700786,3.0,45,900,False,11,19,True,1.1869582671766103,3.6464899480097017,535,278.3600427350427,16.23409448738991,810.8596271047286,1.2942164591939802,2.425586260791095,15.784260670164866,240
PF,15,48,50,3.6406721393138173,0.0,120,900,False,5,10,True,1.9070636805843686,7.536430588217972,131,68.15918803418803,21.033605366376108,525.1879575598741,0.8241773865933025,-0.5033346771964617,-3.433526401605818,69
PF,15,46,36,2.5879862376738125,4.0,60,450,False,6,14,True,1.429349880910901,2.8551821190734135,246,127.99358974358974,15.931240916294488,1033.798970180092,1.1614836711502745,0.4965521530429825,2.8347649565910418,124
PF,15,47,41,3.4033059191704473,4.0,120,900,False,7,14,True,1.5510831398089715,5.172588151207113,188,97.81623931623932,15.303281325492168,541.991835012801,0.9038934697688239,-0.28546731490595956,-2.466091130720317,93
PF,15,45,47,3.110248428047624,8.0,120,450,False,12,10,False,1.6405551246932482,2.731859611701399,104,54.11111111111111,10.311259725852445,738.0700945696689,0.7973063360741122,-0.49050292876055795,-3.2251885271153626,57
PF,15,48,40,3.417787116520807,0.0,120,1200,False,12,15,True,1.6997044605333265,4.553432808700354,157,81.6869658119658,18.71998297068618,772.1991562776939,1.0072745710539792,0.016095944625787124,-0.16899578428676149,82
PF,15,56,47,3.915170828963397,8.0,120,450,False,12,14,True,1.7595716491135756,3.3251242020835505,88,45.78632478632478,10.263085187833632,597.0402932097616,0.7146695610046735,-0.5121238355747858,-4.647049501954588,49
PF,15,50,37,3.001008543122945,6.0,150,450,False,4,13,True,1.2885786086367939,1.0129909500226832,86,44.745726495726494,3.9402878793507194,844.5201445852756,0.9073608031042514,-0.1828925834245515,-1.3150658851823325,45
PF,15,31,30,3.511011663041059,6.0,120,1200,False,6,12,False,1.349888581265102,3.7970486045957017,245,127.47329059829059,14.037928583681758,668.0419669342082,1.1946373198542484,0.6101488310155481,4.341245798879313,121
PF,15,30,49,3.135312725582632,0.0,120,900,False,12,10,True,1.5571180757562233,3.9480296803081867,164,85.32905982905983,16.353120128184038,768.6447077846561,1.0010296182955964,0.002671536749845529,-0.10785915710992777,81
PF,15,33,36,3.3978131722582465,4.0,120,450,False,12,10,False,1.6694441065202836,6.607697614779961,140,72.84188034188034,12.260374923693565,348.9920266593996,1.0854659591914348,0.3048659650276952,0.9821693459012215,80
PF,15,54,49,3.7853330862731656,0.0,120,900,False,12,13,True,1.7251616616503995,5.0364724611312,125,65.03739316239316,17.509819379051184,641.9746056164417,0.6890967852411488,-0.6595181975200517,-6.582317609563045,67
PF,15,49,22,3.89378500357519,3.0,90,450,False,4,10,True,1.2947251327981295,1.1888244499090306,164,85.32905982905983,7.008548855808381,1147.4824866519084,1.3266145740475312,2.2817430160708567,3.9927634590313144,84
PF,15,33,46,3.2220667934669955,0.0,120,450,False,12,13,True,2.037900798261094,4.525922535552344,110,57.23290598290598,18.268204736900092,794.6516669364788,0.7502178361924376,-0.6010016377640859,-4.394871690362501,68
PF,15,50,38,3.8519397854815205,0.0,60,1200,False,11,12,False,1.2895104327280245,2.1730758659961626,258,134.23717948717947,13.778414673379766,1326.4067568027,1.7073788303812407,2.8424868831543764,21.65072902226012,134
PF,15,45,44,3.69184726664693,8.0,90,450,False,10,11,True,1.42601756753452,2.487873837518396,134,69.72008547008546,9.792850691180899,781.8619638045208,1.5603911611137755,2.5652087483866146,9.032377583747047,69
PF,15,53,50,2.586089661052833,3.0,120,450,False,5,19,False,1.4766053658059337,2.2262657000843245,123,63.99679487179487,7.9899925023714795,700.3227401732329,0.9287426022155835,-0.2611064818212428,-0.9832220507072149,66
PF,15,42,47,3.7154064058593157,0.0,120,1200,False,11,10,False,1.6297285798321473,4.966033835167158,160,83.24786324786325,17.916091428338877,689.0221734500108,0.9400427537374542,-0.15755933251576318,-1.4600139901379563,81
PF,15,39,28,3.1980625262672837,0.0,60,450,False,8,12,False,1.5775165723753541,3.102208960917614,192,99.8974358974359,17.0425913026179,1089.4558207435932,2.3364022167322664,8.311853213517253,25.82998088253881,103
PF,15,45,45,3.2426700546967187,4.0,90,600,False,11,13,True,1.8411811343835993,5.10546572674936,183,95.21474358974359,21.9862682248562,802.8661924002793,0.9982892112072645,-0.00505372118602647,-0.8987460938731631,94
PF,15,45,49,3.3120127900935823,0.0,120,450,False,9,20,True,2.2593307994380747,4.79157760671156,94,48.90811965811966,18.910986699811847,784.6726947602918,0.6416785078450228,-0.727382166332034,-5.563558581904254,56
PF,15,44,48,2.8456253421344275,3.0,120,900,False,9,20,False,1.4338910677014565,4.55074701503325,216,112.38461538461539,13.082333553147901,535.8247908930323,0.829432148323152,-0.6700664685973104,-4.204809134484157,109
PF,15,49,31,3.870545747684872,0.0,120,450,False,4,10,False,2.201539120402749,5.096169952852812,91,47.34722222222222,16.392905526819302,647.1941348500449,0.9255979587949933,-0.1550884201162663,-1.3649417660559833,55
PF,15,49,23,3.1584940443545806,0.0,120,450,False,12,13,True,2.3672628934039817,4.852318661519974,92,47.86752136752136,17.243631992644517,700.5150158899811,1.0372826662725705,0.10247428974308266,0.17238045750508313,58
PF,15,47,15,2.7248652160811417,0.0,120,450,False,12,10,True,1.5311962000498491,2.5470907855757536,104,54.11111111111111,7.384539977644671,586.6536653916438,1.3802955328976663,1.0921317186624129,2.978536843193486,60
PF,15,56,32,3.0270450437108813,0.0,30,900,False,9,13,True,1.3230146016354996,2.5881038261635703,329,171.1784188034188,21.1420932359778,1474.5463145232889,1.0982210483677692,0.3518400149575203,4.766168285161885,169
PF,15,50,28,2.700044669969903,0.0,120,450,False,11,13,True,1.862101014273233,3.809989434252625,94,48.90811965811966,11.931945713396772,606.8646783686025,1.0164521775719155,0.03456301650455614,-0.1984554325190418,54
PF,30,32,16,2.6263413998326257,4.0,120,300,False,9,18,True,1.3607534524306522,2.67934622202909,103,53.590811965811966,6.5366441971371305,469.1434090858394,0.7400966416339825,-0.46662718080853965,-2.9611672040550676,39
PF,15,54,21,3.3608116632113534,8.0,120,1200,False,11,14,True,1.3731165340382858,2.085486523061628,188,97.81623931623932,11.079494594680156,958.1448696579184,1.1170838332784983,0.3784498134149622,2.0059715014654773,96
PF,30,48,42,3.724111655060578,4.0,30,1200,False,10,10,True,1.0516139999036798,0.522465933803992,248,129.03418803418802,3.115685396955791,1334.4829779642869,0.9491986659625478,-0.23487698066718388,-1.239297280955454,128
PF,15,59,27,2.9182661847219276,0.0,120,900,False,4,11,False,1.7280021183547043,4.228597793011761,133,69.19978632478632,16.86393347744176,745.63710811896,0.9860496398088215,-0.03552305783749217,-0.7451195127792041,72
PF,15,51,18,2.9723181004271795,3.0,120,450,False,11,13,True,1.2590155987858005,1.014662810366263,128,66.59829059829059,3.839609796420148,805.3214908327516,1.0987098645011908,0.2775402774556903,1.1704676190470318,70
PF,15,48,26,3.598803092625506,0.0,120,450,False,12,11,True,2.444448622689362,6.2173985836866565,96,49.94871794871795,19.632924859490764,627.1757929914471,0.9985790956230046,-0.003295802663276441,-0.36656246989388813,55
PF,30,51,11,3.392047608635298,0.0,120,450,False,12,11,True,1.3536387277074915,3.3022659710080124,80,41.623931623931625,5.788976489295637,319.0100000000002,1.00991141875881,0.021223610076043235,-0.3154392134397256,41
PF,15,49,9,3.386718145056706,0.0,60,600,False,12,15,True,1.486472917960964,2.684390528796717,236,122.79059829059828,13.38818639443475,980.1610332787754,1.4147155493260632,1.3549110033906133,6.935792378274861,136
PF,15,41,21,3.7442938779194037,0.0,120,450,False,10,10,True,1.9941120878321714,4.231438286528118,104,54.11111111111111,14.763240947187812,666.7779247546196,1.3292769940224054,1.2408176309007213,3.1447542245671456,61
PF,15,37,16,1.0056058791626232,8.0,45,300,False,8,10,True,1.3734171220986509,4.684410349891703,315,163.89423076923077,10.892710993171479,439.89407895747706,1.189468116078907,0.6297956960128408,2.3967268206005725,148
PF,15,46,39,3.6685305411375744,8.0,90,900,False,12,10,False,1.48661479987178,4.431540738024648,194,100.93803418803418,16.94109384107871,700.8403938028687,1.513881845310745,2.722262955715932,12.366709772670205,100
PF,15,60,40,3.8620365365514346,0.0,120,1200,False,6,12,True,1.6805418908621692,5.204582573977942,144,74.92307692307692,17.405546128819235,635.4939485386235,0.9274540048818138,-0.16552371590368434,-1.8622514189181474,76
PF,15,48,37,3.6321320027577855,6.0,45,450,False,7,12,True,1.306460116142139,3.724967435265668,258,134.23717948717947,15.344208921319574,763.5134664554707,1.536913666522009,2.123912362001213,14.157591957944446,125
PF,15,47,21,3.3362273551376775,6.0,120,450,False,11,13,True,1.5904481491881095,2.574457856088043,111,57.753205128205124,9.389935077176352,704.0780884710935,1.0644434641902372,0.23438814020493168,0.5952861100774817,61
PF,15,43,50,3.1151294300242576,0.0,120,450,False,8,10,True,2.251148713831268,4.858968024400399,98,50.98931623931624,19.469709069458226,796.2380850231508,0.6428951665291261,-0.7299951194916573,-5.519372314453065,56
PF,15,45,19,3.9903513688231573,0.0,120,300,False,11,11,True,1.6869961500312893,2.901698232530345,85,44.225427350427346,9.00044537653584,593.5488378088467,1.3371212857671315,1.0622383806123077,2.4705282608405605,45
PF,15,55,33,2.7597143634691688,0.0,60,450,False,12,10,True,1.587617560272525,2.8727537189193804,162,84.28846153846153,16.03003369875958,1056.388209720798,1.4830472592294146,1.7388168692709673,8.371421836573036,88
PF,15,27,30,3.142944762670223,4.0,120,450,False,4,19,True,1.6682035924675462,4.5878489901350425,148,77.0042735042735,12.705631809873951,520.111318180644,1.2977721738276091,1.290293528448103,3.9761944537026457,84
PF,15,41,24,3.4333056230044954,0.0,45,450,False,10,12,True,1.4407261251071455,3.6347268143274296,245,127.47329059829059,17.437662123659457,950.623093774967,1.8394343359474161,4.727353735360012,21.015399700902048,126
PF,15,47,49,3.392945646098062,0.0,120,450,False,4,18,True,2.2588966411606757,4.728210057837455,93,48.38782051282051,18.92585795251334,796.2462120698063,0.6198502420066719,-0.7333608091961608,-5.911240833763845,55
PF,15,59,31,3.3367750193484516,0.0,45,450,False,4,11,False,1.396381814578102,3.3094171315014305,198,103.01923076923076,14.394535611564702,836.1157773892683,1.4642132847107885,1.961028642291418,11.732493476796643,102
PF,15,46,29,3.4136505477625523,0.0,120,450,False,12,13,True,2.434075271575102,7.011422123222675,97,50.46901709401709,19.320760855480685,546.1691234783638,1.0032010099186526,0.007253260716281899,-0.3110764766115757,57
PF,15,58,31,3.564116322887001,0.0,120,450,False,11,14,True,1.8742754805165351,4.1835638876659145,81,42.14423076923077,10.684303200444834,506.6574557938487,0.8863010631438082,-0.21760844445681946,-1.8237205572568873,50
PF,15,56,12,1.4003730459904604,3.0,120,900,False,10,13,True,1.2175417162569224,1.919807633729054,237,123.31089743589743,4.936293222192843,501.0783562842529,1.23992142917301,0.8241764634226659,2.958778503540154,120
PF,30,18,35,2.982625577947976,3.0,30,600,True,10,11,True,1.517129742460575,2.152701412503024,94,48.90811965811966,4.256004369728463,377.28624778078097,0.8727917432018716,-0.3361633426912114,-1.0481731916729968,56
PF,15,42,33,3.415076255823406,0.0,90,450,False,8,20,True,1.8672268536346728,7.3347959278764785,129,67.11858974358974,17.739356579565385,484.07302823611155,1.831288577099118,3.3515622313652726,12.680244159668323,72
PF,15,48,24,3.8388912044184123,0.0,30,450,False,12,17,True,1.3918710392093583,3.829298838161875,281,146.20405982905982,19.297020333682223,978.4912716197402,1.1847653004745051,1.0945125292999076,6.33633858007528,150
PF,15,48,30,3.512972389023415,0.0,120,450,False,11,11,True,2.382925112877137,6.197318001222606,95,49.4284188034188,18.786674132521984,603.0717791237647,0.9958012592867035,-0.00889673451386369,-0.45998408356118686,55
PF,15,33,19,2.464587261071618,0.0,45,300,False,12,18,True,1.341360628296638,3.6748848224997084,245,127.47329059829059,12.694621479757364,645.121478420444,1.5114844535477758,2.5668975968948073,8.545454017935327,116
PF,15,40,32,3.546933281905701,0.0,120,450,False,12,12,True,2.28441980420561,6.312206844142119,104,54.11111111111111,18.871266652953913,597.4935169139732,1.0180800543940465,0.0439766856067501,-0.09322384008755963,59
PF,15,47,26,3.845920594335869,0.0,120,450,False,11,11,True,2.3888533741005964,6.246442408757026,97,50.46901709401709,19.303639812624706,614.2016463596407,0.9859903678444599,-0.03249105910967559,-0.5198782248161051,55
PF,15,43,20,3.047224091335675,4.0,120,1200,False,10,11,True,1.3412904832382841,2.786062030951646,253,131.63568376068375,11.723573191460558,780.0924721157662,0.9437943457553937,-0.24356318000753308,-1.4651405347038906,133
PF,15,59,25,3.8446122298751453,0.0,120,450,False,12,10,True,1.667032523824235,2.345028014606129,82,42.664529914529915,8.570165193635674,734.617630880608,0.867767362349184,-0.2824174890136984,-1.8943764395393887,50
PF,15,36,29,3.15265799210657,0.0,150,450,False,12,14,True,1.904775039423494,3.514357633331348,87,45.26602564102564,12.493363251427452,742.3021229965012,1.2236608760603556,0.5567911763145257,1.8149601407225862,51
PF,15,44,18,3.7442921860957163,0.0,45,450,False,4,10,False,1.3814644360136992,3.7375994274056152,252,131.1153846153846,14.82130112166302,771.1411714710775,1.6483716664706862,2.820843192593624,16.786870179432455,130
PF,15,53,25,2.7035445906335527,0.0,120,450,False,12,11,False,1.785866611600318,3.682348013121846,89,46.30662393162393,10.888822985114999,561.5862652073865,0.9196672077085212,-0.17438310750876856,-1.237311900437291,53
PF,15,39,23,3.1085604389785404,3.0,120,300,False,8,10,False,1.4701426819666668,1.6390856013134223,111,57.753205128205124,6.520624254824443,780.3166051634303,1.1609756025752735,0.6319857349810359,1.7793574148700197,57
PF,15,43,23,2.6414533164199243,0.0,90,450,False,10,10,True,1.9432683575868026,8.573542701759298,140,72.84188034188034,18.247230030715713,419.0462081662357,1.3157092415552334,0.9520638147143841,3.252674392768559,74
PF,15,53,8,2.38566485123715,0.0,150,450,False,12,15,True,1.440435884824446,0.9921883881007836,82,42.664529914529915,3.835646632830612,843.7746657330036,1.0540304054760914,0.0851679670708671,0.03485044285923497,43
PF,15,54,34,3.096340592678018,0.0,120,450,False,12,11,True,1.8855460749411668,3.8231030668159707,85,44.225427350427346,11.914678524532642,611.045277767374,0.8744542264569797,-0.2499636498245347,-1.8981850572758754,53
PF,15,40,40,3.9947671423075772,3.0,150,450,False,4,11,True,1.1846039500766747,0.6248557195962257,110,57.23290598290598,2.7324300165513105,998.6083673479575,1.1933395380115501,0.6467529742605397,2.0382861324272317,59
PF,15,42,48,3.881052956059694,0.0,45,450,False,4,17,True,1.6021984228138642,6.542180707919796,215,111.86431623931624,25.131162906816733,730.3615355275465,1.3943326542575454,1.4421966461310753,11.832476240144487,105
PF,15,43,27,3.7891578459599753,0.0,120,450,False,12,11,True,2.4089743805595227,6.88981650436603,103,53.590811965811966,20.164513740312522,579.1370380712805,1.0791076953936978,0.18585990565349195,0.517570882046497,56
PF,15,46,20,3.7983689893214483,0.0,120,450,False,12,13,True,2.0288502546396785,4.192004928740498,98,50.98931623931624,14.433172207334872,658.5623705411814,1.1894397840035027,0.5701339027302835,1.8045562619543603,58
PF,15,46,21,3.3960272286658393,0.0,120,1200,False,12,15,True,1.5484129374504954,3.1555331812159153,179,93.13354700854701,15.498650710726457,906.2380084855668,1.1357085171902273,0.4681948269530623,2.549798375705407,94
PF,15,40,25,3.1635058497510724,0.0,120,1200,False,9,11,False,1.6467846000581874,4.217249384605022,185,96.25534188034187,18.096330519265976,826.9675343213926,1.0714582524866187,0.21549397600717618,1.358953314559506,98
PF,15,48,8,1.2834509318709024,8.0,45,300,False,6,17,True,1.5868442939102654,6.434630199621384,263,136.8386752136752,15.523835078995914,446.6899600108345,1.2316885135069187,0.6454841995586357,2.494709654253896,127
PF,15,59,19,2.1149587357159123,0.0,120,300,False,11,12,True,1.6292045890797968,2.8193265384927013,85,44.225427350427346,8.18897654165134,549.7852227228929,1.1274786433530488,0.2915161223950595,0.6397146441686943,41
PF,15,43,25,2.607678407441928,0.0,120,450,False,8,13,False,2.18620909058896,5.332751361259148,107,55.672008547008545,17.52713725945187,651.0017219377473,1.0976673080500794,0.25014004297015424,0.7841150974503228,57
PF,15,39,36,2.4783225242409546,8.0,120,300,False,12,18,True,1.5493430572655245,2.2657570854749514,94,48.90811965811966,7.022443232529939,639.7716262930725,0.995139137103087,-0.013212149482981802,-0.0630829425969061,47
PF,15,59,45,3.5222254557497434,0.0,120,600,False,8,20,False,2.161728760519535,4.890620809884756,99,51.50961538461538,18.055000674371172,733.2106801679611,0.7066180688355359,-0.5386516288069568,-4.874646651459121,55
PF,15,29,21,3.044614434590041,0.0,120,600,False,12,10,True,1.7150123144889489,4.222637736878452,142,73.88247863247862,14.374669701706988,642.5170244512851,1.3403175728701746,1.378663633996568,3.984608011390348,81
PF,30,38,46,3.5745712184367244,3.0,120,450,False,12,10,False,1.558070289999606,2.429518853177492,110,57.23290598290598,12.723717662271453,1033.918797845768,0.5191122718141735,-0.8942546509743344,-10.340734605925942,50
PF,15,38,46,2.9803993632567773,0.0,150,1200,False,6,20,True,1.4581923129846548,2.924507003203075,149,77.52457264957265,12.350079193150775,835.5014194705561,0.973143115859833,-0.06952851842197091,-0.6144731203505179,72
PF,15,36,22,3.9005002292511786,0.0,60,450,False,12,11,True,1.39184777065783,2.538436626021788,199,103.53952991452991,12.326549251409828,950.1099999999979,1.8249107999333793,5.870031763319134,15.489363807602603,113
PF,30,52,22,2.926615302960367,8.0,120,450,False,9,11,True,1.4316421477141792,3.081663887477184,82,42.664529914529915,7.485762450843353,420.37615438027615,0.9945944558067925,-0.013010828658540835,-0.44226053106032853,38
PF,15,46,41,3.348365271973669,0.0,60,450,False,12,11,False,1.6165503092233726,2.8662700046243543,165,85.84935897435898,18.35386132878568,1263.1373571913791,1.3928496386264417,1.670862188996229,7.6709606050301264,91
PF,30,52,21,3.9501501127322967,6.0,120,450,False,12,15,True,1.1741507014229966,1.4547515661195645,84,43.705128205128204,3.4726480907597197,412.10005284294084,0.7585637038440282,-0.534635665314697,-3.1794455010299787,38
PF,15,53,41,3.1033328741306647,0.0,45,450,False,12,15,True,1.3496236001911992,2.568337251473362,205,106.66132478632478,14.122373917343754,1033.177810005462,1.43412982475526,1.7245757682197504,11.091324657778404,102
PF,15,39,31,3.8238499350211588,0.0,90,450,False,4,16,True,1.8314607435423724,6.972073005063542,131,68.15918803418803,17.77218511762354,508.7324869286782,1.9463755762106527,3.993104932173849,13.883318765918077,74
PF,15,33,28,3.0111378458474345,4.0,120,300,False,10,18,True,1.6655713884469214,3.727846765562881,110,57.23290598290598,9.883674144279428,490.9360397489826,0.8762479095268604,-0.33915772937566413,-1.2789507884643636,58
PF,30,31,18,1.8184250374389634,3.0,120,1200,True,9,12,False,1.431886244845075,2.3407528009324166,105,54.631410256410255,7.17827191944454,556.0972758076962,1.619656482691161,1.8208932527823987,5.181885567275469,48
PF,15,56,31,3.6126446740299496,0.0,45,300,False,11,12,True,1.396251192867044,2.438361224275882,173,90.01175213675214,13.647876962583672,1046.454526610867,1.2579502319704634,0.7893535181493363,4.285808296220553,83
PF,15,47,15,2.755224961358652,0.0,120,450,False,9,14,True,1.5841628345839638,2.695079672699916,103,53.590811965811966,7.915228347481688,589.3381975528474,1.376276181687345,1.0807934916029065,2.954449476014618,60
PF,30,32,41,3.848642481712985,0.0,120,450,False,5,17,True,1.8218549250309495,2.2814421880469995,81,42.14423076923077,14.76768894188339,1328.7712521773649,1.0897595815144403,0.31412729831542735,2.13250359095339,44
PF,30,38,35,3.61372660170665,6.0,120,600,False,10,19,True,1.412850270041119,2.1058181126902737,107,55.672008547008545,10.078361306223425,932.2133636487952,0.9052410770913009,-0.28971977480351463,-1.7477136804466864,53
PF,15,41,31,3.998964988452294,0.0,120,450,False,11,11,True,2.229731324006158,5.933128276010301,103,53.590811965811966,18.557855252057042,627.3875734739046,1.0130727412185934,0.03143893290263543,-0.17360499314260985,59
PF,15,38,29,2.937465028700742,6.0,30,450,False,11,10,True,1.2334003813238386,3.0632573524269646,376,195.63247863247864,16.044210157467337,959.3236730073277,1.4200247945695628,2.854470908766718,14.397301691797445,178
PF,15,59,28,2.9782893466021854,0.0,120,900,False,11,10,True,1.718264346964213,4.097574486469834,133,69.19978632478632,16.66243780357503,759.8963709069021,0.9381628943392405,-0.1464956546923816,-1.5123264445395264,72
PF,15,48,38,3.501017909868533,0.0,120,1200,True,4,19,True,1.6232324724719722,5.349871570790209,169,87.93055555555556,16.374221616057525,570.5922902463933,1.152755035582886,0.434079051939416,2.3697808499686452,84
PF,15,51,48,3.439545709210916,0.0,30,450,False,4,19,False,1.451915834956545,3.874978818807043,244,126.95299145299145,22.08717856347346,1087.847646144739,1.062091598718581,0.3789551737805483,2.4966210474914186,130
PF,15,49,50,3.8528966479283033,0.0,120,900,False,5,20,False,1.8793415064852776,6.864776629475903,127,66.07799145299145,20.295013704581088,555.7263764615363,0.6860856363796761,-0.7103388092967646,-6.742460593717646,68
PF,30,47,28,2.978159343950735,4.0,120,300,False,12,10,True,1.3760054592920943,2.305804964466068,79,41.10363247863248,6.534482610975549,510.97731975389064,0.6283820192409091,-0.6456504008676677,-3.7033172447999605,30
PF,15,25,26,2.3828365184768767,0.0,120,300,False,12,20,True,2.015831133623282,4.497177720083468,114,59.31410256410256,15.106771297612212,682.5186039712454,1.276407235482895,0.8546928374582274,2.6630129213638263,61
PF,15,35,20,3.028509283017554,8.0,120,450,False,11,10,True,1.6824998336423265,3.201168087378674,119,61.91559829059829,10.541104271647294,644.1837793564468,1.1820602356059906,0.733839501122299,2.1080786038591395,73
PF,30,40,29,3.767351853067842,0.0,120,600,False,12,13,True,1.4937976367000771,3.560340714648067,100,52.02991452991453,10.227857799480418,536.4848924929339,0.9342748186646068,-0.17510687454748777,-1.2917708887872261,50
PF,15,56,48,3.5185838267746767,0.0,30,450,False,7,12,True,1.378327949514367,3.252900489108112,237,123.31089743589743,18.81585952637268,1071.609354502461,1.0266743239914673,0.15271985048041492,1.3029807114934027,126
PF,15,37,36,3.693055701540276,4.0,120,450,False,11,10,True,1.766499233700495,6.563929432487533,132,68.67948717948718,12.96840009160206,373.37755275314123,1.0239681312658213,0.0857796421932887,0.0836900233189174,75
PF,15,30,32,3.9222858646999983,0.0,120,900,False,5,14,True,1.74172084107153,6.6950209242929075,164,85.32905982905983,20.02739678624326,557.612202137507,1.2857851133244829,0.7366927608700887,4.837738459592291,83
PF,15,39,10,3.4726460081397095,0.0,90,900,False,9,10,True,1.4721068948441467,4.015072201656383,246,127.99358974358974,13.55246719181888,604.9871157183168,1.8577077456257627,2.9700594158282616,17.188558843944783,132
PF,15,45,20,3.507170759862874,4.0,90,450,False,11,11,True,1.5461678963123222,3.6455116247243513,163,84.80876068376068,12.53280917436003,650.3483006450193,1.256459260672812,0.8784144358894143,2.8051391453852665,84
PF,15,31,28,2.8797667146153048,0.0,120,300,False,12,20,False,2.1613362672590077,5.134413996130959,94,48.90811965811966,15.365890427634163,609.3208742266326,1.0158432311400967,0.03804649427359641,0.10089667191001273,55
PF,15,51,33,3.796969497593908,0.0,60,1200,False,12,13,True,1.3087626969228876,2.6339712837893146,262,136.31837606837607,14.114161760485796,1145.3535002672272,1.8566828807013,3.908131848296092,24.54657077930679,135
PF,15,42,29,2.6991401072775814,8.0,120,450,False,12,15,True,1.6071732130639085,2.9829668812224637,116,60.35470085470085,9.495282468669565,637.2863714015372,1.2065081040258303,0.6331170778231099,2.104012040844995,60
PF,15,50,24,3.104880749687227,3.0,120,600,False,12,13,True,1.4569071779144942,2.3444651961750527,153,79.60576923076923,8.738725183333923,733.5510274495948,1.0849134327443937,0.4081050342214225,1.3227001262818003,83
PF,15,42,32,3.776360595084993,8.0,60,450,False,12,10,True,1.4982710483517885,3.392349215878762,205,106.66132478632478,17.158196415735866,969.3133233888661,1.8443896876400434,4.663667865334439,17.423088707496383,105
PF,30,36,34,3.914705667716495,8.0,120,450,False,12,13,True,1.645377253194656,3.292989721014192,95,49.4284188034188,12.649614524061533,723.0293075694528,1.118358944919466,0.4504592822807053,3.627492785959621,49
PF,15,55,47,3.988331852719365,4.0,120,300,False,5,18,False,1.5442451893709501,2.5042543414743608,89,46.30662393162393,7.662683009568142,590.56788292976,0.6463477938857596,-0.6715338605423127,-4.420756961833233,42
PF,15,56,25,3.5390544743076715,8.0,150,450,False,12,11,True,1.2294151404550964,0.7173724441344123,78,40.58333333333333,2.676153449497097,884.4755544639384,0.997931044320487,-0.003995859577894522,-0.48738692172959364,40
PF,15,48,27,3.0103425963391004,0.0,120,450,False,10,10,True,2.413555060809187,5.517870693954937,96,49.94871794871795,19.187431252799314,693.4416983704174,1.1143071920332106,0.2664406672240445,0.8788383716705861,56
PF,30,50,43,3.4483681684787837,8.0,120,600,False,11,11,False,1.0792970341025272,0.3319959238263663,83,43.184829059829056,1.833802368226486,1139.8936693144406,0.882518091556039,-0.2638050289354509,-2.4693048210783934,45
PF,15,42,30,2.7813124929673987,0.0,120,450,False,11,10,True,2.305379111952311,6.129439746739332,104,54.11111111111111,18.718402954481412,608.5017726035873,1.1401029280605717,0.34811805382965655,1.2855727529943728,59
PF,30,53,23,3.5155528177757454,6.0,120,450,False,6,11,False,1.2493588761868553,1.5840270397382048,80,41.623931623931625,4.64181647167497,504.1526373737079,0.7971616097429889,-0.45235165936737304,-2.7220848976732013,38
PF,15,38,26,1.6741733293177699,0.0,150,450,False,7,11,True,1.7164977002005282,3.321579788576499,95,49.4284188034188,9.03394239501988,526.5980632612943,1.2003092152094248,0.4548617695387931,1.4654163537008515,57
PF,15,51,44,3.9559098860118556,6.0,45,450,False,11,10,False,1.3350703612000088,3.837276273193573,241,125.39209401709401,16.1843140879972,788.2822438421803,1.2809630102085996,1.0211619790610282,8.38488504061376,120
PF,15,38,44,3.7275982396796215,0.0,60,450,False,10,20,False,1.7348450853675115,5.375726829334608,176,91.57264957264957,22.107948425478476,802.9448635352137,1.7770993758921687,3.2139846851246694,18.53785682941952,97
PF,15,52,14,2.575775545190087,0.0,90,1200,False,12,18,True,1.2068263717155718,1.853875848011868,257,133.71688034188034,8.015237710598925,772.678716077706,1.9397201412251006,3.6442004751733963,18.573774774071403,121
PF,30,46,34,3.6909858586143782,0.0,45,900,True,10,12,True,1.0282605417621453,0.07639562294340799,77,40.06303418803419,1.0499254989242601,821.5079181961066,0.8777814198029178,-0.21504675732714304,-1.0150577184909797,36
PF,15,51,50,3.7749379800112424,0.0,90,450,False,5,19,False,1.7613853220557267,5.146358971855972,109,56.712606837606835,15.314208018326845,602.7073069242267,0.8500335125804594,-0.3360398215548825,-2.6334821174330805,61
PF,15,53,21,2.901847230762197,0.0,120,450,False,9,10,True,2.003646535417909,4.186522431482506,86,44.745726495726494,12.961023747278386,582.1950979159027,1.1161541125088548,0.33145802396910473,0.8773404057023911,55
PF,15,26,20,3.3094392137622917,0.0,45,450,False,8,10,False,1.2762029461157074,3.0741542723311817,308,160.25213675213675,12.796494741200858,802.9569922297504,1.9616574780740024,8.209912694519916,23.914117562553717,154
PF,15,41,17,3.6324787533627094,6.0,120,300,False,4,11,False,1.3647414669605586,1.2005243904829068,96,49.94871794871795,4.622347321559417,814.7937435533181,1.1607127587422408,0.48678583910092915,1.3147578391186445,48
PF,15,45,28,3.8984019607025266,0.0,120,900,False,9,10,True,1.9223669909689503,7.987231901480545,141,73.36217948717949,21.031794558757856,495.4139205750089,1.0372823934324893,0.1008444635019246,0.47344739892222937,77
PF,15,52,29,3.9559806916356988,6.0,120,450,False,11,10,True,1.8872368014279863,4.460453061521804,99,51.50961538461538,12.075004233328102,519.9437526170998,0.766273931586617,-0.5003328759157849,-3.584581945123951,57
PF,15,60,38,3.129075886869641,0.0,60,450,False,10,18,True,1.4929475798354175,2.457743462911184,155,80.64636752136752,14.330849500422023,1103.6501509828731,1.6138034228068647,2.434857372971212,9.76057350387927,81
PF,15,16,25,1.7631549564944453,6.0,60,150,True,4,11,True,1.5118239802541251,2.98432875909156,94,48.90811965811966,4.261410226830954,289.7780341963291,1.181683131373888,0.6743101540629627,1.010774657234267,54
PF,15,48,41,3.7871795492197338,8.0,45,300,False,9,10,True,1.3950679202978868,2.9283208394084603,197,102.49893162393163,15.444799089691367,991.6927651489777,0.9932301411940258,-0.016015716929636024,-0.9126458092140494,94
PF,15,38,25,3.7451169894015424,4.0,45,900,False,7,12,False,1.2152219332411518,3.770183596224346,468,243.5,15.64799521012996,789.1102005494931,1.4272854656670684,4.0031553697204165,18.279737272193074,222
PF,15,21,41,2.18570018726384,6.0,60,300,False,4,16,True,1.4125676656462212,3.1888946430766194,244,126.95299145299145,15.856631827358854,903.7778847815657,1.4841868611440387,2.474962830037638,9.616839152038269,121
PF,15,47,50,3.1709333015785894,0.0,45,450,False,4,20,False,1.5814387081275365,4.107875922597928,201,104.5801282051282,23.026248641745525,1058.5438554149946,1.241126436472437,0.8625451046650358,7.078574721217601,104
PF,15,45,16,3.920298932767743,0.0,90,300,False,5,10,False,1.473844686333631,1.7711321591497848,111,57.753205128205124,7.112410468052214,836.1344493184957,1.5325345011691878,2.3624452839239654,3.4369242886270266,49
PF,30,49,49,3.563981267921656,4.0,120,450,False,11,12,True,1.2200169231215234,0.9801094676912008,83,43.184829059829056,4.832530259759739,1049.9797702942947,0.40811675507086076,-0.9320736816103841,-12.276386736868439,40
PF,15,50,29,3.6107186513937557,0.0,120,450,False,11,11,True,2.406505677038762,6.43677722684607,90,46.82692307692307,17.89738002463256,550.0395040799668,0.8996762440020288,-0.20400263232160284,-1.647178813513651,53
PF,15,60,20,3.699360329091796,8.0,120,450,False,11,12,True,1.6017728377035234,2.2370211592489673,90,46.82692307692307,7.641874176055763,689.7538297265262,0.957072512049444,-0.10656771054551958,-0.6818078883641859,53
PF,15,43,30,3.533146262948946,6.0,150,450,False,7,12,False,1.2701300292697306,0.828248976672681,97,50.46901709401709,3.8686417259598027,1032.5677142262416,0.9395294668485294,-0.12384422762514567,-1.0727055466416267,48
PF,15,57,29,3.7620414659300088,0.0,150,900,False,12,13,True,1.5558064820330895,4.2629839074417575,106,55.1517094017094,11.019136216161044,507.3749652348549,0.9443918408802455,-0.1535824594448486,-1.0776468992160755,54
PF,15,51,29,3.3610817957502963,0.0,120,450,False,11,11,True,2.3427835844035854,5.100240941056363,89,46.30662393162393,17.340619741122403,679.5998741386177,0.8986550362843908,-0.2094133849482978,-1.616123788187763,54
PF,15,56,48,3.8632018440037976,3.0,120,450,False,4,18,False,1.694918507002757,3.613663026844307,116,60.35470085470085,10.965198770857246,581.5257993607058,0.8219224856538362,-0.5736164922268877,-2.753593164283592,63
PF,15,38,24,2.6780894541926723,3.0,45,450,False,10,12,True,1.1442060823222866,1.7960080328812515,381,198.23397435897436,7.395324512688061,808.2698024244354,1.1421209638156615,0.5726604761118205,4.070976348320249,185
PF,15,57,36,2.0518088770377836,0.0,120,450,False,8,10,True,1.6550081085186945,2.7822090333454255,90,46.82692307692307,8.52320890147378,626.4783636441734,1.0291660799419973,0.059324823764688464,-0.045676934394012325,54
PF,15,38,25,3.736531718753242,0.0,120,1200,True,9,13,True,1.6399739032695801,3.2410540130477057,97,50.46901709401709,9.340937077375553,489.20297317751533,1.560521224963602,1.6512730466275691,4.39596527433474,55
PF,15,32,26,2.567814235715584,0.0,120,450,False,12,14,True,2.1285411194712895,5.059000219101033,117,60.875,18.463697182257846,729.4279166540285,1.098614924495208,0.30137354694963064,0.9932731165454783,71
PF,15,33,39,3.7028995211460414,6.0,90,1200,False,6,20,True,1.3524314686321663,4.1738850039954265,275,143.08226495726495,18.175795434318246,749.2598610406103,1.5120433403466502,3.6545884189783924,16.505658389262724,143
PF,15,56,43,3.2983388420242727,0.0,60,150,False,7,20,False,1.9288805123231954,4.4318817914631,96,49.94871794871795,16.011360077230414,658.0779257939589,1.2258733692729653,0.6414541448586876,3.1796451790268665,56
PF,15,36,31,3.7005919088566364,3.0,90,450,False,12,15,True,1.5356708105625918,2.8946718682112325,188,97.81623931623932,13.434181594312067,874.0314845261073,1.3571236200306607,2.201990343830681,6.210786063181506,100
PF,15,53,33,3.8133196548046957,4.0,45,1200,False,5,13,True,1.1148382315919652,1.419836294421759,465,241.93910256410257,9.02737268464998,1278.6013122796958,1.1581037058733112,0.8959106155051828,7.444499583022957,220
PF,15,57,16,2.902248243776222,0.0,120,1200,False,9,10,True,1.4609748003054508,2.7955987338827195,181,94.1741452991453,12.59420694736748,826.8372198340346,1.1162911205649517,0.32476716260076843,1.8039164301476183,96
PF,30,45,18,3.7933497281002984,0.0,30,450,False,11,11,True,1.3210898170899175,3.2928225500385224,171,88.97115384615384,11.663006760762256,693.0382836268352,0.8975544258374984,-0.2637160948798718,-3.0203452000015094,96
PF,15,30,23,3.6775640035683757,6.0,90,450,False,12,11,True,1.5290997417324885,2.6390048436971147,168,87.41025641025641,14.118478126056427,987.2234826947956,1.2274721741120318,0.9131770001979758,2.7255830266904595,94
PF,15,27,11,3.7870841149170356,0.0,90,450,False,11,12,True,1.6582300042460176,3.860917008098601,168,87.41025641025641,11.828260710991504,605.2400000000001,1.7025007599878401,2.5464035609169047,7.471922204360751,101
PF,30,38,22,2.8425742455179384,0.0,120,450,False,9,11,True,1.7362213083509292,6.661821793702576,96,49.94871794871795,11.281845091277066,328.4156156952972,0.8863248712392613,-0.22292502887991694,-2.22702950679608,47
PF,15,60,21,3.9330488264661843,6.0,120,450,False,12,16,True,1.7894036027363955,2.541104830199,94,48.90811965811966,10.450337123006518,812.8789052597209,0.9040797785298739,-0.28540164227513753,-1.2085755112013508,55
PF,30,36,44,2.3880008096997365,0.0,120,450,False,9,18,True,1.6830053763956703,2.345669376125824,81,42.14423076923077,12.399853882168319,1084.43859598921,0.9381232688088667,-0.1965441830552554,-0.8190227600351356,46
PF,15,35,23,3.805194683059732,0.0,120,450,False,8,10,False,2.259404459928391,4.86233638695108,107,55.672008547008545,19.002490200302365,771.0624681634894,1.0221966954581163,0.07608011032996398,0.12770307344272375,70
PF,15,45,34,3.7268205149699996,0.0,120,450,False,12,10,False,2.3051831025069744,5.966552624845589,97,50.46901709401709,18.49969793410339,623.7920961027766,0.9062513793056568,-0.20809384467406772,-1.555191296406579,56
PF,15,29,17,2.758672715565168,6.0,30,1200,True,6,19,False,1.1418538833123018,2.276642581675695,500,260.14957264957263,11.829015067423907,987.3310545263746,1.384283640097258,2.4358179685206736,18.75938793372909,256
PF,30,29,20,3.5822533650170585,0.0,120,1200,False,12,11,True,1.524644813854548,3.223130770171736,161,83.76816239316238,16.683681331223,1000.0188117754626,1.3892694486382755,1.3660462525630326,9.727825053812724,79
PF,15,45,28,2.8425998317758254,4.0,90,450,False,6,11,True,1.6018166955898407,4.754225518331694,168,87.41025641025641,14.95310544111245,580.5965491403327,1.1909991711044086,0.7199938246254359,2.2017683868640368,83
PF,15,53,24,3.879590348450132,0.0,120,450,False,11,13,True,1.839403200118691,3.144822489753151,86,44.745726495726494,11.25467769620605,687.0802108418084,0.8610177709456515,-0.3244300666517153,-1.9709545484431668,54
PF,30,27,22,2.3943919341154953,3.0,30,450,True,5,11,False,1.1950907140836555,1.7775661995095065,184,95.73504273504273,6.434292991658229,663.7682167862433,1.3477778719413291,2.028933921989667,6.880081312987906,91
PF,15,39,49,3.060856165855217,0.0,30,450,True,4,18,False,1.482870751061972,4.058819434393433,239,124.35149572649573,23.337378251849735,1082.1111821205282,1.1058435416005066,0.40188118396536754,2.9892906083738513,118
PF,15,42,39,3.0542290528808795,3.0,30,300,False,4,13,False,1.2878123028595123,3.1832580796425094,338,175.86111111111111,15.489800347999289,879.429821706427,1.3198684199656656,1.5917479290566974,11.006700995250323,167
PF,30,32,25,3.960752114369313,0.0,120,450,False,4,11,False,1.9130098541322125,5.465070980090502,97,50.46901709401709,15.531548852477293,549.3620610775769,1.1615001503416156,0.43495312078175424,3.3958366686470343,47
PF,15,48,24,3.153394677741113,0.0,30,450,False,8,12,True,1.3393510217825118,2.884285384236998,290,150.88675213675214,17.148195013326273,1158.9842323010423,1.2079763509185741,1.280462372541062,6.689470784234079,151
PF,15,48,44,3.873696250705938,6.0,60,450,False,6,11,True,1.4319063809271129,3.2577107020447706,190,98.8568376068376,15.883689813036426,893.2370578488385,1.4006175652999258,1.6592231492430891,8.755202946889792,105
PF,15,29,23,3.2511451421665374,4.0,120,450,False,12,15,True,1.4660238000409105,2.0728730181964727,146,75.96367521367522,8.712802662132809,816.5083725964894,1.2412136642236338,1.0493399587133732,2.9931707109167482,83
PF,15,48,16,2.7934522149186845,0.0,90,300,False,10,14,True,1.5053986342117749,2.147243529827345,112,58.27350427350427,7.5930530868612,719.9551020810036,1.6533767867224423,2.8230924788418306,3.8631970859064784,49
PF,15,36,49,3.9275845216037424,0.0,90,300,False,6,17,True,1.8641144098564701,6.1652126122919,110,57.23290598290598,17.16637553070506,541.6998196207903,0.8771980472004683,-0.33683731336728884,-1.9802912814685398,55
PF,15,39,49,3.302821452359913,8.0,45,450,False,9,19,False,1.3600941680459306,2.96524233754301,262,136.31837606837607,17.778604459509175,1115.038305653884,1.302089105770325,1.2005584290354507,9.31191822802599,127
PF,15,22,47,3.7105636518638425,6.0,120,450,False,7,20,True,1.659208904396529,4.938601414092562,141,73.36217948717949,14.853292396086704,557.8190123941557,0.8864457297506324,-0.32729744892943397,-2.785009342682538,81
PF,15,54,29,3.012528834947291,0.0,120,1200,False,12,10,True,1.6113022020874184,3.3905867988629796,164,85.32905982905983,17.044305601095456,922.4640524213223,1.1582383355957235,0.35268421644008,2.2773922035186693,80
PF,15,42,24,3.7673790990825906,4.0,120,900,False,11,11,True,1.3846885871685612,3.86429216194786,201,104.5801282051282,11.250793994743345,539.1451023191712,1.0694447084719994,0.2482898046312543,1.1259407922137568,102
PF,15,17,39,1.283670785850345,3.0,60,150,False,7,15,False,1.3365355678230657,1.8671462454054446,210,109.26282051282051,7.717859379759014,729.3308735326113,1.3523228942277432,2.1816345219612603,4.824580369352944,116
PF,15,39,19,2.81946358210978,0.0,30,300,False,11,10,True,1.2987080629475802,2.8323215351035285,288,149.84615384615384,12.892879032291411,915.5751508618034,1.370154325992309,2.403281794398973,9.861959319372518,143
PF,15,35,27,3.228723017583789,0.0,120,900,False,12,10,True,1.7562672022113766,5.482003752716068,164,85.32905982905983,19.97137476336977,683.3506831428431,1.2391847149636646,0.7228568590000637,3.9399176300347447,85
PF,15,32,48,2.698914218347456,8.0,30,450,False,9,19,True,1.1449268898103275,1.454444968742647,365,189.90918803418802,9.71272551893181,1315.6759118535972,1.2607594321786013,1.530068821136742,9.616915581020526,176
PF,15,55,50,3.0286427081820224,4.0,120,600,False,8,11,True,1.4792884114089342,2.6970189368544357,130,67.63888888888889,9.679741056280214,666.6201999611046,0.8609789350423366,-0.3753827663880628,-2.591947556878589,70
PF,15,38,44,3.2955373233327516,0.0,90,1200,False,4,12,True,1.4684472913440234,3.509386665356137,206,107.18162393162393,18.01370166939531,949.600007659835,1.4076394181902603,1.589469216855431,12.220717058152776,112
PF,15,45,18,3.0935735589048456,0.0,60,450,False,9,12,True,1.412916569217261,2.508064785966611,192,99.8974358974359,11.7888358097169,922.8313775678118,1.8286629161765924,5.871572255389999,14.237432105938984,108
PF,15,46,25,2.582384962823094,6.0,150,450,False,12,14,True,1.2167087948529465,0.5606247823943697,96,49.94871794871795,2.813027881452486,1151.214764306676,1.0870072850546768,0.18274524615273324,0.4518961429091444,46
PF,15,31,23,2.128901771118376,6.0,30,300,True,4,14,True,1.0369615622934176,0.3038790476748271,263,136.8386752136752,1.9933732575201888,854.4340597339967,1.5042269773588066,4.283093156362788,9.151084645111863,129
PF,15,34,16,3.4847436741308333,0.0,45,1200,False,12,11,True,1.1426633465745197,1.7319353685155607,479,249.2232905982906,8.839578815571016,1121.2005526233663,1.329770886764932,1.2872036651181031,14.456965690971312,237
PF,15,47,14,3.5010564919710445,0.0,120,450,False,12,10,True,1.6521174459767929,2.8078679120839496,102,53.07051282051282,8.631230332050135,610.524444486201,1.406956131139587,1.2019681932168578,3.1899621367974076,60
PF,30,35,27,3.4515760990395443,0.0,45,300,False,9,11,True,1.8949189617297892,8.100111885309197,110,57.23290598290598,18.286203173171184,444.1345035831041,0.728845503145932,-0.37832416725750984,-8.149348825197073,63
PF,15,29,25,3.4140711861849655,0.0,30,450,False,11,10,False,1.2476515456162673,2.441181645477711,352,183.14529914529913,14.227121540795755,1174.851631683111,1.7902048322784623,8.119063542963742,26.914441327476077,175
PF,15,46,28,3.651838282691363,4.0,120,450,False,12,13,True,1.563671795118887,4.178962466531208,126,65.5576923076923,9.765985167974277,444.0523975442609,1.064807676985268,0.19965759143024703,0.4361028702862299,67
PF,15,36,17,3.233664919576864,0.0,120,600,False,10,15,True,1.5720925613318741,2.818934301312166,129,67.11858974358974,9.841414914481659,687.4494808066513,1.3936201884650452,1.1822329294812248,4.395824495309974,77
PF,15,40,26,3.341582273741083,0.0,45,300,False,8,12,False,1.3883384999748867,3.180294535629996,206,107.18162393162393,13.842483887472268,810.8438115170793,1.9183039279967453,3.743827165201907,18.96013516986234,97
PF,15,33,30,1.4905929058262335,0.0,90,600,True,11,19,True,1.4989658798242855,2.035417988780988,87,45.26602564102564,4.666096713270102,483.68430334741004,1.1777085012721942,0.6215541269684604,1.1724947906541598,49
PF,15,50,48,3.1490877801349986,4.0,120,600,False,7,20,False,1.530549533524255,2.999799318320305,136,70.76068376068376,10.511906360021554,674.771934336545,0.9029407534878615,-0.2771322549371237,-1.9455420150105096,74
PF,15,53,35,1.0740943647002568,3.0,30,1200,False,12,11,True,1.0460074428479016,0.43420477962784637,806,419.3611111111111,4.736769736501181,1614.1801287808312,1.1096058419556354,0.8372059060843886,6.351021086713627,402
PF,15,47,21,3.6043775792081374,8.0,90,450,False,12,13,True,1.5344134041676067,2.837117972189247,135,70.24038461538461,10.853087191442736,756.4172273323044,1.3830574458216145,1.4496463603700311,3.8826363913552617,71
PF,15,60,30,1.9818695850624426,4.0,45,1200,False,10,14,False,1.0507843161323405,0.39175583339699144,507,263.7916666666667,4.050946168371986,1879.680399281521,1.2845266641839588,1.1104673810367662,10.577042560665971,229
PF,15,48,45,2.9235841932631788,3.0,120,300,False,9,19,True,1.5489490570296127,2.484426021978404,101,52.550213675213676,7.833300670533519,582.3431481622642,0.8960244106734028,-0.34656432581846125,-0.970418056591471,51
PF,15,53,45,2.895558692535272,0.0,120,450,False,5,15,False,2.0117986065020057,4.379971998796337,84,43.705128205128204,14.228232047524894,611.7958569150863,0.7056387586340733,-0.5353891498260114,-4.223334756228108,52
PF,15,60,20,3.283588865329003,3.0,30,450,True,9,13,True,0.9539914531844313,-0.24410537640715804,198,103.01923076923076,-0.44221305807320466,1084.169551311918,1.0181243594247475,0.11084323833747417,0.4653842334817778,101
PF,15,47,22,2.431474032210219,0.0,120,450,False,4,10,True,1.9962232226839887,4.15788886693053,101,52.550213675213676,13.807467149050517,632.4100424763076,1.1553271652448143,0.4153176271789981,1.336928188833567,59
PF,15,24,42,3.795296847209158,0.0,120,600,False,4,20,True,1.6728633904464238,6.135409854982973,144,74.92307692307692,16.4356833230462,511.87350143241883,0.9744771174835639,-0.07226630450653261,-0.8074142840897794,76
PF,15,49,43,3.2962336917709094,4.0,90,450,False,8,19,True,1.5338653043635764,2.671840831173277,150,78.0448717948718,12.40968672889665,909.719561993255,1.2175191053885117,0.7935858722335778,2.7800929320426575,76
PF,30,60,33,3.820765996987642,0.0,90,450,False,10,10,True,1.37285205756801,2.536766349044938,78,40.58333333333333,6.9189360251308205,541.0597557046299,1.2455599856525863,0.5508343717364913,1.9543625808821474,37
PF,15,39,22,3.9199027442484837,0.0,90,1200,False,11,11,True,1.4551966126947509,3.705973054381569,231,120.18910256410255,17.310441891402967,833.9599999999964,1.6030792264368188,4.586338170169785,16.369904951206482,126
PF,15,52,13,2.8726921784648605,0.0,120,450,False,12,15,True,1.6105510924853337,3.043782878236478,93,48.38782051282051,8.055906775181203,518.3951798911253,1.2751044283775481,0.6387429825729901,1.985338439482457,58
PF,15,46,22,3.3720606620568203,3.0,60,450,False,11,10,True,1.2780924995857041,1.489889668543665,261,135.7980769230769,10.96083383000651,1343.1718800428796,1.2593811468706078,1.6180868868928198,4.983472304755952,137
PF,15,46,48,3.4181587939037885,4.0,120,300,False,12,10,False,1.7715956115706615,4.888166656152735,96,49.94871794871795,10.706710152227767,406.0393380515593,0.6883515297547813,-0.7777323076030227,-4.004660612873543,49
PF,15,29,35,3.2200472132298987,0.0,120,900,False,10,10,False,1.8151741163370756,5.5391083995865396,169,87.93055555555556,22.1563735053909,756.9975419669347,1.2647855927041216,0.7272225621046076,4.468266893898563,86
PF,15,57,17,3.6399171760949858,3.0,120,300,False,11,10,True,1.0856190337657767,0.29907256844606134,99,51.50961538461538,0.766775189400811,769.7395278871184,1.1729265768590282,0.44808322310760734,1.29484798603301,48
PF,15,55,39,3.218881623763851,8.0,120,450,False,11,19,False,1.4817356688268102,2.105724209932368,90,46.82692307692307,6.498011328699128,636.2312796722085,0.7864373978860997,-0.4225128580396699,-3.090291788509251,52
PF,30,30,8,2.838971171015467,8.0,45,600,True,7,20,False,1.3861022997623291,3.8897470341945124,172,89.49145299145299,10.381916246123355,545.135915205128,1.847462915250096,3.0830411794160977,15.886451787500526,96
PF,15,53,28,2.784032962862227,0.0,120,600,False,4,13,False,1.8606264542440845,4.17674925794539,107,55.672008547008545,13.7750843737456,637.1134216819217,1.105228929318292,0.2456915246281983,0.9180380552327294,60
PF,15,45,47,2.9390154357773577,0.0,60,300,False,6,16,False,1.6984815145480083,3.522918075865207,141,73.36217948717949,17.962431593335303,941.843986211672,1.3441616204876812,1.0387245623318515,5.2717479412348,70
PF,15,60,34,3.738080306331145,0.0,120,450,False,9,10,True,1.801785678605105,3.5298714575431656,81,42.14423076923077,10.008696718908284,575.6882212327123,0.8275645709339906,-0.31891008981187136,-2.5852315643241517,50
PF,15,45,21,3.953836561270508,6.0,90,600,True,9,12,True,1.28206890757354,1.111329920136883,78,40.58333333333333,3.1658070039201562,491.2172365932497,2.2398894471077533,4.131211294247172,4.2360603029339705,38
PF,30,19,48,2.080312033072448,0.0,30,900,False,10,18,True,1.4048976829980784,2.7235774418973757,243,126.4326923076923,21.439184315108854,1640.19561724203,1.052522504641506,0.20234857850474575,3.2291362895572755,134
PF,15,56,28,2.7226385137845437,6.0,90,450,True,7,18,False,1.825305988107647,6.815871425506857,118,61.39529914529914,15.274954492168076,410.4816562866106,2.1382583080710287,4.337995222603603,8.510019921265327,51
PF,30,52,27,3.8257592121700608,0.0,150,900,False,9,10,False,1.3818393417416064,2.2843070990047005,85,44.225427350427346,6.2673393247854,619.3595411365123,0.8423605601742996,-0.37213011657076306,-2.435149166489812,40
PF,15,35,9,2.1510608031824345,8.0,30,450,False,10,18,False,1.1235573248074657,1.1802936182701944,441,229.45192307692307,6.511564653308621,1104.2407069717606,1.171352758317843,1.1043186755321681,4.569372651078543,230
PF,15,32,10,3.6361534198432532,8.0,90,450,True,4,18,True,1.5123125796797154,3.5519466295739854,147,76.48397435897435,8.462691802038252,475.36,1.7015960258939955,2.183493895993197,4.900141307524637,68
PF,15,34,25,3.404214329886212,3.0,120,450,False,12,11,True,1.4140934755215198,1.659108473451435,151,78.56517094017094,7.520059593435336,913.1941585286816,1.2925857716269615,1.5669690621729313,3.96342365573851,85
PF,15,45,47,2.03971671553983,4.0,60,1200,True,4,13,True,1.1348101198463576,1.8484777767174976,355,184.70619658119656,5.871859336237273,595.5464162857436,1.4563945582647402,2.2481380505017423,9.30185879771868,167
PF,15,46,28,3.470114358687872,0.0,120,450,False,12,13,True,2.3988222158897226,6.451217302871127,98,50.98931623931624,19.124791473878354,589.1182748442749,1.0642191763267494,0.15200354657223053,0.38911603520878546,56
PF,15,38,50,3.6220791952182565,0.0,120,300,False,4,17,True,2.304251975321522,5.5598543036112495,84,43.705128205128204,17.050008108573643,612.9237573567092,0.5968992136943321,-0.7661372901383117,-5.655510856266083,46
PF,30,60,9,2.159470491156234,4.0,45,600,False,9,16,True,1.231567227760708,1.9249051589656054,149,77.52457264957265,5.377610947361553,524.6127767356816,1.2005731327309312,0.6234008034935291,2.1614634157305863,83
PF,15,47,33,2.044782712521961,0.0,60,450,True,11,19,False,1.5572350225958589,2.4339039595226195,90,46.82692307692307,8.837728979818811,671.2192379096807,1.580258746110273,1.4470661059030145,5.233607187691395,54
PF,15,42,29,2.9214683084020883,3.0,120,450,False,7,12,True,1.6629631884302203,3.6533342080889275,140,72.84188034188034,10.973399044298722,575.3662662655663,1.320945684369017,1.409245032743534,3.7745764232638157,73
PF,15,29,28,2.4624499386561967,6.0,30,450,False,7,13,False,1.196506421834776,2.6574989236901603,428,222.68803418803418,13.648052343819735,973.0718310022605,1.4211365022549292,3.180227351144734,13.29366004989049,196
PF,30,29,19,2.049304350295545,8.0,60,1200,False,9,16,False,1.2769633437453152,1.6349671955057445,278,144.64316239316238,13.879207560147334,1594.5704065891173,1.4724429359501308,1.4645399350564516,15.3279616870076,145
PF,15,44,27,3.0004072033095097,0.0,120,450,False,12,12,True,2.3692543775558224,5.721805941528921,102,53.07051282051282,19.373506213710826,674.5826380610903,1.1427021947966454,0.3565346509963468,1.2068205182246796,57
PF,15,48,49,3.948189809682605,0.0,30,1200,False,4,17,True,1.240583766571961,2.538413096578319,333,173.2596153846154,16.981266932586756,1311.4052390420127,1.3819431232357096,2.4376947204040795,18.176132682561626,167
PF,30,59,40,3.701759573747332,3.0,45,900,False,8,19,True,1.039436998985154,0.3031103362807609,167,86.88995726495726,0.8117718363316846,1030.89186907755,1.2804786559165,1.4774769379305148,6.687507890537397,85
PF,15,39,46,3.635651857561753,0.0,90,1200,False,9,19,False,1.5067751461013366,4.407243755021326,199,103.53952991452991,19.492037591557185,808.5149268103237,1.4935615629119972,3.1401830493645777,14.118391083106701,107
PF,15,23,30,3.2794810919209616,0.0,120,150,False,4,10,True,1.3849039700759291,1.0918282670024886,80,41.623931623931625,4.656346194907462,888.4285146847881,0.888823687601178,-0.24260390972034526,-1.209973651507855,45
PF,15,51,50,3.4303660864168246,0.0,120,450,False,7,17,False,2.452690233634354,6.0018474657927205,85,44.225427350427346,19.482696685608637,635.4351071019101,0.5625780735311566,-0.808266781513588,-7.027693196126102,53
PF,15,58,31,2.2174362129307106,0.0,120,600,False,10,10,True,1.4069054886425205,1.8274861332098238,109,56.712606837606835,6.529738683790908,752.1586470900577,1.1565592354860337,0.3362736035053196,1.4279048091460547,60
PF,30,37,23,3.7850312169595193,4.0,60,450,False,6,10,False,1.4722405249590718,4.894809324764247,162,84.28846153846153,15.079253870445605,558.9494180260822,0.7512513554832302,-0.43421395971261284,-7.3589843734166625,87
PF,30,47,49,2.9362822543787535,6.0,120,450,False,11,19,True,1.1179268909719675,0.6149501981611273,81,42.14423076923077,2.613917204085188,907.5216559840906,0.5804184186315671,-0.8383583774693596,-8.159403690028908,42
PF,15,45,22,3.229557018015119,3.0,120,1200,False,5,11,False,1.4216577429058963,4.622025766355738,270,140.48076923076923,14.768256558598951,589.2759813405278,1.0231680686624822,0.11136007847248083,0.6096414137274839,138
PF,15,10,23,2.9074058213450282,0.0,90,150,False,6,19,True,1.5478171762916573,2.8427223033001705,154,80.12606837606837,11.287886155681239,808.5406434230047,1.486908827706558,2.362214575559524,5.322535059252403,86
PF,15,49,31,3.8402496148327097,0.0,120,450,False,12,12,True,2.2094432894507565,5.137093240529594,91,47.34722222222222,16.450235380359793,643.9500324069367,0.927848301658953,-0.15049368726097237,-1.3331925130988245,55
PF,15,38,31,3.184801321786399,3.0,30,450,False,12,13,True,1.195750631737123,2.2608215352211256,441,229.45192307692307,13.61626429347848,1098.4354245712036,1.2643430915145686,1.7246426839847353,11.430904466482858,214
PF,15,52,36,2.6576643447883637,0.0,120,1200,False,9,17,False,1.5471314042497195,3.453264525601967,169,87.93055555555556,15.617611765561065,845.7142959700418,1.0908686562957723,0.2125639754895642,1.3050117258002034,83
PF,15,36,48,3.718584981188071,0.0,30,450,False,11,12,False,1.5028888136432565,4.0430119673253495,270,140.48076923076923,25.973914881991657,1255.6169433258187,1.4063123416075682,2.1097256163355302,16.465230517070616,145
PF,30,47,39,2.766204155908319,0.0,30,900,False,12,11,True,1.0681139112336575,0.5295645970997613,167,86.88995726495726,2.7998160790203994,1202.075268227004,0.9587977275617215,-0.1295374930821967,-1.0241527574043294,87
PF,15,52,37,3.704720317310773,8.0,120,600,False,11,12,True,1.4601248438524925,2.3369055900535836,115,59.83440170940171,7.4560055909054155,667.367933869543,0.9712035333999345,-0.07012840599093621,-0.7189589326660075,64
PF,15,38,34,3.57410884071547,0.0,30,600,False,8,10,False,1.3540367136885285,2.9845992386025957,331,172.2190170940171,21.595574235598626,1393.3328006430852,1.2974715263105134,2.2950863962397365,14.022839748899266,169
PF,15,48,27,3.2439132489148674,0.0,120,450,False,9,12,True,2.3707167331254366,5.15699557361744,96,49.94871794871795,18.83359925123823,732.4824846546614,1.06665975160449,0.15196448293117604,0.37207522350072386,56
PF,15,48,45,3.1135361855533263,0.0,120,450,False,8,16,False,2.352422661768308,5.3225166438043106,93,48.38782051282051,19.937264032924702,733.9702645665046,0.7022297851624503,-0.5871338248995809,-4.403741282190414,55
PF,15,34,37,3.898765765531988,0.0,150,450,False,5,18,True,1.7686283954193107,3.1867151100357596,88,45.78632478632478,11.058273336499619,746.4762520024941,1.0474306515259115,0.11659687035587923,0.11829357029181736,52
PF,15,35,30,3.138852135452385,6.0,120,900,False,11,12,True,1.4579853888572687,4.102646682889006,193,100.41773504273505,13.88358632623061,609.3848187746804,1.112948855874048,0.36325860688008343,1.9431538534003387,96
PF,15,54,38,3.7629988690480527,8.0,120,300,False,6,20,False,1.4264673045802385,1.758412662037247,80,41.623931623931625,5.156999716910895,589.0055736198892,0.7572965526711544,-0.4265330831637962,-2.6445756003700427,38
PF,15,20,46,3.8148826048149282,4.0,45,600,True,7,18,True,1.2273716785317326,3.0642866427778483,316,164.4145299145299,12.32573565704439,723.7126089152702,1.5588550686267166,4.918157368636874,14.41430830812352,161
PF,15,40,48,2.815267860599173,4.0,120,450,False,4,18,True,1.5390612937439796,3.2492975776043695,131,68.15918803418803,10.090865161140115,585.9197687918088,1.0067970889517275,0.022367533432431926,-0.16491606883822058,70
PF,15,35,34,3.3557905475418366,0.0,30,150,False,12,12,True,1.1616982037699537,1.114758654820137,196,101.97863247863248,6.106611688057669,998.3133419035453,1.3183668398863344,1.1480016763272562,10.227918858922342,105
RETDD,15,33,39,2.2606108137631824,6.0,60,1200,True,5,10,True,0.9281005208502924,-0.42820796894538604,204,106.14102564102564,-2.127219896604912,779.6964918456238,1.238298766780667,0.8046768708886741,2.614612370185202,101
RETDD,30,30,44,3.1535475380196365,6.0,45,600,True,5,14,True,1.2749726248900686,2.7032292778377474,154,80.12606837606837,7.264640949743844,543.4616956825869,1.4903508757895298,1.4411745319015143,7.655748387382385,79
RETDD,15,50,43,3.202638961916059,0.0,120,450,True,7,17,True,1.9192664253187863,2.702861864390367,79,41.10363247863248,9.3886540105721,695.4759359733963,1.4841975494543855,2.1784946925150774,3.2788178227365954,44
RETDD,30,37,17,3.1388887606991043,8.0,45,1200,True,4,20,True,1.1938618580256208,1.1984552042701428,241,125.39209401709401,9.282968612772198,1387.1097661125455,1.3685396266434169,1.0567360067463356,10.413234205541226,128
RETDD,30,28,10,2.841910987670091,4.0,90,600,False,10,12,False,1.5496297142989621,6.279045724552257,166,86.36965811965811,14.099852414325435,426.2862316053206,1.467492580598065,1.7089278546220894,7.790079014966847,92
RETDD,15,29,36,2.4115601476456074,6.0,45,150,False,6,13,True,1.399965072825828,1.9749500429854876,178,92.61324786324786,13.532899097852063,1115.2044702467579,1.479064133067579,2.7820473875090896,6.998508081141748,91
RETDD,15,10,39,2.50650934910702,6.0,60,450,False,12,11,False,1.332504764658945,4.8693478873756595,375,195.11217948717947,18.32837672549814,683.3673863706099,1.4358494184494979,6.837955444690911,16.26219012054989,197
RETDD,30,40,21,2.370135883315453,6.0,90,600,False,10,12,False,1.5559543785700332,4.749382954530409,123,63.99679487179487,11.13885105812963,449.4885253058119,1.1979586160171911,0.38545853118927736,2.2531758710540597,69
RETDD,30,20,15,3.2931293511953665,4.0,30,600,False,8,11,False,1.1335924169920604,1.9980578997435507,382,198.7542735042735,8.640738845041511,871.3490266816424,1.3255629518166538,2.6904672663134757,12.516484263058008,193
RETDD,15,13,44,3.6363927125097297,6.0,60,450,False,11,12,False,1.3209764292430837,3.1236619392843212,315,163.89423076923077,17.28392034010809,997.5124571735819,1.5086635537940494,4.867880057814638,17.249277789676057,169
RETDD,15,24,32,1.4623735955563686,6.0,60,450,False,10,12,False,1.3012414944545665,2.5260731240687657,320,166.4957264957265,12.193990821369024,888.4689658301163,1.445413520412858,3.2349088002236357,9.485969373422076,165
RETDD,30,26,12,2.8189614014679054,4.0,90,450,False,9,15,False,1.5053405342875439,5.808274134371195,145,75.44337606837607,12.48629227070905,407.9522491000506,1.4324451200072605,1.3854892669189431,6.59016468994121,77
RETDD,15,33,18,3.4283283599426584,4.0,90,450,False,7,16,False,1.4290947979739965,2.696613586976864,187,97.29594017094017,10.672521542190644,760.7218669024217,1.4031334080656819,1.803861777043868,5.092997336043148,101
RETDD,30,34,8,2.748192801948856,4.0,45,1200,False,8,16,False,1.1385189378299374,1.4897969796144914,333,173.2596153846154,6.85021044855806,945.3886789971539,1.3582893017152755,1.2964960172535154,10.580887845279408,168
RETDD,30,15,12,2.645227909213784,8.0,90,450,False,12,16,False,1.6538837940993705,8.943217050207185,162,84.28846153846153,16.21789372533597,346.34023298439365,1.8701756718672058,3.829427789656786,14.992206063684574,92
RETDD,30,17,15,2.3363231204198014,8.0,30,450,True,11,17,False,1.376338180904195,2.6713383928154135,124,64.51709401709401,9.191921496862957,640.7644746318288,1.3516881379458396,0.9668934299716119,3.9455397363847418,72
RETDD,30,22,11,2.615824436977454,8.0,90,450,False,11,15,False,1.7399422573655658,10.066175553382598,145,75.44337606837607,16.28284868468748,305.31476053319193,1.8155500355531744,3.113001883995427,13.549530183101322,79
RETDD,30,27,9,3.3334055351873646,0.0,150,300,False,11,15,False,1.029665858632656,0.09041202508948214,85,44.225427350427346,0.20936736882432955,1043.822373760296,1.0211485038281163,0.048541931867312836,-0.1399829757308254,28
RETDD,30,22,8,3.1827753105687,8.0,90,900,False,12,14,True,1.4585565009883645,2.5069468811793825,215,111.86431623931624,14.61394145311868,1091.4904067753669,1.8420120076091429,5.173265796411632,17.23396393242916,117
RETDD,30,21,9,1.5586309646161258,4.0,120,600,False,11,14,False,1.2558842039744964,1.6938833663867912,174,90.53205128205128,5.6973042791219966,707.3560614098936,1.2762750473232578,0.9911877575727972,4.3583747734753615,86
RETDD,30,15,17,1.472737089836877,8.0,90,450,False,9,16,False,1.5608323814309164,5.268397043577196,180,93.65384615384615,14.012961667701626,515.9877254964304,1.7868158866686519,3.445274447332548,13.944785508591723,95
RETDD,30,15,14,3.389751384133761,3.0,60,450,False,12,18,False,1.3313173022197415,3.9659939170389604,254,132.1559829059829,13.342350570434805,619.3353896057195,1.2641824881349066,1.2094925405692245,6.428847202978771,139
RETDD,30,18,8,2.7164227983059943,8.0,90,450,False,12,15,False,1.736375405967032,8.3031418776047,155,80.64636752136752,14.371363584675157,342.82744983679197,2.2782683404554227,5.7835245206526995,17.52358456138533,89
RETDD,15,19,20,3.189693776906125,8.0,90,150,False,11,13,False,1.2698699802930427,1.142009554484021,115,59.83440170940171,4.839601575308249,757.0841855528292,1.420462375378255,1.9674167663383575,3.6345269609320523,63
RETDD,30,20,15,2.8283791475448683,8.0,90,300,False,12,18,False,1.5855937486290756,6.7076864491490875,117,60.875,12.362890986713818,334.52706960100386,1.9136298635333884,2.9080180952178334,13.066741626695682,59
RETDD,30,36,8,2.8846877388518832,6.0,90,450,False,12,18,False,1.8340791768966342,8.177806608616455,118,61.39529914529914,12.68511009260526,302.08623119661024,1.868803398254208,3.007861138095404,10.808142659815042,66
RETDD,30,45,13,3.1875184642282632,6.0,90,600,False,12,18,False,1.4422982492906176,3.2852405047171036,117,60.875,9.912436845507669,535.9565681834758,1.060866084205203,0.13496320629826639,0.20400340185247895,67
RETDD,30,38,8,2.467840671522317,6.0,150,450,False,9,20,False,1.1293088537225613,0.42729009016374153,92,47.86752136752136,1.0561854380968183,897.0520100825755,1.115547885040785,0.35460750578269323,0.6691367820803674,37
RETDD,30,28,13,3.272253697611565,6.0,90,450,False,12,20,False,1.4446363973656444,3.4102233579666352,128,66.59829059829059,10.315451437340387,572.6842889141369,1.7668666958879857,3.0585159220966496,11.789131525679963,68
RETDD,30,28,9,3.086119263624701,8.0,60,1200,False,11,12,False,1.22248885683434,1.5999861598896248,308,160.25213675213675,11.582355018817973,1394.03365632347,1.4646096425479056,1.7255640064678124,15.206334191969857,165
RETDD,30,14,15,3.020674757284345,8.0,90,450,False,12,13,False,1.5986397737993328,6.951208347719481,162,84.28846153846153,15.571153535962448,423.44810244189443,1.9308425312956474,4.056636313572298,16.753159550766192,91
RETDD,15,25,8,2.39309134768838,6.0,120,450,False,11,16,False,1.404286211728902,1.541777681623833,157,81.6869658119658,5.849909412940333,789.0853021797541,1.343796526563079,0.8940650685222697,2.939873634328057,91
RETDD,30,48,11,2.6201111550034994,0.0,30,450,False,11,18,False,1.2006794875747584,1.0900323112795114,183,95.21474358974359,6.842466187419408,1222.0097744591744,0.968869674563777,-0.08960232677515406,-1.2321698485358652,107
RETDD,30,31,14,2.2279613862243677,8.0,45,150,False,12,15,False,1.8964951591943802,9.885853091575148,95,49.4284188034188,13.321195043232574,245.04169485601983,0.8032041895486992,-0.30186303779587065,-3.554554474411847,56
RETDD,15,25,12,1.914912377817954,8.0,45,150,False,12,13,False,1.4533615958942374,2.1680211518628143,206,107.18162393162393,11.971742490540663,983.9488449566895,1.6440820038634423,3.3694146738009336,6.749400385416428,100
RETDD,30,22,8,2.353976969300518,8.0,120,150,False,10,16,False,1.4842795633582313,3.0246779440697984,81,42.14423076923077,5.943986092955954,375.87811797508004,0.7046156500961809,-0.43563517200400104,-2.947640094901978,36
RETDD,30,29,8,2.41492301460639,6.0,45,450,False,12,17,True,1.375373817861943,3.8889675390836183,179,93.13354700854701,10.036560372476977,516.0860338381694,1.45526802006704,1.6853699024991722,8.447821231393215,102
RETDD,15,19,11,3.166101354372228,8.0,90,450,False,10,18,False,1.4183070236620694,2.8108948256939112,214,111.34401709401709,9.632961708593145,665.5686592641392,1.601252649282636,2.8128064860991517,7.054468773749409,117
RETDD,30,18,14,2.492734971112124,6.0,60,900,False,11,15,False,1.2202973288103867,2.6299461244430855,301,156.61004273504273,10.983890751458706,817.3112545968594,1.657572337527386,2.176233622973566,18.292616547260707,148
RETDD,30,19,11,2.56194123247297,8.0,150,450,False,10,16,False,1.4546208748396767,1.8841286007764928,114,59.31410256410256,7.674367170976717,848.5051282800971,1.7823392731080345,2.9333977035751135,9.720436907695744,51
RETDD,30,18,12,2.4232004245056684,0.0,90,150,False,11,15,False,2.06941338295387,6.527093241925377,90,46.82692307692307,15.15374609771339,451.2290113756626,2.575541653382238,3.478098873689511,15.930427808208602,42
RETDD,15,18,9,1.8022571859228875,8.0,90,450,False,12,16,False,1.3964689793726142,3.878538781742845,239,124.35149572649573,8.685431286195131,449.67129720913346,1.486880660884817,3.3131776759463216,6.162863765561756,134
RETDD,30,18,12,2.1996539200118845,0.0,45,450,False,12,13,False,1.623452990847859,5.679348355858858,199,103.53952991452991,19.326407860835644,657.5837582243762,1.7445906816228636,2.638496781926105,16.337743756749347,114
RETDD,30,11,9,2.547072919879591,8.0,30,1200,False,12,15,False,1.0359416743251089,0.38879965666775657,634,329.8696581196581,2.7516899416663083,1727.1292848444198,1.4628251629405797,4.039762321359403,26.48947098988473,314
RETDD,30,10,19,2.4834112396698242,8.0,90,450,False,12,14,True,1.3918982025819024,4.102539433539722,184,95.73504273504273,12.09707302102697,567.672544743544,1.5640112734946494,2.4613823347764163,12.814153872083475,99
RETDD,30,20,10,2.322224664069724,6.0,90,450,False,12,14,False,1.7368650984602265,10.419816140308221,155,80.64636752136752,15.71950782990793,286.052401155662,1.8843977734619113,3.650753118511526,13.748742007766065,85
RETDD,30,21,8,2.289143824461852,6.0,90,450,False,12,14,False,1.5808905987136068,7.193528441723604,157,81.6869658119658,11.606322376607764,315.20865947134234,2.1443566446095796,4.87509566278308,14.79645427332191,85
RETDD,15,17,10,2.434724443404303,6.0,90,150,False,12,14,True,1.3306093654721356,1.9152835896098845,127,66.07799145299145,4.753053892703562,428.3792278004812,1.3723062644995863,1.5635429395647065,2.9062699404300485,72
RETDD,30,27,12,2.5971696174398615,8.0,90,450,False,11,17,False,1.7399966405774954,10.339178256720821,125,65.03739316239316,14.938981749209049,277.48384972299704,1.9040363099436712,3.3276053212998318,13.968293190072242,70
RETDD,30,37,22,2.273232501749856,8.0,90,900,False,11,17,False,1.5808713828982712,4.088532453727301,152,79.08547008547008,15.81199142137688,723.9028550091248,1.4910587833561502,2.0025110600601734,11.006959720464813,81
RETDD,30,22,8,3.0166189625146407,4.0,45,150,False,12,15,False,1.5856080762118874,5.246739039378943,112,58.27350427350427,10.112411254667109,365.6738712296674,0.7482087833530542,-0.3994746120469422,-4.4847622269316485,68
RETDD,30,21,16,3.1147454575267237,4.0,90,1200,False,11,18,True,1.1746581724462102,1.5774240877485601,273,142.04166666666666,9.18013103629804,1048.7693352856313,1.5271824983966955,4.015813514577424,14.965617615784922,141
RETDD,30,21,20,2.3200925875212146,3.0,120,450,False,12,15,False,1.3703532741447388,4.8031452052912185,153,79.60576923076923,8.53482106318758,340.66508997038534,1.1245527546055623,0.39394877271686757,2.0618550030961535,73
RETDD,30,45,12,2.8591930041572917,8.0,90,450,False,12,16,False,1.5195516012622838,4.855423356954911,103,53.590811965811966,9.876342223806086,364.15000143904035,1.1906788694404529,0.39847391975596985,1.7035442533917449,57
RETDD,30,42,9,3.413645064592621,6.0,45,450,False,10,16,False,1.4298373872858767,3.5318649048595243,141,73.36217948717949,10.283728253669274,552.4686502839918,0.8234693310217446,-0.33150685001910196,-4.279362221914078,85
RETDD,30,38,11,2.0213969945620818,6.0,90,1200,False,9,18,False,1.481445108765024,4.064923546785231,201,104.5801282051282,14.822228376397192,687.7217047645158,1.3025125509840607,1.3987306504846957,6.716430882567222,108
RETDD,30,21,20,1.8732846976734974,8.0,45,300,False,12,16,False,1.5999252326689903,6.300135492008662,151,78.56517094017094,15.021909107765277,438.57835931055047,0.9618601322456358,-0.05767378941596859,-2.267906066426469,81
RETDD,30,44,22,2.8301370288155123,3.0,60,150,False,12,13,False,1.3994118981388695,2.5434649918972636,77,40.06303418803419,5.976039411125021,403.15388050052115,0.6696372125679503,-0.5102123211368431,-4.591350281105424,45
RETDD,30,34,9,2.622136312505465,8.0,90,600,False,11,16,False,1.8576495577553638,8.625464636943537,132,68.67948717948718,16.539584628173227,365.47542044092637,2.0487680007030873,4.588994923246864,15.938971409608788,76
RETDD,30,28,15,2.5398221009842286,8.0,90,600,False,12,15,False,1.7603422515219858,7.984446536471023,147,76.48397435897435,18.300240453559166,442.7308462483188,1.8767117104513076,3.2579031840852517,15.494874270552764,80
RETDD,30,24,15,1.4579507909109681,8.0,45,150,False,11,16,True,2.129463834274453,13.42386941084439,109,56.712606837606835,16.46507016490053,230.54729808813593,0.8533566136470003,-0.2546695941599227,-2.3336787555662517,64
RETDD,30,39,20,1.6454439792624687,6.0,60,150,False,12,16,True,1.9366424624062155,9.465983949453417,84,43.705128205128204,11.54911176997739,218.2097066294093,0.7849225292528411,-0.3588741320183845,-2.8267006654572797,48
RETDD,30,39,15,2.5076760337003456,6.0,60,150,False,10,16,True,1.967158339784819,7.095433350491389,82,42.664529914529915,13.194382307176522,331.27560731604126,0.7016401862461948,-0.44719940282865966,-4.897830438321432,50
RETDD,30,22,18,1.2820571493105342,8.0,45,150,False,10,14,True,1.9833464761219317,9.734609195411755,111,57.753205128205124,13.829729295097119,268.933285903845,0.9173824202384624,-0.14046681725380017,-1.8090298347443163,65
RETDD,30,21,24,1.6115773652634706,6.0,45,150,False,12,13,True,1.770631896254524,8.26029342907813,113,58.793803418803414,13.098161685382594,292.238645813347,0.8284344806265445,-0.26704898892022155,-3.6469508046582066,65
RETDD,30,21,17,1.3505806920826942,3.0,45,900,False,9,17,True,1.2155105949251455,3.258217818030104,368,191.47008547008545,9.995395962242075,598.8445565974998,1.492371877587192,2.1501046315875216,13.066859290423201,185
RETDD,15,25,25,1.0562608392871404,8.0,45,150,False,8,14,True,1.2228557466961791,1.1621300170629887,221,114.98611111111111,5.567951780204773,825.0039927602729,1.1035905098751388,0.20333040817482198,0.37355000464095944,103
RETDD,30,20,25,1.4939105911177444,8.0,45,150,False,9,14,True,1.8779112272160352,9.464294423464262,116,60.35470085470085,14.3455534577054,287.33447838226584,0.786064274684902,-0.3484638495990244,-4.1166277590408855,66
RETDD,30,37,18,1.44254355776881,6.0,60,600,False,12,18,True,1.4539743843365718,6.038431241188537,185,96.25534188034187,11.805481815372934,380.0059491633686,1.5981058767546772,1.6540427231321349,11.445372014179586,106
RETDD,30,13,19,1.000450606347634,8.0,45,150,False,11,10,True,1.5664328142954589,5.047802151996595,138,71.80128205128204,9.9352576142496,352.6275160052314,0.8468375301304222,-0.255208462745661,-2.709911302053092,86
RETDD,30,23,13,1.0649570967957287,8.0,45,1200,False,12,17,True,1.3275902187165363,3.6348169640624066,372,193.55128205128204,14.675920183303482,772.8924836613587,1.3124978929060902,1.0768048947580655,8.941460641785728,191
RETDD,30,27,15,1.7100644329235577,0.0,45,150,False,11,20,True,2.4962225295433615,16.4880357967041,97,50.46901709401709,20.151865015909262,231.15398097445268,0.7966351678919642,-0.3352059430781372,-3.3839097772551807,61
RETDD,30,35,9,1.52898837804611,4.0,45,150,False,10,18,True,2.0751744908631515,11.520561093562641,99,51.50961538461538,13.84045402721353,219.52729065278572,0.7996399978692044,-0.3623025582334129,-2.426112380394429,54
RETDD,30,24,10,1.7679150827854964,0.0,45,150,False,7,20,True,2.2605811271968026,14.316431411713983,105,54.631410256410255,18.5954935360002,238.84254945347766,0.8433314327194934,-0.2791381880004327,-2.5442556978301214,64
RETDD,30,30,14,1.827180676881914,0.0,30,150,False,6,20,True,1.5022350874547195,2.949188654912405,157,81.6869658119658,13.264912698721563,816.3668063291207,1.0817778398458688,0.2295663331468956,1.1220967517958234,79
RETDD,30,19,9,1.436275884597472,4.0,45,150,False,8,19,True,1.8608226363004157,8.779772431892079,123,63.99679487179487,13.378321299805048,282.3103907441109,0.7967924664788707,-0.3832973194426669,-3.4308392052087715,72
RETDD,30,24,16,1.6202530112104294,0.0,45,150,False,10,19,True,2.3514282054738587,16.834154157282686,103,53.590811965811966,19.488067939333803,220.55005965696807,0.8205304740597426,-0.3142918849411742,-2.8210702040864564,61
RETDD,30,40,16,1.063722254129876,6.0,45,150,False,10,19,True,1.919745024400017,8.661250101781663,88,45.78632478632478,10.701892636078544,213.78587401136656,1.0678229711444691,0.1370876033581602,0.2968382646656538,49
RETDD,30,25,9,1.5382845918050554,0.0,90,150,False,10,18,True,1.7805589497313297,5.4516762095612865,88,45.78632478632478,9.246575227746796,325.12866653306446,1.5002036925304352,1.2124600813906476,2.7405507135805327,37
RETDD,15,29,12,1.5427157759581391,0.0,45,150,False,11,18,True,1.1438508530353682,0.6382576694202123,200,104.05982905982906,3.991179095880551,1044.0459405454046,1.8191487493884722,4.112919511211206,7.67540857348047,95
RETDD,30,22,25,2.640698139361585,0.0,45,150,False,11,20,True,1.8594049105560464,7.879892616010386,100,52.02991452991453,16.338499522406536,402.41826518657376,1.05719140959129,0.13373681265961976,2.1740054504189703,63
RETDD,30,33,19,1.4702800192136634,0.0,45,150,False,9,18,False,2.206395441532174,14.404934881660925,93,48.38782051282051,15.034883824032217,200.34609362879587,0.9074293540485949,-0.1597268273697981,-1.302307049577455,54
RETDD,30,18,23,1.9822863156533677,0.0,45,300,False,7,17,True,1.8869664602496459,11.424499601906572,147,76.48397435897435,21.82963614304589,359.79836680427707,0.9397481697971345,-0.09704517751990262,-2.9435650884027442,87
RETDD,30,25,28,2.1817333943579045,0.0,45,300,False,6,16,True,1.6832055841028124,8.018512691623256,130,67.63888888888889,16.11554887664579,393.09919165466613,1.038271546677588,0.057252948149115204,-0.6627296953559179,73
RETDD,30,29,13,2.1141689203093237,0.0,45,900,False,8,19,False,1.4630164570460804,3.3669098576945977,230,119.66880341880342,18.221308444699098,1021.1188671258778,1.4690151734529342,1.367677610818464,12.391585912595199,122
RETDD,30,29,21,1.1696299086799162,0.0,45,150,False,11,18,False,1.796318110033251,7.610049680777358,102,53.07051282051282,10.678905619465365,257.29389769670274,0.833809525802031,-0.2892527344969459,-2.132602429070205,61
RETDD,30,37,16,1.8684966152384992,8.0,45,300,False,8,18,True,1.827398835806668,8.350090558940623,121,62.95619658119658,15.370482862610658,339.02174091271036,1.1116940771742179,0.16660667363773393,0.5703300298709031,67
RETDD,30,13,15,2.1671732076443977,0.0,45,450,False,8,19,True,1.5732165208289934,6.210717681303979,216,112.38461538461539,19.45623499334985,592.8959033228584,1.775790329835089,3.013719374049828,17.916428372710143,126
RETDD,30,30,9,1.6650669519182757,0.0,45,1200,False,10,19,True,1.2100766442587927,1.3191071651798316,303,157.65064102564102,10.071628059138687,1420.4994624086883,1.5358378521114342,1.6634215413984375,15.665003435923474,162
RETDD,30,19,21,1.9840187297723846,6.0,90,300,False,9,18,True,1.536435400171545,5.269785489349067,125,65.03739316239316,10.793996503644959,374.6821649708031,1.1702095593956465,0.40280864453398124,1.5622763495872911,62
RETDD,30,26,10,2.0182738107849874,0.0,45,150,False,9,19,True,2.2596214040128113,12.218427521617292,99,51.50961538461538,18.059139553718953,272.11616399610557,0.863440604629898,-0.22826867523541272,-2.40847516092977,62
RETDD,30,41,10,2.4099124772674427,0.0,45,150,False,7,18,True,2.012834628769465,4.668634588298629,78,40.58333333333333,12.555278333174899,494.18586799306695,0.5396574085748886,-0.733129725788019,-6.2415263206509595,50
RETDD,30,13,27,2.2718591236077015,0.0,150,300,False,9,18,True,1.4294167021338735,2.238722448473841,105,54.631410256410255,7.919194526034029,768.6504763354003,1.1843457649345888,0.5745467994539956,1.5617768668265515,43
RETDD,30,38,11,1.3897848469963896,0.0,45,450,True,7,19,True,1.601056279295143,6.170663434835904,146,75.96367521367522,11.37167638446924,349.7870589155227,0.9548369784682621,-0.09068516533573841,-1.4857202025411669,79
RETDD,30,17,12,1.233242672606376,0.0,150,150,False,6,19,False,1.1844441097828422,0.7898565973706313,78,40.58333333333333,2.242717092175981,491.44561716161076,1.402861443596483,0.8710253324264463,1.5927443897343527,25
RETDD,30,21,11,2.0243851862460014,8.0,45,150,False,12,16,False,2.16904512183794,12.58119516430284,110,57.23290598290598,18.515715396664064,272.9283887307456,0.7786137847646657,-0.34540649451443306,-4.804045473452123,67
RETDD,30,20,30,1.2842519762067672,0.0,45,600,False,12,18,True,1.469652855054361,4.126005309391819,223,116.0267094017094,14.671276784712795,713.873955792622,1.4239027458878137,1.2519055425044594,10.025433519587745,118
RETDD,15,20,8,1.3877745671688746,0.0,45,150,False,5,16,True,1.21938323966089,1.1662820756817283,239,124.35149572649573,5.732883810078903,861.1118572454159,1.4401461288113449,1.7739744733402374,4.344716553038833,116
RETDD,30,36,9,1.8016362381022435,4.0,45,600,False,10,17,True,1.4479160856356375,6.0592867875238205,207,107.70192307692308,13.132199809994287,407.97491734455116,1.2709491881569837,0.7725665290984438,5.324896861511244,119
RETDD,30,39,23,2.2774242232596453,3.0,30,150,False,9,19,False,1.2001327181927972,1.302243744674965,135,70.24038461538461,5.387945464758631,689.5328997447889,1.124501627631413,0.626776158155667,2.514804146762582,71
RETDD,30,36,20,1.3701506520442273,3.0,45,150,False,5,19,True,1.845177498701256,8.066108063808356,96,49.94871794871795,10.692955293230508,234.1155154362757,0.979304053887597,-0.04447495866470687,-0.4889924895517152,54
RETDD,30,21,10,1.7830777540019573,0.0,45,150,False,10,17,True,2.3590387877017434,15.881894501499564,110,57.23290598290598,20.776988966838523,240.85772536336208,0.887707355780564,-0.18486752373794577,-2.726876505534788,68
RETDD,30,35,10,2.0442544893356134,8.0,45,150,False,11,19,True,2.022633848956879,10.264176781356536,91,47.34722222222222,13.350860565275147,238.91000000000008,0.870863350839049,-0.2105601606096595,-1.9384974209039378,53
RETDD,30,16,11,1.663383108902902,8.0,45,150,False,12,18,False,1.9978560979140942,7.824601963757653,122,63.47649572649573,17.845670534891863,416.0336711661939,0.8154742533623739,-0.33589973994984323,-3.7427950944631734,72
RETDD,30,22,21,1.3542707601864636,0.0,45,150,False,7,20,True,2.1459755699698615,10.761701747466326,107,55.672008547008545,16.113815328575907,289.88912948048255,0.8799891800451334,-0.1927323059330599,-2.4768944932752315,65
RETDD,30,15,21,2.0374524263623597,0.0,45,150,False,6,19,True,1.9903923095730538,12.757002406048949,118,61.39529914529914,18.77191932651187,277.53985683662995,0.7925712859813664,-0.3377737044516421,-4.821369607804049,70
RETDD,30,24,27,2.164629728405477,0.0,45,150,False,6,20,True,1.8649822308896884,9.422056134135522,99,51.50961538461538,15.131147009484717,307.27453270258025,0.6868989665920714,-0.5445486608480817,-5.692362956930584,60
RETDD,30,16,9,1.593150604938632,0.0,45,150,False,8,20,True,2.0721153927903435,9.153020075518308,124,64.51709401709401,19.354457862507132,385.6144053413691,0.947613405126032,-0.10216101232735939,-1.5883173894608749,72
RETDD,30,13,25,2.3677843039607964,6.0,45,1200,False,5,20,True,1.1249060130166693,1.5884709193634008,364,189.38888888888889,8.463574532885925,1089.8439226882033,1.5062983984344607,1.9291802394931792,19.57330998909501,179
RETDD,30,14,14,1.9925820165843084,0.0,30,150,True,10,20,True,1.1030652410280921,0.4088710551790316,103,53.590811965811966,2.641860713612458,933.655971625647,1.1978618546975865,0.7027793859953458,2.4967078444882835,60
RETDD,15,42,13,1.602097135024708,4.0,45,150,False,8,20,True,1.306947591121323,1.1817698234103804,183,95.21474358974359,7.63780435740253,1047.0076799339706,1.3962726286758231,1.6129378715294296,4.034220905070677,93
RETDD,30,21,24,1.0756306728857068,0.0,45,150,False,6,17,True,1.8589036025344068,9.379024718232392,112,58.27350427350427,12.707598178037372,243.72390126462074,1.0609740144043538,0.10376907595408308,0.035283919949031524,67
RETDD,15,11,20,1.9012994885808239,0.0,120,150,False,8,19,True,1.3974106497393832,2.3996231394565424,123,63.99679487179487,6.628597958063243,486.1486968811847,1.216984732936392,0.5915362088819169,2.0130260441676167,64
RETDD,30,28,24,1.1974241334290094,0.0,30,300,False,8,17,False,1.5455547666410616,4.583021903666391,230,119.66880341880342,17.982301483612112,742.4910456709017,0.927059737995571,-0.15115230026539545,-2.3680073494630873,120
RETDD,30,17,14,1.540016604015136,0.0,45,150,False,11,16,True,2.2724305791665085,11.409374496670726,118,61.39529914529914,21.511630571828466,353.0722138939568,0.9263941744918643,-0.13741538454677513,-1.9968148875795753,71
RETDD,30,31,14,1.492680144885804,0.0,45,150,False,10,19,True,2.431035379102905,17.12526446369807,98,50.98931623931624,18.379407052056635,203.35408751547538,0.8488992460627509,-0.25312309573760733,-2.2623133075306945,58
RETDD,30,25,17,1.4091523569481212,0.0,45,150,False,12,16,True,2.2784520824986663,10.97530105986204,102,53.07051282051282,17.429772113940317,304.8153536787149,0.8540192827035693,-0.257132855494364,-2.155315940439989,62
RETDD,30,26,16,1.6964693018506964,0.0,45,150,False,11,17,True,2.437735873795431,16.233810796804267,98,50.98931623931624,19.643153440483545,229.34713703260695,0.8098560564363836,-0.3204209207520783,-3.0537715766662976,60
RETDD,30,34,17,1.4933556277390625,0.0,30,900,False,9,19,True,1.3135307302643426,3.7563316399294253,315,163.89423076923077,14.985114951323624,793.0539140625765,1.6596316231099015,3.5408981752669884,19.927499715090484,161
RETDD,30,24,19,1.5332216627454847,3.0,45,150,False,10,20,True,1.4911141289050005,4.630247956504915,115,59.83440170940171,8.099325112229986,317.6770799518267,0.9806788117961807,-0.059248883358287485,-0.3985188439982728,65
RETDD,30,18,9,2.89273418386634,0.0,45,150,False,11,15,True,2.035210457129119,12.572128630459291,116,60.35470085470085,19.21205026618942,284.0292632651767,0.8587916421512983,-0.24075231278863504,-3.251441857886964,71
RETDD,30,45,24,2.0871047656113797,0.0,30,150,False,12,19,True,1.5133048842967185,2.4422280712992386,106,55.1517094017094,10.509761238343238,764.1819031686609,0.8728316009763025,-0.331951808760351,-1.4268718915519685,59
RETDD,30,12,10,2.583711188560855,0.0,45,150,False,10,16,True,1.7472724237147947,7.162952566796373,140,72.84188034188034,16.669662266546016,429.3199999999988,1.0221856839347305,0.03984838833215298,-0.9381591969483577,86
RETDD,30,31,16,1.3605483658810713,0.0,45,150,False,11,20,True,2.48800003089954,19.022858331503905,98,50.98931623931624,18.504698224058473,185.6108127990915,0.9571839943027791,-0.07157433401320742,-0.8553246557003266,56
RETDD,30,46,25,1.9243475308324556,0.0,45,450,False,12,19,True,1.4367992256713684,2.9191123634991785,122,63.47649572649573,9.529063720387681,651.6019514026983,0.8355207583337734,-0.252677005565521,-4.473467851585136,72
RETDD,30,18,20,2.956045507140179,0.0,60,150,False,11,13,True,1.9825006108200423,9.95306196576085,109,56.712606837606835,19.049762396209204,368.09008944129755,1.33351968626701,0.7539715786189837,7.278726171484859,66
RETDD,30,25,13,3.202932920803738,0.0,45,1200,False,11,16,True,1.2226922252160242,1.8922939192808037,279,145.16346153846155,11.205794306671116,1205.4098622685328,1.5253809267111498,1.7172811601559772,17.02660629755924,145
RETDD,30,14,15,1.788959341233276,0.0,45,300,False,7,17,True,1.764010616136875,7.389556022041391,176,91.57264957264957,19.825442425420736,520.3211892473357,1.3039589022077056,0.6966910728847499,4.731955565847429,103
RETDD,30,27,13,1.0991458434482437,4.0,30,450,False,10,20,True,1.2412236461912658,2.8805762106745605,357,185.74679487179486,11.076205818718618,739.4618300084576,1.1486315779259708,0.7149498889748986,3.317225046117737,172
RETDD,30,11,18,1.3058115335951408,0.0,150,150,False,11,13,True,1.2932233792758023,1.4980567940791472,87,45.26602564102564,3.6469185247721407,486.7864331894582,1.4116636423778732,0.8858999667096257,2.1446131023103185,33
RETDD,30,36,14,1.9237294761401,4.0,45,150,False,9,16,True,2.06513430375985,9.998055014726965,90,46.82692307692307,14.600589792157072,260.6078821540309,0.7089127266874446,-0.46189960851578366,-4.312819680055177,54
RETDD,30,40,18,1.1620365242550357,0.0,60,150,False,8,20,True,1.8567811726373031,8.967371376461296,83,43.184829059829056,9.688350556028068,190.28574012343756,0.8898629046099741,-0.21661668892761407,-1.1371818248678263,49
RETDD,30,12,22,1.1478708815879044,0.0,120,150,True,5,19,True,1.728337074869533,5.0325864360645785,93,48.38782051282051,8.289511702498142,315.15839611075774,0.928181200552519,-0.14342130735979872,-0.5516511563853403,39
RETDD,30,26,10,1.9290702978180039,0.0,45,900,False,11,14,True,1.3534920339754664,3.042691556034336,255,132.67628205128204,14.71216383822318,898.9678309702203,1.5118570779735636,1.6466647430526096,13.975312292702606,138
RETDD,30,18,14,2.116956945349925,0.0,45,600,False,11,17,False,1.6466208266670381,7.694639614523397,222,115.50641025641025,22.212359182561144,556.7720479524046,1.7045008415041487,2.2009537216588426,17.233449712063653,127
RETDD,30,14,16,1.4299846116176973,8.0,30,150,False,12,15,True,1.2411183211091694,1.6848501033028127,221,114.98611111111111,9.088254684923148,911.8172661812907,0.8733150892429068,-0.43882394033390243,-2.659498417851654,112
RETDD,30,41,13,1.687014755747424,0.0,45,150,False,11,19,True,2.349847450743294,10.046535023904008,78,40.58333333333333,15.093107995181883,283.0338014744932,0.5127518438542494,-0.7958366187063738,-6.217370130875263,50
RETDD,30,16,13,1.504007140798976,0.0,45,150,False,12,17,True,2.2579222918123167,10.549037616488116,121,62.95619658119658,21.61706117294786,383.89990233083427,0.9044686521410118,-0.17998234453051443,-2.2214703244242244,71
RETDD,30,26,18,2.1340946534796807,0.0,120,150,False,10,18,True,1.867993775039445,7.444193309693697,77,40.06303418803419,10.507139500832304,271.7134977234225,1.3444666305164628,0.5470560652383669,1.9458368323649007,33
RETDD,30,30,27,1.2680528886041738,0.0,45,150,False,11,20,True,2.297713683249674,14.7429910131809,99,51.50961538461538,16.707583654618116,215.97063860547524,0.7257775079083633,-0.44798361370569645,-3.6183104708264566,59
RETDD,30,32,30,1.1642681650761573,0.0,45,150,False,12,20,True,1.873600907191046,8.434496642081616,94,48.90811965811966,11.285442950702858,240.01624186892542,0.893884984079407,-0.183343135171553,-1.2347282588404378,55
RETDD,30,12,18,2.233487872794909,8.0,45,900,True,9,16,False,1.5588571895038512,3.3647054268265917,189,98.33653846153845,20.082228309452777,1058.1745657429092,1.6196413081880234,1.7361227771145402,13.36369786787403,97
RETDD,30,30,15,1.429020220565548,0.0,45,600,False,8,16,True,1.5528251651015428,6.26531762286961,195,101.45833333333333,14.997151397813347,480.9664000721728,1.754375084378846,2.2001563608049635,15.123922883333014,113
RETDD,30,16,13,2.894636280435108,0.0,30,300,False,10,13,True,1.2661022046000419,2.0428113879251857,259,134.75747863247864,12.276461181167836,1148.9974506825358,1.524129746816164,3.3147798089513825,17.20118562187781,138
RETDD,30,42,23,1.4917981082394396,0.0,60,150,False,9,15,False,2.1087861035737374,6.68067341522189,77,40.06303418803419,12.598683435512502,357.50828701565047,0.6041776991244817,-0.6390559805012805,-4.432157920404728,46
RETDD,30,35,19,1.6601296758911284,0.0,45,300,False,10,19,True,2.1444813540729593,12.94125228413429,123,63.99679487179487,19.63779668242006,293.8073834065249,1.0532198986128827,0.08369868100465118,-0.30386482343907767,71
RETDD,30,33,22,1.820376050853398,0.0,45,300,False,10,17,True,1.9726225914961262,10.140745541513887,122,63.47649572649573,17.511222932978086,339.1366118334006,1.0722097689112629,0.10525114105982283,-0.1437829367679156,71
RETDD,30,24,9,3.0202854101313608,0.0,45,450,False,10,12,True,1.4843094018102285,4.035787516815987,176,91.57264957264957,15.126020575164649,707.3688953212875,1.4914404361742215,1.9158201973513351,10.702172764438808,106
RETDD,30,11,25,3.6127614398815493,3.0,45,150,False,12,14,True,1.3579424894180314,3.5518485421351547,150,78.0448717948718,10.796479914866516,527.6000000000001,1.072257289638037,0.24317469818426862,1.766436524908184,88
RETDD,30,25,11,2.084750590053177,0.0,120,1200,False,6,18,True,1.4628485334528782,3.0288594659360717,201,104.5801282051282,14.258999176235639,923.9875114248268,1.466729435553484,2.1081279172320166,11.076714633696659,98
RETDD,30,24,15,1.0448872397284754,4.0,45,900,False,12,19,True,1.2405671314460298,3.5148155277275483,350,182.10470085470084,10.11225267455447,548.1960358085882,1.3265253570005402,1.1042430885997339,7.27348423246664,176
RETDD,15,44,8,1.7618793206243297,0.0,45,150,False,8,16,False,1.4113540878795685,1.6962610712098278,168,87.41025641025641,8.937247752523092,903.117267246402,1.4430658599363397,1.365548349862053,3.5634968081176144,83
RETDD,30,19,11,2.689006341268709,8.0,45,150,False,11,15,True,1.8432610538316356,8.053992007089473,114,59.31410256410256,15.833018966896573,368.5785922720054,0.7432060809282207,-0.4214107010189069,-5.6770163511444,69
RETDD,30,33,18,1.7728891219593361,6.0,45,150,False,9,17,False,1.9741373803806583,10.085876923650392,93,48.38782051282051,13.43512838651838,240.98186257203292,0.9752079745681247,-0.04088556959149744,-0.7000559129281405,52
RETDD,30,17,11,1.8292292276163709,0.0,45,900,True,8,18,True,1.453420307571737,4.434823167562207,208,108.22222222222221,15.768743961318748,640.1834111159128,1.7985326281661336,2.47119404390954,15.162506781092969,109
RETDD,30,30,21,2.2147079435987305,0.0,45,150,False,8,20,False,1.9002861635660697,8.914263646459473,95,49.4284188034188,13.979446107225089,298.22299746056797,0.7592304146351645,-0.37926567230469854,-4.187116361854651,57
RETDD,30,22,12,1.5947775341527952,0.0,45,450,False,11,16,True,1.68081548718487,7.161897400539047,192,99.8974358974359,19.015752615470873,513.8222593036717,1.550295851538128,1.6556585406221371,11.6879329447039,110
RETDD,30,18,15,1.4496017263567462,8.0,45,150,False,12,19,True,2.129721017114936,14.751708755349421,120,62.43589743589743,18.05590542307097,228.73385993373543,0.9576275465075317,-0.07385811617123238,-1.451459167576864,71
RETDD,30,22,22,1.2119631654345837,0.0,60,150,False,12,20,True,2.2558464898465775,12.900793950572307,107,55.672008547008545,16.600043145342955,248.59254204752233,0.8638277485670114,-0.2264863610452833,-2.489336000940439,66
RETDD,30,19,15,2.394891691851214,0.0,60,600,False,11,19,True,1.6383534718258,7.681729795065084,213,110.82371794871794,21.46209686636895,548.2944603205863,1.8014977035466317,2.6435985125755335,19.008364166335674,122
RETDD,30,14,23,1.1836535347485229,8.0,45,150,False,11,20,True,1.555910807351388,5.976592966358571,132,68.67948717948718,10.264478713327177,309.94436549053034,0.9184202169702643,-0.15438420826333962,-1.6770151205153119,74
RETDD,15,25,16,1.4152636421084852,8.0,45,150,False,10,18,True,1.2838183931737532,1.482384835791228,214,111.34401709401709,7.513277890684289,891.7471419044716,1.5238060808449603,3.3015953359816117,5.399119902519934,99
RETDD,30,27,27,1.0054076999789603,0.0,45,1200,False,7,17,False,1.162629072619343,1.070719967354229,317,164.93482905982904,6.738480930916066,1268.1185954518073,1.155982557787407,0.369395391088412,3.3670196972366186,159
RETDD,30,30,18,1.987923566386044,0.0,45,150,False,10,19,True,2.1709487522504785,11.62473693313546,95,49.4284188034188,16.609992569419628,269.85769584761874,0.8427641613209521,-0.25094634402926413,-2.786357502182708,57
RETDD,30,29,23,1.0798681726280333,0.0,60,150,False,12,19,True,1.8020254953192805,7.658385813574732,102,53.07051282051282,10.816803140013292,253.5434057184077,0.8649989896549416,-0.23529700322678268,-1.68690163239923,61
RETDD,30,19,24,1.363009321060189,0.0,90,450,False,11,19,True,1.784419676179955,7.894633796255253,155,80.64636752136752,17.172904413518143,422.40150254540663,1.6919064579001972,2.651800511722183,11.175129649702614,83
RETDD,30,43,10,1.56295197834619,4.0,45,450,False,8,19,True,1.3436840031958392,3.0336564410572446,167,86.88995726495726,8.092503029151706,503.4461415973732,0.8852384543979075,-0.21816785715066125,-2.790204456619139,90
RETDD,30,22,12,2.4025082491634864,0.0,45,150,False,11,19,True,2.091725837679995,10.87664382397642,104,54.11111111111111,18.397128567126224,323.1823628810589,1.3572994528235536,0.8621432665984009,6.9709670262967895,66
RETDD,30,12,11,1.5472898158182575,6.0,60,450,False,12,20,True,1.359358483681417,4.1668545171887095,267,138.9198717948718,12.93395953299573,593.9952030112604,1.6681048110216485,2.6211230297953834,14.13915919889142,142
RETDD,30,32,11,1.8072353074039986,0.0,45,300,False,10,20,True,2.279526406069233,12.956904653444163,128,66.59829059829059,22.356808383776414,327.4437322021886,1.1321787175587408,0.21707994234050135,0.7292054566658343,77
RETDD,30,39,14,1.9271348799564447,0.0,45,300,False,10,20,True,2.041006160767872,9.7679195317272,115,59.83440170940171,17.40041534006344,347.12156052617456,1.1020068377900762,0.15873557128087717,0.36881059817267314,68
RETDD,30,19,25,1.264633372046385,6.0,120,150,False,12,20,True,1.4348188107953068,3.434961326226836,87,45.26602564102564,5.702195349330706,295.52468856233645,0.8829393518502887,-0.21223031421952668,-1.3132312027857889,37
RETDD,30,20,15,2.1967999356607666,8.0,120,150,False,12,19,True,1.8401496804241315,6.305768941779079,80,41.623931623931625,11.070510183609509,327.166813383747,0.917227351849133,-0.13350434979125786,-1.7343747403901641,36
RETDD,30,28,9,1.8613021371659564,0.0,60,150,False,9,15,True,2.16383114322779,9.404463090008672,100,52.02991452991453,16.88112974500408,330.50023158183035,0.8855070642928006,-0.19511353941384257,-1.947685397434876,62
RETDD,30,16,16,2.14680023496269,8.0,45,300,False,12,20,True,1.6129756047150365,7.9233177911960375,165,85.84935897435898,16.673290916383273,383.48145614815803,1.0080915072789962,0.014385044239890765,-1.4054383660622836,92
RETDD,30,35,13,1.5021802869993888,0.0,45,900,False,10,19,True,1.5952444879843874,6.012688503546897,218,113.42521367521367,18.421951936768053,598.253183375642,1.6103130577230764,1.713511619790995,13.840634682760529,123
RETDD,30,21,13,3.821504755892666,0.0,45,150,False,11,14,True,2.344814957981008,12.94573974314524,104,54.11111111111111,22.95125601523216,338.8800000000001,1.1951076927481037,0.45530971548204646,4.76599699524493,66
RETDD,30,19,11,3.4839012664827282,0.0,45,150,False,12,15,True,2.0715933427655018,9.047110819381794,111,57.753205128205124,19.851720001570406,419.35913039132265,0.7237686135343495,-0.4437467106342698,-6.382239998541372,69
RETDD,30,19,12,1.948979734573187,0.0,30,150,False,10,20,False,1.3362441636347866,2.3622427306338327,189,98.33653846153845,10.565471114112299,844.2883741518049,0.8536859760946895,-0.4396616576804755,-3.444208195905221,102
RETDD,30,31,13,3.5918125986804066,0.0,45,150,False,8,12,True,2.2685361355863196,11.407818845779772,92,47.86752136752136,19.159279877875576,322.3111886764093,0.6685270677990006,-0.49352889482610063,-6.416807029938853,56
RETDD,30,28,11,1.5724956159497112,0.0,90,600,False,7,20,True,1.7689095852054653,8.355067900882455,157,81.6869658119658,16.650746271700733,390.619870455881,1.8443037986300577,3.440214055838527,14.381880837339747,87
RETDD,30,32,14,1.0612543189295125,3.0,120,1200,False,11,19,True,1.3525527019319141,5.5878559731843875,258,134.23717948717947,10.527533195724967,350.5459296654476,1.323329232692226,1.1843558918216086,5.391518121323172,114
RETDD,15,33,8,2.973375808666229,0.0,90,150,False,7,20,True,1.7557767476624226,3.19536606656433,85,44.225427350427346,6.916250869509728,397.74551184385973,2.218516868255474,4.446738714648737,4.445517927487308,42
RETDD,30,17,21,1.9399586670870037,4.0,60,150,False,10,18,True,1.5821273219122953,5.983524288197247,122,63.47649572649573,11.633592565561033,353.04860970688424,0.6946322158118973,-0.553313414965248,-6.420453974766617,71
RETDD,30,22,11,1.550506751262564,0.0,45,150,True,5,19,True,2.3752582339610613,14.216912184847207,95,49.4284188034188,16.794057736516574,217.57195622208565,1.001918646925633,0.003337078650849374,-0.770044602158175,57
RETDD,30,21,13,1.4166173763847323,0.0,45,1200,True,5,19,True,1.3872684567583629,4.638446949752029,302,157.1303418803419,15.936960389723367,663.1234722230188,1.500412997525311,1.7984352879850272,14.16642323655249,155
RETDD,30,29,8,2.1127567146706716,6.0,45,300,False,12,20,True,1.5746800638412608,7.000710720557382,145,75.44337606837607,11.824846513597588,323.6788566480311,0.9791254496289333,-0.0354327633989235,-1.2843424397984524,83
RETDD,30,23,9,1.385144379880603,8.0,45,150,False,11,16,True,2.023236358944601,8.692862353826255,112,58.27350427350427,14.95225461261634,320.948511941858,0.8165175295971654,-0.32785994720507994,-3.005949204769476,67
RETDD,30,14,17,2.1875952936644345,0.0,45,150,True,5,19,True,2.2455143556602666,12.552447617407678,103,53.590811965811966,19.201698043197787,276.05754803901164,0.9187905586773967,-0.13595029561705485,-2.0680514005716852,60
RETDD,30,14,21,2.5733286682400687,8.0,45,150,True,4,20,True,1.811584755393039,10.5663318659095,111,57.753205128205124,14.833717948452561,256.83442904019375,0.9269772953202121,-0.1269923815694004,-2.0780998154405603,64
RETDD,30,14,10,2.245263081162978,0.0,45,150,True,6,19,True,2.1579510155694184,11.715641242177236,96,49.94871794871795,17.35979822238635,269.1299999999992,0.9690401636451221,-0.05738837461535166,-1.0233844520711115,58
RETDD,30,10,16,2.500158532416486,0.0,45,150,True,4,17,True,1.951286543045228,10.706855588453928,120,62.43589743589743,17.77438363775872,303.8427182685523,0.9939131193416352,-0.012108753899696184,-1.1753875386601402,74
RETDD,30,42,13,2.526990564218713,0.0,30,150,True,4,17,True,1.664349983866757,5.252487994898988,109,56.712606837606835,12.707910764631759,423.12556977224995,0.7755326481848904,-0.4854008604378833,-3.5101590330129087,61
RETDD,30,16,16,1.4418910741716426,0.0,45,150,True,7,20,True,1.987850090592282,8.951443697260888,92,47.86752136752136,12.95478770254528,259.3934422136026,1.2289869925084718,0.43389713565628363,1.4287884489660256,51
RETDD,15,29,15,2.382398875300721,0.0,45,450,False,10,20,True,1.3516932084939797,4.384983282001392,323,168.05662393162393,14.770907560459726,655.398214750935,2.065507899817447,6.626942278291402,23.37483849044508,160
RETDD,30,18,12,3.935952343487233,0.0,90,150,False,8,14,True,1.9794225571650939,9.178735066251992,89,46.30662393162393,14.559989802833883,309.6600000000001,2.5620933774585386,3.58937772064939,15.916705485067165,42
RETDD,30,13,12,3.0278891205000082,0.0,30,150,True,6,19,True,1.2078326476096226,1.1385053270841212,149,77.52457264957265,7.276584909308472,1062.7346994170955,1.0883108898381546,0.3834113289136349,1.544778873251786,79
RETDD,30,24,9,1.7879500549039966,0.0,60,150,True,4,18,True,2.187744767818151,11.920269896792998,99,51.50961538461538,16.23770711201317,250.59432444812228,0.8414220467789927,-0.2677916885915616,-2.3932056231858363,59
RETDD,30,23,21,1.876435875481715,0.0,60,150,True,4,15,True,2.135922618925501,11.626044868581207,91,47.34722222222222,14.70482481751023,235.70490714536717,0.8499464272415845,-0.28678777312558973,-1.995653387484295,55
RETDD,15,15,24,1.1867175588773113,0.0,60,150,True,6,19,True,1.4548857453067319,2.175577766668753,142,73.88247863247862,7.4094527238896335,594.738489081242,1.8794413021855951,5.643535194809383,8.411150976972252,82
RETDD,30,14,16,2.270628674227016,4.0,45,150,True,7,20,True,1.622554919843183,3.932753559055653,94,48.90811965811966,10.158609600939247,441.71990613906405,0.9858316446821653,-0.022832934808797906,-0.9953438807606227,54
RETDD,30,21,13,1.8332070987760858,0.0,60,300,True,4,18,True,1.8890624086303,8.601339302592029,141,73.36217948717949,18.22930480297555,395.7226330982089,0.9111163796719571,-0.14590789380980032,-2.473114319365197,78
RETDD,30,16,11,1.5783705960487353,6.0,45,150,False,6,19,True,1.8104660098345722,6.818714826695462,125,65.03739316239316,15.18659362460029,400.7146606602937,0.8408553316390583,-0.2950018875397514,-3.22693836533739,72
RETDD,30,23,17,1.4821357781000808,3.0,60,150,True,4,15,True,1.445448762532788,4.177728589672978,100,52.02991452991453,5.460988106227892,255.09778073246775,1.2081641945508015,0.6170146219821898,1.3076791150024232,58
RETDD,30,37,22,1.59444377448869,0.0,60,900,True,5,18,True,1.5685537482977165,6.360044086294956,198,103.01923076923076,15.790044954543218,478.52952282772833,1.4127501335922052,1.121613085282887,8.977503630845527,105
RETDD,30,31,8,2.635738849462124,0.0,60,150,True,4,20,True,1.7587468202843812,6.108444949841715,94,48.90811965811966,11.312015098774808,343.60825784516464,0.954601056788668,-0.07655538782461087,-0.9969037215265293,52
RETDD,30,29,35,1.0182303773689636,4.0,45,150,False,7,19,False,1.6906334150331321,6.444767431859916,108,56.19230769230769,9.86925590267574,273.2570473336327,0.6691986564697741,-0.4976276750014341,-4.162843391099047,65
RETDD,30,22,12,1.2998225504543743,0.0,60,150,True,4,20,True,2.1064160705114867,12.442618136806628,104,54.11111111111111,14.018457038525003,209.83857955307235,1.095441194640374,0.17701797729158586,0.19709216473339083,61
RETDD,30,28,14,2.171911586132373,0.0,45,150,True,6,18,True,2.3501408050051764,12.702749256536372,85,44.225427350427346,16.22746966610142,232.73713062283377,0.6643381240676777,-0.5134745315958064,-5.015433059537647,50
RETDD,30,17,13,1.894149943659928,0.0,60,900,True,4,19,False,1.4352982143808908,4.453079459904133,247,128.51388888888889,18.17849042992664,773.8286677784236,1.7847026809312272,2.3143863499683373,19.980342027396457,127
RETDD,30,23,11,1.5146164677461245,0.0,60,150,True,4,18,True,2.205982347022235,13.807182167138668,101,52.550213675213676,15.85376383139027,212.65563070891062,0.848710502606956,-0.2568378524345207,-2.349094234260427,60
RETDD,30,22,10,1.0158040699813005,0.0,60,150,False,5,20,True,2.0512210301081293,12.436538468409719,112,58.27350427350427,14.325735909736348,206.36290841624577,1.01707881625339,0.02787085965866769,-0.5311993748216436,70
RETDD,15,35,16,2.1484403531772913,0.0,45,150,True,5,16,True,1.2651793035122227,1.0607493621626023,122,63.47649572649573,6.083463195554422,917.7037653789389,1.8280941018555084,4.078255210840254,7.114559255971154,68
RETDD,30,28,10,1.7605639652400185,0.0,60,150,False,4,18,True,2.2972874883033514,13.189307737145464,98,50.98931623931624,17.63349151334896,245.52855684354586,0.860161087330378,-0.2365685652551286,-2.3545710002505653,62
RETDD,30,16,11,1.4353145006578458,0.0,60,150,False,6,19,True,2.328894133548646,11.404630281412185,122,63.47649572649573,22.48270811626936,368.36740536567504,0.9384106520427693,-0.11859528111389477,-1.7185136034723696,72
RETDD,30,28,20,1.2758042646782428,0.0,60,150,False,4,20,True,2.289688358222831,11.659135121950266,101,52.550213675213676,16.219390980900258,267.1187460869414,0.8304456158716111,-0.29196377362043946,-2.2639981135077303,60
RETDD,30,27,8,2.1173908062674833,0.0,60,150,False,4,16,True,2.02380354580589,7.728321414765942,102,53.07051282051282,14.71723869299225,354.84877436091415,0.8709276262573699,-0.21807734831539696,-2.0218941813177063,62
RETDD,30,23,11,1.539566299626215,4.0,60,150,True,5,19,True,1.9021637423083317,9.914694593902109,100,52.02991452991453,11.65152811235973,215.99710283903823,0.8872032489957242,-0.19743369383282983,-1.9133631697047262,57
RETDD,30,34,11,1.1860889746448076,0.0,60,300,False,12,19,True,2.041178707500214,13.945030428286104,134,69.72008547008546,17.316112705837043,229.783355182303,1.296581612377142,0.5436646822123408,2.6643503973078566,79
RETDD,30,36,19,1.1358650720471137,0.0,90,300,False,12,19,True,1.8791533692361255,8.251956837642256,106,55.1517094017094,12.073765623773209,262.8571593783049,1.8249789546874697,1.6438648292457492,5.824129112631233,48
RETDD,30,34,14,1.6110187726255543,8.0,60,300,False,10,20,True,2.081090353084468,12.984830483748214,127,66.07799145299145,19.23240464582497,272.4578390722172,1.07260547627009,0.12324220488772905,0.02810987181779437,75
RETDD,30,37,19,1.785049318947946,4.0,60,300,False,11,19,True,1.7422421448637067,9.523715695894522,132,68.67948717948718,14.614152673272693,283.57127129970377,0.9181254266362167,-0.12372312044033153,-2.3078287846901495,70
RETDD,30,28,19,1.9132929155383835,3.0,45,300,True,5,19,True,1.4050128777864987,3.812298506121261,147,76.48397435897435,8.180839437831686,402.4456981563874,0.9752626794878205,-0.059088354633681964,-1.0467352419781357,76
RETDD,30,36,13,1.6918194450161765,8.0,60,300,False,9,19,True,2.0942131323297954,11.3182354353157,123,63.99679487179487,19.034013257249295,307.5422158463198,1.0156771297033471,0.025846429598174278,-0.7960990747979619,71
RETDD,15,32,18,1.2958920784866534,0.0,60,300,False,11,18,True,1.6562011506649457,4.684202288716978,217,112.90491452991452,14.60337641989596,598.5282869703515,1.6974950396496111,3.3751765251242594,8.864631865416651,112
RETDD,30,27,18,1.0975105141116472,0.0,60,300,False,11,18,True,1.8131975144247536,8.345551839165498,149,77.52457264957265,15.170079730256504,342.89041556257484,1.1732047298867103,0.2960407046593508,1.42187012812928,84
RETDD,30,27,11,1.1190719967412923,8.0,45,450,False,11,20,True,1.6461578269274357,5.741748448969491,196,101.97863247863248,15.429988547923546,509.2467811101567,1.111656586274058,0.21879243016759428,0.6881670161276208,110
RETDD,30,16,17,2.4420403796295993,8.0,45,1200,False,11,17,False,1.2917737278723616,3.8948160925345423,333,173.2596153846154,17.00874897033976,849.830706848825,1.5779582370906706,2.1265239399658302,20.281885208386857,172
RETDD,30,21,13,1.6615621880693032,8.0,45,150,False,11,13,False,2.214767936373548,15.045874813796647,111,57.753205128205124,18.248659715733414,225.45813616545956,0.7562005385023125,-0.4096090111174305,-4.66182249559932,67
RETDD,15,15,20,3.9795720886160186,8.0,45,150,False,9,15,True,1.4123724266679774,3.479560363329594,247,128.51388888888889,15.028219145343392,782.0048545635268,1.1523718169008585,0.7577008163651145,2.703926221503327,130
RETDD,15,24,12,1.746206201914033,0.0,45,300,False,11,20,True,1.3425182463040497,3.445048034252729,307,159.73183760683762,12.127219476770229,678.4417074967296,1.5395902674820394,4.241255618671179,8.114836702015843,149
RETDD,30,25,14,1.88945980975873,8.0,45,150,False,12,13,False,2.023509944668441,11.06430522629707,101,52.550213675213676,15.220648263584343,254.99629982324677,0.7736043378173908,-0.38208388957920175,-3.917815002895791,63
RETDD,30,32,16,3.237906520995524,0.0,45,150,False,12,11,False,2.3828318758052465,14.740078474951952,88,45.78632478632478,19.189457677832824,248.6599999999994,0.7707427754634406,-0.3446826027489879,-4.239022442953975,52
RETDD,30,43,16,1.305755738907131,3.0,60,450,False,11,19,True,1.4133280292606782,3.9136244915846374,175,91.05235042735042,9.208309134984866,437.4281934827054,1.0735155802997731,0.1607690443035702,0.37545145750019726,94
RETDD,30,26,8,1.0435240061359905,0.0,60,300,False,11,18,False,1.830378493984583,7.668515691152535,163,84.80876068376068,15.166654582440698,368.5152423192326,1.3131352333730357,0.6108170963605336,3.0277795120740483,93
RETDD,30,29,12,3.7033576159000945,0.0,45,150,False,9,14,False,2.078918342614946,9.603974776937907,94,48.90811965811966,16.90974958263468,338.8800000000001,0.7172906841753779,-0.4378265742283085,-5.427897023603255,60
RETDD,30,39,19,2.7160457114991603,3.0,45,150,False,12,11,False,1.5079452631019854,3.610097515230425,86,44.745726495726494,7.9363851621565695,373.4098219227435,0.6339983180545447,-0.565469192380725,-5.787525164666171,50
RETDD,30,37,18,3.062832110843197,0.0,45,150,False,11,10,False,2.2076532295516444,10.075936466556136,81,42.14423076923077,16.174716367781134,308.168503763475,0.6990126291121476,-0.4453226532069263,-5.406453219743419,51
RETDD,30,18,21,3.1599486760113753,0.0,120,150,False,12,10,False,1.756053879902594,5.016285943286636,80,41.623931623931625,10.52882185778623,407.49758660115896,1.8232907161016558,1.6771717054327033,9.225914898594159,36
RETDD,30,31,14,1.9529965743293352,0.0,45,150,True,4,18,True,2.2195118726186713,13.506503401131111,92,47.86752136752136,15.255839533489095,208.89934130433198,0.7488665740725067,-0.392716750709697,-3.8835982700863463,52
RETDD,30,31,10,1.9245797240815303,0.0,45,150,True,4,18,False,2.229839006562738,12.763522090232696,91,47.34722222222222,16.579526927876554,237.6365355576704,0.891651438148691,-0.18125462176588444,-1.7825248575476098,52
RETDD,30,42,20,2.4397112037449373,0.0,150,450,False,11,11,False,1.208735053771318,0.8815009372699671,83,43.184829059829056,2.7357652215612838,715.0446594621498,1.3301466922908556,0.830080760361869,2.2553746036758144,32
RETDD,30,35,16,1.9881306402239278,0.0,45,150,True,4,18,False,2.5016637276590057,13.962120719654594,83,43.184829059829056,17.813178152402305,239.18773233821003,0.9298256568173626,-0.10826262466803033,-1.291761603165483,46
RETDD,30,29,14,1.3279108938783297,0.0,45,150,False,11,20,True,2.381431927953085,13.03183331898859,101,52.550213675213676,17.606402615596004,257.75100463262515,0.9061696632536461,-0.16635910078482238,-1.5069915651055423,62
RETDD,30,10,25,1.3440875000839827,0.0,30,150,False,11,20,True,1.307773186221966,1.738619545684733,233,121.22970085470085,12.008759756161854,1231.7384048224035,0.7539486600098216,-0.622583172660865,-6.327359419832005,126
RETDD,30,41,10,1.5894196165849528,0.0,60,300,False,12,17,True,2.0227549391105524,10.85314659021516,117,60.875,15.900029690713371,276.35631677438096,0.9805482476319547,-0.034596585083939604,-1.3802451652670522,72
RETDD,30,34,10,1.6269446372111078,8.0,30,300,False,11,18,True,1.4150725245994944,3.285600360822554,220,114.46581196581197,14.083107109159513,776.9009232997628,1.251436432704345,1.2323295234421217,5.2384951044490276,113
RETDD,30,26,13,1.4305420532864526,0.0,45,150,False,10,20,True,2.5366233761697434,19.76922974947009,102,53.07051282051282,20.396592202852588,195.0098932731521,0.8141837990742086,-0.3281314290177549,-2.699130006756068,63
RETDD,30,36,38,1.0876945563539575,0.0,45,300,False,9,20,True,1.8102735603874178,7.056711933917032,119,61.91559829059829,12.772038637553418,334.7989423164943,1.4235602451755296,0.6742784151248052,4.308517830503865,67
RETDD,30,25,12,3.6893550490051785,6.0,45,300,False,11,14,True,1.6107200626834022,6.952731970926103,140,72.84188034188034,14.830203506987363,401.82,0.8510269638274042,-0.23010896294311353,-4.181654836260268,83
RETDD,30,18,13,1.8068979843092114,8.0,60,900,False,12,19,True,1.433326886280441,5.915107946021451,300,156.0897435897436,19.067673505121732,622.9287084236162,1.5515829370916756,1.6162736592851423,16.52439000799179,155
RETDD,30,40,9,1.4535842716490264,8.0,45,150,True,5,18,True,1.9999576529422174,7.070483821490479,77,40.06303418803419,10.28576795050772,262.1047133980155,0.7375227177393389,-0.43647101365500685,-2.6708677693909015,43
RETDD,30,20,13,1.6930863475223448,6.0,45,150,False,11,11,False,2.021476135754263,13.105486033005521,114,59.31410256410256,16.461053822329507,228.8975297062052,0.7951091843048339,-0.35342497006986195,-4.085491725499834,67
RETDD,30,37,20,1.0848092634071704,8.0,45,150,False,10,19,False,1.7192467652695662,6.8973444818678695,91,47.34722222222222,8.456646109274637,217.9085463514498,1.0943446263883436,0.1885016264985864,0.6201799591542457,52
RETDD,30,16,14,1.6656922157000225,6.0,45,150,False,11,12,False,1.7995840765400581,6.492741909368011,123,63.99679487179487,15.146136551416028,417.9604416063112,0.8810682141997906,-0.21269712586866704,-2.803130994440523,71
RETDD,30,30,12,1.2917564373904384,0.0,45,150,True,4,18,True,2.3179806777549823,13.210023576119367,97,50.46901709401709,15.015522587703273,209.33802921580445,0.9094697137763379,-0.15728181266135627,-1.4005072326359367,55
RETDD,30,36,11,3.798864744156302,0.0,45,450,False,12,13,False,1.6821599542241932,6.038864459946304,141,73.36217948717949,16.200330942938287,523.1962916806494,1.3030838947539245,0.9211982470230372,6.808769940544559,90
RETDD,30,19,19,1.4505610264983975,8.0,120,150,False,11,10,False,1.6845840981676603,5.400149558001511,86,44.745726495726494,9.328190155522622,311.8925764599535,1.046710879226532,0.07805918134237588,-0.260926188932116,36
RETDD,30,32,15,2.0014042051080496,0.0,45,600,True,5,18,True,1.7504856815699485,9.207496607324167,165,85.84935897435898,18.03170469621307,370.32551746414856,1.5812706496781614,2.091350417296887,11.102377830584278,91
RETDD,30,26,10,2.89674993961792,6.0,45,150,False,11,11,False,1.929661471761529,7.446341276671545,101,52.550213675213676,15.02350659952787,371.27286420278233,0.7106347835162442,-0.4677882242652419,-4.8627187781755215,62
RETDD,15,41,26,1.9347088119544604,8.0,45,150,True,5,19,False,1.5076602277281568,1.7944746150123887,127,66.07799145299145,11.347921453881009,1062.2110627463167,1.979968155368089,5.431139789090553,8.909242098209516,67
RETDD,15,29,18,1.5342186788806318,4.0,90,150,False,12,20,True,1.518160803016761,4.519750381854769,101,52.550213675213676,5.774367103749308,240.8969679564319,1.881075647924276,4.535513672941482,4.431427523862556,48
RETDD,30,37,10,1.3876411275524367,0.0,45,150,True,5,18,True,2.3199094689384454,8.812672980501873,82,42.664529914529915,13.318678932759758,278.52405331542377,0.9658899687014669,-0.05676157455412498,-0.7618127731474194,45
RETDD,15,36,12,1.0634159850822564,0.0,90,1200,False,9,20,True,1.247855535851639,1.6707838868379032,393,204.4775641025641,8.312956952063091,905.1465949812239,1.4776805122047898,1.7918408684564404,12.198807066024596,199
RETDD,30,12,14,2.0316128672177363,8.0,45,150,False,9,11,False,1.7157049640276887,10.487651518618394,139,72.32158119658119,14.905173461050456,259.4223733073859,0.9572354112829753,-0.07175733785825178,-2.19751433371832,84
RETDD,30,28,9,3.4061379913978738,0.0,90,150,False,11,11,False,1.6625177888384017,6.396173833396277,81,42.14423076923077,8.210172666484677,250.25175799346607,1.4465882794421163,0.7630369737123314,2.738108557485526,35
RETDD,30,35,17,1.0753322406239294,0.0,45,150,False,10,20,True,1.852662593163969,8.71026095705961,95,49.4284188034188,10.53932424973583,216.05571557867415,1.1428968683695226,0.2904414467462947,1.0094086790028098,52
RETDD,30,30,37,1.656858615440214,0.0,45,150,True,4,20,False,2.0037550451382153,8.291442501223777,85,44.225427350427346,14.176178024725942,324.013000186054,0.6899204103702824,-0.4972089946701368,-5.158367937980267,53
RETDD,30,28,12,2.3080983352167266,3.0,60,300,False,10,18,True,1.3283294450101897,3.9384548283737018,158,82.20726495726495,7.856607659647823,378.49624347919445,0.9833973513165161,-0.03401991869391984,-1.3815116924494424,86
RETDD,30,48,14,1.6593192068517484,0.0,45,300,False,4,15,False,2.0430784262357733,8.2635381086172,101,52.550213675213676,15.562801641493353,360.9633639207452,0.9557607838120926,-0.07747864022747869,-1.0043121380139581,58
RETDD,30,33,21,1.351093495029668,6.0,45,300,False,12,13,False,2.0153264941749502,10.38283650527991,132,68.67948717948718,17.14862294028723,308.11239476850506,1.0470905272805344,0.07744820328433501,-0.19838349534327265,76
RETDD,30,30,14,1.0393251186814005,3.0,45,150,True,4,17,True,1.648689875799256,5.892028955741784,104,54.11111111111111,7.442073773541326,227.63400666832717,1.0862858314309112,0.20451487266088061,0.5522893060130132,60
RETDD,30,32,22,1.6308448764089138,8.0,120,300,False,10,20,True,1.4821588843218003,4.248010649634017,102,53.07051282051282,8.332186258979931,349.76743883175436,1.14585324474783,0.2365203947501728,0.5898486132706278,40
RETDD,30,27,21,1.2674015159526535,0.0,45,150,True,4,15,True,2.3860130608846277,12.549318002226292,92,47.86752136752136,14.769091420669708,218.5351300176792,1.118171863926374,0.23337660621477463,0.3821159331567582,53
RETDD,30,21,12,1.221321225257327,6.0,60,150,False,9,14,False,2.2697971192002107,13.434178235626952,116,60.35470085470085,17.556313711629425,240.21576887331776,0.9730181313051272,-0.046886616761244136,-1.142296522418617,69
RETDD,30,16,13,1.229950325934058,6.0,60,150,False,5,15,False,1.9829063335787522,9.130630147712028,127,66.07799145299145,16.224415476166715,321.8397232368652,1.0191437969290393,0.036569561610722945,-0.44571020790739513,72
RETDD,30,25,18,1.107160743634629,6.0,150,450,False,10,14,False,1.225890098096119,1.0944651741101536,119,61.91559829059829,3.3119922734464664,622.3462918897916,1.2112977441040245,0.5503899026357214,1.271809229497905,47
RETDD,30,24,23,1.485225091885736,0.0,90,150,False,11,20,True,2.103711801438037,7.02426281153441,89,46.30662393162393,13.91894284350941,387.965592837955,1.4981309394260394,0.894691283406013,3.0356214634880887,36
RETDD,30,18,12,1.6475112287413294,6.0,60,150,False,9,16,False,2.0744200332864913,14.29045771596157,118,61.39529914529914,17.648235445598637,224.14553130119702,0.8474006639804823,-0.2698523213378712,-3.2890706934997733,71
RETDD,30,17,24,2.382488475376621,6.0,60,150,False,9,13,False,1.5374780803295374,7.741579849397809,118,61.39529914529914,11.847604746890264,276.2261214197597,1.0517804097903334,0.1282290321595202,1.71232241323523,68
RETDD,30,34,15,1.0537937450141857,8.0,45,150,False,12,19,True,1.8159320474487344,8.07109452183286,98,50.98931623931624,10.103780041436718,222.81382751126466,1.1700687756180261,0.32947930533328895,1.2051188527968837,55
RETDD,30,22,15,1.3264348532130716,6.0,60,150,False,8,16,False,2.0328155023714394,10.028571206051447,112,58.27350427350427,15.181707019141253,278.56135985682795,1.0111894990619812,0.018523883574302867,-0.7393079610672849,67
RETDD,30,24,16,1.5092000599404303,0.0,45,150,False,12,20,True,2.4106089004084965,16.02511710637303,104,54.11111111111111,19.82468855158372,235.89344673700975,0.8703009680532624,-0.2320312334076554,-2.0351990906913793,61
RETDD,30,22,8,1.5213291052439963,0.0,30,300,False,11,20,True,1.3121557290949648,3.6278609848952605,277,144.12286324786325,11.467303842957538,612.8918378126925,1.0920866702315088,0.25429915723627217,0.8839914965861917,140
RETDD,30,28,20,3.5804416983618252,0.0,45,300,False,12,10,False,1.6027581401812971,6.918545940558794,129,67.11858974358974,14.629619833008682,420.58485414673294,0.8408018109598605,-0.23018566602021726,-4.993046972895094,74
RETDD,30,24,24,1.9281517328906403,0.0,45,450,True,4,16,False,1.6588896754281912,6.718774029424756,153,79.60576923076923,18.161886165322606,514.4051134417596,1.3719714361261726,0.9475526190858844,7.427950175858026,79
RETDD,30,23,10,1.6653618477691763,4.0,60,150,False,7,14,False,1.9325538738222416,8.95278275555432,110,57.23290598290598,13.94768937603489,284.0665613978281,0.7220212120537899,-0.47704767601776815,-4.942202312405385,67
RETDD,30,39,9,1.5894967940833191,0.0,60,600,True,12,20,True,1.3703654995900103,2.358577931596501,92,47.86752136752136,3.9994049267002287,332.56435939127374,1.0717856008943267,0.13047518385255,-0.09420908412663642,52
RETDD,30,13,25,1.7648896714206728,8.0,60,150,False,9,16,False,1.6728688822501554,7.748428605449657,130,67.63888888888889,14.293999866271474,339.6402982493628,0.7092215035431662,-0.49554267833317944,-6.75626684958042,80
RETDD,30,19,16,2.004043937662311,0.0,45,450,True,4,18,True,1.7986874869392628,7.807074833012867,168,87.41025641025641,20.332129879635676,477.1232656748912,1.7345891778436937,2.5082169963096397,13.725171954700103,92
RETDD,30,39,12,3.132566334575787,0.0,30,150,False,12,12,False,1.5132937108707134,3.0559386242759907,122,63.47649572649573,12.27598233647097,740.3619768704668,0.8214654149417822,-0.5364520068551016,-2.6668928252209456,69
RETDD,30,26,15,1.1776831989194987,6.0,60,300,False,10,14,False,1.7425167335519816,8.24727980525886,155,80.64636752136752,14.940599221330803,331.31612386574216,1.1068253283076224,0.18600296317271,0.6677668726632016,88
RETDD,30,22,21,2.4298360031029835,6.0,45,1200,False,9,12,False,1.1260286462451732,1.1363517927540492,319,165.97542735042734,7.182792583372233,1312.6968546273445,1.4154465291995153,1.3418209765644347,13.539617879776603,153
RETDD,30,12,13,2.1177690753500085,0.0,45,150,False,12,13,False,1.86351991546703,8.005310892820876,137,71.28098290598291,18.63285886249116,432.7620411382768,0.9319467567483752,-0.1148886394234981,-2.6950987501005774,85
RETDD,15,13,8,1.6317614057931509,3.0,60,150,False,7,17,False,1.4010942276669212,2.5928995873052334,242,125.91239316239316,8.37912127498402,582.3671561279705,1.2663070586521394,1.56024053011823,3.677387663023561,133
RETDD,15,48,10,2.18102132806327,0.0,60,150,False,5,18,True,1.934112659667584,4.194985308337286,120,62.43589743589743,13.54578878805592,582.1425282758437,1.5832137897109686,1.7634810558835037,4.269446891701012,65
RETDD,30,17,13,1.3102825162014438,3.0,30,150,False,11,13,False,1.1221537681144749,0.7022514568660648,233,121.22970085470085,4.876830512085155,1011.6782943754013,1.1440520158767737,0.9677727577383418,3.194795934460448,115
RETDD,15,18,13,1.9690573671854685,6.0,60,150,False,10,13,False,1.586431502571281,3.4231078270780833,187,97.29594017094017,12.368259158589444,669.5840807195757,1.4889091006745043,3.3561209189357917,6.268302871151169,105
RETDD,30,13,10,2.0128234971071706,6.0,60,1200,False,9,17,False,1.222677632462289,3.299854569100238,439,228.41132478632477,14.273877474144314,817.8218537641193,1.7160871272304064,3.458350648700648,24.118660782213816,226
RETDD,30,27,8,1.5754957234229918,0.0,45,150,False,8,18,False,2.0524241823013893,10.020935942502943,105,54.631410256410255,14.5398315136377,270.55881193566825,0.9036000408547171,-0.1788563115293597,-1.4937990510354962,62
RETDD,30,21,14,1.6832600846063295,6.0,60,450,False,8,13,False,1.416194373143924,5.056563259260079,208,108.22222222222221,13.011341130969873,488.2239996627063,1.4005374913036965,1.1917710994747088,8.731025799338711,111
RETDD,30,21,10,1.4989137020425396,6.0,60,150,False,9,11,False,2.0965231261155632,15.010397255457152,116,60.35470085470085,16.699584191100655,204.19115879329502,0.8635986498969903,-0.2418397971665957,-2.7400898009334163,68
RETDD,30,17,9,1.06169780478923,6.0,60,150,False,9,12,False,1.838113052408455,8.363694933885425,129,67.11858974358974,13.509267229678823,284.084688479069,1.1117452499066687,0.2508315245842627,0.5888545234615572,73
RETDD,30,17,18,2.1582776517115736,8.0,45,150,False,12,19,True,1.7976100792364973,11.302231236813759,117,60.875,15.171592584447005,246.8772368004834,0.8314709305048652,-0.29012398382105836,-4.096125917641296,68
RETDD,15,34,11,2.785226897527089,0.0,60,150,True,6,18,False,1.9677232707635206,3.1421561697368836,94,48.90811965811966,13.123208121084511,735.397797899615,1.7972940733345788,2.7157135059646555,5.861678866263884,55
RETDD,30,34,14,1.2838303352105023,4.0,60,150,False,5,16,True,2.3461940350987196,16.531955560357268,98,50.98931623931624,16.042630721278886,175.30875598777084,0.905167962454294,-0.179255645360457,-1.2699763102042818,55
RETDD,15,29,20,1.1831121836819067,4.0,60,150,False,6,14,True,1.319228479646928,1.6712168648542298,162,84.28846153846153,5.974977920599397,626.6671748043202,1.5406735089493604,3.0438484707560836,4.636918407999352,84
RETDD,30,35,11,1.0370840307543019,4.0,60,150,False,4,16,True,2.004425175339776,9.54514630057453,100,52.02991452991453,11.900324976433213,220.94622714111938,0.9057148754561245,-0.18705507927438067,-1.0786055312882592,56
RETDD,30,34,23,1.9045786016693655,6.0,45,150,True,4,17,True,1.887147191293713,9.319976390659034,89,46.30662393162393,11.05069470515194,216.07212741985995,0.9447201396826559,-0.11380403265818709,-0.9178747675947004,47
RETDD,30,32,9,1.727584264906002,0.0,45,150,False,5,18,True,2.2913300218662522,14.486050472456986,94,48.90811965811966,16.661674271311288,210.91129814320607,0.8866328819157656,-0.2188060275905182,-1.5659967509660908,55
RETDD,30,19,41,1.6228049215922038,0.0,45,150,False,9,18,True,1.8588578388444141,4.921512885389836,105,54.631410256410255,15.4624247933412,601.6919561999559,0.7462579893210267,-0.4397285782794512,-5.428267318102947,65
RETDD,30,38,11,2.0340980492062233,0.0,45,1200,False,4,19,True,1.3966605888342676,3.198857043193046,245,127.47329059829059,15.122674398914665,909.7206200463511,1.2761690513019042,0.8050472437118175,6.953037118093464,137
RETDD,30,14,12,1.4897372781995064,6.0,120,150,False,5,10,False,1.3894997197705639,3.538254193206207,95,49.4284188034188,5.676470727472964,291.08655819074374,0.9341530204612188,-0.12957958962555796,-1.0527907696076102,44
RETDD,30,21,9,1.702432803940728,6.0,45,150,False,11,19,True,2.062635207670888,11.251986439575656,115,59.83440170940171,16.63094362575177,271.1292813720786,0.7850582433172015,-0.37358286443562716,-3.9137851824305496,68
RETDD,30,11,8,1.8253169860698093,4.0,60,150,False,11,17,False,1.452875202242829,3.2148100329963847,154,80.12606837606837,9.486338257647793,529.0250175274682,1.13751969133253,0.3055257018544544,1.058587656798988,92
RETDD,30,14,20,1.5332259791673235,6.0,60,150,False,12,19,False,1.6255072466212792,5.729714870575692,131,68.15918803418803,12.752652850269339,399.76245391826546,0.9048423005185903,-0.17052532087612493,-2.263362229180241,73
RETDD,30,18,19,1.9482605240212574,6.0,60,150,False,9,14,True,1.7511755619760216,9.671921611944054,117,60.875,14.10743079826967,266.4024540136296,0.8625213338804146,-0.23561020275684055,-3.2433677075117844,68
RETDD,30,31,16,1.5583444699755833,8.0,45,600,False,9,14,False,1.479535672763852,5.528327638816659,198,103.01923076923076,14.146754476629766,496.28068164347746,1.6926895391418793,2.02243342744383,14.615657529184313,108
RETDD,30,20,23,1.554823138519591,4.0,45,150,False,11,15,False,1.8375596949082238,9.169795938081657,118,61.39529914529914,14.321004262735272,282.02183191689346,0.7132118423086182,-0.4770272329493021,-5.227381152047034,67
RETDD,30,34,13,1.4686261186552747,4.0,60,450,False,5,20,True,1.4894614376979078,5.617277308233677,194,100.93803418803418,13.224448164636875,444.5098770705323,1.1440029954241915,0.4967711968161482,2.7271001927380523,102
RETDD,30,36,15,1.99599573301447,4.0,45,150,False,5,19,True,2.3102718567211964,11.247968046888577,89,46.30662393162393,16.978582178844782,267.8890948419562,0.7342469789647553,-0.41804384116435633,-4.016597778075882,54
RETDD,30,45,23,1.287235189529541,0.0,45,600,True,4,17,False,1.603952329281986,4.424727883959506,147,76.48397435897435,12.883294220707025,565.0661041984047,1.1323111186445975,0.2569827689686271,1.0392371461929664,78
RETDD,30,24,8,1.7688052954579871,6.0,60,900,False,9,11,False,1.2874704657675222,3.5790960104921057,306,159.21153846153845,12.532766767668933,654.3249151585894,1.560546068214156,2.0317762948736813,14.355043597696138,159
RETDD,30,40,17,1.2628817434085213,0.0,45,450,False,11,18,False,1.706128509683192,4.830759865257576,147,76.48397435897435,13.721965566474417,551.9351635233813,1.0789198428862838,0.1504949844165418,0.3604020136072084,90
RETDD,30,31,8,1.8819149853085129,8.0,45,150,False,7,17,True,1.8195965907319083,7.814929618737763,100,52.02991452991453,11.252638620849938,268.8303425804884,0.942967153083195,-0.09950842135094269,-1.0217677734291135,57
RETDD,30,16,13,1.5480506767746527,8.0,45,600,False,12,19,True,1.5411800342606319,5.617458478512906,262,136.31837606837607,19.7775466019517,681.6657795030305,1.5548671331410107,1.7853007587669423,14.37605954942309,150
RETDD,30,21,23,1.012189731201695,4.0,45,150,False,11,20,True,1.7703758453494933,7.497281996075571,119,61.91559829059829,11.308850490703819,270.69449918348687,0.7976112863416541,-0.3113702651714284,-2.9515709125713285,70
RETDD,30,30,11,1.8030257623066497,4.0,60,1200,False,7,16,True,1.0914001220884624,0.8442075070309433,363,188.86858974358972,5.442561536744135,1189.7096149279828,1.2335199386000628,0.7123730933789749,7.429992799606255,181
RETDD,30,31,12,1.2784750891113208,4.0,60,600,True,7,14,True,1.5313998683316778,7.05685637604131,175,91.05235042735042,10.749096386372722,286.28183219749985,1.0917482954783289,0.19263393583956126,0.24879500778402983,91
RETDD,30,20,12,2.0676157972738176,6.0,60,150,False,10,16,False,1.9115768558094364,10.322692189446151,113,58.793803418803414,15.726773532108568,278.6738991799966,0.7557324094397428,-0.38547040494158163,-5.32838267994509,67
RETDD,30,25,21,1.6108738526733168,0.0,45,150,False,9,17,True,2.2121264063954134,14.803163096681532,99,51.50961538461538,17.000213594047114,219.22569268736288,0.7181504866073948,-0.4764548232909217,-4.356135730599832,61
RETDD,30,24,19,1.8116715212402763,6.0,90,150,False,10,15,False,1.8454091841265898,4.43546896638338,87,45.26602564102564,11.157856020808923,465.5565632045407,1.6007232605368147,1.1772396081219327,3.8041664988960395,35
RETDD,30,23,24,1.6222362967834372,0.0,45,150,False,9,19,True,2.061126803365238,10.659853378957624,102,53.07051282051282,16.399137381513647,293.43212854650756,0.6806348841737934,-0.49965794883655756,-5.894938393287071,63
RETDD,15,33,16,1.7849242431181511,0.0,45,600,False,7,20,True,1.283615062693475,3.5505066900416145,383,199.27457264957263,12.567532387396017,701.3360153776404,1.7298734475821724,4.152324182471852,19.107791373973622,185
RETDD,30,40,15,2.1903692816645455,0.0,45,150,False,4,18,True,2.146753738681277,6.460563891134796,78,40.58333333333333,14.352441590946324,410.5934174596009,0.7567146642470877,-0.3740690000550073,-3.6931689191769608,50
RETDD,15,42,32,2.28575377433046,0.0,45,150,False,10,18,True,1.4030195787297077,1.737224575969388,149,77.52457264957265,10.638005573811594,1047.191776315454,1.3627683725107953,1.044156144789625,4.486252553930463,77
RETDD,30,36,18,1.157116490056551,4.0,90,150,False,6,19,True,2.373670160330468,9.478636037609522,77,40.06303418803419,12.723832258998003,241.73957848308464,1.5399198450942297,1.2101000956725145,2.3512302370170857,31
RETDD,30,29,9,2.5095341835413203,4.0,45,900,True,4,18,True,1.1891762707554034,1.709439151038447,267,138.9198717948718,8.901011561759328,924.7369661005714,1.275069041380153,0.9768260839213279,5.910402795033649,125
RETDD,30,32,20,1.333727896662631,8.0,45,1200,False,12,13,False,1.3984115001372546,2.453143563744133,286,148.80555555555554,16.603930394937176,1303.7367672670662,1.758457354970141,2.333439284869209,19.366026892762708,148
RETDD,15,37,23,1.343136916130923,3.0,45,150,False,9,16,False,1.1709962998908106,0.7624830061531738,196,101.97863247863248,4.696289494752073,944.2783534499295,1.164457655919418,0.5536508671653408,1.6734940812133012,98
RETDD,30,30,22,1.397901108899916,0.0,120,600,False,11,20,True,1.3670655874709554,2.4052436687045065,136,70.76068376068376,6.797892862136343,602.7917286853325,1.6107741402996738,1.8068184346475364,9.067590436468022,67
RETDD,30,38,22,1.143431623895551,0.0,45,300,False,7,20,False,1.5223847913768123,4.6802864048745905,130,67.63888888888889,9.034042979885832,366.95692985796654,1.2268988761885316,0.393207612735239,1.8931571786134924,70
RETDD,15,22,30,1.1466982635632306,0.0,45,450,True,11,20,True,1.3388852523024923,2.1926527665129028,142,73.88247863247862,6.0317696193279975,513.0566160334733,1.317428571533265,0.6949668355987828,2.677501506982823,86
RETDD,30,12,11,1.3639376535147159,8.0,45,450,False,12,13,False,1.4693925962265255,5.751619446617249,263,136.8386752136752,15.565323442119734,520.3015205730951,1.8679346625986848,3.4567715838049926,17.536146469665788,141
RETDD,30,22,10,1.326826318125874,0.0,30,150,False,10,18,True,1.3242860710869686,2.821336359516946,188,97.81623931623932,8.39534836403044,542.9795817753727,0.8607676398423071,-0.4054582793450722,-2.576595733544121,102
RETDD,30,14,9,1.35069630867105,6.0,30,150,True,8,15,False,1.229643692289134,1.2420019833194853,137,71.28098290598291,5.552758520420552,774.9835399626427,1.5490388365417394,1.9990564530044408,5.602202015519081,67
RETDD,30,25,14,2.0591450509836777,0.0,90,150,True,5,20,False,2.461836708065318,9.868107299811534,77,40.06303418803419,15.974656855439179,321.1228597099682,1.7534419409203201,1.3413002999095003,4.951130464922637,34
RETDD,30,26,28,2.1969591627266585,0.0,45,1200,True,11,20,True,1.3969916565124503,4.4139562335434785,146,75.96367521367522,8.06335947863516,355.7812031461058,1.4094210340774465,1.2612289591875732,5.899938091555534,83
RETDD,30,34,13,2.6765005783870786,6.0,45,150,True,5,18,False,2.070637411361529,10.60014924890798,83,43.184829059829056,14.95756931381493,253.47181359926822,0.8064452783603733,-0.29857126616310337,-3.129608396456937,46
RETDD,30,20,11,1.5851425840051978,0.0,45,150,False,6,16,True,2.52707440321362,20.031005467942926,112,58.27350427350427,23.009867049776467,215.77037730283655,0.8347518096113099,-0.2944396242754971,-3.3381701752398945,68
RETDD,30,48,17,1.346966164886302,4.0,60,150,False,7,18,True,2.0844999542090163,8.808478644284357,77,40.06303418803419,11.452526876507358,225.2794231263024,0.9911667533267865,-0.017878344317528893,-0.18148968673565552,43
RETDD,30,35,13,1.1544862986084432,6.0,45,150,False,5,15,True,2.1730440780998714,14.976454355783499,96,49.94871794871795,13.974448276812604,166.44736501597822,1.0902188057910307,0.17387264612974257,0.5064206278217801,53
RETDD,30,30,12,1.4203923532895777,6.0,45,150,False,7,15,True,2.1512074009716535,14.156309808231677,103,53.590811965811966,15.583151022058091,201.6140818245956,0.8798283319811546,-0.20605976941469661,-1.8588968788030815,61
RETDD,30,29,18,1.5295691567549436,6.0,45,600,False,5,15,True,1.2688087731089808,3.0550877906988902,211,109.78311965811966,8.605526409808006,552.1264858322545,1.6202055074699797,1.9931768177186158,12.758594296035714,116
RETDD,30,39,12,1.0200732153038528,6.0,45,150,False,4,13,True,2.0103919224017215,9.56163416618047,90,46.82692307692307,11.29424518376062,205.25215153450017,0.8224927982940233,-0.28848819248511764,-1.8357798945426516,53
RETDD,30,30,8,1.3807945833370776,6.0,45,150,False,9,12,True,1.929429281629082,8.955008365188736,106,55.1517094017094,11.890521511164872,248.51150309906825,0.90669926797439,-0.16985882666607222,-1.3234548263749373,61
RETDD,30,17,13,1.648047113842628,0.0,45,150,False,6,11,True,2.3130870184339547,10.984884673351534,117,60.875,22.091584811445802,375.6574924648162,0.8290117704000323,-0.31338022620513617,-3.590832680048459,71
RETDD,30,31,13,1.6050894696273137,6.0,120,150,False,6,13,True,1.5521465034282793,4.711852317461047,77,40.06303418803419,6.5144257076037535,255.35377789752897,1.037257276216123,0.06481961661355955,-0.18028189292783092,32
RETDD,30,17,10,1.0950736058243709,6.0,60,600,False,9,12,True,1.4950359576343275,5.251836205730236,289,150.36645299145297,16.38246735541155,601.1637739014529,1.3549584064509321,0.9744964343698087,6.578785145367078,162
RETDD,30,41,18,1.197301700038146,0.0,60,1200,False,10,19,True,1.278278914850864,2.3612721635425435,253,131.63568376068375,9.281665619708994,772.1215355775308,1.3890316592615883,1.1692797856135182,7.864826346395216,132
RETDD,30,38,9,1.060183709884573,6.0,45,300,False,7,15,True,1.7620969693503459,7.815191524167633,141,73.36217948717949,12.86965038232833,298.3478502228229,1.0945151049450728,0.17951817910601187,0.3427467780070961,76
RETDD,30,38,22,1.1487804186374908,4.0,60,450,False,5,14,True,1.3443171246044836,3.7752963393163332,188,97.81623931623932,8.772998013243111,428.7683393939435,0.9481155469366519,-0.09414973799735414,-1.6183622245425495,97
RETDD,30,29,26,1.3827178251247834,0.0,45,1200,False,9,16,True,1.1606268103961257,0.9049559799230514,280,145.68376068376068,6.766826036807403,1565.7928929000389,1.4393757228565724,1.14755380085235,11.625939260079067,137
RETDD,30,33,18,2.9772386623319145,0.0,45,150,False,12,15,False,2.1243844609319504,9.421908003324992,87,45.26602564102564,16.23096051325732,331.32222796487576,0.7576827024838195,-0.365719212774577,-4.408961694458553,52
RETDD,30,34,23,1.391152382411443,6.0,45,150,False,5,17,True,1.881313911335299,9.978804128442823,96,49.94871794871795,11.728901077264055,214.42860408781812,0.9800039359947456,-0.03359284906509711,-0.5549393343992813,52
RETDD,30,31,12,1.6230055605924307,4.0,60,1200,False,9,11,False,1.0847086354893745,0.6112266336988365,366,190.42948717948718,5.131854968323077,1513.025364426876,1.2823304920986045,0.8403749918202511,8.374550227548607,174
RETDD,30,41,15,1.1994492428899113,6.0,150,450,False,5,12,True,1.061815138470754,0.27056766514505476,94,48.90811965811966,0.8406341335503014,591.7502566179986,1.4335983234032184,1.104111353169232,2.460369603972468,37
RETDD,30,25,9,1.7601751997241963,6.0,30,150,False,7,17,True,1.234803861351065,1.5235983756947273,177,92.09294871794872,6.815405336361228,793.3125834461227,1.167397933614493,0.8198111911330954,2.7823473510577994,93
RETDD,30,26,11,1.538855223061349,6.0,45,150,False,6,16,True,2.103685879280466,13.729427179814472,105,54.631410256410255,15.796408077188914,210.14530895344137,0.7904727443311075,-0.37904598680304513,-3.1198648476807107,63
RETDD,15,27,19,1.0883607946905958,6.0,45,150,False,5,15,True,1.1955213862242573,0.9009223246930255,221,114.98611111111111,5.193529155951596,964.6988515164912,1.2716796649820252,0.8318461894075374,2.4853439891005102,105
RETDD,30,16,11,1.901566338878911,3.0,45,150,False,7,17,True,1.339978651050052,1.8783436771242266,128,66.59829059829059,7.119901019241635,653.4182174285606,0.8823479338235817,-0.2609207644791184,-2.6526084586447705,76
RETDD,30,26,18,1.6528922656277072,8.0,30,900,False,10,12,False,1.1638512333414757,1.4438863302422942,377,196.15277777777777,10.775541214472538,1415.059988033136,1.3559926682001062,2.0014120586974444,14.651056681115197,188
RETDD,30,33,11,1.936547593309934,0.0,45,600,False,12,19,True,1.6988817013737882,9.055807672130141,173,90.01175213675214,18.121934001696808,387.88097964697545,1.653845099448108,2.1026826013932074,13.969534389139433,108
RETDD,15,13,17,2.024898468715182,0.0,45,150,False,9,16,False,1.3859225490966969,2.5298966803351965,275,143.08226495726495,12.56547902375192,929.6946607281459,1.3851800093337172,2.0553566356597854,6.54011993290303,141
RETDD,30,25,10,1.7612113810912766,3.0,60,150,False,9,12,False,1.5654367330112935,4.371285529069539,108,56.19230769230769,8.58437148760913,350.9359590229501,0.9103527457483932,-0.22299129153747413,-1.4648549551848715,68
RETDD,30,21,13,2.1370060067121743,0.0,45,150,False,4,17,True,2.4074437109222613,14.53394292964753,106,55.1517094017094,22.32493715080126,287.8961184344762,0.773145848830408,-0.349336968882469,-5.179967205581785,66
RETDD,30,43,14,1.261100876982144,8.0,60,150,False,5,14,True,2.2800778419466594,8.82968491529051,77,40.06303418803419,12.167573023328263,250.84868960044128,0.7701368753509952,-0.436848645573087,-2.250446330157518,46
RETDD,30,27,19,2.193503141554766,0.0,45,150,False,7,15,True,2.1491042075697453,11.057166630358937,95,49.4284188034188,17.384728436800216,295.4047996877116,0.7934581618357223,-0.3252582799756039,-3.7262107261744037,58
RETDD,15,17,21,2.391887885905513,0.0,30,150,False,11,18,True,1.0892460656972862,0.7574120142401982,298,155.0491452991453,4.038179081925046,1003.1473534423703,1.33246558820842,2.0969466630676816,8.754163045698034,153
RETDD,30,18,23,1.5335672493817227,4.0,60,150,False,6,14,True,1.790376794002275,9.160705113431748,123,63.99679487179487,14.205040230785002,279.77533636977114,0.7271691219130028,-0.4726806713851302,-5.0327884004598324,70
RETDD,30,14,17,1.9437095467646202,0.0,60,150,False,7,12,False,2.0611186416078793,13.866574803136146,120,62.43589743589743,19.43341464945157,265.8943393499002,0.8402529677051694,-0.2724743435914637,-3.8710800049816436,73
RETDD,30,15,12,1.7971475735235962,0.0,45,150,False,5,18,True,2.0287575621525713,8.724111656616731,124,64.51709401709401,19.89702434720208,424.9360793489859,0.8853153349576917,-0.1930541649852821,-2.9417449516333534,74
RETDD,30,20,10,1.433573064589051,4.0,120,150,False,6,16,True,1.6376683895971988,5.7887060573619875,87,45.26602564102564,7.710667106741521,249.57257484106026,0.744645320182147,-0.4674527943441419,-2.2376696307218955,37
RETDD,30,19,15,2.6272705676336203,0.0,120,150,False,4,18,True,1.6106541085077692,4.048501470313554,81,42.14423076923077,8.754357376852287,430.3174312027086,2.2115008653960677,2.528820416540557,11.074466607025883,36
RETDD,30,27,29,1.378537980660051,0.0,30,150,False,9,15,True,1.474129845986701,3.5875193197845863,163,84.80876068376068,12.412275068818012,641.3821212843425,0.8374884736174808,-0.40283750264067447,-2.5807304462856857,84
RETDD,30,32,17,2.0066542952423707,0.0,45,450,False,5,19,True,1.8619922798569077,11.661306982335317,148,77.0042735042735,19.622443233049722,324.8071185374997,1.3702391119893105,0.9862623036723259,7.782391334764801,88
RETDD,30,18,8,1.552309133954279,6.0,45,300,True,5,14,True,1.6402617892282598,7.0446049306820475,125,65.03739316239316,9.954614799468313,259.3409804384214,1.2065823572628611,0.5924195102327566,1.383712411075169,68
RETDD,30,20,17,1.3436817872410725,6.0,90,150,False,6,13,True,1.776842832953671,5.303502878616442,92,47.86752136752136,10.122396816994868,339.40923141659437,1.540366430349104,1.0158094555258905,3.248982972584478,38
RETDD,30,26,24,1.702149132934639,0.0,90,150,False,9,18,False,2.1208833594629732,6.901773426757379,83,43.184829059829056,13.729178180196127,392.55959331606755,1.5904598867037933,1.0175535489915404,3.695376241514729,34
RETDD,30,32,9,1.7707190086083306,0.0,45,150,False,5,20,True,2.318845228728849,14.417436428738181,94,48.90811965811966,16.963252733332745,215.68800512091707,0.9977800617649865,-0.004145671353847284,-0.34589333915153375,55
RETDD,30,20,23,1.1685746693279542,0.0,45,150,True,8,16,False,1.9829515005099414,7.568860715461485,78,40.58333333333333,11.073861364640843,256.98478738293693,1.0963406577303878,0.17697849981682937,0.49304507211204157,45
RETDD,15,29,19,2.2058966774791804,0.0,45,150,False,6,19,True,1.266219079914289,1.155414733397353,180,93.65384615384615,7.90606565513715,1163.0506122527074,1.6812236282607564,4.863959578564895,8.101681711805877,88
RETDD,30,23,28,3.6510218185151047,0.0,45,900,False,10,13,False,1.2313621459290893,2.1742127453638616,210,109.26282051282051,10.7533233133241,1039.07681979105,1.118201884059428,0.32676559688615475,4.0534966184285715,108
RETDD,30,24,26,3.7678771633859887,0.0,45,150,False,12,11,False,1.978698285250495,9.545606313529982,95,49.4284188034188,17.937271904423174,365.3986591293642,0.4790498956381649,-0.7898005675098236,-12.755310508896088,60
RETDD,30,22,11,1.3466175550454242,6.0,150,600,False,8,10,False,1.351997133599196,2.2514857029322877,138,71.80128205128204,6.399676121532388,559.397747272194,1.8646695493755312,2.9722070710962423,9.588891763902875,59
RETDD,30,16,21,2.2783293494157593,0.0,45,1200,False,11,20,True,1.2135758006732165,2.547194275298148,300,156.0897435897436,11.633525963265765,909.4246648340259,1.529484425421027,1.6781660529449063,18.408354036531502,156
RETDD,30,35,9,2.1696372982304672,0.0,45,150,False,5,20,True,2.0518050282869047,10.262313070610091,91,47.34722222222222,14.42267908134573,259.86389708230286,0.9036184619946297,-0.16006598122062485,-1.4389136153566713,53
RETDD,30,31,25,1.738813446528332,4.0,60,900,False,4,15,True,1.1996563532187312,1.9737399362663126,282,146.72435897435898,10.281328053935015,930.3172396592734,1.0983634999377194,0.2582739841475283,2.356910904608812,139
RETDD,30,34,21,1.9951742855736794,3.0,60,150,False,11,20,True,1.7029302589305022,4.936851749577384,96,49.94871794871795,10.379042510977694,365.58881722571164,0.7749641941708024,-0.40211988262902404,-3.1987881512903606,55
RETDD,30,12,21,1.7572181555309838,0.0,45,150,False,12,20,True,1.7234428654024847,7.0127986982624,136,70.76068376068376,15.481862368413536,416.7852778816318,0.9077029833528718,-0.15787444904818412,-2.8584259562857057,82
RETDD,30,14,27,1.5841484064195344,8.0,45,150,False,11,15,False,1.6069764568110119,5.588041175009884,128,66.59829059829059,12.419733204892205,412.84630862969425,0.7228304009323214,-0.47569794800420345,-5.717379285645838,73
RETDD,15,24,28,1.358604804179666,0.0,45,900,False,10,20,True,1.2436249446274739,3.1944842751305913,508,264.3119658119658,12.96427704074267,850.6451410467729,1.7131464535319942,2.980285562911863,22.69382514415507,226
RETDD,30,44,10,2.4413851285873847,6.0,45,150,False,7,14,True,1.7345690192107315,3.45782968114613,77,40.06303418803419,10.108957364053596,519.1496395934826,0.5633707382952076,-0.7023831361212233,-5.542815234662698,46
RETDD,30,32,13,1.4928425557053846,8.0,150,900,False,6,19,True,1.6620366561223494,3.6288385891066315,139,72.32158119658119,12.431906037742866,677.5797929646767,1.5730351363834276,2.2178851454277715,8.75452630056285,65
RETDD,30,37,17,1.2534351506527206,8.0,30,150,False,8,15,False,1.5227041251978,4.581998021952481,142,73.88247863247862,10.998078807422035,411.12967678920745,1.1119161805776372,0.286634423169387,1.221753026203979,72
RETDD,30,41,20,2.8503669344515252,4.0,45,1200,False,12,12,False,1.129367212746488,0.9078339893882128,262,136.31837606837607,6.9309561421258525,1371.8250601509872,1.0511143722098937,0.13110973966648967,0.9312697298925672,134
RETDD,30,13,11,2.961437187548747,0.0,45,150,False,4,17,True,1.894716277869639,8.07448482214078,128,66.59829059829059,19.377586704733474,449.06355372154076,0.7756593725660615,-0.37184429255518564,-5.509190698851626,82
RETDD,15,22,12,3.6113317425829017,0.0,45,150,False,11,11,False,1.3011456927249596,1.5266303184330143,203,105.62072649572649,9.50401359424569,1059.5890886040427,1.5781215488960023,3.1398807643475015,7.330653511714464,106
RETDD,30,15,13,1.8877364038716788,0.0,45,900,False,8,20,True,1.3382262757144379,4.147564176165195,299,155.56944444444443,15.783960347472568,744.1237297729506,1.6503234016378892,2.1806514728598887,19.113156042324228,160
RETDD,30,31,20,1.5550041214571055,0.0,45,150,False,12,18,True,2.19109179878137,14.368585163053272,97,50.46901709401709,15.904275349344218,211.72324326325565,0.8223157875042437,-0.29722084966326034,-2.5665217916417826,55
RETDD,30,44,11,1.7248391396947111,0.0,30,150,False,4,15,True,1.568470220706382,2.6380354446672087,113,58.793803418803414,10.679944015023372,727.9509456286187,1.0205272145055522,0.0975171825923843,0.517498247209518,66
RETDD,15,15,33,1.2331659470087304,0.0,45,150,False,10,18,True,1.1554292425875943,0.7399751602333545,262,136.31837606837607,5.061571928997292,1193.2793636092024,1.1122113715214021,0.34044479604780253,1.0641861147366303,132
RETDD,30,10,9,1.6770536979452362,6.0,120,150,False,8,18,False,1.3494557986399842,3.0712564880410067,107,55.672008547008545,5.402406271440315,318.7678177386751,0.9170803168496949,-0.16688461639701888,-1.341743047697062,53
RETDD,15,12,10,1.5915902203786478,6.0,45,900,False,10,19,True,1.1904935034787827,4.560221005952434,875,455.26175213675214,15.19097642848056,648.7362701115328,1.3821266796578582,2.5349557225234416,17.80419674783833,407
RETDD,15,16,13,1.1230900627387288,0.0,90,150,True,10,20,True,1.0092614653482228,0.03439012219761409,78,40.58333333333333,0.16413887747460829,439.72756489230215,0.9346874318002806,-0.09566915113362161,-0.3511745877543556,41
RETDD,30,26,9,1.987306945479334,0.0,45,900,False,4,17,True,1.3653109849196068,3.150021074792455,258,134.23717948717947,15.250743868849067,901.3452867056062,1.4984331180510733,1.6334717009671527,13.661483880025902,142
RETDD,15,20,13,1.894958339582197,8.0,45,900,False,9,11,False,1.1875044732868967,3.2234058391294944,625,325.1869658119658,12.170916737072845,789.9865766063747,1.6364491392158822,5.415635693993653,23.681336984684613,286
RETDD,30,23,14,1.7778903696306239,0.0,45,150,False,4,18,False,2.3636014898259794,15.71388244581985,102,53.07051282051282,19.95594314457652,240.16830251225747,0.8122969055389906,-0.3036677117178705,-3.904378017552859,65
RETDD,30,19,21,1.6137243299100497,0.0,90,900,True,12,18,True,1.1938059149156293,1.1878541963111937,89,46.30662393162393,2.138848752220089,349.8276585875833,1.5554755581291515,1.5039585628203667,5.061468135130129,51
RETDD,30,32,25,1.6140403029315036,0.0,45,150,False,4,18,False,2.135363996121256,12.176514637449115,92,47.86752136752136,15.645723360416655,244.47801743044903,0.781511051599845,-0.3713089142735182,-2.9761838950551565,53
RETDD,30,24,10,1.6579103166049363,0.0,45,600,False,5,19,False,1.7118296441867733,8.069002448426405,216,112.38461538461539,21.42498660808654,503.7660368277838,1.7279142933353138,3.400735509784146,16.342960548553922,125
RETDD,30,27,19,2.178951381785539,0.0,90,150,False,12,13,True,2.1851141742837994,8.091123745259523,80,41.623931623931625,14.06728861060059,349.15430291491725,1.8129154627427255,1.3195111226576388,5.266562157293106,33
RETDD,30,20,16,2.7778856316187963,0.0,45,600,False,5,14,True,1.5721731935642156,6.232469139147942,207,107.70192307692308,19.90347063047839,635.1368747668062,1.7494212937114666,2.354662174369104,17.89723891914905,114
RETDD,30,25,9,2.4473052113016283,0.0,45,150,False,5,17,False,2.0776946587214624,8.362919088626327,101,52.550213675213676,17.07117210479484,379.9328742328464,0.8249797792435892,-0.30666209280480106,-2.845136967678703,64
RETDD,30,15,20,2.579110001531215,0.0,30,1200,False,6,14,True,1.1708133449732345,2.166478697214693,403,209.68055555555554,12.397875962999317,1193.638490555849,1.590278777774694,3.8485846421401115,29.713980140458105,209
RETDD,30,12,15,1.9088267347276326,4.0,45,150,False,4,20,False,1.471034300731466,4.157549676612725,145,75.44337606837607,10.935895853544702,465.0413419955662,0.9585791072670229,-0.07669156857422006,-2.0532208592913057,87
RETDD,30,27,18,2.114279783391474,0.0,45,150,False,4,15,True,2.2334172086671726,11.94284302293214,95,49.4284188034188,18.105934292666273,284.87571806407414,0.8157455906786314,-0.28941161927345077,-3.3534741369243473,58
RETDD,30,23,31,1.3002781609863021,0.0,45,900,False,10,17,False,1.3098627287820546,2.662304914832708,258,134.23717948717947,11.291459417357915,880.6151417663077,1.225828473501027,0.6189739044638701,6.139781634058669,128
RETDD,30,18,13,1.1365718243656737,0.0,45,150,False,4,19,False,1.9863746373176203,9.814745927307664,120,62.43589743589743,15.063451159962478,281.80777461047774,1.0924791823850366,0.1814429334804962,0.4381317468106996,71
RETDD,15,23,16,1.502659095728244,0.0,45,450,False,4,19,False,1.3163725901224463,5.0787022037764205,400,208.1196581196581,13.520898472292208,522.9386870140247,1.8750341411819416,7.1205975461090425,20.162729019029207,191
RETDD,30,37,18,3.3492281322287094,0.0,60,150,False,11,11,False,2.2175021931347603,10.31928025333062,81,42.14423076923077,16.176007072484854,302.00808317972405,0.6716089082406073,-0.4818219657692538,-6.083889498355723,51
RETDD,30,32,17,1.3013077608978112,6.0,45,150,False,4,14,False,2.2116519309010143,15.099704263755896,97,50.46901709401709,14.810596731344466,178.2004690639376,1.0164568639056593,0.030237852864826293,-0.1257804476860404,54
RETDD,30,39,14,2.154598365383271,6.0,45,150,False,4,14,False,2.018572328464776,8.554936881813298,82,42.664529914529915,13.053339475815221,268.0743153788094,0.7249470499533616,-0.42977545070818773,-4.125380847555488,50
RETDD,30,22,31,1.0178460935543152,6.0,45,600,False,5,11,False,1.3306517226790018,4.5507430760138154,261,135.7980769230769,11.180857320079156,464.19764145520344,1.0777188165240181,0.16944838555770483,0.7448000970152675,136
RETDD,30,26,9,1.2031230630958487,4.0,60,300,False,6,16,True,1.6124291834183684,6.0463848921163645,169,87.93055555555556,12.410507499836832,387.0815859699285,1.0495949909968876,0.09767772091710614,-0.06359459914597676,93
RETDD,30,37,14,1.3774458240508696,3.0,60,150,False,6,15,True,1.8342914563035702,9.955126781462326,94,48.90811965811966,10.293020044631337,182.81041204194662,0.9532666453159054,-0.10011407532589656,-0.8014707461041417,56
RETDD,30,29,28,1.567599367494388,6.0,45,150,False,6,13,False,1.661955031063325,7.409354537567727,102,53.07051282051282,10.358346586697145,256.9601589939997,0.8131238924135337,-0.29055019801959364,-3.1259029431245633,59
RETDD,15,15,19,2.3577675857720846,0.0,45,150,False,4,19,False,1.4210944073136866,3.4671068535435747,247,128.51388888888889,14.065472325762494,731.8453505624484,1.3315777567906297,1.7128892295982887,5.673253206162306,126
RETDD,30,30,11,1.7392416497522407,3.0,30,1200,False,4,19,True,0.923100067181488,-0.610683453844191,533,277.31944444444446,-6.635187524479059,2020.3026349090596,1.1115340008889498,0.7318214334325746,6.613169253264315,264
RETDD,30,26,19,1.1191351937458696,0.0,45,150,False,9,16,True,1.9716620296112393,10.651159588121288,104,54.11111111111111,12.922946216212408,221.6545669116831,0.9190344869402536,-0.1509494900986301,-1.0947190226418144,62
RETDD,30,26,26,1.1599779891407365,0.0,45,150,False,12,18,True,1.9764696276618094,9.756908489660058,102,53.07051282051282,13.365510738856859,249.54917770403085,0.771206550314172,-0.39464046332216246,-2.891620989114435,62
RETDD,30,11,15,2.327706214724147,3.0,45,900,False,6,16,False,1.226628738332671,4.349603646691415,422,219.56623931623932,14.938430595036571,623.1984334057274,1.5043082988082475,4.534633150121965,18.529530638261967,214
RETDD,30,36,16,1.7653594023977583,6.0,30,150,False,4,14,False,1.3852636885714629,2.3343315362546497,140,72.84188034188034,9.760861262491105,708.1408311062034,1.1788158991455042,0.5166454747462221,2.4000287055971032,72
RETDD,30,44,24,1.010594903503995,4.0,45,150,False,6,13,False,1.8779049419422171,7.9805279809805265,82,42.664529914529915,9.581137182838,207.3131465084724,0.5779113124402459,-0.6597511377058668,-3.73286235990088,49
RETDD,30,25,12,1.2632971098714827,0.0,45,150,False,5,20,True,2.6280237071526744,15.082580694174835,103,53.590811965811966,20.045441384517492,251.55163050471765,0.888170710065894,-0.20797977237236995,-1.6796688207755048,65
RETDD,30,30,9,1.0069369402315371,0.0,45,150,False,6,18,True,1.9517558343466974,8.929932654728058,105,54.631410256410255,12.24630961155429,246.16982777769294,0.8848290257543027,-0.18984946142731723,-1.4159032975710297,64
RETDD,30,15,11,1.6136802963111878,3.0,45,900,False,12,20,True,1.0645936342952307,0.9290860805500394,409,212.80235042735043,3.537881411054311,727.3005336062536,1.4479833383462237,3.244784761832754,14.250348261558209,218
RETDD,30,26,23,1.042598446631635,6.0,45,150,False,4,16,False,1.8737639774089172,10.15168682126116,108,56.19230769230769,12.00767651537994,209.65600733633664,0.9664465132633723,-0.05901454565668049,-0.6450773643018363,63
RETDD,30,24,19,1.4710291315103214,3.0,45,150,False,11,15,True,1.52207465605873,5.066863495512046,115,59.83440170940171,8.391701935807744,302.3263770913977,0.9595676558634284,-0.11174904025372116,-0.61892576827465,65
RETDD,30,38,10,2.008329856999926,4.0,90,900,False,5,15,False,1.5701272304309508,4.377613656718455,184,95.73504273504273,15.251056734494178,640.9433872161285,1.3191943228448535,1.5221786383132696,6.02306034862773,101
RETDD,15,18,21,2.340700227486069,6.0,45,150,False,11,18,True,1.4025628444709928,4.486846278477046,230,119.66880341880342,13.718089577937398,541.3323926199905,1.4613861190242547,2.593496108526105,7.418850143866998,120
RETDD,30,28,12,1.3480386424664728,0.0,45,450,False,9,19,True,1.7927595966897738,7.9288673980876805,177,92.09294871794872,17.992879279917318,446.76851542903864,1.6135604013385958,2.028334334663546,11.390477284169423,103
RETDD,30,22,10,1.0425591766437918,3.0,45,300,False,4,19,True,1.410638832344443,4.302123835485607,189,98.33653846153845,8.646961805073378,367.1125782326201,1.1699409472750477,0.439152040082168,1.650703670363995,100
RETDD,30,19,23,1.3158753831039167,4.0,60,150,False,11,10,False,1.7607838482341924,7.063004900209981,121,62.95619658119658,12.305140187515445,322.40853905166637,0.7668715219653127,-0.4076536507562745,-3.9608909966275356,70
RETDD,30,29,21,2.0629373516022267,0.0,45,150,False,12,18,True,2.0406281265837793,10.504512267445207,95,49.4284188034188,15.429584413232941,278.05211619212696,0.7965906695049059,-0.32315145568569614,-3.4940154495419904,58
RETDD,30,37,13,1.1221329107580558,0.0,90,300,False,6,17,True,1.9122441765197458,8.705604804979313,106,55.1517094017094,12.437600108441188,254.76433274732426,1.8901455190897687,1.7404307740318488,6.338465246135413,49
RETDD,30,24,16,1.209794272474859,0.0,45,300,False,12,18,True,2.103652884211193,12.049241684458638,152,79.08547008547008,21.03933094174681,338.59421393713365,1.2702013442641384,0.4688192191032766,2.913568197129436,86
RETDD,30,27,8,1.9107367386921303,4.0,60,150,False,6,16,True,1.7333938492262861,6.0557220411344375,106,55.1517094017094,10.605060929779501,326.2059525288598,0.822563403058061,-0.30363560662121886,-2.5856139588752587,63
RETDD,30,30,9,1.862101703660669,0.0,120,150,False,5,20,True,1.5542571924727333,4.617173527583862,77,40.06303418803419,6.375732066359701,258.9261176552611,1.0003996938456026,0.0006822604358380645,-0.3704443049500047,32
RETDD,15,46,19,1.927033689141164,4.0,60,1200,False,4,17,True,1.1810825898577444,2.176474499132744,480,249.74358974358972,10.964832549106575,957.0841659448733,1.525944989486757,3.0271969766905373,18.87416356248363,236
RETDD,30,21,13,1.8188654186248423,0.0,45,450,False,5,17,False,1.666155472523316,6.754184114891623,187,97.29594017094017,19.026809048139178,545.9534598937746,1.5187305799181878,1.4237416323323067,11.38940221104466,107
RETDD,30,29,12,2.9942904570648268,0.0,45,600,False,10,11,False,1.4821852614433948,3.458576425174718,180,93.65384615384615,15.83157265993654,909.4089852669874,1.5201515382685793,1.7902671905233623,12.502406944846214,107
RETDD,30,37,10,1.5882363755565632,0.0,45,150,False,12,20,False,2.1949289184031824,12.042466958848337,87,45.26602564102564,14.253281736092973,217.71352612710007,0.848824707141327,-0.26550579141644176,-1.9877295004552353,53
RETDD,30,26,23,1.1266631423234126,3.0,30,150,False,10,19,True,1.1634540920958352,1.2997994067417178,195,101.45833333333333,4.846050627078108,593.7286959586438,1.228481149461926,0.9656224323616467,3.896927127609944,98
RETDD,30,18,13,2.026048652289478,4.0,45,150,False,12,20,True,1.7862518310490587,7.584761608244277,119,61.91559829059829,14.605738719267084,344.46825832165723,0.6921579145745095,-0.506780732894831,-6.380699699243394,71
RETDD,30,10,10,2.011509004362261,8.0,60,150,False,12,11,False,1.7152398148822243,4.614349308512355,154,80.12606837606837,16.01151740307113,630.2719044228247,1.04152620288491,0.08189328967716845,-0.5906451169292802,93
RETDD,30,19,11,1.6364167033068304,0.0,45,150,False,10,19,True,2.4587135695502536,19.05814630010577,113,58.793803418803414,22.583349180799203,222.6557064148942,0.8027407056940997,-0.3554677394800976,-3.928864018717575,70
RETDD,15,12,13,1.6839453991316793,0.0,45,150,False,9,19,True,1.3989992998382281,2.2595300539593564,301,156.61004273504273,12.76338367177161,1058.3081225039996,1.454001993928131,3.830443539758854,7.410646380068307,150
RETDD,30,34,22,1.1037059364382595,0.0,30,1200,False,12,20,True,1.1856237243786956,1.174325604500467,371,193.0309829059829,9.699679011551503,1610.9384845222175,1.368977798275233,1.9667480585177608,11.604742726594559,190
RETDD,30,20,16,1.8945231526786128,0.0,120,450,False,11,20,True,1.975108383525376,5.886042309564331,125,65.03739316239316,16.932916104562974,592.3838206775335,1.5841029402374989,1.8863603974329717,9.328695539412447,69
RETDD,30,11,11,1.1536414318988237,8.0,45,150,False,12,13,False,1.6227747890085724,6.157763149931115,152,79.08547008547008,12.36467146382903,358.76898021367515,1.2611782761200292,0.5775272030472756,2.4368156695731877,91
RETDD,30,44,15,1.4050465739964466,4.0,45,150,False,10,18,False,2.2427136011183895,8.17964729934129,79,41.10363247863248,13.203191878166459,285.7566496354609,0.8197627477643923,-0.3166363977507893,-2.038013520825441,46
RETDD,30,19,9,2.1633145605948485,6.0,60,150,False,9,11,False,1.8417495044189662,8.00422554791087,118,61.39529914529914,14.813321850661072,340.694035349253,0.813772872704464,-0.33087382026332174,-3.686463317528129,70
RETDD,30,22,20,1.3603260924744118,8.0,90,150,False,12,19,True,1.732554187674096,4.83416877430772,91,47.34722222222222,9.137184548168822,353.62080343709454,1.4485836102497247,0.7654934538065828,2.603475830449615,38
RETDD,30,39,14,1.4903714743736889,8.0,45,600,False,5,17,True,1.449716635327286,4.580150494309453,176,91.57264957264957,11.4141823784189,475.0878157743475,1.3055051353073845,0.6455311174430876,4.584270115900964,102
RETDD,30,33,35,1.5564005752238577,6.0,45,150,False,11,20,True,1.634288094272251,5.534922332760312,95,49.4284188034188,9.937589881649748,322.6857553580288,0.9246857993047964,-0.13946716584767277,-1.2290852511391446,51
RETDD,30,16,12,2.136931903423373,0.0,45,300,False,4,15,True,1.8097485749236704,10.43442043753475,167,86.88995726495726,21.3177458038249,388.01229506013806,1.0627034727966125,0.10885822889998822,-0.5002485851120508,96
RETDD,30,46,19,1.0718842097426702,6.0,45,900,True,5,13,True,1.3193736048497364,2.7561949992068846,145,75.44337606837607,5.320415611345368,332.7349060747763,1.168636299403125,0.5259412507763709,1.2144278887666877,70
RETDD,30,27,19,2.070100712045361,0.0,45,600,False,4,20,True,1.5297184921451246,4.465570696495844,188,97.81623931623932,17.147015214001648,738.6628429853699,1.546228952568213,1.569024533847818,12.517271177290098,106
RETDD,30,28,13,1.767600619123818,3.0,45,150,False,4,13,True,1.616527011635447,4.588662777550918,104,54.11111111111111,9.33387105813135,360.18610200815647,0.8466002766235357,-0.3320712989606666,-2.377011672964948,65
RETDD,15,32,12,1.6314189140867295,6.0,45,150,False,7,13,False,1.4305017698932678,1.6641017886195728,192,99.8974358974359,10.873784431493434,1106.2446147818162,1.4928166657553168,2.6577501011510862,4.6588539750286895,93
RETDD,30,49,20,1.5950818162162745,6.0,45,600,False,4,13,False,1.137586823944344,1.1443324229954823,154,80.12606837606837,3.5715383013935167,583.4253858273546,1.191417124381342,0.39728538751781367,2.534727730806556,86
RETDD,30,17,9,1.2297258550486907,0.0,45,600,False,4,16,True,1.579597422773157,5.522044003166628,263,136.8386752136752,18.425365140537025,635.7134316123402,1.4652552861454078,1.4137400265614135,8.890886545335523,152
RETDD,30,47,9,1.653994528237312,0.0,45,900,False,4,20,True,1.2747370244674958,1.9852900727770468,185,96.25534188034187,8.202087217734078,747.6216890040741,1.2288629932091777,0.6211565249995317,4.536719992064844,112
RETDD,30,25,17,1.6912239430641935,0.0,30,150,False,5,18,False,1.3075077492809155,1.9284080269871557,168,87.41025641025641,8.564421351549624,854.8391677667905,1.0570623587948758,0.19728628965395076,0.9833261972669436,86
RETDD,30,17,18,1.9945855849760648,8.0,90,150,False,9,13,False,1.8864003584518492,6.125652494798215,90,46.82692307692307,12.001107092759751,379.7400003418388,1.4317276841550228,0.80226748031086,3.350226639275384,41
RETDD,30,31,23,1.364569970924608,0.0,120,150,False,11,20,True,1.6917654223969874,5.277465512602119,80,41.623931623931625,8.452025858404513,297.53270114219595,1.4151230419119645,0.6840534830445999,2.0335998233764965,32
RETDD,30,31,13,1.5665895268848762,6.0,60,150,False,12,11,False,2.11734488627841,13.084898230149598,100,52.02991452991453,15.324884057154003,213.27898581629006,0.8186386531457548,-0.3137870737030581,-2.7009143996016283,57
RETDD,30,43,28,1.6068650131387292,4.0,30,150,False,4,12,True,1.2137946618394493,1.5480815813674833,122,63.47649572649573,5.289108421555338,544.4940733953683,1.065107757115644,0.21109198177960203,0.800194731752896,66
RETDD,30,33,15,2.7319098660780456,4.0,60,150,False,4,20,False,2.0314231770630946,8.499870964849446,93,48.38782051282051,15.755580075698006,333.3539535694058,0.6756899447030374,-0.48992213583646665,-5.422601045808854,56
RETDD,30,23,19,2.025090554880161,8.0,45,150,False,4,19,True,1.902363503758879,9.921220348482134,104,54.11111111111111,14.628919280331221,273.022134869464,0.7957722174741224,-0.31986236240438104,-4.38902252818603,62
RETDD,30,28,11,1.3638362541268276,6.0,45,150,False,5,12,False,2.1281540838523303,10.653195833639856,104,54.11111111111111,15.241547087138642,262.7028826651849,0.8137373843613988,-0.32614933185853023,-2.6822652653726458,63
RETDD,30,42,13,2.915216550782593,0.0,45,1200,False,11,12,False,1.2764491921283485,1.5922050480545908,213,110.82371794871794,11.193398309532613,1316.0823688861349,1.234580043244995,0.6748729824025623,5.705452077244443,118
RETDD,15,33,13,1.3871533595510046,0.0,60,150,False,11,20,True,1.466423231303025,2.4237835658333435,147,76.48397435897435,7.984911548832107,596.2849639432593,1.9439940305391563,6.100232767047398,6.6599315529345935,71
RETDD,30,30,22,3.130486004263495,4.0,45,150,False,12,12,False,1.6898394491556705,4.377967531472087,99,51.50961538461538,13.545893452690919,547.0590035566577,0.5361599950471552,-0.6809972373462541,-9.146682633365646,60
RETDD,30,17,10,1.9156629120312059,0.0,90,150,False,5,18,False,2.2129564553903536,6.047112088635718,92,47.86752136752136,15.368962305932007,473.80639451666457,1.5727177608365805,1.1010025654581117,4.173466676921026,43
RETDD,30,47,15,1.9524071678185186,3.0,45,150,False,12,19,True,1.3821284114490648,2.0914228017211216,79,41.10363247863248,5.446490888988718,430.87402482573634,0.845039534748895,-0.2584784096157872,-1.7809806219353015,45
RETDD,30,23,23,1.9032239793760644,0.0,45,150,False,8,16,False,1.948075823971253,9.466298314366934,101,52.550213675213676,15.722821606459656,317.14437659426494,0.703683413357569,-0.45960517333944706,-5.989974295866116,63
RETDD,30,19,10,1.6640654996845774,8.0,45,150,False,4,16,False,2.2290877758913563,15.425531427056079,116,60.35470085470085,18.813149283367224,225.68570547128502,0.8188790049888582,-0.33066878062711935,-3.5907726243456706,70
RETDD,30,16,11,1.073227781125274,8.0,45,150,True,5,16,False,2.040020431768748,8.879824139617261,105,54.631410256410255,14.494132892939188,287.106626792257,1.3839732326933052,0.8224464623353472,2.787853353644211,59
RETDD,30,16,19,1.398470371913707,0.0,30,150,False,5,18,True,1.4813964280779401,2.9999605985604703,200,104.05982905982906,15.141956299856156,918.66017475886,0.7932917152874773,-0.5915157351807789,-4.320828382310157,103
RETDD,30,32,11,1.1518101775788714,0.0,45,150,False,4,20,True,2.3417019246736297,16.7936363703138,95,49.4284188034188,15.629098613339593,167.33501244735976,1.032294444489321,0.06591417341797226,0.043185730770550323,56
RETDD,30,17,8,1.3685192743021581,8.0,45,150,False,4,16,False,1.811746761295534,8.155458592887257,127,66.07799145299145,13.127044830903632,298.7593578222179,1.0706615496068859,0.14607530725075177,0.07941742736152735,72
RETDD,30,10,13,1.2132485482789774,8.0,60,600,False,7,13,False,1.4131454512080939,5.392201477197708,323,168.05662393162393,16.55546129267048,593.9020555547377,1.3962662060315942,1.4097805641869563,9.244448396727902,181
RETDD,30,26,10,1.3048779287465229,8.0,45,600,False,4,17,False,1.5203964606956433,5.203618031637259,230,119.66880341880342,15.028698172409108,561.7194670283145,1.9261523193774253,4.203660616677765,18.106051804063526,125
RETDD,30,24,15,1.2644303317658436,4.0,45,150,False,5,16,True,2.0428435343360456,10.227325311881335,112,58.27350427350427,14.53635474490276,260.56811680012925,0.782462160102549,-0.4001888089250653,-2.9130014670547113,65
RETDD,30,30,8,1.4558458742509095,3.0,45,150,False,5,19,False,1.6016264811419105,5.815343806780664,109,56.712606837606835,7.854281535889778,250.69796056135533,0.8693408981611497,-0.2495226891880178,-1.6777171588525825,64
RETDD,30,12,14,1.5555358155333363,0.0,45,150,False,10,19,True,1.9974914928926024,9.215482297695402,139,72.32158119658119,19.422547194041314,395.5513541062528,1.0552747880229492,0.10199952692721306,-0.31330530761147257,85
RETDD,30,26,9,1.0328610905062545,6.0,60,450,False,4,15,True,1.5337060172922121,5.462506488772691,214,111.34401709401709,13.429464402177059,453.44754249662105,1.1615135108683914,0.36101909945066507,1.7139865881563374,117
RETDD,30,19,18,1.7060043177602602,6.0,45,600,False,10,18,True,1.4384731371948707,5.111100242516825,245,127.47329059829059,15.470857364527088,609.4911886128306,1.533434797621977,1.6772573067888092,12.931454150255428,133
RETDD,30,15,17,2.806881896204036,8.0,45,150,False,4,16,False,1.6833522278590973,9.235850532455999,121,62.95619658119658,14.509352871337674,296.0379389432933,1.2497427846011722,0.5552969118776394,5.3365311410842216,69
RETDD,30,25,8,1.789788376126047,0.0,45,150,False,7,16,True,2.1032941755001073,10.505834897751457,104,54.11111111111111,15.453562793305373,273.12955903974876,0.9292926250346775,-0.1283994838831759,-1.2288038616108183,64
RETDD,30,19,18,1.2683249019379788,0.0,45,150,False,4,20,True,2.3041093008290057,11.67366087629665,115,59.83440170940171,18.667978837649635,307.06705035949176,0.9355616711957758,-0.12000112011974964,-1.530820797945065,68
RETDD,30,32,11,1.8609926541013906,8.0,45,900,False,10,15,False,1.4724509259439347,4.730737782685489,235,122.27029914529913,17.019690172323227,685.8956993737166,1.4114910239785616,1.172311804572888,11.289811672914965,132
RETDD,30,12,25,1.4212668158528128,8.0,60,300,False,9,10,True,1.4341724909050644,4.722412939225812,198,103.01923076923076,13.824931607330576,533.3304728431881,1.137641807745607,0.3095379611935074,1.6280638213236343,109
RETDD,30,22,14,1.2435559637087505,0.0,150,1200,False,12,18,True,1.3363270961764881,2.424424246543922,203,105.62072649572649,8.341740257650653,717.257574117206,1.6434105796387295,1.9774684055530412,9.903188572578099,85
RETDD,30,20,12,1.2505833967953544,3.0,90,450,False,8,16,True,1.5349070687803754,7.725779065154271,195,101.45833333333333,12.230089131954301,290.9730565929096,1.2139049784759706,0.6660761697346177,2.5032192561303885,101
RETDD,30,35,25,1.5015510855904797,8.0,45,150,False,5,14,True,1.7131535599591077,7.689673161975677,94,48.90811965811966,9.643851613005435,235.7726554299773,0.8962189679603678,-0.17532033852353346,-1.4751628960136238,51
RETDD,30,28,19,1.6954920133869469,8.0,45,300,False,5,17,False,1.7722304421292805,8.953938729986703,139,72.32158119658119,16.48996458888214,340.72082135116216,0.9358199819058555,-0.10270035805414025,-2.2126354906875036,78
RETDD,30,34,13,2.1923831253002906,0.0,45,150,False,10,20,True,2.270161912928139,12.960346024663755,89,46.30662393162393,16.931277481717764,244.17327489998206,0.8145110178251432,-0.2932497043863177,-2.9479983228260296,54
RETDD,30,43,12,1.4199612770794505,6.0,45,450,False,4,16,False,1.4843772151335182,4.16676144731837,152,79.08547008547008,10.457044474447487,463.7497069039089,1.0131610778637432,0.025921843071725775,-0.6336372838120949,85
RETDD,30,14,11,1.3569963279820374,8.0,45,150,False,12,20,True,1.826803659154523,7.782952375177326,131,68.15918803418803,14.875346523029522,350.65842261431953,0.95834230316764,-0.08106552770419839,-1.3534314947160548,76
RETDD,30,21,27,1.9045143282006751,4.0,45,150,False,4,14,False,1.5922928442822188,5.699113606456731,114,59.31410256410256,11.613239899701775,368.3345360164235,0.6813721747971724,-0.536376908377446,-6.545954124640919,67
RETDD,30,34,13,1.6447630652059924,6.0,90,600,False,4,15,False,1.7470918674809108,6.109331689664004,147,76.48397435897435,15.454613045586385,480.4146133783929,1.8092540284951992,3.275955393069714,12.915477368927613,81
RETDD,30,21,11,1.1804002548789514,0.0,45,900,False,4,14,False,1.475014093282701,5.026390251889709,306,159.21153846153845,17.178587550636028,679.8893930805043,1.5131285142267055,1.6920346938648532,11.38475488186743,156
RETDD,30,39,9,1.3161223913396998,4.0,30,600,False,6,18,True,1.157968440628437,1.7950007811558728,323,168.05662393162393,6.030205305805974,706.0992142092205,1.076356670166786,0.24006298422168987,1.165045561535531,160
RETDD,15,25,19,1.766549062640995,3.0,45,450,False,12,17,True,1.1108579106113068,1.520692126932224,476,247.66239316239316,6.377009407860029,754.8986276995563,1.3485339944221206,3.4509323717271583,9.292113200662026,222
RETDD,30,21,27,1.9795043656580615,6.0,45,300,False,4,12,False,1.5001371381710487,6.986895755264837,151,78.56517094017094,12.993067619452377,346.90591382540447,0.814309631165636,-0.2781246758588511,-5.7074178146886565,80
RETDD,30,18,13,1.4020418332561555,8.0,45,150,False,4,10,False,1.984802015991199,11.706087362756099,121,62.95619658119658,15.91068956108354,253.2848110420182,0.8825080776527932,-0.2135263321421304,-2.3784642165890704,71
RETDD,30,31,27,1.4324855274505017,6.0,45,900,True,4,14,False,1.4612007730030916,4.698399160742271,216,112.38461538461539,14.81241742725219,590.1429014134746,1.3348060619333244,1.175093241360894,6.371225398581644,98
RETDD,30,11,10,1.8318563197120723,8.0,45,900,False,11,18,True,1.3417221475539158,5.747402051453122,382,198.7542735042735,18.5806865302158,594.7604546384885,1.6852100984005225,3.350688925414947,22.25739732920692,198
RETDD,30,25,15,1.4641633988907419,6.0,45,1200,False,4,13,False,1.19725790532901,2.093076919217027,348,181.06410256410257,9.759425312904915,936.2014073023136,1.6164834662967764,2.0264342343647943,17.91708348104028,166
RETDD,30,19,21,2.2317803907816836,0.0,45,150,False,4,15,False,1.9133460891212641,9.025604084413828,109,56.712606837606835,16.694123412545572,351.74851017570177,1.2946398065652278,0.7220144709036963,6.299022659637159,66
RETDD,30,31,14,1.6566207084946631,0.0,60,1200,False,5,18,False,1.2143980279977407,1.231243966864833,283,147.2446581196581,9.798824432468507,1552.2640087419168,1.724421902130634,2.0537866259116386,19.21329880400299,140
RETDD,30,23,8,1.850896289177902,4.0,45,150,False,6,15,False,1.7129403196353936,7.140492545641302,112,58.27350427350427,10.878428571239812,283.2729498364381,0.7763828314172001,-0.37325705511333207,-3.82146724983209,67
RETDD,30,19,18,1.8502903890621956,0.0,45,600,False,8,19,True,1.5492053956753322,5.4890575946104105,218,113.42521367521367,18.355008134358474,670.8510168859875,1.5797781728109697,1.6216368036396283,14.166106485163832,123
RETDD,30,50,11,1.0332185711794581,6.0,45,1200,False,5,17,True,1.1660802837579445,1.8661882392733524,258,134.23717948717947,5.5091966779542805,515.2591494844703,1.46441303871161,1.8295447453180695,8.120368084244141,134
RETDD,30,13,10,1.753134764601774,8.0,150,150,False,4,16,True,1.39479937045035,1.9943418654094063,82,42.664529914529915,5.339110425429608,485.19838324895125,0.9812571977095569,-0.04190649419806923,-0.3586399087922821,31
RETDD,30,31,11,1.1067094116670062,6.0,150,900,False,6,16,True,1.3377500711188766,2.7153355060182007,163,84.80876068376068,6.8227619680056275,484.4129728968451,1.2945609890508512,0.7705514187488841,3.2614758417522176,70
RETDD,30,46,34,1.6421208650720585,0.0,150,900,False,11,18,True,1.234393395404837,1.059789946372836,102,53.07051282051282,4.137816402346219,823.9922343714593,0.9798471196411782,-0.04714163576212504,-0.41389619391862437,47
RETDD,30,21,23,1.0006105232227838,8.0,30,150,False,4,16,False,1.4513701035845037,4.493190317732967,200,104.05982905982906,11.554811865725867,472.67676834890403,0.7453496326296907,-0.5628491989956295,-4.491041746167923,104
RETDD,30,45,34,2.0171692170615465,4.0,45,900,False,10,18,True,1.1049865632452647,1.068615631208745,204,106.14102564102564,5.098219118222427,771.6021726557653,0.9275140470194294,-0.16212022054024716,-3.1991866126406965,111
RETDD,30,25,16,2.2558355763323137,8.0,30,150,False,12,13,False,1.4372115319714085,2.907753886731869,160,83.24786324786325,12.947314501247803,808.9253278543154,1.0635612888109318,0.23136216879279567,1.154905326849292,84
RETDD,30,30,10,1.176369190449753,6.0,120,300,False,12,16,True,1.3907681018072369,2.7558675744399808,114,59.31410256410256,6.395859833985461,403.24828770368754,0.8875049951685958,-0.22451456267798794,-1.1106609592355396,45
RETDD,30,24,13,1.2641721695181507,8.0,45,1200,False,7,19,False,1.455852336856184,5.919874409605958,341,177.42200854700855,19.24609805481807,630.2348705570953,1.4978866248828697,1.7717986448187024,13.684055131620365,173
RETDD,30,32,18,2.045140614338663,0.0,60,150,False,11,18,True,2.2560302304572866,11.461851190012283,90,46.82692307692307,16.798623410464167,274.04212622017803,0.9081637495704551,-0.1454720818199518,-1.671659373711059,52
RETDD,30,42,39,1.3335474336631272,8.0,45,150,False,12,20,True,1.3955270443900183,1.8763174263326576,80,41.623931623931625,4.839372651308512,489.9227089043858,0.8378831604335424,-0.29339767876774137,-1.9964192522295214,44
RETDD,30,42,16,1.052502301236207,6.0,45,150,False,5,14,False,1.9881879993772553,8.510990434131045,84,43.705128205128204,10.672036612568109,218.90128735664825,0.9539319927671889,-0.09013652143302986,-0.6391199286336915,48
RETDD,30,17,14,2.491161537892948,0.0,45,150,False,4,20,False,2.221787626630919,16.349566531134748,113,58.793803418803414,22.628717308212476,261.2918014635911,1.3884418764949975,0.9115154307023348,7.933527092974726,69
RETDD,30,17,8,1.1682026990135097,0.0,45,150,False,12,20,True,1.873186256618651,9.420840367232087,128,66.59829059829059,13.84830651491487,266.7853660130668,1.1729083677972547,0.3618261531108096,1.1328965568621328,73
RETDD,30,19,16,1.4473735858378107,6.0,60,300,False,6,10,False,1.6663648545006977,8.341852495926474,167,86.88995726495726,15.36839436365075,346.40197059630293,1.0405038137217706,0.07391079584957588,-0.3734768911362047,93
RETDD,30,20,10,1.4360923877959846,0.0,45,450,False,7,14,True,1.6406288098752082,7.577287843115311,206,107.18162393162393,17.62851377986591,439.57388873079924,1.7769177147058541,2.6605477366937884,15.184596220384796,118
RETDD,15,32,16,1.107241193233717,0.0,45,150,False,4,19,True,1.0088572974853782,0.038250699652234446,202,105.10042735042735,0.5284542698424003,928.8072679260888,1.069028387725022,0.1281377329543128,-0.1875867950378804,93
RETDD,30,22,9,2.7360752601535543,0.0,45,150,False,12,10,True,1.8898356538201506,7.100916646359075,107,55.672008547008545,15.92357776727109,419.4470992088675,0.823465872917015,-0.28545865418129435,-3.7790015943686837,67
RETDD,30,19,16,1.2794638697818004,8.0,45,450,False,5,15,False,1.5301111333268818,5.940612044032323,225,117.0673076923077,15.402449265201604,495.6618632656089,1.1177556346686823,0.28106234798200913,1.1642265143849286,117
RETDD,30,16,15,2.4418853018689894,0.0,45,150,False,4,20,False,2.163053069765015,16.34976614748637,115,59.83440170940171,22.278434256197237,258.349999999999,1.4600265523973794,1.021308649185893,8.782731072587252,69
RETDD,15,22,10,1.6049301880605265,0.0,90,600,False,11,15,True,1.5581188486638475,3.081372099407802,242,125.91239316239316,11.43117692714938,743.3290114780941,1.7791164243099777,5.564965696493414,10.308778661549113,136
RETDD,30,10,10,2.4129408994256547,0.0,45,150,False,6,19,False,1.778712421119925,4.887952919953976,151,78.56517094017094,18.15760168400655,679.3339674632771,1.0203615860769948,0.039782743113452784,-1.0551496411588221,93
RETDD,30,19,23,2.5716568938841777,0.0,45,450,False,6,20,False,1.5491696945836073,5.199150172732084,177,92.09294871794872,17.818153360809774,670.389553087867,1.3156974020791765,0.9159243257277997,8.459757009269937,101
RETDD,30,27,15,1.2032065903570703,8.0,45,150,False,9,12,False,2.1411912502546375,11.213077107428902,104,54.11111111111111,14.471053054031312,242.80145020395958,0.9271113057243765,-0.13029133395369807,-1.1744437769033904,62
RETDD,30,24,15,1.3413679921130008,8.0,60,150,False,5,18,False,2.040000095379102,9.883287516304483,110,57.23290598290598,14.862483967601598,282.89484379565056,0.9135506051912446,-0.15408530565267373,-1.449771107847822,64
RETDD,30,26,10,2.6264640549925113,8.0,45,150,False,7,20,False,1.9469411039763331,8.13267948302032,101,52.550213675213676,15.255125003527741,351.18715746245584,0.7895143944937899,-0.345020536918692,-3.6110286939860634,62
RETDD,30,27,16,1.164541616894728,0.0,90,150,False,5,20,True,2.200114253636827,9.33295719549277,85,44.225427350427346,12.40962791466576,251.4050365243438,2.0632610189542735,2.0220588876443975,5.339043993125374,35
RETDD,30,43,8,1.8809988511347142,6.0,60,150,False,5,14,True,1.8048025041202689,4.470127494705487,79,41.10363247863248,9.07158769858704,366.6649861859628,0.6737502120681587,-0.523742381603402,-3.623230641026064,46
RETDD,15,26,13,1.5368835413557689,4.0,45,300,False,5,18,False,1.1933016884727714,2.3508392733725434,345,179.5032051282051,7.792546150637951,588.4631673301924,1.4299613846138293,4.382598535109125,7.546388494378724,170
RETDD,30,20,21,2.845147361965513,0.0,30,150,False,4,20,False,1.3765659188112138,2.391056787845155,171,88.97115384615384,13.313070909419611,1053.4370053601244,1.2619529622765373,1.0972926336863693,7.736205991306987,88
RETDD,30,19,15,2.607125276912748,0.0,60,150,False,4,17,False,2.16919196690816,10.251915536412982,109,56.712606837606835,21.541654871212415,402.22673379270486,1.4071908878853492,0.9048147012565626,7.937489320763309,67
RETDD,30,29,24,2.922302691021331,0.0,45,150,False,4,19,False,1.8725591095840908,7.442435462988806,92,47.86752136752136,14.974319940522093,387.21077442496517,0.5991973209228486,-0.5890212705305164,-8.356503129857009,58
RETDD,30,13,27,1.938313393499839,0.0,45,150,False,5,20,False,1.862447579495603,9.482874798894837,123,63.99679487179487,18.116185387411356,362.4164751995089,0.6528429002941502,-0.6088926730044907,-8.558623865525021,79
RETDD,30,13,17,2.7494666727543278,0.0,150,900,False,4,17,False,1.51030192932689,3.489965549052539,168,87.41025641025641,14.37154439244953,834.1379921790184,1.9492282252642779,3.8917463780466415,16.78328512186694,77
RETDD,30,39,24,1.3378606920176548,4.0,60,150,False,6,13,True,2.051436974696693,10.605443061120438,88,45.78632478632478,12.480820432974152,210.22366204947843,0.7710946850227337,-0.4015835516307334,-2.5193536767289895,49
RETDD,30,23,14,1.8873924430890017,6.0,30,150,False,9,11,False,1.3082254572560488,1.9978490208343815,174,90.53205128205128,9.430212020220145,841.3519484222181,0.9334570785372536,-0.1708412420777352,-2.0430204541378556,97
RETDD,30,38,12,1.412085437048621,0.0,45,150,False,5,20,False,2.3397488893514398,8.903846669049281,88,45.78632478632478,15.90010940672477,338.0831667675868,0.9298846517053477,-0.1303741829461769,-1.0056872870144613,52
RETDD,30,18,12,2.0588147517856052,0.0,45,150,False,4,19,False,2.245661964442676,16.468444038871116,114,59.31410256410256,21.506305524333737,245.7384959915497,0.8456057281260495,-0.25103196202646505,-3.899614222655838,70
RETDD,30,32,17,1.6574118468680954,4.0,30,150,False,4,16,True,1.1876771079889314,1.1584358675655573,167,86.88995726495726,5.879776157770944,839.6557448842805,1.067916104760518,0.2479873926603712,1.043102114564837,81
RETDD,30,10,14,2.7081373467703367,4.0,150,150,False,6,18,False,0.8700531449349443,-0.4052708253267123,93,48.38782051282051,-2.9206702650430505,1097.2695411349216,0.9120632920879215,-0.19256198094714685,-0.8561346848793581,36
RETDD,30,13,16,3.220191052201737,0.0,45,150,False,4,20,False,2.066100009891454,14.820814724914749,122,63.47649572649573,21.5104919696241,278.2498220734926,1.2581770825461518,0.6120552531963939,6.099676371599336,77
RETDD,30,10,8,3.088777325454469,0.0,45,1200,False,6,19,False,1.2506520486585946,3.537317380420185,470,244.54059829059827,16.51414916457709,885.7629394523524,1.6160832266503578,3.3304026860094056,23.744440574091666,243
RETDD,30,11,10,1.9942536813888052,0.0,30,450,False,4,19,False,1.134753723516593,1.7662071128643069,405,210.72115384615384,7.694429034974899,862.7536449314962,1.608944698931979,3.995031380715405,18.300014293999777,202
RETDD,30,10,9,3.903062177256901,0.0,45,150,False,4,19,False,1.727713814741077,5.604834821544314,152,79.08547008547008,17.519722460786166,577.2599999999984,1.0175949132089477,0.036089123284671606,-0.9690158190972009,94
RETDD,30,16,28,1.9284597073861303,3.0,120,600,False,5,19,True,1.2166013868761791,1.8943367419596642,181,94.1741452991453,5.830303819040502,644.4585985666221,1.2719357705833176,0.9794393340519939,5.5211265696366665,95
RETDD,30,24,11,1.703296211070858,0.0,45,150,False,10,16,True,2.472121926161985,17.203240134290237,104,54.11111111111111,21.074797897137348,230.2544588892224,0.7097951553179096,-0.5206401565648774,-4.471582951964175,64
RETDD,30,17,12,1.1247791418565127,4.0,45,900,False,4,20,True,1.1862215740071602,2.7262226149562863,399,207.59935897435898,8.790803296939592,628.7578913513379,1.3529782927705845,1.4646157806614282,9.157005589739613,202
RETDD,30,15,10,2.065374104868601,0.0,45,150,False,4,19,False,1.8984272905314785,7.571838857975324,124,64.51709401709401,17.892608677023038,429.3199999999988,0.9284270229254495,-0.12096126179320081,-2.2283124396653453,73
RETDD,30,37,21,1.5249109193411887,6.0,45,450,False,7,16,True,1.4797155850131882,5.518523216757489,159,82.7275641025641,11.241753489196746,388.6130402731667,0.987002187290139,-0.022117832906950727,-1.2011107330592832,89
RETDD,30,12,21,2.9054949766355116,0.0,45,150,False,5,19,False,1.7350246150623883,6.68426772860945,131,68.15918803418803,17.162451647446847,493.0611567784381,1.3497756179352518,0.8709938139833714,7.897257667140964,79
RETDD,30,17,14,1.8639278926019283,0.0,45,300,False,6,20,False,2.0387887652830883,10.724494095633291,158,82.20726495726495,24.085298597963366,426.3713118734913,1.127996404524186,0.2230566344321307,0.8742599501850957,93
RETDD,30,23,20,2.071841964168727,0.0,45,900,False,12,20,True,1.354158250060974,2.7801372090022594,240,124.87179487179486,14.844716183199658,1064.2802595354608,1.3306635573787051,0.886760290144712,9.470288912613796,126
RETDD,15,33,15,1.8861714332088895,3.0,45,150,False,8,17,True,1.058143684810918,0.2017868380807395,198,103.01923076923076,2.396402366400067,1372.3687769572,1.3472801461547872,1.563203951066959,3.929348105578036,97
RETDD,30,11,22,1.7865605608609556,0.0,45,900,False,5,18,False,1.2536761271855945,2.7989388862475244,317,164.93482905982904,13.341352675683837,955.5297904670263,1.4750151271152212,1.734204301837766,16.573780300857585,164
RETDD,30,27,19,2.2969362286687325,3.0,45,150,False,9,15,False,1.4410391764978443,2.847027448334619,104,54.11111111111111,8.048360571754632,486.4588026085862,0.8968963804288157,-0.2324198560265299,-1.8407362805018503,63
RETDD,30,33,8,1.648082370638492,0.0,45,150,False,9,17,True,2.033688371044194,8.192166541967556,95,49.4284188034188,12.5106294607647,284.5623471702172,0.9842898761298822,-0.031068069022743398,-0.45983933959692525,55
RETDD,30,33,18,2.2993168483075643,6.0,45,150,False,11,15,True,1.945138469202574,8.877604930376227,91,47.34722222222222,13.863185641114931,281.53339064541433,0.8350893582355444,-0.2568436197206383,-2.802474912020274,52
RETDD,30,40,11,1.2071584111465221,0.0,30,150,False,4,20,True,1.6985547287054028,4.221819294972152,132,68.67948717948718,12.255278280368227,536.9652963251615,1.181903373084835,0.6577707287804495,1.8849990423617127,71
RETDD,30,12,8,1.3716255966600706,0.0,90,150,False,6,13,True,1.7255357626514083,6.028477113126043,115,59.83440170940171,9.535820669191278,301.75809691078825,1.9744906184024609,2.2866214916217684,5.948685870561342,57
RETDD,30,27,8,1.698521339812818,0.0,120,150,False,9,20,True,1.395641539317651,2.504531700152602,81,42.14423076923077,4.561997497234242,355.14181298971596,0.9498719239934286,-0.08419211145550595,-0.6645104077983114,34
RETDD,30,32,15,1.5509120805595775,4.0,60,600,False,5,13,True,1.3766966945420276,4.447418177540973,219,113.94551282051282,12.16583474399863,518.5203982881899,1.4238554163792894,1.3508110638712034,8.06676229587587,118
RETDD,15,14,8,1.8444139939197952,0.0,45,150,False,12,15,True,1.3597304702787958,1.9166092811295619,279,145.16346153846155,11.04866215874318,986.9842293442732,1.1657922003183272,0.4907726262423641,1.9919593570668033,142
RETDD,30,29,16,2.4234552684676727,0.0,45,150,False,5,20,False,2.2753315969479426,11.360141254656995,95,49.4284188034188,19.331390620461043,325.9663003603446,0.8079501854056592,-0.2981409852882519,-3.6470632358518067,58
RETDD,30,17,13,3.0447248666698004,0.0,45,600,False,4,17,False,1.5111069979794858,4.630815826983117,222,115.50641025641025,19.528134157562604,818.2428051833581,1.6477281680249376,2.2385430413363294,16.989354259590733,131
RETDD,30,33,14,1.1164438293216659,0.0,45,150,False,4,20,True,2.0450755763819988,9.517913038068626,95,49.4284188034188,12.483226122122742,236.88632049783655,1.1479568265304874,0.2930370538617059,1.0889326918324178,56
RETDD,30,25,11,1.2923422362128318,3.0,45,900,False,12,13,False,1.1685838600170362,2.467389780101974,347,180.5438034188034,7.196443198733259,553.6974123251014,1.477205881623777,2.7498109924676615,12.486409601425024,183
RETDD,30,23,22,3.0755312985229137,3.0,45,150,False,5,19,False,1.448473148639802,2.7821757176391566,109,56.712606837606835,9.808170289208537,590.1120213297359,0.9619693850225792,-0.10501702796885738,-0.35005528965194105,67
RETDD,30,16,14,3.570043113643212,0.0,120,150,False,4,18,False,1.7727393504925517,5.69960083994549,85,44.225427350427346,10.839278209403588,364.7211988236925,1.8370043090072314,1.940808348950354,9.53695666950908,40
RETDD,30,25,13,1.0639771392435384,0.0,150,600,False,7,18,True,1.2891143078494882,1.5745082595662254,127,66.07799145299145,4.229847272966535,570.3299744455308,1.6609950590132676,1.898491350722349,5.754511393899899,54
RETDD,30,20,11,2.0007198080201496,0.0,120,150,False,5,18,False,1.9683003402744725,8.042808751398436,81,42.14423076923077,11.585208937457496,271.6895335035574,1.0234919171028316,0.036574583319793484,-0.8556084527530944,36
RETDD,30,38,14,1.0596947283936076,6.0,45,300,False,6,12,False,1.7262170592980197,7.493099037700303,137,71.28098290598291,12.530325118944575,300.9535205888735,1.238074194330882,0.4331183482519755,1.9399142732685162,72
RETDD,30,43,9,1.1103464912070782,6.0,90,600,False,7,16,True,1.4889908313928923,3.7803402729347084,141,73.36217948717949,8.335034641885176,399.4993452656597,1.4569289752731855,1.1114447164458914,4.853178250729494,80
RETDD,30,33,25,1.9499707991495643,0.0,120,1200,True,4,19,False,1.7525095561390551,5.714980588732333,150,78.0448717948718,18.985902606193907,634.8091868436036,1.4889192325827805,1.4542716968304257,9.336022317814306,71
RETDD,30,19,20,1.7005188682963368,6.0,120,150,False,11,10,True,1.4260296805717227,3.101370608876869,85,44.225427350427346,5.759273731474596,351.9362879772797,0.9978777600218832,-0.003532849293239542,-0.6996723282518328,35
RETDD,15,13,30,2.2778121014483173,0.0,30,300,False,5,18,False,1.3889675892704967,3.664562353470737,432,224.76923076923077,22.83558425563087,1240.564584540262,1.374902175129965,1.7508053062513012,17.27573386613122,216
RETDD,30,26,9,1.0780342342640838,3.0,45,150,False,6,20,True,1.4987849510357332,3.288855700095034,113,58.793803418803414,6.772988544365249,366.80554328843255,1.1498146767578636,0.5610129468208763,1.235322269730288,67
RETDD,30,20,9,2.055514539089149,0.0,45,150,False,11,17,True,2.2250035537203328,11.308167226934783,113,58.793803418803414,19.93164135476873,325.799363059926,0.8982866799032941,-0.17524986877533688,-2.449853245267463,68
RETDD,30,26,10,2.4324928361743314,8.0,45,150,True,4,18,False,2.166440691833995,12.163447039898372,94,48.90811965811966,16.822662591366313,256.28742478977097,0.8519627643651794,-0.2443447167658717,-2.565287983885608,57
RETDD,30,12,8,2.483048818578509,8.0,45,150,False,4,19,False,1.5903453184192586,6.002047541334692,146,75.96367521367522,12.430930643079979,384.0399999999993,1.1195940140157792,0.23325082491757818,0.700942644995079,87
RETDD,30,24,17,2.158648853744659,8.0,45,150,False,6,14,False,1.9040661325816783,9.47581684272979,104,54.11111111111111,14.84846616214389,290.7725340302777,0.8272993437309224,-0.2887751658800136,-3.156293724037354,60
RETDD,30,13,14,3.0782606257291594,0.0,90,150,False,4,19,False,1.9434212006527147,8.066736496832553,101,52.550213675213676,15.317957501412067,368.40149211433436,2.5204617410645143,3.673778539475802,17.076108768217274,54
RETDD,30,17,16,1.3935701311849924,6.0,45,1200,False,12,20,True,1.262047989140089,3.0552764311464764,402,209.1602564102564,14.460154890638902,935.7149298257725,1.65421287469849,2.4393792925838316,20.539209379125673,191
RETDD,15,57,22,2.5042782715662453,8.0,120,600,False,8,14,True,1.395910629253546,1.9861155807472644,117,60.875,6.454987242291047,652.659992874352,1.1266040226447855,0.38774591657602037,1.2849760634053649,64
RETDD,30,32,14,1.7709266569681485,6.0,45,900,False,5,15,True,1.382054339174889,3.8289302717129745,246,127.99358974358974,15.20749350306783,748.2966197713613,1.4851928206528402,1.2806255014625845,12.211679039051845,132
RETDD,30,13,29,1.8400094573582568,0.0,150,150,False,4,20,False,1.1296556725373192,0.5132725617020565,79,41.10363247863248,1.6898170763018374,723.1717133245975,1.1181368304623596,0.2213586407129399,0.5253694395626377,30
RETDD,30,10,18,2.4850717404498184,0.0,45,150,True,5,19,False,2.143076793003848,10.295369324908773,112,58.27350427350427,21.376853960569356,392.7668659190108,0.9359671526380191,-0.09735625725087647,-2.4983759874910696,68
RETDD,15,21,9,1.5127147844534836,4.0,90,150,False,5,15,False,1.4620296931904875,4.278465261005444,119,61.91559829059829,5.083403958416218,217.81834246309322,1.5629865112828785,2.8279606377864557,3.4964392497686916,64
RETDD,15,34,22,1.7128861656620513,0.0,45,1200,False,9,19,True,1.159344886124758,2.0625232761744803,512,266.39316239316236,9.575715382575526,988.1975159784624,1.7160550869490843,3.266015549172268,26.311922494454176,233
RETDD,30,21,8,1.7500986403106358,0.0,45,1200,False,8,15,False,1.4081866591564374,6.503152896156297,362,188.3482905982906,19.417926400558294,572.2153061361782,1.5850290443852628,2.0223618783899338,18.66762411073643,188
RETDD,30,27,17,1.6652016014991304,0.0,45,150,False,10,18,True,2.4221769656997165,16.02849892258273,97,50.46901709401709,19.055432992343814,225.7889854224154,0.8003597629890804,-0.3332165211938116,-3.1510517350979144,59
RETDD,30,29,15,2.4721289096755914,0.0,30,600,False,9,19,True,1.2636361620307652,2.0437771745023574,271,141.00106837606836,12.970732565333279,1262.0700094247948,1.5638587118195848,3.093812781380815,17.797054567502755,144
RETDD,30,21,9,2.926914431193202,0.0,45,150,False,4,20,False,2.0764483964997984,9.833192631014304,110,57.23290598290598,18.900935314816845,358.82567328303685,0.8036091682684391,-0.31577677694269024,-4.168364650803172,68
RETDD,30,27,24,2.2357563074927254,0.0,45,450,False,10,19,True,1.5161868404168735,4.92006099784721,152,79.08547008547008,14.682722971500578,574.2411448992937,1.3231472453308075,0.913506631858959,7.22841048992777,89
RETDD,30,25,18,1.170931987720391,8.0,120,150,False,11,16,False,1.7721193966359408,5.37406608670776,85,44.225427350427346,9.291032305189782,312.0899470874956,1.2039798290039683,0.38229479773411174,0.8880804780558289,36
RETDD,30,15,19,1.5882401363559486,0.0,120,150,False,11,15,True,1.6706451882634412,4.769344236285056,93,48.38782051282051,9.51791269500984,387.75868384496584,1.1437324857845272,0.225511758018995,0.3475642493772027,40
RETDD,30,17,18,1.5742014660789654,8.0,45,1200,False,7,15,True,1.3699318303232537,4.22114249911891,360,187.3076923076923,19.978846498532313,925.6722520532808,1.4992206132536139,1.6911528116784134,17.700619454681238,178
RETDD,30,38,14,1.454301259709291,0.0,45,300,False,4,18,True,2.0662099406657526,12.027269082184384,125,65.03739316239316,17.898567408059677,290.3311130190939,1.2603841716253092,0.45290035975585463,2.3947458451919474,70
RETDD,30,13,25,3.421317061914114,0.0,60,450,False,5,19,False,1.4068635702202854,3.7647586390489867,195,101.45833333333333,16.053700664929316,813.7322441972237,1.2203473361520478,0.6814389199506741,6.764683553651732,110
RETDD,15,40,17,1.3428168917097745,0.0,45,150,False,10,19,True,1.169848710763379,0.7157071875608856,183,95.21474358974359,4.126331849362511,965.1588408675752,1.3963272679581473,1.1776031494882817,3.525433110768328,87
RETDD,30,43,10,1.2333604856923377,6.0,60,150,False,9,12,False,2.424620235949677,9.668144310535567,79,41.10363247863248,13.293866768035281,245.43746514500322,0.7622344737519052,-0.4714908515835766,-2.2384512193287742,46
RETDD,30,21,19,2.9451377804244157,4.0,30,150,True,7,18,False,1.1946782941940626,0.8011900427183334,136,70.76068376068376,6.306209120152447,1294.832560693476,0.9952554535913202,-0.016964752254042047,-0.006822900946709898,69
RETDD,30,22,12,1.5682042926774244,0.0,45,150,False,9,19,True,2.4017213290178194,17.860095005141844,106,55.1517094017094,20.3019872146104,214.72215404223323,0.8464243072851393,-0.25902582631678794,-3.234773875042297,67
RETDD,30,27,15,2.153322816311571,6.0,45,150,False,5,19,False,2.02274257818471,9.815275724077352,99,51.50961538461538,15.862627704837873,290.06468366690297,0.839462757198183,-0.2546321012709371,-2.986193192563885,60
RETDD,30,28,20,2.164134546424733,0.0,30,150,False,10,18,True,1.5809607052100514,3.687122345893865,150,78.0448717948718,15.832161392140181,804.0230422986358,1.053069309308424,0.1648742887562387,0.9323788774651306,78
RETDD,30,34,27,1.419292063366222,4.0,60,150,False,5,19,True,2.04769974970158,10.708334943787648,98,50.98931623931624,14.09469924515326,240.67725133091727,0.7280010321082688,-0.45798303424990394,-3.4475811924403623,54
RETDD,30,20,8,2.8754641729110064,4.0,45,450,False,7,18,False,1.2327383691947684,2.414872423077158,229,119.14850427350427,7.490747994588956,632.7259393685638,1.378124425833888,1.3802926245668714,7.403891785845622,123
RETDD,30,24,13,2.308570830212883,8.0,45,900,False,5,16,False,1.4279101723808756,3.616641243009199,260,135.27777777777777,18.530830904612348,962.5850135509063,1.4041992386870128,1.28422028321211,11.87728780954299,135
RETDD,30,20,22,1.481179968840603,3.0,45,600,False,6,16,False,1.2510514651253062,3.2114382806625916,294,152.9679487179487,9.714602013977695,590.7785653269093,1.4780253964305654,2.0391875920757254,11.090612882467632,151
RETDD,30,12,20,1.952397558855552,0.0,45,600,False,4,20,False,1.4648029690361561,5.803670347708134,249,129.55448717948718,18.104967684991127,621.2108822563008,1.526329862168574,1.6731832028429976,14.845084566454087,141
RETDD,30,18,15,2.1038156298662116,3.0,90,150,False,11,17,True,1.9651833413723092,7.3409401431169,96,49.94871794871795,13.843861133244022,337.7254323132745,1.5044137773260613,0.8376909831223649,3.7672202587924986,44
RETDD,30,26,8,1.381014971114929,0.0,45,150,False,9,20,True,2.0534410274206647,8.615109643046173,108,56.19230769230769,13.970419627476973,305.4467055445723,0.9501211879963769,-0.09312258085241543,-0.8997947145757919,64
RETDD,30,18,10,2.9369638862573417,0.0,60,150,False,8,19,True,2.0182390478247845,12.147299519965998,114,59.31410256410256,18.972556317473956,289.9250901120615,0.8465119389563669,-0.25399079701476357,-3.72235584893761,70
RETDD,30,22,9,1.8527885399113018,6.0,45,900,False,4,17,False,1.284065244751221,4.355741060353999,309,160.77243589743588,13.090122810250854,570.6133219771682,1.5286811270346594,1.6955978444131978,14.336981629254261,162
RETDD,30,35,13,1.2388278604305385,0.0,45,150,False,12,20,True,2.7601885628544984,20.935734123660684,92,47.86752136752136,18.717424752243286,169.26561270344564,1.0398535854758295,0.07511895224332538,0.10549830078836306,53
RETDD,30,31,8,1.0106764358021865,0.0,45,450,False,5,19,True,1.6303616392114493,8.076576828477952,191,99.37713675213675,13.17017743405304,311.14617116165147,1.005960459102574,0.010700626976977747,-0.9452985758145445,115
RETDD,30,28,13,1.0049365026228179,0.0,45,900,False,4,20,True,1.3726130987612293,4.074415448344626,281,146.20405982905982,12.724218869740163,599.6486073658891,1.4795844510872536,1.3675734262361974,9.558336397857286,146
RETDD,30,21,13,1.2505735253153494,0.0,120,900,False,11,18,True,1.6684476013256178,7.403561366240488,197,102.49893162393163,16.765579175091087,441.90381106684094,1.3724239141768906,1.2590944403602795,6.2206164358113245,97
RETDD,15,26,14,1.2866539893165103,0.0,60,150,False,12,10,False,1.3694525940569242,2.116805207734557,169,87.93055555555556,6.851352505038391,597.3266292492528,1.6197504304777077,3.356899464845872,4.794207729888458,83
RETDD,30,25,8,1.2751496539201708,6.0,60,1200,True,9,10,False,1.366835651839033,1.3796588632353721,104,54.11111111111111,6.3092772397307515,719.2010505801256,1.6421997388369098,1.3585239760962815,3.98913735995716,46
RETDD,30,27,13,2.098335922481199,0.0,60,150,False,9,19,False,2.4494810646886704,13.482544543907506,96,49.94871794871795,20.422428811592095,282.756719112097,0.7715343785073194,-0.35916878952219944,-4.128033452195518,60
RETDD,30,19,12,2.118718968018716,0.0,45,1200,False,4,18,False,1.3845073738703007,4.736651719334745,328,170.65811965811966,19.210184372632312,805.2608240465515,1.4619564454475367,1.4478752914052129,16.24643672499096,173
RETDD,30,25,13,1.9232717751620296,0.0,45,1200,False,12,15,True,1.2558458892051383,2.4656114267486484,297,154.52884615384616,12.1833572195964,987.7260895231425,1.5170164826945043,1.6008467929744132,16.875364007563242,152
RETDD,30,26,14,1.8292611228306128,3.0,120,150,False,11,19,True,1.4253964304820235,3.5822320501156804,81,42.14423076923077,5.00048157050754,263.88241584377994,0.9915117910485967,-0.02165487488286317,-0.31037989939257593,34
RETDD,30,44,15,1.0662680083783407,0.0,45,1200,False,10,18,True,1.3059017767819376,2.955806641250348,257,133.71688034188034,9.878030041649646,643.5820267362112,1.418511080239984,1.2512716127934846,8.134019179693304,133
RETDD,30,15,17,1.5321988771676358,6.0,60,150,False,7,11,False,1.6184481896992142,5.6523309351265185,130,67.63888888888889,12.549656373178703,399.49855343153126,0.9648524197471469,-0.06308990213245104,-1.3384458222115747,71
RETDD,30,26,14,2.0813286061010565,0.0,45,150,False,10,15,True,2.426783301700891,13.455807101667308,96,49.94871794871795,20.229779496855087,280.49638293704174,0.8031679434579582,-0.31477877359445783,-3.6337840691305225,61
RETDD,30,36,24,1.3138423487393858,0.0,45,600,False,9,19,True,1.6643518247842335,7.1036713000503084,175,91.05235042735042,16.02647508334163,439.6800127723077,1.735128969467301,1.9923292539982884,13.139071643362257,98
RETDD,30,32,14,1.6887989149122067,8.0,45,150,False,4,20,False,2.0859773932407895,11.099782040166723,93,48.38782051282051,13.843194109942928,227.93415352695956,0.8690210523682406,-0.2332388817004727,-1.9671240928705886,55
RETDD,30,27,17,1.643436233666356,0.0,45,150,False,11,19,True,2.447572653681206,16.303621039734335,97,50.46901709401709,19.200858814817046,223.59832185901496,0.8090021762710751,-0.32015009586629994,-3.001712151736965,59
RETDD,30,28,13,1.8699957148248938,0.0,45,150,False,11,19,True,2.3173735420565316,13.99533910459118,97,50.46901709401709,18.694031924225182,252.40944855816542,0.7810591256620624,-0.35619922937279663,-3.738618521878982,61
RETDD,30,36,20,1.8899376344261973,4.0,45,150,False,10,20,True,1.9763516171136037,8.342315047473958,90,46.82692307692307,13.79846079864363,295.36189219519156,0.7069444484367479,-0.4679135752657805,-4.246438047124526,53
RETDD,30,12,26,1.4327778059815064,8.0,45,150,False,4,17,False,1.5165929883799023,4.371165987445551,144,74.92307692307692,11.788111414059838,488.7609330764874,0.83462324287616,-0.28778488373380484,-3.8790376963730053,82
RETDD,30,37,20,2.154326631515473,3.0,45,900,False,10,20,True,1.256379670825563,4.1149773764965305,253,131.63568376068375,10.67702432055569,475.623872801943,1.1959485227617275,0.5990732850812568,4.620500735676908,137
RETDD,30,13,15,1.0637182215491392,8.0,150,1200,False,4,11,False,1.2596358878151008,1.3978944926520092,258,134.23717948717947,7.9888764291823575,1094.309326881869,1.6696478721971917,2.8872250867155755,10.717274874797459,109
RETDD,30,23,16,1.619249384539143,8.0,90,150,False,4,16,False,1.9184759741590887,5.383302102603236,88,45.78632478632478,11.297985138507253,410.7455458428019,1.413594753252621,0.7073695041678967,2.4691714627057673,37
RETDD,30,20,12,2.3435067315750113,0.0,45,150,False,12,20,False,2.2102138346011477,12.529365501600463,110,57.23290598290598,20.788934417379025,315.34083976199236,1.3819580676318963,0.9326043958485261,7.4097957131939625,67
RETDD,30,29,14,1.2039616859796753,0.0,45,150,False,12,20,True,2.4333795641605653,14.959914656814444,101,52.550213675213676,17.556884933850846,224.27771197958373,0.9742861654755576,-0.04696639644223078,-0.6533625921139389,62
RETDD,30,17,8,1.1542520998258543,0.0,45,150,False,10,15,True,1.8899792144413166,9.59680470498989,128,66.59829059829059,13.986716517903428,264.5586089735325,1.183726181539689,0.38674471966751833,1.2356542173758214,73
RETDD,15,41,45,1.5109631626206346,0.0,45,900,True,7,18,True,1.2894868243411242,3.5796252144894587,331,172.2190170940171,12.38537816099182,669.260077947228,1.7076148008645422,3.9460825062040046,16.422748792891575,141
RETDD,15,10,39,2.3881905657340283,6.0,45,600,False,5,15,False,1.2544442490977603,4.55924951890693,521,271.0758547008547,20.134356851588553,819.4767083743113,1.4138297332852028,4.857773460390303,21.715824204026518,266
RETDD,30,19,14,2.122365059426441,0.0,45,1200,False,6,17,True,1.3622427880235974,4.712063374403528,316,164.4145299145299,18.172277127782525,759.7095138188824,1.628566191248907,1.8612230649263506,20.490808661592805,160
RETDD,30,12,23,1.297391299284784,0.0,60,150,False,4,18,False,1.7931789740511601,7.0709451953900295,139,72.32158119658119,15.954801473357032,421.0680174953518,0.953786844454649,-0.08423147409929149,-1.6413289466549188,83
RETDD,15,26,12,1.9314524428184061,0.0,90,150,False,5,20,False,1.3553896305714337,1.7700261194017606,98,50.98931623931624,3.6406160038427524,431.4730670898372,2.628090591796481,8.264142516958616,6.677720889066656,50
RETDD,30,31,9,2.4699563842919035,3.0,45,150,False,10,20,True,1.5190633161202116,4.338537795514287,103,53.590811965811966,8.095984958046857,344.9271477027655,0.7790436721247622,-0.3961664577910794,-3.1178716017227246,61
RETDD,30,21,21,1.25290724514377,6.0,45,900,False,9,17,True,1.2471470581748243,2.9316301545565664,315,163.89423076923077,10.070449487211055,703.4921535842655,1.3301820798926742,0.9848845824031538,7.588122623101439,154
RETDD,30,53,40,2.7506329534067717,8.0,45,900,True,4,18,True,1.1475030051403565,0.9026453784873733,150,78.0448717948718,4.659647599902025,883.3870970170581,1.4668550654475612,1.9388861967515238,6.180908565738273,71
RETDD,30,21,12,1.8827226024065298,0.0,45,150,False,11,19,True,2.3739257763129284,16.170217480238186,109,56.712606837606835,21.809961377355386,254.10089968152806,0.810929558100493,-0.2977004342167126,-4.276683270938373,68
RETDD,30,21,20,2.6129748780047133,4.0,45,300,False,9,20,True,1.283434025150931,2.8800722225665907,165,85.84935897435898,8.568271204009466,557.8725121241475,1.046978421817099,0.09632244815797067,0.5104128277096313,83
RETDD,30,44,15,1.0877582892125548,0.0,45,450,False,12,16,True,1.508239842586333,4.02946827728299,147,76.48397435897435,9.716470821908866,446.5129586760513,1.1865438440033227,0.3649122955899373,1.6717630732278002,88
RETDD,30,27,26,2.139534874864071,0.0,120,300,False,11,19,True,1.652916405756266,4.083855384859456,95,49.4284188034188,11.267107929694927,520.9686082512382,1.129800649797522,0.22469353969798497,0.6213867439228025,39
RETDD,30,23,12,1.7157647860749305,6.0,45,450,False,4,19,True,1.5112792124177319,6.046725667409647,199,103.53952991452991,15.216508687401381,478.3676190627443,1.2072872918919757,0.6451018640691105,4.843013812310587,111
RETDD,30,14,19,1.3787877202567462,6.0,45,150,False,10,16,True,1.629637338113632,6.113728336598244,132,68.67948717948718,12.187518620542503,360.0815539591208,1.014223564002646,0.02657261583419284,-0.5145298175982653,73
RETDD,30,33,17,1.8893837443780384,4.0,30,150,False,11,18,True,1.2805211030087311,1.882831277723614,158,82.20726495726495,8.187992646579822,743.8535078828456,0.9786227611278784,-0.07003394501319268,-0.17957524905714406,77
RETDD,15,16,21,1.837961396208393,8.0,45,150,False,5,17,False,1.3476955284056842,1.9176928062905478,242,125.91239316239316,11.056795012648973,1055.7872253486262,1.2533613810844686,1.7672990924829983,3.9678290731765227,124
RETDD,30,43,9,1.5695635814864923,0.0,60,450,False,6,16,True,1.56898280292497,4.490422534836053,144,74.92307692307692,11.643976854380494,491.97651885234745,0.9140028322719327,-0.17152000551617838,-2.299229347478036,88
RETDD,30,12,9,2.3502393241829775,0.0,45,900,False,4,20,False,1.2822887941373133,3.980511915807214,351,182.625,15.143276905876975,703.4442497482692,1.8130506776841322,3.5962825014911557,23.943696724315366,187
RETDD,30,20,13,1.4844915337663669,0.0,60,150,False,12,16,True,2.571021015414204,21.068670335334133,112,58.27350427350427,22.847529769447625,204.8728446585891,0.8495266048461885,-0.26195246476441075,-3.0020598333117317,68
RETDD,15,34,31,2.1919290928399366,4.0,30,900,False,10,15,False,1.0709400098555013,1.1027190041652835,638,331.9508547008547,6.353131016428935,1137.0216580721412,1.1019446667177424,0.4848308269319259,5.608046349604528,300
RETDD,30,21,21,1.4562857290676101,0.0,60,150,False,10,16,True,2.342605249275581,14.214205013610025,109,56.712606837606835,19.61782128997171,264.5283355015208,0.9258769699544886,-0.11724848086468055,-1.9641717504498353,66
RETDD,30,40,11,1.0618705106135355,6.0,45,150,False,4,20,True,2.0013548834750257,9.145861692120416,88,45.78632478632478,11.224477255088585,213.42384392567374,0.8992255011662211,-0.2071248603573261,-1.0524554167370432,50
RETDD,30,12,11,1.3161484553205876,0.0,45,150,False,10,20,False,2.0473964853843127,10.582860827689878,144,74.92307692307692,19.185268992975566,341.42206982829066,1.1390463249128746,0.27812265745472614,0.8292331615549181,87
RETDD,30,23,13,2.3989235125355357,0.0,60,900,False,12,15,True,1.3962760744555616,3.6163079427694536,250,130.07478632478632,17.106019912415316,917.7457524903355,1.4136149859691332,1.123642573814597,11.640337132166708,133
RETDD,15,25,9,1.4477553436521815,0.0,60,150,False,12,16,True,1.57145929234867,3.3378696925801905,168,87.41025641025641,10.02294789600506,541.7314931246167,1.7019718016746113,4.453342728179752,5.053353665781621,82
RETDD,30,29,13,1.7021040475159015,0.0,60,600,False,10,16,True,1.6357222413149668,6.528844397152887,190,98.8568376068376,18.46408473048589,543.2665162751837,1.6199801993123064,2.106522859077874,13.786241043453535,113
RETDD,30,18,13,1.500377317764891,0.0,60,150,False,12,16,True,2.5055600814043975,21.093768362493016,116,60.35470085470085,23.145465713495916,206.6464856458632,0.9096710639623645,-0.16791483412534913,-2.124205205213133,70
RETDD,30,18,17,1.523231970013973,0.0,60,150,False,11,18,True,2.3497928230264726,18.51182344026181,115,59.83440170940171,21.348988700839943,218.94819779193028,0.9374648697145581,-0.11411368257823161,-1.7316553381014905,68
RETDD,30,13,17,1.6988483227806315,0.0,60,150,False,11,15,True,1.9394774710804892,7.863126354837928,128,66.59829059829059,18.442663181833492,440.1253599635593,0.8295676652066573,-0.3063692746525578,-3.89522834989814,80
RETDD,30,29,8,1.2313632996982649,0.0,45,150,False,4,16,False,2.1392482617096427,8.801653929705097,106,55.1517094017094,13.67301050564206,293.08066641521987,0.9998575408150722,-0.000274317759912341,-0.36426449512633374,62
RETDD,30,17,13,1.9191706676084084,3.0,60,150,False,12,17,True,1.431999104037481,2.3792375621702204,126,65.5576923076923,8.89434576503882,643.1631604061497,0.8783490575266253,-0.28625048555427207,-2.6641272668731455,75
RETDD,30,26,15,1.1970384520490494,0.0,60,150,False,11,16,True,2.5780258847491386,15.415377256424996,102,53.07051282051282,19.46638763219642,241.01150312924165,0.9453710574076432,-0.09953288453934424,-0.9504070606249243,63
RETDD,30,23,20,1.964054775725471,0.0,60,300,False,12,15,True,1.8687673293510811,10.90962533420913,140,72.84188034188034,19.04342339011665,334.1414542475841,1.012706187134208,0.0187358403955749,-1.4721765681369807,80
RETDD,30,16,12,2.132462735122848,3.0,45,150,False,5,19,False,1.3646101673801998,2.2650444690902187,128,66.59829059829059,7.894036300653246,603.435885825337,0.8900746279573502,-0.23413365531639513,-2.72215922186897,76
RETDD,30,20,19,1.3967836101965696,8.0,60,150,False,10,18,True,1.8181596328037113,8.09584817387683,117,60.875,12.895069123510718,302.22603694159716,0.9306268134397998,-0.11879304009808166,-1.7241855347916153,66
RETDD,30,35,49,3.898676256170651,8.0,30,450,True,5,11,True,1.0482087928816406,0.30048288096896947,140,72.84188034188034,1.5715524862943844,714.211396889959,0.807317021288234,-0.6109031702544238,-2.5881493349771674,73
RETDD,30,11,11,1.6731934140264093,0.0,90,300,True,9,17,True,1.374486560417452,1.8010039266842768,97,50.46901709401709,5.607356834157966,537.645553516455,1.4012636540423535,1.4156632946367875,2.98210726014451,49
RETDD,30,23,22,1.9720676247189584,3.0,45,150,True,9,18,True,1.9290703806200493,8.197551708250518,77,40.06303418803419,9.456781925243712,203.7395144953623,1.1575775822856127,0.40068131527170125,1.2122915794633264,45
RETDD,30,24,16,1.6010541182124916,4.0,90,150,False,10,17,True,1.8288920546839644,5.115163771607115,92,47.86752136752136,11.176164728944274,404.6170253313692,1.1460031550823573,0.29464536857793994,0.6851668581049863,37
RETDD,30,13,9,2.1635032318849614,0.0,45,300,False,10,20,True,1.7532671250644036,10.125290214505242,188,97.81623931623932,20.5512739945435,372.09846354852607,1.4233875755624912,1.1951918427219217,6.382153103896839,113
RETDD,30,41,9,1.9872211289922508,0.0,45,1200,True,12,19,True,1.2435947478644698,1.706419510209258,123,63.99679487179487,3.801645394775153,432.8573472571212,1.1605690238396587,0.41053638746858373,2.1411849193064882,69
RETDD,15,10,13,1.9083504824566586,0.0,60,150,False,9,16,True,1.625980882109038,4.334094040760328,245,127.47329059829059,15.37302783964839,664.2944758973231,1.7145516303563317,5.697590072688133,9.766838246996038,126
RETDD,30,17,8,1.3761262561206293,0.0,60,450,False,11,18,False,1.5388470961177738,5.095608385648883,234,121.75,15.545451074755686,585.0120740461425,1.8798083553272364,3.1157228814469864,15.977648863043337,128
RETDD,30,20,26,2.088627850789732,0.0,30,300,True,12,18,True,1.306412952049468,2.028081148348132,83,43.184829059829056,3.2829231342405905,338.75860735660257,0.8331595278397951,-0.33440656383969336,-1.7899206408631363,49
RETDD,30,18,23,1.5830636889728344,0.0,120,900,False,8,12,True,1.5037320231095488,4.66819570098653,193,100.41773504273505,16.199796665373476,653.4042405115927,1.595489697490142,2.0725717322680275,12.458962390981444,90
RETDD,30,23,8,1.5005077963324043,0.0,45,450,False,12,20,True,1.5846645014056175,7.505126011391617,196,101.97863247863248,15.532589691491886,392.5136660295009,1.6113547424846837,2.2460042170436627,11.918830738850675,113
RETDD,15,33,9,2.493116972178193,0.0,45,150,False,10,16,True,1.2558931931077153,1.2220664627723592,180,93.65384615384615,6.913068180514757,924.2539936116766,1.5191783474362717,1.417685183673673,4.7443630566937625,87
RETDD,30,34,19,1.8900611573039199,4.0,60,150,True,5,15,True,1.9819785979694906,8.406882299056951,81,42.14423076923077,10.559689650778068,233.02047410792693,0.9267697224227608,-0.11821406452477294,-1.0568281412216847,44
RETDD,30,10,18,2.5315245584297275,0.0,45,300,False,4,17,False,1.6881333909706966,6.438826794124986,194,100.93803418803418,22.18657735352654,654.6454112571068,1.47252501052862,1.2899986890124322,12.31903940390778,115
RETDD,30,12,10,1.1503960220168428,0.0,30,150,False,12,13,True,1.2346383799599074,1.7875682667016843,249,129.55448717948718,7.650244958939014,753.9683596761536,1.134425028855454,0.6585631876993473,2.3520374640998596,124
RETDD,30,24,11,2.0922379506039905,0.0,60,1200,False,11,20,True,1.3482605222546569,3.3723969462462704,306,159.21153846153845,16.51610617200067,955.2660895649128,1.5494439972746146,1.9645609535906257,17.763071301920967,160
RETDD,30,16,22,1.095169448594891,0.0,90,150,False,11,15,True,2.1324342915435395,8.622591253926865,95,49.4284188034188,13.132079761521924,285.2945135711532,1.7065344762126746,1.4022596673272039,4.8193698543005,47
RETDD,30,20,12,1.2209005584142076,0.0,60,150,False,11,19,True,2.5956897029054806,16.942665194559144,115,59.83440170940171,21.47744593737419,240.10216504649816,1.010001808217212,0.01838830204745698,-0.6614577625954836,69
RETDD,30,13,9,1.0788323215313615,4.0,60,150,False,11,15,True,1.5845653636718633,5.455256100871512,143,74.40277777777777,10.24861307726905,328.0977060992054,0.9598567949521564,-0.08907734531201011,-1.1049213529174395,87
RETDD,30,27,14,2.440773729928081,0.0,150,600,False,11,19,True,1.4915897469326473,2.4682388790999905,109,56.712606837606835,8.492078815501628,762.1390673149441,1.6742523214786889,1.9798261841619538,8.978011283921873,48
RETDD,30,13,10,1.6332811232722222,0.0,60,150,False,9,20,True,2.0444129381998764,8.499002352293404,131,68.15918803418803,19.336732028176012,412.6446460282996,0.9003346851690325,-0.1899979417325084,-2.4623458093393715,83
RETDD,30,15,15,1.4479698283243339,0.0,60,450,False,11,18,True,1.588541641576727,5.81230301429121,222,115.50641025641025,18.595790893442064,619.9581557493879,1.7415141689205778,2.3782340502034045,15.450494812496967,128
RETDD,30,38,24,1.5664103184081728,0.0,90,450,False,9,15,True,1.6598533539505298,6.542618366826532,119,61.91559829059829,11.948255741779427,358.73272564010244,1.3194976523875401,0.6080539615468553,2.9704390014894657,56
RETDD,30,22,15,1.9030038299981442,0.0,60,150,False,12,18,True,2.2311738483547985,14.27258153681114,103,53.590811965811966,19.231007101277164,256.79635094351306,0.8914343973051427,-0.17536877436217377,-2.8473794317003955,66
RETDD,30,21,19,1.207767453234002,4.0,60,1200,False,11,19,True,1.2252743813376918,3.7278849633161824,429,223.20833333333331,12.236154591995996,645.2284178783561,1.3406553833034511,1.3437121146064117,10.538400435784016,211
RETDD,30,17,17,1.6925177232660862,6.0,60,150,False,10,19,True,1.7406928510688322,6.558192527907197,121,62.95619658119658,14.066817817764962,385.6381450830454,0.8728176907979918,-0.2284591720230404,-2.9319504190813497,69
RETDD,30,10,28,3.6283954158134337,8.0,60,300,True,7,20,False,1.3841269177213658,3.7000527322093126,135,70.24038461538461,12.299325106347482,602.2739605841684,0.8817756394706637,-0.18665978374578612,-4.384643970094677,74
RETDD,15,46,17,1.9893902615632661,4.0,45,1200,False,12,20,True,1.0896175304649445,1.4300595127663478,597,310.6185897435897,6.6437527496508135,937.2850336567292,1.1492453464853662,0.545542080228946,6.04532264571078,283
RETDD,30,20,10,1.2478446282471256,0.0,90,150,False,12,17,False,2.21023283850032,8.051932729955887,92,47.86752136752136,13.305982258223338,302.46970090768787,1.834492039092888,1.6713804031064214,4.814506202001643,40
RETDD,30,26,19,1.2179014229893483,0.0,60,900,True,9,19,True,1.5446384910444857,5.78565738357136,203,105.62072649572649,14.521567952159849,467.7660006995086,1.388682993785611,1.105753925442281,6.1184376481812714,109
RETDD,30,14,11,1.3428095341984738,0.0,60,150,False,12,15,True,2.1558638084358317,10.769791649960384,129,67.11858974358974,19.97993566771187,347.4505632143073,0.9915454422893918,-0.016492140891612026,-0.9436201405858332,76
RETDD,30,16,23,1.8278785620477707,0.0,45,1200,False,11,18,False,1.2512210441499396,2.4389139165799554,308,160.25213675213675,13.116306200953579,1086.5904286527907,1.4132750412660786,1.221372073630709,14.322542747382045,161
RETDD,15,27,8,1.901932325906655,0.0,30,150,False,8,19,True,0.9991880389677987,-0.004846303670412859,282,146.72435897435898,0.7739787282256434,1116.7839714162772,1.1835642039819374,0.8501918182894248,2.7136765422870743,136
RETDD,30,10,15,1.0001206538702132,0.0,60,150,False,10,17,True,1.5311097216671172,4.368012999944023,156,81.16666666666666,10.844078652111264,440.4031200202112,1.2043896494602804,0.3844390667386417,1.9320470210079561,101
RETDD,30,36,11,1.1216433014887908,0.0,30,150,False,12,16,True,1.6616582649486806,4.591680263555185,150,78.0448717948718,12.669117544806873,504.1107323957699,1.131290505836859,0.3940701247663914,1.41516657052712,76
RETDD,30,28,8,1.5633788085989455,0.0,60,900,False,10,17,True,1.3194562886915973,2.532512116043676,272,141.52136752136752,12.430552057463018,913.0119459072021,1.746730747102793,2.7531455804063683,16.714337185052504,141
RETDD,30,24,18,1.903556643611151,0.0,45,150,False,10,19,True,2.079491201832373,12.488098237051164,102,53.07051282051282,17.08396575037471,262.0216250764214,0.8150225851687677,-0.3186726060561695,-3.095442903849495,61
RETDD,30,25,11,1.2833545571410694,0.0,60,150,False,10,19,True,2.6433103072891,16.03958498301106,103,53.590811965811966,20.453195094536195,240.96827506187128,0.8269040550724206,-0.3246383491481993,-2.3764550893247494,65
RETDD,30,16,15,1.5091505309861086,0.0,150,150,False,11,18,True,1.2229943938232413,0.7497652993038406,79,41.10363247863248,2.575225738258673,726.2162154054131,1.168809184308774,0.3550682076931368,0.5498322886523789,26
RETDD,30,22,9,2.273136429004518,0.0,90,150,False,9,20,True,1.8365336465445046,5.433544971996147,88,45.78632478632478,10.735061723080083,374.44500616735786,1.34299455461624,0.592829999653617,2.05714568146968,39
RETDD,30,33,16,1.515885978744288,6.0,90,150,False,10,19,True,2.0306702571683775,6.366071561223209,77,40.06303418803419,11.045403544934292,314.88756943398084,1.8792567136441105,1.6876291111765744,4.307187725235179,30
RETDD,30,33,12,1.1030667453657232,0.0,60,150,False,10,20,True,2.1571601550455326,10.646859548348266,95,49.4284188034188,13.490100748210265,229.27479296705815,1.1456460000929871,0.29661079772994603,1.0556968495792776,56
RETDD,15,22,27,2.124998649685769,6.0,60,450,False,11,20,True,1.3242712296310928,2.3165370474419427,305,158.69123931623932,14.64544439252272,1139.7436386807508,1.5609186613254877,4.714067083006773,12.406702361849936,155
RETDD,30,24,17,1.3605746014593278,0.0,45,1200,False,12,19,True,1.4068583583084897,3.8953060367101795,305,158.69123931623932,16.8704670963359,872.4454973167517,1.7591238527561766,2.43153433759491,20.110852596202797,152
RETDD,30,15,12,2.3814000925918593,6.0,150,150,False,4,20,False,1.0499165181531478,0.16871117913041483,79,41.10363247863248,0.5283781491041735,851.5444020926137,0.6953595967723342,-0.5557932297148197,-2.439948865611021,26
RETDD,30,24,11,1.6775716209713136,0.0,45,300,False,11,19,False,2.0752191550904318,11.875395307138353,147,76.48397435897435,22.444581875484737,357.274509850035,1.1523021391933805,0.27116652218657195,1.2992493104615412,86
RETDD,30,16,10,3.2847086170775115,3.0,30,150,False,4,18,False,0.985547567438388,-0.07825198196765536,227,118.10790598290598,0.4814653321911315,1336.5154140719767,1.079156120331716,0.4979412163609108,2.3804634822775657,111
RETDD,30,33,18,1.3533464485918216,0.0,45,150,False,10,19,True,2.3562308549287048,16.603372003518075,93,48.38782051282051,16.02886012254195,184.6437055830213,0.9948274309248146,-0.009217305000256198,-0.31472807853889284,54
RETDD,30,32,22,1.8966783975947012,4.0,60,150,False,11,12,True,1.9985536651642293,8.991329679887318,96,49.94871794871795,15.071123462691165,296.7817080614718,0.6824917417712887,-0.5156316347582479,-4.711796494998525,55
RETDD,30,36,8,1.034178764745902,0.0,45,150,False,11,17,True,2.0166592674223556,8.821123726106356,96,49.94871794871795,10.80465158333726,221.27134162290963,1.1015097963466072,0.2051277215298366,0.5770285977528867,55
RETDD,30,12,9,1.4468537684796852,3.0,60,600,False,12,15,True,1.1716481318650425,2.4679730389026844,358,186.26709401709402,6.909823806543184,578.1254434801417,1.778212299227403,5.471145520839567,18.25436458608916,194
RETDD,30,14,10,2.612986243833974,0.0,150,300,False,6,19,False,1.3382062982218903,2.0371738708573006,106,55.1517094017094,5.62192251957225,557.1878303217716,1.493847713601964,1.8226438076906046,3.8975336675842356,47
RETDD,30,27,17,1.3709033868684588,0.0,30,600,False,12,19,True,1.337535597710893,3.9164592134800977,313,162.85363247863248,15.366814687056166,775.6695933812596,1.4400360083206194,2.0710733197467803,12.921018570996594,160
RETDD,30,39,8,1.4672435297221247,4.0,60,900,False,7,15,True,1.2967482019649774,3.8918671673926295,266,138.39957264957263,10.20102215503868,490.6314776567542,1.3231480899623251,1.0693553447740247,6.3165640855642975,142
RETDD,15,32,48,3.402963293700786,3.0,45,900,False,11,19,True,1.1869582671766103,3.6464899480097017,535,278.3600427350427,16.23409448738991,810.8596271047286,1.2942164591939802,2.425586260791095,15.784260670164866,240
RETDD,30,26,18,2.1065797524682086,4.0,120,600,False,6,19,False,1.3201662636479625,2.4028188611715158,156,81.16666666666666,7.370891442607029,641.4753498365326,1.2779912937143179,1.2738295700014013,4.6791004067799875,74
RETDD,30,25,34,1.6955522481956118,0.0,60,900,False,11,17,True,1.252476147283548,1.9733416371454018,221,114.98611111111111,10.26111531724104,1030.572746426948,1.1841594244212574,0.47353632894014897,5.31193801726347,109
RETDD,15,44,49,3.5073009506628594,6.0,30,900,False,11,14,True,1.2073440421424257,2.971440390323963,425,221.12713675213675,18.377254005736518,1111.4124333821517,1.2102218198907067,1.4192729435608826,12.535988437586214,210
RETDD,30,16,8,2.040796006225688,4.0,45,1200,True,11,14,True,1.3234384672878086,2.1853776955398785,109,56.712606837606835,4.920604060192387,387.21126936711335,2.6658774150930733,13.702270189719332,7.860976715922702,66
RETDD,30,21,10,1.013458076967606,0.0,60,150,False,11,20,True,2.131842205444827,13.68996810500556,116,60.35470085470085,15.67461099633398,205.82917772485234,1.0156514191910735,0.025640097031920762,-0.5451558792198411,71
RETDD,30,46,19,1.7951695379007147,4.0,60,150,False,5,16,True,1.829264795427764,6.058221305311411,77,40.06303418803419,10.341914174239214,298.9501439027472,0.8874050569578513,-0.19975073569491564,-1.1895151739042749,44
RETDD,15,25,17,1.0445197020536976,6.0,45,150,False,10,20,True,1.1157725651418648,0.5875112102251803,235,122.27029914529913,3.0141225881235156,873.2225029837589,1.2513519673211737,0.8043388507061199,2.210210843779212,106
RETDD,30,25,24,1.151454863013309,0.0,45,150,False,9,20,True,1.9198229856722544,9.212174959975235,102,53.07051282051282,12.581820515160437,246.46316572923138,0.7855514584588101,-0.3800565299840868,-2.7043544523651915,63
RETDD,30,14,13,1.3114755755022216,4.0,60,150,False,12,20,True,1.729266226910888,7.0107474334335755,133,69.19978632478632,13.293540737136286,340.3654574830937,0.9276241636863617,-0.14492006445136044,-1.6781484224371523,77
RETDD,30,11,26,1.338793578709708,0.0,45,900,False,12,14,True,1.3127024551449522,2.7701739935407406,334,173.77991452991452,14.977254675394448,1126.658314734175,1.4381991633209819,1.608975021304656,13.139338642571463,164
RETDD,30,27,19,1.2132268049715191,3.0,45,150,False,12,20,True,1.7737756250286119,9.475795364194203,108,56.19230769230769,10.168062221200628,193.81243786901246,0.9441666634712595,-0.13163786616043385,-0.7556680693906888,64
RETDD,15,35,34,1.5513994829494184,6.0,30,1200,True,8,19,True,1.1215479520023206,1.362035613366961,508,264.3119658119658,10.235336319840446,1187.9163293714619,1.4649771191995082,2.6490357069871386,16.94600939999636,241
RETDD,30,33,23,2.026717994289844,8.0,45,150,False,8,20,True,1.7424627812700852,7.138936864346827,90,46.82692307692307,10.71976097879388,272.79332847492356,0.8789886508837421,-0.19116907871979888,-2.0334487430465553,52
RETDD,15,23,37,3.9113621620313643,4.0,90,600,True,5,12,True,1.490021969299135,2.4763068756309448,131,68.15918803418803,8.036794948197993,611.9825488299828,1.547587500155545,2.4765546030404133,4.009445404901553,64
RETDD,30,25,14,1.7605294943171685,8.0,30,1200,True,12,18,True,0.996151154352703,-0.0268996529121744,164,85.32905982905983,-0.8208364364318999,685.6935650722769,0.9463430423688736,-0.19611011434284328,-0.7720575285506168,93
RETDD,15,23,10,1.1539502962177026,0.0,30,150,True,4,20,True,0.8168995149876833,-0.530781097622224,263,136.8386752136752,-4.315471856438356,1950.7148888811478,1.150267424124426,0.6019559640928943,2.153773733446744,120
RETDD,30,16,15,1.334660091850842,4.0,45,150,False,9,16,True,1.7311462381887068,6.776507399103479,128,66.59829059829059,12.894187373161582,345.6078448638068,0.9392293044734034,-0.11494539300494157,-1.5882512382407072,72
RETDD,30,21,24,2.4958809244765043,6.0,45,600,False,7,19,False,1.3404573143675882,3.2070289298578705,223,116.0267094017094,13.587209060803792,835.0151723205738,1.3616431274445269,1.1608280767770676,9.003355097608425,114
RETDD,30,32,10,1.0263303400882011,0.0,60,150,False,12,20,False,2.1002888676773948,11.329401155546547,98,50.98931623931624,13.251056429297611,206.4754675077461,0.9556472301538977,-0.07476153665526311,-0.6309325167779538,59
RETDD,15,18,11,1.5509788971010623,8.0,120,150,False,4,13,True,1.6363731767656564,3.1716715179380004,98,50.98931623931624,6.430757593870054,372.4337425560109,1.1962578510738342,0.5171903553320879,1.6285215875538235,60
RETDD,30,16,16,2.382900481664877,0.0,120,300,False,5,19,False,1.7990434126136172,5.782059126364707,114,59.31410256410256,14.795871064040256,513.5499547225269,1.0471724614415332,0.10986534840323582,-0.3911170904725778,59
RETDD,30,32,13,1.0095639476566416,0.0,120,150,False,11,15,True,1.602726758356387,4.470449048355088,81,42.14423076923077,6.476620142145528,276.3594333598285,1.7338839650327422,1.4467712685754108,3.0206028244275447,32
RETDD,30,14,14,2.014108334103754,0.0,60,1200,False,12,16,True,1.3925237290524208,5.590709302217416,353,183.6655982905983,21.34169003657932,746.1333381521242,1.695129825126022,2.7013549813569866,24.059855126306893,182
RETDD,30,30,10,1.0804647891026928,0.0,60,450,False,8,19,True,1.6258595085319199,8.016722565308454,187,97.29594017094017,14.16508822198255,328.38638573094295,1.167579457629135,0.31760047450307727,1.4609839091079166,108
RETDD,15,27,40,3.220398136157199,3.0,90,600,False,8,12,True,1.4917770976442133,2.868934588393572,247,128.51388888888889,16.599474526518332,1053.5776960989972,1.4309064895882913,3.6548839797557076,9.701564165750561,134
RETDD,30,10,14,1.274887021385474,0.0,120,300,False,12,17,True,1.800708137186962,6.6291970622122065,143,74.40277777777777,14.172022465165028,432.24525562203644,1.3065312295543485,1.0007022147260551,3.2023192147362707,80
RETDD,15,28,10,3.197812422281216,6.0,45,300,False,4,20,False,1.3930488741809646,3.8096395029139156,284,147.76495726495725,14.638396300936652,685.7577695638238,1.6045503091356366,2.9946291203827307,8.967814926900974,146
RETDD,30,28,16,1.688273743004201,8.0,30,150,False,11,19,True,1.2927111256575843,1.8018588653446341,166,86.36965811965811,8.58986576732326,852.014371609851,1.1673702434037914,0.609170082359013,2.568436770862693,83
RETDD,30,32,10,1.8814640469266894,8.0,60,150,False,12,20,True,2.0969640532242018,11.127900524157834,94,48.90811965811966,14.430282658577667,236.58413688817723,0.9248996015925044,-0.13439757261783628,-1.270186955422918,55
RETDD,30,20,16,2.779509335827555,0.0,45,150,False,9,18,True,2.1711207708096927,10.975606130870522,106,55.1517094017094,21.184807808614583,370.5725152035584,1.3373073405396225,0.7265751187377563,6.794298907208157,64
RETDD,30,39,18,2.167817113711747,0.0,45,1200,False,11,20,True,1.2696326201944699,1.7026223202557118,222,115.50641025641025,10.490526108086415,1184.8466767841205,1.259445092793543,0.6584058618266926,6.143290440549304,117
RETDD,30,26,22,1.3209695491177584,0.0,150,300,False,10,13,True,1.2882998016794394,1.5149389024208937,93,48.38782051282051,4.051522065973059,518.3174745140154,1.5081431907667806,1.1248642352492908,2.5559191996810045,29
RETDD,30,40,17,1.6990632219827448,8.0,45,1200,False,9,19,True,1.2734328794202776,2.0318156706691712,247,128.51388888888889,11.23838328906703,1023.12053402316,1.2646103352838811,0.6849417202239405,6.605249083859231,132
RETDD,30,28,15,1.101682247817683,0.0,45,600,False,11,16,True,1.5482830229368822,5.980612760270515,215,111.86431623931624,14.571945138703299,483.3405588786686,1.5070343259431416,1.086725789355044,7.9736869168829365,121
RETDD,30,19,10,1.8860763619617966,0.0,45,150,False,10,20,True,2.1867132711422457,14.167056848873766,114,59.31410256410256,19.585128511662028,254.54662691301837,0.863709184966368,-0.23625775214060887,-3.1508553575543385,70
RETDD,30,19,16,1.8583688821591466,0.0,45,150,False,4,20,False,2.2109945021901223,13.39944421977033,111,57.753205128205124,20.150656900860813,286.50598426969805,0.894370877104904,-0.18481587328676957,-2.6597097763597524,67
RETDD,30,30,8,1.1995171116575383,6.0,60,150,False,9,17,True,2.0114024583799694,10.959009800771321,106,55.1517094017094,12.167757993476625,208.14957882870954,0.9878255639208624,-0.02308299793182635,-0.47634138972835605,61
RETDD,30,35,19,2.0593777393403516,0.0,45,150,False,9,17,True,2.1369962223538,10.376240887161838,88,45.78632478632478,15.184476827432858,275.0072055386411,0.8319058556208591,-0.25962264652848005,-2.670095602994991,51
RETDD,30,26,27,1.6316083188818724,0.0,150,450,False,12,18,True,1.415208801115654,2.0503808426389174,96,49.94871794871795,6.238540222608332,631.9144128716528,1.648803852413704,1.7171911058808518,7.402693434322877,40
RETDD,30,24,13,1.7089310393866075,4.0,90,150,False,5,15,True,1.967231330828507,5.463906318669776,92,47.86752136752136,12.765810167548732,430.3969564330441,1.0027279421850257,0.00576846648246976,-0.28576895740323904,37
RETDD,30,32,15,1.131842726222164,0.0,90,900,False,11,20,True,1.7375224931153546,5.435616944967792,197,102.49893162393163,18.674888494930695,649.2426708129728,1.885758632278932,4.24993484893981,12.702945122045438,99
RETDD,30,27,12,1.4687312911794201,3.0,60,150,False,9,18,True,1.7017958429225437,7.734424069087928,108,56.19230769230769,9.833389658610853,231.6296859097281,0.8712663640165694,-0.2797300399146202,-1.8719153663413737,66
RETDD,30,16,8,1.8129690200888757,0.0,30,150,False,7,15,True,1.082203141891421,0.4342330263319186,222,115.50641025641025,3.452973459066624,1196.8363391225964,0.9852395179027791,-0.046681103381782225,-0.6502665949609985,107
RETDD,15,27,27,1.893665768109747,0.0,90,150,False,9,19,True,1.319032623136269,1.3489349394443293,95,49.4284188034188,4.004345024861984,606.565512730298,1.9401413908850909,2.981558471964081,5.385007905814652,46
RETDD,30,21,10,2.242539906211186,0.0,90,450,False,12,14,True,1.8901293186896766,11.799007536323472,142,73.88247863247862,17.591389056149357,278.0482410753807,2.092802998250176,4.334977548142437,16.74048555845647,82
RETDD,15,35,8,1.1043896578497885,4.0,60,150,False,4,15,False,1.3866020720438943,2.327082911690669,155,80.64636752136752,5.61671449985356,433.2551510196595,1.4392887342780647,2.0875575826307324,3.3988775358079493,84
RETDD,30,21,10,1.4863524209377912,3.0,120,150,False,10,13,True,1.3448901279802274,2.9520710954967275,87,45.26602564102564,4.29957760490992,271.1390275069882,0.7961603561166375,-0.4732763910786209,-1.8099957879834498,37
RETDD,30,39,9,1.9775775876694146,0.0,60,150,False,12,14,True,2.152345120551355,10.28234820480757,83,43.184829059829056,13.60149048987012,241.8818800926315,0.7376170640905189,-0.42485097707224556,-3.3357305488260534,50
RETDD,30,58,43,2.044373847590732,3.0,45,450,True,4,15,False,1.36296544577256,2.335504103289963,105,54.631410256410255,6.869646509900428,532.0739670111852,0.9975118417265918,-0.005433327542270773,-0.5046227605531952,51
RETDD,30,20,12,1.0917453688310799,0.0,45,1200,False,7,15,True,1.5127885137195933,5.3271033455674495,372,193.55128205128204,21.648754420731354,799.1802748644552,1.4785053551421454,1.612167484893422,13.231084896404369,186
RETDD,30,13,8,2.5309872555165533,6.0,45,150,False,4,20,False,1.518291694599611,5.150659281844781,137,71.28098290598291,10.78716825684581,384.0400000000002,0.9173753391334649,-0.15303307593283647,-2.032890914273742,83
RETDD,15,56,12,1.40037304599046,3.0,120,900,False,10,13,True,1.2175417162569233,1.9198076337290613,237,123.31089743589743,4.936293222192862,501.0783562842529,1.23992142917301,0.8241764634226659,2.958778503540154,120
RETDD,15,46,30,1.810433128586793,3.0,30,900,True,12,20,True,1.0928981437120562,0.3977863672116224,191,99.37713675213675,2.3944254152555757,1148.4094597842818,1.4443954002415484,1.8161220585078326,7.415212359318396,104
RETDD,30,18,35,2.982625577947976,3.0,30,600,True,10,11,True,1.517129742460575,2.152701412503024,94,48.90811965811966,4.256004369728463,377.28624778078097,0.8727917432018716,-0.3361633426912114,-1.0481731916729968,56
RETDD,30,41,25,1.5374745812627166,0.0,45,900,False,11,18,True,1.3203595334632017,2.1089653068139023,186,96.77564102564102,9.216138107947904,887.9836742773975,1.112405964077299,0.2447876825251239,1.6893219048741734,104
RETDD,15,29,21,2.3987195779170976,0.0,45,150,False,11,20,True,1.300661959698198,1.2808298728179706,176,91.57264957264957,8.940705895702237,1189.590888779268,1.5985056154292066,3.836566501643906,7.303192886949933,87
RETDD,30,22,8,1.2459393759019708,0.0,45,600,False,9,20,True,1.5474114290965078,4.584212338594645,244,126.95299145299145,15.422479637385782,654.813616181907,1.478058078246139,1.3509566560058321,8.052038475177497,135
RETDD,30,17,14,2.0440899394566436,0.0,120,1200,False,5,20,False,1.5484825566814024,6.176545636780484,217,112.90491452991452,17.77763554626879,560.7913385490906,1.622016028576945,2.255917617396146,15.125520939910475,110
RETDD,30,10,14,1.2162515960733635,0.0,45,600,True,11,15,True,1.753474718178715,7.615891499938517,97,50.46901709401709,8.641282734810297,209.78430736162704,1.7062817150462144,3.2468477979505246,3.729730890653923,63
RETDD,30,11,28,3.1554770044994473,4.0,45,150,False,4,20,False,1.2751778867364614,1.375752999170302,145,75.44337606837607,9.517273983218791,1159.8628148743107,1.0532196588019578,0.18329079300262724,1.3579197857412861,83
RETDD,30,21,9,1.107837866979482,0.0,60,1200,False,11,17,True,1.4058302199877077,4.349597702830714,386,200.8354700854701,17.736790606323627,780.3735165751839,1.5339506858024123,2.0086292602561144,14.450177121443556,192
RETDD,15,36,41,3.615892258945973,0.0,60,150,False,11,12,True,1.6567977837386536,2.9792154554963894,115,59.83440170940171,14.126996256200059,876.7168140483745,1.1790207988408303,0.6075004699001899,2.9927971002584286,64
RETDD,15,48,12,3.805061375603608,4.0,90,900,True,8,18,True,1.3456899275922694,2.9397086231444103,197,102.49893162393163,10.55842035349891,621.8199999999995,1.808106020940209,5.816401194505024,11.05047475133701,90
RETDD,15,15,17,2.445160786786137,0.0,60,900,False,4,19,False,1.359100796062484,5.36428704969379,478,248.70299145299145,20.93706974291972,722.6816740812064,1.7027929701461744,5.240475618769882,27.534842832791085,244
RETDD,30,23,9,3.539605192234146,6.0,30,600,True,8,13,False,1.1180074982262393,0.8825489940418888,216,112.38461538461539,5.072045718035413,1177.053149658217,1.5856755877891218,4.848693702282982,13.173503083077724,105
RETDD,30,25,16,1.252737973637495,0.0,60,150,False,12,14,False,2.5769069405415146,14.293241168790255,102,53.07051282051282,19.441751763920177,259.4250829245548,0.9055697872493256,-0.17337150316711333,-1.3805763602140537,62
RETDD,15,53,21,2.5232453729925792,8.0,90,1200,True,10,15,False,1.6471273730911054,4.677023968120793,112,58.27350427350427,11.799891492187498,464.19070357638725,2.153255838600849,3.3364963798513334,13.818163972801525,61
RETDD,30,25,13,1.5801682850411811,0.0,45,150,False,10,18,True,2.505890716594961,17.86826131160904,100,52.02991452991453,20.37302701212715,215.10240511851543,0.7705612580283019,-0.42159644253112083,-3.4707946979017414,63
RETDD,30,17,19,2.3805014186818796,0.0,45,150,False,4,20,False,2.0775030439655366,14.676866291078182,113,58.793803418803414,20.3420274347569,263.84327369741413,1.285027056644108,0.6682972897822902,6.336036756545003,68
RETDD,30,35,16,1.2370518457866968,4.0,90,300,False,4,14,True,2.075410547468786,10.01479786676345,117,60.875,15.616780058664826,277.36395828353943,1.481181477277377,1.066595672673855,3.4712784443990348,52
RETDD,30,28,9,1.1671107942988068,0.0,60,450,False,11,14,True,1.6414969030136441,5.944874524047856,189,98.33653846153845,15.097399353901178,482.7575742066301,1.1308642110428866,0.27976049873997405,1.0930099003247546,109
RETDD,30,43,26,1.4684544277435887,3.0,45,450,False,10,18,True,1.340610984079933,3.4569940765487237,170,88.45085470085469,8.47632291980333,454.49678969486786,0.9816310357547354,-0.03410505838439273,-1.2286431088405385,90
RETDD,30,26,11,1.6782939534798338,0.0,60,150,False,10,18,True,2.6102514407162687,17.623484701933947,99,51.50961538461538,21.337368433299112,226.9791758220922,0.7355642537798189,-0.4652492609551034,-4.025405893256626,63
RETDD,30,24,12,2.0148145760606333,0.0,60,150,False,10,16,True,2.2802473393353684,13.629639306249995,103,53.590811965811966,19.589091516347715,271.6564187187969,0.7904533072233644,-0.3438192695197769,-3.8219029329658825,63
RETDD,30,23,17,1.7720757358843144,0.0,60,300,False,8,19,True,1.9205323703283972,9.796465402987058,144,74.92307692307692,20.115829855717564,395.665775496067,1.130108459788025,0.1934514020514343,0.679934363340704,80
RETDD,15,48,8,1.2834509318709024,8.0,45,300,False,6,17,True,1.5868442939102654,6.434630199621384,263,136.8386752136752,15.523835078995914,446.6899600108345,1.2316885135069187,0.6454841995586357,2.494709654253896,127
RETDD,30,10,11,1.399821689528836,3.0,45,150,False,10,20,True,1.3564698871680858,2.755634496383232,164,85.32905982905983,7.9544492449514435,516.8245891058596,1.2608187394823187,0.873032849694809,3.1537578853805788,98
RETDD,30,14,11,2.778001706523794,6.0,45,150,False,9,16,True,1.5874699038475626,5.4589653563205776,127,66.07799145299145,13.307259923824695,439.06999999999925,0.7237589409763588,-0.4567672807647448,-6.129420931110059,75
RETDD,30,20,11,1.9555793174243203,0.0,150,900,False,12,19,True,1.4529488042152494,3.3585519231341103,163,84.80876068376068,10.302591753351408,638.3502381337752,1.7520934747553005,2.5941262221076498,12.642324210469992,74
RETDD,30,30,19,1.4096193047601604,0.0,90,150,False,8,16,True,2.2900596209127553,8.76101484236729,84,43.705128205128204,13.922641700379204,314.0066744389278,1.7799834949772233,1.3878392226485259,4.335986480102281,34
RETDD,30,10,9,1.2135753965042015,0.0,60,600,False,11,16,True,1.4894716873997964,5.626568988401207,324,168.57692307692307,18.682227842105892,624.7775919261096,1.5734467691517902,2.31224091917411,12.493423749548684,183
RETDD,30,35,19,1.9239979420777693,3.0,45,900,True,12,15,True,1.2932779789589417,1.8402372393768096,85,44.225427350427346,3.1482171102069962,315.5320014853669,1.9575119898817877,2.809477931230747,4.1930560032127255,47
RETDD,30,15,16,1.7997644634810253,0.0,60,900,False,11,19,False,1.3664664779924522,4.1423075299342935,290,150.88675213675214,16.15150231601808,783.8080989199888,1.7350186864441992,2.6362143061087027,20.998043815223227,152
RETDD,15,57,23,3.9933323503959617,4.0,90,600,True,11,19,False,1.9564744982312643,5.309489325044089,85,44.225427350427346,11.970909066640615,413.03952416577613,1.3320877971103433,1.1560307380231463,2.5010647045201684,45
RETDD,30,59,25,3.541249478623605,6.0,60,600,False,4,17,False,1.1616938441430074,1.0033376137909018,123,63.99679487179487,4.272667566737152,816.3473491561022,0.8729954171465059,-0.3277021032308199,-2.2104322451809013,68
RETDD,30,33,13,1.929368584031764,0.0,150,300,False,8,20,True,1.3141583614750016,1.8755475299929807,84,43.705128205128204,4.252295303923519,458.8854618055749,1.2107152845101563,0.39173102553082545,0.8830724151161594,27
RETDD,30,24,14,1.7350353084352705,0.0,45,150,False,9,17,True,2.416592980187301,16.31504843367427,102,53.07051282051282,20.239821719992825,234.4727040451753,0.8381795467701371,-0.2813767088386166,-2.7519389484464907,63
RETDD,30,52,48,2.5580045033186316,6.0,60,1200,False,5,11,True,1.1651813336520374,1.5225264272273062,168,87.41025641025641,7.918981933166864,978.0999115368768,1.1304947815664628,0.470371650967183,3.24860089043797,77
RETDD,30,13,30,2.0495008144992544,8.0,60,1200,False,11,18,True,1.2523821778738253,2.5926401112658426,333,173.2596153846154,15.855831583027257,1215.7870728643343,1.3842146154424986,1.3302502467319843,16.543529406752647,170
RETDD,30,40,9,2.6241657005978,0.0,30,300,False,4,20,False,1.2977354298732586,2.086714528461212,183,95.21474358974359,9.76489309111037,875.1332738437025,0.9850774827680524,-0.04139197925869433,-0.4842708572478305,102
RETDD,30,19,17,2.5745849065016886,8.0,30,150,False,6,20,False,1.2645791803302016,1.8190113722925896,184,95.73504273504273,9.634389560132952,965.9994854227177,1.2892087665779932,1.6476551153349688,8.236257453575245,93
RETDD,30,33,12,1.1888166381907592,0.0,45,150,False,10,20,True,2.6903047596436385,20.344443142017813,93,48.38782051282051,18.35841378882519,171.2653083853586,1.08003982497576,0.15743484212248707,0.506645858026971,56
RETDD,30,21,30,1.1115483176447891,0.0,45,1200,False,5,20,True,1.2866336611151437,2.5398378161619988,325,169.09722222222223,11.654703318274944,966.548066083885,1.173077798091841,0.4236396318073213,4.035346022689266,155
RETDD,30,17,13,1.0505088029765433,0.0,45,150,False,6,14,True,1.9717918484723698,9.585243314648931,123,63.99679487179487,15.220685263719965,283.4721695540534,1.1315573886786867,0.2691292322355579,0.8851352609064667,73
RETDD,30,32,19,1.4167455421787718,0.0,120,1200,False,11,18,True,1.7761929121624478,6.36719246366536,176,91.57264957264957,18.75544226522728,581.320981466039,1.7555117683797308,2.183111617780837,12.675270754361243,85
RETDD,30,20,11,1.151775954083935,0.0,45,150,False,9,18,True,2.17323756050519,12.352848682591588,116,60.35470085470085,16.826398721172907,248.0794248194045,1.0177725771959694,0.03380365001801499,-0.5662827494893963,69
RETDD,30,12,14,1.7447557882988733,0.0,60,150,False,12,19,True,1.9343578896846791,8.267386160481479,138,71.80128205128204,18.9134579965067,429.01479496401134,1.0579467836730483,0.1022318261137415,-0.273227604651685,85
RETDD,15,20,14,3.2552317346992004,0.0,60,300,False,10,17,True,1.4272206797144402,3.0433891231748817,237,123.31089743589743,13.17265122966119,807.9958047291391,1.851297304770781,6.406226459964291,11.679670901777051,124
RETDD,15,38,29,2.9374650287007418,6.0,30,450,False,11,10,True,1.2334003813238386,3.0632573524269646,376,195.63247863247864,16.044210157467337,959.3236730073277,1.4200247945695628,2.854470908766718,14.397301691797445,178
RETDD,15,17,33,2.2666791573544667,4.0,60,450,False,6,18,True,1.1812001777981973,2.5890150024388596,374,194.59188034188034,9.34056949420859,692.5699785401264,1.5019356118174976,5.275489227419483,14.378696664249315,184
RETDD,30,33,11,1.826251457011026,4.0,60,150,False,10,17,True,2.1267615805299935,10.857089292463991,95,49.4284188034188,14.84425493548689,245.7864492976173,0.7878800190292389,-0.3681972592731089,-2.9748135996736877,56
RETDD,30,25,24,1.2446561282843165,4.0,60,900,False,4,19,False,1.180125274360474,2.563821535423217,323,168.05662393162393,8.072284125460367,606.6548983397881,1.2093385099807419,0.6104554796769849,4.632491916365173,161
RETDD,30,35,14,1.1041922341947268,0.0,30,450,False,10,20,True,1.5198898962213987,5.270222115963576,258,134.23717948717947,17.370782136417464,626.6348027526421,1.28451114730941,0.8799063702866204,5.778919693667065,136
RETDD,15,24,11,1.0132575531466494,0.0,45,150,False,8,20,True,1.0452864130551534,0.2393694280029101,240,124.87179487179486,1.223895669150839,813.272556499086,1.1992353611067073,0.36876722713908316,1.245901928362833,108
RETDD,30,29,10,1.3160094540688823,0.0,45,150,False,10,18,True,2.2569731565427262,11.941773311857034,102,53.07051282051282,16.057829107047024,249.78694312720563,0.8902640994114062,-0.20304561235875304,-1.5982959696132677,62
RETDD,30,30,18,2.234030000790853,6.0,45,150,False,12,20,True,1.8111102840277944,7.841886931712363,97,50.46901709401709,13.15014158977392,300.79097137671033,0.8108203607319974,-0.29375296026581826,-3.423803318062288,57
RETDD,30,14,15,2.6485943594112564,3.0,90,150,False,4,20,False,1.697812284442493,5.105175209298658,104,54.11111111111111,12.399501064736587,420.5174104950436,2.0319563567960537,2.2014761866488253,8.85035758974494,51
RETDD,30,32,21,1.7097077365855187,0.0,45,150,False,10,20,True,2.13633128343831,12.251120119234406,92,47.86752136752136,14.95726139047734,232.49756995073062,0.7921227845136116,-0.3482363739963714,-2.941577874295056,53
RETDD,30,29,17,1.382488454246491,4.0,60,450,False,4,14,False,1.390722209737452,4.8697191930032,203,105.62072649572649,10.960808660179936,435.11534895966054,1.219230782674932,0.7187020252247789,4.159258390026024,108
RETDD,15,41,13,3.794262576642595,8.0,60,450,False,6,13,True,1.4348181395252009,3.370135101993266,229,119.14850427350427,12.760514121818037,758.3599999999981,1.8632033127345247,7.39758481325975,12.761886970371341,122
RETDD,15,23,30,2.674226618979732,0.0,45,1200,False,5,20,False,1.1950800752180735,3.2214143276696654,467,242.97970085470084,14.331979232047214,896.9497355622916,1.843141598864422,5.977654682171492,36.144825374404256,218
RETDD,30,26,23,1.9991975356565677,3.0,45,300,False,9,17,True,1.52654829864476,6.6375123470330255,161,83.76816239316238,13.184598968895582,351.083956334817,1.1583323239854955,0.4201613934705095,2.067520372851967,86
RETDD,30,11,8,2.5374366630085428,0.0,120,150,False,8,15,True,1.365108396262747,3.0594109873928574,100,52.02991452991453,4.944111379515297,317.65199475070904,0.9913541524445098,-0.017165644266518176,-0.7585046048759135,49
RETDD,30,31,12,1.1529259689192015,8.0,45,150,False,4,19,True,2.0611677986257178,14.291608864092874,101,52.550213675213676,13.13668646396477,166.22633839466312,1.0178386935767174,0.03316387802013953,-0.1430621724634212,58
RETDD,30,41,34,2.462452596329849,0.0,30,900,True,12,15,False,1.3682362945930016,2.036890958340397,96,49.94871794871795,7.301299176570819,759.78457708792,0.918724495470486,-0.15345764114900406,-2.3013606074557025,52
RETDD,30,51,17,2.6383879903086895,0.0,90,900,False,9,15,False,1.507308348336724,2.801842110258172,117,60.875,11.58573082217124,782.564244768522,1.8435275234445736,3.706780849592026,10.355308158825414,62
RETDD,30,39,13,1.6996911040071723,0.0,45,150,False,12,19,True,2.332507416808855,14.816798275698,82,42.664529914529915,15.246258252988518,194.11569687897077,0.678377694451839,-0.5396166407636692,-4.140292134267317,50
RETDD,30,37,44,2.8485812618646125,8.0,120,600,False,4,13,False,1.415872327707326,1.5310875058094116,99,51.50961538461538,9.918742326804532,1301.4929229546751,1.2877669499056896,1.2875532913646865,7.29703336763972,54
RETDD,30,19,8,1.0264891767382869,0.0,150,300,False,11,19,True,1.3170819098431463,1.4894537023113876,107,55.672008547008545,3.7463199645064513,487.88943494393504,1.9616102030002533,3.7481407355172363,4.366352754525418,37
RETDD,30,13,12,1.0901980710448087,0.0,60,150,False,10,19,False,1.8710878014235,9.461012926335117,136,70.76068376068376,15.098836419671974,285.93220081047457,1.006273735875956,0.012315843403544536,-0.6750253917347229,86
RETDD,15,38,23,1.713396584394143,3.0,120,450,True,4,17,True,1.1964106791748017,0.875217619787893,138,71.80128205128204,2.624974729440925,674.6055386153948,1.4391626054508926,1.525835633489393,3.381740983461786,66
RETDD,30,14,24,1.799021228312501,0.0,90,900,False,4,17,True,1.4756356791184617,4.001099138579823,219,113.94551282051282,18.402166635993865,851.6718603950362,1.7570396911187898,4.3133776275617,17.941287790874433,110
RETDD,30,49,34,1.4025351999110447,8.0,60,450,True,7,20,True,1.501661677686711,4.076929314760484,123,63.99679487179487,8.415639225687064,380.99411793762624,1.147814261848741,0.2980016133243386,0.818623111303816,65
RETDD,30,16,13,2.3001768002859047,0.0,45,300,True,4,20,False,1.8195924420512435,8.718314315818942,139,72.32158119658119,19.679669383302898,425.3074506144062,1.150556220334474,0.2686366176962219,1.4997666188797327,82
RETDD,30,20,13,1.4052199574293354,0.0,45,1200,False,9,20,True,1.433325244081474,4.612569151107139,346,180.02350427350427,19.272193652507426,844.1263978947774,1.6518002901537752,2.241346533412896,19.79187671907334,175
RETDD,30,26,15,1.7483263116932983,0.0,30,150,False,12,20,True,1.4801163059538813,3.1051343710655495,166,86.36965811965811,13.384996193004554,795.120679006518,1.0618059504064759,0.17598985698964653,0.8459291723444983,86
RETDD,30,33,17,1.5751037205380578,0.0,45,150,False,11,20,True,2.2454842371947015,13.990430232030391,92,47.86752136752136,15.704518488783725,214.42231165443832,0.9959437611206414,-0.007131356589049884,-0.43160963845418443,52
RETDD,30,14,19,1.275254165516108,0.0,60,900,False,12,18,True,1.3849356859998434,3.6465686933312633,323,168.05662393162393,16.204120792466796,907.1973612221318,1.5447434421750488,2.190137864489475,13.674809119301901,167
RETDD,30,18,16,2.0742334078246776,3.0,30,900,False,4,20,False,1.083021806191384,1.5549762113065428,535,278.3600427350427,7.106088169093406,881.7102867451131,1.2942955897395294,1.7777411790705433,15.476467516977364,264
RETDD,30,17,25,1.7572946582770914,0.0,120,150,False,11,17,False,1.8211979700791496,6.307522298090806,83,43.184829059829056,11.317163500259978,332.57838967017483,1.0138107609333,0.021833568230913585,-0.8261765999436644,36
RETDD,30,17,19,1.9830454875689492,0.0,45,150,False,9,15,True,2.1702376206450644,16.166247358243176,113,58.793803418803414,20.16733947741117,233.4988506678642,0.8178261439172745,-0.3207261462864775,-4.170529298119899,69
RETDD,30,32,23,1.9562699626601487,4.0,60,450,False,9,16,True,1.573365946366674,7.552029717347867,184,95.73504273504273,17.407180270014265,419.30888012863716,0.9881051858095115,-0.02569777594599575,-0.5292071361505728,94
RETDD,30,34,17,1.382548709430335,0.0,45,150,False,8,19,True,2.3507351794137157,16.4784105528411,93,48.38782051282051,16.229841279546868,188.56512206813954,1.0256725620387581,0.04555285843463678,-0.03278681285426359,52
RETDD,30,37,9,1.1457241314304252,0.0,45,600,False,6,20,True,1.4641918254230772,3.7202075006641726,196,101.97863247863248,11.387713673392529,575.6080223796762,1.7434037391823065,2.3066786051481274,13.810469323726728,115
RETDD,30,34,11,1.010740682677043,6.0,45,150,False,10,17,True,1.886525370736025,7.803581720952277,99,51.50961538461538,10.907314508005037,246.87107125026012,0.9241187363156874,-0.12549740932436435,-0.9542969067334589,57
RETDD,30,52,39,2.800448769355867,8.0,30,150,False,12,18,False,1.1433364936611001,1.1455632247178487,89,46.30662393162393,3.8211428665009746,526.3499556708061,1.0234979900985606,0.07290948490636809,0.3890301620542609,49
RETDD,30,31,10,1.1240613546923843,0.0,45,600,False,12,18,False,1.5290337255247166,6.623453245532368,210,109.26282051282051,13.81457071677541,396.23816045570675,1.3567188685089677,0.7881754009838301,5.562263510719828,124
RETDD,30,42,8,1.4315178380694225,0.0,45,150,False,8,19,True,2.1195354834012248,6.683568231028042,83,43.184829059829056,11.49018500384604,322.99481326913224,0.6301669169451002,-0.6451521296886015,-3.541257620826686,48
RETDD,15,22,20,3.628800915045722,8.0,150,450,False,4,16,False,1.122599442007447,0.42001597077674613,118,61.39529914529914,1.5582540113337224,1014.7561760281487,1.2276592150507735,0.8288404002776629,2.229164985190158,64
RETDD,30,50,20,2.55730351924568,4.0,120,300,True,4,17,False,1.0768333646368955,0.5451420385138083,80,41.623931623931625,1.2206572635021147,440.6841106114,0.918979972144595,-0.128020801471631,-0.8112128590678608,26
RETDD,30,24,12,2.04920589544553,0.0,45,300,False,10,15,True,2.005558661846012,12.26172786016411,143,74.40277777777777,21.712109575223636,339.2268028335969,1.1445063118003769,0.22668949478161832,1.1362338485574963,82
RETDD,30,17,11,1.3619205500950007,3.0,60,1200,False,8,20,True,1.133881134949867,2.136745441169488,501,260.66987179487177,8.412252921849444,742.640935520963,1.3675520365531917,1.9060419660884333,13.268756286641885,252
RETDD,30,33,22,1.4921540016749624,0.0,45,150,False,6,18,True,2.0439125041395063,11.791183389901724,93,48.38782051282051,13.323464146623126,218.5454300196928,0.8360264344630225,-0.2704949482194491,-2.191142910789873,54
RETDD,30,25,14,1.7421907833783554,0.0,45,300,True,6,15,True,1.9751481524627936,11.716920774399307,119,61.91559829059829,16.591349718070518,263.4051728649831,1.0175798314027706,0.04058744036439751,-0.49144645063042053,68
RETDD,30,34,10,1.2966607338930662,8.0,60,150,False,4,19,True,2.2156994847198557,14.638219056855986,96,49.94871794871795,14.017275805801619,177.03168207156705,1.0285999618699224,0.05698157537140428,-0.03623790462641052,54
RETDD,30,31,8,1.7653015245133958,3.0,45,600,False,9,16,True,1.2729038660353442,3.212202255936747,247,128.51388888888889,8.774680591338495,517.3881611522577,1.282238690251215,1.089710456234072,5.659935764921415,137
RETDD,15,28,10,3.735868685124423,0.0,45,150,False,4,18,False,1.2845943948522038,1.4039728603664585,183,95.21474358974359,8.293004904730777,969.039346854493,1.4824647428871436,1.210877461055202,5.18080764922995,94
RETDD,30,41,22,1.3133685698321682,4.0,60,1200,False,5,15,True,1.1866877708549977,1.9166029361899213,300,156.0897435897436,8.209163507141147,790.6788271099647,1.3131788208687991,0.9816075426250188,6.996741718012414,149
RETDD,30,16,16,1.2818416732390452,6.0,60,150,False,12,14,True,1.8435288951540303,7.912123149016704,127,66.07799145299145,14.633121210050641,335.1725293412592,1.0412892840693626,0.07679442306712035,-0.1777186604368494,70
RETDD,30,10,18,1.7152282186429504,0.0,120,1200,True,12,15,True,1.2362013007795858,1.4974487608640212,80,41.623931623931625,2.29149716310381,289.45167868893157,1.696476807990031,1.328507928335398,3.259799564539636,40
RETDD,30,27,22,1.9530285300311527,4.0,60,150,False,4,16,True,1.8452339748689055,6.65141869136644,103,53.590811965811966,14.112058119627372,380.3090783291309,0.6298790289816639,-0.5841475866274725,-6.230006266169189,61
RETDD,30,33,8,2.2244729124807416,0.0,45,900,False,8,15,True,1.36762604853547,3.5598577712418926,232,120.7094017094017,12.723267802720155,702.0797800947526,1.627260923701627,2.0028563628552223,14.728664037714458,128
RETDD,30,23,8,1.8602680513699943,8.0,60,150,False,12,13,True,1.9267033080026505,9.141798549038517,110,57.23290598290598,14.048049503980405,284.8285821861675,0.8388945377892068,-0.26732261018847914,-2.976513653027124,66
RETDD,30,14,17,1.328050076557349,8.0,45,150,False,6,15,True,1.7084135042777493,6.897440695277674,131,68.15918803418803,12.862444252997225,347.04517697585106,1.050236836162859,0.09788953831933019,-0.016010316456155527,73
RETDD,30,41,18,1.8465993678235082,0.0,30,150,False,8,18,True,1.662252400797762,4.893235051281739,116,60.35470085470085,13.454538492048192,492.81991950322777,1.048655983320335,0.13060798367416424,0.6874131579372675,64
RETDD,30,16,29,3.032090440699288,4.0,45,450,True,10,14,False,1.7348481480409261,5.164778536577534,90,46.82692307692307,13.706149395022766,468.30360350409455,1.2834580460628147,0.6653751586865739,3.117575187647772,52
RETDD,15,25,20,2.041869648479502,8.0,150,900,False,9,19,True,1.0628148333180525,0.4177825485776234,195,101.45833333333333,2.0780692515327455,784.0789405314594,1.4582805911075973,1.8429016567741456,5.757147298136469,84
RETDD,30,16,25,1.622318377167255,0.0,60,150,False,12,18,True,1.9211747056144088,7.892792634335974,118,61.39529914529914,17.6350966488853,422.6535856695182,0.7392012264014386,-0.4564650015240863,-5.256621243650817,69
RETDD,30,15,11,2.2654497404213636,0.0,45,150,False,8,18,True,1.9203229866937988,8.147064957228073,123,63.99679487179487,19.094359325805083,436.3667377518277,0.8285968280116394,-0.27973498904225513,-4.206054767294659,73
RETDD,30,31,13,1.0175905922459527,0.0,45,150,False,9,20,True,2.0156625701732516,9.188962260116213,101,52.550213675213676,12.822072309880584,248.68200227287957,0.9092028316892725,-0.13978252965048732,-1.1892974233120284,61
RETDD,30,26,21,1.453129805501944,0.0,60,150,False,12,16,True,2.297813016628342,14.923134979345196,100,52.02991452991453,17.47401693944806,224.15342325086817,0.7684776258459495,-0.37845559411864627,-3.3973457239501887,61
RETDD,15,39,9,1.1053493226243192,0.0,60,1200,False,8,16,True,1.2371221580927088,3.072650598192242,538,279.9209401709402,9.97847800676789,653.2904091000917,1.321579083382418,1.2074645078289727,10.750148514697102,288
RETDD,30,34,19,1.7533775868370767,6.0,45,150,False,9,20,True,1.9740527632270553,10.126945698224443,93,48.38782051282051,13.35577269842403,238.36176216605622,0.9535111139453148,-0.07446790910464172,-0.9733590789523401,52
RETDD,30,32,15,1.172700526869859,4.0,60,150,False,7,18,True,2.1044483369144977,14.75625442413345,100,52.02991452991453,14.06171755033314,169.0274795649932,0.9052071716653574,-0.18008078533957342,-1.2140373183468005,57
RETDD,30,34,9,2.1994266709976467,0.0,60,150,False,9,20,True,2.024403681893129,10.003262202766697,92,47.86752136752136,14.232082894726789,263.1627483688842,0.925450679810109,-0.12931625610121467,-1.1911660796997778,54
RETDD,30,30,16,1.6189937336985964,0.0,45,150,False,9,17,True,2.280209019568635,15.07737211360323,98,50.98931623931624,17.398156916586235,220.31606837730533,0.8272431784782501,-0.287242268671655,-2.7149928373353416,58
RETDD,30,11,13,2.4131292274314107,0.0,45,150,False,4,19,False,1.7893206893669202,5.804736500196398,142,73.88247863247862,18.919729115647108,612.166984469658,1.4917946641747564,1.4547864122565655,10.169477442067775,88
RETDD,30,18,9,1.3473952441202313,0.0,120,150,False,11,18,True,1.6817916404727762,4.873511085031539,88,45.78632478632478,8.23360334847936,315.6807939423712,1.0222859399000372,0.03993233411950053,-0.3163343657522394,38
RETDD,30,24,14,2.5456164103624173,0.0,120,150,True,4,20,False,1.6566059600474592,4.661053727109415,77,40.06303418803419,8.683456444196173,366.73958555719446,1.2455361460772605,0.3968033820294669,1.2114658948254375,33
RETDD,30,15,8,1.3448207406327422,0.0,60,300,False,11,14,True,1.6179782997142895,5.8591325328274655,192,99.8974358974359,14.39853081221408,472.9703962635697,1.4670076243035726,1.4208872028386053,5.5341077572662565,103
RETDD,30,33,10,1.232397942819845,0.0,45,150,False,11,19,True,2.5172295979010086,18.09156637726221,94,48.90811965811966,16.497746655468706,168.40217322333365,1.0229983903663622,0.04675643451354289,-0.04296761435442975,56
RETDD,15,35,14,1.1753500860968475,4.0,60,150,False,4,20,True,1.209495804006562,1.1268317225474966,153,79.60576923076923,3.359428228847135,541.1866931195023,1.5750040817116462,3.128505583707607,4.713738829793577,81
RETDD,30,15,13,2.444752126415335,3.0,45,1200,False,5,19,False,1.0925083481847266,1.264243693305488,461,239.85790598290598,6.604359499182256,1025.8740117925577,1.4720448372536796,3.387236117123144,17.559753608682172,235
RETDD,15,29,17,2.758672715565168,6.0,30,1200,True,6,19,False,1.1418538833123018,2.276642581675695,500,260.14957264957263,11.829015067423907,987.3310545263746,1.384283640097258,2.4358179685206736,18.75938793372909,256
RETDD,30,35,16,3.821801228072218,6.0,30,1200,False,7,18,False,1.1434206101873554,0.9079120481479986,335,174.30021367521368,9.145541896632349,2091.3184997761396,1.2864774125436547,1.8283682485656356,13.012809154531295,172
RETDD,30,37,12,1.9205104793199694,0.0,45,900,True,12,20,True,1.2973628706255076,2.2920104339286276,107,55.672008547008545,4.180439586461194,376.04852066889,1.1370600847110361,0.3614389567144922,1.5473138008457696,64
RETDD,30,19,33,2.728607488639283,6.0,30,600,False,8,11,True,1.2086247591973174,2.1967663306139125,308,160.25213675213675,12.813234356713787,1199.1834133766326,1.0717720667489081,0.4573017490719406,4.66397694291304,158
RETDD,30,40,9,3.9343228260837657,8.0,60,300,True,6,19,True,1.7126272978236825,4.424570629626263,106,55.1517094017094,11.828910490207175,512.9267034803715,0.7632192168784818,-0.3748746356065566,-4.275968790324858,62
RETDD,30,11,14,2.5897569142115158,0.0,120,150,False,12,19,True,1.5990373610009614,3.6028241589104666,99,51.50961538461538,9.219645738416977,517.7369804893918,1.9790569063816137,2.7522406393544094,11.370725336794866,49
RETDD,15,42,39,3.0542290528808795,3.0,30,300,False,4,13,False,1.2878123028595123,3.1832580796425094,338,175.86111111111111,15.489800347999289,879.429821706427,1.3198684199656656,1.5917479290566974,11.006700995250323,167
RETDD,30,30,24,1.6153064812177753,0.0,60,150,False,6,15,True,1.9852228272349541,11.626192114301416,97,50.46901709401709,14.347927824242594,235.8260049584954,0.7005440184299222,-0.4810825523146801,-4.56526920470758,58
RETDD,15,13,16,2.483518243305954,0.0,45,900,False,8,17,True,1.3599667879637953,7.647981312423594,618,321.54487179487177,25.686908346441978,650.2326731938173,1.3336534599904044,1.7244758523350852,16.436049179479895,303
RETDD,15,30,10,1.452010508420151,0.0,45,150,False,4,19,False,1.1763216213641292,0.8037659198910355,199,103.53952991452991,4.531800628809458,933.2173964105957,1.5001730474568922,1.4977909359009691,4.740679514028899,95
RETDD,30,17,17,1.8955058565682787,0.0,30,1200,False,11,18,True,1.1382258747176244,1.5928855154206245,438,227.89102564102564,9.703956218243118,1268.256883660776,1.4945552033345253,2.9586067500496127,23.810816704287227,221
RETDD,30,17,12,1.664703133614639,0.0,150,1200,False,6,19,True,1.3049600173740017,1.5408658183530115,213,110.82371794871794,7.858113442563406,1152.1279377454634,1.6718954510501773,2.485192957334768,12.881335263639837,93
RETDD,15,23,23,1.341167471519753,0.0,45,600,False,10,18,True,1.388566889309335,5.736882210646165,437,227.3707264957265,17.65685333398987,617.3018182030575,1.7623565288642495,5.886851895329437,20.050695107351043,210
RETDD,15,52,48,1.6539956377518719,8.0,60,1200,False,9,17,False,1.160782367596388,1.4063920917102946,371,193.0309829059829,7.7610395991912995,1141.4611205817805,1.6114276237644856,2.7820844598423764,20.12855042057325,182
RETDD,30,20,11,2.083014877342056,4.0,45,900,False,10,17,True,1.19010271675707,2.5630108103355744,335,174.30021367521368,9.885642465244423,715.1504942417066,1.3547255261328592,1.337182962732745,10.33643824399214,173
RETDD,15,17,39,1.283670785850345,3.0,60,150,False,7,15,False,1.3365355678230657,1.8671462454054446,210,109.26282051282051,7.717859379759014,729.3308735326113,1.3523228942277432,2.1816345219612603,4.824580369352944,116
RETDD,30,14,12,2.2086669434660227,0.0,60,150,False,5,20,False,1.9029317554520602,8.030775711034037,124,64.51709401709401,18.74612271229735,434.9807421254254,1.4070491731108214,1.0998197520321136,8.097298872055596,75
RETDD,15,12,15,1.2363991188854093,0.0,60,900,False,11,16,True,1.220533690130207,3.160681318020015,637,331.43055555555554,11.890677147118224,776.1798349611347,1.4565536271580704,5.833459017903828,15.686543770675154,320
RETDD,30,18,18,3.1865144360805173,4.0,120,600,False,12,19,True,1.2792059861776122,2.3002305193708277,162,84.28846153846153,7.344499249740435,665.5111303480285,1.2346313699579081,0.8967906964984447,4.827571944569414,84
RETDD,30,35,25,1.185119911474497,4.0,45,600,False,10,19,True,1.4330581310353825,6.496310574088942,220,114.46581196581197,12.917378921680587,375.2385550782982,1.055802972581536,0.11649075809476887,-0.00899853066685985,120
RETDD,30,33,28,1.3304643003722774,4.0,60,300,False,4,18,True,1.8294812312915745,8.99989459835635,146,75.96367521367522,16.326646728930363,337.3268795122153,1.004471694694543,0.007209785340099963,-0.9110044473365422,78
RETDD,15,32,24,1.7436249806014128,3.0,60,600,False,12,17,True,1.2229382062387235,3.1512231812519707,390,202.91666666666666,9.652741669650947,596.0973387531594,1.3628276881307104,2.3227355394149867,9.323803717274092,199
RETDD,30,16,9,2.0189240316262715,0.0,150,150,False,4,19,False,1.0947466470382783,0.3347354096820373,78,40.58333333333333,1.3375072721296524,719.7116257047641,0.7330518447371716,-0.47889505071731653,-1.7932450896725283,26
RETDD,30,31,31,3.9611464368445977,6.0,90,450,True,9,20,True,1.38617924579424,1.9195281337094687,105,54.631410256410255,7.200433512459561,674.6029746326803,1.4526613731893083,1.2149214009916764,6.1536401411287205,53
RETDD,30,30,12,2.4711292528238,4.0,45,900,False,4,20,False,1.1813498707685388,2.271100585608531,285,148.2852564102564,9.37699009765873,756.424122013449,1.1911150469551712,0.6534441370095424,5.177814473084025,145
RETDD,30,53,15,1.108594740641138,0.0,45,300,False,10,20,True,1.9919306084549175,8.617403143876077,102,53.07051282051282,12.1503205539175,261.02881871247746,1.2846117023813068,0.5876654917048084,1.8827979743037369,54
RETDD,30,19,10,1.9699775806716782,0.0,60,150,False,12,14,True,2.2243484285576463,13.766004532574646,113,58.793803418803414,19.822427197842508,265.6974137592215,0.8446103499928327,-0.26682785884568727,-3.512742915218723,70
RETDD,15,23,13,3.2262439872532953,3.0,90,300,False,9,19,False,1.2514353653736259,2.1302948285578642,189,98.33653846153845,5.508497355774892,498.1465648434595,2.0964706589396327,8.291995321289214,8.673996374738268,90
RETDD,30,21,8,1.627867591402788,0.0,45,1200,True,10,20,False,1.5226593374466089,6.826355698735954,187,97.29594017094017,13.492083792039136,384.662102547803,1.7579024344178342,2.1625071831158045,15.35776904222312,108
RETDD,15,38,16,1.3859703165808035,0.0,45,150,True,10,20,True,1.1546411423292435,0.6666643257753101,97,50.46901709401709,2.121356443491531,616.948918347568,1.3835309733098358,1.288169634948107,2.244907973807467,49
RETDD,30,39,8,1.0914409626243509,3.0,45,150,False,10,19,True,1.5345056627788531,5.2063936270734645,93,48.38782051282051,5.695805995047242,190.5004409762762,1.0043258537329738,0.008500130519047123,-0.15873515273947644,52
RETDD,30,11,12,1.7015827900992042,0.0,90,600,False,9,19,True,1.5151874170995392,5.419281017708342,220,114.46581196581197,16.375096774745703,582.975803887753,2.141774353365048,6.653360815021034,22.773741293656844,115
RETDD,15,49,21,3.9122927776802054,3.0,120,1200,True,11,15,True,1.730578463812442,2.9698172615508525,84,43.705128205128204,6.4031681863243675,397.57000000000016,1.4434687479011379,1.571706263072928,1.307500231471833,43
RETDD,15,33,30,1.4905929058262335,0.0,90,600,True,11,19,True,1.4989658798242855,2.035417988780988,87,45.26602564102564,4.666096713270102,483.68430334741004,1.1777085012721942,0.6215541269684604,1.1724947906541598,49
RETDD,15,58,48,2.491094432576984,3.0,90,150,False,10,19,False,1.537923751621009,3.6391619086105518,82,42.664529914529915,6.650145492568379,332.5303571614329,1.1801252871840968,0.6357793168070036,1.3558132496862465,40
RETDD,30,29,9,1.1285711088978667,3.0,60,300,False,12,16,True,1.3376805634027975,2.1979762942685674,170,88.45085470085469,6.645161113776691,566.7270826231022,0.9544875693329551,-0.09622268856255028,-1.3004042774233158,93
RETDD,30,42,10,1.4433599352761102,0.0,30,1200,False,9,12,True,1.0568516325512185,0.4344571174411169,355,184.70619658119656,2.366007653521858,1328.1394670373045,1.5059239908425557,2.656856449129076,15.321724303044729,177
RETDD,15,60,30,1.9818695850624426,4.0,45,1200,False,10,14,False,1.0507843161323405,0.39175583339699144,507,263.7916666666667,4.050946168371986,1879.680399281521,1.2845266641839588,1.1104673810367662,10.577042560665971,229
RETDD,30,39,20,1.2135877548503806,0.0,45,150,False,9,17,True,2.433123615801832,14.101552376344511,84,43.705128205128204,14.235612101879708,191.35564818101716,0.8098822911758758,-0.3622737280772366,-1.909556224247585,49
RETDD,30,24,17,1.5995261010746225,0.0,45,150,False,11,16,False,2.3149311726866126,15.853283629154438,103,53.590811965811966,18.927708168588506,227.9792633076803,0.8059620043979863,-0.343480764789676,-2.979743071877006,61
RETDD,30,35,15,1.7494080806248622,3.0,30,150,True,8,18,True,1.2205152789545708,1.237965256211422,128,66.59829059829059,5.4486488978524035,672.7993492977953,1.1114443385249664,0.36341838473835897,0.9811482140649039,60
RETDD,30,19,12,1.0579594585443854,0.0,60,150,False,9,12,True,1.988038719888167,10.787972218024299,119,61.91559829059829,14.582578454118106,243.14740610893068,1.10526104975185,0.2100229607336568,0.5055948644779729,71
RETDD,30,29,11,2.2611314682289505,0.0,60,450,False,4,20,False,1.6479478549223079,6.033464737497369,161,83.76816239316238,16.917721793239956,543.3943782757681,1.5733913966436381,1.9256571815706176,11.663799543807661,97
RETDD,30,21,27,2.5330543647054498,8.0,45,450,False,5,18,False,1.3722912374373992,3.3850841298043273,183,95.21474358974359,13.078658269561556,746.889036179871,1.219333256936685,0.6538104519916479,5.847042755420854,94
RETDD,15,50,28,1.7540408027262613,0.0,60,1200,True,5,16,False,1.4343581205160638,3.5368853387042694,295,153.48824786324786,17.192535516060797,986.6784263315917,1.8045127861681776,3.2795564297361053,21.081008764873943,141
RETDD,15,25,32,3.4803054146864043,4.0,30,150,False,5,10,True,1.1297105618360048,1.1032489265036896,265,137.8792735042735,8.032667864657501,1015.6739470474386,1.3694024682766746,3.776810342750771,9.023723068192325,129
RETDD,15,15,12,1.797024731813739,0.0,60,150,False,12,15,False,1.5823272943650615,3.1140026529447287,205,106.66132478632478,12.533631110959277,749.0053105548559,1.3525388812905823,2.0915065612561357,4.490390765300981,113
RETDD,30,55,49,1.3058434383727,0.0,90,450,False,6,12,False,2.2499176312208884,6.596377521473795,80,41.623931623931625,16.81395383431696,505.9977587730025,1.5266271189247953,1.2848181093189435,3.547009645955539,40
RETDD,30,32,9,1.1009456790747008,0.0,45,150,False,11,19,True,2.322076810641286,13.03989458706691,98,50.98931623931624,15.40402700650742,212.68358033563823,1.12624913588004,0.2789446770433154,0.8461488665615167,56
RETDD,30,34,16,1.1179333090737822,0.0,45,900,False,9,20,True,1.5345886360657914,6.949112815053161,240,124.87179487179486,15.887448842459845,454.0632097031212,1.4795539795963868,1.2258846137792125,9.07142474014151,130
RETDD,30,18,23,1.0049124473407334,8.0,60,150,False,12,14,True,1.6348820397246073,5.667102375633565,123,63.99679487179487,9.75702889815172,316.11431410984824,0.9275828722348214,-0.11971602808990116,-1.3672071160318102,72
RETDD,30,21,12,1.5000040374875898,6.0,45,900,True,12,18,True,1.478132184810188,3.209551197830384,107,55.672008547008545,6.050818928140002,368.819334942026,0.9869098449536393,-0.0409178429937042,0.20044644051340077,66
RETDD,15,18,8,2.5388417905954226,4.0,60,150,False,5,19,False,1.3802843347132452,1.9913265031419887,194,100.93803418803418,8.26472166511165,717.1221892113838,1.3554205936426256,1.9508936610534986,4.449842509639841,111
RETDD,30,32,8,1.3508663020595357,4.0,45,150,False,9,20,True,2.166682205452141,14.877643167336318,102,53.07051282051282,13.363785774917735,166.24531593764868,0.9309377285162895,-0.13760926884479793,-0.9051810447413787,57
RETDD,30,37,13,1.5382208452079174,4.0,45,150,False,12,19,True,2.1695216828645285,11.805018442985551,91,47.34722222222222,14.587742534816586,222.64378597391055,0.7120097967669381,-0.5008621699379295,-3.6157054509502893,54
RETDD,30,26,15,1.024023319492901,8.0,45,150,False,8,20,True,1.8862771429262704,10.241944092450364,107,55.672008547008545,11.713740596063378,206.02442725489573,0.9162940054280908,-0.1341268042144255,-1.1599755718825364,65
RETDD,30,28,20,1.6216332670334277,0.0,120,150,False,6,16,True,1.7409049835868131,5.805692335085574,81,42.14423076923077,9.084881460706544,301.7159328976536,1.4374189830757307,0.6908902200781981,2.3480965248922008,33
RETDD,15,32,8,1.0071997440376053,4.0,30,1200,False,5,19,False,1.0900995802487552,1.7253510612025245,1048,545.2735042735043,7.588094349656186,826.1241331529787,1.1071577653960905,0.6341950134772794,5.372064911151311,518
RETDD,30,17,14,2.217367689266044,6.0,60,450,False,12,13,True,1.48721606676101,6.807022177769411,216,112.38461538461539,16.413933111055016,455.19873967192416,1.4372696814081045,1.472497100449183,9.960052915127156,119
RETDD,30,12,41,3.1085827690122882,3.0,60,1200,True,7,17,False,1.2382398597177435,3.3546145006260972,303,157.65064102564102,17.26605155800102,933.8059711986039,1.4415661306133245,2.2623307378638313,17.2974234942572,156
RETDD,30,29,17,1.2455105248797786,0.0,45,150,False,10,11,True,2.4208136008006407,12.958879800514724,101,52.550213675213676,17.366994831052924,257.32773197107326,0.9031584875978609,-0.17144297004558584,-1.406624237102266,60
RETDD,15,45,21,3.953836561270508,6.0,90,600,True,9,12,True,1.28206890757354,1.111329920136883,78,40.58333333333333,3.1658070039201562,491.2172365932497,2.2398894471077533,4.131211294247172,4.2360603029339705,38
RETDD,30,32,21,1.5263993619202545,0.0,90,150,False,8,20,True,2.2586177602619517,8.127618680317994,78,40.58333333333333,12.971858559219216,317.0310985847832,1.8378579469209162,1.5172289014726095,4.423202223605336,31
RETDD,15,56,28,2.7226385137845437,6.0,90,450,True,7,18,False,1.825305988107647,6.815871425506857,118,61.39529914529914,15.274954492168076,410.4816562866106,2.1382583080710287,4.337995222603603,8.510019921265327,51
RETDD,30,42,11,1.0544002218993738,4.0,45,150,False,4,19,True,1.9515551715028412,7.080618458361515,85,44.225427350427346,10.032166735434352,246.02054424010134,0.7679206492912645,-0.4534396546359062,-2.0850596287166896,49
RETDD,15,32,10,3.6361534198432532,8.0,90,450,True,4,18,True,1.5123125796797154,3.5519466295739854,147,76.48397435897435,8.462691802038252,475.36,1.7015960258939955,2.183493895993197,4.900141307524637,68
RETDD,30,16,25,2.804605519021891,0.0,60,150,False,11,17,True,1.7909872734995824,8.013041416763288,112,58.27350427350427,17.20136001901799,413.00695535845784,1.1276061598770504,0.3039415830260349,3.7179259891184113,67
RETDD,30,21,17,1.5560323168104961,0.0,90,600,True,9,20,False,1.6770312228050934,3.37954316302261,131,68.15918803418803,12.963765912031503,770.3829147814308,2.175741393566106,4.240234727372875,15.08954919433775,67
RETDD,30,45,12,1.4658495650159402,0.0,150,600,False,12,20,True,1.1460733045475773,0.8565686429331152,92,47.86752136752136,1.915144731482514,445.9735598065243,1.7392554050519853,2.1829041216892158,5.792219308463193,40
RETDD,15,13,13,2.713361375842131,8.0,120,1200,False,12,10,True,1.314997286760169,2.7265958206752683,411,213.8429487179487,15.122406485629636,990.031456853485,1.441057981163896,2.124678173909442,10.840415834599439,196
RETDD,15,35,9,1.4561252502991546,0.0,45,150,False,12,20,True,1.2585543747304688,1.1287341031939238,186,96.77564102564102,5.9624954900534135,877.7727800441003,1.3982624230506013,1.2097656207946974,3.409637057280081,90
RETDD,30,28,21,2.5783743020197054,8.0,60,150,False,7,17,True,1.7425340779497773,6.550080417748468,97,50.46901709401709,12.47432482580555,357.77807649229294,0.7208658841678942,-0.427078967078167,-5.287579888013147,58
RETDD,30,34,9,1.7316746351773673,8.0,60,150,False,10,16,False,1.9994408185006283,11.252346522045483,94,48.90811965811966,12.933670928208787,211.36426247171562,0.9800440438345894,-0.03534013380139081,-0.5587616788469233,54
RETDD,30,36,13,1.0391875465606013,4.0,45,1200,False,11,19,True,1.3269822296994733,3.9343463641339294,349,181.5844017094017,13.950720433588904,651.0318648990255,1.1514738344733635,0.44424872389928877,3.6343233577117635,182
RETDD,30,13,20,2.779132002828978,8.0,45,300,False,5,20,False,1.53280536836754,6.542307149230884,176,91.57264957264957,17.134462908753225,478.5226119131785,1.4117538184522427,1.1855864182335392,9.88846616897386,102
RETDD,30,31,11,2.0954952654838443,8.0,90,150,False,9,19,True,1.8474962408910438,5.957551246976931,80,41.623931623931625,9.939362078015304,314.6174328862137,1.5900016709422353,0.9784442862931169,3.703653927225377,35
RETDD,30,38,9,1.5099998880573156,4.0,60,150,False,7,15,True,1.9453860778552718,6.6065137035579955,93,48.38782051282051,11.658124680966528,319.23148811323153,0.7892850465602467,-0.376744058216877,-2.4490288193523773,52
RETDD,30,11,16,2.0573999867159487,4.0,45,450,False,6,16,True,1.2742841695272065,3.164741350504117,278,144.64316239316238,11.52598032390826,670.5231417965274,1.3887410361951908,1.3800505758756352,9.107096858056469,142
RETDD,30,29,9,1.247268916724154,0.0,90,150,False,12,20,True,1.8357164530429473,6.094056837050781,84,43.705128205128204,8.590682651406375,260.1203747826844,1.655623839963452,1.4515588809296411,3.254053340824068,36
RETDD,30,36,8,1.0729743762247779,0.0,60,600,False,10,20,True,1.4476541096258901,4.767226566118592,203,105.62072649572649,10.556048650105712,419.9835662082371,1.2597234504117634,0.5250019959898264,3.4089123710619953,120
RETDD,30,12,12,2.0344648489775015,3.0,30,150,False,10,17,True,1.0643849974357522,0.36374040986494605,250,130.07478632478632,3.63022276854251,1293.117437364748,1.1457838976388472,0.8801432398213862,3.481552931731567,127
RETDD,15,32,35,3.965113454432344,0.0,60,450,True,5,16,False,1.6762818107502842,4.867162668057746,146,75.96367521367522,18.681961763362995,721.7599999999984,1.91853153884887,3.962329386103235,14.891663456027693,83
RETDD,30,22,8,1.219429437796024,0.0,90,150,False,12,15,True,1.8742179200827476,6.041031044992909,91,47.34722222222222,9.147549075319848,282.8315417384954,1.691598417839792,1.340317992687701,3.387376790676241,40
RETDD,15,20,11,3.3213277232226632,3.0,30,300,True,4,19,True,1.0567768798795867,0.4455462036568718,374,194.59188034188034,3.9486520832462877,1230.7510127329083,1.16321831181175,1.1454107400046434,4.452494973480088,190
RETDD,30,10,12,1.9893385482160446,0.0,30,150,False,4,18,False,1.2492373908196295,1.4460622666444771,238,123.83119658119658,10.289611839514915,1265.322515302364,0.9796849139593529,-0.06955068429995258,-1.0331198278435774,130
RETDD,30,16,9,1.1032358678847558,0.0,60,150,False,12,17,True,2.0355419906385546,10.435034234386283,128,66.59829059829059,16.749140131320907,289.2820929663603,1.1870457055724188,0.4050791272552338,1.3271363803757057,73
RETDD,15,13,8,1.0584290136874666,0.0,60,150,False,12,20,True,1.4229681252965822,2.937936702298185,243,126.4326923076923,8.617568663256861,536.6889760453253,1.0679025630330752,0.25595483686627246,0.3706922944598574,132
RETDD,30,14,20,1.1931335683734294,0.0,90,1200,False,9,18,True,1.495224808029022,4.707840271106729,298,155.0491452991453,19.82194928707213,811.728390350363,1.6246029107527036,3.7623077160577796,14.580694203115844,148
RETDD,30,30,19,1.1184716229621352,6.0,45,1200,False,8,18,True,1.1720673863118216,1.4009324103282326,343,178.46260683760684,8.357121742292538,1104.2209837075707,1.2565775311387468,0.6776575533413085,6.2414891323806305,170
RETDD,30,16,11,1.2535657564657443,0.0,45,900,False,9,18,True,1.4174627906615116,4.950389066664147,333,173.2596153846154,16.812552564705797,673.756650727727,1.4906206601020968,1.7896161815411937,11.86750454451445,178
RETDD,15,23,20,1.376835623002041,0.0,45,150,False,10,20,False,1.1806776478756091,0.7134527580040593,217,112.90491452991452,5.083825720624901,1249.0033565114684,1.399247052651221,1.5112330732787427,4.231712282188103,103
RETDD,30,37,41,2.015958944486993,6.0,120,900,True,5,18,False,1.5433402280495925,2.6956400179732185,128,66.59829059829059,13.561929993172747,994.9077027858377,1.0403621301301984,0.10555360175380028,1.2326364910685015,58
RETDD,15,12,47,3.821825491197642,6.0,120,1200,True,9,19,False,1.6158131977763737,3.876166798414206,187,97.29594017094017,21.557383511921607,955.9421503649746,1.3356910881981396,1.2977403226681328,7.990122107631189,96
RETDD,30,26,9,1.0951273313578986,0.0,150,450,False,9,16,True,1.3526029353046374,1.483470810842818,107,55.672008547008545,4.443337936438916,596.5887942458214,1.3465699487961111,0.8675151247782477,2.015595654423427,44
RETDD,30,18,22,2.9690670733138766,0.0,45,600,True,8,19,False,1.4929287555347674,5.017446422363786,150,78.0448717948718,14.149375439692358,568.3201631012471,1.6773282833222591,1.8229926331227628,14.159123260848311,87
RETDD,30,42,10,1.0036157459760278,0.0,45,450,False,6,20,False,1.5833348739931916,4.935237977941716,157,81.6869658119658,10.800636910623453,404.93896842311415,1.076997310931462,0.1442795461745463,0.15588133388984235,100
RETDD,30,23,13,1.7856147108234508,0.0,60,150,False,10,19,True,2.369544004000028,15.854302072218942,103,53.590811965811966,20.209399726246346,241.1948964460853,0.7632859947220701,-0.38373122157586775,-4.6278635940865245,65
RETDD,30,24,21,3.4765066093597423,8.0,120,1200,True,4,16,False,1.638595482146561,3.7295082297908104,167,86.88995726495726,20.56865211941721,1005.5817158588766,1.4089302105742578,1.4399204627152427,9.76078348300159,80
RETDD,30,26,9,2.0786524882589013,8.0,45,150,False,10,20,True,2.037973015080338,8.690722844585135,103,53.590811965811966,15.462513748922373,328.99632133058844,0.8494911302583097,-0.26008595518933164,-2.4335321908574077,63
RETDD,15,20,46,3.814882604814928,4.0,45,600,True,7,18,True,1.2273716785317326,3.0642866427778483,316,164.4145299145299,12.32573565704439,723.7126089152702,1.5588550686267166,4.918157368636874,14.41430830812352,161
RETDD,30,29,17,1.2635724713269807,3.0,60,900,False,11,18,True,1.2254294333817588,2.6297262868211533,323,168.05662393162393,9.452528602181701,671.1164516236618,1.383588362000391,1.2776635280879312,8.8388809648428,167
