ridge,rf,lgbm,xgb_d3,mlp_2x32,mlp_2x64,mlp_4x128
-23.610946658221472,-7.786014186128767,-10.946610868043388,-16.621984481811523,-42.70637973746676,-60.21311666289957,-44.626050722936654
-8.497100435081975,-7.247846271813022,-10.908889209080275,-10.795878410339355,-24.38893903916189,73.41138924768073,-48.046878813623366
13.609712195930184,0.5934628082387018,8.415091635869587,9.74535846710205,-56.86065994562704,-38.68761080923723,171.9275175818827
-40.76172211134297,-9.053982249740587,-19.0296594768408,-29.35684585571289,-55.40538835349344,91.14953406208967,-47.87557697300678
12.794143016133702,3.734483596129632,-3.1852471707223384,-1.6789014339447021,-73.6835663010983,-66.33302706694127,-65.08824718444397
-13.332739882808141,-4.959410936375036,-9.15230156761402,-10.4183988571167,-128.5148569549331,141.8111293828779,-22.37442919053379
-12.891243258251988,-4.303460324710441,-9.052165134681202,-8.394341468811035,-23.228043111606336,-60.03093840272407,-7.53072113449525
18.31315051522457,7.925713691876443,3.97206613474356,5.3324737548828125,-90.59775352954246,-124.86378642656939,-62.65645511603881
5.340780574942071,-2.162891537617482,-13.949647848621595,-9.36996841430664,-32.14708635063435,-36.26802128991935,46.526242741722655
-7.65749007053593,-10.990296084535105,-27.064088255964396,-22.564849853515625,-62.027888235316865,-136.69477401860684,-54.57061747214496
4.853698587909655,-7.877356331420942,-11.164074082550927,-9.662415504455566,-61.86251008281631,118.57596292259105,-58.88609600757539
-20.210927250991748,1.8127468088959544,8.025995175628223,42.52825927734375,-33.53779554348326,147.30389389222685,-22.77790182708454
0.932297422733769,-7.248299302258288,-22.017685861728495,-9.776019096374512,-39.12240696608352,-102.1562565616453,-42.183073977424655
31.980315572203313,0.10391368409496472,8.7593687994663,-0.05565832555294037,-35.823847092726325,-4.495397000983037,153.01047069665023
46.06192103864754,1.7501947798870143,0.7128537695910908,23.452957153320312,35.88469824531312,264.269737962215,76.36976486771744
30.785489911203545,-3.8046565300391366,-9.100069916166618,-8.166712760925293,39.35713237582716,331.7992275962874,-42.34336507890063
-1.9819504509884216,-4.16276747091166,-4.800732981209267,-16.917936325073242,53.160006032067365,309.2221429418012,-37.148331449048825
29.76897543098683,1.988448334167399,9.863218904421593,19.564971923828125,-53.66007201787644,-24.72996438882493,-58.293997051231116
7.165526128250519,-3.0250228787523463,2.459877292652771,7.1387457847595215,-24.735682914184363,169.9821321314559,98.37927512537053
18.1149560948103,-2.8028660391130815,7.176124907611532,4.954810619354248,-58.570761521533086,177.74243414220956,-33.82914313216517
16.327369144946655,-2.072168289137006,-10.560758292608574,-7.95039176940918,-39.20046795075177,57.82577746251864,20.205052309217514
15.938174208668055,0.45723721511710474,4.364105494856219,36.10820007324219,44.512350210793784,216.2619327348861,206.97316213684468
-2.531172853868629,1.2745234976790338,1.3375244401203885,-6.886265754699707,-47.67118477663324,-36.901428518294544,-32.376619214243185
1.456730857512057,3.532494751388897,6.3758808110677725,-3.02079439163208,-55.28245485477949,-120.79604923150676,3.1925473748431883
-15.137403272212286,-2.0423634571188827,-14.263268280183643,-25.094478607177734,15.730466452791369,-60.288237579270486,120.37227769208862
-5.434038333326868,-5.517548426871389,-9.570505926547806,-18.806758880615234,-28.03317846665756,-68.42538337419468,-16.64185841524408
-3.2532790510598937,-2.3244121535368913,-9.649579733823158,-14.291305541992188,44.01990052832842,22.5288800414405,274.762278169801
-49.54867772793763,1.7557136480810231,-11.654988201469072,5.057525634765625,-61.986284854947826,51.97655665076814,-39.129344534692095
-6.273880505531276,-3.1754557574724047,-1.799092400924945,-11.133390426635742,203.91895577186543,367.8220936388626,325.8186349937612
-0.6098671007509906,-0.9802670635072271,-10.180269109776047,-11.168861389160156,8.196054044543,-11.849634441963019,-21.06333624651957
-54.49651486938896,-10.333191259989475,-39.391206912782174,-19.394582748413086,27.873350252405476,107.37268332226922,131.4821395925624
-9.609659153918228,-7.7162341755457735,-18.84107981513517,-5.30002498626709,-62.22880197604985,99.36612006292812,304.17085165690685
-15.866201071949618,-3.70137970398337,4.100650286304579,10.5430269241333,-22.08417467475578,463.24338341345015,77.9565089387419
-2.7283934610021627,-5.0529924995931434,-4.868015468106672,-2.116379499435425,-94.86922012168706,218.44635995352172,-9.908487206193133
3.631438212788607,-0.5362044810826617,-2.5142469885271805,3.0978076457977295,-36.06225495235336,53.25718738384175,84.05668897089332
-6.101499983369573,-1.8809150245771078,-8.3207925979874,-8.603285789489746,-43.28613878815126,325.778683297546,65.3722269339069
2.475430622718861,-5.466508026989068,-4.37256251530482,4.204713821411133,34.97509225467766,25.88704696742441,171.69272117470777
23.677652726243416,-0.9096720986680776,6.93009468400562,20.13398551940918,166.80095051825597,-36.303748075205014,152.83972167838854
9.464557530064528,-0.8311119455971485,-14.641605090554295,6.517877578735352,25.679003683329405,222.0158384439085,-48.126799489424684
-22.566753516477938,-1.0344613811262307,-9.910298468033233,-2.086810350418091,-57.824123952258724,-74.43339391448593,-4.047421189118695
-1.568139288171598,-1.699611080189425,-3.830812110941519,2.7457642555236816,-27.822835819202638,-16.2763923639845,251.2946230640658
0.00832000738534644,-2.163312709193181,-7.42950758140187,-5.500245094299316,-59.51631766200717,6.902847322707049,-47.08341382931608
-2.2344992956078147,0.5433935678439539,-4.827287911301189,-17.036460876464844,-91.90741262273008,-41.866316710151224,-52.65611140872994
-4.783224415836171,-0.281660452216075,-1.7147796107440176,6.938590049743652,-51.39272941208848,-51.17251785072137,97.79802312859059
-41.78656826919227,-6.567419111188705,-22.544562190431442,-20.22435188293457,-18.323575486952578,-116.35189926756438,-54.599404498460785
-10.783117996927174,-12.185808383144119,-7.5508127838158785,-13.783818244934082,-46.962366573550675,-60.408263107916675,69.34486430334931
1.735618013436483,5.127717865790088,22.39512689722467,4.879963397979736,-74.42909268400153,-66.89077756599016,-16.147668287948058
-18.22287902162889,-1.1419117758258688,-17.841984869846698,11.522117614746094,-109.4050685629319,-21.894522682257747,154.52861550009126
20.42089103287757,4.564013224579846,19.445284699981897,13.401683807373047,5.314319758534118,101.15592868211462,154.6654782304509
-14.335900138481643,-4.28824906622706,0.745903571125861,-9.564478874206543,-66.52630275539693,195.99986096877225,118.12389925954204
9.4808658782507,3.6943360034618613,8.464164353644028,17.49593734741211,-33.658115964598544,114.81158806108787,-55.37150989730905
-41.229112802691304,-2.4405369978606455,-11.21732984396719,-15.42989730834961,-84.98301947716817,-44.88498529383907,-34.80883498706363
-30.192130255084038,-6.100558792901115,-10.082400892141283,6.25477933883667,12.513103110150842,325.01241543930473,104.55258248604672
-1.8324992080204163,3.2208543740252433,5.632620210529072,28.170934677124023,-19.54066020358538,314.1645185749237,96.56785289709579
-38.88507115580272,-0.2904505840267045,-7.909092955301877,22.678647994995117,-28.32705998527731,-71.32449026534232,95.43841629545157
-66.44320261265067,-3.0885172906107843,-18.29843546637958,21.1373233795166,-56.76021098976023,40.39704861846313,-30.668733204122788
-6.203015497254087,-2.3523958264929665,-0.22958382678706246,2.888273239135742,30.397618079291632,279.6219041643774,-41.7259122197417
-34.51611624331782,-12.46071952778101,-33.380540205214785,-23.614315032958984,-62.70062620494649,33.19547763683901,75.7697613631273
6.795348158214125,-9.317417493754155,-16.76091363025668,-19.463294982910156,-39.60328031681896,30.395928974288882,97.56255395755876
0.5839382217326472,0.8982746005804042,-6.660292212951062,-0.013203946873545647,29.823818644103977,-75.12383355408292,-35.7016543258985
-4.271155517571838,0.3153669008051834,2.8650920205484125,4.417289733886719,-4.4375730328254,-58.1433694033208,-0.26619404167670596
-67.29669575347525,-10.544128500700573,-40.81684067585824,-26.959991455078125,11.136305098956619,32.05213840979912,-50.18714427739104
4.622076007672769,6.601570146200844,22.545687422474348,22.281599044799805,5.477397178429467,217.40508748907018,19.23844243968653
-56.12016030137868,-5.096497665274996,-17.874733217981824,-5.236079692840576,-10.869658000707343,24.929622285586753,-54.51862811959191
17.575425990642422,6.606244317316049,-0.502830402672538,7.370625972747803,-26.833193919141966,-41.83032946101633,-50.53444055930359
2.345811018357529,-0.9771216701621114,7.028693733749172,12.932278633117676,-34.09412890747761,144.28420746810735,30.170715409730427
-8.496542642426473,1.647787518595164,-3.691304625083426,6.428554534912109,-39.02572856753214,43.40532909876948,145.7846536640308
16.299146588981138,1.7297391072841375,12.730770586864715,3.6708476543426514,-16.713133835486822,-81.00998375951168,86.88674391214795
3.662632729863052,-3.634224579029908,-8.012886464353802,-6.4578423500061035,-16.797852195316324,-35.28292143357597,87.7886791426658
-4.550578849909721,-2.654104640975166,6.1983121889700445,-15.75112533569336,-50.79043171803411,52.51773580547034,8.649192549907493
-22.010815759434315,-2.4382951806452113,-11.854133866868406,-6.757631778717041,-85.7262426914623,-59.00000828618995,-54.15229629633818
-48.06707105855922,-5.908506746288299,-20.774947050694685,-4.192202568054199,-57.19048012022999,-55.04072958312682,-39.44767357416537
4.906231569744936,-6.7762293735936305,-12.992630424783576,-1.2715704441070557,-33.65989623309583,162.48800545955254,17.928215618890224
20.200104999511414,-0.655684855808658,-3.232428904140927,3.625565528869629,100.75055619904127,239.74423117844992,281.61446450254186
-19.6564695380067,-9.38879391870841,-30.584793793232393,-7.083195686340332,-40.87338141190953,205.94965178296684,76.74804080111444
8.599674043631405,-4.947708545601515,-6.256039608576243,-4.507669925689697,-66.70966131607624,109.0394259478478,167.64769217793835
-20.489929995662656,-8.71270096281777,-13.538263361832845,-12.726841926574707,-51.94948744304399,226.92927611041733,63.65372941348893
3.0765176187143095,-6.089353127863482,-3.9693985331570243,-1.3062810897827148,19.675453936870948,108.91715240331585,-1.2079642272508964
20.1672564376501,0.22981162282249865,10.266116372241067,11.786388397216797,53.80142621174302,3.159249674383115,-16.18273190721759
-47.05093028380245,-7.008945940868049,-18.403718571810302,6.242927551269531,87.69106289667816,188.70591908366862,172.2209328722159
-7.472831522519659,-4.852604975846779,-0.838884227686476,-5.97420072555542,95.26535186581334,-24.45763645428177,11.528542209273997
-60.06073272914768,-5.429636927465882,-16.45579507632322,-27.52533531188965,-64.49041930421956,26.144434617137005,-32.785959623190806
14.913119048440695,0.8924621676197664,21.691364803131716,7.318305492401123,225.7210039561961,-13.246350439903665,-10.09100557362474
-5.930360587767353,-8.207998730075273,-33.15153287307244,-9.279679298400879,-45.81153617421915,-99.62470309644436,-53.25893665365183
-25.5880936293213,-11.551977273170467,-9.933332367944105,-28.889549255371094,-58.08856704633294,-14.237256474582242,-38.92000075990875
-4.898742530131111,-8.38720823847475,-13.963851973659454,-18.112930297851562,-46.19823460706486,-100.94875071696534,-46.826135858557606
2.618831481116166,-8.405347632573244,-27.27758541725723,-27.52296257019043,-72.80094016679384,2.7645059646768515,-51.05898646068191
-32.21940486191067,-8.209577957128959,-23.732068535533642,-12.607064247131348,-65.41405205172694,100.69053288694458,-33.27848163139214
6.09090860310952,-0.3587127839311969,4.374064083733572,4.682281494140625,-69.60417429045843,73.15467426415545,-51.840139857904674
-32.20498910414132,-1.431443204603229,-3.077751251047147,-17.54737663269043,-16.146168791321422,-16.83701797172383,136.9936313916904
-21.947098172421033,-9.663832666404103,-3.2784923568684547,-15.689373970031738,-37.78715481699214,-12.236142346035368,-54.14281799307301
-5.638534933688781,-9.511296751069352,-11.3474773774289,-20.161460876464844,-36.69450395360722,-50.023222642566814,-57.02658484988709
0.646645614867229,-5.535773271797473,-7.228689786734485,-12.509255409240723,-7.4026074008554446,-33.84715661116268,-43.73258937632357
-35.322861569228785,-7.88279725952717,-7.034183841465401,-25.46234703063965,22.709869302842698,46.39738412002561,-33.52191260855319
-3.2827971958415714,-7.214189758201956,-11.455037326490173,-12.393309593200684,-77.86925969666795,-85.05440858198766,-48.4859240781484
-20.826132231261983,-2.32423082268953,19.73005414599936,-8.829791069030762,3.4303046515853994,158.36573188630592,-51.83523335588614
-46.64250649348146,-6.630256700134476,-12.813969454809797,-27.1425724029541,-49.14799559816259,-4.5147769310558,109.57920307639047
-30.921979604242413,-7.222585586994367,-21.222838945208398,-16.06670570373535,-63.11315682330509,-35.792723945324674,21.068636250411398
2.7383001430040967,-2.8864945899456154,-0.20638958018993542,9.101609230041504,-78.03884109296065,18.254308350205896,-52.02502313550084
-29.55538012854033,-1.3164863766115338,6.33346891729065,10.602787971496582,-41.7303558056064,79.6204700542585,-44.02190120961623
-17.755073799411225,-6.859087769143925,-9.179943987564211,-22.00283432006836,-16.93453194393441,-25.696572374649087,9.584147275715205
11.706768041514477,-4.9658085173232225,-3.0513663432309284,-5.740081787109375,-41.791942555662544,112.35257449055534,-55.82004729274928
11.334015045768183,-1.7945807411359609,-4.082279410262987,6.185643672943115,-15.70654974817753,-3.366720315445932,-31.171188418715975
0.4310322452947175,-4.811596672376296,-12.936655260024715,-2.293889045715332,-51.210770586198926,-4.983409252894002,-40.30251331020972
-33.678757053104995,-2.872543034344212,-9.554064458930704,31.371231079101562,131.50409431294744,202.17257842424414,104.77487160632542
9.536754210153008,2.839197476290487,8.290985953466866,5.848507881164551,-38.10151823834045,-52.52397094190545,-55.89207735894713
-3.432555389702029,-5.611251723586584,-8.26100229642633,-3.715132713317871,94.07298923998462,-82.37721677044934,-64.1950235293547
-5.225072652890612,-7.191171859835789,-6.454575648443238,-6.753194808959961,-22.305404801331587,48.30973438975948,208.24144546651158
-51.08070456271695,-2.300106510792396,-22.975210578534153,4.118336200714111,-29.61094886725698,-37.037695668398065,-49.71292750948906
-10.279493503115942,-11.827168831293147,-12.319526470696726,-6.818508148193359,4.033325518990517,43.14532850464167,2.4486957738539594
0.826761962315053,-1.5495682386215348,10.09828754122229,2.4497642517089844,3.8900133331951876,77.20885200193008,93.6424621239051
-2.471655172892936,-6.061847623518485,6.223210713796996,-4.3305511474609375,-30.945276843730053,-104.01880662336255,-45.45435406726823
18.94368636338215,4.05580573617854,8.36539865496111,5.661505222320557,4.5957780743217,18.078696315866665,-44.15549685252142
-48.01715767593052,-6.750186194197725,-19.560693432624813,-26.938373565673828,-63.061700606527,-35.76571877547005,-38.75539642590154
-23.705668530248506,-8.803479536929133,-19.640719430952753,-14.854991912841797,-62.71642533338229,132.87939765391246,-35.251783988919016
1.7093579860156107,-5.020529152232382,-3.3698329548213715,-6.068543910980225,73.14903367687765,292.0841154776036,172.35384033341134
-36.51690659096172,-3.953772647171795,-13.874310190985677,-15.523192405700684,-65.32680039259768,56.078681718378434,-43.988297554319885
-9.178498618027733,-3.5462133525017263,-14.956125291999811,-3.254448890686035,-41.33661608139684,184.87689728709972,-43.061715764477846
4.69095120910432,-2.7670973445021962,-18.756751286292634,-10.079318046569824,31.44687317829378,5.163612873474487,-42.84525100108941
13.002668730654856,-1.296966140421766,-3.6326652795657584,-8.764314651489258,-41.44590856393411,392.6668115505079,155.933212435255
-7.600990543117721,-3.2600944293021983,-20.69555135637247,-7.1199798583984375,-50.251651159251715,-53.3529812652653,82.6708561076852
10.327522388532893,-2.2231311282569326,-1.6911022502206279,-0.3959605395793915,-42.28995093657403,3.9503927127968335,-49.937379723154564
14.08889827895413,4.4307003163707375,-7.399104913359494,5.075873374938965,-118.73123557069376,-83.95916877443766,-54.60683178241176
-42.3034408358149,-9.16293217129723,-18.33055332676275,-22.02454948425293,-12.124470913786721,51.22482545702231,-53.13827694321702
-8.131903002698845,-2.2323146573806207,-2.5375707589430454,-2.2858879566192627,24.13158663901092,3.337051707241652,194.83210662463156
5.390161314900693,2.8102312557133016,2.4161294302541667,2.9906795024871826,-90.471095765083,-93.72341383520265,-56.33885327958164
-21.8625527029849,-12.030401660340404,-5.8454305375892766,-21.694664001464844,-8.092866464785128,-28.656095727016837,13.01864549730724
-3.9134566307579584,1.8510480017212474,3.895732807357406,8.616996765136719,-97.6473430416271,93.38832831522731,35.8424504499573
-30.760646474623613,-11.864603275833986,-29.211125382583518,-20.442150115966797,-19.78273522897724,54.969780170944404,-40.890113416771925
5.918577167323026,1.0892286697086553,-0.07729513521493928,2.8789379596710205,-65.20580435148922,-83.1634077831879,-54.43066276774768
-4.101431099242626,-3.3016754325118622,-6.912948957361639,-4.631036758422852,-3.7329059430741793,48.71470412156093,126.26381237289993
-20.50304785318019,-6.374564372843423,-17.33710523346348,-6.140868186950684,9.703161116052902,209.0402524347332,111.51763985079104
-14.223780119161145,-4.097778733261538,-20.803364065157467,-8.131749153137207,28.13006725347469,-15.391461090414332,-53.217349438006245
-15.291545035323985,-3.6116562236112077,-12.381089223373078,-16.425338745117188,30.913606623406103,115.45513565805349,106.02380974340524
-35.27400761602288,1.4181789967000622,-10.982711002896886,-8.845016479492188,67.10548719019876,46.522739601722954,-4.4740510563847335
-35.72330831566501,-9.147731804028865,-15.540833139342359,-24.934005737304688,-21.656391125499013,-25.459001829518577,-47.82674499427375
-0.2713998358927854,3.5283848099198014,18.28201398352664,14.498957633972168,5.626552781267699,-48.90882069870631,-5.8780925118241125
-2.365819911085693,-3.2945607989724377,-15.583906886631867,-22.98085594177246,49.15648007947258,-44.08345966479426,29.98894839038744
19.54829492537319,6.287261155400335,23.844971089382785,24.947370529174805,-45.662729686742566,-99.61278699824213,-53.45589415258977
2.87961506485542,2.0557683953600674,14.284487881663917,-5.584826946258545,88.13095618568092,6.995220518224797,170.91771327158196
9.500434575847226,18.24388550819125,41.64890823040935,43.488746643066406,112.00449005267281,-41.76035493454198,135.54064620497277
-5.987986675740219,-1.6810697532158156,5.981853349718678,5.600144386291504,64.81041542346037,-3.9055146474269873,202.14129526532858
-4.433524509311859,2.8401665641064624,21.66692131134484,21.330495834350586,56.31201484856315,81.35541491364211,309.6057350972196
2.83440287844688,2.2981837327698726,0.003478573827653375,-5.181134223937988,16.06158889741604,41.864952652003474,81.90786102093078
2.4875012066629445,-1.5924116467187388,-2.538842998720891,2.0662755966186523,5.858015440468716,-44.21292407542842,182.44553880343997
-23.348217284543423,-4.782651160839486,-6.218254354618995,-21.119186401367188,-45.933760627199,-4.712010856812982,17.423308682121327
-6.324448658879099,-6.214258705175664,-13.844481152103413,-9.3657808303833,28.712834891508372,61.988972661563125,73.87900606613944
-4.848317731200845,-5.294648960219966,-15.240333550658926,-14.258401870727539,23.682690211018883,-23.126754115788298,-10.840777937549896
6.277231385640015,1.6356395355736384,-2.764381920486027,-3.1095809936523438,22.48299438493643,251.91080241743103,55.944358191920756
-1.6338099406336464,0.20610598752730144,12.222822034943238,7.177083969116211,22.94497731601954,91.74852947391689,-51.09708224886889
10.24895534818377,2.0529813681333327,-6.30275874440981,-11.057818412780762,-44.412490603950864,-40.73102724873789,-52.46444157384587
-31.144831575564233,-10.388737698303165,-6.495552519978387,-12.858077049255371,-13.12456811865102,133.15610055433638,-47.05374658286035
1.5611719313403425,-4.310387334920925,-10.996627507805087,-10.511996269226074,-33.809775769233894,-70.17646371669365,-57.94865435128371
-4.890215983646279,-2.5748735893624026,4.060249494155308,1.3932796716690063,-38.12112148952475,89.93957130033279,-29.747391575980753
-45.17568759968891,-2.1375816015068194,10.08054133539283,-6.370616436004639,-89.13260096321564,-29.762611786808012,-57.00284350021685
-16.791758496248498,-10.405617880354782,-25.850542299701832,-9.050212860107422,-35.837078966072205,-84.1919215362335,-35.81648509457111
-9.037506528219795,-4.32945922536114,-19.386112433607806,-22.663421630859375,-22.864393214018087,45.051376564470644,-29.904665920930388
-43.71522034020143,-10.307292362186914,-24.798676220982372,-20.186565399169922,-57.44638374851713,-117.05003016588368,-48.18620591800598
-52.61306127573062,-9.451458366361775,-14.545369717666317,-18.980012893676758,-7.367909186155526,-16.549772153476972,-38.200283225823064
-14.806123815945522,-8.66536491919255,-8.340196895039355,-13.27692985534668,-34.14805892503527,23.648827954222078,258.8187110305112
-21.49988922774168,-5.2162250591582255,-7.049676944159587,-17.10762596130371,19.84261815565375,-25.567904476337375,-48.415840939937745
-47.8771794631915,-5.838341201569358,-7.578813123075401,-10.38209342956543,-50.925602845581984,200.2954908157406,-23.69311346559234
-24.800126680571246,-7.990001647272776,-32.01814620530835,-4.931543350219727,-22.97538272806561,376.27319998534733,-36.0400525730634
15.37616692599497,4.907002353245963,-0.5840010357001421,18.830312728881836,21.673021498138006,90.36564230605282,-39.106591711392625
-30.184011630054638,-4.586762731443877,-5.967240592085934,0.16197557747364044,-69.81277468304918,46.62132980938139,-37.34203824925946
15.158160108716196,-0.2817346821695024,-2.2122896101943814,9.246197700500488,134.0913927302568,43.56793043773775,2.551467011556377
12.69905773939347,-0.6905512943031674,-1.6652148468305092,1.9202196598052979,1.9254017326951534,-76.61543124405163,-42.73492006574169
5.986096371110651,-2.6624810277088997,-10.395674588450477,-4.782182693481445,-9.735681337523943,42.110456726822385,-23.573037509614274
-45.02334996268331,-11.13739832180799,-24.341936489003924,-29.961997985839844,-37.56034945374101,139.09430605222843,93.43430880571178
-18.30518188922524,-2.219551954442712,-10.801795244059281,-12.411148071289062,24.974939611195705,68.24542455680333,33.21168379613263
-34.301031707524906,-4.039787609052,-19.49094243236429,-1.3827053308486938,-21.036687225593163,81.31936774407147,10.592816405791668
9.771100697802083,6.731463878994281,14.766198440294465,11.269482612609863,63.69732189089551,45.86327098025476,-45.71713414575406
5.755048832937769,4.798336400744705,14.799543287734393,8.380276679992676,-54.77562736527331,-50.08830237124811,-53.56369219108036
12.278150718720518,5.771437256229808,14.997764150861506,9.183338165283203,-47.82721664139039,-56.665890599523074,-50.462647436203646
1.4542428597180694,-1.0067601828524424,-9.417208344028271,-2.8866913318634033,-0.22134064799448303,76.51963400503725,-50.664173705099394
11.3301241424412,3.3885717300371896,26.425432321030634,26.554414749145508,-46.5168314209915,-115.4417589998064,-45.4312730218446
1.815499687191303,-10.40163931447778,-10.125891905009679,-17.997095108032227,3.322572262589848,11.305355231354868,-56.89643712493048
-7.6415194971107,-7.454294419940182,-0.7909516682425004,-13.781462669372559,-24.028672830369146,-71.34628023192327,-47.43573289938479
-15.668200837824134,-5.591836326554494,0.7317787176461251,-10.967708587646484,-27.775881016415475,-101.36877225476918,-52.78845984646978
-8.677887180033427,-9.708166327017564,-17.255381733438778,-24.931833267211914,12.086427975343028,-62.05757027212413,8.532315362300883
-41.67106089823398,-15.543615563780104,-29.702764589369597,-26.18470573425293,-56.02135809348906,-23.735451427677,-53.114989838843556
-28.719910761166943,-3.8333690722652896,-1.125153836436723,-3.70229172706604,-21.573969806372766,64.8267966672125,-39.18453167129336
23.41466930654911,6.023638919188971,14.487792374344671,31.070232391357422,-15.400608435451387,230.82026830029483,153.82980365112124
-30.332800080911895,-1.5209075106120065,-13.797476396967339,16.957056045532227,-11.571909930621853,212.74091619136533,-27.90588829587311
9.736618675377146,4.111917450785895,11.166674215059961,18.74974822998047,34.53647791750224,38.9017898908433,-44.12945095029961
-43.613470957992696,-9.336915488229552,-31.578084490036076,-32.98571014404297,-64.62949332750225,-40.18824724316203,-35.42359908645513
-16.984552355328944,-9.258455269618448,-14.457262149521345,-16.581863403320312,-2.568606463903393,-24.859816738497834,-53.82906755435503
-22.83599840275668,-5.478475772713022,-16.760589561282735,-1.8701906204223633,-16.212383906248014,112.74024829910825,63.952455488200165
0.608287891620595,-2.7510550470946384,-11.590354875602868,-4.406296730041504,55.081410944411004,69.3486674121953,-44.53673205893695
14.83935566953604,9.152069023263435,22.29403604072399,36.30126953125,187.91314417568395,188.6585520562022,285.7480004799142
-2.848839393975435,0.9065921891006811,6.759908727602346,20.865938186645508,45.20714858623532,45.645171530280315,-37.22744453759134
-23.591323200334696,-4.70432760039275,-6.169934525254781,-2.855484962463379,-16.587767357969298,61.35080545724312,137.12855220102253
-3.43423972369863,-4.734261732556572,-17.82410794557332,-5.7889084815979,-28.21537908734114,167.6330211954672,-46.16764608678447
15.438265720674867,-3.163989041527527,-13.901643222526342,-12.017343521118164,-61.10382533230791,-147.3979283815442,-44.50094086761503
-20.891229901740463,-6.787214684521467,-35.58264526083667,4.590673446655273,-60.9083998148993,120.6513457337788,-43.46107559316961
-11.053976177517193,-11.98728813062689,-12.674944487436393,-13.590686798095703,-67.95215486645665,105.85738128957873,207.40739284655464
-24.539829620604632,-4.810057377284437,1.3677910333885273,-2.5887608528137207,-60.49837134849202,75.81979281798031,-40.255540049405745
-7.890716448742749,-7.928760510960801,-10.552524696338311,-5.8012375831604,-69.07834113958184,-44.281978824071295,-57.21244596001252
-12.942255071009114,-3.3935591831611567,-2.4944900955999354,-4.683403968811035,-4.83718430527362,230.6297786999226,-44.77256315762176
1.6110799688119855,-2.679918886714926,0.07117657636057322,1.3942080736160278,-24.675810992782424,12.18100671873108,-53.73392844933816
-31.56195691669015,-7.82408192626611,-19.061553217167013,-21.231111526489258,-88.84683330042597,65.90120758771201,7.3251850734759465
11.901923483112425,-7.813015654373353,-9.619509198996582,-2.3876850605010986,-17.369986026984797,38.95781497141393,-49.652232827258345
8.440723249703787,1.5627103211458102,-16.243747814240677,17.052383422851562,33.194215010384575,121.91663430004913,-43.85312838513026
-1.8950294870995195,-0.7260848481198667,-1.1597477264853917,10.561424255371094,76.30524602319169,50.70943115733943,179.95473449330527
17.3731972711048,7.530095696117104,2.213390903239773,4.768660545349121,-3.7979415355074497,48.86343323640056,-53.36046850245897
-7.085151410522016,-6.865962232138771,-17.536674764996505,-13.557112693786621,23.767164968013752,-45.111075038891805,58.184003116739234
1.7067181519326873,-0.7035135623868057,-11.834208074763312,-10.922245979309082,2.426223931490073,-74.53786302016273,172.83651818705755
-8.49278494991492,-6.0063564740278075,-14.77646964721431,-4.243217468261719,-55.4164582652606,-92.52117306648542,-31.87202801770742
-28.788354035490876,1.6122417428688522,-1.3459766322306903,10.529781341552734,-46.951008732657776,-20.018789079639603,-45.75468666705676
-1.3754716472299044,3.6810733293269027,9.233409392237663,10.807479858398438,-11.082535016729514,127.8450596393229,147.77135212506155
2.9922396545848295,4.923761335995489,9.144375037234122,20.104480743408203,36.300757845092186,26.472657944537588,169.004803124967
-15.196422323561652,-5.061326726837333,-6.408650169021635,-11.209834098815918,-6.660658290931627,126.03037687051211,99.39916100939766
1.6341265897003927,-1.5032166264880602,11.179138372866655,0.30992352962493896,54.51706968571726,39.43008024972118,-48.60898105668724
12.600781708709064,-2.2760708647426977,4.421332172704161,3.9682064056396484,158.46839800287412,-67.73626890011873,11.757940483235409
-21.149759190180802,1.9477911892382709,6.766008245071319,17.620519638061523,-64.99242947964318,-36.92549098779196,-34.42742834620611
5.112052785229549,-5.873719809571206,-7.186222384500819,0.11478760838508606,-20.38920244356504,-74.83716842661352,-38.63558122876867
6.057456973636205,-0.7378111109846919,-4.439468038561759,-2.4493799209594727,10.126007757347434,62.768517106740994,-44.461288502991216
-24.00790434615116,-9.555601107283707,-22.330871440784797,-19.320375442504883,-68.96758016427346,70.80658455131957,140.07773235416997
6.273462283947628,0.3220278354928154,4.077436541808389,5.85831356048584,5.392668079872823,88.9548611096,-66.87834052351471
-11.387340466083717,0.8240343532392193,9.93306976128122,10.072717666625977,-46.46088216251647,-30.34018037114435,29.544835237738685
-64.53274979107104,-7.59757500429916,15.599251694761803,-0.9656619429588318,-85.76104678999992,361.3993893057043,41.23520311968916
2.4957550521061234,-2.7378194375459435,-3.0633720149776607,11.869511604309082,-71.38128709866074,164.530353797618,-14.44565639791428
-25.013349138566905,-5.325896099820823,-13.8520929076761,5.270683288574219,-87.18959762563945,83.33791589450682,102.66454480732455
0.622371194003001,-0.12385655559617706,1.7771826181761308,4.249179363250732,-8.18729173812467,20.862503150125598,-47.57869815179115
5.950081407675556,-1.6082879256335803,-19.33084973792346,-9.239233016967773,-72.0981106951533,-11.12927677151278,-40.864167007744186
-82.95261260079323,-7.846159452899648,-0.5742256218874582,-0.8544748425483704,-39.446179513691945,-105.04238357250581,-32.65665917732509
-12.17849082297418,-5.326147778617283,-17.54337366628255,-10.471253395080566,-54.22236090478949,13.250058416687008,-37.370748520324426
-11.254939440999571,-1.9671187345067547,-5.924087338099997,-4.372745037078857,-46.69724449393128,-32.6639686786806,-47.68389270919061
-28.19649392000046,-3.2886652686282347,-4.468128907930396,2.339590072631836,-113.00809346909718,-36.57702699339362,-42.34852594701518
-52.91783207220208,0.2557110990296897,-17.844119641022274,9.996121406555176,-38.47096300487023,63.71737320407644,-40.725247459405544
25.60840327595606,7.085615839265538,18.037972782362466,43.392616271972656,-4.433497607668221,26.928194094931673,166.48717220966023
-27.854603348204762,-7.708629935079407,-40.11156760637837,-31.565034866333008,-44.58609488473064,-117.21850602309001,-48.09329801847184
16.40847692036987,11.465199474030513,-11.297631674665055,7.5479817390441895,-70.46531278987361,-23.07444589883115,-53.285868131386536
-9.43407889080516,-7.055958593408565,-12.686797630601335,-12.210795402526855,-26.892035929627276,23.503392660669462,26.483621884217037
-41.205921034329215,-1.8554761844292955,1.6219939595565127,-13.733511924743652,-50.84476478387187,55.75437153980469,159.9211499664422
-19.44295877364407,-2.6640160676430558,5.718633245979397,2.614147663116455,-44.536308748821426,-60.81771608999839,-46.05071863810757
19.76099627146677,6.738898445794597,15.092941826846305,9.787060737609863,-26.216218466418244,-129.55488984208003,-55.19644409532894
-30.83106070012449,-5.807910709232643,-14.633932774152917,-14.841047286987305,-119.13463272414187,52.531579786449115,43.04146257380975
-8.850969644050789,-4.307886026966016,-9.570507627004055,-19.928403854370117,-28.77542139235478,-40.402426288346085,97.20274914736068
-12.568632380984111,-3.318827987836697,-3.691965467305455,1.767822265625,44.948845751897245,92.23880879857875,106.84386668595108
13.579355815064364,-2.502727670729375,2.8237089120616714,-3.483096122741699,75.98804164991303,36.644940500023914,20.59140977893168
-17.72450343555054,-2.0908205757630323,3.8824297029476935,-3.9505555629730225,-32.07261064398203,-6.879634324330226,158.15460678776032
-31.75401773254123,-7.2217335422453575,-17.15567610076713,-23.70130729675293,25.614504212509047,-7.470241567911349,-50.45687119344412
-14.380517508062525,-4.076154211433135,-3.010221116023063,1.5044704675674438,-40.18966506619354,37.72837923157679,167.66197316061428
-35.75744293956147,-6.395943688439994,-16.804329622738617,-17.18048667907715,-38.18433808438794,9.582270397146026,11.005982642204149
-16.82178581848241,-5.046543358914126,-2.0980289507780414,-15.198847770690918,-48.65524154743467,66.39161721811442,22.661702255622583
0.1294617972628621,-1.0872779458149007,1.193606236638427,6.297260284423828,-30.085955599035785,-101.01127904418853,-57.04084491218397
12.979283130150993,4.670163838687849,-4.430357123856185,-4.338003635406494,36.828080411748125,20.808045772608235,-28.75796463257523
-37.20647992380937,0.4004773332566984,-4.895876248882057,-8.484429359436035,-30.036645766239403,-64.71154076677296,-45.81605326960305
-22.08358559183722,-1.3234270397316972,-13.673724093565966,-8.666951179504395,-13.41695183038905,-58.30429695815159,-45.691746221152755
15.765480216784475,7.555252909773436,18.168813381773152,17.10585594177246,15.179200281177483,27.41369837632792,-27.992267228390656
-35.18647115301858,-5.434147439649764,-17.119195624355537,-6.521803855895996,7.380999328691923,84.59779878423495,-41.11446888892974
6.826592637764673,3.3282352218849938,3.4107399552111866,-6.426344394683838,-72.36124458535336,54.80362289428575,-57.32381202159019
11.423618424530591,-4.714342298562869,5.965911420648793,7.912156581878662,134.16604063536644,-108.82060270623145,-59.433213359369574
-12.729757082827083,-10.006236633139238,-19.415992937140533,-16.998262405395508,-55.608177565219016,-7.416424547534716,-37.55960054028724
-20.869781816321353,-15.520109664042236,-29.08452334072251,-26.844226837158203,-84.84676653513463,109.48021446767662,-34.38964595224584
-21.778914691275656,-7.667561884046162,-14.00903340402529,0.08460750430822372,65.68476989906475,-43.01217657792167,-54.511268253524754
-26.476933367733057,-4.464725464097528,-0.3505890505222462,4.357954025268555,43.726468513922555,151.69715545143796,-31.33325232795964
-33.542893344004895,-7.065039901365985,-19.703771705578227,-4.94789457321167,28.01555047508128,52.97758197566587,-30.389773597733342
-15.430444944062483,-11.273379160162278,-13.140899686667598,-12.221579551696777,-35.682026485678506,-67.34298197500858,-50.15691200975047
-27.777615635341302,-10.130534044528817,-16.670554381203367,-30.347923278808594,-63.73025374546606,-66.00020097531896,-43.00364355271873
-34.810487450094875,-6.402348789493459,-28.378865416531387,-11.853558540344238,45.338628062160836,109.59335011337869,54.86497547080268
5.037473190385612,-6.694091701410535,-5.603464593645608,-7.282759666442871,-85.97843905196777,-88.051864637984,-49.47777104016504
-52.51870721242264,-11.251172239454082,-21.090074267648042,-29.26252555847168,-154.39180879627136,-108.06604190737416,-28.932381879138646
14.4125205962973,-2.265417631699327,6.389512602615175,-13.899969100952148,-2.2975322077456433,-53.31527090858547,-40.24399812494697
-12.779574342423334,-10.042099387096995,-20.54567868784664,-19.810537338256836,-80.31614575191345,131.59987070615296,-47.939861392227016
-16.229555795848984,-5.054913379348322,-23.165524297399816,-4.323124885559082,-91.61015167513436,-77.42818543355445,-41.906431722498304
-29.304027338660088,-5.605694617127076,-24.90126973306431,-35.70720672607422,-109.44719950201791,-5.638297717587101,-38.473219903432906
-24.921016803156753,-4.778971867461944,-5.37840372713035,-14.339359283447266,-93.8524948284368,-44.06260792985441,-46.76302876623392
11.116137612194603,1.7705360611985437,4.934794336733881,-3.8786652088165283,-46.66384676271271,39.804261287618466,-35.578176023799166
-38.02670416107635,-6.4306448407540655,-32.467065072889504,-19.906091690063477,-68.50722817314976,-18.833871344261034,-44.45295386125749
6.6707008491977895,-3.538021696032598,-12.881363378233015,-10.302950859069824,-9.814448736633794,-36.34021671844386,21.42746259278033
5.024139381006938,3.4249022684233204,28.343143731496486,21.98247718811035,15.280421951558331,21.91993104125758,137.61609446338397
-30.988989087738418,-6.225650401512863,-15.817513577032512,-18.135398864746094,-16.42767176270523,-52.46195890466833,61.35187651106939
-16.01515562424034,-9.526348814799109,-3.581380672048312,-18.048992156982422,-61.007004373569295,-70.19109594928476,-57.185214454708394
-13.61988363677986,-5.2142815207333,-12.833665503870467,-20.8153076171875,-62.13954898835853,-30.675948637068206,-44.85812327169426
-37.304471572411906,-10.314052157686113,-25.311447285518007,-26.06867790222168,-49.31887074252214,-64.83343156938435,-41.99360278837345
-16.58329060342593,-10.160280765089949,-13.275247031008478,-13.587464332580566,-37.96340467872068,18.151150514705016,6.020679318439213
-11.519052504876889,-11.531349569996785,-14.643285111802726,-25.014888763427734,-49.48124078361035,-64.52065646602355,-42.54891908394003
-2.1197827353728633,-6.79323459397414,7.507748758487016,-9.083330154418945,-64.10427785830149,-66.24592697029779,-44.4808600414382
-28.13594828558591,-9.51345672851218,-15.574212362198496,-13.571163177490234,-102.47831301514977,-88.24589846360821,-41.992803993319875
-43.708373045199124,-13.291346848729644,-34.00521989824594,-29.854093551635742,-43.009229747639,-17.48708844003849,-24.505747552015194
-5.9135875539141,-4.756800773350017,-17.268024949376205,-9.446714401245117,-30.435944294818583,14.224227586482849,-44.923245951745734
6.692080966318821,2.4229520188810016,-10.564036039386146,8.144076347351074,-2.932922337632875,-98.67908948667584,86.31659824128515
7.2722307625672915,-1.3024991720998964,-10.97676973377012,-0.7968077659606934,-48.244895532495775,-13.772849153567224,-64.3219656647648
-1.5103311217304696,-10.539555497534216,-16.911261484038164,-16.092105865478516,-107.0551609009949,-104.09725560971545,-58.211689805317235
-34.72123800004928,-10.550770466851052,-34.387025536476514,-27.412824630737305,-44.96990692662752,-45.30661463038181,109.08996431323784
-42.28167183056783,-11.128100100939456,-21.297603555449815,-29.295902252197266,-20.79545372430708,-31.35942263614062,-43.024456269620785
-1.57324705381237,1.0968054370421059,1.989882576756046,-2.0678107738494873,-9.18170079616932,86.13079742940162,79.23725779664969
-7.148436283540693,-6.6555619806088995,0.23679254868150956,-1.971201777458191,19.880768287959754,35.72034628806366,21.931695015054906
-14.76015187639837,-4.538633001711395,7.096610751561995,0.4395584166049957,-46.8986509510925,-107.47408837828301,6.028423422022957
-21.3063875389324,0.8887617216495753,8.559617545297662,0.543509304523468,-44.51422563236603,-56.06634585369621,-50.41970410566966
-46.527311731098784,-9.02901718543332,-26.823890387635643,-17.131528854370117,-9.634774856732735,-94.01794333699367,-49.60909543652547
-11.063495100399074,-5.4219422473312635,-8.856939134663198,-10.177434921264648,-1.2361153983748787,68.74007278110962,63.50209280191221
-2.7629824904194167,-0.8189001198923462,7.2355517936699,7.169075012207031,-28.849247679699882,-93.34610587035,98.0839147363311
-12.09640959247704,-0.6237457080862757,8.17835532814682,2.2291862964630127,51.90543141631481,-40.52078105657857,180.76954198716626
-29.548843543413064,-8.323615284798143,-18.213575140715268,-13.253579139709473,-26.309811942494875,-38.06193428992176,-46.42193758731041
12.634030621786378,6.687512615554787,7.335813164647746,17.35327911376953,63.681546761862926,43.90860754803161,-52.97273158948083
0.0017497417930043557,-0.09155245956532256,8.174007384251135,6.403648376464844,23.986547346744622,-2.3586412409160507,-40.80764060868287
-17.450157760910283,0.8872343601851876,-0.9565702500580615,1.439910650253296,-49.91357783221589,-64.6052071471373,-24.504751290015697
-30.000040453304624,2.1527384626467208,-5.862749379473486,6.744616985321045,-39.79061203865356,-24.58510247399427,67.43541020871466
-15.658330510828858,-4.926869537251968,-5.888460715051494,-8.77971076965332,-55.404828751588376,-23.26552778431244,-48.616298896546525
-17.321089407352815,-5.217803742208865,-14.90201944934648,-33.04241180419922,-78.70581338209395,-8.062504428673687,-44.06984518227159
-7.901228111310164,-6.033329262791462,-15.56431894778406,-25.255882263183594,-21.514812491892577,231.54866066669,49.22661846264943
-22.462645171404777,-5.587758858894244,-17.504443009623945,-29.110898971557617,-38.25774807325438,37.51509900675577,-17.548893686229803
-21.83524590128963,-9.187651575276494,-7.230991833592663,-17.151126861572266,-57.63176749380854,90.5251724382736,-40.33204129828512
-8.672204211916693,-5.785944561067523,8.32492664976759,-6.0594635009765625,-24.105173692876754,31.678299256626122,-48.532543561506195
-14.652509466940458,-2.1630428802864365,-1.3288666577063342,3.1171815395355225,49.616446895957125,-3.391167604787356,-48.10067716792949
-25.3826772651036,-7.619289458110431,-2.062212423452102,-15.998191833496094,-21.782828198401543,21.605385707561645,-44.83726793786546
-3.10223367757477,-0.47312653035850266,-14.410918246797152,-19.55025863647461,-46.67547294604496,62.746733480313054,-18.643019908925766
-69.39442420919715,-12.747538791710024,-29.65488229489579,-18.56451988220215,-24.00946621513625,-59.41404964723958,-43.89431261537131
-13.724041869835245,-6.630683159434623,-4.246514040113009,-18.996986389160156,-0.14479616620262134,209.65721236106629,-45.30983623932863
-16.66893543986731,-6.7619076220890655,8.322852523205263,-3.841219902038574,-56.314006771579095,-32.09234733519012,-17.072187296523524
-12.107228513299672,-8.758939271615944,14.878021602612797,-13.09900188446045,-25.081842757618116,-101.25464216494676,-51.69391793250966
-13.801698910319413,-8.11299675715312,-14.72066866317374,-17.646411895751953,-39.567864337707846,-102.82798673051774,124.61457251384081
-19.57353318353497,-2.5349680632484874,-15.814130729122871,-19.97613525390625,-56.08146541123675,-113.82166486899338,-45.47197483334579
-18.16184123986724,-2.1246680554703814,-10.137093902275492,-28.546297073364258,-3.125992478608481,-44.11425047654492,-64.12295685086556
8.892544308629274,2.3552280969756065,-0.188289428846534,-4.950693130493164,-72.16055920288716,-63.42821109547291,-55.99227158346366
-4.178085876519191,-6.003529673677521,-18.979976155239175,-8.203099250793457,49.24012784254552,81.11420156432406,-12.507521377222828
-3.2962502108246547,-1.1239364329919588,-5.257554225470377,-7.120321273803711,-21.75586775088957,-43.20660587369366,-51.43407368344256
6.841606653724202,-1.1607057694311396,-2.2380585392007077,-1.4878689050674438,-9.733526732605297,73.43822717374472,-49.617778217777335
-15.137404952851668,-6.528679512089862,-0.8026502263449736,-26.10163116455078,-23.535281477991667,129.48971271209865,-41.787374434449475
11.30050086187845,2.2561481700524744,3.6193928068162133,10.058680534362793,-44.69201994831279,-40.96021136742445,-57.360112843207006
-6.491693467909384,0.9159491624824405,7.568798208660658,-11.12679386138916,-36.457586784414616,22.26779453656804,-53.84248587286659
-7.317677089723077,-1.9296506277595036,-9.048621347769092,-8.373536109924316,-35.47585307657824,-46.89358524721204,-59.25540049167549
-15.107529709954278,-10.66992178573528,-9.476229485904465,-29.5994930267334,-45.43375244062624,-76.22529231154316,-48.36201678548628
0.8110058719835609,-8.028938896546228,-29.234373471285803,-32.31338119506836,-37.342189614641114,-98.93125100971075,-49.56115009750829
0.9217336030972421,1.4642474374660546,3.7995518244201407,-3.5884532928466797,-10.319270313358366,-92.33210209372497,-54.68745561606327
-22.772720003862513,-8.406934897921404,-9.086590876006417,-20.95374870300293,14.674506018059969,44.81057223941952,81.92076234031582
8.736443718363054,4.427273795418257,14.651761347413675,12.629721641540527,-88.28891168513057,32.90199549801918,-52.862816530514316
-12.899042286858629,4.869649117718741,11.207688771589929,7.193914413452148,-52.116907926847844,56.87493751690882,-35.400139037832346
10.882348308337699,-1.8704411579854776,-1.411988709966051,-5.855689525604248,10.17744963235927,140.75954537163514,51.749388610483685
15.970983199457862,0.14605059492069916,2.7087902276638185,5.24698543548584,1.3471854983862848,141.9222323629662,122.56439312107109
-2.7187417785530887,-8.118610700805876,-15.361657334344102,-24.781953811645508,10.625241775060614,47.3139762774666,-39.632879642569605
4.71057641095396,0.5551698667993505,8.0890967267734,0.8273832201957703,-10.566971079608532,-85.80980085099392,-54.53900888266678
-28.928570455508574,-11.751340744110944,-4.58613423940966,-23.713115692138672,-63.94068185376484,-30.27149102474322,-42.133243416643026
-13.145648050582714,-9.216025001347,-5.946176765303685,-24.693239212036133,-30.394427337694374,16.580706055336012,-41.590560560909545
-7.959174149236938,-6.223730522699651,-18.150266228672805,-21.24762725830078,-43.46470885765223,33.708675403384916,-41.50241015264994
-4.474163769886314,4.053664976075855,2.0583822766131847,2.2161500453948975,-39.474370961541396,97.4727297727599,-55.41057137883878
-31.625530565054675,-6.318763919634031,-8.52133325276026,-4.446652412414551,-57.95795905575841,65.4948067582818,-47.29117438096088
-15.371828764206725,-6.311086379694577,-0.2350439530119846,-6.029325485229492,-78.65021517212223,32.73465865724597,68.40884687553584
-61.880259988053865,-7.530006114759276,-14.035803937516237,26.41197395324707,-72.76404769564083,5.162577476634014,-52.18672423151928
-11.15995698770816,-1.7720036727515829,-4.374029601963991,17.952030181884766,7.862224562805802,18.797314153400052,-47.3116560996244
4.754177460325849,-2.901659139050348,-6.375796474970713,17.865875244140625,80.77119244537616,98.08948315009263,48.30092908641283
-6.115519120627194,-9.85733945518649,-17.64050432687499,-8.730146408081055,-12.108923655064226,25.934632867158527,-50.32588892455094
-1.6959206342146573,7.056826700055184,24.52701923958154,15.503571510314941,-3.6770933297559125,-36.632288326917276,-52.66058601523809
5.857046232526319,-1.5144985697138853,-15.22371323900581,-19.752784729003906,-54.40254316683189,7.255305071939168,-48.362761449830714
0.6565477222278102,-1.2413543095665214,4.245348507111567,1.7708513736724854,1.2097031097448134,19.77070910753728,-47.39798384699771
-11.760878985674374,-3.6393403116191174,-4.396498475048315,-11.577777862548828,43.831519214419224,-54.60679358861636,-41.27263980839564
-6.255368289262359,-4.387611265742482,-17.88957814374627,-7.5624847412109375,-52.717340545706335,44.41747718712079,-44.959073063389766
-10.974312605373918,-5.118824774345036,-17.633003542975132,-12.898831367492676,-8.873916982781598,83.33108199342313,35.32602406892964
-66.42773067773435,-13.884295882151719,-55.63449238896293,-50.212852478027344,-125.04693316389786,-128.14598522703426,-51.681672354474145
-16.34182710560802,-7.460751101950538,-11.649691399108589,-18.942501068115234,-39.60362349972348,35.74334317833278,-49.40063298937788
0.1538415107144191,-3.948985767921777,-1.7685273784820712,-19.828641891479492,-64.13010911461494,-73.11540974389011,-55.56932841078289
-14.325644953256916,-3.304475266216403,-7.152427668673791,-13.849752426147461,-34.467711143068556,-22.725838858533855,-35.24765592907107
-11.2584573013865,-5.24599661464184,-2.8450568646488095,-7.494838237762451,-65.39826790147131,35.700462784610544,-51.53054813983908
8.77976017726509,-5.802586602356385,-25.89131779050794,-13.069979667663574,-60.24338830169138,-79.7371610516238,-59.770077545955054
-3.774079431657308,-2.909909192731229,-10.110274372128801,-13.9805908203125,-20.05476711718068,-27.0182340549798,-37.28823271441347
-34.722998878379414,-7.337828146273819,-16.09150411877527,-19.315242767333984,1.1200989010355613,-1.28326825495107,-44.11440581042537
-0.9907244806883395,2.0368241476439373,-0.7521461846118684,2.3207221031188965,-51.70351927442162,-62.87995465202088,-59.25424832736749
-10.357301295035667,-10.443418357105267,-12.69489884304502,-23.226600646972656,-71.59814378796997,-33.99239397523397,-34.01661512420709
9.153152105463587,-1.5597064835433265,-7.773898463527682,-7.541112899780273,-90.44829340215698,-0.836208309437018,-52.06364835087795
-0.7024456489292734,3.28238362459513,-4.422940885954075,-1.372216820716858,-37.14194722037461,14.593522527992391,83.07496376352356
-0.1644970814004414,2.0972080084233173,-6.415632851595829,-11.281100273132324,-34.20544733939127,-9.528727177199608,-42.266971780370966
-7.787812574216822,-3.8188740057320145,-9.698848530672791,-10.086390495300293,-39.96262805793273,-8.492835106551647,136.55496947050338
5.712764744805231,4.250576897190985,3.6692528960690085,4.0493340492248535,-37.61326879315273,-59.796572023454566,-37.49510166626071
-36.06389288348023,-9.91376664055732,-23.853826671508205,-23.93939971923828,-31.15170358625692,-126.87823266848748,-50.902739942886505
2.253925436537925,6.661825105309774,23.456838886287823,12.862568855285645,23.44028283447951,-8.261320820847398,60.82326393183816
-15.850932751526479,2.8283249194548286,-0.16752564272899279,21.086204528808594,72.46675241429539,171.33789783249054,257.5111960592851
-34.903077028962294,-4.827134130516273,-12.998163073497528,-19.328170776367188,4.24952043453996,-19.195166999830974,-37.13688715025813
1.2565546726667072,4.822039892229805,6.425125499850956,14.704970359802246,-13.286724356198478,36.2746720908776,-53.902695305473195
-12.719188130371844,-1.272953007363051,-5.947481305148723,-2.277883291244507,-3.4482592763088373,-59.11983374453892,-37.594296148686986
12.710489524591047,0.9627788202703952,-3.555275877956116,-8.960966110229492,-81.27573983058174,-65.36449706903844,-52.010137035712575
7.4536986504647995,0.9436533789987059,-5.912546295869229,-6.141839027404785,-29.248112136584975,7.282312544391494,-31.489862848121167
-15.781655070480827,-4.0157041774207345,-12.751337803692074,-4.57924747467041,-43.06365517343757,163.0932915958138,-43.573146876520944
-3.1964384991687136,1.5608461342879352,-9.097536810703486,-6.774179935455322,-40.96885487276699,75.83787335617762,-54.70960792094149
-13.752378812664968,0.6214467356482727,-4.828268109797535,-6.276702404022217,-38.93984246685508,-9.309119515828339,-50.37312310971816
-13.941664780714214,0.9198808476930088,11.081063053143266,3.7967262268066406,27.377965962224316,14.883722495931979,-48.961960382723
-2.581664640046883,2.7278402117793332,10.113721820597062,0.9580846428871155,67.60010627669845,30.16342399532857,-45.41170148442577
-3.9586236663354497,1.494641257167135,8.503698144049967,2.236879348754883,-1.2053559539605043,59.8917920332404,-48.24241904345716
-1.7304499299147493,2.4204060804832044,6.531901809537234,2.070702314376831,-35.95383644671994,-19.519941227742237,-42.05378859725043
-13.141279621855222,-6.1196117081563575,-13.354257190057158,-18.031343460083008,-59.03794961088371,-121.48878734865372,-57.9970236974667
2.698782167815404,0.6919023755125718,-0.2461959980357044,-4.498844623565674,-49.0966520497101,-16.922101293648034,-51.97448905901532
-17.970523272556623,-2.8141573735188747,-0.021337757872545174,-5.746149063110352,-32.40450551597501,-68.62627283622155,24.638695839836313
-0.7142509856907755,5.712384790795615,17.418920509807844,12.920008659362793,-15.52863398519477,-68.21082720617048,-57.71960129832089
8.822753799195358,3.503803338688586,13.393893768722783,6.648981094360352,-85.70331496074876,-84.41104132323798,-58.07816375746436
-3.5152333992493863,-0.6778885011838661,-8.846897124904583,6.888960838317871,-13.482212041478139,190.09420640128477,55.42977861332679
3.645324282939624,6.144000030477259,21.972300182339826,10.835249900817871,17.669010279892838,74.93508775857892,45.342700737621655
-5.600228021351224,3.6088882007434813,-4.739449950253663,-2.182992696762085,31.378225366205847,-15.742703841043294,-54.158739687292716
3.2826540254599172,6.424958474672352,18.858291947517632,10.974183082580566,-2.4522739175004444,-44.001879268268944,0.8279150500349225
7.2721814846924655,7.25218535836642,26.413969430342927,11.455519676208496,-33.58561129889708,-55.6108379987052,32.00593416324102
4.865568460488454,3.271656254705014,-15.666793191767916,-11.385144233703613,23.519698027536077,-54.11804766149655,-55.425906890248484
-14.761066046665569,2.286975572562949,5.261773542750786,9.526089668273926,-40.62895314721392,-37.82206792200173,90.34100031113054
-8.16467818321635,-1.7698621761140574,-2.1355462403527823,-0.1498604118824005,-80.28301484108869,-33.34004074784573,-38.845281970766436
-14.722972490021231,-7.3567635161059135,-12.097650725326549,-2.5465188026428223,-83.94873017562225,-34.938716281906345,-34.799862541620534
-131.26372696160757,-6.600370052218998,-11.88435778457455,-10.422054290771484,53.776122409437015,53.210772958957364,-80.47471119704748
-203.52966654418069,-8.706262906214613,-26.335631640553974,-29.922948837280273,17.23663230905572,-42.248352938932435,-47.88246906870738
-105.45592963505186,-5.2635952171267775,-20.4319127545653,-10.570618629455566,0.8598633624034449,-90.50411259864053,-25.7640179459113
-40.36965951020921,-9.422116027737246,-15.643852156427428,6.9491095542907715,23.3409825584733,101.09693766336706,-49.359739852403244
-39.91907528993295,-12.999713578374344,-22.97201451532162,-21.038721084594727,41.19499610028867,79.06130427753304,-43.242602917803325
-8.723702477960842,0.4959529672062279,-15.114689531163787,11.824091911315918,6.656103301417769,148.23221377419603,105.25178290595483
4.869896297948674,2.7577200027477957,1.6287589546274446,17.12687110900879,74.5705119553331,160.00324685083388,51.937277938391375
-1.3942393344858015,5.106502722982265,7.487547662869412,18.781848907470703,-60.054614777944245,165.81755877552575,-45.81907017989818
11.844571545078603,1.350220789800443,5.154272530436859,6.344926357269287,67.90626301486047,265.1931856980402,-0.5620785464458521
1.8915862938560895,-6.567575337164822,6.4045274002219355,-9.741527557373047,-13.994817328298588,53.0077237054361,-55.89526435693251
7.306591320862992,-7.692911272597695,3.88203950615809,-3.101999521255493,-39.98183434849876,73.11562500528584,129.7951917527938
-38.16511357211758,0.6123354099510581,14.455982214559036,5.799429416656494,20.620553421285926,298.56449098830876,46.970669396703876
-12.908816006211616,2.8723094035437287,-0.3148700780753339,9.909819602966309,-0.34784319347022924,124.57444344854206,-45.0893738379387
-14.202002712298508,6.489013444444014,11.38273243398414,9.401993751525879,12.9553392563704,-55.428948723624565,-50.60038722056777
-4.125003790696443,4.430351419656559,0.49281006442226555,4.210412979125977,-37.54192118337769,88.40938978495537,-41.170734105151205
-7.045830264810867,-0.22494018386387998,8.986163082117207,6.770162105560303,-8.927940289063958,-45.39066212703952,-32.00281282227675
-14.360509754686158,-3.153745810190978,-10.557624591523034,-0.1974240243434906,-41.32333054642122,-37.450716481076086,-34.241397899960276
-28.97460283962371,-6.310543846566836,-16.128256907164932,-13.296961784362793,-28.080994861112273,-37.61126540305536,-46.80466719539221
-39.47816752929252,-7.074797136800486,-17.277319779269266,-14.917006492614746,-18.980203764211076,-21.131687803150317,-38.56313474136219
-27.377831813037492,-7.705102815899556,-13.82581035403192,-12.89397144317627,-28.99398178828705,-19.203401559734292,-36.1166520189384
-42.73374009695204,-8.286516732110373,-13.378515128771777,-10.828095436096191,-37.8410460090249,-46.9242370857569,-41.09392647691841
-14.159621955759075,0.9159943998527291,0.6127008077891302,3.735994338989258,-20.20621779298563,5.588421034145943,-14.644249234052166
-21.697131735210203,-2.47275432608615,-6.289708733022602,-3.2184336185455322,18.6200862880264,-19.098974858821762,-42.66111263718627
-39.23412507802521,-12.56960055255403,-31.76393700352475,-29.578575134277344,-21.144440850046895,-14.892373094704094,-14.495849545805847
-43.362106012130326,-11.309821640113121,-29.170486019298636,-34.35675048828125,-10.354259056065663,-27.77238470131038,-32.14327472516911
-51.25976260325113,-10.814175864816624,-28.86525239794277,-33.1807861328125,-2.195461131445299,-28.60200431188461,-26.94185057750696
-31.734651270855686,-17.27932084565615,-14.169628572787358,-31.769742965698242,-11.868970975199243,-34.82827579087498,-50.52050789724261
-13.194378493303669,-1.0125093118856934,3.474113101528536,-0.9459286332130432,8.122482197687736,73.75825157747788,71.2501378481153
0.6188505733170087,2.770970520840868,-3.070361235047335,3.1027932167053223,-40.546545488659945,53.377155148907526,-48.608662801351194
20.066924615122804,0.11112888491912751,-2.399919390978111,-7.510274887084961,49.88457181536066,-11.95029118292506,-50.20548138781814
11.997460038160764,-4.169100579166121,-13.25957795412282,-1.459858775138855,-48.56962073462975,-45.21303087165423,69.5676847419254
-7.67868072970748,1.0079047726045463,4.339757150999341,-5.279272556304932,-42.45705924827998,-57.96228809027954,-49.53644150719491
4.346816164706084,2.2569033478733136,0.44970546750945384,8.921347618103027,0.9722170431100423,2.9120217991812,-51.36542496516826
-64.1668920984959,-1.4365645435632117,4.771018975625803,-3.181223154067993,29.862292692356526,237.3141650969453,-55.30602872242587
12.93358401952899,-2.346621271663371,-8.627646055501277,-7.6990203857421875,-67.6689726208346,-124.29687804580327,-44.78067819346657
17.500111295969617,-0.2797138538106998,-3.7078390408225923,-12.968460083007812,-92.3923582072632,-40.75849747576189,-51.170241420525294
2.673089862234072,3.2109777416372047,-17.18416832614788,-4.852294445037842,-2.7277284869174423,14.398503404894537,-36.46313795828141
-13.261434217298284,-2.6739645491376876,-3.0429082136014483,-1.5483735799789429,-14.83788552745182,41.60219459018138,-70.48191214639881
5.312445341868269,3.2603050138595666,-4.666190697712872,-6.706266403198242,-76.9809955348616,-18.739866808857748,-41.183901454817494
-24.351964058061753,-6.166482096791177,2.3089306121768107,11.486231803894043,-15.216104511826543,-52.389427095227155,-33.69747332605134
-5.508341150297024,-1.4396214113240342,1.1648835617418614,-2.964792490005493,-39.510476003493636,-102.15403318201925,-46.574130507865185
3.3935644745988838,0.20769529044864332,-0.1418373157865287,-5.557412147521973,-39.88435169239187,-72.42841887617486,-57.52459136805632
-18.76919598394248,-0.35811988174723847,-4.512407922386056,-5.233694076538086,-101.88133005880503,-88.24422427408696,-47.42937036479436
3.2686469405693326,7.826716952066164,20.539106823821704,15.397896766662598,19.396019059661032,66.6780084595818,-49.950976819779164
-6.067361924919812,-4.141769842445732,-3.667825624048544,-8.671915054321289,6.961054312105272,23.050710347111636,-51.82818566492569
-6.268930042941184,-1.2009217217064412,-7.690360993460816,-5.2506327629089355,-33.55221892708367,-50.184498116943125,-47.76327597082652
14.09208425739481,4.440990435222802,2.3569903318143273,1.6120260953903198,-70.94910939336778,-56.256637205766836,-51.8441429514556
-4.350080236755824,-1.4268536432120806,-9.720167429077529,-13.937302589416504,-78.1746978614983,-49.20615479168043,-47.41068881688676
-4.662698127001315,-2.6585451316181583,-13.934733011141395,-15.478097915649414,-50.61602534023287,67.36494685532197,78.62697866210672
-6.5027987326768955,-6.850374526012247,-10.297791004880636,-11.364544868469238,-42.751161206320035,37.15831127651484,18.62908902409561
-5.0101984018522625,-2.4908916278820987,4.926891431657667,-4.346424102783203,33.262240218044425,4.75226221047311,-11.79906325654399
0.15294298199578682,-2.806828658394851,-0.7282628946136095,-6.222837448120117,4.021177412086249,116.90855338862612,-15.167400877748612
-10.768129364584233,-5.713537473282354,-20.238990822999405,-19.17535972595215,-29.096276125010913,-82.96067742288939,-46.69072195061033
8.100471977199609,5.112910110685652,3.404533050972061,13.024641036987305,28.036608161553524,-14.89126559265097,-50.91722414485917
-4.836982572770998,3.5010699303224784,12.674290293996071,18.101301193237305,57.38838101706972,-48.677510227413975,-44.70876170454088
5.966209327901485,0.2957705407991438,-0.40767204979486693,-5.998534202575684,-33.721232731885166,-22.982386981667744,-47.69995231577565
4.054884972739838,4.167965824513359,29.78663573392492,16.322690963745117,79.21427770920234,11.652953825994175,134.24916328059194
9.06986961239718,-1.4694388270952534,-7.536123872120375,-1.5531588792800903,28.55346050125538,83.27291047902057,-53.914436862609215
-10.629374322284399,-0.9219904933679686,-3.906502401100482,0.17192481458187103,-16.44213841464745,-19.179066032274996,-46.96697328780219
0.29429131898689187,2.069852780324752,2.043546612054121,1.9058741331100464,8.005021058227431,-108.30499155855252,-56.21089912393836
-4.514568071535084,1.3764251251157504,4.259629075149721,2.384920597076416,20.844929449526834,-5.692973895862129,-46.63806586009546
-8.02783842127672,-0.21703582413634956,3.633766428890668,10.64307689666748,-35.73387879693803,2.8289423388982438,-15.121637796157852
-7.157842679187379,2.0397918851564696,1.4439060296097308,-1.9830187559127808,-51.54232499648619,-31.98168446999488,-37.327556793219124
-13.25969594111331,0.5637693964706849,6.781178450637294,3.1886425018310547,-37.02844267952554,-58.301842352236925,-37.716061013331064
-25.220840852203573,-2.418854909281033,-3.264598324496697,-12.23245620727539,-3.361747451086633,-15.089546971803165,-30.276502671033928
-15.915234782860793,-5.286854122004333,-7.732619142545173,-14.158919334411621,-4.6112487982532855,-6.39164712749633,-32.15679625733521
-18.788085765501148,-10.24565304946111,-31.144027189533656,-27.46959686279297,-111.43475404684352,-9.194045742855526,-27.718341160926894
-4.714540907419051,2.5207269377297306,3.0881271238857937,3.3538718223571777,-38.42290326538427,-5.0649952971063685,-38.80191546494176
-6.543153871228723,-1.4186812107926283,-10.375155781891891,2.4660959243774414,12.852421645938946,12.770856485085336,62.139535322097835
-9.727516616822967,3.124620150262865,-11.2978160357485,-2.377647876739502,38.567247189706414,198.39247746577757,84.21416548848687
-6.206548412980588,6.080682761949098,-4.39185729098047,10.244114875793457,-49.936577842938135,-69.29940363241842,-23.1755553339868
-0.08351285362509797,3.578256218153033,0.6256260874077847,1.549129605293274,19.761683060680916,13.424368228403146,-40.96215360767813
10.308789543428386,-2.4471726186975222,6.311093657479278,-2.7977981567382812,-84.83944923470136,-104.02112552189573,-52.66335951058644
-14.526964584401483,-1.8894979592200563,-2.708704483258443,-6.336145401000977,47.60074597076571,28.68026123250604,-39.17318341206954
2.018588375170171,0.9107134516080094,-6.743657914675256,2.604586124420166,-8.43146518745813,-55.75037805471984,-49.72220359103626
23.891895576317715,2.2180949894282382,8.64154288310874,25.465490341186523,45.99118549647207,-57.90826364119372,-44.27993451286228
-3.847985480089131,-1.6804869573828927,-5.728567474350009,-7.885292053222656,-37.48468847270345,54.93164976782612,-52.16984843003566
14.009723249254158,1.439318399839175,12.510418960900019,13.706926345825195,-15.351684225697756,-40.70421405220828,-34.60657446742641
6.033299704799619,-0.76759822709437,4.940361654694967,1.8422404527664185,39.074251064552875,38.206300891842005,137.96968141881374
6.705823111445508,1.376278335144741,7.9707179184470025,10.177412986755371,-15.248264533097245,35.20699628388614,-49.73021964464435
0.2719273241134408,2.6918563256639443,8.393605173088162,4.706782817840576,-26.408718951522005,-15.056006306290492,12.211407824471982
2.4141570686564475,3.398003366589231,6.116262792718099,10.607686042785645,10.103610845607697,-36.619782506578254,-10.125920795648145
0.5178527470380583,2.9798894445847117,9.472237320348674,3.514730453491211,8.793303023712905,-31.61282108675009,-58.67933976321305
1.1775046494998205,3.296853142717704,2.8051543546865503,2.929513931274414,70.16980285079543,93.72891015037696,96.54060234663915
8.39345911749537,4.126041231208712,-0.15723295510198584,-0.15306207537651062,-35.856878419565035,19.04004446796454,-36.44895148312656
-0.4706540270458075,3.6743022890459254,-5.115492024507888,1.6432973146438599,-5.365696470935952,38.87943084751998,22.347340455413047
3.6951173270197573,4.247703614422538,0.34086362529798303,15.554630279541016,-18.641133630382555,-85.72925888786959,-51.71736158714517
-8.504340962115194,7.108530331134963,23.153568578032086,29.42147445678711,-21.9641737011967,-38.086549918431466,-27.974389926080097
7.048592788806273,3.3166842792325943,6.662845122941454,1.0956346988677979,-83.48144995792019,-20.02926655168881,-54.24807857929348
-4.833172684499258,0.3258355605739624,-1.987608607883743,3.0010969638824463,51.26550818827363,1.4536260697255865,-33.931948835788305
-15.08387825292872,-0.7515727552830695,11.316413627803785,-0.7488452792167664,-25.998964016254305,35.88305430424363,-47.42562275901693
8.898351422933006,5.9784316759102385,10.10560028324646,7.9762163162231445,-39.7176097344462,-26.181791584524824,-60.12644283643115
6.6389335772399445,3.421675439019831,4.4304979556384065,8.127930641174316,-65.48093190565469,-55.664657417315624,-52.70876502304632
-18.15570674438633,-5.941694152647174,-5.097849749791163,-1.4212062358856201,-53.75206265510738,-54.77906317237728,-61.02838172191535
0.15947030788476324,1.2977927894708514,-21.037424580193754,-14.422802925109863,-22.430716779537562,-16.320751343710096,-43.61874617281597
-17.833778030382305,1.0927300011961656,15.884352251493766,6.659158706665039,3.0772574193298468,-13.677009864599368,-41.78567400615767
-2.2781719834876846,-3.7525373874181445,-15.606011815366989,-13.731765747070312,4.196903075431775,-22.21085296117309,3.4352765739925406
9.216800016615302,2.696220038956869,15.266053879735463,9.443572998046875,24.275454208891183,-74.9460083875956,-52.30749495435607
-1.2972663129048372,-4.513472061830889,-10.065059971998027,-4.940280914306641,-40.01645392196044,-14.209666322530342,-47.11270467366872
4.774951006420375,2.3136164779434885,11.154745133192854,12.953140258789062,22.496159608184215,-12.22181499949933,-50.74738480373661
-2.764696492871916,8.38465439150262,25.05457647854147,15.864871978759766,40.43276311311999,24.89143418362619,-57.97745461207102
-12.999956020856171,-3.2684842643211875,-3.507189311799659,-14.048139572143555,-16.775037351720822,-53.3488311107178,-51.89243413665654
9.402866762680242,1.2870723920436316,-15.299967930696265,-10.062960624694824,-51.40412772784502,-65.68130401408831,-47.17509928679731
-12.306094816108173,-1.7869396569922453,-0.24566280470035312,-5.993782043457031,-43.300264137340676,86.20505779299758,-56.17460102882375
-1.8773300635598118,2.817499469146012,11.714715649511216,10.61783504486084,33.938076974008474,35.71445843238574,-44.76054611817424
-21.064592532196208,-6.134862312844154,-19.96003780516927,-7.779932022094727,-74.47222664628212,-17.068606502079135,-46.04572311954634
3.2075882924333503,-8.444475202017415,-3.66901027582616,-5.435766220092773,-7.777590671949997,-56.34667674789967,-48.151804088618874
3.9131382100876024,5.738087244188368,12.713824668799536,15.24138069152832,49.93656911744391,-36.74144536659261,131.47995789222608
0.07758887456792496,-3.198863354816035,-2.2726530356747734,-5.2224626541137695,-55.71484576036316,44.072645225137634,-48.18074969507772
4.0504452738879655,0.5663010410556867,-0.4023598739143237,-2.7893624305725098,25.81902301472701,204.54163323039515,-38.15122048427519
-0.5817567345264911,3.1630231265809234,10.527184123493525,9.565202713012695,-9.193578164243386,0.4900031030850104,-27.0056698738019
4.21356098931548,4.561771671913687,7.1615567159215034,8.141158103942871,-14.85094470392197,-9.834873749030168,34.28247645538376
1.3675417521887403,-4.736155373894252,-0.2720106562116441,-11.322784423828125,86.70974906772562,49.888153848839714,18.398910061805488
-6.162204650961581,-1.3024299227445206,-8.338189981759479,6.302067279815674,-21.93496394739504,-17.00501328985184,12.619974286383421
1.3491965148232903,0.9503546466735359,-5.141976854402377,9.627954483032227,2.7617624589323517,-60.61187597504037,-40.15526393158052
-0.8465355082747013,-3.954281773115454,-0.22025459578126866,-5.116063117980957,-25.490326896666506,-55.87055011152148,-47.112490005288805
-8.030752543458425,-9.05371635749961,-12.530717165040674,-23.159982681274414,-64.53028232102598,-53.28773783640605,-45.223922695903795
7.281311007929126,0.6387229203982462,-5.160178406089808,-5.727231979370117,-51.87347123108262,-10.365409349806443,-49.623671448936186
10.459147305390687,-0.5844959349809167,-14.876968265530286,-6.5379838943481445,-59.07547009604137,-31.35298012421677,-48.99547457459134
-9.783269859577434,-2.1248490432587595,1.1132183319818958,-8.080588340759277,-60.95087864628116,-7.541601996429653,-53.05429462817611
15.713397261196892,-0.11320474801507655,-4.164518058440873,-13.707781791687012,-81.10418415491283,-66.65969189090406,-47.909854414042925
-5.351795555514153,-1.0917480424492956,4.871730494744069,-9.578205108642578,38.985633434555,69.18980749494405,-55.46189358599394
-10.142407376246114,-6.605197758419549,-9.547355885371198,-0.2343602180480957,-27.15652151679187,44.816900772229495,-63.92815775141473
-20.105885088021868,0.6338492513807797,-18.26669056068686,-10.283297538757324,-15.233602965734221,56.553286421640564,92.61638502072367
-3.0273538984924078,3.012065071151671,-6.117866432368484,-2.9416372776031494,-48.027482343756795,46.46191544618334,153.4571469729527
8.303017083616322,5.027466215674597,4.091323328285695,16.816162109375,-77.30625575829382,-75.1063603822874,-54.800074938339975
5.504419726698416,4.113554795758669,7.93291759934076,2.4713542461395264,-25.180886430106465,-55.61825252393401,-38.9223820133003
10.444646620527687,0.09377330596628426,0.11392667054268839,-4.755302906036377,11.505087092278247,124.7029514531113,106.38094005393255
4.682070510694542,6.901675320957246,24.231970538636048,18.35552406311035,1.2638648943451187,93.55812894542564,62.21387907458556
6.299440168514979,-0.30029546078049923,-12.296323713751368,-14.428973197937012,-46.78323894071389,16.69409978067135,-69.88739157188051
3.1188599777828645,-2.7010296949447343,-0.8407754069816409,-11.032485008239746,-38.66990042889836,-44.90648562386994,-54.3133371606057
-4.463169112864001,-0.25032059682009766,0.093385932648738,-9.677952766418457,-24.645145101117556,-35.351127067594554,-39.18543077185175
-1.1293637221929775,3.239141537498592,-3.8276219373822156,-7.035524845123291,22.03628208340968,7.99307418798758,48.58677830197836
-8.005453387185643,-4.698172718308826,-7.213505754029509,-13.06342601776123,-61.668510055153774,2.6325764965494343,37.68406812024719
10.5660545840018,0.03386308965420674,-4.524446009256775,-8.425114631652832,-26.587363757039615,-81.9398112186811,-53.742165386428255
1.4287782707828254,-7.2166422379648,-16.883652910296643,-17.40351104736328,77.84225767858102,12.45144975789715,-35.46967310757911
9.681042807203873,2.533795514475531,2.9656429203476344,-7.300747871398926,73.32677768170241,-26.599055610219885,114.84054426683223
-1.3343483950155783,0.1582798938733322,-7.704705669026524,-25.40744400024414,-72.88290756138426,-110.94349271532083,-55.26866544628995
2.878095829748617,-4.416249534893936,-3.8538114392855882,-5.613497734069824,-67.15671127597416,-109.28561186063936,-55.189737970019316
1.7741663839437165,-8.492604794631866,-17.0593746131217,-1.1785691976547241,-71.43753674870452,-111.54261772691602,-54.99004083879181
2.441049627960879,-5.532659115468476,0.7897572867331767,-7.512412071228027,-55.24904521618673,-92.55275024082577,-52.28016679879549
-0.9794950513988039,-4.710578357942233,-4.283303362176848,-6.39022159576416,-14.591537234030037,-67.58646997700949,1.984279341686805
10.223318300815668,6.979117798528831,23.29954529795104,12.887545585632324,50.43166838964204,54.792622302384544,116.55960807484725
3.8128213465824596,1.8439460178254796,1.080920938629324,5.932088851928711,-46.95446546186685,-0.3474502920424284,7.43545411476528
-77.92600109302577,-3.6376420452222935,-13.126641315076384,-17.07182502746582,67.046230465141,314.01977446425576,131.47679407793336
6.444168747195613,3.6229613721151193,-1.6085057766825177,-2.6468992233276367,-31.08590018186834,-2.585781241917131,-49.62373462814073
4.270538959646555,1.799151467533875,10.03419057931971,4.709475517272949,-15.156619392618882,117.88281538297738,-45.40392957518569
4.279100566723091,2.8002140989606064,-1.0225436364980542,-1.976352334022522,-46.44153140551167,-55.93861200841437,-23.100197842317442
-7.623452953711862,-8.906230502508247,-17.91296250255854,-22.23092269897461,-69.93733467233652,-48.92589710453908,-42.255980171700365
4.4926138695722475,8.305961138046106,23.545983448036548,27.986019134521484,-20.887126896647526,94.7078488490899,-48.44127133441409
8.623528357598902,2.615863606541127,1.736717993556544,7.158674240112305,-67.10094908912045,-74.1463318998432,-53.65862992350439
5.764786920145967,2.6686271684710623,9.084005577549387,5.049776554107666,9.620525359217826,155.8267288798126,26.447179738192496
-21.383179956178545,-1.449008630820993,-9.74795113463507,-7.755611419677734,-6.988007698678748,-2.642085898043329,-47.06507845315393
4.788134330539489,5.354489198822048,14.893864820913791,9.876314163208008,-46.74639997695633,5.256733601613842,-53.26277393135272
-10.295910935356897,-1.0827043817478152,-0.7504965051236099,-5.043376445770264,71.98429326255635,169.2425001407293,42.501445166547
13.61977996761302,11.178718567377668,35.727259306772325,24.100378036499023,-35.268074387635984,-26.59667692122023,-50.1216376898992
-4.740356992102624,-1.4429628108436714,1.4876987597149023,-21.570173263549805,13.47607126143049,73.68534433880377,68.81985354157344
2.206539626739601,6.325590574339158,7.4722099252780385,6.252293109893799,73.96083756765387,95.27447409159315,46.87239525391602
13.468522253305787,7.244885807019491,8.840143113282869,8.647032737731934,14.780115933287322,146.61676729506607,-6.245386233325874
14.092828586591107,5.6788812583476185,4.874795938176382,7.072973251342773,40.02730591969547,325.53227871909155,-11.839000284697335
7.242968070949182,3.0349318007592534,-6.425581859749273,-1.9531186819076538,8.111962802385854,-31.70743308696667,10.44665002409218
1.5080514158934828,2.927125740458153,18.444705411330446,23.683557510375977,39.379951233258986,76.83971470991158,-54.65687797951748
12.257756246215001,6.3957171397197,12.247360891484005,10.179944038391113,-10.382860193826836,-43.2948341972734,-53.73593628628016
14.814389548596257,9.344513499663577,22.20327312860221,21.58433723449707,6.704575110341764,1.0287596424399168,61.37554777254993
-24.094660129584742,3.633653214823845,1.2091764062675845,3.251979112625122,-13.750217256616247,-72.84634456296737,-55.27679882103159
-1.7647952936053932,8.861991510763417,34.550876235274515,18.535079956054688,14.615631803676212,88.95368945825126,-49.103494167255306
-2.2128866474216426,-0.29136708842964915,-1.2398266175500603,-9.50770092010498,60.80365806530663,50.08232115789778,180.7463373552786
-11.095330190557798,-2.2130210843742546,-5.753060734587381,-4.505388259887695,-42.77134029185047,-42.40372098023543,-58.18418658929305
-4.536773408135398,-6.462931842713501,-1.4295484977169368,-9.851821899414062,-40.77991882975787,-39.1124794569681,0.09409271252400468
-10.56604199043152,-7.770581935146364,-9.855705407627468,-10.861348152160645,-18.905693824259505,11.899973631009058,-49.236013548350904
-2.0040333765973917,-4.4498076681883925,-11.928873382566609,-9.362454414367676,-23.784568012595727,-59.50381631928334,-57.533255103124446
7.512166963261869,5.141998828490601,12.049418398364356,9.280525207519531,-20.7748672680239,-84.45711947524576,-49.724737234994585
-9.659134672591412,-8.378492063006885,-14.397031582175533,-20.431318283081055,-43.381292786509306,-39.50582081836456,-35.40707829841851
-5.214529070388679,-7.3997425680324795,0.22671240822593308,-10.228596687316895,-48.378516095846805,34.042234327169446,-45.81736393625723
-4.016889746604809,-1.2933096586188568,5.731351624833595,-4.151984691619873,-39.32480575278736,41.92116579298502,15.559898671853833
5.2186191089834,5.642031210825468,6.4039957025291505,10.622859001159668,-38.13305132639674,-11.355507972901862,-64.05539617709806
7.700264967285735,6.197506654156403,4.864220130210604,3.059103012084961,-63.527370923499326,-24.74670677590825,-16.80276271979573
9.419453013180298,4.2684607796527665,-8.091359074086894,1.2778480052947998,-28.088193388825815,-7.810246881889392,-49.82667705576689
-16.19892471955677,-1.1993865760030524,10.011299289863876,9.423270225524902,-45.85540969400807,-23.637622773507665,-45.14355089380168
-17.609694965272293,0.5538801841968827,1.0675108130157474,6.086319923400879,-41.97227169909586,14.499937589434886,-50.77550361766628
2.3645034352987766,-0.15502605067828593,0.18247702551332745,-1.0799498558044434,-10.98989550660204,-73.2545477293189,-57.84806416233283
-6.444931397252631,-8.639891767917897,-13.793252747825303,-15.027152061462402,-64.3622220842092,40.75534448067996,-59.05022211701691
9.842084615938797,1.0186399224853815,0.2808629791268582,2.1842124462127686,-33.280611215914035,66.46923021631319,-51.98226424100312
7.749986839792648,4.233440747728194,2.747751423318563,8.416629791259766,-21.237541236396076,84.94594403249506,-45.68247690680629
-4.606332997667346,-0.06191110343350537,4.224545824870825,2.87530255317688,-25.985481231580373,118.35933355190686,158.2887396638461
3.8260863379196453,-4.4140069243125035,-5.1747432301450065,-2.8727803230285645,68.64619849598189,41.91709227893249,177.7159217415516
3.225508145773753,8.339472732052776,14.185277574653126,13.531289100646973,-36.96799234598383,2.1637265854811427,108.93130107145247
-8.943583732545543,6.2564166880123855,4.911602836563325,-1.261626124382019,-48.97702781237699,-18.971757065558638,-32.88534849595334
-3.276692972117297,5.002280678772647,4.686671419367771,1.5803381204605103,-24.336447581094227,51.32162228233435,-43.9061488461677
-4.777821978425786,1.73440572319264,6.9519821940976465,7.883708953857422,-11.246149308149322,-25.35319691441643,-51.26089851302612
7.508815421261978,5.701956602542242,-0.38819889681727265,-2.2763233184814453,-43.45160478550092,-97.75559057740976,-50.690485751931526
-4.541293971774335,-4.791302811953405,-5.650832508373212,-5.418593406677246,-0.7952562751717931,54.89622327737804,-54.969194361947956
2.4450861499996623,-2.4041690898261683,5.3972185979201885,2.4797847270965576,-46.13333688467418,-1.72851431830401,-52.35227365593903
11.760724756126148,5.488363473178129,13.70098396204512,21.248205184936523,12.626023243306543,28.83525963054059,-49.204752575082864
9.438646632730723,4.25150835083616,10.880814226714666,9.637133598327637,-18.801113445208927,-82.13936725669214,-49.87341128368632
17.457021823930774,7.8120571525188325,18.190578513047406,4.200698375701904,-56.66085894830147,126.49634243692337,-54.46670926639387
3.3603768241591685,-0.2244829294917212,-2.262562553588845,-2.509169101715088,-69.01012827148091,-48.78143399608454,-50.084040375149435
11.892648721308479,-3.5821407459006096,-11.60914102588657,-8.260750770568848,-35.82582058526122,45.1391056623453,-41.85703795029039
4.958657245880552,0.4980230925234817,-24.83628573297616,-9.518983840942383,-13.046716557228356,63.49685564134305,-48.43450418189221
4.192629436485424,1.294330018238383,5.691235593137762,-1.065636157989502,-18.001805557851092,-31.858316142014793,33.95858399863785
-0.5836192043733113,5.3231369305902,13.539735955014462,6.449619770050049,-16.333075696319874,-54.300384174918825,-52.28644821917275
11.599873124229912,9.263178202800862,19.254107210937377,16.267431259155273,-19.943884902628383,-37.89328772962761,-43.44005666506645
9.368361335249022,3.379017734953935,6.451445851925505,9.916535377502441,-8.78613483692927,27.64648939761305,32.867420575000935
5.980536113025417,5.083900741729978,1.1061428039394834,12.814763069152832,45.27749964766007,18.009720087539158,13.583636907709453
9.140754427943643,1.705952502417585,-5.6041651724328085,3.767641544342041,-15.108009588848063,-51.29509033318765,26.839819876444686
0.3970802716153081,7.132617574718814,15.339717022404097,15.204809188842773,-89.69326262150814,-80.126434396253,-48.20906696098265
0.19824060646861463,6.337409420628428,15.52036478883713,13.355785369873047,-79.20393340235056,-69.81671020682201,-44.79241369176767
-11.121596811970027,-0.3624339622740469,1.010202942682155,-4.1801252365112305,-98.73514174318701,105.01733535295712,-45.65193939539973
-0.571150741123327,3.272808277751064,4.317754005578519,2.2849693298339844,18.56076291316517,47.002412575404186,-47.11231563886818
3.9890825216146637,1.458412487247363,1.9845274124276135,2.9468271732330322,3.8417114174739644,27.39992656812658,-51.69123958555219
-24.37506098414665,-12.779040950424196,-17.340173713872332,-15.713424682617188,-81.16007828634939,-28.479814602846805,35.48256114215933
1.5748425651942273,-0.7065187066981198,8.633399097255356,8.671265602111816,-57.65336429123485,45.716782124652546,-47.230736627310804
-20.976993925174284,-8.046325773156639,-17.600104864892064,-24.923494338989258,18.135740195250854,106.69155424866268,38.38470346670906
-24.11714477921458,1.2173641752687143,-7.753043362379332,-6.472511291503906,-34.25848428556949,162.31237325343085,-56.47696059494686
-5.3293395061826345,-5.809371745164332,-14.61312441746667,-22.02853012084961,54.564222175578564,22.858562746169575,-54.67798692879027
-9.432814298311788,-2.7059701588477245,4.576681638991973,-8.648186683654785,-26.483722399011384,-45.84697824876222,-64.54177022094196
6.186849219848286,7.350609032088738,20.028344847475125,20.921558380126953,-12.969939319812907,16.190076062514436,-46.9465399732494
-8.592756760536547,-3.875810155875052,4.3957176501560165,0.49772271513938904,5.535783373425179,69.1787136211371,-49.15500000257758
4.074150480703588,6.68502224293728,8.248228523737762,22.331140518188477,28.870646931892715,-53.34725153374377,-49.57609442932866
11.363139492900647,3.469089417640944,6.539869108519943,9.481657028198242,50.42074832073301,51.034467144656496,50.06483599343954
9.54236558082409,5.5919631386371105,6.0949003692729,13.745916366577148,39.655490773288726,156.3146591168665,-56.464357458510925
-33.9950577684703,-4.060857057423611,-22.32167607248906,-17.438302993774414,-54.220434926812885,-14.67152425847871,-77.75418739353043
-14.735851273296234,-2.2474425309176636,-4.066092100377211,12.056053161621094,-30.60590116050522,-99.04819679218718,-43.16047337526681
2.2449097579730464,4.41298375561452,14.867947463476602,17.600706100463867,10.186569592845693,172.94601079746454,-63.50618411380248
-16.42636553524669,-6.2702789313227925,-22.79324908958005,8.562243461608887,54.752821513381846,-30.28654399109391,-71.17969104639978
-12.795879258034773,0.7880848477472947,-0.9735589725350515,6.655860424041748,112.54798027720364,74.1333441821768,35.85489279880602
-22.47438303468267,-10.466864165510964,-10.160905695496222,-1.873841643333435,-15.467989883941279,50.869074749006366,31.7168854253322
7.633669205337416,3.083625796616479,10.32761626272657,8.936750411987305,-10.658058903962548,42.42324021921675,-57.030756381796834
5.825938763222286,1.0920674772176895,3.6155252508981945,0.9718782305717468,-37.041203946900985,67.9982469038312,192.69022157140358
3.2451720190880913,1.8685210477185286,-1.6111803897825039,-6.154296875,-14.182774819122379,17.660666659829978,-19.874186787533954
-18.210176593557144,-5.6777367721798635,-6.16369860076327,2.0036697387695312,2.493230983387696,-41.7016578707511,-28.13244085905388
1.5158415614399865,1.308819991183438,-16.442251358668603,-5.61811637878418,-30.274144886860967,-56.48317323243162,4.584538914264847
12.491923904069353,6.980725671488675,10.154677577497706,9.373517036437988,-74.1931280064301,9.10258708020145,-56.073012157651476
2.058304090628107,3.3682810379660513,-3.212885835349752,7.010445594787598,30.83984699512714,-39.594846465432205,-52.75899164256535
12.975658288688958,1.9699191656069304,-4.92269794650795,-0.10068194568157196,-29.882812064655877,-25.4512971238087,-51.40071958488024
-0.8359580879480304,-0.28201685668060067,-5.566625010126184,4.483525276184082,-53.15403908686551,-7.561146181219967,-51.679506649619626
-3.6917086562606767,0.07009091403917829,3.7191537487003847,10.071329116821289,38.11041579279507,-3.5645142676748276,-60.647184955242395
0.45448750818349737,4.077205843045083,0.8033530511594231,3.677821636199951,-62.52580125872987,-38.70433396409829,-49.617953343913356
-25.443062418023214,-9.031170837578054,-31.771650424666404,-20.497642517089844,-44.891308730303834,-57.42158065079811,-60.909497309023905
8.80316541198513,-2.899750317754628,-10.124922962633814,-25.118444442749023,-5.955870429163655,-46.55336807981666,-30.85102614946541
-9.047392977474848,-2.169164993841105,33.54151705681539,19.31075668334961,33.029918706629196,-6.890663026178395,78.72166904595427
0.6040999184706275,-6.6997207566212715,-7.0785674216021865,-9.554617881774902,58.645144407469004,31.650616773579358,99.52928243053883
9.794298823074506,1.8139704156022682,8.250658994488791,10.577749252319336,-21.213906775173538,48.47907119714453,-43.83774034717109
0.5773493380803632,1.7567350743217498,3.3365598831803105,-2.1688897609710693,29.309688824135932,-99.05402940685374,-23.614159351344078
3.8732951496746177,-0.4490555135385749,-2.6229177239363772,2.8362314701080322,-110.12826400951307,-74.91591131307779,-52.2351897920725
5.488030920774042,-2.731465871957411,-3.9906880768879844,-1.5740395784378052,-76.14661695374292,-60.08464433268018,-55.185272612563814
1.4368034414048403,-10.239109721687054,-26.47365639582938,-24.93486213684082,-43.677284514763585,-57.13390602207867,-50.34905099845618
-7.246390982082225,-10.961959175000521,-24.43011610546856,-26.66659927368164,-84.1978605037431,-78.59364856555662,-48.84549606763696
2.0611481029302547,-1.9854551781905896,3.0949804529199545,17.202686309814453,4.800936338044654,20.509546358920332,-55.35500716053713
-4.369132439488258,1.1100939703965833,10.511428854700766,10.071399688720703,18.194760120740078,110.56588519253471,-19.17718574308536
3.435284542772455,0.8731075269316246,4.995631898431125,6.663335800170898,-48.9103752857441,51.293045585654575,7.106269594929165
6.067376689250171,-7.562015973811605,-11.300991657931565,-9.540929794311523,-65.72779762383209,-9.559236855253523,-48.60980053174625
-9.316530208831702,-0.2207109362712644,3.447281486518244,2.1415719985961914,-3.3927020758414788,103.49520660498786,8.427919368745659
-10.506117355912886,-9.465565511901408,-14.653039201734202,-7.932011604309082,-24.16744036275403,58.8962822748366,-49.01373808563868
7.608594342969425,6.929884747593806,7.724028899070277,20.33496856689453,-64.64367347566905,-30.93214641265303,-52.42615776314082
15.084782634406139,2.528954410578867,-6.883539798537699,-1.2856717109680176,-48.187435601828554,-6.680716904490734,-52.828847571748156
-16.21416753741565,-1.9487182397737908,5.588810041260785,-5.836752891540527,-33.57696216371653,-34.12811306898397,-32.937281443075065
11.138011026312569,4.001928934956764,14.768523817520201,13.770691871643066,-19.844977529606805,-54.54893572866191,-47.81466794468606
-9.347418399314657,-5.64414108024234,-13.163305724685056,-6.636991024017334,26.798410155699912,-43.80878470485903,-48.83341240455338
10.49795305989327,4.464367986294259,8.259400791233512,7.700094223022461,-46.19227921872189,-15.270293332511057,-50.23556547928327
1.321161884656193,-0.7479615972151968,7.437969813712325,8.725223541259766,-31.252964587823968,-36.55343589606519,-56.29811850536111
9.106783812880542,4.269939402931228,7.86585533982205,2.4275448322296143,-40.08606820887133,57.729222047956284,18.083933526844145
8.428927604171106,-7.602185739888875,-1.2849434491365084,-10.536571502685547,-9.88603735328962,54.031221505567856,-53.29445196462122
19.904466449465062,7.243768108187437,24.663949122848297,24.293352127075195,-54.981532973568406,-32.865164495388704,-46.85243500050106
1.176833589334385,4.450470701142523,12.827583981923969,10.866361618041992,62.43399971431641,173.96917360244257,91.19253149831863
3.9289286912536245,-1.681254241686644,-6.265111445542186,-4.480785369873047,-23.439676563163378,-102.5732881947894,-53.88897419628105
16.928642927277465,6.119476949274646,16.489570691065715,22.34623908996582,-74.5853092979494,41.570372294568806,-47.08305098459999
-2.043259948805785,-1.7508909226821272,-9.909969601439625,-1.5835579633712769,-77.59832346290526,-85.14088792698469,-49.690355339436366
9.522711068365721,4.086137275064411,-2.884305052032818,17.010761260986328,-2.691892446133364,41.88738856166915,-47.943918838717494
-11.918571972796453,-1.568606730381354,-2.5841784310211873,-1.1600643396377563,-85.25242538035265,-88.21887657813294,-56.67500521246099
7.1013567154288335,0.5521598406720474,4.742744009089414,-0.006176049821078777,-28.19311585507084,65.93446619617826,-50.4640440628378
14.352780721210648,2.0510541610410638,3.0110591572141545,-3.717620611190796,-6.72929447325753,-34.57968960481532,-44.00595778816659
-0.28151183228924603,1.4633899253251812,1.0188976021844907,2.9935452938079834,1.8321197278925734,0.7352331680718945,-49.235640900690605
19.023871000026976,3.328040871898705,-1.205030066131436,1.5289767980575562,9.190841680050397,-55.86080656959157,-39.15278906956546
-2.9306692834353636,2.6063062938216075,-3.732744748748612,0.6809014678001404,-46.80217741079272,-40.14630600179784,-56.356096063469174
13.52930135520746,7.349332608039099,5.104621831411912,10.964654922485352,138.45662158654736,144.18973014957453,226.40509780673565
32.22183935376219,11.04545535344976,27.106979413906018,38.144893646240234,123.9799587789825,0.44681905677739964,-35.62659383217238
3.4886641094309936,4.856111487883654,7.710545951400449,6.868975639343262,6.423751397967283,-28.589075001930112,-52.66054580613749
14.239922572282502,7.05827931511097,9.4397492609832,23.208059310913086,20.193202494646574,-22.209946301080315,-53.21388346903069
14.521144784007326,5.80081122390719,10.148155279476041,12.364107131958008,23.498516851866597,8.686785813952621,-52.673954615468375
0.03813303232204257,3.0375912948795283,-2.771982997718848,0.5791236162185669,11.37379830087946,123.83066526798056,93.56684104620315
10.28914624890246,2.1000538257178154,-6.399328918414915,2.8963685035705566,-7.422535718805262,78.68579138091339,14.596202405928846
5.727881420993434,0.22383128828928076,3.3016410179834486,-1.194149374961853,60.729829442028944,148.15806283115683,63.432109991375015
-11.598895152599,5.193406653536233,25.134201396377822,38.79380798339844,-28.349879099702573,14.739421677693816,-48.70701190303697
-4.4230114946005035,3.4021402263159684,4.383164849371461,3.848803997039795,55.592606864240025,20.868072825267863,173.16907925209122
7.84428190031419,8.479146031425026,16.852052122652598,17.213659286499023,54.36234277440974,21.080786580442656,48.10254450521534
1.9402695527597733,5.370155906720999,0.2351944262096417,2.483124256134033,91.40821359664089,75.04091777013248,34.54998963878554
-1.7513085944807982,1.5706708790095876,11.53184968319067,3.4225690364837646,-67.8962976949883,-30.411506035425464,14.20081568659117
-8.505077975090565,-11.421678677480573,-26.345299510959038,-16.457773208618164,-47.1289619715575,-39.668929090782036,-32.000059992680086
6.735821779901668,4.021766608912526,-5.516304635782984,1.7415279150009155,20.36759220520898,-50.814351198510586,-47.022282966996755
-11.5391336100316,-1.3769156287736857,1.7922904625584344,3.7000560760498047,1.290253554494873,82.942472887925,41.736238312645014
-14.545461098186635,-1.1130686839458452,-3.87430690628184,-0.7566037774085999,-19.41254469723493,0.5439727911644078,109.17716839884245
-1.7903954103919064,1.6280265954759832,-4.8883289418316505,-9.84633731842041,1.8217010709860757,74.13886782996633,-60.98535472814051
-2.393801361171348,1.994936447401087,8.702492940328737,4.772351264953613,-53.39794558793227,-33.58003230594833,-52.2772478998146
-11.426807890104424,-4.576941713825017,-8.999157123860474,-14.397656440734863,-35.88822625801052,-11.27581558622273,-54.91290510027771
2.383496436313691,-2.911144030672561,-0.739193047781753,-7.882593154907227,1.810747410634269,16.304333545035863,-58.00179531840895
-10.8144651912636,-5.549733406143311,-6.5661089651038935,5.300230979919434,-27.96892018061417,-35.5545659499139,8.061260514766284
-0.13136674818125793,-7.30131737771899,-13.862636412292762,-8.684435844421387,-65.47837078885303,12.83322835711056,-43.85470707546018
5.284782777350646,2.4663024880618565,-0.8136794308075532,1.7940590381622314,-6.962182351851427,-50.128002546599724,-57.34699309193619
-5.473264375351938,-6.5746035754932315,-17.795705636121934,-8.102237701416016,-23.552652866974427,167.0561912288763,-54.1359762087559
-7.857620704978645,-2.949106692565233,13.109469563330785,2.0158305168151855,0.45653607538844315,6.756419921874108,-48.541877898041875
5.942224213365487,6.84263685468205,13.635546345367331,18.53994369506836,44.05878903739533,117.12142910806328,37.91077968270543
7.30215372312632,-1.3763871850487266,11.835116920894373,7.544208526611328,6.167435532133281,-11.666095161527943,-16.564596969264308
0.004233149139136194,-6.26472008176788,0.9118401395127493,-2.305314064025879,52.457151044005485,96.71816144308413,15.576752868800297
16.695129395479327,0.8319683873893435,3.8027674495804233,3.7468643188476562,56.466555095373096,83.58772578878455,-48.49889148852408
7.738474805309021,4.58310075265319,-5.092678520107793,21.381053924560547,30.524175374017283,30.971771787920538,-46.653506021700466
-0.8531547278897584,3.1279880275236724,15.636145229168598,1.3669618368148804,-6.247079091413779,-59.59640647377859,-51.8824850266667
12.860514740615862,5.711379052039554,14.173351222762069,17.579923629760742,34.12139956102039,140.255767336855,-42.94467409786185
-2.4297151249902815,-0.5969922962591225,-17.620187862420075,-11.241744041442871,14.880906932984544,9.620764464545811,-35.39844227607009
-28.890769125575314,-10.137609120383086,7.706694653137931,-8.321535110473633,4.855980527102247,88.64187537442047,-11.980778492637292
-2.813990618667572,1.1214834600712094,7.296101849096006,0.9180541038513184,-21.198759885595962,-24.760491424941172,-60.98171119373184
-6.2606899086115995,-2.5211372516126986,-1.2097090149628775,-7.732134819030762,-65.92295080033342,57.57773093447677,-55.871035973364755
6.126248412972824,3.7181304969284064,15.920361871296759,5.357307434082031,-26.13958623852547,56.25635573960873,-40.738245406002
-19.237352690941403,-0.7245803374397871,2.7922994361368594,-8.174864768981934,-39.7337419121105,-20.852177193818267,-45.66359658838865
-14.123790111293989,-9.889806013620065,-23.78741453371702,-26.4577579498291,-52.70644786334438,-43.94018135894505,-47.24502547980214
-4.8697757787848595,-5.589126316775296,-7.8414144005322735,3.7972071170806885,-3.7481407579768025,88.93880498070858,-49.08981826936839
8.430988775172104,8.99275279898903,36.74890608471633,27.02077293395996,12.307666084092489,106.24683603815608,-9.86721842123281
12.285341263896973,4.0245488273651295,15.206316930735339,8.6636962890625,2.8479481148444634,95.67153357688572,12.494118583943
-8.038481726515693,0.846234722073066,6.268364037825702,6.464600563049316,-0.19488284868705238,78.76843552690198,-57.048239355509644
3.155249010221454,1.1956103810797827,-12.163770750301275,0.4527289569377899,-31.567724767578504,74.5505349574439,-57.572349641453606
-5.26565512704296,-3.007903478548642,-11.529823406577663,-17.512691497802734,17.906865481167486,-23.44767967918775,74.1995502466515
11.254147131789495,-1.1390322544053368,8.617294610584961,6.803447246551514,-3.2991279891953518,45.0890662991373,182.49613378473558
14.084118702071216,9.148541010847799,12.033159948222401,15.050317764282227,-2.8524205495733916,-0.582347312980971,-47.65890063199095
-9.242105735672366,-5.128684677946002,0.5052182521043131,5.209815979003906,44.86660398400072,-15.76856846496434,-54.71179639165106
-9.500756252778267,-8.780281424172186,-16.53116637832563,-13.877814292907715,-59.08392812878544,49.99963608992652,-40.669900656477324
4.121246182020097,4.456051626545226,15.09729492116213,10.28328800201416,-47.352944374810406,-133.8485850866931,-48.73400902960293
-6.003270490829573,-10.169760086564699,-9.791164688526353,-13.659747123718262,-55.69612493653311,-23.036295929820817,66.01669192638592
-2.928606352651729,-6.3401069725322134,9.966445895641353,1.7336792945861816,-76.88351641308327,-45.89001980155929,-6.492678182973718
10.748726948354653,2.1581340955808566,5.230940053845156,11.94357967376709,-22.546700244994554,16.234985567717548,66.71417142394203
1.9201896228233375,2.0184465715682576,-0.41632098883081564,1.0291856527328491,-33.06991360601404,26.961352881706688,-37.55311490605837
8.368243245059286,3.444835960853206,-3.064030915375408,5.037509441375732,-59.746344769607234,-115.51714426630849,-47.3239385852742
13.205644084903847,2.015742941914903,3.211829389968749,4.007895469665527,-36.56786125797139,-41.088558933632974,3.384433291999806
5.782010942923927,6.891300364688425,14.609497813616526,3.975447654724121,-77.92475284812883,-97.85835383284471,-55.96220814073132
-0.5123319839641098,-1.1026546057784343,-0.71182727552533,2.703709125518799,-13.203854822243404,62.618974937485675,134.40179347758516
-5.393547981863689,-3.122402895325133,-11.825062676735373,3.03960919380188,-33.20887622389984,-47.887487079805986,-58.82645034637413
15.568112226265088,1.9631632406595019,14.98584046150663,15.516597747802734,-55.51190480883107,62.22008074616809,75.02982761663176
-0.5113742796802749,-6.2708449529522525,3.7994075476095293,1.3181493282318115,-38.939132023912904,-22.432372478431645,3.350946751309741
16.115177474883144,5.781086788331649,1.072181467572534,2.653388261795044,-44.18961635569849,-61.898299345653044,-58.06839592022811
0.016345496032240003,-1.0783360973237106,7.437485045910881,5.540759563446045,50.022225277000636,-58.594698865433394,-44.75771467433343
1.1496561511422212,0.972295962429104,2.0146967457668885,-3.01562762260437,35.34699776137461,97.7801351470432,-50.89789032308346
13.365947356337283,3.7802680993274627,2.499421199454819,7.102343559265137,-14.29920419290574,40.85569120534435,-48.627421244405284
-15.954132613817062,-5.784137965105483,-25.553328517411426,-14.506173133850098,-18.142899799669337,-91.12809056537729,40.5710281333245
11.436355988281921,6.7508232059799935,19.717243746340703,-0.39937862753868103,-30.08409862272746,-15.914751171241917,-61.37791848410389
0.3714081734893735,-2.6611044161931945,-4.163078662684739,-4.646100997924805,124.06250820061602,-54.805105357696085,-42.0115187610923
-8.706294812264295,-5.583717404199225,-7.934824614494359,-13.182023048400879,-10.881431325774699,-106.67051956607631,-50.836457645020516
1.3295229378774236,1.7360081225258563,-0.7601357277770094,-7.710867881774902,51.26695280933151,52.436199316292864,-64.22129142982449
-16.727342634982385,-7.327739921678474,12.354359387105587,-4.704080104827881,-29.705665472209567,3.3757218522231773,-61.33852657354713
-9.333690449102996,4.494869083633753,-0.9589333597030913,20.759733200073242,50.456016165660344,-28.06967093629825,56.42808893121286
-30.733351498387737,-1.4595709083340909,-11.848488644938431,4.8717265129089355,123.0533163414866,63.41469290848911,-49.010826484562614
-14.564714778275254,-3.685071254283014,0.44354418209098173,-11.883056640625,-22.861245035402867,-16.155285941580402,143.69981719280796
-11.250566351642831,-14.264911408722012,-21.882041548403624,-30.01820182800293,-117.40204977570369,-53.28473281414256,-43.44638490875685
-6.475534920830253,-12.735499063883486,-13.593097199425705,-25.949695587158203,-70.166706139147,-45.54343488998018,-56.08525215329533
-0.34293956586723007,0.8197273347922519,1.8592325308959263,-1.2552785873413086,-60.44981744791893,25.130063258166427,-41.940751079528624
-1.052279806383742,-1.7008114061143693,-8.905587378710749,-9.207213401794434,-29.872163542744765,-83.54417619165129,-45.71217431305398
-7.290844143753294,-6.85474450462212,-25.174446899176893,-18.369150161743164,-32.46272605269528,-21.7988085143804,-60.30019463377579
-7.8359919112682785,-9.155879962329548,-19.55437565538409,-17.015682220458984,-16.423946733751507,-41.33633114566316,-48.318658359326975
3.969462261773092,0.08177060286536594,3.6689477965020667,2.559011459350586,32.570284952889416,187.7640971129258,195.71715955387285
2.901601323211962,-3.8080057991647625,-7.689244115916533,-2.6094462871551514,3.854049951385922,38.80515345426445,-55.42954477454892
4.293350132123983,0.7750835521020931,5.55290389074192,6.454165458679199,38.05891314875025,33.084562638814226,-58.568622506421605
-0.1779608589434487,-7.348092212838989,-17.428255271254322,-18.005626678466797,14.570651654635398,47.95688735898033,-43.800704794417996
-1.150361271602455,-2.925229536303052,-21.076301782987304,-11.573301315307617,51.18287505702733,70.13648822337541,-55.17478417576045
1.7633689610095469,0.3488503486297913,1.1301695609705285,2.378767728805542,48.71632551522025,4.097285914994945,-55.543087975564774
12.476986858332438,4.760392847739288,5.235872276579527,4.159799575805664,39.88745564581968,109.97737547824364,154.50837032175406
6.77162774805616,-5.952040276820919,-11.339951428577928,-7.915712833404541,118.90093092651725,243.71600594393286,143.95311157652742
15.346273109102054,4.823244561817955,12.86275790542339,11.814255714416504,48.84644973984645,55.98741110120569,79.32279186784503
10.245964734051933,5.236190763528445,5.436232006665039,4.866352081298828,10.837212387082705,70.90593204545836,-55.34938846841294
27.00268656122622,8.795950789989165,24.53208338751429,21.053836822509766,54.13326197129138,134.71465335544747,182.74525579818854
14.804869185882833,5.901649910526544,9.281778238471858,4.299473762512207,6.183710707914388,-52.84440619307227,1.5929050635678428
10.856287359106517,2.845507575794728,-5.154593032093024,1.508661150932312,27.079826970176857,-98.87763371570384,-70.17149503946908
17.566665918711987,0.8332759907557283,-1.5886752024062036,-9.108116149902344,79.06756361823045,34.49549194619913,145.35219994207776
-8.3365631129388,-2.83620023147187,-17.388377009903436,-4.409324645996094,-26.48124399050969,-56.89149663827854,4.929925530539432
-0.7620199155776599,1.7737741200118462,-0.46248858653812186,11.077937126159668,132.6801655555557,48.951047284292095,49.99387793065501
-13.24541459575944,-5.471602008822633,-9.73648239412208,-17.688594818115234,38.699516011325144,49.83843800682437,-13.204857276456067
0.2238550584886344,-7.973943450173297,-12.450512394427141,-12.126032829284668,56.97891295989625,94.49384564750783,138.61566733933154
-7.0506185623481645,-3.47438133260702,-0.19151734988387886,2.8621866703033447,-42.73685351260473,-15.443985715067928,47.99846222699901
-2.987893356797557,5.996122513201265,24.326822246256647,14.495085716247559,8.268341391920796,-60.25834141292747,-55.17944756549812
-10.755522438629097,1.760713408326911,2.63870586552456,0.6152082085609436,26.562807108792697,8.854592264258859,-47.95984011668684
-2.8771039953766437,3.8276308938192143,4.958923796709102,0.6191713809967041,43.97830220208519,70.55726465152127,23.845961298372067
5.872402330528638,-2.7947120744447282,-8.792490625645051,-9.268023490905762,-22.764401739333564,1.8191988675906807,-50.84215747443869
3.9484227018236155,-1.8308469182626979,-1.5872864080437508,-5.354417324066162,-18.023518000230005,-1.1378141825332384,-31.15904162154576
-20.324583740807338,-10.26001380949137,-11.91569493947921,-15.448407173156738,-42.52963662402469,-70.44960200340869,-45.950698249399906
-5.96275882491515,1.1549081342678,7.183091644916503,-1.0243110656738281,-11.823726712647954,148.33170767967894,-55.63062513144162
-32.25568121853439,-7.024149087326264,-8.76720167925449,-3.5519442558288574,20.758634395926073,8.050997060969106,-48.212190533234775
-15.398257140380807,-6.820048437778418,-3.021660949989647,-6.093087673187256,69.08075237069941,34.96826734582883,-44.67975117025053
-0.6318759713995021,-6.2570664679373635,-23.07369666581712,-10.291022300720215,-2.244035409976495,-41.18055903491646,-39.64099875756491
4.0253378018035,4.166418412286843,4.181182423974351,0.3867591917514801,1.7979582834284864,142.81464111083056,163.6000514365742
7.207756080173528,0.9075026555474,2.233655153360286,4.156400203704834,-38.104991066522416,-72.99957687310541,-39.92217122654712
9.295582233319193,2.997760411063408,8.666175661045303,11.408670425415039,-10.90244016928905,45.09248174889281,-45.849497839099456
-2.072039733403203,-7.161475268516309,-16.018485818054558,-13.725752830505371,56.33254969706935,80.39728794471081,-12.631573428558344
-4.850485382007081,-7.183613159643655,-15.800374773054605,-14.212146759033203,61.94403117357439,-10.97460617142567,-50.290312363587425
-10.504253391607724,1.7591689840443503,-9.367030135913765,-6.744710922241211,-97.98448173253875,-93.94438170210971,-54.400275904180035
3.0218509199832715,4.0656586308564355,13.060573627297826,17.041240692138672,84.044545395517,29.48217441411024,83.38419279511545
-4.333530693142816,0.12502798358739392,9.228877741165446,-1.360338807106018,55.6969728189154,-12.787724649093747,-21.599279347498424
3.046608420309058,6.679743286541699,17.0318084800971,14.793632507324219,44.473866669878205,23.008250129923383,-16.48928459113761
2.9238265672528634,-0.30545929266559874,-9.586712251387288,-10.624192237854004,32.64409337550771,-13.942379629018614,-43.87001297413889
17.03549004694547,6.754518772509736,21.032800150527557,18.781774520874023,-24.445190613358463,-152.76005156690877,-50.88241190666941
7.2015489380732856,8.586957547430895,7.462114734451129,6.849515914916992,-26.368292135915596,-107.20010330324364,-53.46737803230134
-13.047810777832483,-7.2783836703222855,-24.177188130936315,-23.899988174438477,31.794064712535114,-5.6962007474459115,-37.443925945777565
1.38507522569668,3.6171404426554847,0.9636245514177468,1.3352183103561401,64.74012870427833,-44.903103122185506,-4.333899254170199
-14.181727413357766,-3.4248793082572684,-13.549921292921523,-17.6387996673584,89.44182156226178,87.60950222188349,-58.491805058648026
7.477114598759593,3.2232861097110495,3.7516723104593015,5.633976936340332,87.57677663611848,161.70292043824696,-10.16699740188531
-7.971624326619917,-10.477126714849753,-25.155080435476496,-23.329614639282227,2.3472078968877463,26.83056914512286,-8.331218712000215
-1.1413526871620183,3.3596827343655247,9.51282333576908,14.882107734680176,-80.0900534031557,6.763520824573049,-40.40307660186113
-9.588261750739447,-10.752061489679262,-23.636930278436562,-32.61191940307617,38.37839650633158,-29.753292772337794,-31.58912538947156
1.0468393921042116,-2.0635369343145724,-6.292110143405469,-8.286867141723633,-14.033073786548224,-70.00037299125518,-48.217782645525524
11.874493339892618,5.722544740814344,-1.1590273790244077,4.430878639221191,-44.60573416625218,24.841317462666233,-52.67710214887183
8.416437703351336,6.329071639325595,10.590307861230034,0.4175858497619629,-76.99325384510034,-86.10921791882645,-4.150571370113468
-0.8954486146242844,0.18786330958986677,-10.866750153995026,-9.609742164611816,-77.35470914774693,-70.28740103003393,-42.94453998148292
-3.8366212374404545,-0.5440783686764367,-1.955012804974432,2.100461721420288,-94.01112886736227,-61.80844130390995,24.54161833964507
-8.358982489153306,-5.424414061971198,-8.649614120825037,4.877100467681885,-63.8236387945688,-63.44505977885165,127.00611886443001
2.0094585468256443,1.928071955517609,-5.758474184561358,0.04207921028137207,-87.05539714015406,-62.32909151407672,-48.78849866931782
-6.483110668308264,3.367270407038934,3.1906368606204873,-14.208905220031738,-61.841499149101416,-64.93989367273137,-33.68396618807611
-17.34005064777413,2.5013204833870653,-7.634133939256541,12.226883888244629,2.9811527576122216,-86.88692654231082,40.36418123222924
-20.718188977134794,-11.121936789847158,-21.560931801027245,-26.899900436401367,7.959771953790728,-21.83250473692444,-22.154957899928664
9.745185727975096,5.2090196561869275,22.971392647583713,13.609148979187012,74.62998766828814,211.2803949317952,122.14850818983115
8.868929054625868,7.384074802878293,-3.7553302571171847,-1.8246499300003052,-60.84585869401053,13.731900822966232,-57.85763400130565
4.530220394090591,2.1142256039754472,-4.6827713856317725,-0.661469042301178,-28.92463470243275,120.20918778494912,-52.73950708434766
11.571225310151643,2.4557907860183907,1.0686453682752861,6.228379249572754,-0.7134524556134219,74.23756528066478,24.364815308930748
6.494050629195076,4.06964687354236,2.6408000826739615,11.212520599365234,-9.356718432234366,81.04667871481627,187.88135512731498
20.081904684657765,5.398935715455015,11.967805576889827,8.958048820495605,0.43253650573020513,30.222698828255055,192.92528232464755
12.48559954506179,1.5033732649942781,8.193599601879866,8.08869743347168,73.58865254175005,34.9072867331197,-21.12025392221173
36.22100135120474,8.754025614042119,27.154557390367952,24.06827735900879,92.46793096263116,80.35737241474044,213.04877217939767
9.075735386334092,7.3929421789452405,13.99372275828281,24.47396469116211,-69.35567867066528,35.92614783890742,-26.76966640700859
13.868577510088256,4.000016973269859,9.80828362865978,1.234091877937317,-42.66316571612698,-30.498281265834095,-40.79950247777974
22.323717471506548,3.5888573306579157,18.586994779281873,-1.4127895832061768,65.58892044291306,24.71465922943116,-42.11199852698444
2.2129379649525993,-3.7925690312206797,-6.6358647568062015,-10.579449653625488,89.12727013361932,136.27537662831475,-61.950323992277006
9.611962385018266,9.345303889704974,0.30915503562114016,6.4799394607543945,-25.14011969464916,73.19206752681352,-60.5023471212233
7.268421822206747,6.512278711540263,1.3547920480338016,-16.824169158935547,-76.03296447255813,-51.04018666382164,-51.70239367176718
-1.1672370039663704,0.6552501443701552,-0.3312636422607315,6.408900737762451,34.25614499813869,155.1120394702957,110.8974753234922
5.9793934321428,-4.398906289382562,-13.511268069576063,-20.522584915161133,11.323948888328555,101.54648222782838,-16.6695464918582
-4.228273294140861,5.5009675235251585,7.251681262254003,5.805327415466309,87.35101513894921,144.4942519180408,315.8071008983843
5.3513184687829884,4.84363769342223,-7.4752727890732835,-2.322899580001831,-34.61189357450162,-33.216933976217824,47.97585082995414
3.7550330388640645,1.2138156326101253,-7.332119626366361,-3.3267455101013184,-40.59032412361685,17.30366136572973,-43.679874271208526
2.3580151880046842,5.2571510936237695,7.132428839578484,12.629295349121094,14.40917218016849,220.22397272495738,-43.714383161175526
11.998688817272601,6.293452352067406,8.713913701163726,17.43386459350586,-14.554689354776599,152.03141006499175,18.609068084735014
28.425767850461664,9.726851651353789,24.213880990847006,20.88730812072754,153.30854054591796,199.41048739499973,160.1871007468179
7.239583220281514,3.9901971440946964,2.573842972238685,3.517547607421875,-17.85849990079349,86.90678969267356,13.159712832573355
1.47662377848394,3.504507520275741,5.587284949031058,11.720510482788086,43.58305103183454,272.1012012682407,65.1006867516653
6.44601587684021,9.801126700610176,24.383385173474885,27.425975799560547,-28.34285784136525,101.90497269900213,-55.48133544640763
15.542684889896416,10.257614354029766,24.235677345954677,19.719680786132812,25.567222849787964,84.78414589481952,-43.24424119832965
-0.07121057258887875,-0.1655694192380011,-9.704219286487527,-14.55347728729248,-68.76494204923394,48.983497270578255,-50.6552127881736
8.247216612673407,6.374331203026049,-8.168004388295609,4.892879009246826,43.37868800841254,34.15323117027081,-36.39667772354162
-7.400117010087319,4.692740891071255,1.0916229638744261,11.0702486038208,-34.89170455827254,-42.70743685388205,-44.57815075562489
-17.503422548174097,0.3758038887294183,10.7757394157971,3.632990598678589,-15.453893033611864,-67.74729918821872,-50.560432549485796
-4.675295453009953,0.07286772269528431,-2.377490980206868,0.35502803325653076,-31.661306048162515,-15.812435910270942,22.438993493193202
6.97339473651993,-6.721283672190715,-8.042180366480201,-9.67529582977295,-17.64616959296227,-8.724835370625946,-49.32760743149374
2.923492808034531,-0.9804478472798833,-1.6240419045054917,3.225839138031006,-33.42091321606469,-8.497671026316963,-53.84316263997303
-2.2922054272617607,-1.6522735429459943,-2.8465564409769493,-7.391707897186279,-38.37990830139003,-20.686631656159783,-58.42778358537214
7.456779196056514,5.712687903923135,7.132966436068801,11.619277954101562,-37.46191670489971,8.061160173954224,-43.27493017477745
-1.2960251610480786,-4.392077810540377,-11.509184417057387,-7.8463664054870605,-24.080494973593314,7.656158542497866,-7.9765706446508915
-3.3428356448904393,-10.070492503692426,-22.85836988513918,-21.1258544921875,-110.49798000660917,-27.712846382883995,-52.860080549154105
17.896628342030485,-5.461478110850583,-5.688221868689058,-9.131189346313477,-32.96871310303149,-39.40477284843456,-52.94165015446112
3.2138243030378244,-2.126565286233922,-7.273007090846558,-2.65814471244812,48.343071126051015,42.08201919166364,-9.850665897914528
4.669742555373018,0.40053175740079716,3.25049358088099,1.2003883123397827,6.0491606431448375,1.8788423633140598,-46.01367037491787
8.945887124706902,2.3551741904322774,13.984558483761646,27.48220443725586,120.0906737246812,14.984535048141556,160.60535140568157
-11.471890544256908,-0.2313029539675598,-1.845483842447794,-4.740731239318848,-10.723588087273292,-35.29659079972553,-52.797331106433916
-2.413325255292895,-0.6168812755469805,-0.4584915691090435,-3.7865986824035645,-32.01315008597408,-42.81436235214995,-54.23167713580301
0.0070037946144339,-7.931317568956318,-13.5290544896862,-8.951031684875488,-84.89572439057233,-57.74536593780622,-45.34866728149075
3.3358402346721756,1.803423385051276,-0.15174106521729053,-0.431367963552475,-36.54843561828274,-60.701999241669746,-49.95278145609861
9.97215601475472,6.5497567599724515,14.199111308069321,17.053768157958984,60.811406476526656,192.9427694378096,221.8048996531311
-3.423589814193043,-2.1287967788353273,-8.241644884953022,-5.397764205932617,-21.428403604373365,-88.59013944100714,-55.11970700893923
-4.574471161034072,-6.488662860497149,-10.872202975047795,-11.691130638122559,-20.38027720131347,-51.07985053302053,-49.09830543551452
-1.0891625554135946,-7.559072118159041,-17.809377576369062,-15.71286678314209,-71.72341757170437,33.74595584697484,-52.64208268297406
3.8723503752525104,-0.2714303109115521,3.2133243990454745,-7.757838726043701,70.48493933953948,131.3691868589329,-47.193157293380466
3.4503363436703065,-1.1126733458579179,-5.172578597887866,-13.682394981384277,-24.659682559515197,-62.00033347042781,-53.06691681524002
9.391510675038873,-8.115427358312841,-9.979156940227888,-8.958470344543457,11.725853736402692,42.58477257576155,102.00964343862493
6.874219932014352,3.750128318754781,-1.6850350922080863,8.337150573730469,118.72655250806064,44.16191514822515,-33.501312459890116
7.06363189924944,0.9459750385337622,-0.12399612635018127,2.8548765182495117,-37.65328545909925,-43.69098701702667,-48.774011822001775
15.576422259335107,4.5657231380573515,3.356678461696919,10.958382606506348,52.523211032264356,103.76519250343384,-45.662371096702195
11.41389266539365,5.674401604747925,2.8926118630384234,12.241131782531738,19.393468207793163,-10.591879028555613,-56.464130238327016
11.541763403980163,0.35382004304711573,-3.093251172170782,-4.462174892425537,55.545777414874586,22.43352209677655,-24.763932047585577
-19.400444895100804,1.3799218682845038,-4.58926217133461,-6.0748748779296875,-27.635638618232797,-40.004787071472954,-15.895499797198596
-12.353596361703117,-3.8526116554589325,-12.143755411227364,-17.703718185424805,-41.73785950519909,-48.197094543960766,-63.62352127549488
-3.5933088329100973,1.9325418614501442,-7.406936566549181,-2.5162627696990967,48.38402562175018,-55.30695183703505,-16.104733783411437
1.8617977451635777,-0.6224094654739585,3.860371882506091,3.9418458938598633,62.13565534979186,72.39065582143496,152.14560746095327
10.663145081837218,3.4569505242227208,3.857482335657485,5.619550704956055,25.02365235510074,62.86246228641854,-18.326620936266142
9.688684328766989,2.8607649377650275,-1.764998909357309,-4.934042453765869,-11.369295952183087,104.20047318904315,-43.25914759965512
6.260492021128314,-6.6585612649288635,-7.031464197946975,-4.672771453857422,40.62724945740746,70.39839370182466,102.04237809787526
0.6467499385367801,-1.86999767537617,-7.942442250797848,-0.4896830916404724,54.99197490315508,7.296989977259704,63.82533999548786
4.613172678179053,1.0545263349323624,3.3306830003931003,-7.126389503479004,-11.489804272661912,-73.59877674164193,60.81619878678739
18.435840761831496,9.090650045327529,19.611754083090407,23.879859924316406,44.52184178047452,8.039568812213954,181.2046239349579
3.2804232763034196,4.373972249883007,12.37409524593171,-0.17840982973575592,-12.69895721792356,-69.9928247522852,-26.07446957069881
-7.515334052329788,6.6072874845852185,2.0966309314234874,-5.721406936645508,-3.310789428357576,8.459775045018088,-52.036175508639644
-12.284848009932766,-2.9134062246529595,6.071110424223086,-8.762860298156738,52.88039867873161,-17.547158701709133,25.60493288943774
-12.806676764871497,1.7338746094155957,-9.057132298183557,0.45344263315200806,96.0932002227623,41.934340134575045,139.66439037785184
-10.17459256845918,-3.5561724615286434,-11.696079211622145,-20.68317413330078,-58.79214957249595,-71.24987041288622,-45.96000745060922
-0.6347352887800413,2.295381832497754,-6.305548790105053,3.0013928413391113,-41.58493522832172,-2.1943381065409615,167.69050025864016
7.888751757777186,5.083823370824973,-9.143360785148886,-17.252222061157227,-49.25041186346997,-56.611862688844234,-55.21742360967718
9.40765465643177,4.064778338641699,-6.8111984590681,4.387033939361572,-52.9885908633145,-23.54568423548946,-62.49315452136905
10.31606116244549,-5.517371868202137,-26.178643114088505,-9.60869312286377,17.164716045149014,-52.10520703192116,-47.67228111519787
1.6501839457127985,-1.7103495922629985,-0.8252819040132713,-4.730386257171631,34.35129355967827,63.48239114672225,-47.54701738016416
-4.1977252263874405,-4.258819346649598,-18.67733961301211,-10.434431076049805,15.022014635378394,-7.3433616146890515,-55.33459682086933
0.8522308273176109,-3.0568422144180696,-13.1624007916623,-9.64399242401123,-29.045783079407602,20.50018551472679,-50.6220987250358
1.770668114703709,0.9456020770997111,1.2182494737697511,1.1250779628753662,-4.904576709874333,31.57950202772547,-45.177150291346194
-9.594004343475213,-8.56341564863285,-23.90422489198795,-25.788400650024414,-30.60430458044394,-12.987889183315122,-50.12969325961313
-7.380338104551182,-7.140410385936288,-3.9664933915296086,-17.32195472717285,30.97217798456086,18.91984227606634,138.11947639895664
74.97117110860873,-0.909934717934799,-3.4298368171235563,-7.772557258605957,78.16777479201679,175.19222181763112,-49.366937923203395
-4.046662845184189,-1.8289447791727829,-16.45314768938968,-3.8760321140289307,-14.78476065152474,43.300147292750125,-18.46872706518043
-0.9049454569818658,-8.832861455681705,-20.603818441500497,-15.950961112976074,17.374412673614625,10.214518409046702,-51.584562777417666
-0.24091625016074403,2.9790445763698314,7.841139686721262,4.396516799926758,-2.3265224455262574,-109.44964545587217,-52.88137897242289
-1.704992935680953,0.6225990442086937,-16.823296805268452,-0.9407241344451904,-40.33453948437533,-32.72172302911454,-52.166256270111674
14.17328025873046,2.1576269757357394,-5.801280264209597,6.447843551635742,38.80068281575262,87.02500268701661,31.74408482271708
8.104272247896036,3.7356782106830404,3.605178399293825,10.540689468383789,51.252144408647155,105.99167253439622,23.320811552464107
-2.7976562017400437,4.289580626099924,8.322275056527369,5.64540433883667,-25.236325217006602,-76.40656826024312,-49.92168977564592
-27.685207897650404,-5.403475591691367,-12.703512500398785,-11.92490291595459,0.10838042395347816,-26.172954439411377,8.00786579538188
-14.686580947199772,-5.956726614485895,-21.929683805339028,-14.397926330566406,-21.61439010843659,-57.4595636751701,-20.72427644856508
-7.598599740072622,-3.901728910516344,-15.277076651471535,-16.475749969482422,-71.7600474867508,-88.23415860769899,-55.43190847414177
1.2541402321867525,0.5317493393415893,-13.421448062245172,-11.230277061462402,-48.87859237551013,-27.33342429572531,-56.531074720211734
1.6832835820067227,0.41457733430919286,9.266928463853572,7.103071212768555,9.99609319116875,-28.555011406405573,67.46811831503935
19.489699850542326,7.32230105177192,18.6135105271397,17.49747085571289,97.80857470038748,109.93030681842082,23.10843895236409
0.918700747308066,-4.527487991488457,-7.775003522169893,-2.9715089797973633,-11.155638537604187,-28.166387647385427,-49.06758451800652
1.4067219506667326,-2.184291961175439,-2.8025945736230624,5.351578712463379,52.837456734284366,11.056334830180084,4.596295369398019
7.649921611543245,7.737862209025646,14.77232646859126,8.898394584655762,-61.87814554209938,-37.04575332891407,-54.86717055675834
8.92794155508966,4.036655726382021,0.3709665730946693,6.805319786071777,116.36701228923383,82.42481273810846,93.59788417951621
-20.157319201096808,-6.614098914698906,-3.44920584556062,-14.731870651245117,80.47607640991117,4.751922683738048,-47.8565215021783
-0.1282643024877692,0.8315230902737168,2.5419358020927185,2.9859778881073,-61.62528128809742,-19.352297614897218,-43.86851324744979
16.603711281094775,18.89593411835682,57.24102061649617,41.63829803466797,27.533716470250038,-25.821894097400197,119.82297574465461
5.55668325356025,4.714370352018311,11.514823036015569,-1.4716649055480957,9.385831884606619,-104.62927394287905,-38.05943455962733
-7.354418408878052,-1.9941807508430123,0.7112072745717941,0.18836413323879242,60.64715843050379,40.26850348675762,-57.47171568574917
8.976647997650584,4.803611672844685,5.622360844898948,-7.013895034790039,23.39829480979068,17.4232083404738,45.94667718915196
19.15801138349219,8.42851689920482,10.978166239295643,8.564321517944336,42.32812245067964,120.95197194238771,101.33897197389922
5.442366239178024,-1.092819377406091,4.33060507910926,-10.396978378295898,71.09763675080147,-83.15294729558838,-13.960289940759983
16.568955118462256,1.984389804613742,-0.8144413443124137,-1.6173535585403442,54.6827692206586,90.87373849533319,135.01400391630665
-8.685840738553127,-2.3931272374962935,-7.448746056108423,25.49186134338379,10.419410981235325,-51.28344580036323,-40.035545214778786
-0.1568613532711276,3.33622230476563,-4.2869878266295505,-7.463160037994385,-63.20583949180571,-74.74477683568517,14.17775793816592
-2.0843115472013634,6.07148027428591,-0.4578063571359668,1.0334737300872803,44.67906980199294,-23.884934416465974,38.13408607727201
-15.658338210367763,2.2522890557468127,-7.578826551631935,4.441770076751709,-7.111798286726943,199.62763263794784,58.61010136075247
-25.417680087897885,1.540109587087102,3.494963834672143,-5.624632835388184,13.293804584366647,-17.83209443926671,61.9945511651778
-9.773304334420693,2.6245321284137697,-9.67558959913083,-10.036718368530273,-30.852635232991233,-81.6816335187497,-51.43053406380723
-46.42199525041604,1.4988142421693345,6.621129111038885,6.209802627563477,-104.42753239879451,14.807729859915483,-66.72276575191438
-24.216321960482926,-8.274080094606001,-24.60737812814023,-19.62417984008789,-114.70642029371069,-64.66160555370425,-54.936956158384255
-23.461701248009067,-3.02953160063945,-3.7103247065805993,-2.806011199951172,-90.57552360287772,-35.034404237249674,-62.97706651275932
-17.494034856411258,-2.7190632822311835,-6.623723190322672,3.15295672416687,-38.89685299468772,10.349630082088694,-48.55238343296695
1.5410522135904516,-8.035469490941958,-20.39614934641518,-23.085350036621094,-5.960501728410251,-70.53482023925984,-40.45854942061608
1.724574840688184,5.382893789943724,5.586970403274939,7.27075719833374,-15.760866011143127,-59.9872988109883,-52.8362738453392
-7.537314792405024,-6.094735658615169,-22.921916909733714,-16.117368698120117,-41.67388690212884,-13.562902075274039,-48.98799675619998
0.17498179230600774,-8.168860091189408,-19.713098485496268,-18.187509536743164,-6.183566759289834,14.078962184933399,-46.348569867218224
-14.334577847706953,-8.68914271151224,2.8435417164229495,-4.963870525360107,-16.384574810866102,40.033562233488894,99.49043210970603
-11.653994852377778,-6.841365386992079,-0.7540885897591509,-9.61559772491455,-46.21932170478158,-6.132862036132169,12.855153097427193
-7.465997680862344,-5.25525829040826,-12.618833801245321,-5.990910530090332,14.906501366686523,88.9612034603013,172.57990533554363
0.22480560450518494,-15.16636367084302,-24.749598904904804,-23.148300170898438,38.82775896029788,-45.3328382974357,-0.8343379610081886
22.475672978868715,-12.071621205253992,-14.961914648596123,-16.515016555786133,83.13204915028015,-77.06372231134917,-42.66854938160868
18.128929264790457,3.1891824899749257,3.2982509625449685,-1.4945690631866455,-7.492217463634732,29.697156136638537,-46.97009253201113
3.7859800779797843,3.1649693834421564,13.480289685407035,-0.9807620048522949,-28.63962746410169,98.51610945625558,117.46044732441891
-6.182141635204424,-5.8104348740735725,2.1763946483110406,-7.158814430236816,-64.8512510025632,-19.04602530849606,113.03299655063151
5.480515148817556,-0.33338047865704784,-2.0075619936593987,-8.375425338745117,73.20129414170547,29.62799060187665,14.144716300102907
15.863598305879819,-3.733415185701856,-13.966915673845312,-9.720818519592285,10.746582233080693,45.71334884742473,-56.282512468151474
11.356752777888072,-0.9818143417953517,5.672823063010165,0.468899130821228,-11.932493711249737,-39.067247497514515,-51.41358886385136
-4.387036196621503,-0.26706574529398935,10.350123556067787,1.241644024848938,-9.998505394509692,-28.69684071634719,-56.37157195026304
1.0444323684027697,-5.988613921249545,-16.859655016591883,-9.115398406982422,-55.67239140716466,-83.02503981395876,-61.45660749458236
4.777483816647077,-1.0136999247345457,-5.193474789033345,-0.9421478509902954,3.09641838085396,24.50306457901184,23.08404860681439
-17.692296341558293,-6.354452432179974,-11.75769208381231,-0.13737976551055908,-18.045204937910523,-49.93654560727176,-46.872983488374324
0.9375674716908817,1.0887656381077797,8.577469491952948,2.1942505836486816,10.980835747913085,67.3127718272554,-18.252389752653727
6.427386179203699,1.6684254299318206,16.634459458643967,7.507229328155518,4.407644784580849,28.09407898667014,63.70679780424797
-0.33846120524956946,-3.427140696213517,0.7132190085714376,1.3792911767959595,49.832082326052884,-26.87111849475235,65.93565632286138
12.461247000177341,5.887782906026444,14.508892418232271,12.248120307922363,71.8188311171279,-6.854085644810382,95.3805938514818
4.720461626812746,5.281144756697611,25.296226118122153,22.15709114074707,51.329210810801996,141.43110603628892,194.1222295045426
9.416550351344576,13.267548272166,23.628044165545607,23.681184768676758,49.37726540995703,35.06667385590356,176.7378662763838
-3.4169090642262394,0.6059800180648942,6.597076657211709,6.688716888427734,16.87063913193017,9.113973787590819,56.2297906892986
7.631815754392225,6.954072625595384,26.073539375019273,16.08452033996582,113.982103011528,110.17318076057596,80.80944639220104
-3.4779246317372654,12.663269963344106,26.066983749688582,27.415895462036133,133.49460223252618,99.8451514825376,103.66396263810192
-10.153288542014025,-0.36124045432393986,-8.454072432687667,-4.627414226531982,-29.89283593649947,-42.07898402395109,-55.770205168921585
-2.0088143367391926,-0.5264130026183791,14.596916069006879,6.746243000030518,16.953869763161745,-75.22553813763466,-6.471315329667138
-9.96720243183144,-3.9332657767764583,5.891281811341491,-3.896228551864624,-24.23932123288309,-37.569172762228675,-56.22212362154232
5.105590625697815,4.822775802723269,11.172285067576247,14.122662544250488,-24.475381733207566,4.170162027183409,44.766691610656316
-8.812788453425053,-2.54523926833287,-4.240896764141418,-1.945595622062683,-3.1877956076312692,90.42247900669128,-53.55998272085481
3.031976958551741,3.158302496347441,-2.9649803321442456,7.284728527069092,51.546948013637405,106.3725531422757,85.13131217795042
1.4918375294767503,-5.099705819095516,-9.562090588490197,-6.05382776260376,-10.487426984680551,-24.648306068012335,92.63417868434983
-4.373126314718885,-3.8549493312234646,-15.124697201399162,-6.498682022094727,-40.04567697021348,3.028207034641404,-49.6772393262902
-13.228685825933795,-2.403754721395571,-9.941553364487586,-11.479488372802734,-20.244605547747692,-30.387560704480002,-49.850871117903054
14.72261263669008,6.431422116671093,21.19082521639947,7.058528423309326,3.251978009312329,-15.917929089357429,86.65821527754022
14.761664253344293,3.1797006444190528,16.921193267353733,2.870978355407715,-68.54904092160359,7.38825634259827,-60.06755390821728
18.027390149612447,13.414962040243894,34.161273898394654,24.295808792114258,-25.23962710126948,-61.17033136109741,-20.55867147548758
17.946592050735436,6.705069829171983,10.0034130967832,15.507882118225098,4.695638951219875,-6.321183025235413,139.70430855966416
18.057901354907376,7.2889912634951965,12.834059203754798,6.940060138702393,11.620371841594384,91.81494863706357,111.8891032872505
7.1003477627450415,-2.409394253064129,4.301611965988395,-2.560361862182617,97.98940899678666,94.19352957676747,138.73541099070547
17.334384986664396,5.881274331720567,3.692716801040098,5.407398700714111,9.144900538443881,-60.41154303424456,207.079503951336
3.8733961588199346,-1.381497054630709,3.793937346805929,-1.7388986349105835,62.7224272650691,-45.95799835310586,-47.8989424282539
4.704339825982807,-4.502025266210357,-8.096181364243776,-12.177796363830566,90.08956138200078,37.962935227784925,117.97914384269275
6.744348260364038,-6.701362513943228,-10.84277018526648,-24.996658325195312,-40.026952856510825,73.83827902716553,63.85654826228008
-0.3534270086184317,-0.31039735523980905,-1.9060406061623503,13.060994148254395,-4.194666399813882,33.48253169470034,-43.01625104628025
0.9001667597476319,-7.382246869036399,9.0809348867733,-3.819965362548828,52.33421121536068,159.91251619029183,123.09262291150516
-5.960844611106424,-6.967047715958505,4.65379731513232,-4.719985008239746,55.28122358410157,142.32355281926584,195.05853749358656
5.5325062063352775,-10.508612827201901,-19.190804553267984,-12.575668334960938,53.91931312032062,91.55044939102629,167.58851216115607
-8.17264510700597,-4.787758857380603,-16.330580188171744,-14.697868347167969,28.00508456382659,-11.062613471569403,-52.364339672985615
17.774553716869647,-3.102049668181064,-0.11510604354154308,7.743492603302002,-0.4035916365014794,-81.18844079865944,-24.00179652548973
4.911160133637605,-2.7346514585783255,-0.4680220203343294,1.2749371528625488,-31.768435423613028,121.36120516019129,109.31034445238066
-41.473872534868455,-16.68016747715404,-32.87894891166689,-36.269248962402344,-129.20431696583753,-50.964935468395566,-49.01400958726052
-4.293595650726319,-7.528516522253741,-6.9542121087751605,-19.00832176208496,35.059310660043884,146.0381169474778,8.35922623729542
2.1078704866183204,-11.494997657722044,-10.810027395237098,-12.64431381225586,-60.9765826606034,-40.851860180602756,-50.36718585544708
-19.78997337834466,-12.338120755613385,-26.956893776798985,-29.508752822875977,-20.226708441477864,50.293284171030116,-53.36413782943299
1.3502428378321585,1.300568693556662,1.154118319762349,5.030550479888916,84.30274737809623,-153.5634478253829,-29.223711774912218
17.839779527339463,0.6140237673944366,-12.041780571571003,9.479275703430176,13.654385545669058,42.64647404391122,-61.13922382378159
-0.9876536868152077,-1.8129427150633717,0.27469229487233365,8.135910034179688,71.71073838018562,13.50597819469471,141.13574448325429
6.365335120644508,-1.8947451754101163,21.023587056417714,3.5938758850097656,70.66901600996317,93.00237256370758,103.87124215816488
-4.004438159347012,-3.3441531482624356,10.600154428593788,1.0057339668273926,-78.51710403541166,-66.89776377958103,-52.334120438906574
-0.22064499581910413,-9.628870899142907,-24.365572351925444,-18.51617431640625,71.5838126314717,10.62357284376958,-59.82053435863942
13.761203299165707,3.102508777895209,18.888061752974263,7.794003009796143,100.41744075750498,117.14411018512664,117.58855440702168
11.003639482762699,2.8768203725909505,17.653692600455983,6.566815376281738,85.89478629805447,41.212539748176866,-14.833230804524966
-0.5203157213166372,-4.207980091259931,9.149034750538547,-1.0708914995193481,29.689761068569094,-61.97558431939649,-52.47616841424042
9.041511725943495,11.233193603174474,28.795744105617946,18.801916122436523,150.48002963087032,96.91712263712228,50.904595689259445
-24.922331510545764,-0.08578319582801947,-1.5790929582457327,3.8049304485321045,-65.70595576706627,-36.1384293214299,-59.14050352865038
-10.222341315170082,2.805609867518085,11.894382459330668,9.979015350341797,77.87209808740273,-7.552933661893928,-18.11440989332578
-10.755487224470617,-6.363780019741267,-1.890238259702761,-3.644554376602173,22.2954026473888,-59.227509843328164,19.78047922385349
17.540733432024417,4.979547301632347,18.336143193267585,4.7738494873046875,59.86506185249172,37.27974609328835,16.16613281461838
-23.067283838936106,-6.069223054630576,1.8858913287730186,6.290567398071289,-116.73740455995025,-107.74400600575645,-60.637325838254995
0.9870626049929103,0.08826553975464146,12.898357848305608,11.454791069030762,-3.1027486980875087,55.36840032375004,142.55846664492267
1.7438617729570103,4.1067102371522495,15.184532379050275,14.914091110229492,-13.191532460449947,16.151668180935648,93.90943937962436
18.169556206982193,4.499779791268147,17.949656126874604,22.654417037963867,87.85808659193823,51.74337409435622,24.488396449710734
7.784172516264523,4.56772567167298,15.507520284955321,20.222482681274414,45.51027575758036,171.12601996966197,116.50082654111951
-15.525695280340173,-7.97515105983022,-10.543779429714778,-14.493793487548828,-14.334455601092468,77.88372903628992,93.51782865526454
-11.106879868821869,-5.1026675619626864,0.6629435416828218,-2.7460036277770996,-38.49334930574342,-71.5576873848019,-49.91265827653461
6.845748246510432,3.1211556224332653,9.082143915842156,10.622448921203613,87.68154268532558,2.7450726955099287,102.38836056887646
3.2329594615291586,-1.543036057046943,-0.07299807754453966,3.640287399291992,29.457997866180467,-38.6028131924046,-47.71890106104192
4.902469807449933,-0.10576074214883953,14.376601810387045,3.6969168186187744,56.39680396048692,-89.3862088454786,-52.18377959912337
8.902199617069572,6.916722402765166,22.064891784152334,19.215301513671875,32.72049181899315,-0.975055706582847,124.0925519800563
14.725166993278833,8.946066477309206,21.427666583731295,26.187223434448242,73.32144802438967,9.671434834733375,183.69607115489168
8.543324234892376,22.16650935106821,53.83556093480681,42.84969711303711,39.026726019704675,88.62211468992722,188.22191411835553
6.586352000810011,22.10465337031977,57.899737494653394,45.073856353759766,22.850828322418717,-4.814213937950818,115.83936828409182
3.5929474442810396,7.594695011626965,17.437425148532423,16.13845443725586,-59.15143042472535,-78.5380173251436,-50.53276490491485
3.380832678030106,4.7686088398714634,12.210009940170334,16.16130828857422,97.3067930174224,12.427050838604256,138.258631732032
3.308003548448134,4.146148702883138,-2.7626941859197256,6.753178596496582,30.629970826401692,77.94533002678583,-50.0517024540638
-13.455323555892315,-6.481778201392101,-8.17862876789296,-10.500038146972656,-39.286546410430674,-19.474685567074342,-49.41638357861846
-0.4167216569827552,-0.4318822857488751,2.8714644544148973,8.155945777893066,-12.392593746870466,-13.890944601617477,-54.41447312141731
12.957055488687129,6.383289290239866,27.231906710342383,19.23198890686035,5.384182188995452,82.80580338875141,6.39151290314823
14.324662923212536,3.773399131875665,12.59580834803754,-1.853716492652893,-33.660378167625595,-65.30063778010968,-59.105366654350846
11.090237221859063,1.854689441522033,3.2782318564156454,1.0681366920471191,11.337348147957485,6.68652638734379,-55.45088372018362
20.547767514330893,5.426738847256053,11.05192016971991,17.01039695739746,-6.787869048022048,-24.701764138180785,-48.259800230255664
6.2101909065279735,2.403255680412395,5.955650847145667,0.6272626519203186,29.727406371040974,28.617618272760946,-40.856547507240656
3.3921345900292166,4.230158112961597,13.179727662383332,8.347773551940918,13.542013783639101,30.190150793670156,-9.174649445087798
12.675632159190183,6.6683197484477095,21.611643906999245,18.61937141418457,-14.21487773220632,-61.39537876054273,-47.92045261037434
8.202074279909143,7.529849553497879,11.359905113208326,8.882234573364258,-22.93780593673625,-23.427519803507327,11.658992822015565
6.531639334398603,1.7137972224850626,0.36108397891780336,0.7495371699333191,-39.175373648728716,-21.154005872152766,96.45610844441518
13.613549925586343,9.739824568402236,26.994856347575585,22.136863708496094,-62.093554407223664,-80.84854565253846,-40.86905879811597
0.7180839654537388,5.63127568546072,9.65194672559304,-2.411289930343628,-28.150953435223027,-36.509514311095025,-37.90172417804139
16.79642075769613,8.548744411013947,18.975594899685376,15.826051712036133,42.243645091740326,-10.60207149387403,218.52080575026298
-10.92401645833268,-2.2493482898509787,-0.6277627151969143,-6.068089485168457,-29.10852086991657,-29.096739330527885,-42.82358441062927
-0.8591837714078885,0.8158398938068632,8.739929669787216,4.211787700653076,-38.52976424962363,-58.12492614928768,-44.71021183641542
2.958628327735194,4.578982044822537,8.149809177162567,6.8657755851745605,46.26806538930087,-89.27196985209639,-44.9811078122836
2.0832636909317865,1.58733408327876,9.248964917588783,-2.0350663661956787,35.87853035448492,-19.727659888269127,206.62455428360886
6.130503455685707,1.9810898453639318,2.196662769020869,-2.3078603744506836,43.40344151228642,-46.18663612632124,100.09206917534114
17.410679058388915,0.39256565520803366,7.091974631626703,-3.0522096157073975,3.2413564638820747,-77.69763890399426,-40.26511495807373
-6.8569720965893115,-2.9645171400995745,-14.471636017295195,-10.507076263427734,-48.78362917781397,-2.669397090351002,-45.15973910356313
-3.8494411289351746,0.8713002088873065,-0.13481653522306042,-14.118764877319336,-15.562085004016696,-100.07901162052556,-49.304038692298654
-7.4321334910166925,-2.1803608563895653,-17.3060084579523,-13.367870330810547,-47.04868412866829,-100.09495536617757,-59.83405884397279
4.743438297171956,5.208627855229232,7.170738298920488,14.01659870147705,-0.4214648065717544,-80.80869628397463,-57.15610807687218
-5.062188950274585,-1.2020310685485853,-12.185602748898345,-18.07454490661621,53.78898895996629,9.777007945755088,27.85176176321403
-5.8358492534051045,-4.3550269641101815,-11.223120957553542,-17.543994903564453,-66.35131403130406,-38.04019505217955,-49.52665691004997
-11.574313683756895,-5.767777238368477,-8.616535940987784,-6.9894938468933105,-34.15518391328172,-0.9004606298068957,-51.87534260122015
7.061460510020257,0.790832666913456,-1.120228517411417,2.533285140991211,-28.460435889140218,-56.20891905912967,43.797846975775336
9.76195499797313,3.4855293438007577,13.845171009481914,6.090373516082764,32.272132924213686,161.53535164649983,97.43262684387042
1.5527998340812856,9.234896430392514,15.032739468502253,26.816118240356445,46.043841606299175,-4.859249163751032,-51.97097397466131
-1.1176841282789245,1.2627416528918767,8.317807068488568,6.216098785400391,-7.5427649136044375,-36.998120096093466,-50.05473037802562
4.7898180027431,0.5926781448609559,9.551223336117673,7.4317731857299805,-15.402102467050158,1.6934296425220006,-6.215593968510896
3.8420247019068707,7.937314664000672,22.981654634647974,13.381568908691406,63.32823619124423,163.7319812584217,97.27241364773813
7.178579833637977,5.557658955317218,3.7672035860929136,2.6141910552978516,-1.2453972999789709,-1.1328492660449503,-51.16298180584166
-7.4147690359592815,-2.147111991861762,-14.931025294915079,-10.025513648986816,-17.42285844791163,14.605774150495424,93.63283725659818
7.327912622985238,2.0398606679158715,-1.707639672426893,-0.15204837918281555,-46.31423794782948,-10.172137217886192,-0.4257381030485202
8.464105199853794,1.6993587879733778,8.44276350033592,7.159701347351074,-16.121467779190564,36.14043093976493,-43.99553973360439
-2.832821968158813,3.0474097308546995,-2.0802402153051225,-9.608664512634277,-41.49050927441355,-115.83906083011397,-45.620318068516674
14.106852148761387,5.340199371950413,2.5366402983646035,2.455380439758301,-58.10167095485693,-59.894486519950114,-53.82440439836254
25.09242653296371,10.571237089810074,9.276132078187844,15.599648475646973,-21.25444810972653,94.906872164974,26.565141488991465
15.911875148663977,7.150943791988654,3.588562216476271,1.728175401687622,1.5359762330808675,8.241634643757735,-11.482433642649372
11.518506588343168,9.367281565081875,21.41816851391229,11.603066444396973,61.607317547976336,-85.62392878352853,-61.17619248286562
17.445518518348305,9.230571087130178,4.66954081646295,10.358169555664062,60.49021340092864,32.04525167989474,158.10628523349314
5.276562965705694,6.15531952222652,10.36008623069771,6.2520527839660645,-6.330024817777721,-25.51819646100826,-5.4520448595330055
19.959200187055888,6.479927866358517,5.237903468346712,9.75341510772705,16.63205538941293,28.86694592783761,90.55349602258286
7.025787937212273,4.092961497715095,7.601656612471525,8.868215560913086,53.983293400539864,-19.511167483816966,-39.05304393330275
20.891445666797168,4.750954188726725,-1.8523686669902544,-2.169842004776001,16.89180517602319,-2.2053967317181997,-54.350943385388916
17.906460940291772,4.432263354610941,1.6243718017952216,-2.0170352458953857,-0.6054239151305073,41.86983525439907,107.68205091825754
-14.160741005261736,-2.34923744489436,-10.080019541292488,-2.005031108856201,-29.173913849317067,62.04557578250294,-40.27673285536968
10.715977559085953,3.9498044985761425,9.775592562351115,7.300265789031982,-25.935082583246615,-47.98230990593859,-51.58425171858233
2.337862670988481,-0.5806346296848981,0.9103129130646115,0.05866469442844391,-4.924848773934926,-13.086964825435548,185.93707908816026
7.066109749694386,-0.5372292971591187,4.182852870205294,3.099653482437134,8.31415367773105,11.000032519764972,-43.91866822918305
14.769256020655135,5.879962358609361,2.990990328712159,0.7907068133354187,108.44687230343571,45.853754794696115,122.62486010816774
23.570763662615906,3.4687753839292084,6.155523542353329,6.49550199508667,-52.68696180535777,-98.93842363132649,-51.32361552292547
16.556089082553406,3.3764900314806208,-7.745475764384619,1.4925308227539062,28.441180475495123,7.177463637650131,-49.99743715236606
9.295072082969648,8.243203962065401,19.152775338399174,16.53066062927246,15.44616889835165,-12.818737940160599,36.2268562969404
10.516602327338331,3.891927137474357,-0.9725657223065758,5.398295879364014,57.970348228206504,35.99103959015093,-48.19558561391028
18.576630582513225,6.460356254819622,26.347571680700923,24.46055793762207,6.447757683923558,29.813828208161066,10.555990133040575
22.958232991612523,2.1200006682438715,18.080552864539765,11.29566764831543,31.774168386142886,-5.81655016012153,216.21001551758349
3.710094133658345,-3.1096116430327956,-9.128511004574655,-13.733262062072754,38.80894439733777,66.9751725924643,135.6626910832116
-2.643133576730666,0.7321522684715556,-12.300869991054439,-5.795283317565918,17.510060887598275,-7.5859564682321405,47.77747127497722
16.835780255204057,4.803167127521514,1.726231134638591,-0.583222508430481,100.61619623659125,104.91764884910262,116.95289499372967
1.723560311121268,-0.926667530715174,2.365971684282832,-6.807302474975586,-67.04669888047583,-9.448752040628623,-56.36473027140681
18.206111931322432,3.5078208823958925,10.208317197587924,-2.5607519149780273,-44.8055764411579,33.913250024674376,-62.21989326423734
21.34561010872832,3.7755821633503697,5.065637293704955,2.7040765285491943,16.637614979032893,-2.052983660119294,-7.641270042533652
9.641891052750006,15.143739568279976,21.26022306191328,18.88812255859375,53.587925845937974,-79.01688150982878,11.577928304876961
-1.881478691430568,16.511440910718875,0.997731453211326,34.04824447631836,-65.11093278851943,-97.03387366105486,-0.9853680376750183
-0.8300909309589692,-2.1803725676212644,-5.023137695977479,-5.37731409072876,38.659272662841516,-29.54077282746806,-30.124592006816002
6.972221032641286,-0.24516206729539466,2.6163090606098125,8.960687637329102,-7.564976250122711,136.70733593859643,256.9316340413331
6.441423333070285,6.562095405795035,22.665511914644746,20.606185913085938,-16.542466542463455,-32.600425040743005,-6.159644127853776
3.0587944968904917,1.7507989374597923,-9.043468160540902,-12.09382152557373,23.844219028045195,88.02148957468754,-52.305229741875316
7.23310970666282,2.878223453017795,-5.0093171819837305,-2.2571523189544678,-12.71056423799746,-7.6987544341832415,-36.784050680145704
13.783116999022102,1.4064616039767466,2.545801664501242,11.272214889526367,-10.565180274439856,11.878717650622697,-52.40751094880448
4.698845802467188,1.2442773934882072,8.124829169561549,-5.067122936248779,-15.126501539570027,-69.92289893988399,-48.68222969241777
-7.075340276776483,2.837050029598771,12.535464660439876,-12.018048286437988,-40.02777575908418,-33.999716774626776,-47.883805433971006
0.08616068728738702,0.48552479834306866,4.935188252122836,-2.164949417114258,111.28912928977789,69.43011950293553,13.255643519764527
13.139216769228446,2.188727341454198,5.744895823031051,-3.857818603515625,36.24905312354505,-26.728382449961146,-42.365462056646656
23.746184033888785,7.950851941100911,7.375133887253757,8.657220840454102,17.41772083068474,100.48776024348288,146.23269637182335
3.377640582429693,-1.670811089568842,-6.5828248385072765,-13.490447998046875,27.99863412422742,-58.943666156565584,-48.86332146270069
10.135917728004998,10.118883782670707,19.242308684090656,13.218871116638184,-10.039674153312736,-30.13152575665419,-57.57925526200618
-6.3756314877465154,-5.831173106216145,-18.939370615180795,-25.476272583007812,-53.12991672136336,-71.98371925891226,-55.01864162620932
-0.07268050937948756,1.15227895377903,1.0178742645458514,-7.8575568199157715,45.106198657145036,6.880383309497947,-50.467882608338364
-8.792044124361201,3.528574767134578,-9.927947212788906,-3.406665086746216,28.30234315450901,30.318616165112157,-55.451721218127446
-8.533406357273648,-5.917815047757228,-22.503605970467554,-25.264850616455078,-58.236552692825384,-69.81134684449722,-56.58202725560596
3.8622791211173797,-0.20274216665529726,-11.778864619358183,-10.255746841430664,-11.729451931620057,-48.98419938871708,-52.30104210772098
-2.9298546755035013,4.6017010937902345,3.5766793389356093,13.430374145507812,-70.27848582772955,12.393934250442115,-43.29747042728359
1.020228160738882,-4.900855569675428,-22.248545082662556,-18.44095802307129,52.89140600384016,-1.6416027156125002,177.34410219629416
4.319699121265948,1.7591125650832675,1.2400769075470044,0.9180452823638916,-1.1306258668812201,-36.400810734634454,-55.59391540905811
-4.9470188449814,0.7824187248107096,8.110137467525979,-0.8259819149971008,-45.99269694453954,-23.940898593393534,-62.17605815660609
3.726474392896606,1.4596231008168816,-7.573612249156906,-5.537559986114502,-30.72144807631501,-23.895930713290724,-4.624807332880248
1.4273409945904487,-0.5998630265522291,-1.4217429407113538,-11.971104621887207,51.23909726006896,-10.022241241902389,6.960756435875535
7.907529201786758,0.3845993662403423,4.285510201635449,-5.248097896575928,-50.98254456768099,-33.56890805447709,2.7766712588991482
3.479977734848496,5.079241319891719,10.583688810056536,5.330294609069824,65.17830323725848,115.35659782784681,61.90270811929306
-3.3784532010157187,-1.2400383120579117,-7.473747226262541,0.6321655511856079,-30.652068761690806,-88.74686970373352,-55.20195806493541
14.086412394283887,10.323888295709033,18.433007886801576,18.264036178588867,34.23183214942005,-11.406726077147283,104.87974910616435
9.321606637051376,14.720028712691473,31.89819953395367,18.114757537841797,46.82945935663039,-20.108384877412718,-48.57570554174016
8.300657054707425,3.682983494482306,8.428309073455024,5.897616863250732,-8.80658775398162,-11.087569845548181,-47.95633408126671
14.770258317788713,1.4036647153623016,-4.181672449690963,2.3404898643493652,-29.40767797084357,-41.60985449913536,-16.790955832381442
11.654901908638848,2.1058479862956845,1.1129317563856156,2.675119161605835,-32.51362020062835,36.97935127563905,-49.10396079837336
30.417159790350528,7.550405438817111,13.270742003755512,8.840272903442383,82.30515671132562,90.66820487896373,25.72761174327822
26.524251256032045,5.6688712775005525,3.814619890805849,6.905704498291016,-35.380285411380086,106.09564045614042,115.95635386228744
14.233102487021005,6.265076618591702,10.670598134113314,13.88698673248291,1.1836676981707275,-46.79156656673454,-18.940155922426605
-4.165171903650171,-1.339074783317208,-4.6521015994664,-3.4607656002044678,-25.422173571435206,35.57203458506708,50.28429597874396
9.520026748956443,3.1195294523885697,4.9971417950729045,5.947500228881836,-17.985769023770313,-62.45131705221935,-45.94210658957173
-2.9081491818374086,-0.028193121074776607,-6.1982241761532215,-0.7681956887245178,-7.774622554228635,-4.387676343564014,-45.43027743730263
4.922114472958095,-1.424735567891434,5.390724548747027,0.25161272287368774,51.547182270532716,42.750841151504304,231.19396002059244
-7.21296802417103,-2.1503402366323727,-1.8743544423803484,-1.951839804649353,-34.853175085825875,14.883558119523613,-35.48397786304625
12.634174955531922,11.794185046476947,20.35381373015801,21.200273513793945,2.666257058448349,97.66376465858244,-9.823061555697715
2.395346301215942,-2.1610085720412244,-0.9425618102016731,4.4538774490356445,-13.195722736730843,49.710529385486005,-39.91367095714023
-2.878572564501973,2.7742375676295343,4.571950170685293,8.319272994995117,-44.63708178108379,-67.85785154730739,-51.56750073891897
7.882791126460953,-0.8468789212598311,-7.976754452794738,-8.581520080566406,24.778563418410425,-33.406313638762256,-57.05284053959194
-2.174940503465193,3.8237218197035387,3.962545424783035,1.5643150806427002,4.695436485604353,6.187286710888383,-50.211931938188776
-0.9810935110221197,-5.084941012218683,-13.994267808307741,-18.109725952148438,35.366431976874324,-28.221244848141566,-56.57331050386819
11.142272050968277,1.069716567859657,3.323734836515703,4.264411926269531,16.0052979628794,-100.95668661306108,110.72029798787004
7.259942091071661,-0.06642910328166621,-1.2717060380765977,2.8917694091796875,-32.793269822281886,-51.389976661032264,0.44014394591503303
14.413091718316535,4.065234961109206,2.241925715354229,12.673168182373047,-10.584748254173746,84.2883393267686,-9.467133400626972
5.168132194071493,3.1905158741954307,-0.7286675141943963,5.389270305633545,-30.829511995069804,-97.38679951750694,-53.39375521026386
4.296622921773618,0.10394535013821861,0.7681810737907409,-1.483008623123169,24.191890066000887,20.532346796525843,54.709480000855365
5.028442268932938,-0.3495792562514889,2.060177054014679,2.623267412185669,33.65010143131203,-1.0834529610815822,52.13549577033624
11.555859808822134,3.026692097005031,15.690289322434428,10.1685152053833,30.217015129981082,141.01119421640632,127.31045305339389
-0.755801983083551,8.747964214024865,9.884829182207117,19.768404006958008,54.29970677488427,-1.3723150464287586,-47.767090346139
11.021065198508845,3.538420967067229,9.199338629556348,3.9376564025878906,-12.500407924095798,33.368747421316606,-46.16245350772399
26.985754410262903,9.218701355544358,9.600463233314924,13.22769832611084,67.95999987046162,47.11302843124271,194.85394937988104
3.2536979664514383,0.6421996931991383,-1.2376962277572572,-1.3008215427398682,10.280535496357764,67.85165079107018,68.75949294586428
10.966367540074668,3.1334128613197163,5.978822306102277,4.400321006774902,3.7822925933557308,22.357725578887138,41.63527531165972
-12.168201440979256,1.5502999903578343,-6.801732518554286,-7.704953193664551,-56.41596494728822,-26.12443595798821,-3.6956348443706486
8.090349649315776,0.36311422587287295,-3.087817893883273,-3.8011374473571777,6.984834131886063,-84.64101671070914,-44.174298269999376
-7.459632651387562,-3.5269214360871306,-15.539751189940146,-17.517248153686523,-55.540125531831336,30.407423229900758,-47.1152325888341
11.336167882793706,0.27490668841250004,-10.254449095794445,-12.379401206970215,21.480126570579493,-2.668337694828644,79.89559647202748
8.943024853412327,3.0011609175732623,7.078994708355918,7.232254505157471,-10.064909922619249,-64.94667133269476,-45.79906897967047
1.0754998562348261,0.6045307569008657,-0.897556232985824,0.4320921301841736,18.3977422051336,18.830713461893495,-49.199980370305155
8.951046279497207,-0.20690070364533886,1.244275891682147,-5.980560779571533,15.949122406333663,17.116565087090823,-21.921609834942792
-5.055616570049088,-6.848035124686292,-14.51176852830383,-19.61882781982422,-50.34179827394999,-48.68609313438665,-53.62501053514011
3.388088747627573,2.8176307514170262,-8.338683514928652,-14.293701171875,14.679777397862305,-96.48971798750752,-59.31922297439831
14.741144681720861,3.2398408217155543,5.216542203470925,0.13028031587600708,2.161489332153562,-81.34983699569119,68.84653504897298
9.555474179963664,5.3866641505773964,-0.8246413975078207,0.7651787996292114,23.59777798085669,11.760854710221306,-44.33620425908997
22.96408634766403,9.698879693725482,28.269704141099716,15.402002334594727,103.72245666877788,60.56647139004292,58.39662567570538
14.383750816779385,6.237270302633275,-6.951837089713168,-2.6108880043029785,10.15757621808548,-45.0519449820166,-50.2613960054722
14.48312796144094,1.1321373876422225,-2.702032923894171,-0.17074033617973328,58.948121526137385,34.945774827841625,-51.780209469262765
0.6313143612674932,3.039541918276323,0.6086320176642188,0.008974580094218254,-43.54775508754676,-50.133593539519666,13.33529197709769
20.482246535629805,16.625261581771703,17.959377244933773,15.817721366882324,66.50073608924635,-26.74861192443573,131.16722443573275
-1.558293296043312,1.3369807467622332,5.669383008823539,-5.655306816101074,-36.91376034984117,38.06088025013746,-45.95362718568933
-18.66994267988134,-2.9569165529587336,-5.327333626354821,-3.4619271755218506,-33.221058128221,-15.727145692858787,-25.525139547329488
-1.0748946769698553,0.10546457277036692,-1.9168374024724835,-2.527818441390991,3.572367385578086,154.72225879195173,5.246533863166381
7.662410040985552,3.4920897692784996,6.115971695991824,7.215419769287109,18.490913344383056,-31.788984206157412,69.21574288393333
-7.904622957284259,-2.381224878861314,-29.741468450677456,-24.31087875366211,-60.97556760310469,-32.13563727991597,-46.644892733112485
0.25466512086079707,14.650649137366223,32.54724299608663,27.016225814819336,18.307544216778435,7.069119217641559,-56.384122275779674
19.641431241666982,9.208545668403962,10.726878755389064,10.83493423461914,-5.908943117896693,77.00072310109044,157.53076833737447
-7.917605253258351,4.065752813433885,21.283692551329544,13.222437858581543,-59.97439249232716,-17.13468603388246,-21.607591629134525
13.279508285266244,9.191549481295867,23.91413892413629,5.401573181152344,25.237285147459776,126.6167404038813,234.0656834361152
2.367971411685172,-2.738530237386084,-4.759065212995583,-2.4146945476531982,-26.232993536151934,-61.9142067662096,-48.60885362363998
2.7031026937386136,-0.06246142397717328,-14.58818315369449,-9.092127799987793,-14.027050185669642,-26.538174221893343,-50.72132411172645
-4.3971106180724195,-2.2358086748555026,-13.027172468404174,-12.290923118591309,-24.672075072416497,62.5715333797647,-50.56444678982398
3.7106468391735956,-0.7946265744333874,-16.37092118599956,-9.099037170410156,-38.67970109814467,-65.9336605214004,-47.22428225243848
37.93906762568423,8.658375987745009,26.76073193245891,12.990254402160645,132.57248581475272,-0.5550448421312261,13.369622036032007
13.535730262234715,0.997536669036981,3.944124584118004,4.973979473114014,2.809052085305618,-47.47526647399941,-43.62922185740632
3.510888286632659,4.757986257621223,6.764347485278203,12.944446563720703,-42.08217891496319,-66.44256745571144,-41.91279677764059
10.76764795583182,0.39626296376225717,-9.29312425736441,5.02417516708374,14.954311647646024,72.21889642744993,21.927944272836324
2.066630418836923,0.7326883519053645,14.458756649488635,14.294211387634277,-17.130664340528728,-11.845144039349965,-56.01484703678576
14.15418652724084,0.6545771159665402,-8.877671378023072,-1.597713589668274,25.76684795049682,126.16295927056527,-54.68204159350447
-1.5870568310078217,5.890771549735826,-0.19924012382688144,4.598468780517578,-5.379027214097031,-9.661310465335724,-48.64379871164454
-14.237255112917051,-2.705429529970013,-29.26854292919481,-16.615093231201172,-22.01855339464337,-14.401283426357185,-44.78255075043676
-13.917779184109875,-1.297756645480363,-10.727561598462932,-7.895431995391846,-75.13162798394688,-128.76148123177344,-54.61898908606058
-8.929288496210498,-3.3849999065100036,-10.007413595256617,-10.925116539001465,45.271717989488785,-10.295434008436908,107.2122461583503
-21.46764686575045,2.010002552124998,-6.179235280341236,-3.5014724731445312,-10.106974996464862,-38.318174537858724,-48.525746110524025
-9.668345497141546,2.806811452010009,-7.604526873157109,2.6623175144195557,-42.20257693819181,-56.545956452629326,-53.586322637149166
-8.251652291799207,0.6137870314057416,-10.584417997713727,4.327677249908447,-9.449780449294218,-37.241093341167314,-48.20978355230835
-26.26411610657253,-13.067077776488608,-31.959681368261847,-46.631202697753906,-70.00856742788383,-22.368448079960814,-50.802650384864364
-6.188360761179563,-0.7075115250413357,-8.15269614456846,-8.134851455688477,-27.590057121670455,-95.31333282328796,-51.216838176857685
-6.862842134261712,-5.628397867417487,-8.386554101927842,-16.374923706054688,-19.84777246861609,-0.9563187028218451,74.0037088934599
-12.065945296652536,-3.2247644495954626,-4.380240204286791,-6.670080184936523,56.75031830860256,-51.446515575606156,-46.72712038249782
-18.338740483179645,-1.849050026314745,-19.05785836694317,-11.581016540527344,-14.711381016320095,-10.065641290114577,-54.69949002949177
-13.127793746722855,2.020246512019647,-7.199165200380888,-1.7410792112350464,-47.51084455231393,-99.27490004842623,-48.06019256126
-6.274168345246245,1.3279483866346804,-4.478780563374615,-1.5492113828659058,-11.038356771937384,-49.49494362395272,-6.423755391474681
-13.369256102404227,-2.223762879575496,-15.577151123933657,-3.4682600498199463,48.97545095734186,45.70415698726769,-55.664328305769544
5.831308316145847,10.078802781409,14.69495651097142,8.685383796691895,53.09779365915116,127.91319560386125,148.88342608610202
9.994195791310931,2.733992377231884,20.864826298734663,25.090757369995117,6.648764992586885,-24.396594184353077,-61.05657076231821
-7.871007349442429,0.39336360977030904,1.2663407964602864,-3.859783172607422,18.62109755994675,74.01624805090601,-52.651072742760256
-0.7337318455273398,-2.7160796258599897,-1.4829432415034718,-4.5734381675720215,-49.62900484346393,-111.41166308497587,-55.95708782045691
9.714902353999005,0.8099367360263635,-9.793522636557936,-7.502122402191162,-57.7764428691671,-72.16682114694612,-47.787334410044934
6.372552083073966,4.244200507283912,11.348509991796465,6.60795259475708,-6.905785608344114,-19.715703021300392,-49.65080949446725
7.377030667398731,-2.1345679510240476,-5.364424955911558,0.4423068165779114,-24.564125961578466,41.9666244084067,-47.81775441951233
-3.7025612609333325,-3.2413524856756393,-8.71839944768481,-5.469873905181885,-25.551345796054125,18.590085314453972,61.433559301337404
8.514502486780081,0.23499163911739443,-0.6010598689320408,-6.293633460998535,-17.039800249590446,5.343244318216257,-59.70195270940349
-1.5928555382556295,0.4923060691006596,-2.6533179419391852,-2.665781259536743,-39.244873203366815,-32.91722217861427,-48.73072765759118
19.007505234358078,0.7899620067647294,7.481323014822427,4.95821475982666,-17.792620362433453,19.27782163281248,-51.089618696737666
-5.041803061972601,2.652305675356174,-2.8557031107865427,-3.094524621963501,-18.162311750297235,32.48957185553736,-50.468030459348356
9.552360828415422,6.602149287344436,12.404762081184767,6.208330154418945,-11.833612808661234,21.224222705672222,-18.471546260848598
-8.772630970001455,-5.600780003190624,-13.63869827363451,-11.38763427734375,-53.12229636043812,14.123919979119968,-56.50665750323659
1.3762280701702618,5.239751016943884,21.967486137625702,13.65085220336914,-5.886257716998979,5.553651902584615,-55.574909279737234
-6.172848016024124,9.273569735703006,17.45714980784231,12.137205123901367,5.900709192160895,-58.28417580771774,-45.764084554503434
-0.8689112278406061,-1.077303145400074,1.4603991992720582,-0.7378931641578674,-13.988717130077346,40.532050349511934,-50.57154744919816
-0.040300884821363514,-1.4321972475511675,-3.20605896342777,0.9340606331825256,-6.4956641320943005,0.3600218080118772,-35.12183587324951
-1.7807674992425162,1.2923313419319316,6.253151468623446,-2.0922811031341553,31.787595651037602,49.20688735529012,-48.619767577647785
-5.025461509148167,1.1160632877210215,6.348795291004089,-0.2663167417049408,75.47579447193681,10.637993617533844,-54.08557980520539
-12.4402619912514,-4.155424578464835,-21.830040239871547,-20.94643211364746,-35.1629362009362,-50.94654347801345,16.294385812268487
4.538067918513558,5.81830743622201,11.196335207892071,13.64001750946045,57.78149373235023,-1.2570305546018479,-5.913938177765298
-1.6810800792950737,-5.39706404258054,-6.843153976032343,-11.891127586364746,-23.035195323565194,-16.340411829932926,58.87526133092809
11.662153874079461,-0.14398726128849507,-10.603345988951924,-5.874727249145508,-43.94457876879232,-30.414638171436337,-3.058056888140809
8.64605702984507,-2.571106331540516,-14.00051674862578,-1.7467026710510254,-40.220045308780826,-42.61643155675284,-47.508763589047746
18.337594221067594,1.6706799721052987,-6.56160611634726,0.9166802167892456,60.417393976881726,-42.35695214916229,102.92579466285747
9.320688166425864,2.5702309559767342,-5.272919960296567,-7.688260078430176,25.994612978387767,-3.227410231020881,73.80055033234754
13.386710145022152,4.567267749137817,12.22919851138587,4.925090789794922,-41.557413435758065,-43.90816456574315,-46.49686200079326
17.98165096887678,5.3479923706953665,11.372027845176733,9.377907752990723,32.50546296544592,-3.406752904386416,-35.609380998532
15.450300206885942,13.286952154040495,35.05201621919591,20.344947814941406,57.80814404949915,72.82985353528179,-28.178255589320834
54.66306252286601,5.016731514099194,4.418316546437917,26.393756866455078,-82.54450593919329,245.93662225763276,-58.35952290254439
-3.3182757756269132,0.043200046261593954,-10.406043286542852,-3.0762689113616943,20.343401342450793,75.68720772819933,132.40825469461475
9.531655239135215,-0.5402406065788512,4.381708337976546,-1.2227164506912231,-63.92211297359728,-20.06191759946827,-50.901484723596894
15.930447280358269,4.474704243999366,10.474149059903683,6.904422760009766,60.89707467202428,35.326191887399425,133.3735485292338
16.05099509618378,10.879284858796982,24.15224552090963,18.86932945251465,66.87211053775334,15.42033878348932,-52.533953116099326
-16.98284993856485,6.031726142076079,9.175786877331685,-2.2706573009490967,-77.2605197336496,-5.438765459445646,-55.97714054492885
-5.902877983672045,-0.2775058474187068,-9.543865427996375,-12.47978401184082,-30.48730394491611,-58.97984566240943,-58.40250157949467
0.02295031003719883,2.1629975955405523,4.7072809795018875,6.592700481414795,61.06890681098835,-1.3730843140798776,-53.12279879722236
16.845030093499783,3.8371607823931217,2.734235353811132,-0.34860488772392273,30.234304297274647,38.712396426107965,51.67931890873304
16.60030007983999,7.059167526922298,1.1349251959154896,8.915609359741211,-24.90041100506283,15.277609319763581,97.69832906394579
-10.25184035993476,6.151847285049073,-10.899734712851306,-2.2248666286468506,67.71282616260088,81.90210488280553,-37.03248508340472
28.004418930267324,7.2171324139944275,12.92038686849345,20.573890686035156,62.006327382542565,-39.16133470789842,60.22912335351373
14.808310961211028,3.279768503521843,1.7438846684282914,2.38460636138916,-151.20797671404569,-4.086041764498312,-53.33673058492594
32.80069612663377,8.893404985586484,7.783055172797748,18.260583877563477,-2.1592946103623083,66.24909498086983,94.90793698950219
14.850928985586613,6.966338751163835,17.084775313156975,16.952625274658203,-43.88511591273945,15.266968320419743,8.17913664914696
-3.7572197384617607,5.499991624151998,15.463123574226842,16.487056732177734,32.40173237801909,91.68310550541486,106.56274609498453
-2.1429196470274436,-2.2078067080424733,-9.7949559439676,-7.816208839416504,-49.59872442784719,-64.11673046070631,-55.586719330942394
7.489088000142845,1.6029063029679926,-1.0441020887134798,-7.870870113372803,-112.193577325079,-127.18415205019426,-48.94784184815963
6.709464249967697,2.940155029067956,2.614451239511628,-1.2761516571044922,-4.8308716041352175,-43.17199834290801,86.96768929563524
-2.5771140085954376,-5.1561838709538925,-14.91387722630403,-26.05280113220215,-47.344523006489084,-6.00879873013244,-45.34662008508557
0.3061519482544639,0.6682229690281991,-1.2248885443179134,-3.702946901321411,-21.775801605675202,-34.1447145281032,-50.921942648285444
-2.5342469187893344,5.136210098941061,-0.17878034008362825,1.9296661615371704,13.703996949849047,145.40541041472713,-59.06486353553173
0.5996326975389872,2.0206411286574535,8.171523184936477,4.915698528289795,-11.766871636127453,-26.2373273285272,-60.617490057110196
26.612863704418416,7.9989808656187265,14.638300333350168,-4.89977502822876,58.5568938598,-19.283054104277205,145.9782126747163
5.393579264101998,2.277940383108471,-0.1984524065441102,-8.858433723449707,-36.05892478275358,-31.9669713688182,-36.43998336370009
-5.791209445194303,4.000308939399208,-2.5258910728382045,3.0630478858947754,-55.350973681762724,-87.28902082591277,-42.02920345817641
8.607422781740528,4.518332946587006,0.845434133896824,-0.2922099828720093,-17.0122238653825,32.60258634241592,20.385718435495463
7.268332110571071,-2.6330515843635642,-17.406416929851765,-22.344768524169922,-40.21146438283687,-158.9862639531428,-50.48906785526446
5.383863221303857,4.534448940832807,-2.7582231423294328,-2.4832277297973633,-4.137640273580242,-50.05823415353268,-48.452402908626446
-17.517377770625675,0.04561347801281218,-12.963256870485154,-9.528081893920898,-66.24217649225042,-81.5360042502755,-50.00929791790518
21.73577778387976,6.476758076497734,-4.590796535930468,28.537351608276367,73.35497617701867,72.62237341475333,76.43483574611432
-2.341307626516651,-1.279219389902656,-12.451555195494727,-17.8358154296875,-49.19425433582855,-39.10107028178653,-8.048677499804507
2.4838015753956975,3.0306262891674534,8.541658583313755,-6.752003192901611,-2.0795845410141176,-92.96900803036894,-47.36799744467122
-9.5630349109017,-5.748278880131276,-12.295612218126706,-10.595852851867676,-48.81131320562942,-109.10191716968663,-51.588194738473355
10.195480391445194,5.7908999441401106,0.9276873499933509,5.817602634429932,-11.78322498648115,-8.117323767902757,-57.70679685171689
11.959612710703968,7.2078909769841975,4.861372879136473,2.963104009628296,-72.66453323363835,-73.23194741692352,-48.96661986626056
12.231514216991688,1.60687269866581,10.05401135398044,5.173451900482178,-12.499759801616275,-68.8079067048759,-46.56746212594987
-1.061938614651559,1.860038169615267,-3.062405847258801,4.107171058654785,-35.40457478811628,-42.53856081574041,3.054234479583989
1.6112709273468484,0.9792872775012328,-8.281399340552824,-11.685206413269043,-5.968156950918674,26.65736097835465,-49.23713515645467
10.510494119451675,7.080408913634913,14.578378690025804,16.725587844848633,-26.953041763032655,-28.086915943959063,27.175984903205364
-3.570956285156995,-1.0165407861670015,-7.71577794478122,-10.834430694580078,-30.133579185201192,81.94913814760548,110.47419133291939
-2.1538356591222994,1.688937001446618,11.57810306644639,9.042181015014648,12.991330492927009,72.7535219452748,168.48067471159982
-0.046048796158408845,-1.1289017302401625,-0.31623769002413055,-12.694008827209473,-62.01555548244565,-63.58372774966429,-35.51417586448271
-4.0953125495304,2.953216574606209,15.390520914169347,2.7505218982696533,-32.379040654674085,36.01758160458396,-56.498245526262444
14.568142535955822,1.3012439345752245,-2.263901023030126,-1.6815241575241089,5.303147312294185,-37.40301264168478,-54.93268645787406
-8.362303308907059,-6.248652823547757,-15.842071287524806,-19.27310562133789,-71.95002631363435,-60.55140578859808,-39.659414594271745
-5.356541072871504,-6.624265701883381,-18.483877939646487,-19.888193130493164,-32.14148232021818,-47.7882189146841,-44.923265558093824
-28.19995599697551,1.829920178202675,-14.280520097416423,-1.1680989265441895,50.12273826353366,30.357820668447268,35.73372214348738
-4.3170800194110495,4.483189626354672,9.32802802774861,20.441631317138672,152.97097457488985,229.09915551154498,210.21105131636318
3.9448229195779176,6.819026264769027,9.843007539360455,5.441711902618408,96.4865009575804,165.85053671220876,104.17776249522272
6.028599898974605,8.11418295617918,9.752973297302054,11.283942222595215,36.052057325841794,-26.576356557677958,93.11676639666878
5.085493232806016,5.995574087913266,12.466362404411846,3.0843138694763184,76.08382288153202,100.93753001798906,268.9747534538337
1.9818616857944558,0.7116248269957974,-9.134157424432702,-4.893464088439941,-26.702410677643638,-83.27369132495932,-30.934325662821088
31.97932064421669,8.127082284006141,37.596184726557944,29.212858200073242,-14.480982184783137,3.6075102867088495,142.04821171351523
2.5386299290909546,1.904993305192569,5.697885738142124,0.9927135109901428,-82.39118825260073,-68.31930702989554,-52.88885259921174
-1.611582442477613,-1.8100540900425646,-13.954700131426165,-9.535605430603027,-1.3907114694162785,44.39319326840387,124.23393170807125
18.111969430158606,-0.9260132498758469,-8.703632775428632,-8.532648086547852,-53.745608951550324,-80.3413871006732,-38.92311531432944
-3.706740312169781,0.9865484863726722,-25.757399905387768,-6.005009174346924,-43.287188591032994,-25.00378360927916,-56.187969854758
17.469356175446986,2.7987011873574854,-8.809974330511144,-2.5794217586517334,-37.41052543234177,-41.6615379802298,14.686870515014537
16.089375131021622,8.371732003113436,13.265391819290297,18.612808227539062,5.836013088689344,-36.22101310195805,75.06346391375274
21.424313852511727,8.673777255961374,16.305369937096884,23.393333435058594,-2.970321994330679,-60.143172268468184,82.64737243051471
-6.057378203799706,0.6797332712469761,-12.726791863545605,-11.943138122558594,-59.522732884942556,-17.762121208602107,-51.804362365249354
5.264725202430753,2.7814969233849682,0.7111848704119448,-3.8867063522338867,20.46015581340732,-73.97674411988756,-41.670083342719586
7.48242434681913,15.750764477538196,11.334501517471796,30.46867561340332,100.56287553347063,77.5556234980553,140.86150255815193
8.573994824964082,2.3115909072284895,-4.0522016531975,-4.013535976409912,-11.055181525070546,-22.356277181453258,-51.914707836110836
8.43995727356615,3.1894433570196576,7.966711129828145,2.9766600131988525,-52.35032100995851,-50.6740683911721,-31.6397757707891
22.829898453031582,5.522667132036017,6.779769429936406,16.35914421081543,29.57720758025459,10.57350397003654,74.172607196212
18.595071513450772,4.222131917758862,7.565363926325408,12.3128080368042,38.899342432233695,19.126276706571897,108.1214353104531
5.625854559242116,2.48254362984014,-0.05363911448466807,1.6945253610610962,0.7056075533040157,106.56258108858502,66.61988471771498
-1.8489428812793314,-2.3970016329508677,-16.1578399987737,-11.659915924072266,-30.060337149254178,-28.221602915118012,-51.04819454177985
-0.1671380734954666,-1.1798330689183731,-14.989890468919757,-12.285198211669922,-26.464241849408563,-61.74225148919782,-46.551716406006264
-0.7143796473525863,-0.08702118626706162,-11.849625279059122,-3.138640880584717,13.235808089762266,14.330983407512205,43.84555022553503
1.2044933954214239,7.678997047336552,-0.047394544878427626,1.8812041282653809,-0.10397680504761272,35.01926064471839,-54.107770216223116
-3.821676439717193,0.3756511006605697,-7.0146507377916025,-2.296966314315796,-7.130678574041855,20.271505079467605,-48.14070790015328
-4.297524871814016,-2.19383113849735,-3.6284016310072937,-7.069180011749268,-30.763588928710153,13.310111191266042,-51.660070107692746
4.50777143998738,-3.9719524252293095,-15.087976260942487,-8.997676849365234,-43.24266954050999,-33.45759470675248,-41.77712460757244
-0.3656860538647666,-0.30231982355440823,-3.399423485279029,-5.508368015289307,8.592364454422492,-7.95547367725203,64.97937030762846
2.4491149618070076,-1.2604438470810735,-10.444783982970598,-14.778499603271484,-64.76552147033611,-22.000397148822238,-51.685430631617386
7.044688344526234,1.1885618460585174,12.529765702022837,6.886699199676514,-25.18105747667598,5.904768617480393,-47.45137477129361
10.696228054632266,-0.11301216030211092,-9.620267492410042,-14.985246658325195,-16.473382085100035,42.06803048704941,-31.629161969565608
28.34103579358939,4.669529205542713,4.524013595330959,14.723992347717285,-33.592658898183785,-12.616685917753987,-55.126458971176014
19.37473721015844,1.6440203567357288,-2.272933250260269,-3.1469953060150146,-5.936155577779576,-8.38208787955877,72.4323198306212
12.132046847948143,2.7639924968918135,7.032684914072427,0.13728702068328857,81.92371374045787,109.40079646642684,183.13158931267128
14.406953356922457,3.8892417455040285,2.2056877475147725,-1.3078800439834595,-62.67929619962159,18.74049169445403,-63.11792291843084
-4.119100478517984,8.370270949200979,9.098881491834574,16.86093521118164,2.4176415935691873,51.159025263031864,-56.14548086486635
-4.581461619826321,-3.1011822924362926,-18.800234126358575,-14.595619201660156,-44.234976738471076,-41.3090993129456,-52.63588398105642
12.696726943166432,-2.9922760370594075,-16.062403344794365,-13.72941780090332,-71.15986326197213,-68.7510149591727,-44.148203039074865
-9.486313895420977,-5.987680054882353,-3.8977488715870443,0.9893275499343872,-76.18759392902936,-57.79154413682805,-60.02941924759166
-16.835909067112084,-7.864357655619025,-15.433039111394125,-14.886852264404297,-71.7771672698471,-159.17148189529033,-57.27682497131461
46.145637783092255,4.974327588905677,20.577346456954384,34.919376373291016,-61.73425611594331,-72.8712518168324,133.90619139002015
-15.211800118062666,-4.834037321376896,-16.1614722519233,-10.8067626953125,-3.073324545491908,22.91407254523302,-45.81548221853532
0.06904751736846615,-3.2072104909563257,-14.423371322670974,-13.47258472442627,-26.71908509325397,50.86934850704405,-53.54494745072834
4.833945069833825,-6.929767150359144,-16.39099236203198,-13.490036010742188,15.307746953179272,-23.731365916844105,-44.87833262466164
-14.534976458285499,-2.973265573076876,-7.831200896034626,-5.327025890350342,23.8116285868097,6.868564865074475,-11.607253009222193
-8.080122685331311,-3.1156158085462455,-15.268511621306187,-12.052983283996582,3.6720199074457787,-10.812979758639518,-55.80254272964516
16.57218112258092,1.9793941845430698,-2.8828021256815823,7.005709648132324,-2.851347802850463,106.16997177718055,-56.13605385617101
-1.34917386829957,1.1917040284806502,-0.7180747773697955,1.078336477279663,-52.702498021740666,-82.53060830722578,5.806269151659911
5.058292150097678,1.6773223170520395,-15.555419894993433,-11.11998462677002,-64.8096722213118,-93.76869919664655,-56.72988016124206
-29.103863070850426,-17.442385561672044,-24.63293059407972,-28.894166946411133,-121.37569007137424,-117.69957635557412,-54.84159647925006
3.0483334201080123,3.19806555223871,12.318888735975506,2.12410831451416,52.79167746057407,52.03701881756267,10.659366587911132
23.062878174566844,5.509920360961042,9.432306946606452,9.70864200592041,-19.417034712289222,-129.08890176344357,-42.08089897441719
9.964508706980267,3.8960319445866998,0.8801691532117817,5.805058002471924,32.834073536183446,58.055869872185866,-47.304033743088105
-1.3907264917646978,1.723521302700506,11.136154625984068,3.6094717979431152,-30.873303342480217,-38.36383518842257,-49.46454320273922
-5.9476412080875,2.7739223168989984,7.917295262642566,7.605208396911621,-10.943148645817683,25.78070370927039,-53.48617467054326
16.925454123165757,0.14168307466747412,-2.6990314777231292,0.6523683071136475,-71.08730311518832,-48.88854265419699,-55.37976848681208
5.395530782748491,1.2547543842430346,13.36296624881118,4.571134567260742,-42.70052100092574,30.682484270288363,-48.23324916825728
6.830705968042979,-1.148394326256671,-4.730671302521479,-5.335695266723633,-19.019275245631366,-23.4585000102867,-11.896295693442486
1.5883257027773328,1.6712544751962783,1.7190008860857835,1.2080873250961304,-31.668257465369706,19.465150309376362,-45.53903258954067
10.561081465638846,9.318107381880242,9.454898546568971,12.524686813354492,10.97691442574489,57.59623652100011,-51.65885523189871
-5.992117272667436,9.998233494198074,20.611781052309123,19.684192657470703,18.612585060585626,-40.54923230243375,-49.286410846577255
2.3337798899785454,13.90621269540776,33.235342830704106,25.695568084716797,80.21320538051773,55.25282024114186,34.03213470542691
15.332855146537836,8.569863757800539,16.533353550912675,15.731537818908691,25.680431760223126,59.13817404894479,125.62787344708038
-0.5101258214837223,5.007189376451819,-2.545216900791104,11.000876426696777,1.2992452511795005,3.5070977991706047,48.69759277647607
-0.809904016991116,1.2155022568387694,0.6676842357069097,-0.13329444825649261,-15.725499471645124,34.1226077273162,-49.64821342497426
0.32667567532683917,3.0533369946305573,10.737277137970267,6.181078910827637,40.84410228419948,49.59193840572618,122.18488755609586
-17.938734468210424,-3.2447666817033842,-8.964033105938501,-6.217688083648682,-52.81557918625583,36.42979998941823,-50.654397198845764
-13.974932273835993,-6.9808804925748005,-20.067726880065155,-18.684532165527344,-69.37986373422521,-5.833219305575065,-56.99673866220181
-17.35711425402636,-12.19173239744144,-9.68651425729408,-11.897281646728516,-61.15276388204054,24.41583922517777,-41.70905200961069
4.876631266134391,3.2191643518267883,4.6874508074672825,16.740020751953125,19.232293693383525,28.88120646759802,-46.6220511279957
9.049484879888503,0.960748486894195,2.4139290325489307,5.290840148925781,31.8302185543628,-36.5655533414769,-51.01570203770944
6.2700640108684915,2.6837769401931566,5.965986030534011,-0.023447351530194283,56.899500194634896,35.45973881641525,55.3307112065799
8.29619229185052,1.6651426586873508,-13.405908873944144,-6.065412521362305,124.99493313790711,35.828357058161075,97.48491685570886
11.10675943551351,-0.45954243769937486,-6.062843537910332,-5.215092182159424,100.87491629651959,131.32936064622933,66.73872553681909
6.581832416272846,0.029983797870742214,9.595166634531626,-16.359289169311523,-3.6388767466784477,49.48287915627377,-59.08267036005409
-8.573411371529014,-8.064616444954348,-16.051171331375507,-15.253338813781738,-20.49837989079938,-6.996433097808435,-38.289512541267776
21.446892729137936,2.229494253174261,17.82630804116665,1.1300925016403198,77.58887089531436,-50.97066641397868,-55.130558697539705
-5.295148873575464,0.6823210008338626,11.818650732343105,11.741809844970703,-24.8522634612794,-27.38082480649333,-54.785749973322446
11.760646412413287,8.95438712510547,11.638809290555303,17.388769149780273,114.83368806147409,26.063913370443416,144.92367716703737
18.788924911376867,5.530072317158924,7.466872177722353,12.784049034118652,31.74644033711908,31.632367648683477,136.07551963830525
24.91996992795995,3.8695722473853014,13.757574697233492,17.630939483642578,50.96560587489305,3.7830051903580464,-52.23165529701512
14.706575640496625,5.996906954685685,18.964330400862618,7.374935150146484,61.52744558911213,-25.859295541614927,-44.52028217475654
11.313810114180795,3.5699619062771855,0.7394494749667031,3.1419947147369385,34.887497077281466,-24.348145554970294,35.31640962498944
-10.662980195706378,-3.0254493764991675,-9.806048685706989,-9.245514869689941,-20.313677222756024,27.026624293276114,58.05300317815415
15.504758258528582,8.2207661502457,9.097027856480112,12.698822975158691,-2.3803156526857228,55.340310386144566,69.41674098576715
2.9196027912638667,8.14727177559726,17.09581245489639,33.9188117980957,5.087590654672483,192.4474905971596,29.756246070148745
2.705637265790763,2.744570137789973,10.013507342245138,1.4341083765029907,26.72793527453938,-31.939987691165655,-45.99246757837956
17.182711252307946,3.4059737061990902,3.1411996902100956,11.223730087280273,-14.030439012614485,-66.98330320058425,120.76808683350768
18.833730584985478,8.550630214920979,10.153028266740101,16.725343704223633,56.69812027628328,85.79650352156239,26.405714291588477
9.075962969807074,8.068932526451656,10.875090200047623,9.305782318115234,40.992361876292485,-4.653530118881889,36.7989940637988
11.642546858606035,8.531538499831068,12.804390335057175,17.719297409057617,75.67884144623935,111.17159767927632,-55.47686332031356
15.924346910948827,0.9798801498904581,8.934142402188503,-3.1186463832855225,-11.189525219885596,-8.12160808489535,-24.97250042172301
26.590490677646,12.626501332781654,25.03780757162309,48.880615234375,33.74828520067078,8.935589528267801,30.28843548602566
-16.890176270644762,-12.512413016137195,-28.326147790949758,-21.64546775817871,-6.5331278947848626,-17.644916086889054,-41.30992478468992
0.5890760167592379,0.03187382903393146,-0.24903867594623907,-3.301814556121826,67.7084618643152,42.03981815578719,102.72029204127938
0.2783765024397451,-4.745155037015685,-13.930454274046824,-7.8413472175598145,-45.99194281182378,-18.227136255088,-44.345481316334585
2.925518294716843,-5.235622299397216,-10.233637990796728,-10.303299903869629,41.727339618860384,-60.48000682275237,-49.09612241050535
0.4413661458710476,-0.13375917822163583,0.9593174937580813,1.4217222929000854,40.23567160045662,-34.31883293029563,24.189717661387775
1.156671549414646,-2.41471900537206,1.832609522086196,-4.069911479949951,-8.498197215394548,-25.382287819669486,8.515925267049564
-6.193031270918439,-3.1798499162682017,-11.396700845918735,-11.307426452636719,-27.851016607473113,-24.844201002019805,-51.574925617729065
-0.5463086572389835,1.257130086672402,5.457615718106211,0.8381765484809875,-39.493105804067845,-10.597654051510755,-47.34705400105822
-7.776686135892266,5.047185731096339,2.8627301579291013,10.25568962097168,4.719673286717163,-54.593777317078676,26.166362693403293
-13.164965518481631,-3.762065787378316,-1.4080696568638464,-11.981710433959961,-24.65779810814764,-51.25411117858502,51.44694294265788
1.5473776740601282,0.07970007162766303,4.481537223472172,-1.6910834312438965,-40.100165448628715,-79.75868693585883,-59.38860482513093
4.8446489109157795,-3.2393215697739386,-8.136442431738805,-13.562358856201172,-31.76285678581694,-30.73661595993693,-50.87712471359645
-4.876034858514519,-2.2543102909883683,-3.7287897360397677,-11.815529823303223,26.272431612477003,-10.94640338821884,-44.889291387931536
23.18939675406894,7.213494555246621,1.3662707048832639,37.2314567565918,70.44001421015818,-4.714931630681395,-46.344258161283555
-1.8014881490032217,3.164590633276039,5.0778037178713,13.302529335021973,-11.423235863169383,69.53467272190157,48.08086623819684
-19.08938082245711,-0.020478508033412505,-12.499004261592127,-23.675979614257812,-47.14931013326198,-56.94849209174798,-50.87006325076427
-6.156559541743507,0.003816290732860678,-17.312066281099963,-22.81553840637207,-32.63361763149699,-86.00802641013938,-59.683284738918445
4.0921363523806775,-0.6330480486410123,-15.826661951895291,-2.4024581909179688,-44.62871201204909,-76.01934155108808,-45.590360704509855
-8.978180860732893,-3.387664753624351,2.532466849094852,-4.448526859283447,-26.68514841730002,-59.84056803978038,-50.96654686372333
-6.036017854592206,2.151004918643101,15.909333390911023,-1.8268183469772339,-17.311389404706276,-47.54286499670749,-54.39995872635064
2.9257684204919037,-0.5368490670705414,-12.125024149739533,-9.292440414428711,61.95105670957737,6.4766686331651915,-44.21843131898532
23.35925445221645,3.731471107084952,9.909501548248134,6.124448776245117,2.913378481605098,95.19687698382452,-27.389702541438815
-17.360161851649313,3.208977024478988,-9.720593925109242,-9.090727806091309,45.192491930537734,-12.427946014222798,-37.52972316575923
5.555582803988509,2.509294800039807,-12.640676647514,-3.7280235290527344,-29.503708249766568,-31.17046010506617,63.08624581353282
1.1811248988135534,1.0164341584197083,-1.5373587519419343,-0.7369514107704163,-29.191966665802934,-75.6083196398323,-48.764154319142946
22.486803233878508,1.546645359142261,-10.20093765019643,-1.8559339046478271,30.409818780492,9.341195686279276,8.657513961507654
3.204866810558051,8.824818375115836,-0.8686383445857546,0.501465380191803,0.08193757111315861,-49.52964757564476,19.026024455590157
1.4736570131897428,-0.9359909412938894,-6.984989191346159,-6.959547996520996,-22.891448495748513,-9.467434856734773,-43.8600461889819
-7.48166417347128,-3.4920084304303223,-12.549955160532889,-12.534871101379395,29.100454307219636,35.04767288679287,-43.085257316892644
-2.2965424354693753,-0.8854490923249566,-8.723913770759957,-6.6056623458862305,-47.42178225169528,-47.73716763464124,-42.00265773026717
24.84587222276856,5.883148207634408,-4.602278063133271,6.437099456787109,5.66492643983199,38.26543284374608,69.580358031125
3.539076119002512,0.6820469094799009,8.25134633814346,3.407547950744629,-16.426065655982615,-11.14558481799025,-47.80024803715255
3.6812892710335694,11.912670856730362,16.636452671241393,11.69375991821289,-39.28991174185156,31.19442086657941,-47.896691854308635
-8.255093656085382,1.3290457366143207,2.453079029918103,-4.99995756149292,25.60883800243506,-98.41522667083768,-50.6301329050563
-1.6613596066948237,1.1020283387650256,-0.24797147317953117,-1.5341453552246094,-0.03154659220041974,-80.90681700461384,-54.922555755745236
-17.726662807533575,3.3081629417694614,-7.560998997648992,0.5574439167976379,4.061144093377814,-73.18085193451451,-48.71114919858317
2.5526015177878194,0.2659044234336699,-0.9093910316140198,-7.304372310638428,47.376720670273166,-54.26925821020488,26.061299493152788
-0.13988292681017445,-0.3108319437834477,-11.616731237199248,-20.112516403198242,-61.23090113360007,-36.99004378701467,-44.28221291945401
7.356345763872014,4.833661511427892,3.7102984193240873,9.738648414611816,-65.66979258934002,-85.38262183718466,-58.87551354652222
-14.663120599375215,1.1200465337900412,1.4074454196205244,-3.268369674682617,1.800971744136452,-26.440163938617232,-41.84522985197677
0.4094229479095177,-1.96244281588366,6.157436168533899,-3.4214699268341064,63.15324902232955,34.6829133827418,10.62149030479787
-10.580177551924285,-2.7311752354498773,-0.9370696989627672,-6.044425010681152,-36.383882809389696,-52.40168495783199,-37.85278556241338
-2.19131770287288,-0.5589744176382604,-2.236266137612154,-4.134332180023193,-9.592293332694853,24.61664561713254,6.746872920467692
-16.490139496113592,-6.264666757968709,-28.302987181546282,-31.46484375,-10.583895745356239,-61.710953318072484,119.53346144726709
-0.2047314126966806,-2.2234273530836512,13.003941833417821,-9.874488830566406,-41.951421700084914,-136.53135122980453,-46.92576216726473
0.8330609202574775,6.439018735319514,9.628224159038012,5.360720634460449,-12.26492080884626,14.109776906127799,-61.382626905379844
-2.347872145328138,7.688089457357956,24.96027648884381,4.967963218688965,-34.08306800043108,-45.82393334131177,-56.33339921377088
-12.606057321513548,-5.095350019766812,-16.495551216967893,-16.015775680541992,-45.15704405715622,-30.290820218323734,-27.787238314233875
-4.320511634165863,-3.402893744292004,-5.215399221099326,-8.870259284973145,-2.8763938483366136,31.227148692377302,-60.68500608743292
-0.07387147701154761,4.397164822077888,12.529294412552376,4.173478603363037,55.91393416508602,-32.46651385575124,3.8224305509911534
-10.722429052852338,-4.615723044420874,-9.834501338889021,-17.11241912841797,-85.36591248952246,-81.25469375564396,-42.205697651726325
-0.0303675309462208,0.31352453924535706,-7.360446519031959,-6.622838497161865,-40.79647560644061,-45.557431630735984,-52.195378067026624
-7.722507214830193,-1.2737909773698417,-5.128719968414588,-12.590988159179688,-29.496075931835826,-62.85060718092636,-50.22610930311315
-0.6333889418263206,4.660341076302034,9.001473179676092,4.453982353210449,-24.434511457568703,-68.75080607864223,7.169332620325664
-20.608726093883767,-3.587023339945538,-16.274569653268436,-18.954492568969727,-57.12807837975081,-49.076012027120996,-48.51086529001734
-6.275268712941729,-4.535659558508735,-19.952701673414005,-17.052915573120117,-40.90641509954115,1.5625789148833085,-46.78274207362358
17.038265479509864,8.179776899002361,25.346624667910046,15.429953575134277,77.14046166593926,78.56539925237618,-49.48506615824834
-7.835938103644313,7.650804031786529,-11.074133464932187,2.2684264183044434,33.05874890408434,-85.63355528910304,-46.51428371532451
-29.79617653983897,-7.932076861685379,-29.976095748475963,-21.610836029052734,-48.772565133293725,-69.84625363324665,-60.74367418119363
-15.90441611383562,-0.002853867686507249,-8.61224577650076,-4.269775390625,-22.952543135443438,-8.057565671479496,-54.294265976231735
2.1190211779115162,1.976602970223247,3.787183049805465,-1.3335028886795044,44.73017279791575,116.28825364271756,111.28413193301687
-4.171118592181006,7.258136583504908,21.360567181362082,10.605020523071289,-22.13551790959624,-29.740126149341982,-52.60593051131861
-28.115798421749158,-5.435094825914448,-21.68981704033181,-23.88534927368164,-56.59847642478965,-75.42428453882633,5.189112004411867
-22.31553481641063,-5.897461365345864,-19.26330375478775,-24.872779846191406,-31.172487104621982,-63.48609209773906,-13.723670829580266
-9.070998500494003,3.0127476771618023,-18.761999701911936,2.6803290843963623,-11.816918563394983,72.46660481294188,-51.656492919693555
5.277300867164927,-2.844106467077151,-22.312299710773534,-17.130916595458984,-48.455342750230045,-139.37657966675394,-39.602907782694636
4.42981448781816,3.2807096157659514,6.739523005786738,-0.8060082197189331,7.141699467263803,-16.923793345902915,-48.31936550932048
0.098619595484704,1.0496739638862065,-8.536156786607275,-0.03988933563232422,-26.272499158612465,-78.22438321618739,-54.19404505140536
11.765476463717459,3.9622464101945125,-7.3349618059732915,-2.841064453125,98.69531086448097,42.87821174895706,124.61114998786698
2.706839718932551,0.7125441836996994,-8.135842831287214,-12.2483549118042,-5.694274547873485,-16.68021818796242,77.48951752038484
-8.71879657381723,-1.536423645851214,3.093347282109133,-4.293745040893555,-43.03873351932714,-52.357768250563325,-43.985356462952666
3.504386929180883,3.5579112107975757,-1.2105960524619663,-6.2610650062561035,41.95662232542611,-33.75169451090482,-19.023385181184498
-6.809157580004101,1.9776532414545034,-3.5075933919563136,2.9238686561584473,-70.65897678460945,-31.395780678639035,-49.33566328411751
4.08708195775727,3.468707961203232,-0.6595335235873023,8.292567253112793,-14.17543197899719,55.62968396754185,55.78152769598092
-15.354306652731633,-4.084996818799228,-14.129017843904187,-12.053853988647461,-44.08018220785565,63.47472763877758,-46.13772656458678
-18.68586487044023,-6.934882910586936,-19.137552698893824,-18.92804527282715,-33.9175958693613,-0.4671232099635091,-46.44521980773827
-6.809579813996793,1.2495012938235657,9.6225177859364,26.8830509185791,7.4646799832652695,-4.495047900649473,53.69956783885639
-23.349057262250952,0.4050996707948253,-11.769288822559927,-23.791282653808594,-123.0620063605974,-90.902587138567,-53.497208964156336
-19.95643964967863,-0.8820176796686338,5.247696744326872,-9.339241027832031,21.305830264637084,-42.31523896958866,224.20813306195993
1.6959825076735626,-2.0868137627113903,6.292240031076947,-9.949972152709961,25.160821881891433,-72.1036447648082,-44.20097797057162
4.628064718598701,7.521210724467006,14.897683921312371,4.366805553436279,-13.75165132831906,81.00932025877839,27.202850501910316
6.64407305024163,8.949221648618128,22.82158057694153,11.7405424118042,37.672350233331116,-26.893106170442124,135.0875969254686
7.959116236567207,5.022432160695376,25.24749959303343,7.249248504638672,16.195931862558933,-37.26962737357425,-38.5178323020281
6.172696805524149,3.675339255484305,10.6835560529828,-4.828051567077637,-62.21581322275804,-50.93838666553954,-33.043231548740074
1.563126848010874,5.258029748758346,-1.359786919230969,1.2519479990005493,22.241205895261025,5.9088005808276,-18.307026902695096
-7.456684823691534,1.133982459463017,-11.181082503632304,-5.045079231262207,-5.315802466099359,-1.7437216234303397,17.07231036016882
-5.792538580378052,9.548096849248772,-5.854630240273558,27.87525177001953,3.9105621279599445,80.41730353913924,183.84013051923495
11.521125869820525,4.8200581678353585,1.4389778108537241,5.242397308349609,27.768602618871597,40.28552065663815,-34.63657725343483
-4.038659139803865,-2.486071236050093,-1.528613814456693,-9.321989059448242,-36.41676959652571,-60.45133079270467,-45.69262018992072
5.036109370324401,1.4182460431798116,-1.619392199406894,-1.885370135307312,-11.4639826591423,-51.61089499103378,-50.703981711967884
20.16770582962257,3.1145997953409803,0.5806325400640253,9.378922462463379,18.786713852512637,-6.125008452125396,-46.02502406804463
6.554354151486169,7.177362942539971,19.91253512407172,18.260122299194336,7.149754831564111,9.52680240332414,-50.97197864027101
-6.162820667888637,-0.8346545659579924,-2.8884081810655906,-2.2905936241149902,0.8878373079321681,-68.46669496472649,-46.42935036691976
10.240003358562955,2.5586951998179406,5.32685749481325,6.275161266326904,-1.65186720702773,-61.920863053815644,-50.45818457622865
4.5057039545490465,0.5883189445081584,-4.252328890751971,-7.146152019500732,-40.25341374358027,20.83735833933139,-46.761568605524445
-3.3349317073288085,-2.6594948882082488,-18.198775243710166,-24.446857452392578,-73.22376351464685,-115.47766556018422,-58.23441693136752
-8.562805036620622,-1.2725220794195515,-5.7359278963105975,-2.55473256111145,46.406774554465315,-42.21028866317057,-38.71830462845433
16.180724794899692,4.239711887786124,-11.98813753014773,-9.599944114685059,-12.78311363414497,3.7115799501364513,152.96405836381948
5.829444339830939,4.510919494155925,-0.37798595015839875,3.5823259353637695,-9.088775106847757,-28.02466113821341,-24.98485415157873
-4.001934232822883,-0.45486253773920104,3.2925501927829326,0.5567218065261841,-72.28941732392526,43.63229292981505,-46.993411715464894
9.13466675675134,2.513757015493685,2.793221726389019,4.457555294036865,32.70557682082929,34.491687578262244,-51.75634598883341
4.885126318400214,8.744509543587203,8.130551425859823,9.589038848876953,72.54052482635174,-81.2735363430167,-49.21084999298153
12.740779649239428,15.01454726165943,38.564555637614255,26.242979049682617,41.2188518874513,113.9507079099239,115.97343382625591
-2.8630826430208516,12.207137864733232,18.784391911515076,16.62193489074707,2.692987727831686,32.369139694452514,-50.122569544940184
-3.7611359187442077,2.2817739047281007,0.05445005657553437,-4.937557220458984,-32.86435447972797,-55.362041292291735,-38.863809972157036
0.8107568485022525,3.332238591022069,-2.9218458873268736,-0.5781877040863037,-5.853891389436109,-50.44583144920273,-49.20230102221447
2.701233568099841,4.141540962545737,-4.019981829094595,2.1305952072143555,48.39557154859689,55.70763113608059,-45.053242325512855
0.9422931487663878,3.4348092062193047,-17.500760154654593,-14.32354736328125,-14.51472683153053,-17.524414899817277,76.9271195733501
14.321125708000336,5.767623443462999,4.157539490462651,3.7176880836486816,-62.513234357013836,8.756606655603203,54.909153028889996
12.89413093751099,0.6118763128501993,-3.2282630356815103,6.8045549392700195,-23.80211689373832,43.37853734572325,-57.10761423240535
5.575546867146725,1.469553463067357,2.988987424037835,-4.039566516876221,-48.463611525813754,-83.27198564683913,119.68980591093977
-0.11539157078784301,4.524530220904277,6.84703541204407,-0.605006754398346,54.387338906337504,65.068049883488,156.28240694721592
-8.350316478658048,-2.7544763068176374,-16.182885447087635,0.8672029376029968,-46.279908931566354,-77.74407714213089,-48.11025972689935
3.505270758318102,2.5069942886711254,6.535771934231233,9.13577938079834,-93.01835485476371,-45.73024938876513,-42.06319449571506
-0.5607236104564826,-1.1045240969918906,-11.076680588924486,-12.43580150604248,-25.72158351249232,-17.940258913378553,143.8713088723463
-9.35520009639357,-1.5885241763241564,-6.581215366523636,-6.897461414337158,-62.371533579916374,-19.07303599987365,-52.01983950816821
-23.17339704420995,-6.445745858924034,-9.18118646318423,-14.573366165161133,-15.480522685629046,-20.94791330724741,-52.85401380975274
-12.973712430335546,-7.0090089153335144,-7.3382094155447835,-5.835818290710449,-74.03005428541988,-87.52095763049336,-43.56923704844676
13.83158786837002,2.1813854002306794,-2.41594984188534,-1.10777747631073,47.92662882137088,-25.77892684098358,-46.55414607855731
1.146588954320551,0.20982097745710898,1.2347792364382288,-1.295547366142273,-34.358123703062006,-49.61597150472847,-42.93797911849962
6.620899907895698,5.895501565187328,3.722059355712367,14.467453956604004,5.671667042784494,-33.08967858688831,115.18327607514287
-16.512864742910274,-6.239472931566105,-12.074487632328351,-7.634774208068848,-38.52348012978368,-72.57314973371832,-40.46541651478451
-0.918654025746759,-4.385651088810595,-15.90846805458762,-10.29860782623291,-38.912258612414604,-12.336060369211612,-46.470018027614856
6.284690107586881,1.9589603080045943,3.9243460252624986,10.29580307006836,8.228206151995288,-34.78164284344655,-30.07366321046831
4.091752772089286,9.165047384350459,9.839745391747579,2.7365050315856934,23.694833783243105,55.40478713581206,12.480898995666465
5.617355989700736,7.585611472201122,13.18896445576571,2.1294074058532715,65.96970685114718,30.00044417364839,-12.740623039588463
11.319652532866854,0.24046534796560845,-4.965962421127631,-9.884615898132324,9.1046463151528,-7.603505944664766,-46.79324223402674
-6.821792171182885,-2.6846905189472485,-9.812505270466353,-14.22493839263916,-60.94097323695983,-80.6867321570283,-38.55076980265013
26.830220108656736,2.0845413739861205,17.068289855641797,13.50711727142334,18.778133859943157,70.00514215721844,-43.603140076891066
-10.408618123081826,-4.436038651077717,-23.3555801502851,-14.630030632019043,4.749104380767622,49.369912063661424,-48.13849400982657
8.10120052567704,4.617980758238805,8.23978186952438,3.099299669265747,16.78768200815164,45.85890902515815,38.15536891233018
-11.118505011107292,-4.666360888353714,9.615984467388621,-6.782881736755371,21.17550723022328,52.51753783396973,111.25133755083812
10.87223229464359,2.2734476155279295,8.557223514306566,7.035058975219727,-16.899087168066618,-116.05194951774907,-50.648039883465934
2.919720134930795,4.936238400805897,12.405620769817764,7.871775150299072,26.106143225359258,88.02894792539465,149.46161621126578
0.9971438861283498,7.217200979652071,1.2297329686824872,10.9791259765625,-14.898937955462786,-75.94816780391108,-56.55462290511458
18.53792870179135,14.725688568833226,13.053896902464265,11.293517112731934,56.016465876058405,-83.13923323424618,-61.05955444551679
19.29891193769762,10.05128174517265,12.056851092277828,13.107298851013184,-25.89694994961645,-133.98231146164943,-60.4904486398078
16.330598854154175,8.319308359045817,-0.32559695612007,0.8355507850646973,94.4993643082993,68.7978279926718,129.0937802154066
-6.807657836160509,4.410683364097856,-7.241287506539209,-10.858752250671387,54.652123113151276,63.1378611406692,47.360489610173126
-12.59812962417416,0.707724215882038,-15.263220065549657,-11.068347930908203,-16.982099924982517,146.58874551366688,-31.246797731918164
2.481661210720734,0.6983545114847513,-7.402386561827359,-8.77033805847168,1.993844479676026,71.34271781258569,1.6143045807155265
7.746494233064627,-0.3392622094942265,-12.103947189579719,13.280792236328125,-38.45412819467583,-40.10401916413747,-50.2868342545715
11.758433941016463,3.620582179216371,0.5014962690817191,1.1307603120803833,61.241340025930214,14.580560336147041,152.18064093315718
10.294014429769232,1.5479718822042507,-2.135435961928636,2.1851494312286377,56.90117791460554,36.049490999035555,67.56045637959548
5.399447412995361,9.035166536998638,4.525304487074116,-0.251901775598526,-71.79001423785152,-59.54187303142703,-56.83036568561196
10.498191386139624,1.9229954942270149,-12.211095391254071,1.7707158327102661,64.74090956682306,-15.620416321479118,-22.364336189220047
-26.53865750531244,-6.831878232146568,-26.491271559609043,-20.100507736206055,25.54352522359894,-29.747799313157742,-53.16052490483819
11.119386029095883,1.9865875904704569,12.559516580976107,5.386666774749756,-59.87163308757761,13.112340891671785,-51.56400002460708
16.788886364912933,8.393784068439105,15.513376201355909,9.208842277526855,-57.46387633995233,-86.59218775216505,-54.98645705301528
-23.586059682486745,-4.22279366568316,-22.491372832259376,-9.855286598205566,-63.38324506647925,7.433143959261642,-64.51650419168429
-12.570066209289525,-1.7222739766910764,1.4595171931641364,-3.52286434173584,-55.98254956785126,-100.27184147332457,-59.48806898032863
20.36457060006666,6.778493907985353,10.968987523071707,6.556155204772949,77.84201872969916,137.36108125647084,-55.160638042021766
-11.459209678502532,-6.075551181674177,-21.432248952570088,-22.28390884399414,-80.2049556483183,-68.32900020586067,-43.67785409383587
0.9622167176551177,-3.545226649842109,-12.68908592990652,-21.04949951171875,32.513810789372954,55.73635808264687,-53.0788271651537
22.575619246665617,3.6559131829042135,10.886940967769606,4.872143268585205,-45.46401224474532,-4.532735073133866,-60.534117371237436
-3.987183199590285,2.1549794333903973,-6.012595475278449,2.582343101501465,12.944967031466277,35.768531250933705,-51.0160903793249
5.282380827979679,2.352774021868403,-8.61348067254875,-3.2424628734588623,-62.12857501362153,-75.61997506842651,-66.56920963254898
-2.8902898732552953,1.6008472276746935,-8.31627082536743,-15.45444393157959,53.103129418433426,26.610320193082263,-10.050643082283434
-26.995071249237082,-0.6316849758815948,-21.764396936176716,-33.96505355834961,-68.95330625697768,-83.35015421090571,-57.9531876326996
-16.130061768581704,1.0123760936302704,10.547644836481481,5.130189895629883,-35.45629992721823,-23.176695633149347,-51.87617775690413
-4.302672494042634,-3.3216653816886756,-14.28514124014875,-17.06739616394043,-40.63900771921534,-41.13903121001763,-33.198456893108386
7.906681782859383,0.8641689962257726,5.454202805669717,8.75246810913086,22.977492284799677,11.396213609920132,-48.137423370558906
-4.109692313909992,1.413353923809105,-22.887791688396543,-16.22521209716797,-37.206469491342645,-54.06624366394152,-57.614633159925354
-7.569371817544313,1.0671020547756007,-13.211620205140358,-15.081413269042969,34.11049963963191,73.12665352256724,88.07790224405872
-0.9082658567155684,2.9679695471164305,4.113029693159262,8.77707576751709,28.103383115695063,53.22970228844156,-2.619353769248336
21.598894135979503,7.921216110856755,8.24268110974573,12.074520111083984,-63.783511518769764,27.31745323397092,125.68579246609164
14.450501477920586,5.523462464128755,-1.0763917281561426,-13.19005298614502,10.29154425631033,-106.19608244064702,-20.398285442751877
-2.437621426693234,1.9965947387285938,-3.388587368789314,3.4955341815948486,10.410042875755243,-16.470664895557864,112.44809668511527
-6.329287999675184,0.09890705352648486,0.8608597793932953,-5.114940643310547,6.949671987059134,-24.26769334826142,-57.171244404130384
7.805333349904007,0.9939887877134077,-5.267119006238545,-8.164327621459961,-16.983863392818908,10.285134643950979,-51.863584055929415
14.810660807209569,4.963398416047231,14.485654304563258,9.873443603515625,72.16036702253028,55.47145779815613,39.19039077355499
-1.1294244393353035,5.6435800261593005,-0.8704707921477708,-6.343060493469238,2.470063932476333,-31.564172928048997,-7.948965195203413
-2.3724226092874,-1.7831190405674404,-24.738217333951898,-20.88926124572754,116.3487205164824,-2.2519186101306237,-45.34207467207341
-1.2873802366651028,-0.23830631827858856,-9.959143896717672,-10.126042366027832,0.28899481775057295,-10.226557073125548,-37.30547863486214
-11.8266759945998,-1.1941548250987433,-17.316523226232214,-5.2931227684021,-26.465689224516854,73.53042469546536,172.8846047129436
8.6143215487045,1.8137687060113985,-13.937124204111687,-5.923199653625488,-24.430643793902505,-83.37222786930559,-56.535181495922956
-17.366505815663952,-9.574669929826133,-12.338399425977144,-17.539457321166992,91.11675396371278,-94.44928901794123,-23.132454496640072
12.05937286184952,6.243307703066841,5.981988302067304,-1.4561325311660767,88.95161867113089,56.71404473208567,26.05242428353447
3.1263418603353625,4.4529882183572225,16.107515085089865,14.713166236877441,126.7314518305371,113.80837744171554,179.65253985783448
10.859582120440034,3.0342372993066946,-14.938157042349566,6.131162166595459,-10.381222356236234,-91.69858973728364,-61.82291502942794
-9.793730453792968,-2.3628744978324865,8.865723388588922,-16.002105712890625,-23.13074345559792,-66.07996925033359,-45.05269512567384
-16.646068663003657,-11.991840726294294,-24.13895287767553,-38.842994689941406,-31.43527855097491,-40.40546779977257,-6.253849154998038
5.7955980231340725,2.5787833440548353,9.442396127812263,2.904515027999878,-7.729636992578141,-75.31497288725308,-45.620570311295495
4.924858215789088,2.041245711452398,2.0733650684762805,3.104635238647461,63.6741113547351,109.96974676527083,-55.022461143223175
-20.664551403729778,9.190847660117903,17.60114582933328,17.152469635009766,-80.63904951415127,-62.745096140200715,-62.606945581756236
-8.394602828302993,2.6344021834106433,-8.000588106355588,-16.302230834960938,-46.6480357802584,-57.91129732393077,-50.84625589563804
-9.235633150433332,-3.1783671112693592,-25.89696267907321,-33.92112350463867,-37.57650511674616,-104.75327966297723,-33.33973023209001
16.14752132901247,8.318718693674178,21.40111099465164,8.484042167663574,7.674082194669679,4.215435580990022,-37.608343447752574
13.33712234510535,5.0491939379653346,-2.440334788442911,2.961049795150757,115.64677255576761,98.33375177878298,110.803519299773
9.11654102406708,5.60728396570774,-3.0942173829091315,-2.4319586753845215,37.282048027423755,16.606020435121806,-58.22250268991695
0.06071500509874417,3.630546155355314,3.4232775767888457,6.54949426651001,44.39607597921246,90.33109815521036,25.860061159425666
-10.057761606733651,0.8321913033127932,-6.2215168082925105,-8.293325424194336,29.404533698193504,161.73262001774683,287.95107116097523
-1.4321963725835514,1.420764060504253,10.36554462353157,-2.890472412109375,-14.158242337151762,50.43092259612566,-41.93226435580809
3.2906762725586693,1.7786766671198442,6.275805306245695,7.541385173797607,35.5316359356635,25.7189699292442,-28.832208224006724
-8.062384207527288,-2.601853463002531,-1.4371414721966784,-1.1336781978607178,-14.539649357233111,-28.712428513530163,-32.837234785478046
18.424796196189558,5.956022624766004,12.953926820299925,12.362436294555664,23.9065850768515,60.37274574511816,146.9136021898171
26.450317275635374,5.957578738949431,4.031215284907214,13.838705062866211,92.25049580838589,118.08360019940834,150.0962088533761
16.654013337180068,0.5679478148032098,8.816075317030036,4.604894161224365,-20.918316476086577,-54.16436229448085,-55.7441502925726
0.8896910670994118,-3.4472950548254477,-5.429618026224027,-11.59000301361084,-9.630354265210428,-61.0146386212177,-53.080770366705764
-0.527156828318001,-1.5940557109730191,-0.11314648090349472,-4.439464092254639,24.40608674797583,13.335397248479268,-52.14788288235095
9.64170348413277,4.56315988898716,5.5756099427307815,4.3741984367370605,11.659604492027695,-11.500410342080839,92.54662850590907
14.355034948959135,6.602848167235119,3.4087690628914484,4.1709370613098145,84.95498312941916,62.95079023631708,-31.272483989028437
16.534967959934825,7.801183633620189,9.341255386219503,3.4296152591705322,45.81759204288654,-106.36670207400633,28.956441665496484
19.71897274741092,5.2691445447906915,3.262328192511321,4.6399149894714355,9.773836634914877,-24.192606586672163,-53.81269021137651
13.072126518543765,3.686383082643801,15.954739486767261,0.09975804388523102,-27.917587183086745,16.98109062645463,30.42230940514598
20.628311968213794,6.574998020089427,15.270709904489294,9.298361778259277,51.256180872159945,52.81483017124311,153.66038907964247
10.504423199647341,7.710227122343907,11.48846602201417,6.299230098724365,-24.195008872550442,-82.58974729319252,99.14766726710664
4.717186488232076,3.5269551894725413,2.645913871843553,6.7302165031433105,18.13633396625689,30.112306684573987,74.65503000750911
2.6343789897893477,3.114850090576373,-0.9195016504948081,-4.025726795196533,26.658959901908357,30.278772382379845,96.41855954513747
-2.6973222351308075,4.110836092860461,38.69519014811256,9.61324691772461,-7.055572812980721,90.49001006419448,-26.91673345805846
18.163565595141282,3.9766343013486996,19.12956282767667,14.165939331054688,7.383765322437715,-99.93356553766125,1.660832905480949
6.326812564641642,1.3803453449026866,-8.212069036253125,-10.419351577758789,-29.212063306105055,-77.76605139856197,-53.88494244329727
5.334745005427246,-4.253456366862186,-27.681771039513794,-21.072370529174805,-47.548061314247065,-25.36139321018087,-56.568315902591046
6.190700676842626,5.566676018373928,1.8333943995038926,5.1506195068359375,11.653597339408757,-12.193236687660374,117.13151661601319
12.293006737641278,9.782994275232218,17.07134611148439,14.041973114013672,-3.5647776328519845,81.45327195802317,-50.543457986010715
-24.209099562411474,-2.3838655083633156,6.411771937373158,-2.9885666370391846,-63.23422892951667,-26.117834414796747,-56.893997882228994
-17.576573258301,2.140245199802777,8.290462723750744,7.799915313720703,-40.17530688906544,-29.883942852142056,-52.5947905754209
6.206050748242429,0.47544796263857647,7.19587897291492,15.644704818725586,13.023938095912717,-9.368674703957597,-58.64028985983572
7.245483922925661,3.4421862364864806,3.8064200978725076,-0.10064639151096344,8.195436423405297,-43.318420142284474,-31.468752099689517
11.862379604909805,6.602137632451132,8.237386028831299,10.396636009216309,17.36034665646618,-70.95604071490408,-15.340689848812405
9.284941621918378,0.8667915424173557,-2.8348972995422095,-7.349826812744141,-59.53229423177496,-52.79956246380158,42.22125692301744
-4.2932956942054545,-4.019917119838993,2.702748777617499,-9.109685897827148,-113.69104847709477,-70.20210576337607,-51.461343142854055
14.660452778484933,6.656536395373944,9.596638452071103,2.111830711364746,51.874164640852236,17.506110514169084,103.25582557931315
13.120591757027878,6.666201664485273,0.5546176142362393,4.954489231109619,37.365429023200605,-12.265584400999096,-59.69650412474956
-2.5255888552793357,1.0429075060838457,4.862922625189576,2.0748908519744873,48.672326943182384,-36.38049527235479,172.09072350549843
14.349748207666178,1.3884677786302155,9.339226913692102,10.248994827270508,50.89910397228502,82.27481135344505,120.32749074374853
17.31524249398306,2.193019877557302,1.2048819620000883,2.056994915008545,-44.47016217764544,-44.27529795961046,-44.22195227479489
8.319797625018923,8.212591051129467,24.11980201117794,21.66341209411621,4.060901640025949,-40.29296212994171,-50.0349262132473
16.44590109974785,7.616627188961182,0.7714042857237469,-1.359635829925537,10.10121565055354,56.3142516559579,42.76971888258587
14.629318113047493,5.86631496538282,12.20981652339393,13.157999038696289,53.37433012154116,93.08655006918221,156.65585321875278
-5.983556245373432,-7.797912480685785,-6.338429931594986,-15.77026653289795,-34.0196813728299,50.05388626165957,-29.27460013649556
-0.9919901846782735,-1.4176293695625406,-6.902897063704147,-11.76623249053955,80.55454634926068,125.1229958702064,28.92262273539935
-1.5824919788958045,2.0919236867772337,-8.552541720743891,-0.5450426936149597,0.35274678286153643,76.01462781427801,-39.07846756001602
0.6143919989243609,-1.9864985338365253,-3.735617223443088,-6.935684680938721,-34.37054317239882,-66.53257384300244,-40.14395929641691
4.687690155572022,0.49874448144585976,-12.92728160531959,-3.360966682434082,54.76904635364616,79.51716810283939,55.188488767460065
-8.816614237702947,-7.14985049951807,-21.11412206857253,-19.611867904663086,61.082179675492924,15.69105259497649,6.439596944243413
18.196379043682615,4.450590125507571,3.3556269636189353,-2.536618947982788,24.656413082433442,88.44339769529378,-61.364653315743176
-5.531371257764894,2.400745068345534,10.813470575508427,6.347781181335449,-60.636727488305795,-104.29243569285009,-46.08726663739068
3.184064697407995,-3.690657605112241,-22.446520245333126,-19.099641799926758,-55.8997473044043,13.74211794112804,-32.80911367009589
-8.90038336929433,-2.5389011236199392,-16.439576570890438,-19.21654510498047,-68.0750480001595,-31.651372197678832,-53.16938813459288
7.913148860798325,1.069987660748781,3.8293352281175506,3.1581339836120605,-30.654154171188136,-60.16176006541301,-50.194328027449124
10.3037799113681,1.4290802561144091,9.205735940917245,0.5232716202735901,-10.763265984471422,-48.0548471577686,-49.139494097824304
-17.260368201334586,-5.704588976243382,-16.853735075426727,-18.789268493652344,-50.88289568492282,-81.32085311642,-53.70526460268895
1.2208573308422515,-1.848099565169783,2.059006937292368,-4.895088195800781,-29.72603468022687,-32.27095477820286,-54.83773099225656
-11.093652130078441,0.3382288936680978,-5.535444606402082,1.1256802082061768,30.23284267516388,9.362149866455823,37.879555066866466
10.698147657931436,1.2816081400423989,1.3482972839283098,5.3251118659973145,0.5841542917677619,68.66675854849628,129.48626463160213
11.378878191619162,2.511872427898218,1.39459591715978,6.700105667114258,-11.037726457965702,76.52267871276756,-47.53370562498504
3.7545729745792618,2.3167812018255733,8.497943206088953,-1.3797903060913086,-20.63860705935809,-43.86237331827432,-43.71002613951413
4.362838740412631,3.1145709036603013,-0.8585262316587629,6.432150363922119,25.841383102850227,31.921999784455004,-50.47417145724588
20.62277873799332,10.534012815528145,20.337019290543036,23.84139060974121,94.88180170896969,-38.887322958642095,117.78470673489551
-10.251563895104582,-1.2470734105292864,-8.152462196989212,-11.846163749694824,-26.63965861921368,-8.673581865611613,-41.6190039979976
7.8390757274156915,2.4112372375149227,7.583151588182695,-2.658726215362549,47.35916051431917,48.84110016103897,65.06560032640806
7.629718554652067,6.427686032850155,9.97407470005258,15.249138832092285,23.354248057751327,24.312152618877175,29.450556431549394
3.805715713047217,3.9701111391689725,-3.044465539042605,2.002878427505493,-57.17517485638958,-44.534624815484186,-53.547148871586955
8.667590109444276,4.8397917141111115,-2.401410186672882,-10.379171371459961,-36.33202393981753,-64.9508762021474,-32.71968509972371
8.63734129761366,5.022350712152499,21.244624057213507,16.354923248291016,61.98762589397987,-56.804821040819675,-46.844878030513094
-4.1896336223354,-1.1771166100852941,-17.072784262172593,-13.787525177001953,-58.008619818847606,-53.65751602477812,-54.076641709064035
-9.695877402313908,-2.4760587064514334,4.311456874098271,-3.8163297176361084,-61.317234740196284,-53.797444439778474,-41.72808512061147
13.39152596611138,4.219094920876107,4.433518954974107,10.757890701293945,44.58291373606716,5.040776986539036,-3.8651405489293817
-7.805297981434192,1.7937507705159426,-1.528807418808922,-0.14359734952449799,14.106976404021035,-20.177847644877957,-51.0631808616927
1.0609795336490904,0.12082356256633164,2.994865689405863,0.043689124286174774,-29.851981925840327,-18.584124518287684,-36.817022210942504
-3.5858900641418754,-1.2993948265943513,-1.2225119149311003,5.162805080413818,-34.196803993517584,-61.05951178673591,3.8299014350320273
4.508968354005452,2.934711720976115,-1.2101599155115093,-3.2512269020080566,41.325653956600405,-1.2720997361419877,-39.20043857037779
9.537880721314691,4.028345782888229,3.5514889487290944,2.384969711303711,53.359778466508544,29.373037855606118,104.37477365331864
1.1021245196973157,-0.148857483625667,6.739849338019004,4.723990440368652,76.30769773352154,56.972271565254545,34.07965460993676
3.158588896955572,-3.2949038239075303,-7.245937327658431,-3.4057438373565674,-40.03659834007763,-61.88075865122752,-52.98866262126406
-5.538080193835853,1.2950748222719157,12.687690449433235,-0.8048132658004761,74.12585735323547,171.80358188376997,-50.75141095302902
-8.211443206122691,1.9198634107311352,5.916402006697796,-2.0701425075531006,5.095722105601394,51.12104264852596,-29.801100168576408
-1.419846121484405,-0.6744013146134378,-1.3474721857579408,-14.023158073425293,-65.97296614296663,-51.31868357402599,-54.88666669717633
11.873726384260468,3.5932234340293023,6.160525240710176,-3.347012758255005,24.789739371744755,53.958454900809386,-61.53761555720445
-5.392710675100579,1.429960538001004,9.48703947050783,-6.3543291091918945,26.69277489379426,56.75691234797249,-34.70835915007541
1.5348901466015081,4.757031556899167,22.088810802066387,-8.012787818908691,32.84145463976406,100.77254399804804,5.282158852399231
-4.832983970103019,-7.418684922824621,-19.823735811984385,-15.334383964538574,-38.91222887980135,22.605770395219864,-62.684721309206004
11.706245294706326,4.258691977684764,3.399615803413234,3.3734254837036133,-10.503280857734323,151.5099864450331,-56.78785767779489
-15.337891120927782,-8.686748073011804,-28.07109880993476,-25.05025863647461,-67.07674131666948,-76.89352633695157,-51.083242637087835
-1.2618869251203688,-4.151847220076546,-20.9763044664165,-17.28095054626465,-20.051116559645266,42.11199885329664,-56.814550596929124
-2.371440921648937,-7.180651960326551,-7.848542449647275,-3.4917237758636475,-49.92243428223068,31.86739759952038,-57.943266881331645
-15.736122950361455,-2.7126302915943046,17.80058824298494,-3.80521559715271,-54.049782705429934,-92.4783980659879,-56.512000246803176
-26.939272811244333,-5.670668495979733,-13.435703892241065,-14.718570709228516,-23.59582249218123,-63.43605027678313,-50.62888906692449
5.184927037337918,-6.455297635507055,8.10492408518107,-13.648900032043457,-31.377914273378266,-53.863958249879666,-49.5960345367455
-19.43842637958577,-1.5815035052372575,2.5140821170724204,-9.034065246582031,-29.897955521343672,-12.93626846788723,56.963608629639985
-14.808089082764965,-5.043735117580765,6.141543213594439,-7.554672718048096,-22.07333400749813,-29.25785591940201,-48.35989203142376
-9.84362011945803,-0.7708066849214827,0.9445031936518458,6.865171432495117,-50.7705489648391,-113.33858444071218,-66.99473181791018
-9.171216480414621,-6.16004374718087,-16.792922668051816,-25.74850845336914,-44.03942733901622,-123.49874000587934,-57.033902629641354
-5.247712805869877,-5.416677163769828,-2.7270611655685655,-7.979185581207275,-43.38358976550117,6.5087396859643825,89.82928416153852
-2.8786850860492845,-8.049141173849925,-13.060206688339436,-17.348142623901367,-39.767264991322676,78.25643180378347,-44.6968413458077
-6.4683006840020845,-11.992438232961428,-22.252691109634963,-22.431596755981445,5.605720204690875,-38.361903519316584,-43.41099267786786
8.923670624613347,-6.747850614196299,-22.186694783194827,-12.928875923156738,-26.29005730362583,-102.14985137643333,50.64038814788355
-23.13566332034016,-12.420708103334453,-7.253348545006729,-11.954704284667969,47.416052806040234,-72.22127417685321,-12.587481105221906
-47.555771957787265,-14.831615081809947,-20.24818761613894,-29.10986328125,50.21067925191481,-61.981055894332705,-45.95631575675748
-14.112197390212863,-9.087337966621408,-11.466372629120206,3.55051589012146,169.49287699045206,61.13333743738174,169.22272123990095
-12.494020292952765,-12.568623731876688,-17.470365595146127,-18.67842674255371,-41.829939149097015,67.66620976307927,26.986574719462418
-2.665488475487518,-3.1258622407870225,-8.265740583970148,-10.769181251525879,-71.60781545623823,-127.03745140741097,-35.0359991666031
-8.597948140734873,-6.904815662442296,-17.162248061848015,-22.495925903320312,-43.19591906291507,-78.70232808472697,161.81258454770574
-10.020295687979322,-12.343048517169029,-21.115902381118307,-16.72109603881836,-52.51852660912645,-76.79591747018696,163.8918189563076
13.679742124993266,-11.583020554384017,-15.15717658377419,-6.030351161956787,-81.58068716646895,-28.483048851840124,60.23474015079848
4.622477714535737,-14.68745043056753,-26.412205258969845,-25.54157829284668,-121.70544060583264,20.516828746325658,-53.569344446913114
-9.581989335252988,-15.1309414805312,-36.29805560505881,-10.86917495727539,-84.52936152226415,-6.622201573579833,-53.78155484454671
7.2197121259444454,-5.816123919793922,-14.474572690937691,-13.112239837646484,-96.1572164728932,125.15170665954818,197.50695278954078
11.087318750599971,-13.751243514102626,-19.90172357368133,2.524050712585449,136.62763593612456,98.79279836985803,72.31969960018458
-14.940986762612173,-13.278165062953887,-8.581511731123705,-4.44760274887085,-8.2319093721432,23.0718575187204,-51.26597682665378
-17.914836762788482,-14.715284730548346,-24.397150852183117,-12.112791061401367,15.177418029520439,-42.49195432843831,-58.229975199249076
-3.7830973341003165,-9.434294314703282,-6.794123278848216,-7.652785301208496,-59.57189180277016,10.245569218791086,-46.95248880999225
12.718275967246251,14.354554714691549,35.81229121443132,42.152549743652344,9.62424646412406,11.988794893943655,-39.13852899193951
-2.583743270915408,0.5096969176580441,3.227716348119656,18.482192993164062,-49.162902027574454,-128.4015397495132,-48.831758177997585
8.943429814560545,-8.707340954450883,-12.086380635638534,-5.89012336730957,19.45751411024487,-54.67964602435227,-53.91314747954988
20.79708225397018,0.9543514004722469,5.349586439527108,-0.9019007682800293,-108.13444841266204,-56.2826668679782,37.70689413809945
10.796994219193017,3.2680635878376787,25.369968511363012,25.42863655090332,-49.19431271069367,-6.424980251615534,52.86293893780486
4.272952203906838,-4.623901301565024,-14.66049719226515,-0.3993288278579712,42.18053424389418,8.222859391640586,160.4269667756394
-5.108708961212891,-13.699043640432532,-11.105574569828761,-13.070202827453613,-25.62729041932115,-41.11625090875684,0.18279468518076458
-11.607390857073767,-8.33318624422329,-4.776003800888158,3.5525336265563965,-2.579028579022382,-2.444027380400502,55.50746184080471
5.562807233620607,-1.7074076245760363,-1.4003075082596754,-11.293194770812988,169.5976493600238,89.476101739366,215.4456011073546
-24.612231018378136,-2.493883396398118,0.042327443871777726,-6.194267749786377,136.80919816669478,27.477373705297325,204.03626347521566
-12.431664132481458,0.0959845383012401,1.201909075809007,7.793046474456787,66.52121888669645,-44.52034985474721,153.64979079423233
-16.79862332213732,-4.654174265464326,-13.531422429423845,-19.14675521850586,120.32213268918386,116.17910814007512,120.57001396775297
-14.114459495340025,-7.63871763482655,1.0517467541650514,-14.390667915344238,-35.46920835532681,-10.284306749713068,178.54802019903408
-19.513626455435432,-12.211052609233084,-10.911372209840506,-20.90999412536621,-2.5729040382196917,-68.77716563236743,6.34620381911352
-14.255121327510661,-11.724514162801443,-9.139437432298436,-18.88907814025879,24.5483422934088,-43.93383277386267,-29.11228781990136
-37.649216586079056,-8.835372644830898,10.988102756265691,11.037339210510254,-122.69951877045179,-150.30811367752776,-48.15191336968983
-23.90749010854812,-10.664166073896842,-17.73219156875159,-7.610180854797363,-22.476941541908747,-236.32856120817337,30.733564776575946
33.11261635031224,6.624953501269247,29.744237006966344,31.932086944580078,-1.8677186601559697,122.64659779970344,161.47186443987454
31.34488631762758,9.838878713302538,47.15511491122947,53.222206115722656,-34.819604385119966,383.8922393841086,-83.2906367571184
2.9327604283332316,-4.65785012585259,12.807289311839563,3.4277021884918213,-97.87699887990496,-66.25999293046603,-38.792676021025585
-10.993693391411155,-7.681912155429633,8.351852533650948,-2.9691812992095947,-177.70209793246784,-47.41521857877863,144.45412127917945
-1.6121983654664729,-13.031651842219082,-6.7989036734955395,-7.623793125152588,-62.26893451924063,84.81141256049992,-41.87509656419699
12.41751714943646,-10.228263752715852,-12.478277725772372,-10.359576225280762,-241.9688227233859,-109.8186072882672,72.67452039398542
36.434014350578565,4.337721987555085,20.032580746125102,27.853063583374023,-1.9189436559400048,-180.81343058216086,173.34442444466214
-17.651696327254957,-6.619124306607114,6.597400151508964,2.2974917888641357,-96.91202944215308,-103.13858199034021,197.8033341121756
-2.430562539575242,-8.534711852432478,-6.658964109144637,3.302901268005371,-74.09985027729272,60.04800496598516,92.89239867949708
11.254700451611654,-0.10479639345572432,20.231061036273317,1.2501671314239502,-60.600961573056395,131.31224055766643,177.54708916652584
6.331971887144348,-5.398049642466947,12.700568118839021,-11.860145568847656,-79.2620695550722,175.43470817763009,161.13252093563216
2.4788782120794113,-7.275146290509085,4.456465188400406,-3.8974180221557617,-62.08113781114429,-4.172133172774386,208.12664687734653
0.29685652462448386,-7.5482257350410356,0.09793959939919722,-11.2195405960083,-63.14696992266584,120.86622663137351,149.75670812987875
-6.684991517875606,-7.782604569953623,-0.9437521831741069,-10.778596878051758,-83.16997837251074,160.76172641555485,113.25865810379196
-10.551470118921646,-10.859890324353346,-8.42077107947151,-19.528331756591797,-33.49810258105151,108.88388912078821,141.19644034420566
5.02038887540488,-3.6177638960726664,-1.2831446489173262,-1.525443196296692,34.174950929595326,-16.67161895543181,70.65754224048555
-10.71497631140797,-8.452322819360292,-12.433342036834338,-26.24248504638672,90.64984020973766,-53.23843679892033,223.30030757026026
-44.34519899675254,-5.549796013005756,-1.862179678449943,-18.96354103088379,84.47563160648488,198.63513396109366,292.1248868274496
21.038219522934543,-2.1196813896858058,-5.2243517420435746,17.87237548828125,153.92079279999498,222.0409276733486,-62.048570120254844
15.682484445575998,-10.45717925829901,-19.08078534111521,2.3321948051452637,-121.5479079065988,-57.496850129079114,79.46899395286457
-49.30126201716341,-13.707518822985309,-17.82142329711825,-18.12557601928711,-151.01839061621695,-161.04428438282397,248.8024399085837
-49.0437484717433,-5.065518197489171,-6.520763934933331,-10.433435440063477,28.52281799713654,-45.75744249010046,125.55054420827074
-19.88356205617656,-10.70935856149063,-15.399948248137342,-18.01230239868164,8.41680990238675,125.42423389740038,269.32074304800574
8.963235717304663,-8.79512201840659,-9.14593078646534,-21.089113235473633,-81.69259530556974,195.85201765119,234.3098153411936
20.745359016595412,-6.49350833056011,-6.484079450110403,3.009448528289795,-228.05381828908713,-245.82292995833507,-81.98407605197728
-5.372810326976552,-12.166202988610364,-0.732652195225874,-0.656391978263855,91.21133791182007,-415.5088610074265,128.85315142666883
158.26482360255662,-5.784135565236426,-14.0362202687897,-10.595026016235352,57.656027757488026,398.8257756175119,-79.10872402573554
48.01274284777955,-6.317048665973987,-18.270124563527506,-1.8625625371932983,-90.66980201329056,-170.03848450356006,-48.332491341021075
51.76423007072284,-11.188726459234326,-25.163457539428297,-29.810897827148438,-3.6971224024493763,-125.04703200019242,-58.14620526487947
23.489530311663547,-9.817963329687919,-19.477577605809522,-21.8249454498291,-84.6035196280307,-141.8226324300268,-57.620252701463606
70.14680497348986,-8.246322723021791,-11.945413812271598,-24.402597427368164,-11.103892041111992,273.8361707437117,-51.71827580936972
1.2331694233328032,-16.123956421864207,-11.61376665525904,-19.50674819946289,-133.3409665134896,-154.45221529707655,218.72240635563304
40.32054607662743,-2.932648667775302,1.3670887512720773,11.719223976135254,81.48747206991641,32.60943449920747,243.7101986147582
-21.381377945949264,-16.60153766665063,-27.025713260091177,-34.93065643310547,-179.7083926347744,192.87152998091423,66.7550038661065
20.004245009184526,-6.863464736829001,-22.014549775312272,-22.692930221557617,23.761289799900617,406.9239861108629,140.83394818701748
-1.5103899334236712,-7.4687347051813795,-20.110256398393744,-24.351009368896484,-37.75095504525993,295.44786798085545,99.41597109445541
-28.20671765842876,-13.861902848572294,-29.155454822526497,-25.61322593688965,-136.03309082784187,126.28926793584515,-42.11449987386216
-19.204870686633424,-7.685070510335678,5.712293718569505,-9.190879821777344,-183.21171431454405,-25.962942204624028,210.5770882016157
36.625894666831016,-2.4115651126358144,19.348119632936267,-0.9103102684020996,-112.85553793528912,69.60835538599699,141.37403421746035
6.806870526468435,5.738193955886436,21.328998028203344,32.532413482666016,-159.89019869799935,118.07715943154025,143.08926131324245
-14.022854725204013,8.985658348513011,29.33411067071916,32.350425720214844,-287.848247502354,-102.39260084772243,-32.96531928851699
-30.709371284997506,-6.545720678702178,-6.7138981072671635,-4.822249889373779,-335.6477106008785,-157.87568586340953,-36.89507192104961
-35.09390367213769,-16.445886167903872,-26.515413723405203,-27.806434631347656,-287.1931075480209,-139.76709367417976,-51.11834113356306
-9.878638925973648,-7.067861663239927,-1.3789549117580269,-1.1104379892349243,-99.89965827380595,-22.568934703614467,210.9139522782964
-0.0637830712729186,-10.690909268993368,-13.966684766871705,-6.901362895965576,-24.332728285265812,56.63829125273328,217.4501186608947
26.338011510905528,-5.0674567668988075,4.6574848790497905,6.631917953491211,33.28721224092685,93.12292965172986,88.57176617110963
50.467067160660385,-4.76195505010138,6.412250519771332,9.066654205322266,-20.48695334376659,155.39305953116062,125.15252070487954
17.157483588461464,-5.034188625004578,16.545694367762636,2.9881415367126465,-94.92770111584812,16.68538410283352,173.56263800510044
-1.8259748398698403,-12.191849529056002,-2.0407315998700364,-7.448691368103027,51.94659394848053,2.130221084629198,-43.950030284118036
-5.82195511208106,-9.13742886068421,2.132106910336069,-6.2130584716796875,-141.90281200046306,-36.14773440522803,-18.983286132221796
-22.280677362656252,-13.336052800428039,-27.92987092288,-19.364187240600586,-47.29130241008536,-205.6297143611218,-62.093148818104
-88.564086436175,-18.285701781796906,-33.236290736022745,-33.91057205200195,-184.66352716702312,-6.37138478160589,114.69120971777217
-19.155250128498835,-10.680305074465773,-4.970313900182271,-32.38401794433594,-133.03234949308984,72.35176390465975,177.88902667659357
-4.47211951036277,-11.673611849532536,-20.369040435489957,-18.41227912902832,-264.96912103160105,-36.14897003733184,58.52798805054022
8.254136692498424,-3.9330914933484444,-4.953698298653589,11.712203025817871,-200.06333636173727,-115.77348316712127,31.571173806095743
30.087246781532667,-3.492201599160269,-3.031014668993494,5.985518932342529,-14.446990750123696,118.04094824771842,-43.56788593407335
38.66251267367163,-0.804868355845942,9.133452518153158,17.090227127075195,56.44655289400032,154.26200440370505,-42.89320298031948
-8.036810493010268,-9.503803674752056,-10.942384749863677,0.19396233558654785,-57.567663007149434,-72.96821760121173,-43.98086505067918
6.239393579428633,-13.974416260480833,-7.317928193864674,-18.142446517944336,-206.82981653039107,-85.95532623972035,-39.37974680874323
12.462433696739271,-16.587633049160868,-12.981672403268224,-18.78382682800293,-128.12432899362838,-58.94755008628522,-51.090860796496166
3.9383315815369246,-9.336078896911845,7.917748940312621,-3.9060745239257812,-173.6994408228931,-101.16610372440233,-45.73317672201299
7.218148337338729,-11.00921673429458,-22.146383429605137,-15.587902069091797,-116.95886283342645,-171.588033818049,-73.4332343042241
-10.349596178075933,-5.046297527088661,-7.690384237054153,-22.841697692871094,-1.5626617973827908,-20.742187360992045,-72.89792217443576
-18.30609702701266,-8.88159364232832,-9.772630912764061,-9.31861686706543,-84.96316853949877,-114.04712374685376,-44.21800024718581
-34.6820399449212,-10.36962758229316,-23.95544279855128,-34.17914581298828,-101.13436391269612,-81.44052455914237,-41.87562979041043
-33.74126372867336,-10.83423078969233,-34.90648363569335,-37.11964797973633,-135.46128040552267,-96.05690622133477,-44.1282526950016
-62.12305720030462,-10.168022738405202,-14.299688650051797,-25.401763916015625,-134.65582072478355,-56.593017334264445,-39.17145676203972
-75.18678320498445,-13.468266208887176,-26.457096389190717,-33.1646728515625,-169.52491155935857,-107.92685224675495,-54.43884691585688
-37.51673132679914,-7.48823738489626,-4.085186830851462,-15.80216121673584,-82.05031224956774,-59.55994192242045,-46.333361981716976
-84.88602162507512,-9.006231959941442,-24.77281218382045,-20.786123275756836,-96.47385763284866,-48.915162500080115,-56.51355092866893
-19.45437579171446,-10.976752612572342,-9.473900887861175,-16.97819709777832,-21.172588842805613,-32.61681730678555,-53.23365597750837
-34.39793661706674,-8.476396270755647,-8.745441099082091,-18.632251739501953,-26.52619484746873,82.18605557695139,-65.6997634728124
-36.42467911386843,-9.888687118596163,-18.608408931283616,-15.47205924987793,-1.9114956408154016,81.83655543685227,-64.73848597592524
-40.72723858464419,-11.745269952918944,-24.563348457460997,-15.970463752746582,29.120500073996965,133.66239847947926,-63.8188600205915
-18.46998072296733,-6.956289608580526,-9.650033532065311,-23.676189422607422,67.04305740975023,230.9014773516716,-59.88690494227267
2.995102580311647,-10.23683550116404,-23.27063001214169,-28.749435424804688,54.10522461639673,76.10956616974536,-70.34724136690107
-27.383383223984712,-10.41496141801727,-10.693103077445587,-1.674651861190796,52.15797244119805,27.60667601658632,-56.509485231476354
-24.48775836170347,-9.444539149195249,-15.3780854334329,-11.206696510314941,-102.44368091577718,-29.872907682755006,-48.98241678091301
-5.031125035954991,-14.555647811869218,-23.013726475702313,-23.322582244873047,-32.018162213321354,-165.18193972172452,-49.505244421764395
-50.04242191447226,-10.690211740998402,-7.9713516137319,4.428168773651123,-68.47068898410981,-78.65002878579088,-50.73508823399543
-42.83858143688719,-11.80673373090426,-24.525302256367542,0.7416548728942871,-103.76018773753755,-96.83926826390113,-59.73186233291745
2.923838624189796,-7.611832413359195,7.619172658382426,8.380589485168457,-10.930528373606869,-54.38773279347,-35.214640323919575
-16.963441729154574,-6.305771270828003,19.07442009898182,27.74416732788086,73.52985370890555,79.20089290998851,-58.80142935047372
-5.755786146048239,-6.101248902583094,11.770570245909619,12.137950897216797,38.486742238479344,140.66885563683766,-53.46358330661951
-13.62324517200359,-5.894418976461779,5.1603738399369234,2.845454216003418,23.969516837292566,157.98476648873364,-50.118932317758556
-5.890739809739868,-6.825949312983394,0.24713811454224727,-10.231589317321777,61.72744233323244,147.27484987016598,11.323138244411915
-30.825716723655056,-4.528662763396597,-4.705230577791548,-1.6355185508728027,-3.2758900226456897,89.47563280910933,-52.36409478650129
-12.53631986881541,-8.693305897782793,-18.275659095362602,-16.815292358398438,-94.15392995447841,31.360195903070423,-55.939700866402596
-9.362520945153495,-7.3510111743975886,-8.659992904830755,-6.003157615661621,-49.78797945769124,-79.89326055173873,-41.53047222065333
-13.799012730189416,-5.68286116158079,-7.081262142496439,-4.821131706237793,-11.483838630860237,-49.338201425426085,-48.89438617129642
-9.252414212206551,-11.294055787025734,-17.00837019001816,-22.815677642822266,-26.533875562175403,-45.55134634184406,-56.933700713622045
-30.218435129961524,-14.068438517452792,-15.708667521554064,-21.910268783569336,-102.5140283920421,-43.5875268536383,-69.41819329591047
-14.529316636488366,-15.857104285154632,-24.129203841159704,-30.439353942871094,-101.34979119259685,-186.31271028518657,-55.95413318757337
-11.566255186438061,-16.062469854737884,-29.8335029145232,-23.820940017700195,1.7490601289811498,-64.96256952568174,-62.86194930921747
6.660969529013903,-10.150843648663594,-12.439005219941826,-18.429929733276367,4.698722013813033,-20.095249964153705,-0.835121393749571
15.517928119519976,-6.288049523985785,-9.854793889845919,5.757169723510742,72.05095838192878,83.90092858765917,-3.195534612538353
-33.48787281303585,-7.514222587270788,7.457693036709728,-6.458811283111572,-34.65672395083936,50.597541242786406,-47.243245364011585
-26.87822079246115,-7.457246225573461,9.82265382263303,18.85942840576172,-109.10810822160961,-58.450424528430986,-50.65763753279046
-21.50687138116772,-6.741588680524687,-2.41335562498828,2.903414011001587,-46.54086817203898,9.925048772451929,-54.452474161017406
-0.4080635900658882,-3.262140164250196,3.6147384064300905,1.828082799911499,36.927727339613455,106.87890800051996,64.4722561923989
6.551245398535359,1.7990661049149135,1.0378567607464735,14.266815185546875,-0.13398314223484287,-36.00668003918201,26.430544415411035
-18.518629484612784,-1.9317373928685837,12.057563183040111,3.6950020790100098,-26.360277156143134,-26.092841442921745,-57.54700794028903
-45.81929177106318,-9.330875094134838,-6.9114691176552405,-18.37578010559082,-49.077842925060125,-40.439443814995364,-54.71278365088768
-31.220885484632873,-5.762620235800025,3.522181838593367,13.764449119567871,-107.56512915208982,-27.988172117322,-45.69973409248765
-14.638689006453403,-8.513042939849974,-33.40053874194068,-25.398433685302734,-86.48452650356329,-81.02984982866528,-60.15075671033271
5.9729055605665495,-2.2867461565999814,-11.55101295998009,2.129436492919922,134.97322874231492,25.492331398779676,-56.081522475444146
11.557629587301202,7.088636503387765,2.456183455465185,14.285512924194336,31.309672138384496,-51.01783625947874,-51.99846663283943
-4.751417411811813,4.020396939401043,-6.443372617884792,-8.320425987243652,-22.237419065411416,-35.86605937778072,-57.79613552423001
-34.59778322300785,-4.7029792398147405,-14.68125157065881,-18.43461799621582,-62.597506457998755,-46.043429039079165,-58.88972342173991
-15.782016869506863,-9.881182680726026,-27.806854501036426,-27.379854202270508,-43.1543578518462,-54.89071790929372,-56.80633209777515
-19.79600905293993,-8.041514111280797,-13.401711108699171,-37.666072845458984,-87.37712873766775,-46.0650463876918,-52.25853406971373
-23.988672273850163,-12.82100985343235,-37.87819329885027,-46.05257034301758,-70.3190257476974,-75.45633527170794,-56.82144467508743
-46.204203928674815,-9.381777949026839,-38.84948381839237,-41.112003326416016,-105.48007463125505,-92.431207135987,-67.6947525890792
-43.25307948958223,-4.91034974787427,-4.208743318434955,-7.320375919342041,-58.89204039437267,-65.63425998383173,-37.93197889874968
-38.87027081051681,-8.733818492073185,-12.25865050786017,-15.306066513061523,-15.320141499863444,-70.60061236344336,-38.18032827020654
-13.862570062059918,-7.367159284410756,-15.418738959828556,-18.949317932128906,-50.717377877228536,-38.689611039078066,-23.934249146006998
-21.602578456838017,-4.527608315007373,-1.7371867067378812,-0.12982724606990814,121.31204751642468,107.05259697886936,-48.14036059706698
-3.7662303815832754,-5.762922058551013,-15.130621647365567,-14.340792655944824,99.59870899437806,168.37431145344314,-47.62892648159872
0.9181339299883182,-8.240694502776966,-16.46994842286271,-11.83586597442627,59.888918340474056,-21.976388856724583,-46.741037236867754
-42.22380035583917,-11.87159943123282,-22.149368196425286,-32.710357666015625,-121.86458249936565,-45.31240305228807,-52.08021558829798
-17.300912594502066,-8.168483725816992,-23.17297263667133,-25.603893280029297,3.8527340484499306,-17.16275799230366,-45.18263705653167
-10.421107904662508,-5.57978177810524,-9.02077198439303,-5.719785213470459,33.34437700418101,-51.39000226613407,-55.642751087292666
1.0958472094265597,-3.2665428049751486,5.229453083102717,3.786367416381836,-6.778933569548673,18.114364618127723,-57.680604690790204
15.96119453934825,-2.1798153564091063,-9.724184757564677,-9.191987037658691,-25.756081432964642,-40.45911176717619,-45.482167733794775
-10.48119756699741,-4.97824553036911,-8.759891204788245,1.5410263538360596,-17.689283088342826,10.593407319433378,-52.59481849394835
-12.780017409919148,-8.658343375499324,-8.950026373661991,-9.501434326171875,-28.340759416945126,-54.51012578401961,-48.86632918612542
-18.320260350052582,-9.25190052488247,1.8024631520248469,0.6122329235076904,-67.68097498033404,-52.03253831995685,-51.44969051579498
-4.1787665715457845,-4.43193041549147,-3.4111823321082766,-0.4303344488143921,138.51220666128629,60.97893209065149,-27.990691490676006
0.3671170444609284,0.1738258435308004,13.372555567324637,5.665106773376465,157.66717139785217,14.251894544391822,-34.567279305109906
-7.448015202354506,1.8382485758021074,-3.381502998611625,-2.802170753479004,45.37487682996155,-51.05870284245852,-54.79195533081066
-8.69911861174215,4.202271614339767,-1.2399763451120698,-2.0966148376464844,-46.76981176191928,25.264354505515037,-47.550824951910336
-8.397783457382742,-4.874371090791035,-3.6847758069714085,-0.11573204398155212,49.92691504821763,36.855027802199,119.59547496194247
-14.174264839940756,-7.390889488411831,-13.33866689820257,-8.567075729370117,21.86678552144993,-17.256884711690446,-25.915267607306962
-9.058704077321096,-8.51763786650097,-2.0245449644451057,-5.1765007972717285,-42.198384118467196,-7.09973098403597,-42.10454030250269
-11.22888193439398,-1.2230847596522174,2.574752518434585,-0.6295593976974487,-63.8908354467045,-5.922218905857323,-46.10253101037425
-13.937111014803444,1.430666099977911,1.7777452792778075,9.132343292236328,-46.156880459706464,53.49692110841031,204.26020644880182
-24.4522744079867,-9.792366302620202,-10.866552254148703,-16.883121490478516,-48.05101407580977,-31.471321341831384,-41.647274961561756
-20.149844914989405,-5.708864170585361,-9.312629204587997,4.791924476623535,8.660237217585792,39.006863567360924,117.18804618921531
6.977697078065362,-5.791637900431094,-8.172702494986309,-5.793929100036621,-23.48807716460669,-5.98248785285235,76.62189137067489
-5.89281554585113,0.3355096636628087,22.10255828971904,12.59280776977539,37.23370428102775,84.52476213617265,21.938451347358107
9.554329272428312,6.756101860485314,-2.932561764405078,-1.3273892402648926,90.79870237600704,-1.555048266347947,-50.09452780334183
-14.609867632202848,-7.539945493279683,-14.06553440412555,-5.167586803436279,-44.95718418610041,48.789702365055916,-49.759442542749206
-14.859425606164676,-5.877988384346171,5.172602065182031,14.055120468139648,-46.59424402083072,-113.4174200799159,-50.54447693600692
-10.353701888859993,3.1566062361224163,10.071976432554912,7.709105014801025,37.30767610297614,12.324267892232093,-55.17112542575632
-3.872206084109287,-2.0037433483272293,0.9211648006130034,-7.9934515953063965,-21.296841477773377,-50.33409578264262,-56.66048174295569
-31.628045830421684,-11.11194504109723,-16.34116430773578,-13.838216781616211,-31.561809410101784,-60.75570797680184,-47.31412699896171
-30.833909441761307,-15.246540804558153,-6.460698827955682,-16.225162506103516,45.152322318963606,-19.791951323615415,-52.93032014627979
-12.923431805796971,-8.92233041599824,-3.69377293666184,-4.152440547943115,-13.935898542672138,-35.00808175502086,-50.3246002611728
-0.3678497608753235,-11.974037925015988,-14.97576562672074,-29.869426727294922,-4.544083893912582,105.2390379471627,-48.30462799965877
3.432671883896475,-4.508673466138753,1.2820229833036516,-4.927952766418457,108.7557841274183,16.819465005029393,37.110987910789085
18.047296902989284,2.0451335388577054,-0.56918873430846,1.5464458465576172,74.23435436929576,45.087833563950944,-51.87524291891565
3.3597611214128627,0.14558706143802044,1.6911372636198954,1.1903622150421143,76.75707244028231,46.287803303601386,-46.58150821555687
-16.406931266060596,-7.001585703742324,-13.797080975144308,-0.9771432876586914,1.150102122978844,-61.59660729740143,-46.76155156446384
4.511542819676722,2.4304199695842437,10.19449364630825,0.33768701553344727,130.87933258585207,125.99395993481899,230.26069233639245
-15.368752103719645,1.4229444593394192,0.1022946606562537,-2.880309581756592,28.916446710745337,1.1782653741296967,-52.53794719232027
-8.198421637162939,-3.4175846251587956,-4.938428572829678,-12.966946601867676,-13.630781087420619,-70.42083097107404,-44.52848858431019
-12.133737787635065,-10.62961035531922,-9.945248531401027,-10.399395942687988,-7.530706638671155,-57.61272377093898,36.39970797830436
-0.9753233221693327,1.407954405396433,4.220787446727509,5.24800443649292,-31.153195970763377,27.92367060867684,70.87491442459559
17.771864825141744,3.33030578720705,3.008293873842015,11.433148384094238,0.8595039153105389,-7.863408938405172,-25.128073583959868
-13.311753037011798,-1.7827389272651157,-9.805458538277266,-16.369264602661133,-5.62741812830537,-64.38502176691713,-51.400748229479404
-10.078281072273635,-6.248454672094875,-26.09179703306311,-31.355165481567383,-94.83428112232185,-22.107743643527453,-46.243075994181474
8.44211100633202,11.755549269996301,18.328553179582734,26.340593338012695,69.43886238843756,-12.298001029591855,-52.84139515544134
6.415732315217268,10.607222106256533,7.429023907404112,16.030778884887695,65.27036593244742,115.50678699419436,21.72280945962892
3.1914346253629438,7.145345282242423,10.449502986020454,6.5498046875,17.304827052482413,99.7067670390151,-48.758043109045325
-15.641257705858406,-2.644888100614011,-16.418160362395625,-25.84549331665039,-40.2566901973022,-16.890920420571025,-52.578223889895405
-7.931769179648489,4.545382126619145,-0.7210445929854025,-14.578496932983398,-47.147800965793124,2.8418116220051997,-0.9755854042070065
-11.851408796235864,-2.400694021109399,-0.6723311888776928,-5.048649787902832,-35.874069738551086,-39.62502781785562,-44.274186329597505
4.083047619209874,1.9770666283768192,1.2017663719233238,1.1950030326843262,54.80398325562802,-44.59253379444987,-50.78033576706489
-13.25640101011373,-6.356505804734921,-14.604275014292423,-16.424894332885742,-58.50495611739952,-48.6970605951692,-52.12751455588512
-0.16562062159390423,2.1416632459790836,1.7163443255116646,3.403491973876953,0.4641431566826423,-0.1938411109158555,-13.667359803120075
-12.10033275548932,-1.5857618528467432,-13.590346195819654,-14.688950538635254,-55.72086281034742,-84.23771708558905,-49.05860894537647
-9.100869347546167,-4.681179172491012,-5.0074108590163915,-3.087495803833008,-7.196214537764813,105.06140305032396,-53.86859785909994
-32.51937996378857,-1.0724612623192213,3.249891080839074,-7.377851486206055,-41.079844872583216,-45.35752488278436,-39.89473975364748
-17.509197655799355,-14.442538478784995,-18.93563502370891,-29.28020668029785,-77.6609635289555,-70.47817702974234,-45.00318869462246
-5.1503318227322,-9.814277410278516,-18.625512182891722,-24.567890167236328,-58.198144288087654,-75.98191496782296,-55.96328165366585
7.884216218704523,2.160404100826085,4.571329174182902,-0.47579097747802734,-20.717500425927884,-109.91979189745092,-44.49476232995872
4.931818730908043,-7.939891536940199,-4.885180988835381,-9.387035369873047,-30.116306576684174,-26.5614632767565,-56.366415439018056
-0.10473736063233363,-7.346706301281388,-12.35116123587653,-18.226882934570312,-9.680388795856452,-76.6087672465778,125.09521103287227
1.7381746031807752,-2.0924375296906845,-18.33857383812496,-25.332475662231445,-7.257786092163101,-35.41485534076446,-51.81576239969535
-2.7212513281763204,3.233204458905535,5.9845710517248,-5.63166618347168,-24.55223135518979,2.363743753194218,24.258552455186496
-4.840714711180477,-5.5775526188340105,-7.26264242813269,2.1941545009613037,58.5783205244871,9.005767883247639,-47.27910247096596
-5.3639738133121515,1.4907335818309762,-5.560490955647233,-1.8435461521148682,50.09560914704243,151.77458016421255,-42.30791513905907
10.502715611769066,1.3217743754348903,-1.0766639971870198,-3.8637876510620117,3.578068006162589,41.05021613851025,-48.596017922852496
-5.567202471109721,-1.1297410634288403,-1.0389037224076458,1.8039839267730713,2.411829663934778,-56.39170566919664,-35.26921520302201
10.923771062512799,0.18871878866437938,-2.13373088217583,-7.071534156799316,2.364537435142115,71.50135945101997,93.49293741442975
5.653053578023913,1.6660030916032391,13.753251013812854,3.8476152420043945,-22.289314517860944,-36.277319825816875,-51.2673909104045
-8.813546441022554,-1.7937935725550815,5.255801785394218,-1.623725414276123,7.270822903099162,18.87225674814444,-5.290739006566605
4.363274866477974,4.505876369424345,3.7908061120025955,2.0257863998413086,-5.1814801515250055,-3.449574328285726,-44.06509808108165
-5.119178308568376,5.495417273305838,9.737814568740724,2.371675729751587,28.790222522515023,-31.68065501331271,-44.47164399784105
13.633687643691,14.15476392661285,27.164154708514126,19.075777053833008,109.13000577019982,39.59117104972669,95.40790249733433
19.985411071043004,11.437684809281292,31.646478963274728,19.854515075683594,81.8154956535724,79.44725282600632,18.79263187466352
-5.53512287615643,5.574675338714121,-1.3996776312996497,9.6535005569458,-57.68052226070201,-48.464172288153755,-53.657182054824304
2.081190827445992,6.460253739037416,14.796020491764407,16.306928634643555,43.70237004138114,65.4376435981614,48.51440720814703
-5.21867322141493,4.133666353344064,2.958571410909845,5.600473880767822,35.450543231647835,-17.32202794250046,-52.731622209687494
-12.877605855630835,5.152324253257238,14.593064955391906,10.191116333007812,36.19355570993289,-16.23427889983472,47.08733609786517
-8.429713433192896,5.899438148212105,7.686895184196232,12.234618186950684,14.676289029213693,-60.80136656245225,-47.278894608653054
-20.914151868256255,-0.21002021254886707,2.4928390001113634,-2.910604476928711,-11.479065615883705,-58.36608897643449,-49.77308755596216
-0.9463829739176266,2.78147407075181,10.01471784990477,12.96076774597168,82.43585700390044,102.1589158020192,50.613991422650436
11.581770530921611,4.373928299448021,17.621197497170918,7.3533501625061035,-23.754945238375726,-97.47533094375632,-7.200982445973212
15.351350627889838,-7.8265017481414,-8.2354342789477,-14.371739387512207,-4.593003794495877,-123.69671343944711,-52.24184990632037
-1.9864476629124665,-6.027725284344706,-15.150578430957362,-12.509469985961914,-57.33153644729608,-119.50574877716615,-52.19383773072229
7.33095174802005,-4.270339931389226,-5.229653075907503,-7.392492294311523,-137.66842365223235,-89.38746562125422,-49.78141671789953
6.574779082495576,-0.18546951407711737,2.710058408934983,0.08006832003593445,-87.20909690998894,88.43161162797685,56.35941343642832
-1.4428409104397828,-6.930271422775546,-8.290152418925318,-12.805129051208496,-86.93066082574076,-103.13357076151988,-54.715897897962456
-5.067641360768019,-9.778198450796552,-3.2914799925251996,-5.61952543258667,0.6371510651074604,-12.969601836858049,12.883344332278712
-11.010570638920063,-9.403913711694367,-6.838344449274049,-11.204756736755371,9.197272983649334,119.4355838265012,-43.286196545206565
0.4857038879012181,-5.155502800775645,12.805337775149965,-2.5403175354003906,-45.09075611265435,-80.09290059553545,-48.896215621904965
-14.878080359768925,-7.145731965413549,-3.8143177056575066,-7.923593997955322,82.17387538805359,59.48276555347486,-58.73087985158089
-25.489001919587096,-4.943884495662077,3.7285447304724872,-6.0712175369262695,30.06691156859529,-18.23540131045433,-57.788533521271134
-15.681606553813213,-5.143939641728835,-9.364475888244879,-11.129156112670898,-34.98527653617211,-69.87839112524172,-60.50073936254382
-6.898137704550075,-8.430182133459223,-18.79845701613051,-8.01136302947998,13.902876600909364,4.067120820994793,-46.79006321808287
-10.019299058484481,1.39932276150834,1.4554000606584665,-0.6504079103469849,-19.93241341163752,-27.344050228635968,-53.25034194416684
-8.00786897166499,-3.3879028090902548,3.316943634207603,-3.8465993404388428,-51.46948113386981,-29.857597020869196,-53.47162567380524
0.8272928683851892,2.7410369792656777,-0.5535020274457257,4.859663009643555,15.335397279200249,2.7939198030043664,-48.33737756490683
-18.498483343103413,-4.948985805373086,-10.96196556989862,-24.47166633605957,-56.55571261920233,-57.27783704790605,-55.16675729827163
-26.97292998960862,-4.0025058897519905,-22.9613585162912,-24.707752227783203,-8.47892089287905,18.97542876775136,-57.67572143976406
-4.687811364471292,6.898966800213028,-8.426885951984728,-2.311033248901367,111.8537050744905,-30.76755296855676,51.59083708083474
0.8865693433749187,-5.670691235265491,-18.4780249066905,-8.201924324035645,8.52706094539992,49.869748666560064,-45.41582539306265
2.5777016559958703,-1.8652665960280448,1.237507365881461,-6.885888576507568,-33.889439139777046,-17.696827235604555,-50.91565772465747
-13.456148539711807,-1.419477882730729,2.856642153276477,10.452801704406738,-45.06080172124819,-121.08911423664739,-41.87492896669145
-7.233166714321037,-1.7507069302335745,13.703550805077048,2.8123600482940674,5.270690628448136,-52.645823150266935,58.31982522283595
0.08272752141554718,1.0584676205199388,6.210877017830835,-3.4439120292663574,-5.731298344188739,-86.2636924444412,-57.71919484828292
0.42332140972342813,-2.280607353717795,-4.748631763351497,-7.345230579376221,0.629682403902747,53.02686053722491,-45.256947787200396
1.9854851275355345,2.0415451123982145,-0.7241365051255357,-0.04554829001426697,2.360392601984238,53.21848478529188,110.44348342449041
-6.080238255774308,-0.8613507472693036,14.983324599495218,8.932048797607422,27.20222473493626,93.23416139855055,29.321547524478436
-0.5010973812109134,-8.215927718874452,-12.707735741397974,-14.349644660949707,8.62903197567811,-45.3954827504888,-44.39865226598468
-16.884148945192706,0.9705245284102265,5.275115673080723,5.653461933135986,-14.659339637106108,-21.36042425852206,-14.381213176603197
-13.980013070324025,1.3561213719163068,0.6722225385501651,6.991816997528076,-83.86247216135273,110.26884777258428,-49.42755510109961
11.58460581894071,5.757671733498232,-1.3810105875498393,7.1623854637146,52.5457877735168,77.32141482220942,141.44281766333611
10.573724532511573,6.471685791225461,-4.4841420867177,1.845123052597046,-28.438017546522353,-93.82746702183869,-55.21550539449576
6.941781163172765,11.004683796864008,1.3728136071008197,15.225235939025879,0.7400143451202158,-60.11361260706558,58.55399609657472
-11.663247462124549,4.617933150655853,20.705448706839288,-0.5462270975112915,-119.11125096272242,-94.78341836344816,-45.11736677501324
-13.049994786461626,6.087844371706592,7.169901838621199,2.4735817909240723,-82.43358861158809,-88.10646381993209,-44.48421108866835
-4.0715753109710295,11.490244092818214,30.383337503129223,13.121915817260742,36.09647415880169,-110.63519426978532,-49.003354530437626
19.41808229617368,14.758536398989635,29.70469903868045,34.355255126953125,92.74303165149745,34.84924726203284,-49.827640714737434
22.84740831755026,16.090876487469824,29.154542840335292,35.7789306640625,36.75171801675581,-34.41554713194591,-49.18275824632429
13.365016284224136,14.699416737983334,18.663922863776417,15.827009201049805,39.02442959715301,32.746589620518726,-17.240577106626112
-12.606339279356742,1.6568108413757856,8.191715443310104,2.819152355194092,-21.190483006578305,-65.95333191362481,-50.82280305731348
1.729636012961535,4.123089315116619,2.1203336023166726,-2.1647510528564453,4.289594656339615,32.57971478179868,-40.28368185046561
5.020803019110441,3.974286528266682,0.9552510700095879,5.212447166442871,-5.891297075567813,80.23093789796994,-45.55132511350231
-21.754772859566156,1.991078354569789,7.694028888175312,8.63638687133789,-42.516168069680084,-93.64991502550419,-51.39824708468134
0.7293523534437794,0.35378817800341866,3.2173932181924907,-0.8210231065750122,39.34084090139616,64.66505286386865,2.5493563095067096
-9.292334366576721,0.14994330710591952,-1.9847108565709746,7.533610820770264,5.027834284941214,-27.048036931845004,-47.02229050706104
5.853377192961233,-2.775423429643401,-12.338508862358564,-12.338310241699219,49.49672018692379,245.92313485953494,-47.33119358905914
-5.002841172037325,-3.089409697931492,-13.426166620598556,-11.395533561706543,-59.02919272188203,-94.94165723920047,84.33014961279025
0.3197117009928314,-4.965225845159124,-9.722297142977233,-10.842068672180176,-25.291445555033,-49.943916236688594,90.84771302447459
1.5464270117384895,4.857624356137588,10.331641096119405,12.178938865661621,17.727476227488097,69.38232844997992,94.25621452314758
-4.213777371587774,0.20408177535832317,-1.8973740114057382,9.61870002746582,-14.613458089812209,21.41778550049926,6.425477067043943
3.287037179675096,-1.7541159247780622,-15.428611565151861,-16.794620513916016,-25.656227899208826,-19.015231537901013,-28.502319021854195
-10.379428618176265,3.663562191705997,7.109991963676268,-4.046044826507568,3.4510680637135,-43.77866027263556,-50.08601592833791
7.035828648322005,9.857060988289406,17.85099528777736,12.243636131286621,6.934025005047242,30.729570547353767,123.84440000827226
5.668510267328992,12.870737069148738,34.461603725353754,24.250978469848633,-6.395559900515713,46.63415951144616,147.96144341390206
4.4290781414970795,12.165667821037498,10.298209212046238,11.032615661621094,64.6548677821342,8.529919074882637,118.39425876793172
15.466547136792238,14.38347756192223,18.36294778345229,24.905330657958984,92.89131493912146,57.01036287048654,-51.30932240789147
20.776728593124076,5.825277433765618,8.25045867046984,3.58581805229187,81.05337100654415,73.9236514796937,125.9694418434909
-8.269855948304512,-2.153631687003051,-12.336139996108399,-3.7019646167755127,-36.41838807083448,10.872393339574916,98.38316900274134
7.890109170057307,3.6406117649018106,10.374921471747797,5.233088493347168,-43.89482738284759,-6.908274573706531,-51.540663040834225
0.02858901083826626,5.375644983659512,7.083441623791258,3.4256820678710938,13.406478434367322,-46.10984424717739,-48.82318752035732
2.5038942053112105,4.519440163534669,-2.719842951357231,0.5294864177703857,-71.81646648283511,-71.41763906459013,-36.09978109347817
-24.623783177001652,-9.111740705279983,-27.348439562277875,-35.596946716308594,-103.14793799456423,-101.05867609295316,-52.35139318349466
-15.06590731598873,-5.496475608683256,-18.29482322712821,-23.872119903564453,-66.7206984206711,-51.54803511150079,-43.51106307314205
-1.3742868456484898,-0.1817740177596383,-5.299106161001404,-5.048525333404541,-44.37195117208574,0.07689767851836263,-45.476855299068724
-1.7868630638925558,5.076485428627061,-3.476008671221585,-4.047377586364746,-27.18986350875457,-96.64162583252418,-47.07051257810357
-8.229786694131471,2.5447662182879167,4.429731998342084,-1.7027125358581543,-65.76687502083975,-51.414203861613686,1.8097511969771733
0.09988539251034267,0.9325820971676431,-12.563173484375492,-11.88084602355957,127.62991364034671,111.14897706527492,22.0598575270984
4.884508287301497,2.7901130789486612,-6.253717248799631,-3.8475701808929443,64.07917039057345,181.49540937852012,-45.99242362235956
17.524980979056444,4.694720059968766,9.195678696595754,1.58994722366333,13.564876455154364,-39.0122385726146,-49.72304795075804
7.0678907950955665,1.1579133790216318,-13.63704072538838,-4.516933441162109,-16.78363921324438,0.390421119318042,-31.43589778628009
-12.317935710180938,-1.2639240802825853,-2.326874075601574,-10.285348892211914,-5.765809105597123,-5.846864406268973,73.5666048705229
-13.539169195155113,0.052132551133560544,-3.9924658032632485,-6.67351770401001,-54.72515907181941,-77.15778406747165,-46.86083232021612
-9.227712069615086,-2.6774587556070393,-2.428289627507673,8.038273811340332,-44.960179641403876,-4.381044410714076,151.3207820168719
3.299983567934328,-0.2077331354977369,2.1256283756233327,0.2589462995529175,-2.174162987655049,-54.335830784664076,-6.889785153305636
2.5412081433542157,0.4583247706013477,2.755981683524895,-16.66413688659668,22.477010114990954,9.322749881723347,100.37009528890417
-9.808552708795327,-8.306552814770548,-6.224290330301997,-18.113637924194336,-61.21689428138484,-8.689879948034136,-57.44848082336099
-2.106609814681141,-11.13395095422784,-19.837300919454798,-17.436237335205078,-62.35204231560256,-90.41522612633382,-51.657881951498
-6.344749129210529,-12.449211340289708,-14.451120241361831,-23.146543502807617,-45.237319029383876,-35.146154780990436,-53.06364160363059
-9.0797796062111,-9.948024367576208,-9.800767319821073,-18.911392211914062,7.9144231145124735,-24.328395518933625,-53.75118436618913
4.782328043900657,-1.9364810123534202,-4.248753673486333,-5.435018062591553,-39.27040093869061,-66.29538202910294,-52.07345831349391
9.226316835628795,-3.9361457492590404,-8.44746116025315,-9.526483535766602,-62.41078128494852,-19.154135355593688,-62.13560060575758
8.387918552912256,-4.067752406370688,-2.2594519011839673,-25.072134017944336,-50.83490538798374,-74.92286374258376,-54.718445613180926
-0.6233566364020773,-7.581030519052465,-13.090120924102001,-4.401424884796143,0.3259342564113442,52.744471870817,-56.80185774073413
0.3109504564875054,-2.979506257218974,5.035203381907558,7.333243370056152,-40.20268790231909,-28.02271481223177,-50.45700558117827
1.2999146707779377,-15.267983399676883,-24.853048435388335,-24.44993782043457,6.740262465911803,-31.578067815955862,-50.58285527915512
18.542389527567877,-9.775999532920236,-19.183297433164665,3.7850067615509033,-44.6599893122168,-48.361401989693746,-45.40041465935045
2.9971319892302706,-8.27815775932743,-11.736878802422067,-12.375699043273926,-84.28124773730065,-31.37571105303105,-49.80230849640545
-14.579219328176244,-6.315157281322641,7.3026439880491,-2.522428512573242,-57.06612380905207,-101.67511974353229,-49.88226219032684
-6.279270029779054,-12.34472128474571,-20.47305005426589,-9.060782432556152,-109.71811601955967,-52.70530871826647,-43.56219455040132
-1.9943911802667442,-7.362797429330031,-15.156224877377936,-7.791662216186523,78.63911071608962,125.86658305249557,-52.770302362111515
-13.151119816051418,-7.978605699607453,-13.446116549966586,-26.641664505004883,41.908427792049906,64.33102347135916,-51.81199379503249
-25.09066701620125,-9.371555299014023,-18.4720496819508,-26.773984909057617,12.568902299301119,-28.199647442380698,-52.854932754840725
-26.735806157822033,-8.495519883217622,-12.559787147147953,-14.539969444274902,-13.655119422035629,-34.758834554919524,-54.350811011814606
-10.445736842738162,-10.841040527131275,-23.432032688190397,-24.97538185119629,-46.46337022481999,-22.404681311373807,-50.90075925258776
-47.61967346148842,-12.74876075448199,-41.27851228966808,-39.53510665893555,-120.17386150808856,-85.6423474983483,-59.86592918015385
4.273045620508711,-5.458320888726255,-19.580507556565394,-8.411935806274414,-76.7299686398553,-40.99516993928086,-7.7320894810859135
-38.408435210861875,-10.318116720577969,-29.985502500019972,-28.42410659790039,-173.07446434113766,-34.380990579698256,-20.70098111947059
-0.5899045465970814,-10.81359288985995,-13.314427007379306,-9.277047157287598,-36.36499249004627,-2.547916875005804,-41.96837498917666
27.200224018372836,4.935323358328176,10.068779900773224,15.851017951965332,46.10719885393876,-9.16368322775319,-58.13410578565469
-8.584973764677708,-7.65217513102302,-14.76237503291742,-14.467333793640137,0.1361880592336634,-54.56830654269086,-56.79509210367183
-8.569034481687408,-4.266744162679286,-0.4938933949022363,-3.68414568901062,0.09449883747144872,-5.468434896070649,-53.050463749530074
-30.186663617927422,-8.974895132183054,-11.37167031379313,-4.955406665802002,-43.0695460911307,-42.06601133617779,-43.62669429206928
-11.582956613103638,-8.083460700244881,5.817655828054843,0.3706743121147156,-34.430731596982376,21.38728021284769,2.7927450711097084
-2.582476753729255,-0.34860865398713714,-0.29060950005725333,3.177788734436035,-15.062148417566036,41.71495576211053,-47.08127914500445
-2.4611145988946834,4.345453389008239,3.0679951290548226,5.356273174285889,25.183860642857425,-29.394295196529654,-3.227973626234549
1.414114425559162,2.904002506288751,8.294519174838426,8.9644193649292,73.9657416872797,-18.484500774414435,75.70321311537698
-2.3854118401019733,4.039270009172834,4.646474512074152,0.11925993859767914,13.0326299706751,-10.073578179948441,79.89992237994477
5.164433500433516,3.9255282604495947,9.895457664465434,4.991226673126221,16.15994551899625,7.211018726247438,47.06528843833126
14.84088675797735,6.264443370379961,9.57277007310087,16.738964080810547,31.79945586817086,47.590467962285324,-61.37773125661609
5.524619481830937,2.4122794285483455,1.0255974859619392,4.378734588623047,38.3335745219076,-10.675249107250647,-52.23054392547321
-4.028561877008636,-3.144046857220398,18.1041299507208,-0.15671640634536743,-35.0589161150367,54.585177122469595,-46.11247302974278
14.261999502968397,2.212407165265144,24.75635001455482,-1.0786155462265015,-3.6114704504289574,-61.166117031275895,-46.81829803485582
16.757283193429593,6.3779598044580705,23.87092596761681,10.417884826660156,-1.0471411319661743,-57.58412588499333,-42.95324535471905
-24.932594501920185,3.7571642032591277,19.081748863180177,9.054267883300781,-93.40560282546447,15.431201369369873,-48.18001788877972
16.13147797420846,0.6158170234705141,16.383847901868602,20.085765838623047,138.20565627902144,54.01405938436083,183.0664393648307
-4.382149305703322,-0.43909713545066303,19.432739546058606,23.763151168823242,-11.939617717890847,-73.30723231557357,-47.38783030333182
4.3285721483209825,5.1857177629051945,19.343336364564713,11.480161666870117,-25.93500836559823,-120.77380906374188,43.85912305900524
23.912240761373337,-2.8724230944686435,11.936385008058156,29.300657272338867,75.44817353300748,-7.490019144890918,59.80998833785603
11.053063128675968,-3.684729133568586,-18.369967939633906,1.4797275066375732,57.04409082121612,-69.9619958451313,-63.61794766768406
3.8334568003151626,2.0332175072554795,0.295619127888838,3.6963956356048584,66.537538620456,-86.43339556129229,-53.498180482498405
-7.610269819962054,-0.08039201820796514,7.785084826745831,-2.3319449424743652,-23.492092625699456,-124.6936231926773,-48.873218017085
5.419902847768141,-1.8688970023364497,14.10699378223644,-0.5117501020431519,3.375801748478494,-115.59721047116385,-47.19482458583429
-2.816598237572908,-4.250986309243423,0.02606042585146997,-5.328510284423828,-6.401636690607753,-115.13257714392788,-18.34271340026983
4.906874852793139,-10.80261639940211,-13.307215648728402,-15.75333023071289,25.602732020194274,-86.14594680864357,-3.1457222664769713
-5.297048626047841,-0.09874368537712454,6.386251346990967,-1.8431246280670166,-29.875980938245743,-41.13933178491294,64.58250238477478
-1.4266580610545427,-4.2301455180183085,8.796143066440793,21.448104858398438,-17.209090229117116,-78.43191229543632,-45.498326343415
4.734170505618076,-3.4744808011449186,-0.6677227870367871,-1.2504866123199463,-16.861747230319263,-95.17138581737929,-59.26124311347512
-1.2278128247069298,-2.7692400531787777,-4.969459555259495,-3.4621920585632324,-16.421608860588123,-38.998849786096656,-53.48263522750556
-2.39299623798541,-5.784002904269257,2.6751495251871287,9.04701042175293,5.890981960393566,-60.085762809807,-41.03148334181021
9.24618150668048,3.741298206001396,9.127897022136041,11.416075706481934,47.0406267050774,9.455031691709905,-20.890599414275858
4.289236524110882,3.7745283506852805,20.082939363433226,21.354156494140625,-10.555902475580657,60.64854303237927,56.119501707662046
14.62675339434916,5.609124218427815,23.139428670746394,14.035984992980957,95.57126404116072,74.82404408739292,13.119558725348853
-4.661999797891662,2.299509721288247,8.312264461648068,10.884129524230957,21.03512397797794,6.46954478131589,161.24320928097214
-6.192026551939694,5.1608145778916334,24.64530834023126,16.99197006225586,50.00512666238467,-16.49601670424973,150.13601340067595
-0.4847488396811406,2.7824625204304567,13.669678304811061,4.959773540496826,-7.251657759363226,-1.2838621652990652,-56.56568485555106
-19.22703266333916,1.9967838914696852,8.450020394394288,5.405247211456299,-96.68666191320595,-7.474189897107483,-53.5871390756841
3.6640233566914064,4.859367140562969,19.762239261295623,14.488736152648926,81.52223793902927,-15.327110585712925,-51.18532581094056
12.403202572489407,7.896507500063962,31.342790316472215,15.930074691772461,61.90092911822922,86.45864087927099,119.14359555226926
12.280409021321942,6.264261971165835,-3.408554520862964,7.424647331237793,61.792944714744806,43.78708921234401,75.7556376480202
0.26471837615776495,-2.498374894235239,-6.792042231471518,1.4512203931808472,32.530627454917486,93.40558910366207,-44.44199754679969
-21.717980795467074,-5.181178875913299,-15.405735022349065,-8.159960746765137,40.995772594416664,62.97309885105202,-46.73203661925992
6.52123575192252,4.73743777464405,5.046415737917322,7.041544437408447,55.77322955742516,24.29512734456749,-39.18349838627331
4.085332789919376,3.644497082482904,28.126369576420064,18.6903133392334,42.96801277626258,154.17172643232016,-48.17465823106341
-1.7558995450222314,6.709916328424658,19.480528038987245,7.871513366699219,61.83355797708182,-0.24824083418639684,115.24428235287888
1.213393678895805,7.4753784444333045,16.057607139240435,4.547134876251221,32.93075594480063,97.94161203730357,-49.58999895222378
5.1171714386808045,2.6609649670391295,-4.341769633626164,-5.62266731262207,62.988800022764806,58.663396834573696,179.72916052661995
5.727901257808371,1.4967459208473688,3.5681578618337513,0.5214126706123352,48.33933582931291,101.44830421340531,-56.71325485607152
7.510899544025538,0.8537615315084148,-2.25019164249421,-1.3432139158248901,30.965554592484782,113.43566993503926,15.80280174271847
11.353388618393472,3.019911801573248,7.057183278843815,12.02635669708252,-6.129551113602613,13.058056446746006,62.746304511841856
3.080555694615235,5.085213400774248,7.586564762095277,13.991518020629883,-18.3392968738892,-66.78491461059195,-43.178791889910066
-3.539641348762613,5.805831031142563,-13.625099022888408,-16.87760353088379,2.512404823399344,-10.309745727123346,121.76858880063023
-6.475428632000709,0.9227261031304314,10.25714614869918,-1.24077570438385,-38.54527257168616,-72.1129674104751,-44.84130588263921
2.8708766239237473,8.03063451215992,11.128572573597845,12.647224426269531,42.069324771505244,-35.265236716961425,35.37783955764139
-0.7394399309144115,0.14653960146288636,0.441974405454232,-0.6826532483100891,-31.881781944542205,17.164965794918686,-47.119846007401414
-16.65350247480786,-1.633168391686084,1.019497328893088,-3.8687453269958496,-28.7943783594599,-40.34698380901157,-48.01768087548849
-4.900286836038317,8.983618928299212,16.354782149092213,17.815513610839844,9.124808169532818,90.25048589098992,70.91349229713876
3.1952156341844873,2.0474066487622906,10.39712945949815,13.357177734375,-26.9797403676503,-10.118969168126052,-49.29455973324785
-7.543488460146589,-4.354073963417194,-3.297758011340724,-5.816628456115723,-47.32117919013263,-44.1191057300028,-18.096935645842585
-8.27756276363065,6.778443026089372,19.6008149035586,13.590113639831543,37.36179129806344,-4.616506470516016,-6.7385791687769085
-21.464124943713518,8.92165301254329,29.282949519647328,23.257837295532227,-139.58737097915517,-60.09426693119061,-57.29351687363088
5.147861759111729,5.924803319092826,27.226081584565293,22.596790313720703,96.07014933401653,53.47759756295384,46.87968736077094
0.7174478352548979,3.936345210023362,17.020174519874182,17.87795066833496,10.895035204971112,113.16677335695482,57.02701165782219
16.30409072515735,7.151013399291842,33.89704629875523,37.181678771972656,-4.838808040954873,67.34403805923746,99.09390787178256
3.958173342497778,-4.290377574192696,-1.5544771275131952,4.144922733306885,4.414564152641784,-71.06336570757536,-46.4291872049403
-5.988875349954512,-3.2612287985364397,-14.074126402096468,-8.559830665588379,10.54419872948074,94.66184694840187,-53.0438727280256
10.822847573101994,0.3606780272006734,-1.3241268570065334,1.051361083984375,25.18887530062375,24.651125409278343,-50.71067304023848
-6.799742415257773,0.08988435013434126,-1.6573277021745876,-2.673264265060425,83.79267397245559,85.56021076840761,56.15096799063372
-0.43162356562132786,2.667386751861721,3.279199911043106,1.8197816610336304,5.917992311040642,-49.387216040446454,3.440016608981145
23.68790490048314,7.765496533392517,13.763186101995922,12.145978927612305,67.49110524673156,186.64634627698402,127.88241222063016
9.516312815650759,13.060943347623029,20.38335851195043,9.977182388305664,55.39080783421899,141.19161020799268,128.40020361015505
19.264156682931223,7.621433561100753,-1.643549817948161,-0.8407407402992249,-44.85552776292482,-13.610031143253849,-1.2832063347637856
15.798242741377575,1.0542722453510611,3.8149619472601475,-0.7241454124450684,55.75885250905784,29.070448336514588,-53.089758962542454
-10.281425147285365,-1.362835379102414,11.744292023712703,6.719161033630371,25.602905704245142,-36.58107581007976,-52.13073776403861
-0.31589773101580687,-2.462571418492987,7.849264817032172,4.235456466674805,-6.512308650884028,16.695228165885876,53.85083545159605
4.527189923771493,-0.09473891930199314,14.751104551352444,18.61161994934082,43.864823294929614,59.64450173091718,-49.18596717871052
3.1419749647158977,0.0204290139460043,3.9972495912607857,-2.232900857925415,-3.141349042975738,-17.335819398298852,-48.40347003927252
5.190940873974947,4.073320324344786,5.647440877859333,16.461336135864258,17.118822301410663,5.16747063402148,73.24037503603398
-2.0710916761143796,3.251381693182479,11.00720107973244,14.387361526489258,2.2295561768276415,-13.925552175872783,127.83749042498997
-6.640852719454218,2.397731420999518,2.2014709178132303,7.360010623931885,-29.647848619991727,18.149026283260426,168.54561430040627
6.690744522974016,-2.5735089667946354,-9.461710492986713,-16.254045486450195,80.23328371695877,-60.333435914040344,2.3804092209689065
-13.87273331958316,0.5331986743977444,5.922222570421055,-3.674009323120117,32.366293064309154,-24.26386742054916,-1.6313215618860213
4.876197678461257,3.131545442485355,2.080001935311366,5.890872478485107,-0.8490111956662464,11.166583939463075,86.21403848972272
0.6226772467880772,3.298028744795743,1.7009827705901288,6.782392978668213,-23.580074836490695,-61.570713188501145,-53.65336248376862
14.672189109263593,0.36986342666863786,-1.4486673893899042,-0.5556548237800598,18.46389414015717,-19.88929455920805,140.0416427340441
-11.20629461280926,-1.5253600580396787,-2.142844334943599,1.704359531402588,31.18862562141412,13.331435363982733,167.69897134160826
3.7401846154643152,-3.774135411857048,-8.403594048752641,-10.805505752563477,53.545049127742566,-23.511830158027713,44.79355395844233
-3.5083648088217183,0.8409751426063187,-6.488528627070266,0.3919975757598877,-22.408040627881345,52.770610482932234,133.34603565083418
-2.374374130176804,0.5452627934915788,9.298243023899353,1.9735182523727417,31.283857942246062,-15.118310148082045,138.98978272060467
-10.373648612545558,1.9317029753050894,2.8362462427357364,8.025269508361816,12.959216598561357,84.53145225539762,143.63437093637546
1.6712397912139385,4.753308495805906,10.672364935909888,8.542263984680176,58.0735576909212,57.228214714176424,3.3629481011887226
4.063995346838494,2.4468124455439835,8.647944065981807,1.2026519775390625,-52.69100352767017,32.11729968366079,4.338018914929094
-1.8215016479885355,6.854646639096423,16.979557359213533,10.00561237335205,50.63607343887585,-45.07357745357594,-52.77954719669521
11.485847840610285,8.553681081190197,15.517906721818898,17.960641860961914,33.807575698343165,7.6540393054256315,115.01361809756104
-6.650004427112398,-1.9813655387872215,-6.714697146755804,-2.839156150817871,-34.72957903209292,-12.626303390948406,-31.906039913493803
4.61903874820508,5.814271813334417,7.624413862967611,0.693852424621582,75.86184763727252,-30.653118446621377,-56.31887698126455
7.165227602718141,11.136644721477456,6.898391169997989,15.68710708618164,21.454456480607575,82.46046114216585,93.38521160200764
-13.297349981347335,7.696417015027088,7.284658405270784,8.538009643554688,24.392296705727095,-45.93068788341591,-46.18590441695473
6.199781616590141,10.01772401480967,16.675623007987593,17.45822525024414,-14.730760956915478,-32.25120152741685,41.2876484882207
10.393997644020121,6.5601447589318225,11.97609747222645,5.812513828277588,63.44168311689028,40.282148057198086,-22.045764062957165
-23.261666527377635,1.8282579527896707,0.5140246548202806,-15.789876937866211,-49.560062864789366,-40.64889999199365,-48.27093723560433
10.474708718897883,0.5956800986926379,1.2106316015020715,-0.9182935357093811,-2.553939241040831,35.87613624383972,-50.425969146681666
-3.0221469720551237,3.3616275684936463,5.149023613794155,-6.139207363128662,-30.651783997548275,-67.11095832539937,1.222421501181081
-6.426440513306547,-3.463451691555451,1.714213138669514,-5.265042781829834,29.369110551048045,20.296808362575874,-42.04794002063875
1.9783058755233205,1.2832157663808492,-4.226302282590206,6.473433017730713,-70.94536276473933,-34.371550976101915,57.10412272670164
-9.877037906823332,-3.455642836396769,-7.088478700463525,-7.4051642417907715,26.56170139916653,17.103463939286335,104.20321511807236
-6.061812050306829,1.2159868135407317,-4.575320107630725,-8.58204460144043,-36.91619280596858,127.24162390115382,-52.8214496997935
18.666699929381217,2.638850005733636,7.046983901336689,5.505674839019775,84.73104378952523,66.41148191009984,76.37213252521794
2.7212377077817136,-0.18405579507852632,9.938553821888467,2.9999101161956787,90.16174555858306,91.16757146685103,85.09804643877479
5.158649283244888,7.00922598612444,20.80299854653779,8.532612800598145,57.63794514681829,125.67957728497129,-31.1715494335334
-1.5285187674499296,0.042261579651540884,-3.430731409486577,-4.238012790679932,-13.93624281585062,9.917697574701906,-51.76507380998619
11.70153556156679,2.7339778433300252,-25.75366627509658,-10.643383979797363,-16.061684859272294,-28.78864578564037,-57.83353592145898
-18.435048616284607,1.9623444613501033,8.693815494689098,6.244143962860107,-22.167320517578492,-81.89249171267574,-44.85363181666367
1.4487371118875731,-1.6712771976565552,8.45092397320827,20.634361267089844,-55.04890043237696,-46.414331662059915,-19.776768531753493
1.505641916437089,-1.2083769663366861,9.36806369287743,-2.7633955478668213,33.987125392266464,26.01765238617884,-46.1831867242445
3.2093619421454207,2.147708239739192,-0.05608058821778108,7.360571384429932,128.92272450298086,-25.74443269771312,124.74517327509929
9.918836654981325,2.937745030371623,-5.308625707963864,4.02207612991333,-7.745911796372425,-75.93661404578812,-52.38747400857493
-14.034183232854236,1.4432569459708562,1.5456076635317735,-1.9423110485076904,-33.85395075754837,-90.15299691449667,-47.7739010500215
-3.825542414431112,-5.970189751132489,-15.163961540022544,-16.70697784423828,5.852595656656836,12.226895486030976,-37.91707162684876
-0.8992764376567164,1.4759469720721194,12.375409395886285,4.693897724151611,0.915894589091017,-40.38425136330785,37.17567444606595
-2.4376352162146198,6.543437191951447,-0.8399438019121951,12.092087745666504,-13.368809363535961,77.85672138647709,-28.938061640772858
-5.203477859033056,10.783046439305762,1.117191527672871,12.067290306091309,48.32400353863055,-37.53550596417791,-48.84198389833295
13.990110206606483,11.530137224344788,15.009001399012165,16.416168212890625,36.385522688944754,-3.985385603855382,-52.84918611759314
-5.000404527315649,6.691061498502575,5.643890818685416,6.288730144500732,10.748232913489911,-2.2347203820883377,62.67628503481555
4.744704863702401,8.302789711815189,7.411723338703925,8.334495544433594,53.33465005331531,53.35903962363917,165.2361868030097
8.413290822722,14.205591842473522,13.687349282220486,23.672855377197266,3.160516970053488,-9.239266851518769,85.71477146667658
3.709904487705728,-0.046007774051562034,-0.27206166734348075,-3.839668035507202,0.3962214490169579,-30.03966554702538,-51.06501835787611
8.531224697876072,3.579739791212005,4.190566567840232,4.047435760498047,3.3276932574088183,83.26281441755364,-20.400546483775894
6.652465460248271,5.955668642954061,16.225426427904136,12.482877731323242,-8.374929596491897,-49.74040937682986,-51.28234229805171
8.908739636197538,1.0709434570869605,-1.0192593972338713,10.536369323730469,25.99575235446613,-36.282695844227945,69.72914168349772
1.9358143913735357,2.501614775497594,-2.4202271093158303,-1.3306070566177368,-34.98452244254946,7.591062565733879,75.4686478985859
8.366554882546922,0.949514015825413,-7.513777762928317,3.1496376991271973,-11.854665629768572,82.16317571555408,116.10634931759822
11.272166597617078,5.484135658753427,1.9684873785749626,1.5344908237457275,-17.167766849366913,0.07841349707604464,90.79936632488003
-8.740265259913606,0.9488543923139748,-5.369587484769566,3.240699529647827,-82.69725946220068,-43.59000698864858,-55.37888356829601
-7.355467477871782,4.746061657306971,10.185937852455071,4.0182318687438965,-89.59114774898548,-29.06437502954727,23.82897432756299
4.788010787101731,2.1710085323550548,-4.321449603150017,-5.988739490509033,-49.59589826294461,-31.518721582384742,-51.354671929546065
2.516539940965181,5.4773852311269104,23.11033629962686,-1.8700898885726929,-71.15946170627672,-39.924196098411855,-42.28754510674259
-0.105231685412152,7.37361959771099,0.5074648118127244,-6.51547384262085,-39.74368132276866,-73.8150303932124,-46.136238961753676
25.01920075149635,9.551820582770441,13.675510072147034,14.85873031616211,-13.326624776467565,-11.942749246343531,-30.68520457474218
-6.628377921220185,3.7290872342307497,3.0056175425350764,5.955803871154785,25.830812925219625,2.21472627709097,6.834540045797111
5.68863565653983,1.9079090630257902,-1.221580548521038,2.2752528190612793,7.6928504874458,-31.737696066900455,-52.22192047404099
5.8785712726762345,0.3891005034488535,-2.293381390127194,-2.04789400100708,5.723159214914271,-32.79350119483336,47.21682307434824
-6.084533035916035,-4.874397986258489,-7.766903327634008,-10.237059593200684,-8.866794561210746,-71.4705484475363,30.039525813795187
8.185214482564827,2.7889135934468805,6.608376290521089,2.0859148502349854,22.67993698833548,41.99532555406196,77.17448916428725
-6.168604466567782,-0.009358729019759086,10.051815626736795,6.429205894470215,33.81440635278601,57.75200209006159,54.521750315002116
12.341183386798301,5.248672564475387,23.030335481662615,20.64887046813965,-17.71381714267457,33.162281422913686,-45.24792710387414
0.3020167692075011,1.967487467507029,3.5121082458112927,5.392477512359619,21.458687222768646,-14.076223441619373,-46.992370912923356
-1.3204272090163147,-3.426753658055908,-4.179116429673881,-2.399066209793091,9.917755331780654,-29.952706201188576,-51.51747955701945
3.1469828464938834,3.090360625822733,10.890116721609973,10.424278259277344,13.258154863202963,57.71152459165859,101.69154651791195
-5.9147415786845166,1.981719836634774,6.715088342599538,11.505820274353027,0.07173992708547805,103.82887312620369,-46.41329872913135
-0.10300743061668238,3.5928199587728513,5.336616794848798,7.9142045974731445,16.583405827637904,74.05199782760624,160.73224482941473
16.686666552063375,-0.4632654636870783,-3.3352437985969314,-3.1040148735046387,-1.753036175345136,77.0290268721165,-46.55282293729167
3.9317720570018393,-1.7153827870563085,1.544059729440459,-3.287759780883789,0.3406417574940791,25.899175422543045,-49.035055222371
5.6648014913539555,6.668906950234176,23.5193114817771,10.642502784729004,61.76270575814019,85.99897634571768,5.3546598781684605
11.751440907873661,4.535519618969309,7.4811274546149935,9.949600219726562,12.657770090344066,-21.543362118563785,-51.590997463053576
-5.635182146253722,-3.0033095429169787,2.5663589928387105,-7.813952445983887,32.98017657206467,34.660904241278594,9.961308595595904
0.15083833563764903,6.0165611755044495,10.205479222637415,5.806920528411865,13.751371129733677,-78.65115704788383,-38.0188191642952
4.220087814160319,7.911309530483283,16.98633837256556,4.519245624542236,42.76217462263592,-5.749346182493583,-42.714339568108954
3.7252710326727785,8.437038561224403,-7.91276939825852,0.7582095861434937,58.147266819340466,25.378751956109184,-55.3136572209688
19.233460847284164,5.809222529889356,6.488978302688706,10.076558113098145,-18.932020215243238,-21.759029005102477,-10.819713998082708
3.3932881056742765,7.0176823101326455,-17.09695159863387,-10.057915687561035,-36.63982292206955,-69.62798848408892,-53.6978517754252
6.980790631927357,8.838504952967126,21.752456572251234,29.050142288208008,-1.729215257820385,83.5951454892011,158.70209280931255
3.729316447829155,4.5925054272715204,5.514376848883677,1.0418980121612549,-17.262948142091602,-24.190315881168978,-52.7876744569495
-8.314320317556637,-4.362824605324613,-15.091173796949159,-7.898965835571289,-8.355913506906218,-37.09350421358395,-46.80987134105039
9.72444301550546,-2.641837434837311,-5.516731318549242,-5.616668701171875,-0.43446886670743645,-87.99936234702136,-35.27140753162766
15.489931416383987,1.419609493241726,3.0197517638149076,7.799764156341553,-22.582696085420288,-40.89742390599262,-49.218560275599344
-5.455278540435563,-3.0390613550947108,-12.910254151646724,-0.9581575989723206,-38.132968942628885,-5.764658938067792,-45.09586770566313
-12.630967209809768,3.4762857283022544,8.259742303446284,-7.474061489105225,8.082385869003724,107.8584758426745,-62.06498816379894
-9.370405838395298,1.5209727140565337,-3.3641335028040436,-5.116549015045166,-91.09428652521328,-118.12311140183273,-56.80916653792843
15.886360286407438,3.8398049661413802,12.509130918150323,14.364974021911621,21.99446392069824,-22.674992962556512,68.43102078988866
4.7247892963967155,4.654254651040541,11.119771230474724,9.226581573486328,-3.1910770364076835,-50.12768102579572,-42.982652199073065
-10.316231067671659,1.8181477384593117,-7.571881953698099,5.9044599533081055,-23.750417436733347,21.007350302387017,-50.52749669470018
-15.60032546429411,-1.6263650986648273,4.492337159321093,1.0234878063201904,-25.722794685330918,-47.70705620545193,-45.509302440195526
8.286570890944871,6.429872111074376,16.288135568199834,12.386547088623047,100.44511721077475,34.48187189610818,-50.149957049289235
-4.984921768490588,7.730461773497987,-0.6430687316363635,1.6081308126449585,46.8948743230861,-19.392020397874077,-12.183732025343565
-3.258403215084501,6.738309105869001,11.963133524518351,9.31462287902832,6.757343129258103,-34.93695597898254,-5.161393226275509
9.409504088659501,7.152969501741053,6.075753619237074,11.340038299560547,-15.475511497457966,-101.74958311358779,-48.878919519983576
15.233644594194269,7.088724555779563,1.1739078596263182,14.125456809997559,17.806131920623073,-67.51567787976704,-51.83243458071788
4.434532043856613,5.552583287567189,4.469214800021574,-7.482396602630615,-11.555490872927045,-5.239225870760833,-56.856832821072764
3.89519314644979,4.473899591377977,1.600939538238532,12.166470527648926,64.35785130120748,95.73566561578288,192.93596488050707
0.5103936700412794,4.9785305665224335,10.448198467400953,8.849393844604492,-16.95281075434651,23.01566764355063,99.17255057424754
5.5536209574259185,0.6802073601870081,-0.10596035251157926,0.35086193680763245,-10.848762364716144,45.43594487655974,-55.05794318745719
16.231084772228392,-2.7089307227551203,-0.9874908227919417,-3.8608736991882324,4.547546430850193,49.796124878213966,-55.58858509377553
4.307844758959108,-7.251329742174736,-8.737081813248137,-8.879347801208496,59.26765101009807,140.82242769931236,214.59153713418962
3.681609837266066,-6.734787508171171,-6.18653475683997,-7.439743995666504,-45.810818082036484,-90.7005773364009,-53.59395576992584
24.005958999074917,-8.236748201594647,-6.608004248675078,-10.770037651062012,-48.97549095692868,-37.80059555503062,-52.195555254639935
-0.7401895970347974,-9.625104974600687,-22.989922891904257,5.653169631958008,-60.089381360591,59.60860083252594,-42.8083250223459
19.0657472429071,6.07569560034474,7.521427934496707,7.982968330383301,-38.16319012404492,41.628797229442306,74.95720910227135
11.074305979010582,-0.6320154937275987,-3.9582265664511707,-4.431243896484375,-2.7363324222837373,-46.69842068196689,10.579470361249708
17.304719150647458,1.399133688040042,13.461330499401631,5.954168796539307,12.295730672081024,-2.264492442634722,31.82767655202887
-5.797603383730035,-3.2888985462157416,6.5127194127068835,-1.4916479587554932,36.50248206945413,-12.394988744579866,205.05994785984782
-8.009665704531786,-4.34390071318377,5.856184473318909,-1.1502857208251953,95.91155771843889,8.053922510782531,-50.37032083905702
-6.365869566269309,-2.37018560378148,6.606736088304617,11.163579940795898,88.04679223551774,18.585615094338323,-53.029144833548635
3.743522182555692,-6.099050422845803,-2.151895986108786,-5.046211242675781,58.54093422463679,10.384706178149997,-43.5471064958017
18.17313946116741,-3.0234340061278036,0.9035412768846631,-7.385560035705566,77.39452400445354,-23.593854549771258,-50.62161085277551
-8.609341377795593,-1.3209608611786503,4.627232629390784,6.371783256530762,-27.25385792948517,43.494361804803134,-46.30296470498014
3.449354380659888,-8.611874202661996,-3.545717146093562,-11.928967475891113,-3.8987843478063975,102.63097761416137,60.40582883440913
-4.094175513286913,-1.3637636990025088,-13.826243031623616,-5.809273719787598,-30.40896012547967,38.522576828071415,-29.290034935511578
0.02258649854618411,0.23744263961074835,-5.009747929865777,-11.094453811645508,28.177732382188523,26.627051195341465,-47.74795133877481
-1.142745306475715,1.2850032622270926,-5.678607166184654,-0.13033968210220337,78.07294981217096,76.26769338325383,-43.50025905609548
-27.73471369542772,-1.885800515257806,-12.324858106520136,-8.998842239379883,-57.15755523405216,-82.08369153926762,-47.14880480752969
-11.412696318906676,-5.010839572654253,-9.448355033507292,-8.444759368896484,34.94920562694502,78.79950958839387,-46.43260993292841
-14.911140889385234,-2.072468978144814,-11.418198986731468,-8.32490348815918,38.07725681316763,22.110954753649306,-47.884349748190424
-13.737008910558565,-4.9849878328069,0.8007626878439343,-7.007040977478027,-35.5768716007197,47.672883791917734,6.546067589272035
1.9280227017008336,-3.9252011787757026,-7.241962821588156,-11.180031776428223,-25.599993766083966,44.29845489723163,64.50036514631023
2.8473557167114887,-2.3296603304185863,7.687677961124835,13.632580757141113,3.7005876300319938,29.35668512772456,-7.679742974365428
-5.1327993531575995,-8.946724789084156,1.9446052681037405,-4.513115406036377,-16.485084013342288,-15.778224838455799,-17.152151918544895
15.489077180261864,0.3906710485814638,13.74293346974718,2.4720704555511475,39.38491924561589,127.51288480133883,105.90431495649284
14.210177639369986,-3.255654559359136,1.910880906491023,-5.805924892425537,-22.79823668878295,-58.04152832203763,-51.2040554392055
-0.7097260146975393,0.9728854195730723,2.535823497368268,-2.716585159301758,-38.45851112012446,-27.841080805833794,44.30038475337464
0.19060940663455717,1.9034199397861702,-3.00876997755841,-9.070329666137695,5.7160756927504455,5.177697427278564,142.78958270147362
5.277105128406176,2.2935000524389952,4.937973415768966,4.963083744049072,41.18696896743186,23.17908544206696,109.84177714933247
-1.2250343823611003,8.602577048471296,2.1426616448316516,10.877074241638184,39.23477933510534,26.13160897498487,22.32354201940089
12.709719736258993,2.9007777600757874,-0.21545705297486495,7.165506362915039,29.515802926749952,36.874217872989256,34.32330567127453
-12.267154956284978,6.357738525614349,-3.3852723867412746,-2.6186606884002686,51.17460921190233,-33.62143470350948,-49.07490966435601
-8.872330184726433,5.557360671630215,-12.83737445821346,-8.475427627563477,-26.999015079964657,-57.27591231944986,-17.205387624639013
14.01466861638659,12.631597061669714,16.280520091879062,17.513835906982422,-14.648793608572284,-25.092692035228282,10.773240045025865
6.23007505598591,6.213932912695741,2.367656540946148,6.1639251708984375,74.37939690675252,82.77627057746564,47.97837427023351
2.3877346822240746,3.4625554502658398,1.1854940727128491,12.854698181152344,23.047827765592977,83.8214598506972,64.08557956434474
3.0812883078279842,-2.9154469314173737,-25.667817671462856,-24.844833374023438,-40.49909457701771,-48.68110799327909,-54.82791894228242
-14.288190529748766,-1.7503935815603409,10.864589909390379,-0.46954160928726196,-6.391642071712026,-42.929588042858775,-42.16663285358112
-6.751217137713863,1.672702491842028,18.215712572124072,12.621015548706055,47.508770658870795,129.86543576325766,189.94150864087098
-12.655609911110094,2.1414821755940157,-7.017667060618444,-7.191897392272949,11.54351828572086,79.61836463127932,45.09911004446555
9.219012464739373,4.406455631648699,26.4994907995421,22.335988998413086,23.12699356434149,23.542258202869398,-34.37150193372727
9.212381578697507,2.898794425300068,16.086606869116096,5.599019527435303,32.259061479770956,5.612937098762559,-49.85300711022679
9.265619238944018,1.0746454044502562,2.5279115872947266,0.9822291135787964,-22.653117765120072,34.21756754141988,-50.34137791894838
3.8938177758635772,-3.3595165915491716,-7.658022504399137,-7.665964603424072,14.499374275134588,-10.890012706234089,12.30502971745343
8.598403445813286,-4.52683837771318,1.158090628948873,-5.507439136505127,41.17612511643443,-5.044734343451423,-49.16540337664035
6.37013915914166,-4.031878310256645,-25.39558046046773,-30.99773406982422,-3.6561650520309743,-72.56832777428644,-52.85532316580404
3.767206035104463,-1.8920965951482833,1.190290987112603,9.283210754394531,45.738105521181936,-16.908131331879446,-52.82322305743775
5.069012758930176,-4.016885617477008,14.931445969902994,3.201509714126587,75.65068432670587,99.08997336454115,-26.994569551062412
0.4538175760438514,0.008270399622518044,-0.24781313482197598,-0.847783088684082,-21.701462898523523,-15.669893928297201,-48.11834996058102
-10.263732552184822,-0.46392523611210135,-4.647453767757831,-1.6131359338760376,-58.45717733680712,-62.456773634558154,-55.48976441373998
10.712050370545356,1.0209593072548948,-2.469415202876403,2.2251815795898438,-3.5502721758406834,-45.12137483045631,-45.48300838194472
2.524810000279153,3.355295167504148,14.925314338475582,12.891976356506348,-9.363126139324205,22.597884644395176,-45.39379891100814
-2.5903197253187997,4.022877639175169,6.007145987346866,-3.420205593109131,-4.7851062195922225,94.6711262303571,-49.30461930892278
10.763986145729396,1.90358288197455,-3.091319240857659,-1.2289652824401855,32.988292251679844,46.353477315411304,360.4891522800597
4.622737653367076,3.127492722154477,4.275169580815662,0.5974730253219604,14.284805789256882,20.289257566204274,192.00711855873894
9.339082020782142,1.2522984450653836,4.03999390713397,1.7165937423706055,-15.237711046444156,-23.25643026005885,66.81206209712559
10.112553767882526,4.472778638493556,4.128556273615168,9.90127944946289,43.059604771559194,31.002500996055325,16.587850470933624
18.625862692115245,6.864717346827471,9.875844908926375,23.91214942932129,-12.737701851454627,38.07012818014325,54.53142102366742
-13.800936207431866,-1.079117512007909,-1.6280208663346034,-6.601962566375732,-6.815954939574205,99.15185567423083,-48.86652082340327
-6.380042772779126,-9.586055913094976,5.756418092206196,-16.8824520111084,26.83162174863378,-22.706351201923596,-41.350812289763596
-0.48993409401060584,-2.1798549391802364,4.879620512313103,-3.3129379749298096,20.451491101892813,11.815041177423282,-46.33832313934851
0.7091651817195135,-4.993619643888043,-5.931916152694532,-4.763280868530273,31.47623121603843,-39.06729790241008,-50.093944005181676
-4.070062805087856,-3.7600431391323377,-8.971798312010742,-10.075091361999512,-14.018819684463846,-30.740540494508913,-54.62723612922854
-1.0776940054901847,-0.7083193448997699,-4.323994653978811,-1.369277834892273,66.41455824991918,-16.969745738489426,42.33303659857429
5.067454021441183,0.28251165869884154,8.55460131405254,3.186105251312256,30.035795459825238,85.25553192556974,-48.6417931202971
-7.4585202512965445,2.6524744949818633,4.018453387453308,7.1638617515563965,23.422882969526114,41.75880933640864,28.887661253307236
-12.097533906516949,1.1922022191328,-1.3655276463245016,-19.591243743896484,-27.976779318486734,-57.997171329850175,-42.57424923474229
16.67454205802252,7.259471649266709,21.536081923937893,11.96803092956543,-15.336222486775313,97.15498145199635,-15.821337854330965
5.6881313695519555,9.830701818491052,10.816200437491592,7.699618816375732,28.536611942748223,-48.003769560620384,-52.450267124244256
19.124639228323005,10.854128642349982,15.13353364765366,20.390636444091797,76.79737603432012,-93.51584320198803,-50.08899364077873
2.6214198271771814,9.620571763038658,4.673351166356251,8.517760276794434,-21.504428117887972,-57.24261471666983,-40.88902722672713
-0.6227193413118466,1.1889056677538168,-7.702711554417471,3.864061117172241,-60.32292484795237,-19.689681788266917,-47.69588390228575
-1.708568709574456,1.3902039555427916,-1.5952793978508404,3.9912543296813965,-46.46259747072013,-28.087912562086135,-49.644343950892925
-20.78305378632428,4.096545515570693,4.8134882905975696,10.888468742370605,39.32960236899611,104.47781151644314,101.97814782986745
-15.569971872275277,-4.561720518057402,-6.4188911999219105,-16.03521156311035,26.479831991065595,32.039853689626604,77.23474931810841
0.8196332527609493,-2.176070403899684,8.317907424302751,1.761070728302002,-6.233339134539788,-24.32259377740849,-48.45362818681105
-20.559272246693936,1.7754015910964283,8.17168370764707,-3.6719553470611572,35.212776219690795,-23.53640683377653,84.86031014658826
-31.538389644473177,-1.1315758254841828,-15.12215237125658,-20.650060653686523,37.61664135945266,-26.642562918560603,-45.90323387056352
-16.33025604677693,3.164125702878623,-10.494161829385627,-13.986083030700684,30.212889164671168,60.24913976828427,38.135173441345025
-20.451670345651358,0.6703100899434001,-16.603204193918025,-24.013687133789062,-3.9712516050288182,99.1694239907487,117.34998904430711
-3.3435915823451765,2.0106103895637086,-2.990629437750702,-0.7397847771644592,9.04791478156002,2.1941774805352243,-42.744494110869574
10.023968406553108,0.9726611410123674,16.774095584785904,2.2406115531921387,1.0154148081350738,115.90727917377987,84.94476538036784
-25.627677897529992,-2.098408512656809,-7.058191171810502,-11.713360786437988,-59.836078916435255,-39.46799160601615,-48.1502049710246
-25.79095159055414,-10.454560818216613,-11.57208232267388,-21.1142520904541,-69.5189740361582,-47.255958897937425,-52.93775160646067
-18.310749383862532,-0.2860304679553409,-0.34557163946760244,-2.411921262741089,-78.50584062482602,-40.96351818059781,-3.6579490183070345
9.937172691943093,11.130591923747748,37.56185525410841,20.191162109375,81.16673605123552,40.96799335644865,129.74894282522968
9.348365497965862,11.495945817876727,28.560369197517637,30.102006912231445,38.42889173247927,31.436712528709393,122.88314524366345
22.869264455809308,11.969847095772314,19.619060919221802,17.61847496032715,39.59330409347492,-55.74566959479426,-47.894252976562086
9.207291162972467,11.859459687752546,10.555405826812933,18.232515335083008,35.010759637306116,-7.7633506358755024,49.09587939091042
1.1531457777519478,9.773051800438385,9.669354373404447,7.801143646240234,11.620451333276602,-63.85699802822801,37.77941073120184
14.487243553511346,10.549942387695916,28.452852196335645,16.092069625854492,26.53559732430398,97.01903122680713,76.26995248402704
-10.42608375897396,-5.338934558622088,-4.864810402585006,1.312268614768982,-11.713058307070655,-10.756850815005455,-46.240613474253045
-5.668347060330721,8.38842665584555,22.282335671725477,11.242768287658691,47.55499449947434,6.502897589708769,-17.96260394868262
13.843955107112851,9.584479550260676,13.466870795910067,12.567963600158691,53.08484050711256,-2.4105195716969594,206.68690883119402
16.52930139533946,11.863446264356282,11.325830334706039,12.592443466186523,43.09222832149111,53.14986771414241,-44.06500200003445
-9.263578591952074,10.829454533500133,20.479699696898173,15.461846351623535,14.454594367818656,-46.60072300681748,-42.83553591046248
-21.69887694642057,15.8291469081389,39.22593659063167,30.532451629638672,-78.94511545285438,85.09935049759673,-14.536572637880809
7.87418385411282,2.9529413677639678,-0.734460384197634,-5.442394733428955,6.73242370961047,-31.49941227468537,-47.41534065932405
1.7280660076198082,7.2167751789047205,4.626251851670333,15.45536994934082,-28.94489973827806,23.195041706871976,129.05256104907804
-0.1345391685832198,5.687178207406199,1.8051844149114458,13.197561264038086,0.32734874217345256,-23.21810264042924,-57.181672328918694
4.856521725633082,4.160671892070861,6.121170463155578,-2.674387216567993,50.18319260315095,136.64176282082005,68.32771075460263
4.857042367548988,6.63223894122105,12.055655569755494,6.698964595794678,13.870613408065044,62.20212451028924,110.16766059140251
-7.541243919637344,-0.38678485318588773,-6.098256819290893,-6.671488285064697,-36.04821601083659,-6.070061631060972,-53.255335969185936
-1.9633866456174338,0.7256738477696074,-1.4092761892870438,-9.436727523803711,-41.38173983562964,-15.15190040018218,66.92114275340508
-10.71384893023956,1.3244000584022186,3.35149598146955,0.7843188047409058,-42.22011029003817,-53.20736070751783,-56.71955509400796
-9.073110687393108,3.102637771947005,0.5614431238381107,5.472047805786133,-46.831263837841185,-21.266485574528335,73.87774410533572
-14.159563796159654,-0.6511275041857876,0.2366509898523958,3.09303617477417,-14.432559290097958,-3.133637090276873,117.95302136639646
3.61890226243884,4.319371996866965,11.270279659731658,11.061610221862793,-37.73086531394368,-42.16668344874794,2.8056501854136062
-6.933276126881355,0.8259717810420958,-18.308494868806932,-15.746596336364746,-57.65665577448876,-17.734116796110197,-48.22377096063878
-10.600353415865381,-4.061317045929585,-17.732072890849974,-12.150650024414062,-23.718600753227367,-36.53754709250132,-51.80431161012347
-4.769497737066432,5.85640214929432,11.138551993856213,5.972452163696289,-30.35667255554801,-23.103407629677108,-45.89829658830195
6.343458347724493,5.1120489432174,2.7223116105574996,9.115333557128906,-21.352657561711183,25.079737785750844,-38.277965914529624
-0.41089936135454175,3.972487491561648,-2.4543252799162385,-8.929234504699707,-5.213324220222418,56.64748715848836,-47.5781379153914
13.431532863465224,-2.638295245721922,2.880165887087269,9.757047653198242,-14.955194956302048,62.64835558394808,71.98320331993662
2.879924775514062,-2.740481029348793,-8.008271004467787,-12.354959487915039,-19.78111790054488,-104.4292887543537,-56.00038962164131
-3.940230168607803,4.051594965344276,-1.2994336472404515,-3.6078786849975586,-39.29847567005071,-13.304150099558015,-49.966460882928715
3.8938784559151296,1.9277072372669526,-2.948628971175016,-0.025838717818260193,-46.79331407310764,-68.44868148951224,-51.05191697984625
4.540342066246838,1.6161228749272973,-1.8223000921847825,3.272189140319824,-6.044967066334539,5.752304505643193,73.93510185276655
5.1030800262246885,3.460519106053256,-1.6195038110478381,5.448603630065918,-31.378188303034808,-45.517885013013554,-52.65771373568342
-8.433538831149031,-3.9598607532469448,-15.491399874890146,-18.11970329284668,-51.58145416159615,-33.40454844587433,-40.93850774038702
7.34108978887409,1.163630002182166,-3.968736273273453,8.039651870727539,30.68212646471604,30.634472020218013,-36.8391366136551
-16.15942329528631,-0.663194246403484,0.8751297833820019,-4.49031400680542,-2.7903705607484093,-82.79619329128609,-56.12050390583331
-6.6176671914353005,-5.039134946936492,-12.672344797577967,-12.555893898010254,-11.482787014790155,-64.83868078568135,-52.269717617851335
-9.184957966117235,-1.9175160931082575,-11.803085345413619,-8.393210411071777,-23.073340481055432,28.813800602495846,23.728145668317833
-2.468301348214154,-4.4428021712914285,-13.402885226601349,-4.821570873260498,8.975059389444255,-1.5720387644299119,47.31565117002467
0.5544291562692039,1.6618057197811107,9.366438725734325,7.076630115509033,-42.305273001130736,-21.69459873768369,28.184544956657753
-3.591115678271139,1.1443802787752164,0.9128389577857406,-8.468181610107422,9.433101731181123,89.02612869629243,24.701867875900405
4.28252082253838,1.422593413426599,-9.584003077359153,-7.83593225479126,16.03699424734053,-26.62763539395101,-55.684123154046794
-3.341811669706752,1.9943531396254885,-5.76368987585604,-5.504322052001953,-84.43193124782137,-26.826629787087796,-46.87327598819288
-5.75072635978133,-0.7276813241443199,1.1458044743361075,10.273341178894043,22.928582032053146,-14.492977078884941,-17.180024441565287
9.317140451700563,4.554406227917374,19.3675964064344,6.195849895477295,-13.528550629365036,-13.748405583428696,-45.07455965586304
8.997667000126102,7.887396586000415,-2.011555805536876,-14.0137939453125,-53.26749710971921,-13.115962444171345,-50.50789525336402
-0.6507996144041999,-3.4194233406712913,-15.90673607180503,-12.785422325134277,-19.468724798882846,-45.506654791968494,-46.69436777785186
-0.7212797146597572,-3.4026589800015983,-4.220072453879328,-7.99435567855835,34.104656791861,48.17148853713929,92.65051863580314
-1.2325888908583906,-5.765183190847774,-3.2251971279736833,-10.400880813598633,-10.86124234852679,-11.60838023496197,-42.381002773790094
4.137364969614898,0.7032048060571898,-0.8500180735449474,-5.829873085021973,23.460731597175595,20.10713953921934,247.82579562903217
16.011000262292338,6.85999174575378,33.796714606198364,31.20165252685547,65.21010441507714,104.31491166352104,67.50305129854578
-4.408252848495103,-7.124397936621327,17.946429629942944,0.8667718768119812,-0.5629750221540949,54.768012725202915,-44.88993794133517
4.079498999993737,-1.427871097859335,-0.5165260292184068,-12.955586433410645,17.865720576094606,71.60129578026144,-53.67260029653952
-3.775439550696552,-10.154183167521591,-18.73252723675075,-8.507113456726074,48.61781679736458,68.01802046793483,102.33766160090283
10.692543632846041,-2.407116056415244,8.816338499882043,0.06438703835010529,8.162365655848198,27.26028288251855,100.94598923553761
3.7342252446940565,-10.262453701729562,-5.574317924469035,-14.483044624328613,-62.20071642004445,-28.97093007991096,-51.270515564963496
-3.9091911025584114,-9.186804148557725,-5.4272255295087275,-11.057382583618164,-15.62558496666867,-25.78862994524616,-50.05147649201001
-1.720821317102532,-10.673724993507347,-6.731971390572139,-14.41687297821045,-33.14194487965343,-55.92591563557216,-46.6452336198002
16.747514668068522,1.4279535340562457,8.431175841518614,6.440121650695801,49.6576084958644,80.48654113429762,39.66863031184594
-9.01850711745388,-2.0216837119253226,3.565647188024896,-8.262271881103516,-68.0626919245721,-36.06250985651223,-56.19490964907891
1.3409419079386564,-8.541299439499257,4.599122589925874,3.2098114490509033,-50.66185948540461,-50.03811810776018,-45.55206826600702
5.69658637981824,-5.439328808665944,7.966472404697974,10.371275901794434,-16.506187100658416,27.007216369441323,-44.14470043024415
2.9141510101543435,-0.10424598403747677,16.264467256934477,10.944849014282227,28.605926801703976,-2.4989179200997795,195.45457506025386
-16.470699002520256,-10.584063375491365,-36.88072908172216,-34.12967300415039,-1.239766341992865,59.08527947468384,-45.50472785514849
-26.987760270966696,-2.063524404570007,-9.955324418501762,-9.897278785705566,-107.17510877927667,-66.99501877561224,-50.414498593130084
7.87806129502008,9.599501496960675,16.57897651261202,3.8247220516204834,95.07365398496383,136.59434356636666,196.78103045076884
-8.637633700076407,-1.7629515712670298,-15.864244951874175,-13.288208961486816,-46.35311862376178,-30.42348609864444,-51.47815277609159
17.737970931555004,11.093038142651224,7.908336551968282,3.0881125926971436,88.98825584919639,116.21167981753767,-51.825954628269855
-14.221477160531167,-2.3605419042530986,-18.909716515707984,-19.622365951538086,-54.971395243682494,-77.73972375240047,-52.27216268894174
1.7366802683604499,1.804867949679156,8.668846601704859,0.6343164443969727,84.12416179759467,168.7653169378152,113.02528144440173
-17.99035882049737,-1.6125387760160534,5.176943262095386,-3.471662998199463,-2.6129262734332133,96.0201654086067,24.479649532052182
-4.045264690007641,-2.5746662522399753,-6.763911768285966,-2.065520763397217,-24.336697716148166,-17.23580489799143,-51.016564370021165
-7.329786805157893,-7.0108620673657835,-11.573536001159592,-13.89804744720459,79.49955836342816,-19.006586577033318,1.0607719913374394
7.25313503328649,-6.603399166941557,-32.808579719565095,-31.512605667114258,17.427580532205358,-2.8355261348139833,112.73546853142949
-0.9986277301832749,-9.512662979474715,-25.485646954952994,-22.050758361816406,-13.365692214343406,-9.128177702541768,6.527886933325778
14.937720248205116,2.4034935205571872,-6.576499029359267,-10.625944137573242,58.01111423858282,40.3490314901594,34.82405609128357
-12.365260770046504,-1.9318106274556157,3.8504974751901573,-9.211647033691406,2.260839789720085,-96.16377160142191,-48.000740991825545
-5.498330660189854,-2.9710388414928155,-4.268546041188544,-6.355549335479736,77.90346639392803,-20.970106030386383,144.7993012820093
-13.708855086258684,2.019056520240732,-1.4017719830147877,6.819674491882324,-83.09862298065487,53.83858124263643,-51.67629323015078
-12.48078184024728,2.861475248868536,-12.719193593535666,-11.594545364379883,-9.582641008621986,-24.96823487449013,135.22218284494173
-126.49634634320323,-7.359923581026005,-41.053397131641475,-22.983871459960938,-289.0232449192828,-67.89023212791312,-74.97185316832463
-47.20315606535815,-4.135196578989143,-17.827881241345633,-17.43572235107422,-185.23112340639753,-151.79165343346293,-49.75719865722617
-8.827619808042515,-7.1970624810416135,-18.531000877629477,-13.534783363342285,-40.99369432089912,-51.942760998452286,-58.045290055350044
-6.046704951376354,-9.75469729292536,-22.57840675782307,-30.761194229125977,-39.797547444988965,-48.220889967406,-50.77738487181878
9.902882976471476,-1.1244334223613839,16.304880736870818,-2.7966392040252686,-20.609675008523666,-65.6042407094599,106.11354735950363
0.6285039619047861,6.559633977926766,24.52629952127545,8.72769832611084,-54.93170783237827,16.763608049825443,-33.03987401506001
-6.929246370926234,0.6825480697056341,5.116951392404532,-4.214925289154053,-57.540358078763575,-13.803430030159491,-47.64033211490466
6.616399748967812,4.4842541899479915,8.97670811360133,-0.9418431520462036,95.98544980853531,47.26322932112574,-43.49848199544174
-23.337967222467444,0.17963372455306456,7.497038909476228,15.218999862670898,-52.22394946205852,-24.121910936795828,-53.53513716139545
-20.682590633484278,-0.021418937036600097,17.244719285729172,17.632823944091797,14.71961396001128,-90.00737590311162,-58.654043414922526
-19.948639578070598,-4.043151779256409,-1.775055875575675,6.300036430358887,13.195850427776739,12.004196111160843,-54.154208686835894
-6.0758638949079184,-1.3680317785337286,-6.819097508257755,-10.499812126159668,5.357560310057279,24.595041966544745,-56.179411989084834
-9.073040775473133,-0.3759618134003857,-1.2289476868507907,3.947695255279541,64.54284318483577,-31.081140940494492,-50.67568960966455
-12.537951170014345,1.0210329860069682,1.66385943938496,-1.4264943599700928,39.7478872144126,14.052047116131966,-50.314904263266435
23.208610228645213,5.599031119092919,3.9781447814087088,17.15070152282715,64.43255234468981,45.02233504889218,-16.026564028591327
-9.25817064068997,3.7930760746307284,-8.880313300291307,-12.031557083129883,-15.801213312311072,-24.61889319763079,-47.77264186899699
-22.839203818087924,10.434205517051575,15.160287949256135,8.524567604064941,-55.61429427356203,-7.5382292548173835,-49.902747178310584
1.3470854941692352,7.141678143149937,1.5223708196423633,8.047038078308105,13.82502004033266,-13.622912502006843,-52.138895358278276
0.9189397610949752,10.75810018593115,24.217737588807907,29.236406326293945,46.96973596732974,-18.739106670890408,-8.817833885969739
7.289584854435564,9.918128459231353,25.698470449835543,24.896881103515625,44.09169803547936,-26.189439614604794,116.47942476527395
7.144573113630178,6.6173404031685665,1.9013791797727808,3.605767011642456,30.79186553155767,123.24152252608236,-48.82437332519013
11.393241556728377,7.79822819416369,11.39633247513302,18.77474021911621,21.107937604685823,71.70392755839583,104.07968226597043
-7.813494358952353,0.8501008728711779,16.042584698014892,15.871830940246582,-22.7509652505342,89.46311225549297,-47.95723324963478
-1.933435540153057,3.2856647733432727,-5.668541143982436,1.2557321786880493,51.57521680307395,69.24950454554478,-5.411438787468457
-4.597480636161235,6.143478671100817,4.23813543775594,3.59733247756958,37.77728616768267,-7.531352368670489,-13.29502936533448
11.018052110802603,-0.4059258457668393,0.25993144501329135,-6.8852057456970215,31.679515453945715,53.486921207081735,58.92942477525859
11.179032236678177,6.10944097905762,8.052223553903184,21.150331497192383,-14.025638808866757,0.1635415541509109,56.13344809576805
-9.717048821936176,-1.2916610704473281,12.737572682392496,-6.664464950561523,44.16153565553234,-9.598070250615965,-33.21271281432784
-19.581417243568406,2.800787646522201,1.6167010050335426,-8.891216278076172,28.095555004549958,-0.22083449817129172,-43.47207901659352
4.85291360997673,1.8417964212019053,-5.425951635029655,-3.650303840637207,30.718365547272516,-3.99457871488363,-52.42494375116589
2.4695088333701456,0.9761034235199162,1.2943583584549587,-2.3966917991638184,-33.57081721807251,-5.02231980046749,-53.33312853645033
6.120654878874049,-0.6684390749102413,-6.657921977129789,-5.312632083892822,-37.48281632232882,-53.99363067450327,-57.244050736733165
-2.3717778144578308,-2.9184156927446323,-18.052137708535128,-8.319884300231934,-62.8965854999143,-53.43692961802342,-53.8624908764947
-8.974064041911506,-1.1518295937476581,-9.293640528824126,-4.459076881408691,-58.55828677150153,-69.04272202005764,-53.707457995589344
9.45175331569129,2.935817356075257,4.846266080619361,13.75125503540039,-35.41688772623193,-37.8773523065207,-0.5480092004608033
7.2621019253907475,7.375852995521659,18.84776784551712,24.21268653869629,-64.15637977521878,16.625142893612434,178.0115552721302
-20.257459306379292,4.93104189382182,-4.1087789706529225,-5.125425338745117,-102.17209231494367,118.36079209341318,32.076059612840034
-0.66291501582956,2.818410269515872,-22.337479743365975,-16.779117584228516,16.201898067763914,3.5236442637707257,-50.5871389459333
5.305084839730053,7.766252830787824,5.455008348753832,6.87824821472168,81.0526005253483,95.35485732338168,72.20023543839838
1.5575572068523866,7.746064987221637,13.899350028765772,8.809136390686035,-8.59002120720935,-67.82834152364899,70.31001115185109
-6.570216445171371,2.754809603366827,-7.805713854910035,-13.907011032104492,-17.5384982042467,-28.441425831926924,105.08362336102464
-7.184627057171996,2.522954022915168,-5.729660212854692,-1.7675076723098755,-16.412916958860578,-28.39312002219846,-57.13329422956159
-3.7407449259191043,0.15523714508957073,4.843205609767419,-2.2392444610595703,-36.3761212596871,166.81290933462105,-48.35319712412393
8.821305361762663,-2.997334052820775,-6.651125666323093,-13.730424880981445,-10.473317042376621,2.3174747907694315,-25.2665198762425
-2.289294829853544,2.6901727178689,9.517784645832752,20.157732009887695,-36.44195649317097,112.21596761425204,115.4113113932547
-3.643215034746703,1.049798637695241,6.981162980035007,29.940685272216797,-13.563064376003794,-5.121410532316191,-49.09377604153003
-7.356528194738043,1.7041922619876042,-0.8597656878727407,-1.691210389137268,16.61809754810623,7.76381124343376,-46.85207564394613
10.940906939854502,0.9675671152807525,5.960775133452536,1.1026372909545898,-1.7224411510301034,-17.690363157351243,96.75160250992359
-19.491585669374263,4.7099785513160946,-1.7288726365908418,8.56640911102295,-30.3827083396752,-11.72826061553493,81.01571203787105
-12.031330433840365,3.149249281516447,-0.6334409163771573,2.4044954776763916,-26.178688620947426,-82.08095345309277,-34.497203871119375
4.640785789264963,2.994683206316642,0.8018463313200707,4.08423376083374,30.25952547390988,-98.60805246229387,89.45762798323905
2.808642194290573,-0.2347042694615981,-6.394814367382746,-1.9418259859085083,-28.0033592798995,-40.084714912748495,-49.00610080017309
-0.832555804640766,9.194618577804194,26.136395655114633,20.57404136657715,-44.03948990122066,-10.573266536043867,-50.02722907283209
-14.931863775808177,-5.5101214175797,-7.626271013501597,-3.690589189529419,-49.15440277968188,-54.16292586718129,-49.08186817638374
7.578282625563325,2.5724882492728454,1.6973256416597784,8.037909507751465,21.8179089803564,-115.69173062859849,-54.583429280464216
4.680375401251353,1.1335786088480797,-0.2700251396957601,9.44349479675293,12.622482325075786,-73.12526441276702,-43.149655465973005
11.018180158664071,4.661126988762272,8.376269987130726,6.869442939758301,69.02714415044385,-5.140837970761891,-5.5146747637427715
-1.692660354565399,4.987968493003215,10.282021404679668,1.168106198310852,7.580683313858135,8.197682401328432,20.026132907773512
2.153915214237365,8.819230774817715,17.47165523157688,19.961349487304688,33.62935491849958,35.20942578444083,-47.65317496500149
-2.722594779771554,3.3867655989952485,-3.6862643319323154,2.519007921218872,-75.66510229524451,-48.850820134160664,-49.51583047697642
-16.03274520050365,11.054499173177227,18.519182708305706,26.937593460083008,-5.546546086025548,57.370637185827675,-41.48459683511815
2.1053437693343113,5.671507274374615,4.678437863650352,4.4440531730651855,7.148410182365585,-42.68273533094142,-52.96281328258852
-6.027569190111513,-0.22159915916959122,-5.533622499278109,-2.169971227645874,3.263239839175402,0.41081806799320164,8.912487012820181
-2.1471323722347817,9.690464823445856,19.130711732854305,14.542344093322754,78.43366112890872,18.26066323838795,146.29422035081814
5.20331187650272,1.9638499896685984,12.802793006832502,2.5699996948242188,0.21494371578442573,-2.2618286951080386,11.853204476141705
-2.509432209110064,-3.1086954673207834,-6.293659170281968,-7.303210735321045,12.413562840796839,4.555123463376313,155.3274801990701
2.1512764461077722,4.9316628266321105,-1.603412525246104,1.8456555604934692,30.716343548514814,64.67260389767111,85.27065828990325
4.4886883766297725,8.193892247168382,16.511641493066115,8.424945831298828,41.41685915795262,145.37132510487896,180.215740631947
4.8312190442571,11.396419751715795,10.12599088043785,12.253353118896484,-13.236643540710336,-27.808569379636978,-49.29417072052467
6.560926641444761,1.726822810212333,-2.93384230858491,-0.7756849527359009,-22.63807198300831,-35.1907442771082,-50.16553700099526
-0.8242192651191467,-3.3907470113132203,-7.532712136334212,-8.56643295288086,-18.37362231235085,19.142927253896822,-41.882458252813166
0.5315926626227704,-4.111922917327889,-8.71416935085338,-7.884186267852783,-6.441384910057597,-5.716904189710347,-48.93716484636741
9.967992582378928,-4.908090746448099,-15.047316419249292,-20.29304313659668,-38.287058057579436,47.75981723899259,70.78258302909497
0.14410006942918296,-5.958211537707927,-14.18630299948522,-12.572380065917969,-21.385530254682877,-26.816433669586885,-53.33604245794022
2.553822739309206,5.15725354752494,19.09374747410602,5.208193302154541,17.251753316937915,-13.557023897996139,-53.8590770405679
2.709277302464443,7.321376012795449,13.061573149175565,14.046011924743652,42.11231438280591,37.25979251715028,67.801336894431
7.761512202376947,10.65616705211547,2.045190569810746,6.740568161010742,62.34696789364087,7.670805379351219,-55.91177687922209
3.871614034215196,-0.31929239358254835,-5.8212957309820546,-7.15415096282959,-52.15491198059161,-74.08668368788986,-53.03132168655811
-2.5015946296040585,1.6824574172783293,11.752099130146972,1.953482985496521,24.24689643923415,1.149591496831015,33.97362024420418
-5.03472085225918,-2.560528830719364,-5.492810667445576,-2.6140851974487305,-41.22489702928119,-96.18144072287569,-51.51874450661807
7.208640348430758,0.41086404457084064,1.7647149055597169,3.823168992996216,-47.0974517548646,7.1361947767567395,26.798457647513402
-10.999881509149406,5.043824659261383,1.0507083849013414,6.826287269592285,65.34109341132496,73.04541202021454,191.20770681368347
5.517814265442201,11.063998082676505,25.80699906385965,19.63180160522461,89.29581574720251,81.0133940696488,50.170919696067564
-2.105814911718789,1.7606147652342163,-15.229638843805391,-6.9196014404296875,-42.062501626984655,-17.78118083650768,-58.136013617592575
-15.486684277312937,7.944633704354863,3.120733223388576,10.500740051269531,-24.228046452914562,-67.22363329103987,-28.25176356407381
-6.641363285650698,-1.8931903902591023,-19.377138380343684,-13.783150672912598,-67.10699345116286,-36.13775252362401,-45.41649581462396
-6.434451404110593,-1.9004153208822132,-12.162912060437606,-11.930766105651855,-46.66643666916227,-33.99827378672848,-55.93358374028631
-2.8999783972759676,0.044796574518815774,-2.1205019945787007,-3.864272356033325,-45.42721025678023,-28.354543738470177,158.0809284500847
5.382371915253454,0.8566201306033228,-9.111150638871246,-7.785968780517578,-29.060392045582287,-56.14901998788177,92.9053653821846
-3.7240590260214415,-4.850848191428608,-16.388953500922096,-19.01151466369629,-44.51730421303824,37.96526220552037,-48.023276305273406
-9.755373881974686,0.3466490445183321,3.655968006120403,-3.155003786087036,11.831016272297685,39.39228975227468,86.57480855117723
-15.543544092853585,-9.14966654093895,-25.337648416238316,-18.70825958251953,-47.305461623720404,-77.52612280814039,-51.28430551920234
-10.04730107165883,2.925253780942862,2.8521284460846488,2.523007392883301,26.081611910218705,123.139745963445,-49.263063739475434
-10.745127223972686,-4.403895438893278,-11.706018301703514,-30.17310333251953,-111.35424782378972,-88.96282168088115,-52.60380327219848
-16.71877556481035,0.9050112140458478,-12.6097001652475,-6.743120193481445,-20.187397006450563,33.88865187295805,222.67085630160094
4.765632920379885,0.3587024263208998,-10.768237173417113,-0.3274728059768677,-12.203245626979148,-70.38908995327091,4.928140539453639
-15.157061925911021,-0.7718099247078667,-1.599746452412866,-2.3813319206237793,5.052811042257201,22.718471441981105,-50.96160305280372
3.7761480475757647,-2.488796763720099,-10.57659333968076,-4.857729911804199,-20.420135164508856,-99.01462348633734,-50.539704843131595
-4.561459401640887,-0.5994700483773037,2.9798475311520094,-6.459165573120117,-37.07522155964586,-97.39139374443695,-49.86757899327968
-7.149753748553751,-6.762044659867474,-25.810280141461053,-18.94357681274414,-39.80391599688238,-14.26163221665088,77.23240322973888
-8.000479550740499,5.398955703498618,-3.3007667060529666,1.78195321559906,-8.096378569584601,-11.030175355959244,-43.839828494983756
1.9685064552537346,7.10735540615843,6.272808236282734,9.70295524597168,48.74857784112317,-86.16590240565472,-42.10100434091485
-1.788318850893716,9.123093494342326,9.268728112648306,3.527830123901367,-21.795694024960987,-45.683555769413,112.20135162534137
-0.7574960872168888,5.533995131533048,3.336683725177883,8.33936595916748,39.227355831749975,60.37435221499853,153.42226130735864
-0.8677564417566421,6.828311464218093,17.500480582140877,19.695297241210938,35.51170929569319,2.320476510490661,102.98866739093138
-12.116315891883064,5.307386965818859,7.199382866822252,10.415478706359863,-12.161524905153126,-27.50998082236638,169.4317580325916
-8.225965515765159,-6.717347529857986,-25.442900917146535,-22.205856323242188,-12.723770571512295,-21.398453037911885,-39.41371778205919
10.693859986794482,9.19573785210725,6.434904427992488,11.483895301818848,31.942138671081032,-49.73736574586908,178.90568384751205
16.41620341558103,5.231187656330045,9.562521299085489,12.173638343811035,-33.882003290936545,54.001415399591984,25.203586892587396
21.729047532228023,6.715888405110286,-2.872904931020202,-6.098433971405029,-79.25643695088091,-73.28998647563687,-43.09005390947164
18.387516224456533,7.076131680942505,0.48222791158168654,2.6578192710876465,-71.40611915836142,93.0135602922303,17.46944696666743
15.474885206584,7.210158118737232,4.099554523704191,5.11824369430542,-98.29560280602648,-19.00058553739565,104.40575863523591
-14.4044500197452,-10.791812452575403,-16.649863940017234,-20.1103572845459,-33.13939033031813,-88.34840030461928,-62.5857317494529
-13.126689509015195,-2.1346318765016705,-8.641877010780288,-18.02504539489746,-40.10172136762228,-68.18638228429631,-48.51136422950721
-7.002948059928487,0.5370805588163599,2.494386213322574,-6.676759243011475,0.26936062753870293,-81.86995591894782,-53.1377030492147
-16.81073712835756,2.1989139534101776,8.096498169542954,-1.1546363830566406,-43.798527434782415,-41.1110094404056,-44.32945084720087
-21.325811787675008,2.1956650631355195,2.164737322496221,-4.622903823852539,-72.1826604463198,61.60413738648916,77.00580284493186
-24.26277072387722,-7.652361197746888,0.19017773109736552,-8.289372444152832,-63.312321265541186,-45.54340212668948,-54.145768197684795
-19.83382209243997,4.867132161067286,3.0076983802425006,0.6741447448730469,7.72437304929969,148.83734576579414,79.91095038456008
-30.324452169520427,2.909557373940991,8.405797967423759,3.7467610836029053,-58.11298860797989,-28.94493917574391,-50.19540105504864
-10.781515912728036,9.228486236355584,-6.875909091707111,-0.10308980941772461,-45.00167167307701,164.0927061862819,-56.75857930504973
2.592942416669442,11.776184371617292,-2.6287615877852635,19.024660110473633,-10.33110158088493,23.198311356415775,71.72321229779598
4.697591724711726,6.530915262867083,21.105673035305973,10.896504402160645,24.13428632902373,15.407928681403508,-51.61915749122807
4.247493167592077,3.3706667212002945,-1.375526828903205,4.9547247886657715,-20.85101763095491,-21.961431577192734,-3.3362345447348822
2.844264070943593,3.7199244601037194,9.359082279500605,14.430891990661621,-12.233341080189055,-49.06239540612595,64.001577967973
-1.5438095519136044,3.1428717685048095,5.555227306996917,5.7101263999938965,0.5537011049051589,-20.644480395376654,-49.59760293115689
-1.4281703298011459,3.9038150503666498,1.2182231438748812,3.9335360527038574,-14.125453507859092,13.971056007835498,243.58848509172978
-9.501953866772514,1.080228432958338,-0.17590276188546583,-7.483231067657471,16.620883660735295,-53.3310153324483,74.27561051382257
-8.052771379372698,1.934786451738214,10.6796693752898,-0.11932399868965149,1.023528432893206,90.49044057787404,83.27809250974917
-2.149500276425935,3.691200146474251,13.461320463537666,11.325182914733887,82.90348316199864,101.38797887035187,107.69541038238701
6.499427055886505,6.418797582131923,15.215304376272568,17.689809799194336,60.75679657817467,63.35263408506097,190.79414012898005
3.231482652884411,2.9360929575362453,-7.545327281778601,5.794208526611328,24.6550486812792,123.82766223822371,134.8447010428384
9.286167705855707,-0.14697406697929558,-0.7673818124444174,5.326915740966797,28.783908928083243,-31.903112071931616,-40.89727368140547
15.28267260547732,4.429742228609453,16.650006241395094,14.555949211120605,65.37039897820063,15.941491557191789,-60.23767085678647
8.323124499972293,1.3510452578588323,3.36473905288386,-1.3795100450515747,-16.118997937097486,-9.668264841163964,-30.180835468514374
15.439358827281382,6.953885886025634,15.744085494871069,10.542923927307129,88.92939101398993,135.95233640041593,129.625384720644
-1.165744830718585,-1.4414719311839495,0.044114561673818546,-3.816426992416382,30.381769525599545,44.153638652323245,155.07565413332546
20.94351903929037,4.065718408026129,8.207270202130255,12.670047760009766,-3.577638089002819,-18.67999929300364,32.41087317538399
-5.507159809785648,1.6539837478508983,10.11767569261951,-0.4452148973941803,29.38589779368273,-70.62817085250842,-34.23448132506258
5.912531654594395,-2.1286207172204135,-15.668123733402854,-12.561321258544922,-7.617547217657345,-19.1808283964589,-57.83600171558495
-13.35339600720582,5.126944946575987,13.508075549872126,4.676910400390625,-34.93702812402768,24.405942874460113,-57.76489175116792
-2.9489701471853706,-5.762706506895109,-16.728860016764504,-17.242713928222656,-8.240679681650063,-73.67022974420901,-50.2736442333425
1.1661107779842446,-4.788934561692988,-18.355619205469033,-12.09708309173584,-22.742651090107195,-50.98447529016116,-51.10001714695675
6.014161112136127,3.3741842036489995,0.3581024409192606,3.4243314266204834,55.40017350369782,-26.028964132415016,99.78464389004867
-4.046676595299232,0.41025141205577953,-6.616819323450216,10.664715766906738,-43.87334653784952,-23.991113426392737,-49.63754704371146
16.447845469625232,3.146677964185444,-15.619397763204073,-9.005611419677734,-8.26694902459568,-89.71208088208809,-55.56512897714854
-4.166275079325405,4.658152280673957,13.070480346604754,8.40610408782959,-90.92117285282909,-59.05376760532699,-49.328978943050934
0.41849236496077125,-2.3814107159724385,-0.48010629824376055,-9.596283912658691,-24.477047474207787,-28.440625021973798,10.350859001194028
-2.606124409501848,-0.5990052890764714,-11.938090188731735,-10.592827796936035,-41.283522311684436,-65.50961428744296,-54.24616467718089
-1.9770454049639972,-2.3626865377781545,-9.857666433337807,-10.755231857299805,-40.836294462678126,6.277936899056596,-53.45106430386236
14.360478677969512,7.171167299130163,5.39822625738241,11.482356071472168,-11.97383369244741,123.52099259000924,41.51994064475703
16.2315347474323,12.32178237162982,18.9505341818516,23.366050720214844,8.562116874406335,9.199561011432102,-55.43946538239034
13.722560260960769,10.620820339365832,20.554603123177728,25.75603485107422,36.0581316164975,75.51881843757923,-51.1962436615467
4.617695604085353,3.5043666717097577,4.61945409628232,6.06147575378418,8.742463266868699,12.814924605959337,-37.04901791497327
8.288131254322058,8.639531433081224,5.604746640034228,8.256168365478516,26.48268384767683,34.25945466279358,100.60634896131315
16.407481261879706,5.014184161069365,10.665346199688738,11.842999458312988,39.20965980561356,64.19337556077662,101.86311298401603
-4.363266701102751,-1.1208717244755548,0.10927321537761844,2.3657336235046387,12.763026092945978,14.154607707294417,90.00155301912496
0.8431145236055533,4.877296905803839,12.465969291278057,15.458967208862305,73.7344489147208,154.99587682403435,174.6131712036761
7.830238960658987,5.474090053028358,17.378410520959832,-2.9819083213806152,-84.38450000812382,-62.504209113374316,120.42495391560465
0.4973398690071906,2.624596399600384,-5.680112118318413,-4.236006736755371,54.95013559728931,-37.436301950273666,-13.421152231648566
1.4815677112490613,3.7738741311973127,1.527443757718699,1.683478832244873,-7.358552808119153,-78.7519621281949,-44.906559572714194
-4.684944940032102,-3.0924118251838784,-1.6349957333829488,-10.003889083862305,-59.499182452728725,-50.906319414099485,-49.38111142624758
-12.622839039502876,1.6917734596658187,-13.67764075615225,-8.98497486114502,-0.5056436632402775,-90.09752733516883,-50.46186708076359
16.992072163202092,4.266358914669181,-2.148917147180412,-1.7194428443908691,-1.9402137475175079,47.92414802401341,166.21357074067365
13.25275651067389,5.367925005687643,2.548818717883539,-3.240457773208618,8.99625587341786,30.88750906076909,44.17114489084797
-9.863605928625697,5.027268274724591,5.977290490878427,15.273747444152832,52.02631673751838,77.98809722312195,-48.29638030483935
-0.9224123018920001,-1.4478822621202914,10.608364237281698,-7.368305683135986,14.877486402235936,50.027216210862946,42.32092002599126
-2.7444288508639314,-5.029434511956181,-23.915538896783662,-26.40052032470703,62.32770802959901,-43.96386511940461,-56.001004259494614
-10.896609436633929,-2.654482133724369,-14.6495024469962,-10.484874725341797,16.419263004678808,-58.18489963266594,-50.55840542188958
12.544098476419693,4.116930849763432,12.488351655883985,23.863801956176758,60.43106058829695,-63.89712319493666,-28.051448428201063
11.915077196853808,3.480330367407291,8.837353995736276,16.195598602294922,-8.101273439563567,-43.388751622849675,-48.91566459000408
-1.4041467977549742,-2.9849021873250834,0.4703689957082762,-1.7342355251312256,-38.153599588597864,-3.9969035641221056,-52.302250705997764
3.6380394921796366,-6.492985682818007,-2.8468886669951847,3.943500280380249,31.750427630683884,82.18883431949996,21.501604530644787
-1.9148910151159282,3.057417561863264,-1.8422967090198719,3.8515701293945312,-72.08587202899379,-70.01343379894823,-50.208529886529035
13.288852454164607,1.6749058864662236,4.504101907366621,6.2278265953063965,19.830980659717962,-20.806698003434295,-50.872057701199346
-0.1511961934555981,-0.01157465290607494,-3.469713943403351,-0.3555138111114502,-60.69945068313978,-38.96457016713,-52.237014865712474
3.7848196010266637,4.4786686269680285,7.460310213003835,17.332691192626953,-0.045358115998513804,55.702405308313395,-16.117180533624428
-1.1149433223879568,6.7812662715467305,13.267177040744567,2.9083738327026367,-31.159117211418703,-21.59438868514055,-46.39682296133008
1.118827501482471,7.869939058958421,-6.479725753741309,-0.034792929887771606,-18.117666904623352,-65.4148827795595,-50.41276819786675
-3.316967282930782,2.3546405928458767,-0.7702508218580084,3.3018057346343994,-13.493658800513249,46.96110973225929,84.3703552859798
7.435843776408997,11.406377449432979,15.867025043989232,19.06217384338379,75.99385131861986,196.29494147038835,223.84464125117694
2.3316907657236836,9.453865437291872,16.96968568167336,24.035465240478516,10.602799716140998,-61.411463208543644,150.71632720132394
1.722109043187668,6.033654354911997,7.86855418463412,8.279535293579102,10.426412074158687,-33.0810813178581,-43.80184255128883
11.973430184393411,5.945287013322635,7.246987130204298,9.429292678833008,4.017400710695998,35.41273734710407,211.32972580266127
-7.700844433809012,0.015441738476064249,-4.085570155321131,0.1548505425453186,-11.867467754141702,26.700373058575178,-48.93585064773727
0.08230996755804898,1.005426243042981,2.284938282694469,2.8842074871063232,4.917837622613252,-50.095833439336765,56.51624628778962
11.037499298511102,-1.1372135777943582,-6.189315354484791,-6.854559898376465,-83.69138334850172,-62.65398971231928,-56.867041019814344
7.079327013876478,5.922058631138075,8.580534937781444,16.091461181640625,9.92453298068855,25.807562308913127,-54.63756531100842
21.076249420017607,5.965384167102882,3.0798103255144427,4.133434772491455,102.12924669128567,75.7938330168687,-2.9461286578823938
10.18348540054088,1.4654902684557953,-3.0319201391871236,2.531595468521118,-26.558718108673013,-28.127121896029404,-47.37731210913584
7.710706842956512,4.11006509870767,3.8133856409338103,10.611565589904785,5.085848367721001,3.424891634914514,-5.394188007240372
15.348814164049184,6.992718860515338,18.46900675754604,10.742889404296875,11.208379770332979,-9.96050177946973,-49.049716882924486
-0.8165167364833577,-3.2368389702440408,-14.495799757070424,-13.436286926269531,-28.244534672991115,-38.42349859290367,29.076278200046858
21.72925990519875,5.611806913774312,5.659048872601368,3.9486007690429688,31.357830166701724,-6.401668729980847,-9.805450772271127
4.830907681706603,7.761915021996941,6.2209015413262625,10.436278343200684,-6.545284388859333,-60.73294089858819,-53.50691019409178
-3.179738611839923,1.0322241425424643,-9.706594569475055,-0.2035502940416336,44.15726202354877,-10.468798848802493,24.610482331236447
13.61499450165807,8.366578534076885,14.20974617461709,17.021188735961914,73.88631480085861,34.531463130456125,155.85012177004992
-3.1000589998328962,-1.0451738642065111,3.408147085770476,-9.653594017028809,2.1010937164657038,-38.02424086635865,43.884424308042306
-7.834569989513625,-0.5904183832937929,0.2573383805276687,9.274353981018066,-42.48972851767434,-25.470447884259908,-60.86391959212755
-8.38242795663253,-4.763210383995812,-6.635948173783798,-14.457304000854492,4.378042461876882,-41.706607797713325,-16.24888666239074
-2.550249310194533,1.910036087058847,-1.1687010482459133,-0.640301525592804,-46.858834462981996,-34.84776551209981,-51.37045448736395
-12.067292490191063,0.6954151423192585,0.4735381117002078,3.596945285797119,-34.186156131630966,-17.170853529602795,142.3833910160827
-8.023012144196647,2.6034230029703016,-14.342729178314421,-10.163522720336914,-28.63236034147343,-37.321479760608256,-60.02665714452821
-9.37422571446272,-0.8079725218967776,-7.174902816872021,-5.018885612487793,1.114101238266477,-18.76031102105548,-53.759021229548814
-1.937983257081237,1.953363533327481,3.115722716308539,7.0934834480285645,69.36862879758228,10.09827535980609,15.523370357998045
10.65128015674828,3.0515100744410106,1.423772539017709,7.118000507354736,-59.57034012285015,-15.074971260487409,-52.86402732082478
1.0031603264744167,-2.013259353082756,5.790171448055021,-5.863704204559326,-12.648416935116536,-41.275797090198246,-49.30779555598739
-4.504497822121744,3.193755243563412,13.142174441812188,11.501462936401367,-7.960735455894184,38.683548992925985,-54.48151489586608
-2.650226608726781,8.020959533764461,4.275114308550342,8.592638969421387,-27.143486477872898,41.79681271401324,-50.804222229768335
5.627342345883855,8.705693668153192,15.804791205908456,7.188506126403809,4.45047248191554,-1.047801398764324,-44.77915478011436
-2.7269906252466125,8.510364221872903,-6.278776776390537,0.3357912003993988,26.771827566517764,-17.671651688143243,-48.81414160096827
3.109838428240293,12.983325762437316,18.669595848323315,21.45696449279785,78.44517921511374,-1.1754565954821827,62.510082689725245
-5.752549169938876,3.3394557230305226,5.304547732286202,12.33716106414795,9.045943894728158,-34.67754621715666,-55.06795497543381
2.3689232283775983,6.96274801933494,21.76675045730449,10.389548301696777,10.417154119556924,-23.24323903655686,-37.35328109120939
-3.006361145467851,-4.741761104118864,-9.16237821311847,-7.355955123901367,-74.48086366389386,-52.96269743053714,-45.56374462984129
-3.6671566646239384,-6.180292764348578,-1.3252164834410691,-6.252200603485107,-9.840222712326858,0.8972923035603853,-51.74153372716563
8.036410332326776,-4.210320765362245,-6.215542850532532,-9.203102111816406,-33.6578166334659,-23.831785257587626,-51.49382705940199
15.979903801761422,9.270817203312394,21.099705894441225,12.61340045928955,58.170112844369754,44.214037127052485,173.4011902584707
5.333429274221098,8.481997676109136,21.975143359514064,4.053645133972168,-28.853077277657853,-19.626597721959385,-5.071941002871302
16.34419994330213,9.365582590565724,14.85562378819081,7.613896369934082,39.252793160529954,22.26046299342709,139.87477463847014
13.333285474051007,0.7953530523294373,6.679437283768389,4.889241695404053,59.46409992898683,25.69542753493775,160.53005400998808
-19.965429439632135,-0.5922807452993285,0.09858990820649843,5.0889892578125,9.210772628624841,-8.222253721334782,-48.76865660208879
-8.059768570596352,4.600745244308675,7.977151139334085,11.081218719482422,20.87928179062083,4.100329405729821,-47.73833880062293
-5.479380862155472,1.9989080930839949,0.9003856101704177,2.239985466003418,-4.835174154297068,16.77392267212481,-48.74716155859388
11.384584003212813,3.1116187822846078,33.87381369602806,44.25808334350586,63.89318877974964,117.8091954758517,212.6192046851999
7.030387316684391,4.397235584762963,8.79079325761049,4.649509429931641,7.837225901961956,36.00144010403341,60.469899759913744
1.9943111698174965,6.136434875899019,19.21124326024011,4.666038990020752,-2.284332597211527,-14.605622368585408,17.136872455674446
-9.959056935755973,-5.273677335388272,2.710525352159536,-7.435690879821777,32.381637879872606,-28.106044328385888,132.1172621902302
-0.5152239758445971,6.158344937439752,17.08997451773531,11.405489921569824,99.96078823227826,-28.571457748619657,70.97049497407448
4.628598801387828,-0.8981988265354142,-6.888398216184752,-1.2150261402130127,19.005407162205604,7.229845535787072,-10.672253577743442
13.963050565385183,-2.7602943581075774,20.873973124100168,-2.0000317096710205,-1.7819997031617176,-10.131150242620137,-63.91560374802233
-3.6749653876490154,-6.730756468506043,-3.303853257294405,-14.649051666259766,-2.4897822310823208,-39.67807424094961,-50.081938615906054
-0.8263885099556758,-4.818765917117726,-15.39733841933973,-6.1645073890686035,110.04984279525102,164.44434179083916,141.22807087281504
9.234820531232767,-3.0846945019528222,0.7023609827240359,5.059944152832031,-17.61728065109584,146.36730579948235,-53.323636864786685
8.963629997002496,-5.880505545029882,0.07726440985142233,7.599809169769287,-21.15241376686663,99.9826331284551,0.9272732539380619
15.00637256206412,0.9034949810607581,9.169439967878878,6.761698246002197,-55.21733337339648,25.74485214224604,-35.0199477920166
-19.36042490794714,-4.393151983794929,-17.95647621783054,-16.965166091918945,-94.46295422169756,66.52555850884173,-56.569730105962726
-3.883411564136458,6.087435266800519,12.459644866606604,4.473639011383057,42.26612731090735,13.163800111770913,-32.65853565969019
0.3159000722226286,-0.8187130085424137,-13.580206909559788,-12.127409934997559,-46.51751744799246,-30.476609497361327,-51.22599617485786
-6.507248892458106,1.4850473733415768,-9.232679460910237,-0.41805893182754517,-56.67306660427251,8.602682482557453,8.657790877201174
-10.7628420257979,3.2330874156221205,-12.892176067157395,1.1708707809448242,-46.34281627531984,-2.126804291769886,-44.20711779266197
9.557439954242513,10.07950099806403,21.22372458460281,12.71878719329834,1.3575649047338674,7.064011788563058,31.59945649230023
-14.092234069009626,-3.35699992317725,-5.988073554039324,-7.418163299560547,-14.642453676860134,-54.78539208512297,34.18862873950696
-16.895376988444593,-3.5091348971072165,-16.190622154559215,-19.35348129272461,-36.77672877771903,-38.758037756400945,-48.65017173702013
-7.271096397919008,4.116021020863199,12.047446907007552,8.442927360534668,-28.115521582191384,8.526313367697766,-44.715831494964405
-2.220968616275753,4.5468251680414,6.183298701291387,18.32051658630371,8.334515045300495,-6.932146298443281,-47.567798297158284
14.784912308424957,3.60251077216091,0.8242221170321634,-4.091989517211914,19.15594840501676,-18.35164098521108,51.16042612520409
14.844696386344445,4.3752522105204426,7.351335979813109,5.431716442108154,35.701925343190105,36.37363118033226,163.80849946147546
14.664965741767936,1.3814183647940006,5.211298306134941,-0.3702247738838196,-53.62076889285472,-63.781822697263614,-48.061175350169464
-0.18438521894831883,-2.1794043955591857,-11.504075368466866,-5.4167561531066895,-99.9472707571333,-97.86945872186513,-48.910113375584736
1.3786734906498577,-0.04179768341522001,-5.935971105203767,-4.036934852600098,-18.18485690463802,-32.28890749957035,-49.082281483674244
-3.432568491698281,3.3090201775410852,2.7182226589582683,-1.0090986490249634,-42.092230682527564,31.54814312828499,211.23939590595828
-11.581745691179831,3.4761091896908534,-4.277554455126226,2.336273193359375,-29.0175995623439,49.5870066323579,-55.21501488729691
-4.523062311933865,-0.7212127926315328,-15.747066947144821,-17.714323043823242,-71.61328835134297,-44.339023024807595,-46.171127768442204
-7.241191023162843,3.937437367069105,-7.247394170216859,-2.4601333141326904,-22.9160471124708,-46.05506040314106,105.3440554891985
7.741596850977377,-4.5996818986273444,-12.088386538696732,-15.82720947265625,-39.443983281599984,-29.01259878860617,-50.659116952749734
-9.117360453114353,-7.405736360645997,-15.675630876228022,-14.468935012817383,-57.009852882655345,-1.4806298187207463,-40.88721637695329
-3.732717406319006,3.1654000626552965,0.7866590364435476,0.7215489745140076,-29.356462039222713,100.63280203348488,215.08928106258136
8.434882378955876,6.024586994495985,7.572726501322122,8.47258472442627,-28.20439005336358,73.48213166782628,145.78873548778412
-6.713767420770653,3.5291956964943285,4.4866823526014885,7.617390155792236,25.524866858310666,-12.65006739571832,58.80936796690848
10.291826467919645,2.3840196682338526,5.078831839278684,10.6546630859375,44.1792926814318,137.79127667267156,30.184639293820176
7.7435110936253295,2.612281426834287,3.7411206216029416,-1.2106987237930298,46.56172175707212,26.556635106371004,152.22843321165922
-11.51383337743412,-5.380565656186106,-12.262073877178857,-8.912487030029297,-5.5899385673765,-9.512805900965896,-52.32210614787132
-6.555723822158828,-1.8656364041688895,-3.5555893032666708,-2.3994791507720947,-62.548354108518886,29.993717833673394,-35.80633483009401
-8.141151911332903,0.5044476938158307,-3.077964050713204,-8.405471801757812,-36.34389990533071,-68.34299376260556,-32.778007533240505
12.42176859431585,1.47886582074198,-3.829697977972861,1.3610920906066895,-24.182088523736127,-29.576486835913094,-53.87835912009744
17.877190560195277,2.7697919926647985,12.835537008379049,10.733061790466309,32.54463809333605,46.734094802902355,133.30153764841052
7.829163915958542,2.9839998112522075,14.323006737773648,6.227549076080322,3.478275041357335,39.05273380836929,160.67492389190426
-4.905821104685879,1.0976068662362661,-7.907080745988942,-9.851000785827637,7.014270601602489,44.68063161477817,14.316067006529227
9.718570565236421,-1.3392536217526798,-8.001317622571941,0.9985795021057129,8.81429032980099,61.98431740514837,131.3335410000859
6.568710826199991,-0.5354051021643418,-6.663822232829499,-12.008719444274902,11.752934166527886,52.686889258038796,140.43046443726288
-6.8778311382523425,-6.663575328016334,-20.88595949265409,-19.21370506286621,30.766154438562157,-47.640603643597586,-54.23943718901416
-7.180461661723946,-5.1308806245149645,-12.90929647282888,-10.261164665222168,12.55471384526863,-47.80065876203664,-48.78116643424032
0.9727903094799986,3.4438265338132887,-4.703167853954636,4.756075859069824,59.666443284393665,-11.595153075244244,-23.152925923194054
-0.09975014923139391,0.5213123748933216,-5.094966379479874,2.1683778762817383,62.48131075777231,10.56187477607735,-26.052339871366854
1.517069903241543,-1.6361448258795523,-10.29958612876931,-8.649279594421387,-18.532749399443325,76.7358514934276,-50.6453605225093
-3.2849930635360103,2.4301716239212587,4.570652442688702,4.396688461303711,-16.641721567277802,-26.252567596995092,-32.06125588872748
19.252325182747903,5.81890457538462,23.837139779228707,23.417770385742188,5.59226600684471,123.02764207472332,131.78493320096885
5.5605589493986844,3.1499740306852293,-3.528466592435141,9.45370864868164,22.577649613700544,-9.390064934165157,19.849531710252045
13.533841568386272,5.91709911982298,0.8541008739133436,5.3575286865234375,48.830868944500075,-40.30024146029112,150.73894755289953
6.287558497191715,4.230878824276933,10.112584065311946,6.0907464027404785,15.62917518809677,91.60444107173511,-45.96453178861004
6.423755403757928,7.332924437540208,13.47168981740619,7.885950565338135,-23.988838996559572,61.38656975161967,-55.77623627646265
-2.956901538116833,13.990885496623747,30.19198625824744,32.39722442626953,23.01513808024833,40.110811645352626,16.675423678432022
1.5478336022593548,9.690830217499137,13.572141683581025,18.883390426635742,0.1082583443524835,38.069661980329975,64.78597375462988
7.350323860390011,7.694059282639987,4.3096260312825505,4.207830429077148,-86.12592271015225,-43.522103375842725,-33.704162632783
0.42945041887117763,-0.5147763207045757,-1.3660749448469116,-5.884169578552246,24.456766727262586,0.3800348964860665,161.7320226274512
-2.891197316505516,-1.032769772401526,5.5264027752266625,-4.50194787979126,19.102864709093772,-5.412442319301117,-27.111736147812955
8.940430530906314,2.470511352961589,16.00344006437436,16.150543212890625,73.80388251563114,58.0160230550186,142.15282543477272
13.078510969846937,1.863676167564237,12.709987560643803,10.217921257019043,18.26658998558871,-37.43092029750022,35.47579988035001
5.423617910825877,2.131701059512782,19.930147576042284,3.539557456970215,1.2992143843677066,-31.842279889807653,2.386848661788176
15.330643539452712,7.932552825464154,14.494059350067841,12.651269912719727,47.05279196502966,59.862440228767056,22.464282540995143
21.50750234826629,6.645282853347669,18.095840761947272,12.983277320861816,78.42897475560548,12.87709352261764,-30.0585484206783
15.58715770971796,4.05813492611131,5.319905318210678,7.359742164611816,38.947038806171754,-83.1696005662672,-47.52483095039479
16.49313004594694,9.725279248851086,13.850725831152548,12.313432693481445,-98.93711746179754,-7.0081488662887255,189.47987019277568
0.9228923241535472,2.041263911124778,4.215045163205427,3.76845645904541,0.7587348648269723,-33.89189762146673,-13.664663074930594
-4.990378343508122,-5.380439898468916,-5.354718090202871,0.38011613488197327,18.535918089914546,34.03224431390149,7.283953449041518
3.011683054551562,2.7378555319029334,7.822099387930053,3.0471434593200684,19.89967348497612,23.54017476330117,21.155555505417208
1.8280381908137708,0.45396963415222996,0.14102879690809866,-10.01828384399414,5.266222977492564,6.1011288107388335,-21.30565009614806
7.022452268510517,5.580078558224012,23.316816156847725,3.9958629608154297,27.11375594470431,179.82973241193287,-56.42644377686028
2.0514220347490566,-1.1532588925949487,3.0610944608707817,0.7034423351287842,17.756531696253177,-9.835795630586507,-58.048385681039804
4.234811962640848,7.853775068538765,44.315966057404566,22.993310928344727,69.14208770814716,161.2482823370572,166.8045025800483
9.066397101773152,7.589821706402784,11.717549356555342,11.150163650512695,25.85124475054746,26.49151645674411,-1.329227509795422
13.779891323047867,13.623333852695803,24.4992815303486,26.07511329650879,61.99077250271403,-9.559882906274883,11.65234563113049
7.216634046995881,9.53813798390377,0.3449489243149006,-3.4288206100463867,5.280101282652965,-15.099718223589017,-49.504608741989095
1.6504244366787688,4.720384207453603,-16.230123235567742,-6.543605804443359,-9.33373603369882,-34.56652492727546,-58.041017592093084
6.766457613677275,5.927948445574888,17.335351813667046,10.259942054748535,34.560910529072544,-61.65104315507187,-61.57215332194694
14.279703646400554,8.252374826789369,26.806574558057473,15.377519607543945,40.648835259528575,139.68783984418783,-58.91455206087904
11.542688188926501,9.648686786093306,19.360851520620248,19.91984748840332,52.2938623127798,60.28732364819315,-46.08915438943383
-3.7481872225419846,-1.2032563459712113,-4.5821444505141855,1.0178983211517334,-96.86403667265326,-93.60982339020238,-58.0642867378743
11.343701772580575,9.924801678705188,13.605138467671495,13.248392105102539,12.736144024862034,-38.85844125626207,-58.94477772966456
10.039027705476801,0.7088120289900693,3.928373064486777,-0.1550612449645996,-4.585854019279896,-17.552733368258263,-25.962385040498777
5.113877754948499,8.30327508147088,33.68362436916402,26.88822364807129,-21.67710665302635,-24.80373704726448,23.053322869805882
-6.8249846512947405,3.8493955036417016,8.05737352005359,-11.878558158874512,-46.953228058366214,-29.09612282502164,-62.0662535580124
7.5807938399596315,1.5841026271529146,-30.63578006370214,-22.61837387084961,22.556300127442565,-21.721817062295017,-48.46316193194343
2.391545492501214,-5.366751326497443,-35.08713392419491,-37.63344192504883,-41.5315327018351,-25.45607009490898,-49.90612946484349
16.109602511400393,6.473778934965722,12.277542076373472,18.009899139404297,-51.56889827747593,-72.686449019382,-57.421008515626255
0.7103974523215151,0.39199290539120163,14.218002935994088,3.3837451934814453,-18.114978687472732,-40.77406528809658,-65.36888210911523
-13.058732006138294,-3.9455806553253896,-2.0153969548189017,-6.58102560043335,14.445307971763105,31.4861511142246,-36.31067650838023
-14.323362007304498,-9.621787585729233,-12.263522534424999,-19.058958053588867,-42.96218030977658,-56.87352668821954,-58.75801482975014
-1.5998709948843215,-8.064670667760488,-6.8301605626705735,-10.095312118530273,-26.675700206619723,-32.25818828282647,-56.34186643847831
-3.1612942572269365,2.899272054862667,10.005752279246309,-0.7144543528556824,5.07724248028288,-53.26184722214968,-57.09043796160327
-1.2449054857858604,-0.1975992913060817,15.900150263182578,7.763389587402344,-36.156617949562914,-34.1136060623551,-45.59472080793808
-3.133929892926411,-0.7744699646260134,17.683195734126922,2.860311985015869,55.35044907754404,-75.78842293685202,65.94866835675593
-13.430344187360843,-9.29324011424326,-18.467889313762686,-21.804821014404297,2.4580005301360845,-47.95056093515272,-50.724806438493566
5.214244200473579,-4.010518441886062,-16.978304773174496,-12.91122055053711,-12.284627194037201,-35.56002126186783,22.92639361713275
1.9306240695631027,2.6224479223290422,11.851581506793154,8.665288925170898,-29.214438657491563,-79.39654349200195,-46.56480675088834
7.336723498724333,7.956548101650031,37.44257723356986,33.187347412109375,52.797751940544565,63.557683942114316,-48.32763388784647
7.904160860201583,-0.31935467043863913,8.849109672349165,11.032543182373047,1.4446601607878242,-2.97330256841821,0.2193188829755625
9.358264848423726,1.4168873801258202,20.250230097054885,8.611772537231445,-67.15212957097373,-0.5992180523942026,-64.53620872498377
-6.579687546649141,-6.94631627619118,-13.177421303944643,-11.869719505310059,-52.09905628942921,-68.23319309234836,-40.60181170047507
1.4722709552310265,-3.454228052073478,8.212372723397444,-9.933335304260254,-24.079611809068844,-43.56887850021874,-65.8480479624643
6.792972973450136,2.011681094580391,12.465144319873078,2.2647743225097656,84.75343177814509,52.18684450904138,172.26618510203275
-9.093538157343927,-8.71523042680857,-25.72437407018396,-24.80295181274414,-40.98903924268908,-61.03909640333286,-58.646649248358315
5.00784272241604,-1.7967880221509431,3.5018393534797396,2.335817337036133,17.55566148983214,-27.41142118643172,-54.64557037398214
4.962491053205456,-0.005487948535847552,3.8123175735274883,5.687288761138916,-12.27206294592371,-16.069402974680532,-53.432590142464406
17.356235954953018,10.756697935522636,24.71653209346071,16.621763229370117,-44.378557118666016,-99.55830168089548,-50.11727927572526
7.510027229054407,-0.8279396371142622,4.274993481949984,7.484733581542969,39.65623163366005,97.4987932689252,59.801864693274545
1.795121856700555,-2.7654892445557278,-7.1858622300909705,-7.418912410736084,14.834177493077519,-18.781820891194815,-51.55012957359715
11.2865257779855,7.186834270032552,18.244082115612198,11.10617446899414,46.48844010955792,-6.7795191533767865,91.87855115149766
11.858513802857866,10.892840906444693,-3.1475463740771383,-0.987830638885498,119.36668163707668,78.21481310356326,57.32649119680554
20.0606822496211,13.954900195244615,13.165769940311074,11.059186935424805,36.40971037904975,101.1970481606739,166.58380281647288
6.341784063211086,2.5295199965779083,-25.023238992704268,-27.8030948638916,7.272465699942812,26.241005887393275,-53.09355281003958
2.9230572152927943,2.002949396771627,3.7896326077376705,5.108074188232422,73.05571782274937,-26.219844988822697,73.9329726038018
6.562944761386233,3.503237925646719,-0.3544856075341355,0.5200052261352539,108.68761155729294,107.17925640136556,126.97465841951465
7.717228040371562,5.055933450879172,16.56414653301821,5.5441083908081055,13.319437080597352,-11.40994297515341,-56.07863884330763
14.5885548815584,12.609626153468133,4.787145580302775,22.585433959960938,8.37612855031127,23.692417458280023,-10.763652756659205
9.116364218588274,11.845343685145426,-11.038633413014535,0.8541534543037415,39.89478655895146,42.04380957851863,53.50804110176975
0.9049128877556185,12.717139661486236,2.300736205334495,1.152160882949829,1.4972697937045236,54.34099022547712,-55.83905898022856
11.797482285184477,12.497455185060021,-11.702197582795787,-2.2790236473083496,-6.216687897731547,98.03804289587737,-22.464898584749516
11.747920814298364,9.395986136696033,-17.641138046143205,-15.892162322998047,41.37621314785029,83.24364495443957,-23.175222232633
8.116388055346858,-0.20253055968550795,-22.33817997473435,-12.64842700958252,0.6398081588758124,-29.39614727419026,62.975934608626424
3.8074227668810448,0.43433742489464483,-23.42384866379292,-21.936315536499023,-14.04521005103159,9.320233644658085,-7.870976551598462
12.774311630582023,10.924132222099942,10.97339528812901,-4.493688583374023,17.918508211909483,-48.636882985036664,-2.8694141944931513
2.618308739463221,-3.453818873566498,-20.059848690228815,-19.046213150024414,-103.28897607628245,-68.829658328956,-51.28073044755778
5.288163947034749,4.886052175124091,-31.038029895432032,-15.86313533782959,-50.99842277800272,-58.8832884585445,-34.42076913575916
4.1278521652539535,2.2404485862167847,-19.790680554766617,-19.173423767089844,-59.17744692749955,-19.097779121788683,-56.15476092194778
-13.797021509994753,-4.220367686357631,-18.154974382936615,-11.642723083496094,-92.21739583753413,-93.22375573044128,-59.13522500565915
-7.175902907850753,-3.3658533212536272,-31.241564578286653,-18.247129440307617,-33.579429099700185,-47.128766510010664,-24.065736511368844
-14.20233304841388,-2.5728719636040815,2.2539551176280606,-2.8384294509887695,-63.53166966895672,-36.070432332764454,-50.07057473912701
6.922900764176692,4.094535963515619,24.561183486923213,12.728178977966309,-25.80420963623924,-43.77105425187015,-49.14075275995144
5.715922682428322,2.004580729107722,-14.4278967651541,-13.923120498657227,11.835810771051575,-20.37568112106565,-4.495183002609863
-0.017388769025921347,5.195895502093286,2.8953861230545272,-0.4601895809173584,-37.0773595286095,31.98972338413224,119.60863395068135
-6.862708526595356,4.587902525184762,14.178453356259162,8.841094017028809,39.22594623826949,74.76882642989978,3.9482033396010303
-10.631098039787597,4.360752951498344,-4.0471665636943195,0.10687372833490372,-22.42716011706178,-49.21034790912951,-55.1552536465593
-19.257245813991933,2.7628472335072227,30.854000144179444,20.211925506591797,-6.931380290703682,-31.994126430276093,-48.90235259386107
9.538406489816563,5.442702534184941,-16.3918040042727,-1.5374245643615723,67.91474937552506,35.47047698535179,20.020888811572572
9.334007463077947,-0.2325469100334522,-21.78089879877282,-27.62803077697754,-41.74386950168549,-87.79121997148923,-57.43915052337142
8.142453378639333,1.7963197071308112,-24.90934714173666,-18.08935546875,40.68157642005556,-11.18174528750921,-51.856464373037596
22.577241180478953,7.5734657796491485,-4.436366108344233,1.693124532699585,-32.94573656635679,-92.54499713228685,-53.63843152867085
-3.954715335845072,-0.6620482587605552,-32.25898655817494,-23.2628173828125,-18.124239687326146,-57.20181003180046,-54.48954901505771
5.403866694054894,10.447958547277523,-11.586098887510097,-10.5632905960083,-8.961118668748401,-28.29089866273912,66.5113685397219
-2.9773049259763145,3.042021786927218,-18.689531202602407,-10.528660774230957,-9.296080226240935,-33.051341833057606,-51.105117578069475
13.396282668924671,3.9258744570046233,25.69961202598663,14.53687572479248,63.7978158661735,173.03795896620147,334.6730755350578
-13.902340057931214,-3.8873083496076304,-8.82747914848309,-8.303315162658691,-41.08045342115219,-19.313224219977528,-57.01676102593625
-10.778394972474613,-3.3115195740945764,-11.254607548331077,-7.029306411743164,-39.62819330572679,-32.27936654512348,-56.62508126195901
-7.121246712171504,-0.8318996846413557,14.230420300899045,2.405437707901001,-25.922849674004944,13.788811441517051,-52.681311180194626
-1.3355934341096771,-5.529942254113205,-16.83754590190306,-14.496214866638184,11.02326042599458,15.499528686615013,-52.44330793155781
9.919342898370662,5.3480277857522,13.733702225063869,10.380738258361816,-5.627774507640006,3.2145294574815204,-50.52945747292398
7.8878821085312945,3.4465177934611924,-19.11645839154079,-18.340566635131836,1.358197562031552,-87.18790061211432,-53.879604219752764
12.489869327158923,5.8570074761852045,-8.091489669106606,-4.98683500289917,63.022237236094696,139.8288798376055,-46.42359908691283
26.920479578355167,18.806113043756184,6.158886385303069,14.54889965057373,29.395238759803668,2.2907489158506054,-60.16720042560226
4.779859961735961,4.240052862710037,-9.623632598303438,-20.23066520690918,-3.207956959094746,-15.771199712840096,-66.8924120380557
3.830504465089354,3.471066057526771,3.0584731897986486,-7.812367916107178,71.68449102941389,169.73048996735585,-17.151689219490528
3.853682899850515,10.832888032012153,10.847052003523455,10.16958236694336,51.39275931196173,-34.99245732032347,-48.325390456250965
3.8780219610054836,4.450170085477172,-8.383785076791096,-2.889308452606201,32.96063728953928,122.6379263786378,-55.47523204954583
12.396395425527725,10.452298027312203,36.235859165142514,40.333526611328125,28.538371510587965,78.7705125947861,-26.275088338167738
4.138840829747299,5.507101940319745,0.6073746201726132,8.845309257507324,71.65919192597194,147.59152012366815,40.60680573030346
8.134458642773586,7.42392964994739,-12.38590571468776,-19.538372039794922,-37.61589359857649,-20.409169850900188,-55.30291893958584
2.1516545047964444,7.444679477366488,-15.18045385412831,-4.436046600341797,86.7851294376626,-19.7578456890441,-44.66743359851863
16.132863096984078,11.371552283991353,1.9823799048440958,9.303304672241211,79.53880922093856,-16.24358388552186,-56.12271592054226
4.931304311065679,4.207381056117144,-31.07754921854013,-18.694793701171875,-16.669614445975462,27.450615487031946,-63.52877255576324
7.351146305359865,-0.017225389161032195,-20.37713797970965,-13.348601341247559,40.97746339764134,11.655141858695979,-21.458639108247283
1.7087159551001758,-0.34656119528384804,-21.072667950283012,-18.390100479125977,-61.51645556494369,-8.906777978693993,-44.84016753455316
2.4991614348972,10.241223182348302,-0.575719710177901,-4.102877616882324,-19.41831202719127,96.66245111647223,-49.43664131703463
18.360099717455324,6.832235992449929,1.2320922770214129,2.7599940299987793,87.938882915683,99.02587119209464,183.42316810905615
-0.7586011482950628,2.380705559062436,-13.673257371623457,-21.535202026367188,28.950564126346787,22.546615406196825,128.07801206782793
-5.659512914902485,-7.282972672330555,-37.447653779164206,-32.84467697143555,34.887414909790046,38.22741771773486,-49.20991655303924
-15.18774524563207,-6.299976747665395,-25.52984196622054,-27.113359451293945,-58.68722535629117,-12.59017342077099,-60.72079925432436
9.022786591473785,7.031172081824316,5.511084273188299,3.081084728240967,65.04084301950132,80.30553035864922,-44.64562364753041
6.040826382327463,7.352936550644743,4.517299894413591,-5.322225570678711,24.28903345005166,93.59554766723839,-50.416498485712566
4.993522672189615,-5.516531328394827,-38.11005241739169,-32.136592864990234,-55.00630923501964,-43.865260017056244,-42.13870300900166
-4.630643599163091,-8.273299215006276,-41.282168200083646,-17.141456604003906,5.2010314981044825,-16.699764948572,-45.164148602136926
-4.779825416746535,0.012459123250657662,-12.743041360073759,-15.729289054870605,-47.612770374209184,16.91227291858604,-46.07544244640444
13.428689651041084,1.2215171001986682,-10.209873289268902,0.40236058831214905,-18.589490895029364,-32.418383535001034,-48.04643573081754
-2.2423848627877563,-3.564539806798211,-36.0204939742333,-25.319019317626953,-47.01505989423715,-62.863633329654235,-13.721719247139008
-0.27098608246981715,10.414041342190467,-11.528833228456483,-3.0523481369018555,-30.994775855522136,-65.58281846202811,-47.43895429659156
6.576334250548446,15.46365450826039,-0.2057088430204299,7.641989231109619,60.67046263108362,32.25552007472641,-55.167645288739564
12.179538136292901,4.927204201077881,1.3978276057784165,-4.830456256866455,59.19532106534654,86.36384677924939,99.4157663444035
3.488251890096164,3.413945030389092,-12.921717587409724,-5.068212509155273,60.97603793187152,135.6655478211156,-19.346331152046705
13.09541732285521,7.291405913394125,-4.729287703788588,1.8294235467910767,137.05886030911216,156.2152903001195,236.87817971496605
-9.98513267512952,-8.360904126361453,-26.7342189349882,-17.576326370239258,-53.15590937936765,-72.35019493707087,-51.00294379721842
11.449896865424899,0.7398484122295425,-21.937774838905337,-4.084558010101318,47.2168101622977,-15.254339497965566,91.83008145444771
8.546448809117047,3.115846053243156,-24.868415453650453,-16.0072021484375,-22.74404955644207,48.28006232583042,-43.53703509649358
10.343887383904825,0.3592338254150532,-34.38330622412278,-0.577641487121582,-25.2521719731587,-73.05146615963292,-55.28101143839262
9.224209698894889,-0.6348793318965481,-18.794428773956025,-13.528786659240723,60.59761333564987,76.26022009363318,31.760130066375808
17.29756763588776,2.485357287852735,-22.93743480509966,-9.9694185256958,41.183413956416366,131.26742132554315,177.0857367254134
3.4391621778896084,-4.681438745019141,-26.867125042276776,-39.550148010253906,-12.698330560761674,-28.762770662231492,-48.41684384333699
6.026272428347954,-0.5970722199114431,-24.700675438361696,-12.41938304901123,-52.08147150011494,-70.50175043687156,-17.593552671574486
8.959815420762695,3.3018420635127903,-18.442186615823992,0.31956246495246887,54.29821286661467,13.99797489884434,255.17580313452513
1.956387215146265,-1.2380588837716475,-27.042616902643985,-21.050596237182617,-21.92142267468425,-0.6030802563470499,45.26883135547179
10.515682384746027,-1.462414203598335,-23.085969785893607,-1.5898499488830566,-1.8447644893918387,-47.08472494551291,-53.844220721677566
-2.0316760049953295,-7.513297708422738,-43.64915867487686,-34.182090759277344,-29.172782639622053,-87.89299064600256,-61.16714640028645
7.178686898762192,2.6067566616557416,-19.676912301864864,0.35298922657966614,-32.81166128835898,9.762046551000813,-22.70483741891206
3.7248717654348864,1.6575829023023494,15.71130894250163,10.998406410217285,11.443166553506101,-35.63494473133216,-47.08648611623406
4.252907865655731,0.09829558781161557,-2.5047277204747744,-1.5511398315429688,-24.969658405949758,-67.20988872949052,-53.532503620110376
1.2632510707764435,1.940466312726027,2.862474603155023,2.313152313232422,-18.852796454609418,-58.29812310998895,-38.257738289841384
4.239531469799936,-0.25735074639969724,-2.421247323597653,-0.13238310813903809,-35.50661367883528,-57.17308793640357,-54.665223766360675
-5.882185876831813,3.7597694116888194,5.341751597824955,19.688501358032227,-12.935054760917263,15.022259945773468,-57.48308953617281
6.0866536873693,0.6666495895114142,-0.8305050758626068,-1.2287029027938843,47.18638507977722,-6.042143030785639,-49.80810531424359
-7.213712453143951,0.44301510524110654,-0.23259827211637624,3.9522666931152344,-98.64572866227726,1.2623356581465248,115.82923935456974
-4.111414521263398,1.0387487045004866,24.947528015399083,5.1637797355651855,-11.71733460683033,-32.626132160860735,-51.349364809430114
0.9713144993505758,7.879730635530244,16.86496798626303,21.553014755249023,47.6792071943012,48.893645441003095,-59.373936757831835
-3.288013942064466,7.717607904258942,11.636387687973984,15.00781536102295,37.813208690348034,70.60949393131715,54.48704568561084
9.045502222030533,9.263611797601499,34.9024609764882,34.37995147705078,46.86006577487548,-32.067892768225036,130.13261267822148
3.780269047698538,5.706591156909752,11.344715787629859,13.273641586303711,25.49924138247934,168.08641206694088,-43.54464532820735
14.73238536556058,11.395915234882132,25.82758519321244,29.961265563964844,33.47795511700617,-15.187361863809372,-56.963254982892046
2.5403341960454213,3.7178624356852,11.584463273891162,7.341080665588379,3.5042604283401184,-62.17176094345697,69.99343390802271
-1.0265075898168659,5.48927391057939,15.266606490524136,4.435479640960693,-53.60040530504585,-0.27641065994281294,74.34419770350056
12.633833096113666,8.52447033753966,-8.080004206490624,-2.4648170471191406,27.523634838656193,-8.23226480481698,83.21966221156846
6.12241632501169,-6.4960121870018,-44.81149548627598,-37.87258529663086,-31.8756870010818,-73.33132491328729,-12.91747271835729
11.34441309921266,8.438738360269985,5.085365508965653,-7.019886493682861,-61.38941135799747,-64.66038407587303,-54.43782763691034
-0.3931539569917135,-7.158686797890409,-39.81517148567771,-39.638240814208984,-131.05250256928412,-91.41444474138684,-53.76174866720221
-7.29034935710868,-1.5666447732741169,-19.12858344817605,-23.445032119750977,3.9484002341462876,-18.870515795268656,95.03782888814443
4.604782675421764,4.840018852671063,4.618925999870495,-8.777419090270996,-53.50520252774236,-63.566398008717755,-52.38931474898609
20.557432162885664,2.8980563895044695,-8.557873465440036,-15.386096000671387,59.18082927106246,140.5291996946915,166.79201157526745
-0.9981005036773023,1.3255644291297535,-8.553589571645269,-26.168100357055664,52.956558410155004,133.37285264188696,7.476539781742823
21.790302552730186,11.838611855556346,7.864198099736409,0.40828371047973633,9.533184477585554,-42.67966642946505,-56.31722144475448
14.351574206106799,8.599323281851797,-13.821246342418918,-9.717101097106934,-4.507519633590967,-34.284942034645034,-50.77878660368282
6.2240908080108435,7.8161961589665285,-15.146510655201517,-9.741464614868164,-36.05037271440748,-9.424741394233841,-59.20080149223289
-2.5154709355634406,-4.550317771431293,-37.69012557458091,-29.10698890686035,-45.284166378970205,-62.43333383874348,-46.65826009812277
-4.814976357916373,-1.1445115205722796,-22.384160818195717,-19.55292510986328,15.635993875469337,71.70751484450382,-56.002387489643496
4.259907211526339,1.2748140879239325,-22.854834208150272,-10.280619621276855,46.209864999913556,121.87069878388415,10.835899160122176
-5.637954622285522,-6.751549200340954,-20.93130522341433,-24.15207862854004,-48.93284765002353,-56.24431648069715,-56.96935682919208
-4.802731627129792,-1.4837150629003566,-14.059474300284542,-13.018994331359863,-20.985262415745208,-5.356348369407452,-47.799938394361035
4.180127046105761,-0.3571707445170909,1.623630796104496,-5.368368148803711,-41.66830312128918,74.12093007247609,-20.63193146917655
-11.793706901267326,-1.3313037628237396,-14.78917087854077,1.1630351543426514,-28.572664586734387,3.4537015197329635,-21.51256637619242
7.529849998361163,-3.425256458781479,-19.001582900459045,-18.82276153564453,-48.99072548239278,-57.628037559524095,-47.59622914946094
2.0626050927557467,4.114870334817114,-11.781354263134665,-15.443704605102539,-29.244275489013923,21.567193944172175,-56.58071225164228
4.664829248091177,3.1516794994644153,-25.996674441134672,-18.233531951904297,12.599214172399613,133.2041998534644,-0.31573273271912133
-9.816860427393662,6.713184518432976,-9.694255496770111,-4.725346565246582,24.667276062101607,-38.57216389451061,-15.34718896015383
1.974336984693749,4.4977401272841115,-14.191580925805034,-13.101165771484375,-35.367695897211966,-46.18043524556602,0.8607123545749779
2.7770831881250553,10.04769386801347,-10.868423525388247,0.5346358418464661,38.2352037139563,37.07525844760654,172.46316338780133
-5.5351894881075525,0.06332811879952202,-16.267896082598146,-10.228816032409668,7.376214492894359,-63.860483945805996,-49.6422959031361
-7.586671987843112,-5.769205943841043,-16.95234173922669,-18.669626235961914,17.393818659086897,1.159041480583897,-54.41650668019023
-4.105199227999505,4.768654838219771,-6.433687384635247,-16.745031356811523,-25.985255900944015,-28.653481659283283,-51.68169540898249
4.769147404138856,3.5309476946643916,-14.781658270089924,-11.06033992767334,23.414412368997258,4.909869223350834,-54.03025134837824
4.166213206281583,5.216925175338956,-12.251020850039133,-7.996066570281982,3.1928451080881297,11.468897717011018,168.34195561530336
-2.011972859671485,1.149635647400192,-23.814360530544878,-21.36920166015625,-55.499772747306245,-66.27459325420149,-45.85420195744687
10.665622647472325,3.372358411670884,-11.6465813351499,-10.729154586791992,0.9273052253453979,-47.09556263537774,-51.33020112765311
21.925994978962414,7.40580038008442,-0.607546330009315,14.916638374328613,108.24894296237767,72.21336837584836,202.54788925279686
15.482978857460923,4.531952046626288,-20.85491806750857,-0.6229016184806824,26.615153725512677,128.94665640254772,186.77576807920997
-19.751098770415386,-7.958891746425497,-34.416293099263065,-16.03944969177246,-66.79760240895753,-37.994116807992135,-58.87560602014878
-18.927018520167035,-7.706778987542162,-36.42087398075675,-16.849506378173828,-40.25383964173073,-9.437036254118176,-11.85899653016456
-12.216767814009831,-4.484611034254489,-7.655036868622222,-18.051652908325195,-33.90542266194712,50.19829349770595,-15.749740718810779
-0.7602692202342947,1.0234743958694654,-16.557821373294853,-5.896183490753174,68.85423724888248,146.2218300944138,173.6460033030141
-6.778840688824686,1.7665828363415297,12.553655702856293,7.98286247253418,-21.811739815989014,-39.07831338336449,-54.6457756725072
3.313576036139734,1.9512363819872898,5.29737257414746,3.2237648963928223,-142.83235289968962,-88.64407292966881,-59.12049966852549
-5.6176020013390575,-3.5496260624422584,-30.138417614108,-34.92599868774414,-26.44721614046201,-59.770593330403145,-61.20084462829608
9.163726120197863,4.954185857096082,-18.069109851091316,-20.950204849243164,-71.70083756311514,15.523212182836039,-49.87515078858376
-2.1946453414660434,-1.0755935018287168,-25.80799644942743,-20.9552001953125,-88.30215629751945,12.63837808378099,-60.405696693483996
6.620489141817413,6.994848474023583,-7.525011813756218,0.06401991099119186,-23.168647736282264,-18.05390517647012,41.032977994610064
13.976661219622734,8.849487399100394,-8.277910648208442,-13.722229957580566,-143.18198596742076,-181.16058977420587,-49.43384528883861
5.922541593102796,4.636866582528565,-11.286501971935666,-12.752360343933105,38.81857834285131,0.9687174029957639,-31.822295732028916
1.0865112997269997,9.251829863074189,-3.229697154467442,-10.056266784667969,13.596351441364034,-51.88164258180886,21.138130537778284
3.506335140469658,6.5667160954814126,-3.845550372478488,-6.162424087524414,26.836817562656798,-18.289296412342086,141.8790944235088
-14.368428810050304,-2.1169213206553414,-34.006492676399006,-25.712703704833984,-26.818154349484608,-38.77978005314906,-54.016115610235175
-4.487176061455521,3.5339985789423136,-18.292815385510607,-13.078817367553711,-26.2725997157216,87.61256755425347,-51.6497292869074
6.98377643780955,6.825215278412952,-1.7196929465603021,0.17254328727722168,76.81175308244676,-23.308186529677823,36.72629948448629
1.5578170482767073,0.09722758238714171,-17.14374001676634,-15.664289474487305,-35.15941026689348,8.308998504338136,-47.679674193377885
5.184301709694637,3.5164333003908714,-9.324218736765044,-7.861698627471924,18.317802734688232,96.04561274765992,-65.70412469722808
-1.6246067833804478,-0.6510734341149275,-37.473708869818616,-31.76766014099121,-37.580447288433746,-58.55389096263253,-53.257111458768236
8.929242521886863,4.3748298977407964,-25.18091921568988,-21.789592742919922,22.577633811991817,19.718737256204644,-3.3002494738189783
6.854597332491275,8.279971097050225,-14.395234077124591,-8.393722534179688,106.6244424616233,149.60971247590683,-51.77232013636106
10.353990399206724,9.994766618488018,1.0845101432825475,-0.2702789604663849,47.5524847425997,-23.911627832368126,-18.25256265789725
3.9656224573780294,2.7785126658386163,-21.28198648414926,-7.865993499755859,-33.426272836484735,-75.66169589134553,-61.098742557762236
9.651573454779045,4.723486065872071,-16.440785238276966,-5.83743953704834,-11.596267689703579,43.361858097821994,100.14453407433241
3.942279217102765,1.4507893769787896,-17.39832146566087,-5.30846643447876,20.96900781214007,-45.287327694194474,44.01614605222841
-0.5227902390942172,0.5203893571453898,-18.149819541610164,-15.330646514892578,31.969472230272995,166.06244435746424,-54.67369616423808
12.595644742231604,11.52173249121931,-1.1717766868300326,-3.855039596557617,87.96033498473416,54.727447525398574,195.52575275273367
14.835998248442854,3.8683582937458345,-2.609009222266436,-7.529085159301758,33.40307674500225,29.02143104601134,96.9348686747564
12.055834059380413,6.688769004283209,-8.297133567501223,7.898608684539795,-1.1916461606774718,88.7520204249164,276.28608543384115
21.179101043316262,9.043860273459055,-19.998330127062307,2.663461208343506,-58.479019042096986,131.11327855886586,-43.55231745570911
5.805348902215621,5.892509869372941,-21.892126330328946,0.07418689876794815,-52.52371361600529,-36.91617569582875,-44.83655637857716
5.264537163593241,-2.7675230598815257,-15.677186948465662,-3.319499969482422,-27.993775249022804,-62.08412668916395,-26.866627698069976
10.21181629739421,4.892881937906708,-25.30985625941371,-16.634458541870117,-11.076979510585183,0.5488782604050033,-58.05447798127841
14.766977870575023,11.071451464217189,4.097364200865596,4.203778266906738,35.057985730025116,-28.207635286147518,-58.721510461803845
17.75185304114793,4.529056090936166,1.0592804261536712,3.305387020111084,-19.909230194348684,-88.38671065018985,-64.84516984338829
4.737488623426233,2.080535543974978,-26.36311400431621,-8.470847129821777,-43.33736004752544,-2.574029313597436,-57.459454885410466
-18.538643361381208,-11.941202207005212,-44.39578421767168,-28.992860794067383,-39.924284440002396,-128.92018081669463,-52.41207362585449
2.6666018174371984,-1.7070708118116065,-26.717972984090288,-33.76359176635742,-30.619831147262126,-59.67402971056866,-56.85884181451389
9.409500255471649,10.181375635261293,12.396114255808746,5.1102094650268555,1.7573340684555863,32.53542872359031,88.53136186744011
5.187729024348863,2.8266837300766325,-20.31543369745407,-19.158565521240234,41.52379407137571,-49.52563025378522,-52.260202169231505
2.19931616640022,5.015761068557675,12.28680329393984,20.25714111328125,-58.40921498877375,33.49657744973649,-55.764182618474436
-6.976525217177493,-3.731897221487102,-32.3193981571181,-24.05772590637207,29.06902848794138,8.021872927275789,-48.92738789390171
14.681317916196415,16.500326195546993,10.69371483388884,13.507245063781738,101.28211312677038,58.56300686276537,119.4109845611464
4.495380364729943,6.913241647052796,-28.761038437284142,-13.313567161560059,-1.6219030739536127,-5.991324780169703,-63.239643625856786
-5.093148393450722,6.234842319872346,17.276681395427683,38.5850830078125,-19.8615557220463,-87.68809113853887,-61.26140367284719
12.629625141474282,1.3202987320652493,-22.079942590984555,-29.986520767211914,-30.28406564898977,-30.78757189761301,-32.8498766853118
-8.271469670953694,3.7870423154418456,17.730451036302156,5.671428203582764,-54.62299704265603,-80.44006156494719,-64.78828748711244
-6.475832065754488,-1.9687450941411835,-16.808365022001475,-26.455381393432617,-25.51163143882848,12.179569682536231,1.6294905015240577
0.14776669760461592,-3.8389202360926604,-24.54728902234615,-15.616074562072754,-2.3359519370802975,-32.9202050730857,-56.63710123526405
8.01563973062025,7.07724451732004,-1.728960304507445,-8.370553016662598,55.623573336525844,18.726605632077327,59.83149276049352
0.9818833376084326,-6.463945961556129,-23.623096923691644,-28.421707153320312,-41.50765174317764,-32.88880463297082,-14.948463789494895
-0.07729838311886605,3.5975117593213612,-15.014778629061366,6.567894458770752,55.2534151640019,81.60049996101652,-53.890309537428784
-0.5254924530315133,1.3093360874610653,-18.697142238713802,0.32637253403663635,65.65350078753869,97.11760756227115,-11.371308488400627
-8.792827416693632,-7.546560581029772,-34.31844212816759,-30.812339782714844,-37.305441670304766,-46.638285537819975,-41.74809121515929
6.542617114802606,2.95496159019488,-3.0696573359940786,7.6629815101623535,-3.299015699408837,33.51473104961062,-50.10190741306622
19.452144315556787,6.377319593241527,-4.99744695361192,40.15435791015625,148.54064600248182,167.31662636366002,175.06736517302352
-7.555115716569964,0.6286385092180583,-18.731261879487544,0.6777379512786865,-40.114734863154744,-33.2312475099115,-60.048914269561095
-20.517937247601612,1.080959753513601,-29.593934549686075,-19.5009765625,-58.50601929457739,-68.41425370981626,-67.40300839440508
-6.386827801527828,-1.87757219463579,-21.684037079491365,-7.753942489624023,-31.33369744908051,-65.80234827811131,-62.19489884879156
0.2451259490737423,6.830949393498556,-12.064040378783874,-10.015952110290527,75.3623504352503,28.57937916468848,145.21386325883037
3.1179252851532437,7.146199058065695,-11.013051414412567,-17.52699089050293,13.891136429649832,-42.683196813654064,-62.3444085829838
17.742208635927373,9.018249002614505,7.914715600834173,1.2620372772216797,89.67029462912626,55.37813895156849,147.50540904219318
9.076362962672736,4.939785775092225,-6.997980815025698,-9.465033531188965,30.522815404085904,63.68458357862053,3.3491236134661637
-6.130040034355242,0.7129246454409464,-20.30183019882496,-18.500797271728516,-30.971856811949017,-47.18784721467819,-60.582141700848055
8.111481421926488,4.507924078720875,-17.581226984452822,-27.07825469970703,68.57716349038127,11.282872265345203,-52.72068877700833
-1.6491005415814397,-4.219324290103172,-37.39859889129967,-34.31990051269531,-49.89112125129591,-42.921862272109,-48.91101305801025
8.275521123344452,1.4254404298362624,-11.555146979521108,-20.856914520263672,83.26952350067752,166.08917232059005,48.627776782578394
4.059638773335656,1.6197267739447683,-12.29213813008266,-7.162233352661133,32.54955770910059,62.63772320123312,107.03043706265758
1.4967280587999747,-0.33048722479655995,-32.39603846982949,-30.13359260559082,-35.79217365599638,1.9658586953264094,-63.76760094051721
10.753930872876495,1.940335378662243,-22.405393320090706,-9.619133949279785,31.90307012058765,6.011742887824965,0.8844906123350739
-0.20238028391274443,8.871840684780242,4.6950523096701575,-7.065512180328369,51.734256213506036,-20.101345064003535,-59.853946211837005
5.471836284450696,-1.1344663134806559,-6.438879199939658,-17.908672332763672,26.848143880635803,3.5490616750020227,-8.890006480106699
5.251758029134244,5.723161259338744,-8.064862998561223,-3.2433199882507324,-12.091287064990622,8.53325718628234,115.23563003146306
14.303278708539596,3.230586622781168,14.971323074008378,5.815171718597412,105.75060287682916,104.42360606075727,79.01933008907564
8.370535414213379,4.255525071123747,-6.771506527147403,-16.335981369018555,51.15852111294591,-6.333434580675943,210.66185005424973
8.73037414404558,9.694434707848199,-0.7735513666580905,-10.416509628295898,64.45210970190038,108.97554927931007,209.385595883248
3.1057901477642194,8.430863930072027,-6.364835957932752,-12.390780448913574,3.5632226131748297,41.72943251519466,11.621801298254386
-2.152715152263382,-1.1825664411492902,-21.57456537907181,-14.106961250305176,24.850039351232383,-72.22376862629523,-55.82577000978502
8.161903173093604,3.1718121849055265,0.6548097955171795,-2.955961227416992,81.59931594019952,102.95158870332973,-60.48855597543471
8.16643920412061,-0.4502495248193181,-21.672657658873337,-8.884403228759766,-10.748545596103295,-87.65030155674683,-48.75216494148676
-4.164425137975428,-2.909866257097183,-21.846939215964476,-32.14208984375,-89.72541447913545,4.211062184173365,143.69236349501378
-1.88407607554331,-3.3028738024857924,-25.18785257414317,-8.550848007202148,70.4709292924346,-43.26168292992986,22.291556810929993
7.310470356858933,0.8437088788588667,-8.83137913055359,-6.532776832580566,142.66843367462536,174.43154870150968,181.85644348595312
-2.908123779950902,-0.38559643463482707,-27.24672747667211,-3.4912614822387695,-76.03239583650044,-77.34173235756413,-54.460465379014224
-16.118463909600234,-8.87715017198893,-30.278562226613396,-18.483346939086914,-98.40267893743528,-88.36265397851245,-48.651647129044775
-5.270948514658166,-3.125212343360065,-27.338252736053978,-23.65825080871582,-18.081443975341063,-83.08301043775167,-63.19205815162419
-4.368009992149429,-4.7946135298417545,-26.62384145913648,-14.244645118713379,-55.266724763901856,-47.583318380014994,-29.21537720072583
1.744138824797415,3.948005966830584,-10.064406555618445,-15.866463661193848,-9.80295183018323,-53.09589323460903,-60.30929783317048
4.271584056798858,0.49159722237588954,-17.2547648633136,-6.625092029571533,-34.721876751024574,-49.762400849814156,-55.80666110834727
3.879753820314285,-0.0974469505423944,-26.206121713218614,-26.589981079101562,-13.103505869089991,2.5082351950852613,-58.209365653785355
9.443835901026263,2.683050587484777,-14.066554405886535,-7.659430503845215,-23.01689043761324,-61.685781234224436,-57.784455830089435
12.438739391631069,1.4380375540808472,-9.372245758420565,-2.586454391479492,61.55329730755506,23.93595720935816,70.32157097449888
-9.185853193799652,-7.38523970688032,-31.494683953204614,-16.483383178710938,-61.86617770968024,25.448905294916873,-52.558052459186015
3.766528043829128,1.2510947813331401,-19.29645305430139,-9.576196670532227,-54.53422815045787,-2.3912439187123105,127.54987174426806
6.289207248469549,5.5001047807834915,-25.746610424241897,-25.148487091064453,-8.450733966053969,-68.2265957447144,-46.6636503946631
7.16875498669489,7.15852948142925,16.822686878486333,12.20288372039795,-48.548872276289764,-45.28980412113092,-50.834403886513115
3.094979681934909,7.173105902992463,-13.340993064633334,-4.236836910247803,15.910577648323963,-56.55650775434297,-51.29980614320546
3.832243391197384,5.66404498879141,-11.210739098685014,-6.471129894256592,13.946260153296318,-48.33464354461351,25.77252579349616
0.8527349212139104,-6.324572928717085,-29.938588429715363,-14.486686706542969,-14.462985092177837,-40.79908126228743,-57.190492002128806
14.612412610055044,8.10992537775292,-15.71892607798539,-5.677286624908447,16.70564017172147,104.87581907702744,126.6521023910473
4.144675553566786,10.807011558845007,6.858045802202078,7.144852638244629,6.948271548591013,49.964602619607625,22.462652504843266
11.967768190891151,7.229578426020069,-14.54318854722294,-6.22293758392334,42.345003890237756,139.8366775319766,116.53900987797948
4.710023165781427,6.369159511474556,0.8740655659470268,-5.855795383453369,-26.82286248326826,4.989366710426217,-53.98925604739041
3.7908368922858493,-0.5838113375828381,-23.95940076769094,-16.79190444946289,31.838660994372884,-11.968292224375398,-56.751840914620246
5.327954519044649,-0.6886626312019879,-15.795256635350539,-9.391871452331543,-47.589962572196505,-75.60870465213941,-44.45761399486959
4.100660000613607,-0.6785549326746694,-19.374649959444813,-12.118636131286621,4.302998241604666,-37.11267232346674,14.336452005565457
7.359157792603406,3.0380313791225624,5.674703772398811,6.875024318695068,52.51757023612288,167.09738076785527,263.5997273046279
6.421155293892235,2.68428160457238,-10.09103609548933,8.907008171081543,21.069856618012487,-44.450175433622725,-60.00858391654061
-19.135151445209036,-3.6360969361167714,-13.39705933148294,-8.396525382995605,-77.08851706981494,-27.45985778370884,-55.83522895974244
9.447309091677981,4.55567470905459,8.983485699437182,6.733785629272461,-40.821453599862814,75.84934158246321,-30.899604593146055
12.835388801410394,8.324641105163122,15.574724901876351,19.153945922851562,33.04964279920619,94.00653736525155,-45.851977341926776
8.81292946964667,3.0591054775590583,-9.021632322280544,-8.681296348571777,-5.1607439308887795,92.85463815673195,-36.161337441370435
7.924092621903588,2.1367385032723156,-13.118324591787191,-8.083293914794922,-6.947306904972942,-54.76493734497923,-54.919703656063376
4.674312382385604,4.022227503792457,23.738241216894824,6.5647053718566895,22.17639850689058,103.37955736222312,97.36012914540821
6.0422279576465785,6.069227476031227,16.472178684966742,19.54773712158203,1.909497602238259,-68.61967883149455,66.25705513493834
17.802072165689946,5.454983665327939,-27.85699056004722,-16.093469619750977,-29.40150625816098,-8.7551386716957,-54.412175787616626
11.062865962744402,0.39019195643153715,-4.046775908471528,-1.3554773330688477,-42.022829340767125,11.893172425005872,-58.24596687101056
5.987730129857289,8.159495445274256,-9.108032909020132,5.155129909515381,83.76890699316559,-11.926494640297824,146.79590292944897
14.550839395150232,11.059564313741738,5.184662712905484,9.5247802734375,-4.113426797956118,-66.33915019206954,-61.5214099968626
1.371972267639691,10.020075380978902,-7.628945346511393,-2.937471866607666,77.80733660648637,16.526475482511895,-46.84792193895403
7.00376909579532,11.104783204221578,-12.145950095043576,-11.189774513244629,-42.687056764825186,-110.58520701133999,-56.49384093412644
3.6918735743328055,5.365117020590957,-14.108895716890158,-10.601523399353027,41.62434324494158,53.655476775258236,-45.99758684068725
1.4258830645953302,4.52961606986941,-3.6212528341199772,-3.9452574253082275,-59.576205799936616,-49.63617476806246,-57.107885532859825
-0.7702358846537394,1.9265449570654292,-20.49654952542369,-25.86357879638672,-7.280242081038713,67.90648651710109,68.12584816913618
-3.38243238262418,1.8371054844671755,-18.951772247534752,2.036830425262451,37.60976392446182,-0.025182183030291665,86.67663603319781
-5.180161538505955,-0.5043963986735451,-8.422763243206402,-4.17349100112915,30.45972726806442,39.51559719433044,136.2092499791875
-6.2240915515248245,1.1191564608526066,-16.511492576956794,-6.830407619476318,-9.370955853167983,-30.63993731712066,24.035316549050428
-0.9534723178414024,1.4383646728377577,-27.97265953645544,-19.924236297607422,-71.66273363204803,-73.18064186720761,-52.81566846456754
5.566710381597996,1.7354003341374047,-20.218032930819454,-21.95792007446289,50.81438187485695,-8.125050300851687,-26.467466058808203
9.31264393914504,1.1720413221663781,-16.199520678248625,-8.6195650100708,65.7192907755487,40.443975877658694,-52.50406939515045
3.0772553349490863,4.977424208818394,-7.871902630198182,5.4535980224609375,71.21696868675102,67.51166376874247,-11.842376369724843
-1.0316966945045534,2.732396325764424,-13.317060382643557,1.4704550504684448,60.83759548589366,-7.77440656538194,-45.184654353333215
-9.583238338618314,-1.8221909115609398,-7.758598172757259,1.7439674139022827,39.32640759422089,-24.685184586649783,4.9976476427257515
-11.991407425101347,-7.427680443964756,-6.600133549309918,1.5550193786621094,-70.0283430754391,-51.260362881144985,-43.363432225290765
-21.003539746257143,-1.672064079775095,8.451559593834583,-0.7080643177032471,-22.35727331420965,-17.196458808803513,-44.44192964735471
2.0716109577172235,4.763842184019583,-10.369430292142647,-13.441048622131348,-23.334239830769437,35.45576486820352,-54.562868313511046
4.17578553308777,5.347891117909163,-13.037710848767006,-7.577313423156738,-45.201949235204275,-12.957386448587593,-36.666375670802395
4.009576055127826,5.324481169041862,-20.771419029274153,-15.247406959533691,-3.006577236797508,-37.19994309466495,-52.37070864713004
7.117960247712522,2.7150623960828755,9.992905323103253,6.056877613067627,46.2527320710194,-42.45554185100683,-40.25583104073215
-2.5288687022006204,-1.355199510273559,-3.090016959987716,-6.300767421722412,-26.724596797424642,-40.002718636065474,56.401595967315714
1.9701997773959328,4.082730692954869,7.582174122773251,11.421318054199219,-27.379100874097023,-70.24766020513495,-50.67811829023992
11.323442978480768,10.923324549108713,-20.178903027720544,-13.86618709564209,4.10522809167313,-17.711243054034874,-57.14313441607055
-13.61515937195509,1.3504702408096454,13.555546072556737,17.35686683654785,-32.21178666388581,-52.24645608115431,-56.40205948652891
0.1877774127836862,3.9593231634662525,-1.7878388790699353,-3.454094886779785,10.912016097282537,-94.22422198703772,-51.321703488045124
0.3382569689303885,-0.38390794204962686,-19.61514830533061,-20.262102127075195,-3.933109408204793,83.53485799673491,54.50095104302674
-3.874362074814824,2.319245777966098,-20.811768953004353,-21.372480392456055,-19.06397211801726,45.26283551986858,-41.43260588076061
-1.4824288976011946,8.768435657009919,-10.82108426944211,-8.545368194580078,59.56559791635522,-11.982721949484654,-29.769016699467375
2.628500462030382,8.101469551076903,-4.492195296382085,-1.8449442386627197,74.52149100002623,57.81501211639194,162.76620479151504
6.415886162340871,5.364982332946289,-15.623779144265654,-10.13210391998291,-12.657188093405143,-27.507196114990776,23.058840803842497
0.9408526929755088,9.499434560730505,-11.170704353662298,-4.8264665603637695,68.36038260496497,-27.69843287508552,107.72107904246273
7.506768338973636,-0.2887668479495795,-19.074470954574767,-26.954044342041016,8.08259817842705,0.050655761643300955,-49.18432757978046
-15.02864705743251,-0.20425942236185587,-29.099415536130298,-32.963836669921875,-55.731868323543004,-0.9720909149120491,-47.127298702954505
2.3108415287708524,3.8119031762303863,-12.531219487415633,-14.537591934204102,55.268330231671506,20.36894111277252,-41.191500830474354
-1.8627511572301374,7.613343879445719,-16.3518095941413,-13.448766708374023,-23.688565524719117,3.524727595696913,15.808375045068626
9.694731168359885,4.029347167645099,-12.20499549935552,-1.4477888345718384,-1.0207563561730844,-22.22922885489436,-53.38290027344301
16.03205423300644,5.006594052572653,-16.17641469335974,2.981682777404785,71.02474485224099,16.275954547488364,68.00384442473505
-20.670528924368746,-4.515387682739068,-20.708358743277078,-12.290202140808105,-41.60270122670328,-54.2222710257827,-51.04173681165594
-3.1723933145164036,4.614195199621633,-13.12027189369935,-4.818115234375,16.84502681743374,44.63750067717443,2.580259894171242
3.977033360372693,1.3866408187398604,-14.788044508695558,-10.21809196472168,-47.808661325668446,-31.115084439273357,-54.926532329924754
-11.161178902283071,-6.197204891190354,-28.769672088745654,-17.28307342529297,-6.907948955087593,5.778350394966281,38.09904409309469
-3.259596321582161,2.771340627897005,-15.35366929852505,-5.716477870941162,7.2699477609779075,-77.17430577339964,-63.881372464332365
3.9800004147272645,4.082196319982366,-18.107187954805145,-14.014296531677246,48.59747419954909,-60.38640700801459,33.350859038341184
8.652279472059801,5.822882860345371,-7.838539274796164,-13.74150562286377,3.7920971465919022,-95.73361932315409,58.570672297399106
1.70076168096323,6.085205800905821,-26.248468032731168,-10.18771743774414,-30.461597982733878,-16.2329444318134,-57.868217257646535
8.5806433548405,8.328147345759005,6.935856414978267,6.4693379402160645,5.343358653711716,-37.746622815037185,101.77197029950047
4.339616795778726,6.379765596117392,-8.528163358014986,8.649856567382812,115.67009757196476,189.19002753175997,68.12123057795496
13.444509259060188,6.987827764349472,-3.5456277401714176,-8.613106727600098,116.83662296671255,38.55254242515474,11.528368789650502
-3.6156235909902055,2.054689133434835,-23.56654100589492,-26.26203155517578,45.51178104034815,-34.17263378682991,-53.20088259565692
-7.431916767184563,-4.25728904187887,-36.38153798340059,-44.97703170776367,-98.37445083677278,-59.66752613787997,-52.08855093415749
-11.131741471007407,7.192693997582393,4.275544823572932,-2.865818977355957,-23.28085707108305,-136.87862700245034,-68.37898066737615
7.2634716144429285,2.359447891254529,-21.20366206862151,-19.514711380004883,-43.46785478975985,-43.37786050114569,-62.281736319193904
-1.039275221613878,-4.684122394441557,-42.197897779587876,-35.21796798706055,-51.75749568224851,-74.94903250375098,-57.83557418781671
8.998962853303908,1.529851004792295,-22.080925095048762,-28.11134147644043,-30.34834004303625,-49.310732956239185,-58.79080785652644
3.2435798121603634,-4.292013292217932,-22.98608588294392,-27.151233673095703,3.270410873778795,-45.77351859669453,179.13692003621705
-4.096269746401766,-0.0714304064379141,-13.685208231109382,-21.773765563964844,-60.25186264614454,-25.96735228164964,-51.310067419870194
11.442186813116635,5.062109494187194,5.07741379056149,-6.991346836090088,23.497620542944553,12.410746303305466,30.708867627700112
5.442727852006617,9.01970377518138,3.4945543250025826,0.10048585385084152,44.954439666541326,72.57087832437725,-58.20107753008287
6.688041791500365,8.209373551998453,-17.288999509205166,-7.036592960357666,7.211356567198889,88.54921582329543,-22.669656900377777
13.186524371032693,2.1793651103074176,-7.7422825681207845,-6.328271865844727,-16.135055839735518,-18.407099932090677,20.147184942893837
13.781751757951266,11.891764604417686,15.9487240784929,6.256416320800781,1.173320805529496,-3.355513381888857,-18.184084403657074
2.5508622322044063,4.8776328055606895,3.7306878763404367,2.2160372734069824,-13.859072158328557,-17.34382871155339,-62.744568906945204
0.02632460122783864,-2.570245260551277,-24.93467931965272,-24.865760803222656,-17.006514124119843,-17.130343162209652,-58.71908444279717
3.413058834351027,2.0642427596321316,-24.219581329204274,-22.319753646850586,-29.196763231301855,15.315100350219375,-55.335748916522505
-17.267931354793678,-6.467985055627694,-36.722029095068734,-12.630074501037598,-7.388008718323555,13.928478824292638,-58.086960460640306
10.195248144224275,4.905093073354249,-2.245925149051979,-2.6072988510131836,21.368085656710075,25.968535794783456,-51.25766955212163
5.134486033054383,-5.858193668416675,-34.56411309640684,-33.062889099121094,-0.2111448933329711,76.91717351330831,-56.522651845316915
26.318351067408837,13.537975944788283,-6.034760180283885,1.0596420764923096,106.01307738139599,121.22917060872776,-42.64148380490661
21.700444541267352,18.08201293894779,16.008946275839257,18.480670928955078,152.9679252705733,186.03652979350065,128.02372974484112
11.834621430398052,3.352657964729712,-16.52510507060131,-14.068039894104004,-28.32800848613581,-39.96802152604942,-63.08980210507834
4.443948008058695,0.23477055150373188,-25.875299959467853,-16.90790557861328,34.919020697400065,40.28827432186678,-51.99015723715114
22.144913828214108,15.039073037556943,-6.590154176048521,2.5636162757873535,72.34497306079089,109.67593486126624,190.66019636357794
-4.089160002441759,6.8400536937952285,-10.951049100733707,-13.96324348449707,-63.07715125790305,-43.38889580450976,-56.15048625185216
9.210508926170514,5.66183000614994,9.215046479152138,8.602856636047363,8.854718452057364,79.95645188586026,107.48423899015195
9.240048756263883,2.004671528833919,-13.313904391683632,-18.737173080444336,29.454924687234406,-51.573062568023076,184.61487982511736
7.3713919101806065,2.098423943808934,-11.116132646960049,-19.614667892456055,-8.090910973785364,-24.230476167252572,99.54215657442005
2.4469019210962744,-2.608839927633745,-33.690811162910265,-27.491453170776367,-67.3312786228438,-57.586973951589165,-53.177891983904914
2.6878809962892287,5.277939449129836,-20.44090172296452,-22.763771057128906,12.291367520543929,25.056610255824314,-61.089676863739875
0.9104030802156312,-1.9611489770463675,-28.751028794716937,-16.85316276550293,-58.99627313345285,-116.69399572107893,-50.658785415010925
2.036160035580605,7.2160616852224395,14.144473697233105,14.94188404083252,-65.60668762419743,-75.38029163622363,-61.94431534930213
-6.6169114976352565,-6.743578333624963,-18.240294224934807,-29.11836051940918,19.360431864058295,-55.06604878948837,-54.13987179509577
-0.9100256637455739,0.08470033687539948,-23.758056549370544,-20.722293853759766,15.021509959067624,-26.782304332719164,-6.540367480887432
-10.447994594632714,-1.0325157061188872,-26.097145023500207,-31.986276626586914,-17.8838252917096,-30.205318840314366,-50.354142588904715
6.014431343222326,2.395853264101821,-9.42495544028893,3.1925811767578125,-44.595735868698405,-43.456485136388096,-19.679966250601883
1.5579026099359343,-6.929795161322365,-32.554211800842374,-20.829835891723633,-24.58619218771072,-34.52901045540307,-41.449691104339095
2.60961776046185,-1.9290537823057847,-28.82021072740501,-0.9912439584732056,-13.376177647382425,-40.95838982535907,70.54322835253474
7.156363275373155,1.673676102106101,-33.188380487886896,-25.45930290222168,-34.06557988857726,-26.576439829232473,-45.17418995382521
6.992851137055059,7.761661587171728,-17.040654682611095,-23.87312889099121,-13.576354370317853,-66.31466152941715,-60.28356274687114
6.979802634175337,-0.413103889176579,-10.988917254266331,-19.571430206298828,-67.61964078893934,-54.75447079652443,45.82906873933708
14.067047565468382,4.088824918301682,-2.2760639134664014,-3.0199646949768066,67.02236996672639,66.31228903374063,224.3679263201894
3.3389821210107495,-5.941612671411372,-28.653739294841944,-20.735450744628906,-24.014022330739145,-59.23766516704202,-51.84222610073287
-1.0876109870588333,1.5110109951262953,-12.686505057238033,-9.898419380187988,-11.559105993694695,16.125092718439078,-50.578647206579085
11.383676653219938,10.101753850859346,-6.262416597233571,-5.410547256469727,55.445491495962635,56.05647093806341,189.94270763003902
10.083816509252651,0.2645026798486185,-8.022504978088094,-16.659423828125,19.378293403871826,-36.75423078235956,126.03063087237
0.7369197640439851,-1.992488719885805,-27.976658570311546,-13.269514083862305,33.30523510718103,1.1354566105833388,93.82554071874715
1.7447654887573047,-7.616445634754481,-34.06224600425003,-19.52448272705078,-37.694047365672226,-82.75979897851694,-55.52249251636148
4.720082741495197,6.830594307953491,-7.653097980799699,-17.207597732543945,12.490547997477998,-61.259341705537544,-48.338817906929634
8.883706246730046,-0.04794949374221928,-26.577522105586556,-9.051021575927734,-2.5432010874926956,3.9864719288922488,-59.19632364207804
6.94498309934693,0.25093431412212536,-24.91029326647931,-9.731351852416992,-18.07449517292648,9.668791819805383,11.555524761699111
-5.681355229659581,-4.943560113569544,-29.07275533761533,-25.382213592529297,-60.011469985322485,-94.99255320450662,-58.93167031199215
4.319868302380201,3.6421152144124758,-23.170288890786576,-16.65532684326172,8.378960523932767,31.158477058636304,47.8255456670131
6.079393038583048,-1.148586607927467,-19.09531491995367,-6.303740978240967,-25.17548297802105,-80.80380062834952,-57.850862951076934
-7.988606213437293,-3.53889184500227,-25.54277490591625,-11.333187103271484,-39.28305213612015,-14.069337112726332,-48.50059870599881
8.780793471587693,6.400430869927568,-11.257026081765979,-7.182452201843262,-18.494490320259025,-24.165268712790475,-48.84358437074272
-2.0799894598397373,6.066271087627452,-15.594161802832044,-8.899249076843262,5.703617977962491,-29.054829395811,-58.42812111418226
2.1037299066438235,1.8933656119600983,-3.5522694813582723,-0.20269775390625,41.392242297646504,-11.57050192781969,166.30601637048636
12.133536213733729,4.571641210740061,-7.557594569614396,-6.990933418273926,53.8936617417213,93.77839857445593,244.20544208206232
12.591520659993103,6.823069563803521,-9.195591101657664,-10.61640453338623,49.8693242309282,77.67829338058762,193.55671910103607
16.003264041561387,9.817467356226233,-4.808144467152198,1.5984563827514648,9.715820061225655,22.739893824170725,145.97944878549106
-11.242470864013358,-4.639279067235437,-27.81349365498677,-14.192727088928223,181.7689345537015,-38.490790683295245,-17.367306172092167
-1.1467035523402067,0.16069600574837895,-27.73158250418488,-12.74905776977539,-24.023977642934494,-60.22587223092296,-56.99455539893174
-21.700723784502717,-2.1067636298836003,-13.776224408190387,1.8798291683197021,-55.69243728868865,-98.61770099147634,-66.68188793316781
-31.699075451303752,-9.979396667673374,-23.946832391983236,-23.268108367919922,-112.79202330451875,-83.15172427843176,-66.70415978709842
-10.762672233123412,-1.0267242214235064,-27.482757296587266,-11.503473281860352,-31.9751188683542,10.401027522814717,-52.98791882849922
-0.8921822806045501,-1.9508358657334228,-26.60067118957846,-15.686522483825684,-29.80862201313004,42.08786710224357,-49.59130419965946
-2.9298691557139582,-10.604150472335476,-28.312318749924717,-16.9069881439209,-17.00193251173303,-15.20015636131753,-46.3099727257118
-6.667366558431957,-4.609581765612459,-37.68950917808763,-31.53809928894043,-13.299515699081445,-76.10810841881072,-60.16226951801326
12.534737533076907,7.376450774067944,-10.915585858276792,-1.4974281787872314,7.44632153475481,81.54910645953449,24.130904682801425
16.731737922367735,6.236849752072378,-11.829137314452879,-7.477791786193848,41.196363417481486,51.82595981444952,43.033659708070516
14.208301752953334,10.087204248660033,-5.1640888982464315,-11.628754615783691,-13.114972400295509,-78.62277364487507,-61.30032590696052
11.523741423707948,8.675184688190592,5.291977278951292,6.3186774253845215,-14.94456094146026,33.57925593041567,-50.08092224451669
8.88177827992944,-5.9268533306498865,-10.400823950717868,1.4720685482025146,7.22213485479252,50.69397417785281,-50.08106405526985
-3.6917527302774245,-9.035246650887228,-39.797847495809215,-33.69544982910156,-33.11206190337902,41.18622836478433,-51.575057312793504
18.749030186836734,7.99322341446801,-5.224687031798101,1.6353036165237427,29.498671624907338,-13.939390696214804,191.0869987889636
17.56456392408467,8.595209368664865,-9.108984438896485,-5.504262447357178,50.23331245160452,22.412864977447402,228.5695525516528
17.69403279013783,2.734911053350315,-16.900347319524624,-9.494321823120117,20.082943987782432,-28.184248712906925,46.88214873406406
4.75678607880661,-0.9755815365395335,-20.474469305797186,-11.968459129333496,17.73885905591859,27.116095126064696,-51.10808624999336
-7.5455869675606015,-13.800291230794388,-8.90086676612636,-15.771754264831543,-43.20090137852887,-34.03673156239976,-63.96672696992975
-9.39041311396547,-4.644816418148861,-28.466020342329017,-11.542922973632812,-35.52184136366361,-57.346357184879196,-51.176374719719924
-6.317832390896762,-4.0319630849359696,-31.278083760846744,-22.378694534301758,-59.93099984511748,-57.49235311932455,-37.4366442692156
-4.5772158583126625,2.1542813959399054,-17.76234009024086,-21.046655654907227,51.37959936792067,15.481155544787864,-14.434230428204259
0.08332648012251309,-1.2443945887339871,-24.616238926318054,-21.57744598388672,-5.210612028103313,-0.7333997484221968,-9.392856417895276
-1.5979278684967102,0.6675974057369165,-14.68326563979181,-9.603541374206543,43.58190408236764,-28.08891632824066,-51.34977484627231
-0.005984446612725236,8.95379223218398,-17.16798072657348,-4.985469818115234,1.6479144959858365,-54.057548768272426,-57.116684354738936
3.025192876917388,7.4581413004758526,-10.54676123477871,2.0536820888519287,46.12461475203296,-14.36908220560268,-51.07196393609228
7.386840665454291,12.31224101449975,5.650996875942113,11.298052787780762,56.987839583074056,-18.3808190186027,50.523827187065976
1.769575761901685,11.399270643679154,9.525316716238354,-4.039231300354004,70.53012704855294,88.02735147902196,232.84475676572967
12.303360593036432,8.359112822411781,-10.999446841816106,0.1849774420261383,11.038486558237052,-72.27024799780276,-48.715816898857256
1.6595786968595367,3.1242892695887226,-23.3339706756321,-17.438058853149414,28.319722381292124,67.66723378222157,16.952185667794396
2.899616642365774,3.5053728748868296,-14.476736474959191,-0.9092680215835571,31.181550114064265,30.300909128339214,-55.966655405700045
5.36256753617534,5.894369758164894,-22.610231932021563,-29.193593978881836,-67.48716353818727,1.4251182643478912,-54.10412279609973
-1.0245343898346266,5.592577038376126,-20.56531394648395,-15.42845630645752,94.26167415542122,195.6148432796471,183.79127506860715
12.974307478341279,13.66824900621012,-5.6950708230043725,5.243124485015869,63.525901210233265,1.4743730161664474,74.4226229660396
-1.4982592450552754,12.050692862726212,-10.03779595611911,-0.4934447407722473,43.45510014284551,13.628030195283939,176.05918098683534
4.640354776168993,6.132574724401875,-16.44769039119188,-5.902848720550537,-66.50893004011161,-61.482249682585824,83.33355493484406
7.357450677624517,7.205773415255198,-10.292279731140807,16.36614227294922,-54.72710271982742,-36.32404859684392,-47.05978395301107
-0.8662616497465423,5.763448766709818,-21.835531152189798,-16.108978271484375,-80.60345020900579,-36.8285329450666,-44.08236470948401
7.848201620080795,6.4530849286748415,-15.365231427394933,-7.443930149078369,162.0151436040994,118.52048488912196,100.51300193598215
10.682956913178913,0.5605671841757128,-20.399642469242263,-26.66412353515625,-7.015142900764085,-12.69292566478616,-50.390258319185264
-14.139042133880048,-6.098898936065068,-38.626937752733724,-34.930328369140625,-35.65721142261023,-96.32914966633656,-56.77439148360047
1.150855418730533,2.628976084678382,-8.777565356130893,-16.841819763183594,-15.523079374168653,-104.39382598405889,-57.5357839726029
10.722522497090566,1.9008662386285047,-4.237995623818117,-18.18083381652832,6.577569429284535,-28.063241738393796,98.38806986201571
13.154767159143486,7.62088040225254,2.7543442050816234,-12.050132751464844,0.8867969507325633,-56.53977282317699,-49.375435474652676
-3.040694173213657,4.762388030738163,-6.343042847102103,-16.780738830566406,-57.677287328486955,-83.71605787367054,-57.20755821584373
16.33438362659032,4.923916076745543,-5.918787174131965,-9.579930305480957,34.61953663882343,-19.696287312218733,17.55190400500087
2.564066220887274,6.325991273475996,-14.246036409180359,-15.40689468383789,35.05510196271687,-66.56164157597492,-49.56484435135796
17.73663431201047,3.457947226481504,-14.301684212057362,-21.09039878845215,-14.982231339206507,85.84135681481126,-50.43541816600003
-8.87622248702969,-4.206468359492741,-32.169972110941025,-14.20114803314209,-100.36680147392903,-58.151168255275735,-60.24900932345377
-4.088683565784552,-5.055782405132683,-21.02914716735133,-9.28403377532959,-74.0880436951154,-90.69319704350559,-55.9454079795334
-1.0535414145006536,-0.9703469325881297,-24.206678108432126,-8.43577766418457,-16.077323899771343,-19.204387859130637,-50.14460411627057
2.0024753314216563,-2.3112496584149858,-7.84959115772966,-7.42836856842041,-38.403191489682065,37.91347840322408,-51.64654473042726
-1.5895963250322784,2.3317241935494093,-11.044087987063413,-2.898190498352051,-47.97865688702577,-90.24774988382278,-59.71894351050653
12.195911034435708,4.143880180241121,-15.669099891816119,-19.918384552001953,1.0749743613627452,35.11206664845318,327.1236907891411
-11.936871196603903,1.6326534001778807,-27.164776891728167,-30.59041976928711,-1.4093942303296174,-48.164949441331295,23.100753844898048
10.647285870452952,9.135322462614004,-2.013157160524827,3.4339938163757324,121.75375775819253,5.966286896047936,164.15779758482242
3.5183851989341326,8.707180194438166,-5.961936223069046,-1.7485742568969727,74.01520607102789,112.20978546342955,227.54335614149943
7.515089191576658,7.139138785627341,-3.677860651056237,-3.596834421157837,83.13977060709763,146.7215379178641,-18.688883752567055
-3.579116529426387,-1.2911604151076512,-27.109847282004207,-24.805347442626953,7.1748548842910305,-64.46715362647397,-60.38827862956747
4.753342398960114,-1.8676807923633885,-25.786545255368953,-8.90264892578125,-44.283515693167736,-47.35764338261175,-57.4932279151259
-4.499610072381723,-2.1944057896879645,-29.12595299899169,-12.705337524414062,6.377344001834276,-63.43286274675559,-62.426662187330095
-0.9138697334173338,4.004258319843322,-3.2013040142323987,3.501758098602295,29.072598703839603,183.77970402745345,162.11651411659287
-3.4628406370501663,5.2482925073481725,-1.0533201397513097,16.866153717041016,8.757947723787138,-99.91280692700026,-47.8535504672086
-13.338307069703546,-0.41486710126667875,-24.538279939498224,-0.31081897020339966,-15.796902173234047,-27.856758381025404,-49.41244704311757
-24.638236334807967,-8.331535715102122,-22.324769122780967,-26.083091735839844,-47.17780649738306,-50.31291479437451,-51.978497847478934
-4.221654326033774,4.101620121513888,-12.067686566332311,-0.5839635133743286,-48.47108529688865,-55.77273252069452,-8.791010908025962
-0.2460219887917281,0.8846473095799045,-18.14158038299375,-7.968932628631592,5.1178637987216025,68.4561865026972,-57.28939989306044
2.037176776025161,-0.9848111320865152,-23.391387856675735,-18.450355529785156,-88.02415052036952,-62.47058615025931,-52.31874622335846
7.369167059580967,4.261126254956864,-14.114272828439956,-14.137581825256348,-58.087871249763694,-50.10518202287846,-50.54136910226348
10.169915397576986,6.335611604645678,-11.2567377173341,-8.568168640136719,0.4773027475860279,-41.12079471612651,-51.30490215621337
3.913769900226187,5.260514934551197,-35.13083317325,-7.403594017028809,-18.102980759185463,-30.12685104427542,-50.770072644434634
14.87368010068309,2.0545442373593,-20.65775668524062,-18.571542739868164,-77.8699479822453,-73.21874909685933,9.702672443707838
14.344373234012583,5.329842718730425,-15.143857454646906,-10.441484451293945,-34.033074221051706,-49.63472504127532,6.978391113192248
6.652360011723888,-2.697977694229994,-27.60700166100959,-24.909149169921875,-111.03114724196155,-43.98240979108995,-48.754117522914896
14.245994468073357,12.606290678954144,4.970781723138287,2.982565402984619,37.6170111782422,82.37724721289815,66.29825176458347
2.5251999230400264,3.6458496840093053,-21.619173268261502,-16.106718063354492,-57.48099023198407,-44.63851223083161,-54.944997447754766
9.683879457140899,7.877243869913291,3.917661644670251,-2.1033496856689453,18.544350650873675,-8.504973756362691,66.37906869633028
10.378562135968224,-1.1178248028406457,0.35249638900310315,7.079348564147949,44.33049760603665,119.03067687105712,-56.19202883960601
-2.9099155695905825,-8.177668772000601,-44.01056464289675,-37.06428909301758,-138.42714878937534,-86.68939668391027,-56.961817067225205
12.183621365351444,6.1479789118375185,-19.204237563974313,-17.19512176513672,-48.124168244502236,-66.78478415979687,-61.38311743915378
3.2789813535020276,-2.159773903099848,-22.663561325563123,-40.81753158569336,-34.16106627152262,-40.66130591030391,-48.82200787137638
11.667917504113392,1.6027168824556177,-5.71011190251532,-4.788834095001221,-78.91042357365657,-48.308509622199395,-59.91701514988122
-3.5173024109393918,-7.213026357847419,-31.788047580577008,-14.681546211242676,-20.405921653450335,23.029626986423704,-57.9512137502698
16.166911052339803,8.031381642765272,9.953619048294764,-3.452688694000244,-29.135175836624093,-21.088374615630634,-53.336196571363466
5.462694881611298,0.9482475141581462,-13.847371125099706,-16.67598533630371,46.022857799864276,-108.66429439918535,-65.67678436592121
5.905754011927303,4.917394430796055,-12.972024988248082,-7.873398303985596,69.46839614273537,79.08246123936291,197.37786465966389
5.5420373891697,2.6886795980874685,-31.803832779428777,-22.887813568115234,41.497275039762926,-85.02612101119131,-55.34809652793395
5.270918519832534,9.742955040524775,7.3229488995640395,1.4339219331741333,18.85888927668597,6.244630411031696,43.686212482362116
3.771392745929645,3.642555499053343,-21.265531745792032,-22.357887268066406,-29.391359310535904,-34.863889061258945,-56.873727983452895
14.154237995595263,7.932008440223935,3.298126317333782,-4.751547813415527,17.052240324953967,123.63836034572667,28.818002131183544
13.845363371435624,4.982224625704066,-4.853624774459537,-12.570426940917969,17.731147353328076,64.03944006782757,82.83909819023094
7.299277973562284,6.7033277027871465,-5.54881887524798,3.9362730979919434,0.5926449869574508,-21.448245352546174,-64.25163971180596
-2.9337586280464842,-0.9135218633305378,-21.861006756548598,-5.749893665313721,-36.298557639649935,-91.77350734614875,-60.875529517899395
-16.14606966795682,-4.106840365220863,-27.008585015247768,-13.250452995300293,-12.357249610214284,-44.82789872860538,-55.55210146489026
-4.145670929322161,-3.129143837926507,-21.132804413142306,-1.253829002380371,-15.005277976392886,-75.15056709709472,-46.74076301643724
-1.2902856361550101,0.5431232455865269,-21.525555904621488,-18.777626037597656,6.490344629623598,101.96577977841731,-7.255415991463303
-4.8037764508838885,-4.65923886529427,-31.773321276373238,-17.65731430053711,0.584586733179842,-71.59679085879576,-33.7097176198281
3.3291929309374844,-1.934114042479418,-30.106935324078684,-13.705799102783203,-24.554085079682057,-74.3150657450155,-56.89815600180584
2.0764762377907244,1.7805493829490198,-11.17231296826921,-5.774255275726318,45.221112536737564,89.63812889921041,20.277779433516105
1.8099214056658635,-0.593519325791631,-8.018507183758354,-15.18354320526123,-37.056601413315285,-60.28443579329327,-56.677419915509745
7.632951021407652,-2.4818475809820737,-18.709747308719464,1.5333268642425537,-72.89691891413563,-134.35017449031133,-57.08476475653229
1.739717451184932,4.5371428767278985,-12.551101910287208,-12.932104110717773,-17.461428441354766,7.000199449812801,28.248820456905303
3.7732970434904605,6.703861294005308,-17.74133827912591,-8.86890983581543,-6.482957536063617,-48.2661820274771,-14.600973077129506
4.732986453717923,6.371188877353565,-6.561954019154548,-0.03348476439714432,-6.69673608269302,-110.19177610121635,-48.74543967187716
4.6893063810166185,4.026190938375403,-6.592551968323829,-7.338818073272705,-4.377174959920672,-1.7264090583090284,80.2195504159735
-3.294389454094632,-1.2335688809826726,-24.00185743344114,-21.303634643554688,31.16324033864214,-45.26797497195744,-55.66296414030695
5.999737231702206,9.218210609913692,-4.032914286259786,3.551870822906494,73.28130124596049,97.28084921063733,126.7119625436225
14.279530252139956,9.061844272567493,-8.106536799643457,-6.823558807373047,41.24991279449799,-20.05769978686158,159.84490126082716
7.523177980871179,3.8330335028794087,-13.713298973280713,-11.23498249053955,16.657829356683948,-13.042982766253093,-55.27337546481942
11.742673755160917,3.548078512899211,-16.63808951502324,-5.540762424468994,79.6161549168769,6.642845607740184,39.274949205403594
-0.4724966367342509,-2.9123520806753604,-27.2546135337259,-22.626998901367188,-42.808563569497586,-37.32596596377419,-54.875024978431625
13.428505736737728,2.913976544009768,-3.8528211628312157,4.471518039703369,-18.340359063328105,-42.50651247386078,-59.11365678154921
-6.790897443094743,-0.4844139412481479,-10.923352173600211,4.739800930023193,-13.981306380824678,30.428033937079213,-64.68023572492994
-4.399293232093059,2.4995913411458797,-23.13520396284428,3.898380756378174,9.784685978645289,19.56832956992501,-47.4756891688607
-1.5438911967738853,2.6781546824958777,0.70980554717039,4.847415447235107,32.331000795902476,19.19445949194698,159.5390277550188
-6.191698911919176,0.060311048171219156,-16.83706321377658,-9.554646492004395,-5.796312904388044,-3.236896202723377,74.01933038235835
-11.40478707952497,-5.915708040484883,-23.750140864829387,-3.763213634490967,-19.525566417442406,-35.63155240396084,-60.33456631970735
-4.797659942728937,1.7779498554803619,-26.309026349452346,-2.1635141372680664,14.394085800364577,102.43978270797054,-55.541139940470316
3.9538231387778486,0.5006579268764464,-30.80949388985017,-6.472277641296387,-34.99307892751974,-68.88589702887661,-52.60294606370552
4.409615729730095,5.037975834251378,-14.875920080802498,-0.8005921840667725,-90.02622960775881,-24.901714530112315,-49.040377533346856
6.84932186938195,4.016275963820678,-7.074273014574305,-7.1316819190979,-52.44541128407625,-59.81512909609653,-21.89953553935595
4.769116681678199,4.914635949434511,-14.03192853986583,-0.5565085411071777,23.68635461278567,34.520130783194205,-52.31373147837358
5.236165884676111,3.7032844816141384,-21.069703780384216,-9.649904251098633,12.472551688677115,20.8499210444584,-61.105809810228166
7.754209501444115,6.926125184956462,-9.290516076566968,-7.226982116699219,10.599383485778269,4.729362073608173,66.00124176780595
10.484805645718291,1.7806116277260124,-18.996073357715915,-10.398669242858887,-14.356510816983539,-89.30722264373124,-53.078766645864405
7.658729413139343,-4.286889582630671,-18.859627641286384,-6.7341389656066895,33.64417578169074,-78.0271879047745,-64.60081158694501
-1.813901112036471,-5.198273671439236,-23.91045313948196,11.899328231811523,-9.350198890474639,-62.246042085237605,8.128773458755095
-12.783898818770044,-3.374714407689144,-27.395812892482056,-11.358257293701172,-42.19312724760672,11.01405571423991,-15.307723582932452
-9.089524744893998,0.9222591749592692,-19.0623159371995,-4.684532165527344,-16.18647302983336,11.66874400180732,-45.33835893588727
-11.825368833699121,-4.704062230248016,-24.14261797092746,-13.079588890075684,-42.083160850636595,100.9039393156082,110.11110627654261
-3.8423951379310592,-6.945611395195204,-33.837227213035206,-11.730957984924316,-250.48823896392463,-128.0502565087435,-65.06460263326136
-12.148156011557521,-5.004419886734023,-41.66062695125454,-4.352383613586426,-4.670321922729401,-36.44086780877168,-56.455975241315215
-9.80182359295658,-5.077932019138057,-43.20883189172695,-16.8084774017334,-41.4053513754755,22.973965171911193,-47.48346429827312
-3.568313814701601,-0.9648740083951308,6.282231160055201,0.39980342984199524,-40.97389656418325,-31.626230354143853,-35.40404656743259
-13.644225647746062,-2.7761473878670326,6.8852996620633,9.002616882324219,-18.93401931230963,-82.28888016010363,-41.22326945344194
-5.894440906637299,-7.479964400340611,-6.059093025774628,2.4345204830169678,-21.26194990346496,-29.696379825751112,-59.52457342920307
-8.066524654825214,-5.6220130925496745,-4.9398791830758215,-4.093534469604492,-2.389093005262869,-4.913648617928945,52.65670732301511
-14.879917363152307,-13.992383179909375,-13.851545241713259,-8.65030288696289,-16.897302228507797,-55.64151183358315,-46.484284207929804
-28.91131724387712,-15.312016779050422,-34.90092215906018,-28.54813575744629,-30.70332303722825,-67.99893189622888,-46.913108892802114
-12.034961446712867,-2.031367727648789,2.3793053496362164,-0.6768682599067688,-64.90441194258528,-78.81239043817885,-52.4100047698893
-3.836345535287534,2.78428867397694,-21.337923412683065,-20.23456573486328,-3.329412166814298,-21.56729629810987,-50.44242161870144
2.644263750039432,1.92932891286478,-3.6709300812309524,-6.066256999969482,-14.664832228815788,17.709516075544034,-40.48599164894979
-16.885161625032094,-1.1905408218946787,-26.987531587277847,-14.224327087402344,-23.42851219898669,1.4005724833452564,58.56068126906181
-23.017198986248747,-1.0387214195445968,-20.740928575645057,-4.483530521392822,-2.952381591994464,-30.344329422839454,-47.806305649475206
-0.31649320084017574,9.75665597261559,-6.372707115883815,3.4912824630737305,-19.999931051854738,-14.418804460477888,-60.61157857206474
0.9300883141176979,4.759866152638275,-14.633432268970767,-10.082561492919922,-5.188376204597217,-72.52170612279524,93.90601650527158
5.744753027911931,6.879398524589174,-7.899181786127205,-3.2143115997314453,-16.64816565483701,-45.944011455539936,48.1352559756232
9.963030217907178,1.6974643432873127,-20.299754670722056,0.22752982378005981,47.76957083559042,-80.3626571883682,110.59181566499414
-6.969281884008406,-4.458102520237025,-29.22289016873057,-32.89120864868164,1.9068082710886216,50.1573008700327,-66.34778815510394
-4.715096140738657,-8.437739567937198,2.6356795837071285,-6.752260684967041,5.98606775344213,-16.734775178139145,46.895577535028906
-16.47143347008757,-10.448931568913093,-14.791875412079511,-2.312047004699707,-49.64274002854673,-68.61165876473717,-61.13081610183366
3.0887600564782494,-1.1381345234054594,-22.781778526389456,-17.45928192138672,-24.850172591971898,-23.648757005349907,-56.07115018903442
-10.450519936558758,-0.8500102271219125,-24.307447661516743,-10.667728424072266,9.295892726721851,50.05508599096066,48.86136851030114
-0.11206946294553966,-7.464556632660708,1.0609548137322369,-2.181893825531006,-11.308498649919768,-53.810251004470175,-49.854040024976946
-5.164323869814655,5.22553205824448,-16.63649702090328,-15.659830093383789,140.5327130570963,-3.9630487329393183,19.758786746290895
-10.736129153916133,9.431406611681119,0.4204644390578051,0.43780317902565,43.64659504490108,8.159651069484203,12.993301774819402
-7.865051075577424,2.101523188103627,5.550675419313935,10.282608032226562,-3.4569514659836837,-64.45152766396875,-63.32215631455732
-11.884940786981835,-11.641033237991936,-20.965618877177363,-21.86886978149414,-24.547483340804312,-63.80827086595894,-51.011806246377844
-12.64013442962584,0.40837235772949676,-28.765690285461204,-6.929401397705078,98.29859731804811,155.85895864081274,211.18986047629153
-2.583147831258006,4.1868589293742735,-11.529634717165237,2.153245687484741,129.0291506565588,135.00483833651228,114.60586110740896
-4.173542904501004,5.249163249644255,-10.433745007221178,12.412623405456543,84.19438074133083,97.1133560283795,170.5133326951112
-4.913062409906526,3.9943730769764967,-26.643683923988245,-1.1057565212249756,90.18871956622525,-17.22122066924583,170.9223261949784
6.101629390943047,9.953318881249025,-8.347164330415708,11.516797065734863,99.77859167755977,33.57967294800439,81.47146799475765
8.779866944216474,13.21297272322476,6.767514341147621,21.31982421875,92.23453740913288,87.79468818269054,34.296805410132215
11.479776400447243,11.72931112846789,-10.263862889141674,12.135286331176758,90.07258377540387,39.705998583810214,133.53176600550464
9.869474066033012,7.078134650098247,-11.86362676400864,-6.964788913726807,93.21329599515141,-71.21300243265695,99.1235412569594
4.935908137012236,5.689051151584415,-4.701898377566569,-9.493511199951172,-33.571016200285264,-36.63789945989549,-55.959165370205284
4.01565906475408,9.631505742849242,-7.662201373148053,0.35909655690193176,47.409814392517916,-18.744234184230837,122.30502051194351
10.339021285516532,16.168831855472376,-5.16146726819879,20.62357521057129,65.92118787006513,9.33233984408435,121.59717721374754
7.8090144082636375,2.70951267862529,-23.184875496371387,-23.40193748474121,15.223393539016561,-70.14757412403894,160.90498658255396
3.5402878885023403,4.301419446651709,-22.55153489733244,-25.462778091430664,-3.5629301026888918,-10.374707559197812,-58.699708920169115
7.121790125092766,5.971985369047224,-11.9417806168365,-6.784772872924805,42.61118575173929,8.93117007827016,204.6590207870634
-0.7131360077719833,5.700030208101057,-5.695063663162056,-8.965436935424805,62.485848671772594,73.90026801491796,-58.80152433624247
1.2748835177512092,1.5028939583549,-14.760544914485292,-1.7226017713546753,39.58681066746651,-8.264170435871435,-58.73156376182513
4.227544550514925,3.3138645725900875,-14.204282533807142,-1.0929148197174072,41.313876232648674,18.994821337807434,-57.151631915370785
-4.144979208855565,0.2199457239264476,-16.49868522403839,-14.36237907409668,-2.30818529149494,-37.48166241049665,-50.28769747264198
-0.565563752983304,6.1599233001966125,-7.976351462413484,-6.998545169830322,8.550460995351783,-12.275939085543984,-35.032638141154024
2.4528349356075445,4.042265464151649,-12.176607760298065,-0.28800615668296814,69.62437177603516,-31.290098358936124,13.787422697396165
-3.136761871314631,6.003312530369677,-12.386397989926667,4.551574230194092,14.823904149787666,6.165116596085553,-55.183037803023204
-0.42961191476212135,10.643221594670747,-5.005908255700151,-3.525773048400879,18.384377928362266,-51.643023951110145,-46.88103520532052
10.69467898744089,13.95417962579568,7.950219517030802,5.359090805053711,22.678281427687295,17.282816730077577,98.23236811790542
6.202088508239678,-5.038248325359445,-27.03516403405039,-34.03850555419922,28.002490948887537,42.989904559848796,144.44819998088917
2.9936729547686936,0.8382360259626304,-13.185936949676144,-13.483175277709961,15.549614799426852,81.04544275887403,36.192897316283776
22.943065827541503,15.500094508713813,16.75404534831329,8.158223152160645,16.313165974045578,29.90294169709295,120.43705179055233
20.80841924859978,15.611314975010988,10.844296544416254,5.682981967926025,38.23388574074707,232.71350722029473,18.119630399411847
16.998674521519384,13.572815999725801,18.347195696272905,15.132766723632812,34.0267446917368,-6.234656986297289,128.95108785126473
22.526347869172163,14.636513595679904,7.093183659444196,10.8952054977417,42.88517312286192,23.772985071752924,152.77695434177926
7.749635303070837,4.9174195151811,-11.109108637197897,-9.326760292053223,-75.66239181431551,-21.355012433306225,-58.02416244658701
9.92730804015788,7.035446282932771,-9.957948296014266,1.5547595024108887,18.14658858027901,14.819645547080036,-56.482482343203785
6.79207622180301,0.9252040611902106,-20.362721830191674,-4.3955979347229,-84.17630739938656,-21.443003471517756,-67.16332334539403
-0.7238042059394025,2.8910640177183016,-21.811343470320274,-2.6451101303100586,-20.107027291270313,41.568499517060694,-13.248990868989305
1.1139620582607617,-1.21438369099181,-19.125275175300544,-18.40987777709961,43.84443239182406,-14.846095868718347,-54.27021779250957
-17.05250965745703,4.7187381308624765,-5.397236379186831,1.8755757808685303,-23.35793414457075,-27.286630961833147,-48.40822564611598
3.56064082417745,-2.027227357085294,-14.062282136269607,-20.91144371032715,-94.93422879452535,-83.28363549902983,-55.337763800179204
11.324010492598147,-4.185265327685871,-16.10225255910506,-8.929322242736816,16.9148920871573,-63.25660641877106,-56.29077686688596
-11.785676826097808,-8.826341472351297,-40.468579903255346,-13.683890342712402,-62.920123259672685,-75.25407116835639,-53.729582916669635
-4.677200567687709,-3.106970947048631,-11.791996188236293,-14.62561321258545,-47.21850768336646,-65.55023858803055,-54.12617567731791
-13.353486024123319,-2.294559058240391,-34.73327713487044,-32.78509521484375,-23.17762204489052,272.77468046301925,-52.81972437430372
2.285308986108382,-0.7650070628221123,-15.181336545240868,-10.445304870605469,-0.9682688173648888,1.023881939583181,-51.52714395892582
13.013551459695025,-2.8919920671684465,-35.03118558540966,-27.071640014648438,-6.910903418022846,-66.1403589518318,-54.048752804767204
9.816964033569139,6.852723639237552,-13.724176192516328,-6.410594463348389,-38.252470610350926,-27.652285507268093,-32.375132649525696
6.362462395431042,2.4826471962602312,-18.88197715799727,-19.281513214111328,-66.7667611089179,-111.58976665009219,-63.58092415728996
-3.8148356391565104,-5.4990274365346155,-38.84494571171255,-34.41498947143555,-75.5798278007455,7.95325066672548,7.422373482000767
2.839496935487351,2.405409247770838,-25.20560101868916,-11.682435989379883,-20.094183414697948,-76.57249626989166,-63.294399281747
6.228272548747456,5.267148282858961,-4.264119531473904,10.852274894714355,-46.89576675618185,-100.58993324651011,-64.16387242005094
-0.5111334842993347,0.8187674748326184,-17.037634404564578,-0.370122492313385,-13.598157524791647,-71.11526383708305,-62.760110056928156
7.557636579920184,3.4602402128062053,-12.580491292917353,7.136415958404541,21.49338560764634,27.72077348420351,128.975121448613
-8.078049845072618,-5.956692591717044,-26.496936758005997,-20.72091293334961,-50.62821088320475,-37.8308213439327,-57.01646656733817
2.405769414041102,-0.5605730116958857,-20.600454227104805,-5.634894847869873,11.153601440294905,-22.383659464288936,-5.397309937094334
1.2782548578647195,-3.5290861612623736,0.9054615974801546,5.4554009437561035,-22.54159916564995,-47.11163370268811,0.2550263409831876
1.1609431620097557,0.492706709046576,1.0132473999254068,0.2904933989048004,33.21756155016852,13.202807740575315,-24.373427002871555
6.9129798634080535,-0.7750581650024523,-26.760333765621734,-14.864044189453125,31.841333370120125,44.34360605131864,-6.3414576443365585
3.2428279150883954,-1.7582879674667533,7.667432177484475,-6.599905490875244,15.784805150665678,-65.47968199435249,-54.0142488829226
2.94540796887686,1.6128873568964497,-5.209850116201206,0.0721696987748146,-2.196719797653616,-9.075464271427338,110.35207924164763
0.9967040728652485,1.9055968299076995,-4.445010393302026,6.281571865081787,-33.45844913198553,-60.9763228534864,-54.95918343130788
5.266474916154569,1.9242070105210827,-4.885965465757124,-8.18404769897461,-47.594570612020824,26.98837835976055,-43.56185102323842
12.035926645658487,0.8627212505616817,-3.4829860628462828,-8.353835105895996,-49.8575493011683,-28.837840871295384,-8.393004526014726
1.39292358321831,-2.616362443428155,-4.819937596898494,-2.3099100589752197,-46.180644064952105,9.640622201993423,113.13366200822894
6.01610643997421,-2.9287104203268695,-0.4128313651367256,-2.899170398712158,15.179487859808605,25.143162091662347,-18.951606808266046
-13.052305480931809,-4.066984519921391,-13.152251553877974,-20.406070709228516,-53.687815593826166,-35.16944622867141,-40.91789569126868
-21.23588116319424,-11.879259565697286,-11.52958638567223,-12.399749755859375,-49.83483760635419,-57.430293189957396,-38.39329525727821
-33.227933240820995,-20.295430452778948,-25.157471787146292,-17.35073471069336,-70.89792796913481,-35.51505905121251,-36.96562304830166
-32.729198160498505,-16.798024601807057,-24.8247903358502,-28.744413375854492,-56.07179229970715,-34.639512521843876,-43.47056224802019
-12.058384723570663,-4.757364321971585,-3.4964999003137693,-10.123993873596191,-13.536465101498207,6.111859969675947,-57.25227484527842
-2.3720303649727503,0.6696174873044374,-7.010363057560054,-5.154033660888672,50.45625317366057,38.587622078268055,133.26279469335978
-1.9848045130404166,-0.946575679372764,-11.986329406037292,-13.553400993347168,13.02103568113107,79.04725341354147,-38.96934968033926
-9.295696006058138,-1.2844141833993459,-0.43524066673261985,-4.1152262687683105,-2.6793041156558965,-30.307026203373074,-43.13717565200557
-6.017087934071017,-3.591214018554105,-3.954872112166299,-8.480339050292969,10.029901047598154,3.9703465103947253,-43.14569726832357
-11.512471972988125,-3.2968930085846595,-11.577276141964312,-13.032845497131348,-4.293508690855353,-53.094736525176906,-53.08460373557757
-9.319029367033439,-2.2861904353954725,-18.510743979473435,-10.072630882263184,-40.86411571820596,-31.77796028678893,-56.197255276943
-4.351398881327763,-0.5243142711963611,-0.22513027270587202,-3.484003782272339,-43.40171347131662,-34.04408265344653,-56.23868200910992
-4.8926059186801,0.9504700529491559,6.525116901966082,11.516840934753418,29.24295900549669,13.067042824180225,48.150877306607754
-5.69453639545655,-2.9362116599774097,-8.084896554214525,-7.2252326011657715,-47.792076303546786,11.540299929815266,-46.47486594132328
-11.739913795229139,2.404731604160848,-5.572715919822038,-1.4606983661651611,-6.750478559115423,-32.681251125456726,-45.5580772547775
-5.5845271848035045,8.13218957506501,8.061245801756389,5.827547550201416,45.31921323626265,-30.91317783321823,28.362225297045388
-0.6010308710723817,11.570419112518415,12.642297468352433,10.115426063537598,-20.333280669734073,-0.484274651609,-43.285024723865845
-1.0037162690049397,-0.43859048523909366,-4.628475578907221,-1.4600201845169067,-29.140690591835096,-54.35617260249549,25.01118328029128
-5.915351793940293,-3.6366374991920067,-2.4219538552248725,-8.14317798614502,-62.345091815032575,-87.81236435341197,-54.93267737281734
-13.65568116829241,-4.426909465949369,-9.147053697831494,-6.525580883026123,-70.65343651142582,-56.80099738177634,-34.53105509978541
-16.44907169488262,-10.006135599715297,-10.975384608118683,-18.278961181640625,-65.09974176518288,-80.79952975163746,-37.647739794338975
-10.863763106786562,-4.259506102738358,-8.595501510909045,-17.521865844726562,-89.54214753107162,-12.239565178063419,-45.27562487126728
-17.031151968651702,-0.8145045799761235,-5.83079887010976,-14.244794845581055,-55.451805357671496,86.20203783566201,-42.78154542466967
-7.790165766034137,3.9990844345820196,6.830610084397972,0.03698420524597168,-26.054097790690683,9.294610328630247,-54.70192314742354
-4.987015375070695,-0.06080553543812473,4.146217005822166,1.2317126989364624,-70.36469654181985,-20.525184160051378,-57.713894634810956
-1.3202655582391951,2.536065653726155,-0.6290581543807179,-12.292308807373047,-41.87611424275489,-9.925864662122118,-53.783680642573216
2.3693038068045267,6.077923648577531,9.890530777705788,3.7488155364990234,-60.88928357681092,-20.433520882668834,-37.71813164770835
0.5899881802432908,3.17317677949894,0.5905578356277064,-6.108831405639648,-48.53276987714963,-74.34209329834039,-52.75248554737831
0.729924623249391,4.2702198302894825,1.4103394008927728,11.516341209411621,-3.732838751085243,-3.084770336958549,-50.44708014734924
-16.903563016346304,-7.509957961369648,-18.98343630843754,-16.43718910217285,-69.65694035496355,-52.41807709363646,-44.258783276413794
-5.221778009004549,3.866078314748045,-5.753716813334729,-0.39725229144096375,41.31215194729088,28.02747650526651,61.60508798813313
-5.641473691326185,-0.39144691699255024,-9.64520240113311,-6.671985626220703,-3.089366726715258,-41.257111269058036,-9.844167350649085
-3.4968338163660286,0.026469635642303833,3.047731725710809,-1.5098282098770142,-42.87247903979525,-25.675999029422304,-55.603848011179856
-1.86925618015153,4.550946085807365,0.1086391602389302,-1.931777000427246,16.055597832188575,111.52342283982851,108.080115207798
-9.66136720289576,1.287404773959044,5.514056449179992,-3.5952348709106445,-20.396183162659746,-49.56529501874404,-55.12455992777518
-4.348604726729475,3.2994514786075864,26.058407317065274,19.02288246154785,-31.811641189883183,-43.544256831011,23.803238646457253
5.469897431646476,3.1441195694747424,0.6621728499223128,3.7804393768310547,84.67630478899304,3.919787967198497,11.588486738021267
5.783682153775664,4.787473392770776,-4.58420172323664,8.90150260925293,-13.382118709928308,-41.39516917663948,-13.752263597912828
11.928337412934747,3.406963977600541,9.02857674765347,10.354762077331543,40.31881461242441,-71.89235918462019,21.30885932966316
10.084465558502124,2.4098424178345024,14.566920602544057,10.316001892089844,5.835861588001441,-63.11383371570548,38.067827446913206
-0.6823347924366014,2.309783885732647,5.488339022159479,4.278017044067383,42.102688329828965,-9.03294372363957,142.13012039678588
-14.073262502290627,-9.779987541705257,-7.225135724617333,-4.586190223693848,-11.353427686549262,-1.664673410083353,-46.278612668084136
8.36005835818349,0.36077397733418076,10.23245853282616,-0.22009989619255066,-48.159563498983495,-78.78237948573455,-58.37284593613386
-2.836855218500924,-9.737780156628911,-18.93316193452994,-18.806873321533203,-83.07339532284044,-72.91438147045214,-54.69684126428938
-9.211488629078673,-3.826227003730255,-17.388817240119014,-10.692625999450684,39.152325105876,44.524471355966796,-50.09859353229153
2.870604989418786,-3.0426673428719044,-5.516751360449628,-0.3012883961200714,29.552788771081342,41.21538025317606,-51.090302390885626
-4.700431284524654,11.249202873840614,32.157086677370636,31.29315948486328,8.56174513380128,-46.04031316316454,-9.37508261208628
5.808392397637912,6.558371581732433,23.100209363147705,29.736770629882812,16.93468480887419,60.54406602021147,-47.490019155935826
22.844526587604324,9.79498807325292,10.164688369213817,8.085904121398926,39.40349135854903,80.2564685211228,78.82987443852561
22.40684336803921,11.092859838126385,8.128087495042248,9.308563232421875,74.63036524036335,71.13012826754688,212.76224001071003
0.9494949248017586,13.04657832078772,19.39251374440811,24.07975959777832,34.79094130533921,35.59063400029248,37.78490544526585
0.778090009622286,4.382088474813884,1.6639207563247382,-3.8679661750793457,14.585731721858169,-43.816966031545114,-54.0509029585553
9.490554510276578,4.493441132437937,-7.8398620127968535,-0.6096950769424438,-7.0717509151836815,-73.33561903584054,-55.481148976475566
5.4637429014101135,4.471038952772153,5.567574223244367,8.860923767089844,-53.56932551285811,-45.13856199584841,-23.55937089762451
17.12183061742812,7.375670126207376,10.004609668791502,10.800742149353027,41.57798465268405,38.5855670652276,136.23467533513303
9.444462675177315,6.153285162190667,-9.293023437516993,0.7482311725616455,2.757813212465429,-115.89469610197281,-51.47503102240161
8.225092389279487,8.211647118175298,27.83396870315335,16.971038818359375,180.43645179992816,61.457976585645696,196.71003894303257
-20.970029369802187,-6.68697876788076,-28.883487296001302,-25.397058486938477,-58.42011367170377,-19.479471464536676,-3.634753650115553
14.041681078833617,4.793512156741705,7.953685685387385,25.94478988647461,28.43372742423182,-106.26640457303617,-56.60690524470385
13.959313318534733,8.179312818311777,5.880726759995315,18.40843391418457,-54.9448183409945,-125.65196672516967,-60.13831813797252
-1.3798962911609622,6.125796525213394,22.77751392914365,25.818254470825195,58.461384827290296,28.809532550414442,104.48137523274046
4.782861152590436,7.659698749922311,17.127935286593623,12.96386432647705,61.248742223679606,-24.455340535224128,-50.96746869526771
3.838028189751167,2.025964975399649,-2.190361343829658,3.3230409622192383,0.9617715919137537,-20.199014397105223,-51.43160634380746
4.113895616706995,1.6706907033671472,-2.3468281485943634,-2.7346105575561523,54.15789789463825,-70.74277825686667,-50.77267454363687
11.803676385348833,8.563285465112555,14.26129309381348,17.72077178955078,48.47762134142747,32.64488675720671,2.1791781866426083
15.959941915511921,4.162932708008174,7.81667655900776,6.058903217315674,-32.25145076183001,-60.34343240515449,-66.91697907822586
2.766717055822542,0.540119950167703,5.450439245777155,15.519463539123535,13.509918710024412,-19.064585161467637,35.045050581978664
-7.788267506392187,1.1462955321054284,-4.264524459131446,6.482835292816162,-20.32489928748254,25.097785288144035,67.42302078729985
1.6150627825312196,3.8886010573638576,0.0611036228543782,3.873945474624634,36.62490178728993,-101.4387427905093,-44.320184672356184
2.7168771297163827,1.3331034753884008,-5.860431658413581,-6.14014196395874,-16.893278277738283,-86.50733253479338,-56.121410933966885
-0.5047619749237338,6.193148895742572,0.6680197987635417,-3.899407386779785,-27.010169840242252,-54.946332242528904,-56.24194189974277
5.580355107855014,4.665889500255319,-7.222321676164352,-7.449746131896973,-17.91065708355658,-26.196230559320593,133.59239339532135
12.209123575944632,1.4187549049859591,-3.953123862619312,0.9944189190864563,8.895381988933313,-51.72278571129957,78.21149329404282
16.0415484196006,6.838860427675842,17.263546549345868,13.17009449005127,88.1303219365783,-28.758861960259132,8.023549795631222
0.480580079159725,5.7106366955872065,-20.437986639468782,-15.883058547973633,-26.754690889790595,-13.514166357244372,-45.915745620439864
0.2954787071609133,6.216597186714117,-5.202627922344313,-13.592080116271973,-44.09644200966112,-36.34469280873751,-39.50124462660007
0.9594326420249157,5.709223370980891,7.175685680738016,14.934128761291504,71.45717700985489,146.27895544489112,88.43363877455465
-12.900874226883849,-7.585537638920852,-6.245080707463624,-11.431317329406738,-83.02511045191062,-65.33474891952754,-57.57094518486221
7.24377997490921,7.255743527255501,13.022825697155998,12.074874877929688,-72.39465075718618,-27.509935785336822,16.838702914295876
7.694290885228393,7.436192942821884,-10.724100099620713,0.5235898494720459,10.603439317247874,12.680118546805526,33.23238681371288
13.795464125984997,3.984655039753843,-17.846145538675703,-12.2026948928833,-16.519929690371864,-65.78897021989464,-54.18338697973367
-1.5761941324195303,0.17870155410320643,-22.994766458921543,-18.77924919128418,-51.14535989729867,33.836834889889886,-52.78062309631524
-2.1629840316601987,2.589594657587672,-16.544287825335996,-18.95136833190918,-6.70763716721318,-35.162891521535244,-39.23411483731617
9.278010013514468,4.145720385686669,-25.46454336781353,-12.686366081237793,-15.11853988500035,-43.63104457976998,-52.948734638316104
-0.55535031922198,3.5494903169912377,-11.124532790961588,-12.434630393981934,-57.73760814850883,-107.23201660907806,-55.56321553493676
0.57704410301469,-4.991346533179345,-26.647088257596923,-27.957393646240234,-51.52673879327747,-40.94971379370874,-28.251687258066998
7.207916468804382,5.357198471653709,-20.867704240492138,-18.664581298828125,16.953482123469076,-38.81520431810292,-52.43706892286056
-1.6947312934013457,-0.4284318903746715,-24.587840454562922,-26.691152572631836,-47.7937340061787,-63.26613741162892,-46.38967206366924
-5.280275191559783,1.4877554710574028,-32.89020184728657,-31.16570472717285,-95.2320700113358,-49.543765067924966,-63.86597735991865
0.4418880283972444,0.2539802945990279,-27.160197539115266,-19.285600662231445,-4.086299786918035,-81.86469087865329,71.47918263959014
-2.0860179280135,1.5941862320075582,-22.24571027359882,-23.605831146240234,22.160210524775447,-48.593308527440904,-51.47262061878194
-6.884632681576977,0.1259972489180761,-17.246473263114062,-1.8158560991287231,13.598177126483463,-74.09986581335023,-48.19657212869117
-5.480400609395098,3.632722767216563,-17.64991032917279,6.741388320922852,70.83733259361662,82.64426806183396,10.872347995206821
-11.548867470985966,-3.5208615564899803,-20.06883372429831,-4.726085662841797,-0.4887462515020519,-50.595840434238724,-59.994196336882794
1.9384173277347378,-3.2098926017138325,-19.66147167269486,-13.238275527954102,16.76562646959715,38.58751773434544,-22.40774637574909
6.8670660007968545,9.313840163131445,-6.1848808495193595,-4.478391170501709,64.75798535259844,0.7641403189155127,275.6414548429983
10.074531336422858,8.318953734120177,-11.23367096825966,-3.3976235389709473,21.966441041441154,-21.799142603840945,-25.26726024789683
13.980590746154789,9.855880512291431,-3.3781750214212707,0.21821075677871704,58.47508555048581,-14.393382814884577,126.42269906721559
1.9981253938420391,5.760384404524751,-10.819564132050653,-11.2732515335083,51.7582183364135,54.35317266558782,2.965186678534356
-0.03401328002891191,4.271306217266649,-15.993895518809694,-9.295181274414062,21.791998713156914,-16.03456953423399,10.327713073121508
8.67812491746089,9.128414569873494,-13.093563938102283,-2.3323936462402344,75.1058743815355,11.344493317671782,183.81057949789226
11.544605540529302,13.182595255910636,-3.8060827547225387,3.4608492851257324,81.93731718572239,156.04268321735168,-7.456819127194816
8.962722664108638,8.422963301161907,-15.20368378476569,-4.327001094818115,51.65432091076253,113.91391504387373,148.08154771933744
10.955209515259343,10.088234587798114,-18.163721804804254,-17.84524154663086,-11.430904682452214,-40.14059899233572,-46.72896962898383
-1.5800901866963064,6.636783008582198,-21.485279929677446,-16.398401260375977,74.35853270523384,82.63516013967016,61.80890986101295
8.580174763406177,7.798626596652724,-15.845693692866588,1.1807348728179932,58.30144737601149,30.92848512581327,24.3439671512324
4.595917751292774,5.998905958734453,-2.1728473746352863,-9.882153511047363,-11.950619813555937,-51.21705378807424,-54.12679514746369
7.185845091714752,11.613637470382312,3.9322174792707365,4.356320381164551,72.8169384085565,108.05648738045274,76.05863395324248
6.491007539961299,7.211836487527603,-9.020550619434776,-7.366780757904053,17.441059686628687,58.88262104481042,32.49195275925733
0.540256932860731,5.096753606255854,-3.539957836160385,-6.291621208190918,-9.664613215651482,-19.449957024988915,-59.95857385311695
4.834035499140226,6.012664930011247,-7.8315982343348125,9.337420463562012,15.106872221703638,2.376182887944067,138.16521063838255
7.095509897711522,3.0959449271195774,-2.138597418771185,1.3020658493041992,42.92931562779173,42.76217619926419,76.55315385359204
5.676983063405495,4.438249884042651,-8.848412783566598,11.279816627502441,5.930428761956771,-40.224508560330634,55.94261675902261
-20.230788284311135,-7.247660288478232,-36.28765762544064,-19.58769416809082,-45.33705066606683,-25.10533366224257,-65.49174421229637
4.848699881236839,-3.5636408446626167,-23.012047532736,-6.034168720245361,-29.695614122891396,-6.81549713863996,-58.859152199422745
3.7778330880461937,-0.6064578615540663,-20.243058698713195,-5.685000419616699,0.5168398570045625,44.29310371309132,-55.82918316399642
8.146045017001011,1.539431957341386,-14.61411356519746,-5.792387962341309,-2.201801139002118,-113.1478154539482,-60.64740894696256
10.263544968795408,3.729505834485877,-20.95735399989065,-11.604257583618164,40.795315472893826,29.751661432083978,23.70932115130834
15.489091303067994,6.334677329691757,-10.801155003714111,-6.800209045410156,41.42642821354891,-36.60094327017287,-45.954320988286185
14.434444062003365,2.637507371150794,-20.761347959443857,-17.788930892944336,50.20544371813518,72.0717602160768,-38.54803324493664
14.148348129754325,12.777251764123909,0.5900760631836081,8.22889518737793,-0.8534592424133329,-10.583163767940048,19.502794398167392
-2.144234150947079,-2.1190278610447497,-14.692340258916268,-7.490281581878662,-12.760528955503075,-68.94508293393896,-54.387654319571666
-2.248177534977313,1.1006788257843467,-19.810237081286864,-11.476507186889648,9.24977006737721,16.401577245392374,-54.04822681620664
-3.7503108404216725,2.770478867956047,-27.01527918887576,-14.002897262573242,64.36218729434577,-38.8533685491849,-52.81556103011859
11.910994052005675,3.841748659203735,-4.268036827971551,-0.2880634367465973,47.31536483054253,32.098707728872554,38.61904401189895
8.443014418950622,7.617872852255112,-11.238975003376385,1.4933171272277832,53.47614531872302,-5.46587395803733,223.93554713434386
9.59370344016505,5.203509936893208,-8.89071844666472,-1.7363214492797852,51.76674154999626,0.7613773800022876,151.69619848923398
12.38794790391067,8.515222309317972,-14.674749205836822,-7.550826549530029,51.171549371750224,-11.30791898675867,171.4900658151099
10.893557340766893,-2.392599353396425,-33.3674739788145,-28.273849487304688,31.860448828796756,64.37506111794335,-49.099501648687905
20.776687162288216,6.742225086257506,7.383707843599078,-5.038314342498779,23.41853284880008,60.118826331711745,52.8423256375862
6.474410668031061,7.036288273855981,-7.664234220882488,-19.397058486938477,-33.92624792864709,9.312334372935803,-48.955667486243044
8.555274124226463,10.109276046550313,-15.32369679223286,2.834751605987549,34.63313453092771,-9.366870887013185,18.284835439157106
16.19197203329299,6.164565900577918,-9.010273235104801,-7.1276044845581055,63.93996148500161,-44.55658915561617,9.730722863676046
3.253024281491948,4.2013671206484755,-14.007181781148596,-14.559754371643066,6.947674308095637,-52.1985333305543,-2.6594679871112668
10.139975877210876,5.781895006869326,-10.92974895643105,3.169154644012451,-21.56221914836895,29.811818488655344,52.16008467447278
18.597805146882155,10.884114859126921,4.036645056244918,19.65125274658203,12.877478390180718,-48.724762753563276,-24.95010383113693
-0.3446502203612869,1.0269068465155722,-21.039085370291335,-21.683937072753906,-58.54273175228289,-87.06614571240637,-58.3171887360985
5.088358526444549,5.356376441454514,-12.241857733604466,-20.000022888183594,-14.2447251854743,-3.1640274038501075,5.618325142216867
8.109064202478361,3.7122733084086312,-8.950735175429422,-9.903036117553711,58.33308888488048,-29.632104152391424,25.24557470899028
16.505555124818457,3.9328494579992466,-11.972095061364449,9.54775619506836,31.242470275979624,64.3904167518529,-52.74014668995155
6.09662732420925,-0.4646860603477336,-27.94669888015421,-8.068073272705078,-45.93154143288977,-21.06195161259336,-50.79810703957889
4.658341926584463,10.11866627502117,17.521175705056034,17.901906967163086,28.672136169064466,-42.55948501774977,16.087052028807374
2.063026645771827,7.841363678159,-9.24836855129156,13.45424747467041,44.803534537759944,-74.13803489095345,77.39559035219318
14.946799275653731,7.957833513371126,-16.37665264372555,-9.840651512145996,-125.19178546852936,-73.97204280506672,-62.50230690212819
12.271229970326745,5.319713118477381,-7.833307664294588,-10.101922035217285,25.680670638377286,-8.829951516187988,-56.51398065734029
12.345322954985022,4.660284955830127,-23.860652505393407,-19.487112045288086,-10.208040123549852,-99.59917583123404,19.694522479396287
5.095821846100339,8.146467825613703,-18.897774759883998,-0.9619647860527039,23.066319995261193,-32.72602592505472,-55.728859188535495
4.300988369643683,3.630190003967697,-15.53352811471107,-14.901392936706543,8.37320070616613,43.77764651797151,-47.95451865162788
-5.833943260884856,-9.05096219506432,-34.32396871471734,-19.866209030151367,-40.12761171861863,-67.26950604532136,-58.71914200554856
3.5158229372104053,6.921607682654107,-20.507575667442843,-15.061059951782227,-28.043541323798024,-70.99490024836562,-49.35358178565798
2.386886672319344,7.685438588443741,-2.940274671984335,7.940458297729492,34.30269482605686,92.8097890593845,-21.36154787938296
-0.8408609103931302,12.347138130909658,10.008291881717412,7.1594557762146,43.265174859444116,-17.636269029711062,79.83226917531572
11.34282547584544,20.576770102431748,26.568878517273625,33.343971252441406,49.76227332981332,32.092389117970335,50.79483627476712
2.9326253396862443,11.506295074933345,-16.576006252952954,-13.710151672363281,28.17726095200446,-36.91243191653831,-53.6656938877234
15.580161100633834,8.990385567444312,-7.043977423946667,-5.777981758117676,6.846865363998317,-57.906172124237145,36.83047958532897
6.708547832879234,4.711683151427841,-17.665771335711376,-18.732738494873047,-1.3321571326577342,-2.305213157225118,-45.40601257369746
9.065347618804225,10.611706226970144,-14.31808681177869,-7.89717435836792,19.6386160379805,-78.65121082332264,-49.87895117338959
1.6326909726355165,2.0446210091895702,-27.279143631273637,-18.47124671936035,-21.824818263515752,-50.373754684062426,-56.3171159657797
15.38229345798715,4.214440042659327,-19.75601079131699,-20.022184371948242,4.9823837995657865,106.57387525860678,118.23058303643724
10.68179190024978,-3.419992701483852,-26.902722026223515,-27.50543212890625,-69.81557447755846,-42.91527414608945,-52.59264281580617
5.8366335075181395,-1.0351180799991777,-20.00265414302886,-25.0604190826416,-97.23636226312979,-40.85865129927955,-55.5811109665575
6.2954430863688655,4.636004355593915,-10.37484909439032,-18.371265411376953,0.785251544356905,-36.02944496156309,-16.766304280121844
5.649829671516286,4.291567217971606,-16.1848336525341,-8.104816436767578,-6.432359263770872,21.418285428950067,-11.68390782722492
-11.264532645212109,-0.14030127375430934,-18.32237720285555,1.3284697532653809,-31.138528233623635,-84.69299462753749,-5.561216783812834
-13.868229649545817,-3.6794127035666815,-22.701269621842123,-8.87918758392334,-62.2017265705227,12.165509641036026,104.13265678832299
-0.10617743469509988,-2.6241980854102755,-20.760081462944076,-14.332300186157227,3.921389071670558,142.26947211230984,85.05862093095176
9.672174479362553,2.9354748536082957,7.439120435755512,-0.16118738055229187,-7.7151692978344375,75.00292564117761,47.367100229585546
0.45810744996089814,3.399698909911913,-5.932706465024573,7.172190189361572,-47.77792146205579,-72.3026205744005,-37.73489898105416
0.3498097511982803,0.7159130710882409,-18.473332609129628,-6.117157936096191,-61.89422914667469,-103.85822127768839,-53.01626905825415
-3.1014386280930077,-4.26597822272107,-29.068189351177292,-13.994588851928711,-80.42245775189869,-126.36133639986902,-56.04937788088393
-2.1441135058780025,-1.649928686687243,13.609076609801983,10.990885734558105,5.597709659857076,2.9277516303802344,41.6481489019846
-2.1132819319166485,-0.9299811248390178,-5.4674391289997795,-1.0958139896392822,2.659370980466699,0.835718992564497,-39.55830083077927
-13.951339892196698,-12.431620955000003,-31.618486512083603,-29.322376251220703,-63.81756988784502,-64.31371932282578,-42.39701255624997
-19.736446924261934,-6.736068945624331,-10.480099696415474,-19.598533630371094,-48.1468913197394,-61.21255135169324,-41.73205691569663
-20.352932783436177,-3.492280564740896,-20.53616790323953,-23.43768310546875,-11.072752713004949,2.3830521013962547,-43.658410010673116
-24.430694609894555,-3.139322986102225,-19.401326018507643,-18.770811080932617,-42.22915182578654,-34.97182096873601,-51.70783772697304
6.157867485621252,-5.182986064787586,-6.225980934171915,-1.3212428092956543,-51.52122046105747,6.9913543175722195,-49.93991962935378
-1.583492052656952,-5.014825132477235,-5.178146088919197,-14.140442848205566,-29.49439953675782,60.23906730937877,79.69404983464334
0.5966077869893003,3.3613780588884548,9.465266856979143,8.893522262573242,-1.5853807882044268,-90.67992349198897,64.71989877209545
-4.464344011339927,0.05971889807640502,-8.454476018108226,-11.156920433044434,39.14718888259683,38.424101202563065,-54.392925572845186
6.4866602707917025,8.868080472439317,-1.0573617056274063,2.0652499198913574,-11.09490896740417,58.91494986227865,19.676002389282676
-10.200340797806783,2.999305132719203,4.298714786427771,7.407533645629883,45.211309860206995,6.216284294635981,135.3174506358467
-6.978541686542456,-0.07620376854170949,-7.77577429161198,-5.1248779296875,57.10729853637782,-33.08924707630425,-56.50487445295636
-13.389092730078001,0.42229022489705575,0.05592576321872937,4.752906322479248,20.03433652547667,-52.12359559766875,-53.10816596552207
-10.343420634202356,-3.332021006910128,-5.128294033074501,-5.7957611083984375,7.900157805256221,-52.03127438495879,-57.251001362316714
-8.907416441730515,-6.883803400928993,-9.06678269983448,-7.921769618988037,-44.94882849957208,-55.29761411719956,-65.82289520187585
0.6810093450658172,0.57722322972989,-13.737090407457728,-11.862799644470215,27.419255156391067,-31.085764946365725,-22.876193881503372
-4.582739040057366,-2.8384373925117323,-6.764962328788954,-14.682882308959961,-174.06067581556067,-104.5265195397073,-58.33525843752284
-0.05965832242898972,6.030294791914187,3.7364625769694535,10.492080688476562,23.62368987328024,-26.816206590362196,83.25427535323483
7.133455480870787,3.5708734565273805,7.049235009911468,3.7739243507385254,29.54730238293644,76.48202770381472,-48.84586452642422
3.682354075270503,1.4243764855450722,-2.0648023481934086,1.5623512268066406,56.86344039504925,31.665247562473464,160.91845476429094
2.3168943071140102,3.9820439181478005,-0.268952648777443,1.0928257703781128,29.934801926981905,4.447123296484572,94.3741888794386
-6.856305543030413,-1.0195462519305258,-19.83608877878309,-12.732736587524414,-40.21671311399191,-28.864187545558654,-48.14381816166976
-0.5653589410109052,6.870790986726504,17.3725643245777,11.455949783325195,24.436901982736117,-35.16766026741674,-52.890013575353365
1.7118605566699328,6.274843528135176,12.414399528181727,14.970462799072266,72.574286921268,-27.117239432256493,97.78547660728448
-7.230127279378368,1.6153836585021792,0.7185739264637571,9.138237953186035,44.39027360666944,-86.68876569708632,-48.42250904480062
-15.77445612920245,2.2506597824110215,1.8987596585577358,0.7713187336921692,38.44811736033602,24.29310731138871,-54.879408134332834
-1.5159827868314018,1.867393223572604,0.6659116847402292,-0.011853158473968506,99.9155447495386,-9.501469193410447,-8.523679692384205
-2.4207797506497206,-7.607036737688006,-5.08799330627753,0.27747899293899536,-29.78657018412386,-85.94793689371332,-55.95073129532969
-14.73846709625373,-7.659694712850493,-6.890518858493253,2.2098331451416016,-72.92755876814803,-58.950516719279335,-60.15512339831825
-3.0604835268265687,-0.678903000888012,4.03994979652195,3.509395122528076,-4.810058064766774,-56.27553922061695,-55.9705687593826
-10.061120241621262,-4.593490532477125,-7.592754777480383,-10.172904968261719,-31.62365343526627,-29.225508415083954,-54.18366600906761
-10.077748442902102,-8.456431697689501,-9.865331106422564,-16.027254104614258,-3.3662223939063196,-14.076717673968096,-48.30307238473091
-15.322522705211393,-7.293655502810126,-4.862955152941873,-6.782597064971924,-11.53032223381563,-70.019789665219,-45.214281089221416
-3.4159290313267956,3.5922739719106698,14.25698594875875,9.022391319274902,28.212428022729995,6.589478414129526,-53.22566573765379
6.696222966321781,4.0039561927116445,-6.213456160915601,0.1977648138999939,10.995118263712362,-6.730643136172248,-45.41854308392983
9.908226811778293,9.713733021736893,28.12573852295144,16.418790817260742,-27.50158722912831,-58.338836753797416,170.5140864998817
9.569845713032898,6.944146214264864,0.5640712869402416,9.905259132385254,20.785362260365144,-35.23659781690921,-5.636453809220141
5.518686280358424,-0.5358823458205613,-1.6463142295664723,-0.49941331148147583,-44.13623402643842,-62.046764094931774,-63.527182996219835
-0.29156093796856086,0.6613134979467493,3.2845788039248527,-0.4421367645263672,-48.35457805533852,52.761371148692646,-53.52826961654686
-1.0476923048837061,-0.18200247744014747,13.248591158787963,-3.183960437774658,-52.9327789849353,-10.193006062583612,-48.12362356112883
10.686481485277403,8.660414500462332,27.57400843053883,23.278942108154297,146.74069958894728,87.70001100933966,177.66156632867384
-3.7391476407865154,-4.718522750013332,-8.589663558352854,-5.042838096618652,12.655616375008458,-75.42079624456703,-50.54293050868436
-28.513467647606653,-10.166999381747582,-22.05487693025637,-19.47795867919922,-79.9511268923312,-60.94954700106757,-61.656257207971706
-26.098207743764394,-13.639298526290839,-4.692962428220353,-10.411419868469238,-39.37111298695081,-35.08992505775813,-34.13256876282599
-5.255431968346099,0.4762683245808905,5.964857842594113,2.4219493865966797,-55.118037842078614,-68.37029806059202,50.594537476050306
-10.3998916507869,-4.219571121755249,16.198060609342175,1.3435360193252563,-58.27538368457511,-65.51112122631474,-50.05783478330369
-6.24828994486227,-4.943504075983028,-5.795065804192685,-17.08941078186035,-38.11214474964094,-67.70026908195507,-41.37021811938532
4.059995361405021,-0.4216939720067405,8.097993974260614,3.8278613090515137,-7.7952210306748135,-85.26622851104646,-52.197284845541084
-4.2949647650968865,0.0670069064119387,4.003744818735426,-14.484416961669922,-17.792503211710528,-18.932801595281045,-58.41747627039514
0.6389429780631468,5.393306854929948,31.906779624980206,1.2876206636428833,-16.409026998778184,-89.09197262050922,-43.11869701631173
0.5995139339828148,2.2869530550512023,2.921132374815529,8.972884178161621,1.6801285208677488,-46.799290311728086,-38.417628089884886
4.338402197564215,4.310730961709538,9.205999196667912,0.8465306758880615,-48.35450449483772,-48.441330308627386,26.95430648340253
-2.448493709061373,-4.865026592617639,-8.073632644455992,-9.53347396850586,-24.356552553155815,-24.267990565784412,91.0673790771355
10.232438367968191,11.669150553604343,30.67605225385804,33.48503875732422,17.457473493895016,-33.87487180769904,-50.32324758582712
11.912239621113462,9.103526486784645,22.238231199982785,13.94874382019043,-23.102005598209246,-86.20683203055474,-12.483817578583185
12.852234393259717,-1.6134438024746145,-0.7493347681682706,0.3285585641860962,-42.87620551883821,-15.27895039864153,-7.687181770611492
1.3205976489164708,2.414728038272987,10.59557753091098,36.636322021484375,-50.60580463188037,-85.50083980907529,1.651708923132228
4.392111345807437,10.332803495960034,36.01041535136673,22.07516098022461,43.077424123252435,69.16335482971245,-57.41123192162538
14.141885238550921,-2.7501222801837706,0.5700161479071496,7.803821086883545,-8.806347999403338,-54.60555129672003,-41.51376385205654
-5.975963810456283,-4.344618190784327,-20.706171951974717,-8.772632598876953,4.803246993258925,-59.825084739895445,-41.24622240474668
8.583841583462549,-5.491645618179772,0.8101913092868157,-0.981011152267456,-45.01982949515996,-26.989007212941175,-55.81600784700065
-1.2087921552537881,-2.997323363543952,1.3482812015921348,3.110539197921753,-36.261716756240595,-68.05741073710918,-56.50993070618278
3.8309995435975663,-5.360671305943402,-8.575893855402217,-2.827411413192749,15.591649128421812,-17.760189096021502,-42.77176834199712
8.794051639526234,-0.13745871853913857,-3.3338681358614948,-1.394213080406189,29.725925420103994,-39.456284901075215,-44.65982524655941
7.899298370477969,-4.765066046046845,7.485639910087074,-2.3240718841552734,-56.39312415515749,-70.74175694335128,-54.986789339818785
14.623490155082024,-1.2425419097059067,0.9271033515733325,-1.0789926052093506,-30.423274846290504,-61.02682666861305,-57.84494085097603
6.250841422419328,2.694091820568926,3.29875337144148,5.774821758270264,-57.22611474156067,-51.42211199804032,-58.78624604488413
19.915247313097698,7.608519491105108,7.885098483648392,3.3789992332458496,-5.215174993007139,-30.857793349742355,171.87950161408386
25.79247209725396,11.299276099276227,17.387368836850964,17.011510848999023,34.87477701266754,60.462333294614474,27.08396123623222
19.301385121726856,6.800631782457182,16.309654779944754,20.24366569519043,79.61701177538944,-23.95536591455405,-19.011635268255503
18.610697123321625,12.81497078864358,20.18061194302712,19.07795524597168,-17.33649881992006,36.21183237706302,-55.140182356001894
16.65583299922468,12.537113772285533,17.689927517461186,25.90200424194336,10.286391334878173,18.11394861362443,91.05282441960172
4.036179152103331,5.649529380819,3.289495405925956,10.212523460388184,-7.380675763316108,9.628674887621969,-67.38888257660986
17.706228304089716,5.8500651727226085,0.25456767797060204,8.936910629272461,33.48806821856188,-56.52039229163928,-58.93434704227045
18.918633399517343,6.249692459652261,-1.8574592772950793,3.3784263134002686,85.2213964118986,122.12898897547528,-13.184644412406548
-1.1500163480000483,0.5734623819609705,-7.41666133458568,-4.867965221405029,-30.707591955020497,-18.298452296477123,-49.873454053672255
0.29471414370619353,4.454258681766669,-1.002078452366216,-12.020040512084961,-62.314289182826975,-47.55407088563781,-39.6792159391958
6.704002365081709,6.2137209253500165,-2.0732530076828795,-2.9263834953308105,60.949272897910504,64.95822411414396,-59.665112287451905
15.486350646638456,4.074579149929529,7.854025865298554,7.967800140380859,5.6533324782765035,-22.078468528992243,-47.0004610081843
13.782981045214001,2.1578828526258866,7.637509283302343,27.834274291992188,-28.651828771927466,58.00002366683506,-49.833535325224744
6.842414344855286,-5.98556902292962,-2.1662589871892273,-2.702467918395996,-60.26849321690117,-55.51213371838208,-59.98387918900567
-2.251331930549539,-5.921637612394012,3.109780402981549,2.002244472503662,-47.78538667897054,-58.352948895127646,-55.927399600799816
-9.538737541451692,-7.443253264282689,-5.619752359569964,-5.121394157409668,-2.2482020233828695,-43.63840915447864,-53.31994230201402
-16.875037175045275,-9.600357608358324,-17.36321358811231,-9.991609573364258,-18.21302472782478,-41.28561817272701,-53.057492015729174
-1.8489356528168406,0.22689072973778673,-8.171349113157062,-2.0757315158843994,-3.9601263738918306,126.81344768271252,-9.511222288666552
-10.966535386847081,-5.565582590373964,-6.130312669670478,-4.753055572509766,11.563250700483467,23.643231577997977,-48.401438223789214
10.370817432586218,-0.2410454611941905,2.538567237780472,1.2059516906738281,4.477504654355682,-7.373296123830575,59.875884544838556
5.101854876081268,-2.5114989003224872,19.323852143774246,3.930875301361084,31.392996885224278,1.3402172512826267,150.22665682161
-4.1527529799391365,-6.685233928242767,5.525030608205843,4.15660285949707,-24.345566364358866,-67.19936652909472,-49.679891557590395
-7.894487200203812,-10.345924489338188,-14.359168197451346,-14.80162525177002,-23.601006518042645,-60.48540993871979,-54.96792573449308
-6.18443849348717,-4.970663298068676,-14.876859541475048,-8.532870292663574,-7.4813845472046285,-88.61725506343488,-57.14440540618132
0.28044931356522884,-0.9399528323871137,4.204409487364381,-5.4449782371521,-16.278354556293102,81.08846145467648,-51.655889976198914
3.464497872088416,-0.875115577785807,3.6358498365675933,-11.784974098205566,19.44385121879949,-31.75042051805261,-48.15720148746946
13.153808775288937,6.908786931081322,24.001274921720828,18.187650680541992,0.5029272038184797,1.104287821655415,-40.15870218119244
12.457960830985762,8.488411553313163,26.97813061250455,28.010364532470703,-42.19592887480894,-69.63463124964518,-51.53810715789682
1.819297492533079,0.36138515297431867,0.4190728982189979,-0.8161627054214478,-3.3562495314499694,-90.39229714528663,-57.0500403248715
-4.710678945680795,-0.09661343545972588,-1.9034390008668944,-3.658709764480591,-25.68733176600523,-92.42343481023941,-53.60583375088194
-12.189512708383269,-1.6407593618559368,0.15069137840385616,-8.782207489013672,-27.50398405224653,-99.48849845130587,-53.507071289964045
-4.389078297978193,0.37346080017532046,-3.635432570434753,-0.22242507338523865,-2.93708510779349,-56.68900442954322,133.9266577013198
-3.098885573158853,4.135581896505401,13.445740035145857,13.910038948059082,23.928137964244797,-11.70558095353467,143.1707428641293
-3.0727281292298985,-1.7198156526120185,-0.10442055054118587,-5.7562642097473145,-30.484118298047594,9.089268429889966,-59.37679387625384
-0.8602308912003283,-2.188944030696411,-9.004006297632078,-11.610971450805664,-33.531354591564295,52.48550073086743,-54.80016784975588
-8.754082071169613,-3.5479215996742877,-13.238229394666327,-11.100103378295898,-18.006077255468078,-40.50453523722658,-56.895021377300566
3.0615913925673324,6.258754271474254,2.0681924196143116,5.870279788970947,-2.0610960899773834,-38.59788578720841,-47.97218637171724
0.6655224390708794,1.0887555452030961,6.5428158014954985,-2.874844551086426,12.041377980139558,-51.246509213298495,98.96081760057305
4.709715766884728,5.6824765085520035,8.102458629441482,17.268342971801758,33.26565143622991,-20.230527348358695,-60.468264128084165
-4.157644712953256,5.059172851680756,19.448122373845372,14.578913688659668,100.45355488046403,-61.30702790301583,-56.2539073215474
2.001295877010919,-1.0587192316541476,-13.228909470631352,-6.7091898918151855,76.19794991045651,-97.82512264436802,-58.25466135157926
3.9870181721822204,6.515368083933975,8.840793831294967,8.160749435424805,23.53245500271492,14.637754578427622,-55.17218290773298
0.23091876307017234,24.998834191007564,71.32157735001594,26.099281311035156,10.777214024153174,-30.049793118374293,-48.7964885455713
0.307520723380887,5.20486318913913,2.867185876800508,0.699228823184967,50.79430950986548,-7.766399717380306,-48.668021601419376
5.113813188927478,1.9637155936426378,-9.690619971369994,-18.01357078552246,7.0545750849850055,16.990409047783555,-51.14267966368371
9.29822601449434,0.3102442456624278,-10.93535735359686,-25.25299835205078,-36.02736965726189,-42.52763802213545,-52.70680467807447
3.8270457996949183,0.9674284978595267,-12.947467360818782,-10.713757514953613,4.957178620488952,-4.047072174490726,-53.01045766154062
1.435576190079055,4.125581835092465,-9.532851708350444,-1.911426305770874,18.14155083326113,-0.02651671514302842,-48.90247203086495
4.280479068728906,8.739132380449886,7.761056599249907,7.02323579788208,-24.344398695133094,-14.591007817713443,-44.81604903731771
0.856501153701517,3.1380084201896983,-8.057443038619096,1.4111570119857788,34.411483466987974,-28.17721165122139,-43.39670357842042
-9.408750086500106,-3.179231493502635,-14.441518549095989,-3.402294158935547,4.007363029475033,6.77128653446432,-56.48653450628821
2.4369247440995583,2.2691843862000134,8.216971352953907,12.048649787902832,-51.33400576622475,53.980014135424796,-9.068379300373033
2.8062372805513984,-0.6733918897728568,-9.407972576685996,-5.553264141082764,-60.56729208372465,42.5933140723592,-45.90284954984858
1.3479980928705864,-1.2342141959615425,-3.9876537589116943,0.7054167985916138,-43.1149504868041,-58.51756757484607,-51.93752855138615
8.28726924742649,25.07253103042668,47.288018536312556,60.48872375488281,-59.663027655417665,200.57794974007987,25.005193873488572
15.384232247034195,14.191369064319666,30.27539522025392,26.523481369018555,71.0567911162314,112.4679136633432,162.49760610601103
4.369625131737695,3.019426995049586,20.65363551757571,14.270339012145996,71.40570477923028,-62.03241234664211,-56.10361603048512
8.021131945101143,0.5302881719242648,-9.134560140631425,-7.794332504272461,22.091777584067614,-13.74229850824976,-35.553087186090416
-1.0892414804642616,10.19669068368646,4.010586695336329,0.6334742307662964,-28.12490143863691,-82.19066480760166,-57.23796586452402
13.959402768915446,3.5783885384278467,5.903816205765331,17.202232360839844,22.20637761511341,57.09177817633021,154.45412960253876
-0.4615652674596422,-1.0246644806314569,11.506751380483994,7.854952335357666,-66.37464984996278,-54.92514004776822,-53.998829403383155
0.9818851953256038,6.641073539000548,22.077245524364297,17.046649932861328,23.30698123200328,-49.49227284162281,-58.121828823881856
-13.377249976991962,6.648359402383474,-0.030487520985211625,13.02155590057373,30.31398548741412,17.385945015418066,-9.367123528809671
6.324538946782786,1.6835714767715617,3.499575614014443,5.474672794342041,33.467932759810864,-5.128420204370073,85.201583517858
-0.6991046937895238,0.5033621725135928,-0.5861773582052655,6.214136123657227,-33.32173120432955,-6.297008526472689,-50.80702974093186
-3.7208314201543784,2.246195250369911,8.719167340207099,5.443515300750732,-50.61814486330225,-53.53336625916315,-56.52177519181337
4.197921843492138,0.10673042571772423,-8.139142871070176,-6.799455165863037,7.628156770935568,-38.53869465640555,-63.64739500378884
10.421002827070023,10.293641885701959,24.94136145289424,18.593082427978516,103.50289554122635,-20.724375801470188,156.31244927153415
5.721209977584172,6.232539685100661,10.240482062317438,17.221620559692383,57.71037473078468,41.51730915843036,-53.06368343438636
2.4913046495804343,3.243252388395204,13.997985133025924,17.417512893676758,23.70275255052555,44.124437271566975,-49.35538123740037
-1.3227695220216589,1.2749790816649262,0.9275692652453005,18.73217010498047,-22.55874074377141,-12.85989329880628,31.150680041701506
0.21455809903597522,0.19880383520576705,4.1415721650030655,11.258298873901367,8.439667793369107,-62.04830598771035,143.89181971240131
-5.24454854314109,-1.7209853204431833,-5.725424382907055,11.375326156616211,-37.35554246853857,-21.136225573565095,-52.48733688006345
-4.133529959066675,-2.3139151179452697,-4.422321880111783,9.604217529296875,13.893169170132188,34.36706391671852,34.30449709738184
0.06424079388814485,-0.2500709966777761,-4.175946220154339,-0.10209673643112183,-49.47995654542433,-20.92983486322758,-44.77050714256926
-1.1725037698261227,2.196988087862787,3.2100637077531577,7.505080699920654,-9.096744674918806,25.004247429918426,-57.664627999056535
3.739341490849446,2.9348910891804207,4.665651133191008,17.769071578979492,-38.26615178958935,3.7856357931421645,-49.130678590512176
-2.5578708632512086,0.604437847048242,-1.3790827842150137,3.4099700450897217,11.43265171028274,-37.5980309029576,-56.25932823441329
3.126618303247098,4.2748393683895465,3.167190758974186,5.134775161743164,81.7939525980744,7.859864532681776,114.86142632935442
-4.955583500446063,-1.417236780812371,-1.7023763389936626,4.044017314910889,-23.741477986061604,-34.7390646335642,-42.3731022840152
2.072176073937322,2.6016585711586195,6.638273368992542,24.555923461914062,-34.22620696869134,120.78561352187604,-56.71677153211226
1.9474271676703099,0.24974988019816896,30.7934190131402,28.267684936523438,34.5442835260398,241.4331122664987,-59.2235441762589
-4.485616041633605,2.119243749121673,0.9377643399310062,18.8863468170166,-37.43664161798246,4.9869539733683474,126.77861118663094
-9.643388105452807,-0.006742717672068017,15.726510200944121,33.28978729248047,37.445960581132155,22.289444207408074,193.42923374748185
-1.7138756845326757,2.0833276459686854,24.075413917795686,31.678964614868164,-68.32858157992048,96.12988426072377,-50.92106864029789
-6.6118317967492315,-10.337840901131488,-0.9031922624340887,4.342526912689209,2.441793418966268,49.268483099163234,122.05627599227907
-12.821615068341703,-9.965570036763598,7.061887342967536,11.400130271911621,5.387815626211404,-64.40940888021494,16.560220191920855
-10.238873680590132,-3.5659396847319726,10.237989593222313,18.09872055053711,-59.481568064657665,-114.80358216230807,-57.281638987885025
-4.770878494169721,1.2636802764053676,3.0499276908929778,1.6170611381530762,16.492333371805735,-52.67187834153465,253.83984734465716
-14.32628954719792,-0.5939230732574129,-2.4897010892786864,-7.009951591491699,-4.591305428573696,-85.38962394397556,-28.481049529207958
-12.016560981940014,-0.7474787562769988,1.3714785440516595,-4.654959678649902,-21.42311752731706,-84.3941611033661,-55.2436539633775
-9.05699080601488,1.3366983678885147,1.029373522542073,1.160935640335083,-39.07376375182069,-22.314117893785596,76.03933569285316
-3.493135682103233,2.2956349738916138,12.977463929709879,25.920955657958984,-29.955711757951526,-1.5245002067227915,-47.46118729875367
-0.19643118414983274,-5.682022365484525,1.0390823209100488,3.1334686279296875,-68.33002684027704,-16.434905088032732,25.872486164315603
-5.4434973272310625,2.217440813297769,-4.57634403439963,-4.577487945556641,37.55889833133351,-17.443292640923914,-46.24013307264656
-3.1413830732636896,2.339119938768864,8.673143094887271,4.524051666259766,-46.39886833701886,-42.364497565639994,-55.28637387346302
-1.6466738388402629,1.8428075094893905,5.916637201596314,0.25348302721977234,-3.131665488699067,-53.20062686945282,-58.36234898782216
-7.363592352630392,-2.9051320619799292,4.558459946724037,1.1232593059539795,15.012151229494568,71.49356124210095,-53.21488387229647
6.280680164264353,0.9939025285869434,19.4737542096489,17.23090171813965,22.392283692174637,-17.46552751349091,47.27322930897216
-0.3718899334494621,17.858257520763946,26.730532711132653,35.36185073852539,68.47415921268109,106.4642486323806,-33.25152227257895
8.884374287663007,10.72874005574384,16.263257179976247,-3.1326489448547363,121.95904665155751,-60.93466800723631,10.186248293019247
-16.44451231794412,13.019582123121523,32.13459984785719,33.15273666381836,112.53071988495334,-20.557981919077154,-49.39071025742125
-13.087915242476495,-8.40117002540411,-13.721636615039273,-12.217610359191895,123.1170399037472,-37.79115845504987,-56.86797409243852
12.166705834407754,-0.02581813837140789,4.277201107703074,-9.812885284423828,-4.1841973676032715,-37.852858836477544,-25.573597481983718
17.47229816359216,0.17275963285372428,17.58361467030772,-0.5191495418548584,-31.62371459163994,-60.802971951455376,-52.808408300909875
13.795721974049513,-9.430570439429204,23.672003037982527,8.690918922424316,-25.666232312338323,93.86171376686718,-47.47177532487002
-0.9671044966531275,-7.49374142717095,13.352148820411164,4.21337366104126,-13.496252362159591,38.40596480606989,51.42246165167628
10.10283231435077,1.0025257402133023,4.961206005719335,7.879674911499023,24.28915887205523,16.793420956006536,-66.8445057478037
-1.2518438876042337,-0.24998853308197777,13.1237015876579,8.928805351257324,20.50045275888529,-39.274345730662986,56.659763405215784
8.683967037713355,1.7937074427526867,-0.7119237027541303,4.1855597496032715,46.92274379927284,-28.736453747033288,-33.65917721414412
-5.493722546664679,4.1225902632404825,3.3217669732102006,1.193567156791687,-40.2214067848587,-98.03466960848202,-69.37714989966906
-5.933738178843772,-4.154886359070523,14.807964894360321,-0.7352838516235352,-46.26679329988683,46.92214755521914,-60.25601502813383
-2.164985041680273,0.3981347396230488,-1.5682315502067454,-2.2449967861175537,-58.76650349774733,-35.965968389149324,-57.82181596643711
13.263613636930632,16.058336915036566,13.332422197421254,17.624664306640625,26.45099657240786,-59.15593493370942,-69.98279028494419
-10.105920073536016,2.014917529182553,-8.437327705906668,-6.049482345581055,-25.84254119576601,-67.24126685911553,-59.472624388727255
-3.79162992571849,4.862119834055355,15.230948375819793,17.684326171875,-32.9892857937538,-1.5594075779671837,-54.88344942783955
-4.790680831143768,2.54677342302582,4.014130457913428,3.059262275695801,-27.726485953014077,-68.90040936742251,-51.90897644599726
-3.5400637496182625,2.3909429121567474,0.8258457630545252,1.843090295791626,-7.734415425709372,-46.14206413518474,-53.48270582552662
-1.0936095870579035,1.5333233817548328,-0.35866728612976956,-2.8641560077667236,-9.303473762562511,-78.51379222274728,-50.17418450664058
1.2175724759998285,4.20541022425721,7.481754585410385,6.8639373779296875,-9.513147229639056,-87.99909046777582,-73.81080732586344
-9.630338608962301,1.7004846430864433,0.7443712218272562,2.49690318107605,-68.92957126737339,-33.82354675473218,-49.75550404994062
-15.809747399706563,0.41551598974949605,-4.886015094944888,0.43953561782836914,-89.95310251285278,-22.308950181175817,-42.59135698617166
-21.147675893911597,-1.27862831066251,-8.619919754843826,-7.884388446807861,-114.21488693588005,-90.40327932976109,-41.147165737900096
-6.108686489787739,0.14995699891942307,-7.378463811464748,-9.129387855529785,-15.727694951882343,-37.07637780261798,-62.011461895857195
-9.627836420711787,23.315351937945437,20.091114388192324,25.757795333862305,36.28359097349754,54.72767426848472,-8.58528449425831
-6.001687203450541,0.6826004041260477,3.584083777374083,-2.525752305984497,13.121280588537484,43.52999991669316,-51.43740213171422
-6.090820891937742,1.5658369145537712,-8.590555369726149,-14.15529727935791,71.8318598280065,87.71888490245227,-3.288227633584549
-6.281733844268673,5.179217433339387,13.00540626747976,3.887019157409668,-22.565048777762,-114.68992379638419,2.6490339326259225
-2.090069100720612,4.351187786597495,2.0296044469024674,4.4543046951293945,-43.03329380451705,1.0190467552060962,-61.62696432639923
7.0339368315555,3.8370782271430235,14.580123629591728,15.926972389221191,-1.7027231358935293,-2.776174280443417,-40.57969984503882
-2.233505451421883,3.8728302391169502,-1.6279251462139626,1.2720680236816406,4.828457056172752,26.610265328938823,-28.826102240977576
4.412905250579212,1.6252982127692106,-18.8960236029096,-5.426435947418213,-42.12537467569654,-38.06362246364994,-57.330644277460244
3.797892714053991,0.7204477717895709,-16.916475338983425,-11.825799942016602,-30.16193729496641,-7.04783936989951,-55.460470077193186
-3.131295604610976,3.2853826238048227,-10.544809585452754,-10.878058433532715,16.256808951447486,-66.00329974462154,136.23905995540846
0.7297934445787722,3.396804563224905,11.837379357163005,-0.8279803991317749,25.821591017849567,-4.062208260313447,-46.33741742122679
3.8091772053216797,4.120651541723302,-0.8195581609086544,-6.019736289978027,51.553157309158664,-52.31810920267539,-53.66183013506505
3.2346415082442874,0.21778787821585605,1.2278284761065938,2.3232064247131348,26.271137876696308,-41.52538470515293,-48.47196830034362
-0.5717118105607044,-5.353439607035636,-5.36955266750794,-13.069927215576172,-42.372001502216335,-51.70175584511377,-53.32665465276388
0.24755668903056094,-0.4755476986765268,-11.532509064752654,-5.23915958404541,-9.03197955313117,28.485205977226755,-49.60047288648558
-6.877194113105065,1.056370277447645,-1.4156058382552303,5.963021755218506,15.711658846943319,-32.74919319326455,-53.344340195730744
1.5951565711466023,-0.25841487277562825,-6.533244007339465,2.2875688076019287,19.49692480752272,-3.2059918220735693,-29.717457237507396
-0.5926195231887101,-3.2694234263266293,-7.51782356741277,-18.636762619018555,-23.11466607838304,-0.020509730458988157,-58.42125719197405
-0.7252143094973951,2.5620716998986572,5.974638716883559,5.77227783203125,-2.6216179302344185,28.208075329974918,-52.5741039815251
-6.44815722318735,-3.4071419768388385,-3.8796482172455016,-12.974087715148926,-58.43799382119671,14.950961799116463,-51.305976312360954
6.891001637173015,3.471572919281507,8.312592808347025,12.642620086669922,-58.00897562884706,40.56352602311645,-53.235145138677495
14.74524823691748,2.384946879729167,-7.147526115068492,-11.034607887268066,0.30555173803116065,80.95008094736373,-54.08013785167621
1.4854677607995654,2.0970073893294567,-6.959525231817796,-0.19412672519683838,-21.004675939225073,-43.209381466166505,71.60969721619279
5.498807276710594,4.99960220293422,-6.35816080280148,2.7041330337524414,-7.264215911809626,-77.71644253927191,-53.445109337461304
-3.7379553568781683,-0.3933873211461881,-1.7496572252392018,2.6268742084503174,18.442564462487866,168.3121728442067,146.1790200245923
-9.193544171093869,-7.476537171270889,2.1373311963723065,-6.468829154968262,-3.4578640139578813,-70.73222338889566,-12.81529006476472
-22.31430214580564,-8.778954905703282,-25.076918159336373,-11.868745803833008,-16.74088243361487,3.8946902711425366,-45.7330791470906
-29.946012346448256,-12.301466097150994,-26.700806638798134,-33.78968811035156,-45.14819887062132,5.6611276090905385,-40.744733592829995
-10.30813013640763,2.2308402401141105,5.580784157413797,2.708076000213623,0.687803644336579,-23.743506209426524,-46.82435775333521
-11.436450654469414,2.2823931133916604,-9.154006653406768,-2.947885751724243,-51.85210669181113,-12.35146218388066,-47.346426072584684
-6.903605671661723,-4.660507111189435,-12.909537004382662,-16.49111557006836,-23.359856631326462,-45.791272154122765,-45.74983832661367
-0.3752597086551399,3.5724927555323953,4.929711206217257,6.532519340515137,-26.626042331474693,-65.1393378890994,-48.16535493934257
-9.552379244768051,9.54561740398537,17.472383591807983,10.697105407714844,-12.370151320786388,5.814634303693036,-53.62602813851769
-7.3985794390652115,0.6089748857171468,9.468164984911501,12.181879043579102,27.711911631914706,-83.66215077711225,-35.739601771486335
2.0090105157441287,6.741737968762175,16.607214173771542,5.1745123863220215,65.43532126600573,-64.93472723975621,-48.470231989061546
3.6334129946127787,5.204869472766069,8.898850503971017,14.531806945800781,55.123480428866955,-19.883525569456072,1.7640114353455834
2.43238387808983,3.413906625412698,-0.3024735686928885,2.944202184677124,-82.03327582881847,-46.66142462952983,-59.675408722629456
-0.6702447720960176,-1.2765047634475357,-17.24247922586164,-0.8405759334564209,-69.30456425738605,-86.11316287823253,33.95894719919466
15.18733581542223,7.491319272060916,8.154897776214158,19.1882266998291,-21.527430386132483,215.796057728203,6.416339242847884
14.230576543243625,5.659468782273344,-4.952104491783852,9.479872703552246,-6.268080758759396,156.68965129930527,-52.432409890828175
0.07855656454395166,4.070757520256979,12.24374875234101,17.62645149230957,-24.73004599647058,116.66386316616011,103.0529261763166
10.725952361974297,4.511845828525622,14.718680489841866,3.7194607257843018,44.50757097649417,14.376783684268466,9.592225173734054
-8.282931187952972,-0.4964391305182582,7.268734791505079,0.16275590658187866,12.387609200447121,-30.563653226631956,27.895861664747184
15.238713066219532,17.566584382779336,35.653163684220964,34.63230514526367,62.35965849585324,82.60042615297534,161.98403906286217
6.78970556853611,7.504208475694063,17.51249587084899,21.550243377685547,64.12598818648443,136.44015212805357,-52.21664972036181
9.83402818738734,15.072038567204547,17.5774124053817,19.999853134155273,77.69780562903408,175.5460618337595,189.71543380040654
-1.7213959436791963,2.714442596953819,2.632370670496658,4.51292610168457,-4.974273640024657,30.07907132770259,-55.77288057608246
-1.4752371775864566,3.6195036346658744,8.67355406178764,6.6490702629089355,59.77851315709949,31.364982500938922,178.83531581467255
0.8481959436980102,5.113295743967594,28.59291754794511,18.854942321777344,90.04329253354568,-22.44831600162576,101.63829294036069
-2.986776053184202,-1.6448455698341635,2.4233167490325194,-10.732251167297363,35.25063122530538,-8.310272572153082,-47.65542635242673
-4.837822215984914,-1.962382731174052,4.157671609520817,-8.858470916748047,29.700788510790698,18.20975093551085,-40.39424423150436
8.726426159568971,8.850226726558738,4.316660438407444,11.408385276794434,117.20846181828122,256.3064874849883,241.6831053869242
8.5700598319706,13.992946459027822,5.685825586621291,-0.28512418270111084,-18.06410149743906,36.54596335363336,-46.73293304803969
5.531000489652037,13.320642435592339,13.327765225238798,1.6006354093551636,-17.84137360915461,-35.555937643808306,75.49116598257534
11.240668898824197,1.3334082572909205,-4.16181395709356,-3.169168472290039,55.49401165734315,-1.4813510330511495,33.72273383267891
-9.753207612206754,-0.027094368705466287,-13.691576282662021,-10.59430980682373,-62.5868613352053,1.5977886699999893,-48.60573132823484
-5.2054009210609244,-4.279621436415382,-9.596173299761695,-7.465916156768799,-57.333898189506904,-48.4290816707359,-48.47796093707262
1.5139317772334646,0.2207559343057856,-13.892685800706086,-4.6703996658325195,-62.40763786197039,-80.78029847094261,-49.2344521850255
5.225880419085413,3.2537158462150284,-4.756097832157199,-5.910006046295166,-4.264340965226699,3.127310983591837,-51.34639468642693
-6.250552532467965,1.4623732900936905,-7.240501941908316,-4.573354244232178,-80.66614901699718,23.424669258785638,-54.54419028737904
-7.52996030161401,1.1483483425667218,-10.888261022660664,-17.82183074951172,-27.699894221600317,50.95065976427479,-48.50518555480339
-3.3052974031859597,0.3598130806774024,-2.289263490485424,-1.728522777557373,-29.11053577464026,-23.574593723965037,-39.070166098365824
11.782613251094482,7.215555783669953,8.193337607331516,3.7612290382385254,-63.38741391025909,-2.5143355954496283,-50.31314850854443
1.8228657646933542,4.969060204358824,6.035453175172837,10.309885025024414,-22.35258013336755,66.85040823889265,43.73207375912564
-0.9171876856210703,2.8420101318071835,-2.163609742743395,-5.394677639007568,-33.4047135992718,-44.04600498554696,-45.03241119591737
4.476603172662348,2.0481650202929185,8.716703477953844,6.833765983581543,21.97404221372447,51.30088700678073,-47.03475395682925
-5.102592772697218,-0.9618192876659695,3.910953243464083,2.4539341926574707,-35.57377634781611,27.143445278812006,-23.058725757458156
-10.959300292308914,0.11802469285506385,-17.726996312523923,-4.833243370056152,-30.22974371818114,-22.303841018527113,-47.637652678251854
-4.7030346979272455,1.9618175615716555,-7.974246440642709,-3.7046687602996826,-6.1809794242765435,-3.444896185436309,49.003439705813335
2.8006714687884893,4.53356103572097,3.7316163009250856,6.214431285858154,-43.932802111856525,-52.45766777797532,-55.66315543617706
-2.3482689047472816,6.53689947223704,-13.009561204818914,-3.993608236312866,-23.832490247334754,-46.91614256753108,-56.9176371737659
-5.245219018524332,3.078980686917107,-6.803776158416433,-3.6811752319335938,46.82935351631752,95.2724861043576,13.80579843964785
1.7899024549865328,14.943539007032317,8.904605035175804,-0.660513162612915,-13.95228399694944,-75.12797099395658,-46.85811596672013
8.33855086429751,22.35011792926752,53.89070067962811,44.29792785644531,21.91204194147792,4.1318804302442595,-55.47974149742129
4.429509342975733,11.581561611238001,16.769438380250236,28.46270751953125,-48.13978016101972,-23.85613641763971,150.63950707715227
1.4569530788900065,2.3386756722115862,2.6599746510922135,-3.453516960144043,1.4141910837816598,-93.04554431924905,19.359604105750385
6.346966068866561,12.900072901326013,14.730285639862693,22.5743465423584,-36.33509395319722,-76.29976744764438,-22.495676450097605
-1.2420156046698363,-0.1311383836492862,-15.875838913235135,-8.315902709960938,-75.21835880657287,-14.920554805058817,-54.586363157339605
-2.5782027471219444,3.7448452784553554,-0.4114029924142517,9.497612953186035,15.843932352439733,17.098964422621375,-40.25392682177882
3.0043757247524043,2.1170216586964594,4.975525240996652,9.712760925292969,84.20761824930273,55.32503763116968,104.249856675043
-2.4082032992240814,-0.4927038504302887,-9.57795951826241,-7.968519687652588,30.923542690452116,-14.58024233014481,27.707743285057482
-0.1393830301373602,3.974837009495852,8.104771575151274,12.223567008972168,49.303383202957086,-56.82712575742829,-44.199007543438945
-6.349868317125818,-1.4103173267253946,-12.301092656710367,-12.47033405303955,13.069559912353927,-37.97619923443981,-54.14897152743917
4.097436830882733,15.94574087256174,23.612470803469133,21.207965850830078,65.26232478357643,-88.2660365369716,-17.695243659571346
4.319421510013978,19.179784841455465,28.115310087059807,32.395015716552734,106.4951916980712,88.832711841579,13.069181200777509
-4.781074746571839,12.71863214120729,-9.049396562926292,-0.4686722159385681,-38.55303062536386,-33.99243555819657,-58.86430290794943
-5.037369962875144,-0.8686388795532055,-9.220173379904052,-14.688697814941406,-20.74663110602332,47.32954946167145,-59.96815177930658
-3.9589746483837294,3.5686088065997836,-15.814025477034551,-11.854572296142578,-36.17141719645073,-44.11345791292125,-58.74595602720585
16.744225864820713,1.5134063022464355,-2.133618881470091,-8.549799919128418,106.36481358090523,82.45033265765267,91.0685458721563
8.286035126297548,3.0207788789662513,-5.072868078355142,-7.452882289886475,118.47725199705583,23.963641913215103,-53.32741707214082
15.297621304625714,2.3390562919654094,-0.6879348273056153,0.6956294178962708,55.83411418452967,-45.30594622348494,-45.47114896701328
15.058734259756708,3.254820595107241,-7.559469675089072,1.7773696184158325,4.427514666863573,132.0325917707063,11.817298771262118
11.319251617305643,3.915133470491845,-1.6317468716232293,0.9299540519714355,-26.464416267056713,12.29631072189175,-46.54738731705906
9.433872844253724,2.4456970419900044,3.2837084112213386,-5.086416244506836,-87.14638563849442,-74.51826702951602,-52.17982415830622
16.88325611015043,7.0082263041340305,5.639765149233318,14.726530075073242,40.40179186796226,-39.935512809006106,29.997800016108677
15.735728790826975,0.02744196434556187,-25.8434213545187,-12.990615844726562,-5.268807215334554,198.92641546160874,-56.756539103370315
13.830610789478175,-1.8658228589681214,-9.588859591733463,-12.271785736083984,-17.078364809358696,-64.56789116520801,-54.34470117778536
11.137052961989866,0.7818441053571399,3.5939347770847703,14.086169242858887,-7.853196599281656,28.103700578893932,-30.490691063455433
20.781118599063674,3.960889832799815,5.424648255919118,12.152756690979004,15.841747046492802,26.658088346020225,81.82387183790114
14.869682361992528,1.621709227135314,-0.8492408305285255,0.00781877338886261,11.209687689298168,49.935142498247856,-26.98528420990136
21.025179031104415,3.9739115953373196,7.961972723579072,13.959078788757324,73.42776774249876,82.57673633126134,59.22491999348304
15.862938597277946,2.6512702871403344,1.8288532661628576,6.360996723175049,23.169225581217614,-13.537385416731908,-56.13619082218991
16.04252271662392,3.1495734549788605,7.2403439976997515,12.962814331054688,-4.061653942333138,-60.0278842376365,-53.04302062683144
15.8352120102757,6.907727079941998,5.281693441647346,7.413057327270508,-62.113145320542095,-50.09008266781623,-52.63872711808677
9.935820839585762,1.6046493025405866,1.6732926680286022,-6.1992011070251465,20.78206120981136,151.11358300257757,60.94576550787231
11.709014730519737,5.138740389989553,12.412283274825132,13.886185646057129,27.04542750929595,132.30563859993543,58.33843187530065
8.412788634509315,-0.14294264372839416,-4.9091116371654095,-1.723570704460144,-23.74390375806777,-11.04074940568086,-45.62398468185269
3.6982904184600476,1.092471445324539,-0.1945800345750188,-1.2112219333648682,12.82239661967778,-43.32203815819261,-55.576741031396686
-0.7356144522941794,-3.274548847346801,-6.338896513043538,-11.040599822998047,-77.9816221502309,-48.02189740690046,-59.777159518843334
6.227307831800859,1.8037315455237275,6.576358814730494,7.285449028015137,131.59743363920214,33.75167717659266,183.13721013671866
4.620237382218093,4.94454818562638,8.93112922341097,6.035824775695801,13.460832011918248,23.13078762363774,-51.71588446396873
8.107925817845773,3.3634602320820153,-5.392439224747401,-5.7519025802612305,-30.990840790379984,-21.76034012940425,-50.660870365174176
6.485055924626775,2.3668713026509294,5.544927545250795,-7.062135696411133,-13.477546595870535,34.11508056444233,-58.87472711980225
-1.6337314149869502,-3.0385784675298866,-10.266358466895642,-8.633068084716797,39.291857423203936,-40.2177408866132,-56.15651344826479
3.845911035760182,-0.3828450071317545,-5.470842452248801,-7.4486494064331055,-55.72541644992651,-12.538459668963561,-53.79039511962114
-13.313425543586405,1.1997608356399216,-9.409118635631145,-3.973818302154541,-37.3077196258935,-48.949705086456575,-44.13555658509638
-6.813557996007428,1.253526479195278,-11.819963434531344,-11.907285690307617,-43.26966398415776,19.971270182176898,3.343648351784362
15.879398906717803,6.764791763614754,22.23649827764619,14.21846866607666,38.21496229732976,42.452924220097316,63.24523991216974
14.209338100460716,3.0650168291410007,7.084282865713675,0.6921310424804688,-19.23897296732448,-46.403035478385014,-42.63247268258257
8.988860706298183,2.045226442168352,-4.324105044175291,-6.858890533447266,49.17978612769562,14.131226986266444,-60.265318609867826
5.678192573455692,3.3532308873673786,-1.3903158968196283,-4.055910587310791,-2.2060403793724306,-20.254934183135344,-55.14787969057245
0.8406008722130414,2.405860722553813,4.271686093590509,10.05543041229248,-5.408072208552467,-30.072288435283266,61.006494527531466
-8.217693150936444,4.010340373721556,-3.566358329589394,-0.7487828135490417,-54.59809641933369,-42.94151921984232,4.4022942503254034
3.164652227824363,0.9399907570509138,0.9975620357183396,2.8267316818237305,-70.89608605658407,-16.8958131956553,-53.561090102179016
12.387732143562609,1.5532195554789583,-10.210134019527509,-9.54050350189209,-65.39383790974115,-59.38626103169069,-42.31216580255732
7.079216569520468,6.129629097756843,-3.8790635191359697,-2.318837881088257,-24.022759118536218,13.98403195470097,-55.00018440800306
6.059861430223417,-1.3308437301662832,-8.971893099446936,-10.843160629272461,-38.95641488130728,-45.65277227253938,-56.28547733713179
-6.8431038604412775,-1.1430885958343746,-2.5788902032043493,-4.228691101074219,5.058049840999589,-82.6823703545277,-59.41290251387571
8.679391060292879,8.429292457891,14.58124492930703,34.96466064453125,-29.839588351813717,-15.01442385011881,-50.55672480787007
-0.6970410944121488,0.10552268787930832,-1.713800655738639,-5.017090320587158,-52.87750405566115,-69.92501994556036,-61.54372825634134
-1.3140414040719692,8.883570127901718,12.018276399876024,-3.9909892082214355,-3.00671074095434,43.71326760545193,-13.496343993161899
-3.2680293938044462,-0.3742107391081635,-10.093611674749427,-3.5752992630004883,-50.280975713054204,-22.968595947431847,-52.551197710002874
3.405973286609129,1.5101455194129785,6.737194523160192,8.664116859436035,41.918793519681586,16.32792374006208,-48.85958109261779
19.42980642381182,6.522538785620861,12.787465015976947,22.529268264770508,52.43562572115941,45.16429307953421,7.190271127659124
-0.4573715194975454,6.259406623692556,-16.391131920801694,-16.663761138916016,11.878812644361023,-57.53014541336589,-31.00046210576232
-0.1342179125485483,-0.34124234924680336,2.9570980521231194,-6.24044942855835,8.88607307553511,30.390058788011835,-53.35465288351144
-3.8391748679099793,-2.608553153217906,-10.852121217881978,-25.423933029174805,18.647964987480957,-52.16392040315451,-62.27394937322791
3.275565784088254,-1.2529108157800746,-5.210278837336416,-8.652403831481934,43.603951830650374,125.08872265038504,114.07838927114888
-0.9449135762783913,-0.29684800132607503,3.1843762730863423,-3.142200231552124,-2.6882608629065907,-6.149029224740898,-46.68196585861301
-2.7827348075930525,0.6433889036189919,13.274441218344839,5.7501301765441895,-7.8101782201678684,8.99748118177681,-43.88043921012583
0.2397285539418892,6.019861843499234,13.834357065001296,21.11524772644043,-37.27277826492218,102.15452787066764,-51.79471295579234
-5.098385778095453,1.968062791458145,-4.519231406947263,5.908571720123291,-47.38790508869797,128.10594435242467,-47.38999208976249
-2.137914946618567,1.0209880948047043,0.433955526479094,6.893579006195068,17.611398925670123,-0.4106572117880277,188.63759735258986
-0.5313240665594641,1.6434097379460575,16.898263293135827,9.99155044555664,44.98560791880065,60.02772614571831,-47.04629268378254
-2.1103407489224772,-2.1816323055588858,-6.090503313983988,-3.389963388442993,5.413507579420312,30.187307918646955,-51.14796247709692
11.636159054728207,2.860369686461389,-7.005380068986988,-7.631489276885986,34.141250697834685,-33.67402880317921,-51.47135688618506
10.108988566778589,1.9655469986119964,-3.171972160272354,0.5036022663116455,8.513091939234549,54.244423763829076,-50.91181592171512
20.48375247063038,5.891351902495847,18.06749193085634,14.945338249206543,-6.0804265732687,23.345841431637258,-53.47061521890248
21.622784891446788,8.343895024163414,21.318650502969344,26.53525733947754,42.82001609707497,136.02103402429898,122.16395659750047
-3.064743975068433,-4.99732839789842,-2.978383710168206,-8.942456245422363,-79.09458790120966,-81.20523725502879,-19.094508932700734
-4.24433358347171,-1.3315557187686191,1.4605014510500067,-6.247939586639404,40.13122805364255,-36.99817739217062,-35.59196456859377
3.329744634361089,-6.927606342374322,-11.399671662511826,-9.481188774108887,-29.62603326731424,-33.66811367326903,-54.28023866840327
7.930295635576521,-2.6792745727037364,1.128591062528594,4.412735462188721,-29.676708031589474,0.15926704638742697,-55.64686597429966
-6.0389408982997415,-6.622471921869947,-17.98193516651571,-10.0016508102417,-38.39746278244799,-48.21217644084038,-60.21474403203449
-1.2344115732700152,0.4635919710024053,-2.067794466032296,0.9000359773635864,37.34644508191347,121.47976685589589,-18.867045081532595
-1.5391488348288456,2.192041658342535,13.05826882878691,12.379072189331055,14.537719097984198,-10.951508372812933,-55.4784865906266
2.260689160880834,0.5653649808491552,-0.2381102998257002,-2.0521697998046875,67.00570717916013,-26.871024169358694,-61.54719750136472
6.782873951107721,2.7030764361695767,-3.867376872928909,15.790319442749023,13.397981386148711,-55.48970670016305,-54.99421916021597
-6.972241340287119,-4.360815026500103,4.954510749131363,-8.119816780090332,-15.496794443767312,-13.286373296483472,-60.549013816684635
-1.2013005614711032,2.096460625438494,1.2692323796373994,-3.328552484512329,77.52424057561599,-58.95834843846628,-59.64911845645008
7.280069764942126,3.570738320289335,4.273513365789705,11.935222625732422,157.7932684536259,-71.41054728522224,-63.60134548973279
0.7220867881406825,1.307495097687016,8.08762313907702,13.70392894744873,6.398267004925924,-58.689402864542465,-56.64326103662123
1.0545221097764097,1.9326106999855217,11.531330622519528,13.424398422241211,6.138978130442922,40.804546037245174,103.7400817053582
-5.893401908186911,1.590529510552257,-12.348136868384499,-12.431978225708008,-91.47653433822087,-85.9469584033008,-62.25068555794364
-1.801588463121559,2.3710024269306107,5.226619245704699,-6.586282253265381,-55.72542641606019,-65.25763806402803,-56.0364389313927
-2.280505667694298,2.851450162858948,-3.2337095248458914,1.9377772808074951,80.7211968311309,67.83482243823183,74.36128645788608
6.659078023192774,4.870895011681432,9.94755693025683,13.502091407775879,28.155898982214165,-73.4549624374209,-56.17465073429477
4.694272560037877,1.4304081923703784,22.61355482262277,13.881958961486816,67.34790577000841,32.24601885281659,153.4031242935557
-2.872500300101704,-5.69273760848697,8.853079812981022,-1.7220776081085205,9.0198011964401,-40.235961866563905,45.7599713411708
0.54160984795642,-9.469851396308753,-11.602823239718903,-15.623547554016113,-28.248310475743242,-28.308799680229416,-58.40643432747943
7.662820451340466,6.596421550942277,3.664213118945947,4.314397811889648,-2.7727562068390346,67.01232548222383,121.67533553245525
7.676515410389169,7.85953961634055,3.483980231075475,4.344789028167725,45.743428817906135,-11.680814191774022,-49.53334465765375
5.613107693269139,18.545460110091994,44.53776539858514,41.71453857421875,2.6980698210691414,-46.954977653888136,-57.20813467598444
-4.516968569701146,5.908049652968229,8.447196464112567,2.2470552921295166,35.27725522485279,108.13877394329016,114.80112598896454
-3.128334021210283,-0.1962333456427046,-7.350163597498287,-1.9942457675933838,-25.464174789740465,91.00539068332411,-35.8099583865078
5.2003100794707,4.694334239161608,12.391522535873612,15.362496376037598,17.163763786518867,-58.49941913499375,150.59723112745164
-3.2260917036265653,-0.4736839250115319,5.528991956469297,-8.514159202575684,-70.49476123630797,17.19111831971715,153.36222715703198
9.255413150849357,4.780206551552766,1.3305527165015913,0.4186079800128937,-74.00461875037801,-13.083124763834734,-50.57251034391765
0.13324736902729528,0.3897634873109319,6.6826088140242845,2.0104446411132812,-52.25991713964176,30.39669023603066,-52.072402071404
-3.864937589129851,1.911235842526994,3.47747042022673,3.0076186656951904,2.401662370253138,-31.11595911497914,-47.7768736487186
9.256574135645899,7.287484133186624,13.855834677269765,21.175748825073242,74.53415983614174,-33.027455627360965,-62.34181153632704
10.726218873386497,4.837995926161811,-0.7194448456516074,-9.398109436035156,7.4907584848553945,-21.250254184314446,40.31207719768282
11.238241224898534,6.22183449299664,7.5108698511473175,7.234415531158447,-22.141120953284716,71.80985609639093,69.82578190684308
28.570962449992276,6.489705253142354,10.43456492092477,7.6198506355285645,140.61128652333824,35.23506939560156,158.75777150192945
19.824310328153594,5.417801621426005,-6.3732706263191705,-4.603817462921143,70.39658461219007,49.288025662492444,106.37699636420471
6.286307576986265,0.35045526018445533,-13.651119212688105,-16.381668090820312,-65.39865677021888,-27.94658215597592,-54.890610845331445
1.9805451133031715,4.12435324771872,-0.07425282384310111,-10.42152214050293,-104.69984670144342,-12.07176158473932,31.888976102346973
15.888338274767026,10.181311720463952,-19.92584125070271,-18.896150588989258,-25.266398463749482,136.75930473594778,-62.038295176435334
-16.755291070123654,-7.561299637843173,8.290478528002236,5.9361891746521,-175.5338843178125,103.99211580097588,244.32466182293754
-25.562127314555507,-10.991062524371904,-12.176531374616253,-8.185528755187988,71.28618767129092,-49.28248947544182,73.01490504049004
-25.738196042968866,-10.029183911630854,-14.339607143538064,-11.23920726776123,20.207975468247813,-47.54368168350967,87.11346221846254
9.841079764382496,-5.729308184729823,-18.194861611597382,-16.734020233154297,10.528564209075826,22.39170090769934,-52.73987892501118
8.69582495222119,2.0884738029064556,0.03556888084314626,4.836216449737549,-53.38291880644162,-16.349566674374962,-29.925974955902948
19.499671901772746,-0.7298056099365287,7.737986935660259,4.961203098297119,7.185055230026122,1.405049877977378,-48.517327134110616
6.048447268963494,3.577159885326846,18.72516260713326,18.01782989501953,-4.104566462236692,34.30133646828554,11.919569174164597
8.545611960996574,2.3508370736782798,-1.36188927034897,0.9471246004104614,-58.042700136285134,19.56173704954465,-31.007733286217082
4.46580943504002,-1.8237883210850911,-10.817467998140277,-13.275198936462402,18.702441279497513,93.75495889645714,31.176876973437196
18.910033911626147,4.567918621787109,5.936234459759058,3.726823091506958,133.56690522130128,35.240153076022864,106.97879649761451
7.005073643315202,-0.6717888664041002,-13.88398562080343,-5.769985675811768,40.00796774130324,-63.2873535982324,-54.396876408695405
13.405672740201673,4.384297452677632,4.462132281880691,12.378068923950195,26.538132994223975,186.49992391376395,58.978331828641124
21.759450166497498,2.9537205667163122,-0.08437799137896783,6.439393043518066,15.82888630827905,-19.995487508765713,-3.497515245786281
15.989098592310224,2.0125107309562447,4.645056218858459,2.676612615585327,36.267052133990674,8.256793255543425,41.112970491744115
-5.812990303155417,3.364049236576542,1.2670802569793906,-2.189016342163086,24.339106002054713,-45.67167059940886,139.3987837067524
11.715360767556039,5.491929400522476,4.410117871540918,6.256026744842529,-15.549113117831412,36.46801857476906,-52.16662444224676
4.677145465412987,5.042296165687101,4.7755307319339275,8.609678268432617,36.37954824664652,45.25848694336073,9.895798311059556
12.944314648562976,3.3874445357155043,14.830796308593438,2.405823230743408,53.2707336551039,-35.74562629619567,-53.76003422706865
6.137804951803543,3.1693865366731613,12.181297613014644,7.39232063293457,13.72816436325337,104.05043661167171,-48.07052774102273
7.973206328967139,0.34765659849327674,-2.665837590140764,1.780499815940857,1.4302758998924758,84.30554112762537,18.211389850904
0.4997588899010852,4.10103108780189,3.064599859523357,11.329469680786133,14.127658761675853,-69.77838757387538,-55.825531775987756
-6.216566431274721,-1.5545864689723388,-10.34850107421947,-18.16105842590332,-22.987501276615887,-23.246582091205354,-53.99444026123661
-4.632996896988817,11.166121719470748,3.7662947124830857,-0.5635294914245605,7.439326271884834,-109.228121687809,-52.75922554074758
-20.253323837491926,-9.270938980941308,-18.859289390092307,-9.388867378234863,-26.810879688699202,20.516729518455076,-33.24338483768995
-20.50717074028504,-8.67713227039906,-0.8719193755147201,0.6868539452552795,-9.305339531642943,9.129408323680256,-36.54922282211061
16.52134192392971,-2.5647468101690216,-4.9950543156428076,-16.193111419677734,0.5912594823417946,69.78645795937565,-37.64416254671242
10.274443014542744,14.684903223796146,4.954241883260499,9.5028657913208,2.33721008308818,-55.33745613045623,-59.38181212844687
-7.4140600956880105,-0.5168923122899833,9.428478386347386,0.9560014009475708,20.921000780650417,83.3451600757867,8.063565948009005
-3.149667288269236,-0.03320398156124664,4.958170087985044,7.116511821746826,-37.50915853938454,-58.54277178451697,-55.36047327401688
-9.864953859700226,3.534724179540007,17.56019638687425,8.606209754943848,28.757904630426474,79.50504554763783,140.65147318280773
-4.616466747196843,1.597124114347011,17.288645425497517,16.183523178100586,23.219765368431105,94.43922577843945,183.21253143214653
-10.092023225998904,0.793913683507246,10.658229261224552,20.04121208190918,20.998223341055073,104.99672469895286,33.994608176314756
3.4624621332828087,1.476476605101903,-1.9016480686763557,-1.603284478187561,-5.287992503548865,-21.473412950785285,-37.98169890420053
-5.187723376787959,-1.784780255808715,-1.6211417908613965,3.3913333415985107,-48.5627747928871,41.848475267840485,-34.320534960485816
-3.709268441081135,-0.23904365116877196,-6.613215744710675,-10.629315376281738,-21.569280681793035,-40.21573462929493,11.017224060431026
-5.848715132506601,1.3967778754810034,11.132016118610391,-4.218100547790527,-7.707369663496311,-51.89090032320466,-44.281769303763944
2.898692172546129,2.4546741468297983,1.3978634149363636,-10.924241065979004,-59.57264448642759,-54.58973476234301,-55.30499169206963
-2.9251998232642054,-0.3567846818167001,2.938977098322822,-6.370945453643799,-92.21254299884397,-36.96439533146432,-53.435083116784014
0.754222941793536,-1.2810600021864622,-2.9341299334378474,-7.6631598472595215,0.2617771227774407,9.493328922260707,-53.54230702590549
0.02270586179070655,-3.537656207470288,1.4558020770863842,-2.899855852127075,-69.56493233980284,64.80317899421333,-48.583901754911565
-4.341897201371242,-2.6769280474351778,-8.877289331792866,-3.241102457046509,69.6645555353574,29.96343769269428,-3.2368148420517624
-3.1032044980421745,1.1167158016730967,0.733621310943122,13.87016773223877,38.39947826002435,120.20358331293316,-48.309036421665056
-8.257842340905071,-1.3985209276476567,5.90172746054529,4.246827602386475,31.922793435606003,-14.455621803869686,-1.6937764633947217
-0.23244367158395463,-0.5784290804345662,-0.23186648195390797,6.465185642242432,-33.768775375617565,24.174890345538262,-43.33150895549528
0.8632823922332369,-4.968816486834889,-10.026234564210297,0.7973080277442932,-108.68975382583177,5.00053501279281,-39.12773964145828
5.781884081282109,4.028048947932014,11.460712318442486,15.97031021118164,-82.46683937521175,-27.790595624305155,-49.21861329508893
2.695910755206401,1.6220379292264462,5.213904786499153,-2.2682249546051025,-70.66131034611372,11.369456619409057,-49.51030323440539
5.110269755169426,-0.11160391292265774,3.9332831446721808,0.09276355803012848,-6.832768977076966,94.09005327834338,-50.839588586384025
3.0173571684517304,-0.6497252483210684,9.10297886618852,11.84643840789795,-30.803591418235374,-20.812051182481273,-55.3519235290301
2.9716103748983604,-2.2085836621327197,6.282403543089315,9.290855407714844,-15.970008899140485,-18.68843497565615,-37.856597421361975
-12.18682253809207,-1.2791595168140293,-10.88501712107574,-11.70105266571045,-76.10017660544148,-85.87130508832276,-53.29188736186878
2.068478639576859,2.497378475364403,8.673194552070965,8.511835098266602,56.66280145639717,-32.05221268237864,21.557527157195004
-3.8807481972566213,-3.8582902333048574,-4.805482754897399,-2.8645596504211426,-6.082178690522126,-8.172115495651031,-47.599728668576006
-3.389919030804104,0.6914486287304877,31.319741948827097,10.923614501953125,14.338519299183778,31.05860776207276,115.8113597629665
-3.628284504274334,-0.6692870147631435,-2.153881063693888,-4.275374412536621,-0.924509042603454,-22.241587859117242,39.5676389783882
-11.067372062527042,-3.059197809873815,-3.4407505980045374,-8.901968002319336,6.857216271508735,-62.83102287215968,-47.99414131546332
-0.0015565037690192796,0.9843910751333314,0.007273731787218629,0.1255098581314087,-43.73136304059405,-3.338229356364634,-43.661510299453084
0.3128028614010203,-2.0587869562407675,-11.324652616418714,5.4701151847839355,-134.86239140195372,-52.2122876046884,-34.57300239274342
-7.4268448900215125,1.0514018798559106,12.511797993857469,3.5456502437591553,-43.489405020939174,-27.158667591788276,-56.94735215309713
-20.81530024741192,1.1231491637261815,3.6730816868850606,2.3219432830810547,-27.966371912571187,59.02379117099436,-54.554000967709875
-5.058195071846861,5.883552045359815,19.307925505058947,20.307174682617188,-37.91832189803102,-35.42158212610975,84.57782122317234
-10.154402276876663,2.3066364313188785,-7.647405382250787,-10.708762168884277,-64.55048127121802,-48.7503277731052,-49.66085049291762
7.247541333027,6.171727858968877,16.04091300335905,24.705984115600586,77.44772307374454,98.23108820284773,78.74671971370152
3.1450175049295397,3.7349914843736314,-0.3583933094025178,-0.6811324954032898,5.8158314779503675,-31.365970615168077,107.78284708306357
11.922641954638856,5.608657318940207,0.4097773352672239,2.030895471572876,-14.286622519380172,-64.35230697772653,-51.09987090004054
0.4766238345700424,3.473147131462532,10.7829779487776,13.694923400878906,23.139371017650983,-69.47513893573927,152.40775055708588
-4.899292736377422,2.93011118999423,1.6188262169267325,0.7279249429702759,19.992760367940377,-36.13269178194575,-48.43815849627197
2.6623338183456315,4.50504717046349,0.6912973392963822,0.03648307919502258,13.236492708553346,-102.41754634979547,-63.89574038737547
-2.6509996593597367,-1.4966095963859667,2.2191514688862606,-3.8120617866516113,63.81371908269138,83.8046645740336,-50.6105753893784
3.1615715639286393,28.403443765401402,63.574663941146405,38.67967224121094,3.9547368097439857,135.26133120737774,26.222642748036677
3.705735116260973,-5.060256039631638,7.359413132830414,-2.9379632472991943,-8.785181924222142,74.68879046597894,-50.80076636897697
-5.303623291585654,-5.320264650873864,-3.348160851855403,5.0711870193481445,20.69976426924736,-39.64707908116974,-49.82981463000277
-15.795752007515915,-1.938654133330642,12.065154658151545,9.25340747833252,-20.93613604961287,-34.32231875323395,64.26949559416313
-13.341731719039846,0.16482954769934005,1.459920694003191,2.314596652984619,-32.46869592187086,0.8642576318279963,-55.02724213118191
6.734213273192997,-2.294507025741057,-5.546575084457408,-12.30224895477295,-66.85834092028489,-35.18987709787179,-45.09263349173965
4.066857557383305,-0.8983297953397082,-4.484288760750381,-5.684154987335205,4.4365723689104595,-84.87916982172892,-51.275039111254586
-9.331794665449074,0.5425160357647336,-7.6952775266633235,-5.979304313659668,-28.96835436824816,1.5298740048441424,-42.03011785236863
-0.6756358322841107,4.435570536456672,11.914270484067517,12.672952651977539,-19.98690639568343,84.52084301338053,-57.694768463223724
-0.12848851634494185,6.595820626511157,10.685838213470193,11.582119941711426,-64.6481988599324,-10.034210023995698,-41.31203389678352
4.502788444881628,2.1348901594347995,-0.0580723322367952,4.00277042388916,-73.86537771237931,50.824906664743615,-41.4579155835613
-5.252385522735911,-4.828739223460725,-20.616124063194782,-20.71148109436035,-72.89968855658792,-45.96674948807717,-44.37059977893455
2.861532185332379,14.198099635069726,4.424321723900962,17.66417121887207,-27.950400800185548,-64.91390695684507,-7.48973069704543
4.518834659148327,16.963831410495747,9.98507844167358,31.264514923095703,-7.5738706796410185,-29.022485516158778,83.10353653009115
2.7445078844649045,15.192803518334188,-2.669098770332293,11.28428840637207,-26.70417756911206,17.41391709787815,-34.40413896528656
-15.360623330554162,-11.156599981068885,0.9185708164844298,-10.265945434570312,-177.41393957324377,231.89980307948701,60.504846958518634
-36.21070893515317,-12.957084015265435,-21.508930695594664,-27.720462799072266,-73.31567588012278,-47.474237917915985,-63.41690145855526
-6.882833211792948,-8.914623390534022,-22.699635039001148,-24.70823860168457,38.1100598705318,-61.80436624907034,-47.420368001767685
-1.944145483319594,-3.964105568708642,-10.935489588791585,-20.49570655822754,19.44365554955961,-42.91781538233806,-47.39398642354887
27.990422125323633,7.340232379037777,13.264043312614042,12.252623558044434,-4.687888452270389,11.196432245859192,93.19908686832257
12.130654949358249,-6.1263060242008835,0.9358535188971431,3.2627220153808594,-59.28032951016047,93.90971072665174,29.295503040981085
-1.8370357105298476,-7.893153034063075,-11.944223665131538,-6.22628116607666,-7.781205506832075,-1.1110736323562875,132.0394600252557
13.834504803348072,1.2480388067906876,6.135610775736603,6.74703311920166,59.427179465138074,45.598925711076454,-59.335665178074336
9.404395968716042,20.99283069633219,-0.3763130964187362,8.244223594665527,21.31145313737747,181.66135818491227,116.38515045600819
13.511457452281121,4.972899573773744,6.418021954602627,9.402153968811035,75.60716445009085,89.31149228028431,-53.08447938082013
-0.6051217229792032,7.220602096822948,13.50587758933414,16.58538818359375,-82.00664625713854,-12.738188911899895,-43.140209300139894
-7.822722697197787,3.049087393750342,6.445459937654108,7.985710144042969,-19.55612020065337,-38.40568407446471,-48.593357439339655
4.717111204882943,3.942742493698275,9.50122436817904,18.010883331298828,-37.4506230474819,-69.12894150157129,-54.05223209417294
1.4133750182264455,5.133963627622258,5.916242820847195,0.5177628993988037,-33.75743486119836,-18.282169190472814,-44.86821533242893
6.952390552033646,3.3180698048693325,5.377467430676452,0.20034469664096832,-58.05646540256522,-30.19238977722927,-60.678309585077876
5.301886554123776,3.500788891543398,10.169289440864178,4.922837734222412,46.53395757912685,-62.04588918270062,-58.412501155125916
10.200036230679125,2.207000725168404,19.266938792955578,16.364765167236328,52.41668694550964,-19.38558071713702,7.192088178994404
0.08716257883039535,18.65400772466585,53.82007188153706,49.344234466552734,107.88833323097732,109.1962319772931,-39.59696676003316
-7.390413649387942,10.282823232394438,12.206114715490495,3.2011899948120117,64.85364736165887,-26.536024029791758,-56.20964227572138
5.130388046148861,3.819242036766317,13.156910874510068,-3.4695191383361816,18.64012915275273,-84.33632178913153,-37.863363767575535
5.575910205206026,2.534149067862706,15.103029075136025,13.86302375793457,29.829134068588118,-1.371964376623274,-50.27607470725158
6.091863485713415,-2.3973556603100232,-7.278239972174987,-2.2794580459594727,28.890181903779894,-94.51280040840584,-58.3616334679688
-6.948193056189143,1.102130346379174,-12.19595451250366,-10.036728858947754,60.97253580255703,-67.96094182222689,143.12713228221162
3.866449599875061,-1.7706334691407941,2.4823152405505637,2.5389254093170166,-3.2264534972780687,-6.667676411427905,-49.43433915342873
-15.214002659462214,-4.995938627992535,-5.111745137137153,-6.570932865142822,-38.06921214770193,-20.766833600353486,-54.088547110640036
1.7463442719750821,-2.889936350864129,-6.693147119508472,-3.329009771347046,26.206482824169342,-56.5267545044741,-43.57549912761078
-3.410052327468157,-7.414852641344986,-10.954491252276286,-29.112546920776367,3.1969594496454454,-3.2132853606586265,-51.44014528226197
2.5559516313330137,1.666726191516103,-7.111154879044054,-2.10956072807312,-5.898424661485766,-44.656166772855556,-57.36778400263201
2.7020042091895826,4.534721353491834,-2.1323161979156935,2.7429559230804443,-83.20435937822458,-82.819660878743,-57.169875463793915
-3.5606759833200767,2.0346149308370483,4.426409713312041,-7.586582660675049,-89.07023093188234,-75.97807729864996,-40.566636356738755
0.2918107709343596,1.0231184747725235,-4.440355480524397,4.890105247497559,-50.517462350522074,56.466436143775894,-46.86215550326932
-6.280452998055623,-2.340201296697967,-16.580016492517114,-7.494232654571533,-33.198919475315094,80.97349293454893,-29.244910999793202
1.3462070885876214,3.5313646669674736,-7.372924668799642,-1.448164463043213,3.4028981892240977,89.65526020504706,-57.7282620592745
15.860070606401937,4.312670000431838,-2.1441914757439804,-2.2049942016601562,18.882667557730624,29.854095420506457,-51.65841344402974
8.0556386685599,7.155184855590016,10.912826125325132,14.303581237792969,51.37587641542397,39.52001915717967,-39.88101485370372
6.613587622091676,7.809464584750928,21.79216725278755,18.960010528564453,70.96323638977196,123.867729122018,87.11679613657063
5.358138716345448,2.4070977145461527,-4.7303878889046365,-3.320448160171509,-3.371156194818154,-15.805390098810635,0.029217354877314097
3.647579594218244,2.927699059758064,-8.221009681411731,-7.137345314025879,-36.875826483750394,-50.45443031865342,-61.15205168198142
8.62917565979605,0.7740354267955718,-2.3490359964553185,8.209874153137207,-7.071039950604455,40.31957742637364,-17.04662043050926
5.093541830826732,3.397194748002618,-1.1068264969591155,-5.184165000915527,7.929165127659498,16.007993336194527,-53.34129753207489
8.389672586089691,-1.755980020087592,-9.073316312821827,-13.103616714477539,-11.807090882754409,-47.5370959181126,-48.579109905726554
-2.258949912960574,0.9098685117601608,-9.898214574065289,1.2919560670852661,-34.00619144947642,-49.5512164267541,-58.90536343103531
-0.5038575284263458,-1.1924470639577682,-2.5785372177088326,-14.829118728637695,-43.8086463791763,-109.96915864462743,-59.672397129715975
1.9591808686595362,-4.489409104506604,-15.552635665286376,-14.37158489227295,-91.85082592680267,-77.4499015136525,-45.880687934261935
7.569901590430649,1.4681688994065976,4.170433468980324,7.435401916503906,-7.368753597843487,118.49182075092936,-53.65212191488757
2.9382205906294425,3.6133939735597007,-4.316974930516911,-4.112226963043213,70.48675396829917,-38.254732005801216,-52.98849805751454
-1.1713804490844852,-3.8569253131561734,-16.302136407670638,-14.736469268798828,-113.05863674959002,-74.53614550226827,-57.17317357455559
-5.72390648246835,-6.267194379414129,-15.306597609422168,-20.53436279296875,-52.34331048476889,-22.797453670899618,-49.60826833890741
-6.648325756288783,-0.9482051600025336,-18.45559594601023,-16.294904708862305,42.91504290125502,-39.26826835662338,-69.24555834341983
-2.8619239550742472,3.064912157037869,6.213817286989494,2.536694049835205,-12.012616866486857,-18.47693316374973,-47.6687634848326
5.929122084462489,4.32403557939379,1.3757056706027389,-1.2506905794143677,-20.043337915972046,-7.014573771301561,39.04969979414448
-1.4905377389370003,-1.704465693323919,0.6145117077899833,3.0642142295837402,4.52982809881561,11.765479787400663,-8.741443579329536
-13.43453513493229,6.781197973594267,0.7783840025315952,-8.720503807067871,21.964600091120246,76.61072685112516,-43.89774241489043
-10.9414254093906,4.880026021103604,-7.545475438886697,-4.120373249053955,-38.7233218256557,-41.80681010572431,40.35564666160967
-14.226848145373332,-2.9674793530254804,-13.864020226533277,-12.19118881225586,-87.72815812845852,-43.81110049897685,-55.978953594392905
-30.580252519587575,-11.027587958869022,-19.918236105613808,-26.075109481811523,-74.75708765299977,-57.452044228665386,13.326059133494553
-26.812847262569452,-12.877639491075715,-17.98947479156861,-34.86530303955078,-57.55970028728238,-33.59840899706119,-28.723847239790732
-21.976482814393336,-6.709191433883624,-15.623974160635628,-18.732145309448242,-0.15501029384031315,25.252642827273153,-41.73790272912447
6.554610703076284,1.4109349664976498,-8.57977803814636,-3.225213050842285,-22.908175202058366,4.7585302027971785,-30.662208941813613
6.342701956294765,-0.7496783368122303,-8.52916704011755,-4.093283653259277,-20.966891267201603,-42.80375602218745,-38.39612501126594
4.360239794058303,-2.916255335139221,12.653152142157905,-1.0456230640411377,-91.047891888414,-54.77910851782252,-44.127578513188794
-1.4767373637854186,-12.266678319488292,-26.393574514915223,-19.319595336914062,-62.56519744350159,-14.731962274571606,-44.2111481197101
-6.116690535194057,-3.053822176803102,-11.001617097800228,-10.886496543884277,-1.6670409281600984,82.85195375188702,-44.784787998595554
-15.864224317708388,-3.4875226328625177,-6.111457454733607,-3.267305850982666,19.918937553990986,-27.62904503479133,-67.60212451070906
6.9316225857703735,1.1476447017455362,-3.8244379015099486,-3.7014238834381104,11.253991828787566,-34.43243663947508,-28.552686054424825
23.678677299604132,4.8683536603931366,5.694766854886463,8.291059494018555,39.19427244805607,75.96149430886709,137.06850564557962
25.614232850764207,8.05458512753444,14.940355563674794,12.891911506652832,59.53573709982172,-6.922858962612555,-57.08462300565861
19.347577216452503,7.183500690106332,6.166874533962445,0.7689946293830872,74.16391459685065,-22.793646609224165,-56.41808044528047
12.95330933552706,3.3665584542777136,-0.40342234507350955,-0.4526379108428955,24.396926863552057,49.94398854725815,31.814876918239385
16.322720998726826,5.450171078894682,15.047225070919106,6.359445095062256,-19.176711802453937,-58.28595071638738,-5.649986403241704
9.18018856962944,7.06114253628601,-1.009063951132542,10.522631645202637,4.027452371356729,-20.535078272152642,-58.11646181683441
18.014602996249792,4.569357830382106,17.11389545095624,17.431915283203125,25.81865462500453,37.18189483696864,-7.750180860257439
6.538337725229548,-0.2375666720306942,9.482839475250252,-9.894292831420898,-44.0850294163106,-86.33035543672962,-59.55696589946904
12.22727932206707,4.74591974946923,28.53407469587237,23.66057777404785,45.99400234394421,96.23528790169594,-45.99560247601074
6.357376339426199,1.8034005594596465,18.696597061584566,19.84316635131836,42.56791917170651,54.88957418221865,145.74847009694147
-26.465319952884812,-8.094925504132465,-11.129397293710314,-2.180920362472534,198.18014016481163,-13.449288320275432,-44.9662633864379
-17.95306459575703,-3.6711429625052485,-8.184948902870445,-1.7245479822158813,41.539467715383424,-71.86556469370025,-20.50102429203088
4.1929980774079825,3.9560226125051927,-2.541868899371194,5.378819465637207,76.73912047426062,-12.894843741650933,44.94261807021279
4.759960584987074,4.6006115200406335,-4.517098647259479,-7.202762603759766,53.39317426348426,-0.2081608489335328,-19.74541526823662
12.23336135894332,2.8220289752232435,7.812435858591501,-15.275617599487305,6.371538562298447,-11.27515443965024,-54.228553378766165
26.7427138641901,5.440217654119373,6.289586007872431,13.173314094543457,67.527142570708,-16.725875966507775,-55.806001618227604
8.754382313970028,6.272530231491419,7.324489086027722,5.671702861785889,28.37462935389244,-18.26089866858796,-45.24054065719005
8.35946793070041,2.239239725907082,-10.482908038423316,-5.375908851623535,-13.576547323281716,-84.97789566495153,-59.134760182757915
5.4572473113931945,3.420142563497937,9.882830750279323,5.125698566436768,28.62824492797157,-72.94736257492026,-58.100242062962856
3.0647831233016825,6.936746206816618,29.853243198186476,24.340238571166992,130.49755460006435,57.81731406802373,106.64086241840313
-14.69973900519578,-1.9158487724373685,-18.670350775732068,-8.624881744384766,-55.41433497864086,-56.58747973139806,-54.81305378181896
-6.9385088830644355,0.4384618555239969,-9.57628963521186,-6.7771172523498535,-46.269741662614805,-0.5360871565272057,-38.599585160542794
-9.527788598979793,-2.214804160666094,-5.051196310170284,-0.3727579116821289,-28.123595920730523,-71.36406479518539,132.5569133919292
-0.25262830658480095,0.5180602548963462,0.6023471598340514,-0.97841477394104,-3.9449563648946584,-34.44639438912196,15.075296612345365
-5.2329351760057525,11.553593538360758,-7.41630279588958,5.069061756134033,-24.295513267718135,-39.20029074165328,-10.96989154157533
-5.6122394830107565,-1.1066709321620425,-4.9045026492264245,-11.117593765258789,2.3106251792747368,122.5941420473043,134.6304269175926
-10.4373751610697,-1.040204112066048,2.448972001740076,-5.30873441696167,51.57018865939568,88.73543611294853,32.65236834372798
-8.303870205394656,-1.8103462614452916,1.342239535266529,-4.617993354797363,54.39017939655048,-31.608757954804812,-59.725295210693126
-10.64979852125655,-2.2080516426859256,-1.7152000919838943,5.7220659255981445,75.03078170535913,-74.21790756686057,-64.26034300618028
-12.259222161996096,2.5467085181157008,10.621872912469595,9.174702644348145,-16.87212969283161,-47.660095804998846,-45.99623418923693
-12.231805382905105,-2.8758929871965018,-18.252077542425557,-24.026756286621094,-105.31270934923128,-69.35659937140609,-33.19749473158164
-17.626685508891104,0.5593962696280623,-1.257443374958079,-7.487189769744873,-53.23037730995431,-109.18870062321919,50.325334185295574
-11.769007501374148,0.4707071206824447,7.022086063860238,-4.546081066131592,-25.27265186024335,-63.737397702998265,-23.201841326442988
4.375698470596768,-0.6777573127083133,-8.364177918996392,-7.440295219421387,-28.372482498191726,-51.71351801814095,110.93652448866729
-2.1690875469705757,8.574069883601197,-1.3387781034424513,5.741476535797119,-44.97909660941691,-60.644270685734426,-58.25794729348405
-1.3453343315423019,-0.13705938807770826,7.088749336579534,0.788750410079956,-55.03259083994618,-36.98228514505893,-53.804121947115924
-6.382269704566205,-1.809064086500326,-7.016349992845473,-15.29724407196045,-42.4064150833665,-17.640017236862597,121.68877745611898
1.488562937054191,3.4788544031476296,3.519433568523422,-4.147536754608154,53.84730272611949,-0.6369449362427738,145.81609059187267
-2.0068660766130986,3.4824852051912543,3.4847725147569792,-2.449190378189087,4.707391310441467,-105.22066009200486,-47.587124560370725
-4.475498758450727,1.8859577520140924,-10.112975891300215,-5.900696754455566,-58.88344052316807,-62.82833815443978,-57.8893162326098
-0.9009813197196896,1.7885958865890637,2.173059546991411,-2.453615188598633,18.370717015668056,48.88314505684066,-45.73740202948184
14.938326314911187,3.8698617675676745,2.295897491711565,-0.6249305009841919,48.54066465533389,192.13199062904928,11.535895762812974
0.10993176407235472,7.178096222208247,-9.18689615636702,-7.485400676727295,-4.507272232384068,-64.48122491279157,-17.42907902129486
1.6416681790468803,12.037302164050738,17.146275793495256,20.350799560546875,51.57593423062265,39.12950902387561,-50.43899603591588
6.542373384682758,14.018405756923942,31.438085410626858,6.738658428192139,-17.98807624203707,-56.24328670711438,7.00219337985901
8.702052629487081,4.021259686065053,5.204741483740932,9.659235000610352,-8.050984236712784,-33.78173087426658,-52.26323719871148
4.577385089090025,-1.754950214847376,-7.023071234802489,-10.385614395141602,-35.21539834650653,-65.2974111376915,12.237926556296866
1.9229157297328914,-0.871312426627523,7.544941541940253,-2.3559446334838867,-15.528943547690918,-57.44807999955366,-44.439576471313714
4.7315428097055765,-1.171857463280336,0.9030364270252783,-11.220329284667969,14.636461518109405,-63.3743194737188,-51.9091576458918
0.383588266729169,-2.018173537620759,2.132765692516153,-5.326436519622803,3.1644097632547816,-82.45415536801123,-52.274091961997286
5.8954624283389565,0.6596163175267216,11.84673547139623,7.304891586303711,48.1338511725199,-32.08087221483523,19.636639169705344
-3.238281123639517,-3.994416401075192,-11.931094432862274,-14.670401573181152,-35.516821814678025,-18.259379670452404,-39.15953905361581
1.3658788409056442,-0.7473367274169469,-1.2360905420481592,-1.2357840538024902,-48.03089804361247,66.42864433237581,-41.57696508772092
-2.706970846994727,-3.229031677579869,-6.8943257865285235,-12.250274658203125,-44.14460158097785,-27.561080694645668,-58.3456432255566
-2.38136897390817,-1.4189364564304745,0.4533737700236858,6.9321699142456055,-51.795566706682266,-94.36266333994499,-55.30986734653439
7.297828367985339,11.513636129443372,19.74649789795364,15.305103302001953,-21.75745687434066,-33.74785012814356,-44.72629123874962
5.837031077351082,16.0907931943141,28.08531050848416,22.38431739807129,32.424893832459794,6.438681364596896,21.09344981159232
-5.570038544566018,14.183081553185932,34.0972716894652,36.60594177246094,44.84695737276452,-53.029750200374195,-42.86812146432709
0.21038473750046016,2.390334181202402,6.842695247536083,-0.3950570225715637,48.42578221685897,-70.09026131554371,-54.6390893794628
3.9598120375278407,6.179196343446491,10.360615498002927,4.579336643218994,14.998408825362796,-37.144610289343746,-59.38485505860601
17.5788920544066,3.745676018207881,6.677503835152049,1.1980912685394287,9.324736331049227,39.022700610510526,-63.876541607667704
5.578268400645867,4.009177541428158,3.268191759327951,5.923476219177246,-19.778375717825234,-32.82953366402099,-17.36598020152131
18.212755512425538,8.471069944894928,20.955543679270708,29.550464630126953,29.332950196809357,45.28333586303462,182.64130739934873
15.074250117673227,0.9182787517503813,-9.46058522161597,-8.213050842285156,-10.826285246345556,171.52182517621162,-51.11699582133119
13.543056075151796,15.365531052682348,23.640924640824167,18.4949893951416,22.59353099695049,-36.89948571940086,-52.68413763110444
10.517680771182011,1.2015585027085862,6.239384194474625,-4.896181106567383,-20.89891430399985,-34.33116554889032,149.91737991259592
3.150982636363304,-1.509603622821278,3.924431241495243,-9.136635780334473,-54.485647458728494,-36.42915398180494,-50.008997174370506
4.31106366454736,-0.028316404579532235,0.6674186868860637,-4.980201244354248,-7.941538680041198,19.932037211041127,-55.78485297735385
-11.247149614314658,-3.0572295903727116,-10.981707700575566,-10.11561107635498,-53.486230380294074,-31.581191202594436,-30.434613836646683
-3.408770687870809,-3.8086402590159736,-11.207692636250572,-14.491284370422363,-24.626882487638323,21.735065739302165,-41.56435497600117
-1.9716318799201265,-0.13482692254178377,-3.7404310355494634,-11.669449806213379,-69.37492897081718,16.056637590844804,-46.06178712682724
-7.830950241584934,-1.7451542413193943,-11.30936107559927,-6.820479869842529,-40.929968041542935,-43.175319770291225,-59.665237720261494
-7.4530607214795,-0.6703767982900305,-4.664313680676076,9.691299438476562,-32.15150207951186,2.066250248629946,-61.28659809033536
-6.481699204184577,-1.345503487743273,7.5572755941588845,11.659753799438477,-51.70125633006321,-10.340324511134728,-28.788767039894996
-4.607208806836066,-1.7777167293716525,-3.869907293230867,-1.315173864364624,-70.99196938195139,-47.9081608015987,-13.428385679690072
6.872411469444095,0.9191806997905129,7.434889301452701,8.403608322143555,-3.8024366926411344,-50.45125287618539,-53.95739479128596
7.3703590507944705,1.1617049437689908,6.772747138299346,-10.323075294494629,-5.178965544891048,-58.6255282735863,-58.263170162205284
12.895967522924018,5.242110375085928,5.186701051154098,12.52003288269043,3.513339885332759,-6.572515247104331,-58.433341514011545
11.86382034413484,4.229174723101351,0.6525221473876666,7.073945999145508,-2.1293865920275548,-66.67289125925652,19.348042562581277
17.760903443377472,5.987685626817628,16.13483900777036,14.535511016845703,42.01287792528809,178.4313212855411,151.8361030315697
6.523514616664602,1.9017336478031621,-4.434143050579414,-2.4171907901763916,76.74861475996494,-8.441134422216312,122.99860783254181
0.07123603407996182,1.7045602947410787,-5.320897044584142,-9.603586196899414,-10.072661367742604,-11.889124297581247,-53.45559885894294
-4.496284084790921,4.468037862592927,-14.757160306116452,-8.894094467163086,-81.11433601624836,-83.67406826080388,-52.31422764458806
-6.338791149445741,2.720984661834896,-17.511898298864367,-9.714326858520508,-41.42189325392354,-8.19843353304682,-47.26551992168932
-46.786391012186236,-10.761351788990627,-29.882741820616214,-34.92977523803711,-120.88417112081943,156.95459641201367,0.799274665933471
25.21210909285889,8.116234769434088,-0.7190452548276101,11.567164421081543,1.3610228375692175,-50.57255716550539,-54.00096242356636
27.06573100308886,7.358818244307836,9.445326023191118,8.480840682983398,121.71207299373732,187.94226465816598,237.2917482885663
28.024796100471846,5.9587051170295675,4.156118582930203,7.6496806144714355,153.42977855860659,157.5604631823736,-19.198310011188987
28.60359182959802,5.376917799171831,2.31562000298387,2.532639980316162,71.31204441414287,-40.00141003917112,-52.42328321337009
18.370014590273676,-1.261092102371427,-1.4132393049243248,-3.8800761699676514,-43.27365772590885,-22.375867699585537,-43.878737198311555
12.86635349686643,0.815649899102893,0.7900313228765162,0.082005076110363,-24.374918216367487,210.60644317913494,-54.29620606779872
14.932466012087268,3.6285185593071567,27.034119167834053,7.287492275238037,45.570180592161655,38.212759107957694,176.46821015107864
5.365102163560049,3.2966556158737514,11.606863865714073,10.841276168823242,42.09959562711106,281.03960036161106,170.09517743204665
2.3749421263602652,0.40111527692768995,1.960559505378104,2.486504554748535,42.24662185439414,5.48573601764949,134.54026120542028
-4.453147759046341,-1.575366522995587,-6.022541055512616,7.818298816680908,22.202019590858903,9.350762550134224,-55.92943068167689
-12.751370688207121,-6.036907491390488,-11.76375550489145,-12.232226371765137,-0.6081199947188155,33.020402028024144,-14.674667137590976
-7.3776415609192645,-6.500832595182014,-12.423252062934907,-9.952136039733887,-5.335962244083274,-33.57033699749036,-49.985504485228645
-15.56016181046624,-0.6742378747508213,-3.105978623329049,-9.339637756347656,-72.8518925676566,246.80743738991077,-37.42158467734681
-5.842349962181035,-0.4129913054814154,-4.142334974545585,-4.05207633972168,-58.71165184588448,24.567698917977804,-24.887343264715444
1.8034897111172148,2.0224544361627816,26.103621843981962,14.244283676147461,65.41633648535513,46.48673918557818,113.46864155714577
-4.274947402904488,1.8177889124921247,3.9802061367947954,8.291869163513184,-14.904017661120976,-97.43490397360254,-54.28650785927418
-2.5303912173224816,1.9866088764722818,7.407134235310908,19.338027954101562,-26.56796989602061,-56.55858217979802,-55.320668908962965
-2.2671282374451724,-2.1731237540405774,0.9446875433058429,-9.65845775604248,6.917710819882558,42.56680436019212,7.396835893431311
2.748777720112481,1.5632461572043512,4.8078171572736705,-6.702807903289795,-57.36119395440738,-95.65704278331918,-56.13096455823197
8.666226457888754,3.5285305366979713,18.88445667188452,3.341010093688965,-12.81711733892972,132.05439805510076,-57.16336853799381
11.907357099038279,6.7582035768116535,3.933134145929213,10.132556915283203,43.51514602450186,63.43960958472273,-45.664897126544446
-3.1373346267983404,1.4781023352272888,-3.3196783034075765,7.70630407333374,135.22019018853376,105.20454026874735,-23.898410528197978
1.5948915451886219,6.152284348234484,-1.2577882029605083,-2.8266282081604004,-44.56643465036251,27.818180559138266,53.16364652359137
3.122258253860834,14.847624113845734,22.651542252958,39.42701721191406,-22.333600843795733,-13.322299770739246,-56.02170668137128
5.885826042358924,27.536421668360667,58.99070105375758,66.81194305419922,-27.49113327917663,-54.429047574159355,-39.812811628448415
4.154514503808457,23.9800535633746,0.03156330430866776,11.987096786499023,-2.624405479538219,51.88525559719816,-46.080939812164495
11.665152297232776,14.01945470487524,29.49881222478354,11.110340118408203,-12.756693511618696,-5.904174445064692,-55.230270929671484
9.789236082984516,5.006023813334954,8.045625965680046,1.7161989212036133,-12.857509540635945,-87.36220941781677,5.700198939627249
2.969209264116076,6.327480717717244,6.135466510562411,14.638617515563965,-30.42627992682515,39.768754762977466,54.26012283213285
9.061832288879494,4.31242516700488,12.408410564469062,12.859517097473145,52.96017287836706,136.4926797570934,57.15498770959026
3.9709923562055236,1.3788585400527864,-8.582757669584911,0.7377251386642456,-8.711616756639973,-22.54193381702243,-50.10068192591768
-13.027536713456389,-8.156470125841528,-27.564366037933258,-8.648554801940918,-1.9126557429712696,-28.491647956595234,-50.182574769427134
9.28063494808676,1.5017148018357651,-2.9307194528178795,-4.359554767608643,13.541698881824887,115.46804750515993,103.43149612371604
8.639496304848844,5.4971955985018965,7.599967014027117,7.993764400482178,-36.23931928782537,25.167939212135302,-59.779679268359416
1.014278034290262,-2.08953211809298,-3.730640547106388,-15.101642608642578,-66.64603694858413,-4.084518085739795,-38.99049754916897
-11.322589696814322,5.283138534221359,-5.539224720275613,9.835920333862305,23.782878850244515,8.259961439680163,-36.978640104722864
8.907700511136623,3.335355909778855,38.621317084916654,23.956382751464844,65.75840915209302,-9.730069814329319,180.69697074617008
10.26021098053478,2.071286030123703,8.173902346247822,0.7053184509277344,-7.651750186874958,67.79657160161277,-54.44317259123364
-5.782288253689617,3.048173043067081,-2.910966448697676,11.586947441101074,-51.931061848979425,-68.8088811311041,-27.787258789171958
-1.6531250308910037,-2.359894890930665,-1.0048905072402876,6.550372123718262,46.76984609218568,12.417695983018426,-58.122220212388044
-2.251976233277376,-1.1181949138085923,2.4210240836158197,-2.0600757598876953,-43.187531932726806,-83.24852193631297,-56.12017685562
2.143480444727505,2.1064683798714596,-0.35694648238126575,-0.46467816829681396,-51.63287276952843,-9.093192900482476,-62.501759565269445
-1.2193340930646945,1.7476538428664234,-6.518094500883647,-6.3749566078186035,-2.5063560574243087,50.14411265045316,-36.478288397742574
-0.3718624116062672,-5.516169699273444,-16.501745014293192,-6.671960353851318,-26.655919687258862,39.84769682209095,4.3937585134392885
-5.912161435289317,-1.8570511874388482,-2.2968898073732045,-6.012091159820557,-84.28867020492699,-43.23614117522975,-56.51129747615513
-33.56060978670847,0.4705439040417509,1.5872675265565583,-6.582601547241211,-81.06409335533426,-147.6157553160174,-43.420909458193805
6.4011341340868055,-1.5145369615836808,-8.558286212654268,-15.696066856384277,-46.670847672504046,-89.89440078659591,-42.734745895666684
-1.1154168459123754,5.301665463998102,1.493711107714209,6.715065002441406,58.70857108411889,-14.33503496743276,-56.984932048434445
-2.2665696023922584,0.8650572130587405,7.828650119222701,15.29837417602539,136.67357232613335,39.12253115691347,120.73663089080138
-8.729553280558068,-5.32460380864115,-7.91992621244258,2.089702844619751,117.61300814506815,32.54686696768833,154.04993818744256
1.3707302233833532,3.2882287375336214,-11.605944922161575,-3.452091932296753,43.05683206594312,5.56578230237237,-12.448505410566892
-12.313315165703944,1.1183054937307826,-16.148346425145,-23.176843643188477,-62.4118050422174,-86.50613425870651,-57.24861890096727
6.238078881703603,7.296424775742643,6.915487011350351,13.892605781555176,132.9125095867559,16.367490434182503,96.6721256872479
-3.4113376340006587,-2.333371171534145,13.42204675732733,-6.254037380218506,-27.792846902256112,-47.164281895147454,8.740676989289907
-0.18118961650096055,4.457527721473264,0.5421402680111502,-8.2393798828125,39.62332856184037,7.459155029405528,-47.555788332153895
0.5846081196020627,1.917083365009725,-0.4829000364102333,11.7334623336792,-2.2552044561161186,-41.41187235234453,-56.17736202513825
-14.546377222076448,-3.7673035865693936,-8.536235525532591,2.7415709495544434,60.95755960718048,-34.196527560237925,-16.380036890149803
-15.641705456690389,10.110373134489228,-5.241715711162091,-19.275094985961914,-32.542960142852394,-27.63637891522182,185.97296369309842
-14.720234884559247,0.5232846412142989,-18.020984890202783,-12.995519638061523,-25.95229609689587,-8.335365832782148,-43.92947323569574
-16.350411357005527,-5.365714100757983,-13.241256303316444,-24.79823875427246,-47.6531367144555,-26.386297950977987,-30.0714408002517
-0.6122347376417467,1.145183355900693,-17.872581376673338,-15.618631362915039,-26.283210459065934,-55.430189547377566,-61.83426049493244
9.934208037516186,4.408412315096223,8.876464868361067,40.10301971435547,-64.2738578901077,219.0932338812696,206.87527409659046
3.2060865591915366,2.8394721984039304,4.172884767403323,-3.96187686920166,-67.57599308363025,-47.21037808336466,-47.37895105963319
23.23007291212745,6.6141621005746325,2.867403063752529,17.132898330688477,41.93742213265257,-48.89262358293979,1.6468908389664232
4.415074504513654,4.824403350559461,17.964374223412115,20.76447105407715,72.53559361559593,-103.36862128225135,-56.5780321219545
5.821536441199832,2.8274118720788475,18.192710790927034,10.618558883666992,60.2738694592446,-18.890195781166703,25.16828762018986
-10.838809607592133,-2.151044440300395,-3.0114631198831874,-13.48378849029541,-2.7823377850494744,-9.133469812019895,21.842708900838574
-2.2960265928572383,0.32359891671791613,-0.24043928156613253,-1.6917896270751953,-4.876259513555949,-22.390910016827796,-43.66035805260974
10.449793801064256,5.109727254163838,4.850886948724733,8.97358512878418,-5.898055823137771,-51.574852240429344,-48.850216254385984
14.832332569481263,5.410958371338963,16.578776748600667,8.274895668029785,45.63281956667133,-53.34852648061725,87.0586096514184
14.660997725320122,3.624253774416045,5.67291178436087,9.42579174041748,14.350086763676211,-45.22618060111351,37.43201238513572
-5.909062171696099,1.5849460636859454,-0.6107369078427702,-2.560967445373535,57.60027139955467,106.23638144338824,-43.54414086007877
16.22939243178802,2.210090834084209,-0.526685643434354,-1.0964711904525757,-52.21405361363783,138.95777998787526,-54.48057484643968
17.163531204638947,2.6250225750209495,0.3257279783118,-2.5357673168182373,-62.98234004126317,-0.6306961584772194,-53.595654772620534
8.730323640374827,3.2275599937020267,15.705354882709102,8.42862606048584,-0.22179068894938755,-10.974125392038601,-16.927048651965094
11.573560789580974,6.7957191371884385,6.781658001868158,17.571266174316406,-13.944867271650482,-7.078602881394447,-4.043851644561623
-3.1099119880116577,-0.6280868988607395,1.750069213742613,-19.05902671813965,-24.761929453181367,-13.872437316046831,53.484154144439344
-11.855339146446639,-1.0570278627976792,9.670415931708288,-9.85983943939209,-43.2517795680038,1.3630387307507599,-54.03407117580487
-11.096218073592496,1.559435752313155,3.74217715936376,2.760718584060669,-47.584025483342856,-44.196896833574826,-30.527458427790126
-12.74810530962695,0.7967028443417851,-1.4778892108465271,-2.804426670074463,23.51959024414475,-14.819403438232065,-37.095138502888915
-4.128438677553935,6.928320878743278,42.90883730737342,28.48110580444336,80.71428030929786,182.48621064887482,-61.5468977287626
-16.04370095518117,-4.075126992249334,-14.8745056194356,-12.805110931396484,-47.30975518615469,22.214917680439424,-62.550198834746624
-6.042583061888181,0.1742742914583954,5.627251103186457,-0.6463145017623901,-65.23612069277866,-38.328814880816616,44.4688491920797
-4.479749870640301,-3.308782436932782,-6.62951611341546,-8.828131675720215,1.4502587744636972,88.36705754011318,-48.07565237604885
-4.498761084846376,-4.429359165369729,-9.752553294934312,4.767891883850098,31.302054951520283,-26.895330453472262,-51.11027822701487
-3.3774814710133763,0.33572817430582447,11.299368566616295,8.870479583740234,24.787643096518813,-53.39545633561456,-58.49942427603701
-11.134721936170283,-0.21878800982084237,-5.571375595759062,3.5474941730499268,58.95207044429825,-20.1135273091566,-56.50466469251902
-13.556056867703187,0.4074325745618368,-3.9472555971807632,-5.334074974060059,35.8724098441171,-57.46766138160669,238.63057948418438
-0.15205548139214287,1.4259965516454407,-0.36232613236368316,1.4178922176361084,63.63365013261012,7.4500723386678445,64.0104039677368
14.205979838491924,6.983156270526968,3.80986110512389,14.664902687072754,88.19138468513388,-120.25599057667816,-57.19398339045168
6.69772025045931,1.0028567081524666,-11.059106303461357,-10.141852378845215,-8.214870044618621,35.1480813424666,135.81283002579514
9.219840492185774,4.2073897790167445,0.7511490403715112,1.916688323020935,71.74956892713898,154.69912616044206,236.37032903866495
9.2743109718913,4.12982335843464,12.08491428360439,12.524816513061523,16.493432410710156,-42.290672033404014,-45.56934629331185
24.19317780314156,3.6706508889721787,10.564988711092555,-2.820653200149536,-26.626016147925036,-5.86910224193694,-55.5707009908489
12.532412538260246,2.4927461943472755,10.876285597643399,5.533427715301514,43.20528073305444,125.17171572038929,75.52452922366433
6.189345371669147,2.110647107342285,-5.285056188106597,5.575385093688965,99.8048987187549,66.40745662560178,71.40881858197929
8.077419847585627,3.9518501383678766,19.004476939207493,4.872591018676758,-6.43331047057497,-27.53541087123198,-50.303149488565445
8.537988904106719,2.924050549558451,5.697502630059364,-0.19532665610313416,30.569315925124464,145.5267336884467,70.28208555386125
-7.489946198413416,-1.5079527978787803,-7.881504402244239,2.465719223022461,-15.380131714918768,-35.602749376956844,-39.789537571864486
4.925726957822857,2.728675937245363,-4.43282367381648,3.395198345184326,0.014480952114501427,-5.732267468966199,-6.00260897622909
7.029718495709772,3.72928083136907,14.566862955763424,10.553518295288086,-8.025139225477414,-52.560777798646875,-25.060905785294494
-1.6350750210188254,1.6570850833131787,3.1070729538166826,1.793872594833374,-10.101382506889596,9.944972715067424,-48.34285563767392
5.555640696223119,4.316775262634701,-1.7161211344803586,5.056945323944092,-82.36161715650398,25.68922096038691,-55.77081276098835
9.312607304555968,1.5347527229852895,-3.968194323246606,0.6189558506011963,-3.8751209094776695,85.28280245043081,133.309724776423
10.003460915583343,2.155720988442,0.527366297602676,4.007236003875732,-31.572164531456647,-27.241454981382997,-33.343558052468595
9.786966253258118,-0.613916802758275,-1.5562231586941597,-2.6793482303619385,9.607879610254626,-12.102589235957144,8.32607295708928
-1.9683751852691977,5.523922768539357,14.99531237737605,10.452940940856934,12.105491003246211,-58.11174265714982,45.51855477138544
2.3486303498462435,0.5054174425470448,-4.337292089382607,-5.22194766998291,-2.0885535587467574,-44.8450198566741,-55.64011980967702
-0.8896409458379408,-2.3759995092615807,0.9189366389940213,3.35912823677063,20.888753774994267,73.80262526262995,153.8673947860115
-11.386938218473308,2.659625197193077,14.997122411993995,5.141861915588379,3.5020573173169174,73.88430796387273,171.03771043525785
10.867516759075759,4.7198994251728665,15.986651381034108,14.796231269836426,-2.7359752952662886,13.429303957854554,90.48768009375222
-2.5333605939350075,-1.2061975329634997,16.94803064504117,2.2286465167999268,-47.032176359858454,4.642751345165317,-40.49899544804334
-18.556751615842042,-10.408384360624149,-25.364392331329206,-21.971895217895508,-111.16483760078093,-36.740042525400575,-49.52345020780105
-19.57956465499973,-4.3611569736846905,-3.9025727508009544,-11.685317993164062,-113.74390826381861,-5.826193807258905,-52.823350868121736
6.19279996691026,0.41659784405844413,-18.886369751261846,-15.906647682189941,-63.818309800769654,-23.341874655354573,-51.70177403894721
11.979253101236726,2.208840260770776,-12.898561985377391,-16.210716247558594,-65.07223303296848,-28.011599010977786,125.62736573520398
8.315171296348225,-0.9754286001027225,-7.1449587312104725,-6.596138954162598,-62.92631379355629,-22.838662648301085,-50.247390025706764
11.874612538617477,0.11358426648865987,5.785859320063531,6.324224948883057,138.55068411850357,202.04349936770478,220.51838194272318
-6.450366810753221,12.174671959744524,-11.43202768828015,-5.069999694824219,-86.32752102609788,-54.78793292496173,-60.59701283266152
5.583273077219942,10.315576879977158,9.07364540855313,0.19949281215667725,-47.914620118845,-61.48784066466605,-65.04127640639558
4.291712476367753,0.7470997985560077,-4.585731245194647,-12.128135681152344,10.335378631126325,-26.897437458963797,175.15138825535672
-2.6585635438976443,-1.0063976184786882,-1.338078731707707,-1.6569900512695312,-30.518070771406233,-29.792691702397807,17.75107975665764
10.196172805206125,3.8257600032210424,11.618601443574951,6.86013650894165,-40.310178033550486,26.029844932096854,-44.73408713827249
10.306368362237205,6.064477963620182,7.517705883359749,-8.78203010559082,8.778555434540912,5.526935210218479,4.112991156255479
1.1525088707693707,-3.325086586328154,-4.111888789958052,-15.622068405151367,30.42315948731892,-54.986368628730276,-54.94007554195051
0.028119710900119443,-1.1701235050104173,-8.969484964087941,-8.971741676330566,-60.28027813075671,-34.336639500774545,-45.97910101433584
-18.655515021649293,-4.422802275882167,-1.1254099186074094,-11.189645767211914,-122.84208677529975,-58.76448046790783,-53.66482473051265
-12.899282776741146,-0.5862943530285072,-9.869714363171322,-10.768848419189453,-76.24290448656431,-42.053007472143904,-42.07141754947763
10.805173446952466,2.2075518799373115,4.8429469060577315,-2.698692560195923,10.719425213877772,185.4404448015486,-4.418638730837021
4.729015735664039,3.1037517222349793,-0.14066835664199473,-6.361416339874268,-46.818702434240606,-59.923775164848536,-61.02368485256274
12.410161685553252,5.242413414049652,14.21011389485319,2.4680817127227783,22.11661542439478,3.440661936603065,-62.57082030708056
6.64516168057155,19.74130018915286,19.458380706054054,16.693038940429688,-114.35284444304406,70.26838005632571,-57.60504030900975
4.394959075142236,5.737312228711165,12.183367326256555,-2.0409581661224365,-43.97597852831955,-48.94742703408272,-48.9952694280644
5.900280917624273,0.5373538847810826,-2.655163663042209,-4.8749589920043945,-2.3782644752725433,-60.08705610508458,-61.17993646245104
-0.4804450435236136,-0.4636202891455666,-1.7974352867146475,4.647937774658203,40.96042976948617,-93.0431695556785,-61.1513630817896
-11.696351579354562,-1.3662642453858334,16.015306603101575,7.718148231506348,-25.792135723806904,-34.65694584841179,-64.0909111779759
-0.11750231963101232,0.9220435705305182,0.4545156336133291,2.0418310165405273,-26.79215307317631,135.31171650540085,145.0069083003219
-5.430651565600718,-1.1764075917301566,-8.332031667947081,-10.846246719360352,-75.08120951152075,67.42517451434792,-55.79808527397035
4.451308398805157,-1.7102664357614348,-11.732079737965757,-10.524476051330566,-46.326560651572535,-28.870133578087568,-55.24115191715288
3.025374707111429,6.31515221996574,6.512019367270695,11.320359230041504,-31.52354499950712,-90.03639880105231,-54.29128208972507
6.754455160638019,8.548829314351446,3.519223491743168,-3.0555224418640137,-100.399718481509,-76.46482812488382,-65.20282292969002
13.602010869917713,4.520643070212298,15.070752394082868,5.375960826873779,48.187695433675415,168.92456072597733,-0.6613492397249764
-24.539077153975214,-3.7729964146407844,-2.972656230248093,-19.024614334106445,-66.22035666367914,-115.55030432764336,-40.998389914431996
-24.155850441390257,-6.978449332200562,-12.976376295890082,-9.021496772766113,-118.79623378398976,-88.53653441574251,-36.69270146050806
17.687284497883827,1.0921499302526363,4.27747705278066,4.825494766235352,22.46514437866726,-75.2563557167146,-46.527176895223874
22.00628091339147,7.912753880845744,12.945951611087946,14.936552047729492,105.732268712032,23.414694503724515,38.51067385921657
22.64497596909719,10.345116688537116,13.111653145940044,15.376505851745605,77.55281187147794,41.796820341897444,125.29194043498137
5.66916217441865,-0.0298992578085707,1.926847426365276,-3.2582859992980957,67.03557262705925,115.39588029199099,-21.521759494331548
10.480370162793097,3.632178421582871,16.230144969093597,24.65979766845703,56.278452501266074,14.509099458159094,9.282220675045918
6.060727462914709,0.8093886182729313,16.819610615054835,0.8303713798522949,-2.072297120124848,104.88386233743584,182.32358866622602
-10.048867281559513,2.855049153095614,14.448821267417182,17.650327682495117,-10.723054183669994,-61.59249323918908,-73.42559647123942
9.235608098183839,3.517460847580005,2.1544128784940497,10.666460037231445,-57.209500412593435,-42.456596592529394,-53.97788766421611
11.225101314042067,1.555363216114667,-7.014132585772682,2.3060240745544434,-50.25609663310842,61.69408808561818,-56.479982079120454
5.800885457675318,-1.5305236987562365,-7.210210686811656,-11.820221900939941,-66.67481256329071,-12.632396480927381,-50.41742152099135
-2.2791385025079283,-2.1560224834266264,-12.48268258011249,-1.2166516780853271,-0.8637471068635193,-43.8323411249971,-37.55819838101977
8.313437951511819,1.5860155741043898,22.198869134610433,22.34299087524414,-37.46466571744094,-37.419514630948974,-54.723721751561094
9.210022398785735,-1.039928454614454,-9.56266552086762,-9.990684509277344,40.76976028711249,46.594585639257524,193.1210523055568
9.366258841187165,16.621099495468272,27.525829258118296,21.182043075561523,13.250927864697807,74.35505470476947,146.67375612450283
14.396286334918631,1.1306810513637555,8.018989224744661,11.534461975097656,97.8046998835715,-33.01960883258107,-44.784392970959075
9.927302923344236,4.414517521006893,3.296753094847544,-2.608189821243286,13.516050644517808,-24.34393712261328,-63.866165377033326
13.007868191431225,-1.275953861777146,-13.29681755219041,-7.088607311248779,69.94299466056674,17.384457516557575,-57.1424937411853
2.7735829387784365,-0.7539719529439585,-21.888282877943368,-3.41398286819458,-15.381890423399991,11.380767459963689,-50.13608253688843
-2.4240380429913584,-3.8727758955953564,-14.719795728349263,-2.310828685760498,-33.80276893154084,9.981939846284906,-48.812872817032826
6.37728525166094,17.335549890909352,28.772967249667076,40.99110412597656,76.99552890217845,47.97483413004596,-55.26640464987675
4.162934319727606,-0.002620194924220738,5.960696680094134,-4.278587818145752,9.073969703537779,11.704786390860317,-1.0825275763616509
3.5974963170468266,0.208197059198334,2.7400663318451826,-2.897482395172119,6.422200460002381,-81.55503924805258,-52.41042761114629
2.8586294059855946,-1.7806936791040529,-3.4610899552719654,-2.44657826423645,19.105804599113515,5.213251018119662,-67.09478710216362
12.906285452763889,6.623242684374693,24.49624795950791,16.627912521362305,-15.321748842799058,102.81816330236484,21.054069801938162
18.50782508974956,3.532566347571229,15.07917084720637,29.19625473022461,101.33666791401762,106.16996283422993,63.96929671539261
11.575579681801006,1.7413836067691713,17.65590312686697,12.670663833618164,24.10752478068663,108.8042912371436,-42.81714539017462
0.28499848572291997,1.6083120481979811,-2.821358256867023,7.86958646774292,17.99089938947293,-11.88934462409598,-60.796336372174245
11.509981291884703,6.938888980323327,7.393216421638229,2.498786211013794,45.7915318045963,99.37891840608438,81.80167709448631
1.9839863107624645,-0.5812415886478689,4.550202921494493,9.674686431884766,46.42300691155411,134.21117497854183,-68.93952573178203
-2.2070458529929784,17.730163583560014,24.65436895747469,26.66142463684082,-78.07614837770974,49.16452303820665,-56.574011921024294
8.46141255625151,11.686839334795899,3.685520968294356,8.94316291809082,-13.910620927320814,-54.917187368051245,-69.6140867030391
6.559569925740683,13.81399013863484,8.140183827656347,21.548025131225586,-30.81773642809418,-3.6158336761239975,-62.28476921279244
7.200887115729436,26.690118895148505,14.22883391845119,45.54729461669922,-33.90324768147076,-74.77149448305653,-61.725185255750105
15.565548572332514,9.046892401113023,8.37433086013829,14.824422836303711,71.51789695107185,16.683902637889123,-56.515693086518624
8.131678066847217,3.479604328839865,3.479597532758335,-0.8236416578292847,28.666641214582988,128.30357849720372,15.323455549611321
7.151229457497446,3.4696392663452973,-2.5790712427842966,-3.6015326976776123,36.93508778404768,55.61711158469452,16.79127042695414
7.6757682810702965,5.046789901119579,-5.728960616519439,-1.1164116859436035,9.33268080874468,-38.446483697922844,-49.82503873184785
10.78203433989319,1.71029836347516,-8.078092612073693,-6.710619926452637,-66.4906900086318,-42.94880828047452,-49.80099825139299
12.889168194292719,2.201394411419213,-9.347920289743714,-6.619401454925537,-37.04570314072835,87.63325842785106,-43.58949978296016
12.41142987465529,2.4392856088699277,3.858155383456195,0.13121627271175385,-45.030220637387394,-49.980530023821785,-40.132232755448015
-8.43848308059719,-1.9254429623223688,-15.827306261944848,-4.329129695892334,-14.875530885672585,-97.31186155385666,-14.72092006454768
-7.841403159210754,-1.3421994109601918,-1.4556975560448162,0.652951717376709,18.46250801980215,15.042484405748578,-50.59821395547939
-12.064094120830273,-3.982393215708882,-7.582929455397205,4.715837478637695,-9.802832065925813,-48.588459724775404,17.668236314019435
1.5039997557225457,-2.87413392209192,-9.188736207474957,-11.922041893005371,-69.570133832459,-86.1836440822559,-48.589755164975884
-10.034203150074319,-1.5294067596696805,3.9018011559959005,-10.053962707519531,-5.913850120324257,-58.025771367016155,-48.92466787175386
-0.9797585415787311,1.0180853601807427,-1.6192157861230672,-8.115311622619629,-36.053405443202365,61.31144521421773,-51.21933497053417
-4.536838924803303,1.369858710039897,4.294051276636616,8.875910758972168,68.26865077057182,-5.11359347122966,-55.821119722475636
-0.9576931254816401,-1.132437846412348,16.036214349543535,0.3605172634124756,26.603557906912123,55.81370838778612,-47.21106712032
-1.1626068204780546,-4.481736119777878,-4.629077373724371,-3.779397487640381,58.124394686250795,209.96782653462415,140.6210808060499
-6.045516413806516,-3.1606264261955537,-6.048834394482537,-15.432032585144043,13.815819617378098,-39.73890488471969,3.352248697843339
-10.71501102094522,-5.26599839820237,-22.661563787456476,-31.022390365600586,-56.99758569661235,-57.06683722300474,-64.30416323811028
-8.22829430020089,-3.9268181557541024,-9.534295945813373,-18.585058212280273,-14.888894189042148,41.26787902225567,-57.76296084430295
3.8681883433541433,-0.1749108408820175,-4.588676435387536,-6.983400821685791,-11.993484470404042,-24.264791321481237,-49.35919585331051
0.1559948650046321,-4.240576095943099,5.034151442375835,18.203168869018555,-5.745565342182406,-12.345477109416809,20.443791454711267
-18.167315185137376,-17.84473339844375,-17.514252360466386,-29.18135643005371,-26.02273679057393,-45.67686119254493,1.5395730682039186
8.069221112619928,4.435583350636692,-8.281332292391852,-0.3339341878890991,-51.63449154778148,-76.33386459308626,-47.03270130676933
14.532080222938575,9.818972725845175,-6.164847159815446,7.35117244720459,30.445896978475623,-16.34993008778125,-56.8366247967947
1.3737386321545708,-0.10402271353894903,8.910638760508046,7.536189556121826,4.61888026478441,-8.831921941848734,-51.33300241164955
-6.539071625230965,2.844590927810852,7.111312546797843,4.047504901885986,-59.54554059641798,34.33060311764217,-30.496614109531272
-4.108809463132526,9.843149101615918,6.859636311276893,23.369434356689453,-68.79491379655347,-41.5102491881535,42.44147470039428
0.033060913964416905,3.538424209850071,8.199746079890623,15.4835786819458,71.88106666769046,161.31042844757633,178.9253659604589
-22.757545160997793,-16.223387797859825,-38.17678189461053,-31.565927505493164,0.1738865706731915,-18.10145425394545,-36.91972485192532
-5.632534867176596,3.8821648825969435,-2.4004687607361244,5.539142608642578,-76.34917814226124,-54.03112913889781,-1.6889575071565932
0.8173134229097823,-1.803435471254405,-17.140262282840453,-13.564069747924805,-35.63292831455652,-17.639497947390158,-45.95745249019245
-3.8041650016751447,-2.326450651358944,-14.413559594151385,-15.455777168273926,-69.2272922422302,-64.07989147140766,-53.73609585190965
-8.355993260869184,-1.7058761620475753,-0.2586006703484282,-2.1172854900360107,16.714148980516555,-36.438845521067755,6.070360815880847
-4.6437847389275415,-2.902563254135864,-9.460671049369877,-2.6455652713775635,38.86905831206469,-28.81998688843591,-54.89671772435252
-10.300388435414316,0.006323900284069726,-4.074692457770144,-3.4478063583374023,32.423557753144195,-36.34965002735175,-45.347826837151544
-5.049981068837959,-0.7622534047835582,0.6551315765811044,-8.222394943237305,-22.00910414479992,5.265886096647819,-47.86091695759856
-7.691147506019219,-0.5135473005360134,-10.796976391861973,-10.914806365966797,41.76590949667207,17.998159516627272,-56.74042192474178
0.4830721148468846,0.12091774410908973,-9.440453307353058,-5.581202030181885,-114.49881462752226,-71.23467187160502,-57.15297715725448
-2.961545227754659,0.8189550071185611,10.855077579691313,4.280063152313232,-32.381914644458035,4.087154500240683,135.28345087079637
-13.700638219095524,-3.518972699850538,5.240436937346616,-7.268714904785156,-58.07354166966246,-71.06877533164455,-37.32778126288917
-4.77013104075853,2.78432852540072,-8.954118569928102,-8.311870574951172,-31.07131000344829,-36.17081030361407,-35.858294398507695
-5.603374113102189,-0.8535950918940546,-0.2087889517342066,-9.109659194946289,-29.43070946778011,-48.69612530004606,-48.2121549558208
3.627392207353373,-10.165679887061241,-32.25526742186407,-11.672185897827148,-59.71655033450152,-26.456696585227743,-32.39846594547362
-21.052965110254238,-2.6869035772403382,-12.414582603804465,-8.033071517944336,-68.17800388676274,-65.12009680196216,-58.30109058919991
-19.517134381499112,-4.0788554610907255,-4.094922160402517,-17.369983673095703,-39.29284067068331,-38.513283499609955,-52.99420899555358
-10.197244823562098,1.3665915697782738,-0.6796824087476927,-4.792872905731201,21.86721617675463,-49.88112195699689,-58.73617095019984
-1.5724960294147152,4.64795329767004,0.4499937169604569,-0.8939534425735474,-98.52236491726528,-63.76928689610017,-45.00093986414247
1.3856872876454096,0.4697045112495017,-9.391497311402956,-9.885821342468262,-137.93071129484093,-48.23668563528384,-53.499005255490474
11.431427433016811,2.1562965047377443,7.843707719408103,7.1030988693237305,-63.59032616203726,-0.7675108156757081,-43.36198771171034
-1.115357321677263,2.279392476111354,-11.871118465979192,-3.9397785663604736,-41.55441639269854,-60.684506995147245,-55.17188125459225
13.39824143094934,9.542061289830507,15.401479260804118,24.96407127380371,22.0282839993809,-92.66475203525358,3.217096639145572
1.5236733037042123,1.5417605737433657,3.393046282194012,5.50908899307251,-45.568520350494744,-91.89749095842767,-45.53544807355156
-13.64701811996051,-3.5677398318090363,-1.3485309996849246,-11.87562370300293,-1.8749473854006207,-11.88177284069237,-55.548994145105794
-16.825270633231515,-8.89393467848892,0.06057592332413666,-4.896504878997803,-21.620192147938933,125.39031733222926,-50.796628234596774
0.48494234564929295,-4.009077160222506,-15.538941394031223,-15.284564018249512,-18.813385006139747,82.90715228323242,-51.076523180958375
8.318759344932577,6.651892481822996,19.159540530480996,17.816932678222656,-8.371810417911313,80.35393958516225,2.681003132812587
-1.9026006102665187,5.268203086579824,16.45000614918926,9.842741966247559,34.13993188028569,119.62123813502723,113.76991779575418
8.252282236367142,-2.041226183414246,-0.26772839290196737,-9.023921012878418,-28.948441272228223,-17.702136256938513,-35.69223251495138
-2.4019847490905066,19.45755397008048,-0.17818193477619915,11.186809539794922,22.1424909394129,13.714101000208945,-52.94937811973952
7.156964923572054,17.731205551007005,40.11372953677449,29.29684829711914,39.6358183440939,123.98427207438831,173.56687689320546
0.2900434677234234,4.963954919029049,23.52528457521736,12.26264762878418,65.02099829201627,-14.613716857547658,88.69869191469017
5.861741524261038,2.702810310418162,4.000000272073347,12.977153778076172,-22.280963171832493,34.62679620971076,-48.735357487492465
4.83179231263883,3.731560949740716,8.797997362162512,6.549126625061035,-9.407629627564576,33.994764056955205,-23.075948215083905
1.8246167379729252,4.342504177348053,5.317957807565608,6.592559337615967,46.075517687508345,15.409502366507432,-65.6052482544349
10.788029508521909,5.552868332256891,13.232981507432825,3.7942559719085693,-35.579241306744294,-27.66297387239344,65.37184165532312
7.162806156195464,5.825247827285988,10.799062619977123,12.506441116333008,-29.04123386733263,4.618776947837571,-57.14690974232364
15.50691102063493,6.156006517769377,11.31538261916933,18.925159454345703,39.989465732120756,10.681883609606833,-0.9893054441679584
4.320220506960812,-1.1970775142091092,-17.839616132412154,-20.01962661743164,-41.4886980195036,30.56132954408942,-47.69188422839634
5.333839436385315,0.8407591888380079,-10.783281011076491,-2.8430428504943848,3.391375038188747,-36.78012835378537,65.84742434521934
5.1169550659007905,2.4625860782835756,3.186256067880274,4.3068952560424805,34.38865205542567,62.647545600744536,25.917626886288748
4.869238160069097,6.648862256226315,18.712450621520972,11.183123588562012,6.090263292581106,-71.51443479604515,-8.343819897045426
-6.534493498027772,5.403863156249335,15.851519962207599,16.364192962646484,-2.724654547314034,-8.704064074880119,61.87491655324136
0.5489506464311109,4.058754311531117,5.153918680225628,8.605573654174805,64.08978060204534,-13.1135502148105,1.8709209598227143
9.893923212546547,3.92245809820523,3.4950894691260874,8.028010368347168,-16.774207286378974,79.79541956229177,104.79799650847897
-7.976538951342586,4.977442537549839,4.1338415749342845,8.365593910217285,25.80191578077769,25.017977640039714,-42.49751482036834
9.008603512173146,5.89839573041345,5.584292408952164,6.8389177322387695,10.581280915011526,-50.80506601747116,-45.468374425359315
2.580924828663306,1.429323727032356,2.9319287722408203,-1.2267953157424927,-6.480828199723216,89.72852912073522,2.3775368996364312
4.258548367790977,3.3981599072961153,-1.109140671349559,8.098532676696777,58.20861511509817,29.30567274802755,-11.368225929950691
-6.687922115431146,2.6290792137727177,-9.164662689630743,11.154903411865234,-19.02241159764103,-17.165148335608226,-41.094556363859226
-93.51402116910018,0.16388914975046354,-22.517690512837593,-15.791720390319824,-279.7846992249791,-55.63461708936755,-34.307923210542114
0.6209038083506293,4.255142983974887,4.531681006385035,3.112144708633423,2.470169100267958,-9.654674099624504,-52.523166913709176
16.1365342413411,3.7866734515323395,5.469849852044575,10.373149871826172,-75.1434154847869,-49.00075229369069,-55.266818064695805
13.403131959942701,3.9690970342535095,7.6875803381276855,8.02835464477539,-19.884504563976517,-31.7612743320724,-48.18410573950773
12.191656771097147,0.8776865190837049,13.920705881463919,20.706554412841797,18.578334015110045,-11.353241521117429,-15.627760552527766
-2.0903146366859087,-3.0081560659770012,-10.42952097172654,-5.652706623077393,-22.713620927867446,-88.65174737829001,-59.087425664302785
6.19140591841215,0.6656353384412879,1.3852472631495636,1.2965642213821411,-29.583320842528813,4.551513065282201,-51.0919459823118
2.199619535376322,-3.4878003374157425,-19.78567985146526,-25.347558975219727,-1.993947758856404,71.45279917064495,-35.025613337368675
14.290275299304628,0.24547274018395318,5.33911508828307,1.3428829908370972,57.42492165268379,46.40897777196649,127.46402966424398
-2.2690520550109228,11.753193831548964,10.750838316163058,21.547969818115234,64.37419098774025,-17.194366296801874,-64.17720538981892
1.3305641105321782,-0.2711808277622505,-16.976248163754928,-14.905569076538086,-46.74639622460124,25.17259514975935,-49.56427797875372
3.88364621861494,-1.257492136279677,6.81795963631233,-5.6070876121521,16.190288291299403,182.22957961148057,77.67129185204924
2.711323157418912,-0.5773037296556708,-3.9916348787511087,-8.452798843383789,-42.67380912679539,-5.527849890882452,-28.737643334296926
9.862314174557792,1.4746510729416251,-1.4801745539109126,-1.3457478284835815,30.99258427827329,-7.392155822988116,-50.44186706328416
-10.498245121441517,-0.10699352354523323,14.650741146391209,3.777963638305664,-66.97121315238418,-68.58083324769227,-34.25395493012008
7.610998507874356,4.057184882671806,23.52269718307268,21.754390716552734,133.8796490652295,202.22836562781822,-38.58337853256019
5.566299013827397,9.646658919808369,-11.811794456963165,0.18187406659126282,-31.655345190697155,92.48792963843057,-51.95242985442742
15.64471595881323,6.0388590220061795,6.389123878896538,5.495287895202637,58.70970773799248,74.19544229821311,123.44411467611475
13.180748860014937,6.746764050656955,8.848492072094261,12.704269409179688,-21.671462506884584,41.69690757419285,-19.960225040194125
-6.510810414618003,-0.5360837366729045,-1.4445522596165135,-4.0095295906066895,25.691472832284468,-48.225990996282675,-49.28525387826869
1.7229861763497993,0.39862740330916374,-1.3508029747639454,2.6434853076934814,64.73590663878899,-34.71487742912984,-45.53266992802663
-0.8685404357274056,3.8609872496693676,5.025364357816754,-5.2396159172058105,-37.55235585475002,-53.17863195087642,-50.24822067701307
1.4176567876563824,15.754118672543898,18.512988253298783,23.59796905517578,3.8057911586020707,-101.83772107774949,35.57577381411753
4.870466712528046,4.867654540912828,3.144364626501812,8.82861328125,49.62534130113099,-17.85848703199402,110.21627002695566
13.312263854428647,7.501976551451156,12.3856930760451,26.31545066833496,63.02119480364604,-20.093220790739405,53.959497513945635
-2.410028259546227,5.28468504050753,10.738397269685358,-6.191174030303955,50.82892104103248,88.92594048876246,60.326466970375876
5.5420466134198225,1.6810528623653047,3.9045578666467105,6.945554256439209,64.98782108121146,35.07862566801923,-47.062760678318654
4.813391911897197,1.3000219262564583,-1.6862572892452494,0.10053585469722748,51.737252260443114,19.25380856055048,-53.68073040008023
0.10549404858313904,4.638552544580549,4.725619537298753,-0.5023959279060364,38.23719987618396,67.86568132863918,-39.754095326969235
1.4524396135805486,0.8726552541528098,-4.59099796871569,-2.257439374923706,2.17711396359245,6.161036266424247,-56.13675987509281
-1.4288600368876025,-1.0921622235040682,-8.036922422165649,-15.825045585632324,-10.445121014452809,-73.85005403032531,-51.02403855264218
-16.4574287366288,-4.693314635002952,-3.840783542337863,-25.19366455078125,-63.44433891263046,-14.16011541186851,-48.19753742543313
6.83935297534274,3.7451658073462144,2.2436046631359865,-6.5227437019348145,49.53787908053,140.38187466250372,116.49307146291436
-4.134498142121816,-0.30909719544737513,-7.545197537111349,-13.373855590820312,13.10759050871863,-10.074155657815815,38.176012205069874
1.3337772605711724,7.2281437936965665,4.527088264490375,0.7957979440689087,-26.843630587600718,-86.27315288423402,-51.40174294462312
0.25329325327610563,-1.1912693405097825,-6.174795307291532,-5.626144886016846,-56.362408650696736,-56.62455798863279,-50.30784678721729
14.424062330905944,-0.8535246183069862,-8.971834871215647,-5.9962639808654785,-34.16567192454995,-6.91495597030872,-57.001031887363524
-1.2142142968216896,-2.1631937003609485,-9.420589762186857,-16.889678955078125,-52.554123244777934,-49.674029901691426,20.268573774030102
-0.6447167814477477,0.04760376007263133,1.884833172207737,8.234818458557129,56.13668817966274,1.6511628641150793,109.53157569573443
-5.015364690627188,-2.61499191947217,1.4726462185597937,-9.510354995727539,59.88879679029659,184.7101192896272,52.2358964998166
-2.4794188090309346,1.3227781921514328,1.081529670357023,2.7177531719207764,37.62683942999681,19.109575632074932,26.068058409403644
14.353197232071679,2.549486028838065,9.801869383120975,8.43014907836914,59.369322779500095,33.02778472563572,-34.88260349359172
13.357101341031502,-0.42792718449978623,1.0119728395686995,-0.8616559505462646,33.89266889275697,-12.591410889070435,122.58335046943098
13.70693333155425,3.809419676146969,-0.8774002144364217,-4.449641704559326,-6.922779418977811,54.490483833822815,33.642364605181285
12.986667844478223,7.016704753164596,4.968918807948965,13.88791561126709,-4.689070985113256,-44.158581946116556,-49.77372387350664
15.017618127449957,4.357984413918743,9.23807466046406,15.781514167785645,62.373456472774,14.34336203323817,39.41579151637133
10.392655954793469,4.796615686041994,-3.5152053248770048,2.9827983379364014,52.6747681728814,-2.498689559181546,22.348388397853352
4.618066167051191,5.730941341394564,-10.455161295453086,-5.056279182434082,21.789801832327015,-20.37699581389644,-5.025395118568967
15.990287746913424,1.285080722762419,11.940748297419002,-2.5255815982818604,-0.503257146103213,-83.7067592397721,-51.27163738564676
-0.729115842661157,0.7370635590197899,-2.17717132178955,-5.760656356811523,-51.621587852886066,-101.23945157707772,-55.06945712606158
-1.2228718257438218,-3.7503275064927317,-11.520558071152314,-22.421546936035156,-27.151234097358323,-65.80106131391602,-55.64050384435043
-0.5421234628487364,-1.6428714407724507,-16.031635533996255,-6.783644676208496,13.278356192076691,-55.854552868045204,-38.16717726886664
1.4328857927013776,-3.082963405095956,-15.006243611344152,-11.65532398223877,11.82640995567308,-44.8222373167564,148.04277027138207
9.877536704051785,-1.0365129704371936,-3.520973921597976,2.5014684200286865,-47.194217533779664,103.09317259838485,150.57996772167743
-9.631840664046546,-6.055128400657108,-9.87034799401686,-18.113996505737305,-90.09900895388294,-55.095433003632,-42.069900890559005
-10.399538328294817,-1.8559081520835696,-5.216816912834487,-9.909760475158691,-55.89786606664778,-18.33287383569106,-41.15180196585006
4.312327569516207,-2.3230001796381963,-14.465758816984888,-13.112310409545898,-26.508834642788422,-41.64944733284993,82.74416239133446
-0.6538591437762771,-0.3160079889159398,3.5844963549105473,2.564054250717163,17.132276111464495,-50.6876407296386,-58.24192148365128
8.012876913150269,-1.0346000670555342,-8.712401323752513,-7.800106525421143,-10.050231784575363,42.450141191090964,-56.626231486327534
2.876858565314862,-2.08532636961003,-22.36916328399519,-11.072868347167969,-18.29618858962543,-17.5101909475162,-62.81776113413728
-7.4093929366085165,-3.2879825122605686,-8.640779938140836,-5.268737316131592,-2.235290420201261,-63.30673783526211,-66.58475064139964
5.95702447174042,1.9600201973752711,-1.8368473855135037,-0.03132297843694687,-53.823155107870825,45.27531648254822,-65.06837189247302
-3.378939249389526,3.859806055454194,-6.92199917113647,-12.491776466369629,-53.125832976676186,-50.07119157384301,-52.29710209691591
-5.739146634752147,-1.688541395058753,2.7419465996721293,4.165173053741455,-35.935536596017585,0.9906989731306534,-36.84556249900671
-3.5566276129535837,2.6222269122423025,0.0018527803484846114,0.3836958408355713,-32.0083174957828,0.7663456833179899,-52.45615002687968
2.2221065006387506,9.110200889164119,-6.80165164602172,1.3665143251419067,21.261267945347438,-54.63533403751008,8.234262958730671
5.625295768099878,9.199896911251312,34.62129928373595,17.16522789001465,45.05030284476914,75.74207212376048,199.3516255610711
-21.827490988250847,3.228900142686087,20.06818916327174,4.87296724319458,1.51230530067785,21.431422878276624,51.71017683335843
-12.541711151339605,-2.5752444830153842,-5.079994790124981,-15.952600479125977,10.660445458162108,-56.39722411359055,-32.64386159861628
2.050225501797329,-2.330963322110418,2.666209939064004,1.2975857257843018,66.01167882511184,-16.916283695490133,59.4211917552279
2.9906157916802814,1.2509045140709194,4.430685908073845,-3.835627794265747,-33.253864620850266,4.143284629824377,-44.03910245901887
6.515599298840606,3.808695787134769,-4.970882356933568,-8.082910537719727,16.88550075924431,13.318869633871238,31.914567827099745
1.000254086974058,1.9047690710796978,5.345558133248843,1.03650963306427,-90.39007010692453,-32.155119788881805,-56.16084230373865
9.616983541460733,2.6535766444973916,3.867971060642832,15.130090713500977,73.88904385994341,49.3291669959913,19.21566805606277
10.533558844176369,0.7190480405712607,-12.521653593495671,-14.369721412658691,7.544999423118295,-44.158876894333076,11.309430665194661
5.605481996221736,0.3392195917218396,12.277948610304934,15.412064552307129,94.78261092897701,34.36400697122539,44.37339393730075
