stop,target,hold_h,n,pts,sd,se,t,sharpe,pf,win,mde,need_n,med_min,trigger,hold_pts
20,20,1.0,1545,-5.312653721682845,19.374416372953753,0.4929063203514899,-10.778221950764213,-4.058119020003595,0.5758799739370326,0.41941747572815535,1.3809190610111894,-1,0.0,donch20 long,-6.35190476190476
20,20,2.0,1533,-5.4537312459230245,19.656945295245055,0.502047665084828,-10.862975022504168,-4.088991126820911,0.5749946115430916,0.4181343770384866,1.4065293172897844,-1,0.0,donch20 long,-6.37719346049046
20,20,4.0,1530,-5.415490196078428,19.750999111789255,0.5049441604499291,-10.724928854020158,-4.0369738122058925,0.5794991565318541,0.4222222222222222,1.4146440958889843,-1,0.0,donch20 long,-6.37719346049046
20,30,1.0,1506,-4.043652058432932,23.337472254687835,0.6013694040976897,-6.72407347443978,-2.6297015410317397,0.7026486881071488,0.3658698539176627,1.6847876331454918,-1,0.0,donch20 long,-4.819944289693591
20,30,2.0,1488,-4.130053763440858,23.787163367803007,0.6166534841768204,-6.697527654374849,-2.6047917385568273,0.7047925244132017,0.3635752688172043,1.7276072859676392,-1,0.0,donch20 long,-4.737552447552446
20,30,4.0,1481,-4.1401012829169455,23.992576589617332,0.6234467431941249,-6.64066550689772,-2.5795026906609886,0.7075492621586777,0.36461850101282917,1.746639180013332,-1,0.0,donch20 long,-4.737552447552446
20,40,1.0,1473,-2.6389477257298015,26.837886923216956,0.6992732987197225,-3.7738431176499487,-1.5013655522803546,0.8127091090604931,0.3428377460964019,1.9590737371142688,-1,0.0,donch20 long,-3.168917378917377
20,40,2.0,1452,-2.69082644628099,27.599537534058623,0.7243000193089967,-3.7150716202494607,-1.4717495783722876,0.8161176822736743,0.3333333333333333,2.029188227575023,-1,0.0,donch20 long,-3.088567335243553
20,40,4.0,1440,-2.7004166666666642,27.988785152920528,0.737569250202775,-3.66123813584183,-1.4510098069632116,0.8189121878254001,0.33055555555555555,2.0663631087027596,-1,0.0,donch20 long,-3.1508321377331403
20,50,1.0,1445,-1.935674740484427,29.842019231602624,0.7850445127967001,-2.4656878800268758,-0.984742523496371,0.8676155077827153,0.3169550173010381,2.1993691026119317,-1,0.0,donch20 long,-2.159710144927532
20,50,2.0,1420,-2.053380281690139,30.748066919588727,0.8159689734899508,-2.5164930878532084,-1.0038981128344548,0.8653615631689672,0.30422535211267604,2.2860066145682585,-1,0.0,donch20 long,-2.519446064139942
20,50,4.0,1407,-1.9957569296375248,31.44925447364352,0.8384232362368212,-2.3803692972481056,-0.9460770964578228,0.8724406637375577,0.2977967306325515,2.3489141451635156,-1,0.0,donch20 long,-2.792189781021896
20,75,1.0,1400,-0.9264285714285708,35.144895034595706,0.9392868293827845,-0.9863106161483569,-0.3954966591034154,0.9390846446338128,0.2885714285714286,2.631492096767007,-1,15.0,donch20 long,-0.24710014947681277
20,75,2.0,1359,-0.9500441501103746,37.33414910697036,1.0127366553764687,-0.9380959453444595,-0.3785053726748404,0.9413665648956882,0.25901398086828553,2.837268043543882,-1,15.0,donch20 long,-0.7966666666666682
20,75,4.0,1338,-0.6539760837070245,38.897000167427535,1.0633789328722736,-0.614998156809992,-0.2464766240055314,0.9610615924777164,0.24514200298953662,2.9791466995877043,-1,15.0,donch20 long,-0.7656838905775067
20,100,1.0,1379,-0.522777374909353,38.727906089278584,1.0428981172684904,-0.5012736778915537,-0.20015203202111737,0.966238009133267,0.27556200145032633,2.9217679493372475,-1,15.0,donch20 long,-0.44390505359875165
20,100,2.0,1330,0.2769172932330839,42.76307543064002,1.1725816964297033,0.23616034096067368,0.09401047642502011,1.0167247013348883,0.24210526315789474,3.2850875477472847,187173,15.0,donch20 long,-1.0435101404056155
20,100,4.0,1303,0.5756945510360713,45.176862685213905,1.2515374802725618,0.45998986055990554,0.18101551059690302,1.0331833117752918,0.2202609363008442,3.50628890464596,48334,15.0,donch20 long,-1.5529107981220651
20,150,1.0,1369,-0.6815266617969294,42.276278565167566,1.1426021233829071,-0.5964689263653129,-0.23910713092996164,0.9566667270446422,0.26442658875091307,3.2010972190540428,-1,15.0,donch20 long,-1.1984639498432208
20,150,2.0,1307,0.28077276205050006,48.12538023969838,1.3311787618910664,0.21092040384691502,0.08315600117322519,1.016530448241503,0.22264728385615914,3.7294107419799345,230592,15.0,donch20 long,-0.5940064102563903
20,150,4.0,1270,0.09897637795275877,51.950344886831594,1.4577618304171167,0.0678961239672726,0.026834618197159193,1.005474195071221,0.18740157480314962,4.084043995625898,2162327,15.0,donch20 long,-0.8428180354267206
20,0,1.0,1348,-0.6994955489614224,45.189610910766845,1.2308174813125314,-0.5683178534444339,-0.2265620939835091,0.955655570212876,0.26186943620178044,3.448240061840223,-1,15.0,donch20 long,-1.3680799999999673
20,0,2.0,1277,0.04124510571652445,55.286946563201994,1.547131242799094,0.026659086556808948,0.010608313105244668,1.0023917730635583,0.21064996084573218,4.334420020306688,14102887,15.0,donch20 long,-1.0600826446280505
20,0,4.0,1231,0.8992770105605219,66.17632825647992,1.8861387628122073,0.4767819994429848,0.1900651970723122,1.0486825058554805,0.16978066612510154,5.284178477204562,42503,15.0,donch20 long,-3.7165442404006153
30,20,1.0,1507,-4.836781685467815,24.059679173803023,0.6197737894295969,-7.804108156815251,-3.0039465948575956,0.6536741557124762,0.5315195753151958,1.7363490870398182,-1,0.0,donch20 long,-6.809390581717449
30,20,2.0,1489,-5.212766957689723,24.665396811437713,0.6392058747745732,-8.155067347477202,-3.1446328558384837,0.6436589527944442,0.5345869711215581,1.7907897300994136,-1,0.0,donch20 long,-6.859037656903763
30,20,4.0,1482,-5.178663967611334,24.87826715442195,0.6462432580596703,-8.013490126241544,-3.0975921769442065,0.6488625336335284,0.5418353576248313,1.8105055590851367,-1,0.0,donch20 long,-6.836722454672243
30,30,1.0,1463,-3.7315584415584393,28.550178463877536,0.7464258377887912,-4.999235359553994,-1.976158707698346,0.7642024398376668,0.46411483253588515,2.091175593566666,-1,0.0,donch20 long,-5.151142857142848
30,30,2.0,1436,-4.102674094707518,29.423551321287334,0.7764578221331995,-5.2838338126803155,-2.0793618233922997,0.7544356463954004,0.4658774373259053,2.17531275697656,-1,0.0,donch20 long,-5.256522366522368
30,30,4.0,1426,-3.9604067321178094,29.836691072406847,0.7901160699748032,-5.012436631296597,-1.9748335349621422,0.7662615228424715,0.47335203366058903,2.2135775022349202,-1,0.0,donch20 long,-5.277012987012985
30,40,1.0,1423,-1.7959732958538275,32.49688613479445,0.861468295210394,-2.0847816522547724,-0.8266026437271063,0.8914459767810509,0.44061841180604355,2.413476841734419,-1,15.0,donch20 long,-3.406691068814049
30,40,2.0,1394,-2.0769440459110453,33.68925734674889,0.9023188923452302,-2.301784949346267,-0.9141313366158311,0.881953901328032,0.4347202295552367,2.527923270818464,-1,15.0,donch20 long,-3.4947407407407445
30,40,4.0,1379,-1.9426468455402446,34.39042692849848,0.9260947755117517,-2.0976760661097082,-0.8341742230220736,0.892407851799789,0.4379985496736766,2.5945334336453714,-1,15.0,donch20 long,-3.580801186943618
30,50,1.0,1388,-1.0363976945244933,35.900956561619275,0.9636321635946854,-1.0755117291419238,-0.4338743791682397,0.9405558211715855,0.4099423631123919,2.699697625225088,-1,15.0,donch20 long,-2.314888226527553
30,50,2.0,1354,-1.3512998522895103,37.38309604623017,1.0159350278432524,-1.3301045984783202,-0.5365907449044464,0.9275805795975975,0.3995568685376662,2.846228556568843,-1,15.0,donch20 long,-2.8697276853252687
30,50,4.0,1338,-1.0837219730941678,38.465470506545,1.0515816336379673,-1.0305638082941886,-0.4149916251983262,0.9438313103199827,0.398355754857997,2.946095560439216,-1,15.0,donch20 long,-3.2884848484848463
30,75,1.0,1341,-0.4473452647278146,41.6029724123666,1.1360827662894581,-0.39376115719885607,-0.16314663374687577,0.975927696010568,0.3691275167785235,3.182832684589436,-1,15.0,donch20 long,-0.6878260869564948
30,75,2.0,1288,-0.9949689440993792,44.46670867535189,1.2390163964854517,-0.803031297181919,-0.33082348015069746,0.9515688573149723,0.33695652173913043,3.4712100213932384,-1,15.0,donch20 long,-1.3923809523809758
30,75,4.0,1262,-0.21313787638668844,46.7494506651073,1.315972562650608,-0.16196224939324722,-0.06629737080411945,0.9900766003225159,0.3288431061806656,3.6868092789641858,-1,15.0,donch20 long,-1.678853503184721
30,100,1.0,1313,0.9064965727341971,46.546489544713836,1.2845605188280251,0.7056861544843708,0.29153925812910775,1.0478436915007834,0.357958872810358,3.5988057613201208,20694,30.0,donch20 long,-0.4778399999999674
30,100,2.0,1250,1.2884,51.17245694433458,1.4473756526126245,0.89016282516176,0.3623141360292406,1.0612935158272756,0.3208,4.054946233416139,12381,30.0,donch20 long,-1.2694069192751478
30,100,4.0,1214,2.075733113673805,54.29123333373639,1.5581898256839832,1.3321439271769349,0.5361200486339466,1.093231801976857,0.30477759472817134,4.365401582650271,5369,30.0,donch20 long,-1.987350993377491
30,150,1.0,1292,0.9816718266253889,51.22979957973433,1.42525114971629,0.6887711171612105,0.280060007177961,1.0508378513360004,0.34520123839009287,3.9929625531436717,21375,30.0,donch20 long,-0.018264462809876692
30,150,2.0,1219,1.9667678424938495,58.57007529941432,1.6775440368446262,1.172409069030008,0.4660827549724591,1.0905764578053618,0.2977850697292863,4.699782576357461,6960,30.0,donch20 long,0.591709401709397
30,150,4.0,1173,2.5079539641943764,63.71034278184455,1.860205549555903,1.3482133545903645,0.5348606870436194,1.1068419867511186,0.2668371696504689,5.2115243702875285,5065,30.0,donch20 long,0.22637931034483064
30,0,1.0,1270,0.8052755905511821,54.53853599351953,1.5303882242047562,0.5261903991515825,0.2107997807370269,1.0414215946362133,0.3401574803149606,4.2875130269062005,36001,45.0,donch20 long,-0.8647884940777779
30,0,2.0,1186,0.9865598650927495,66.48586847955269,1.9305764387182078,0.5110182872364115,0.20474451162169638,1.0443126326943801,0.2799325463743676,5.408674413150108,35646,45.0,donch20 long,-0.3019642857142791
30,0,4.0,1130,2.101150442477876,79.51322851489125,2.3653758908864795,0.888294520364973,0.35587065887794095,1.0864330381487757,0.2407079646017699,6.626802131188354,11240,45.0,donch20 long,-4.98384057971009
40,20,1.0,1491,-4.206163648558013,27.44535168594397,0.7107714558738332,-5.917744183166292,-2.281385125321943,0.7102956223683512,0.6009389671361502,1.991286804232765,-1,0.0,donch20 long,-8.421005586592171
40,20,2.0,1467,-4.828513974096794,28.581834521926478,0.7462340189708488,-6.4705090512436385,-2.499056198808439,0.6902568224194447,0.612815269256987,2.0906381968017627,-1,0.0,donch20 long,-8.583952180028126
40,20,4.0,1458,-4.782455418381342,28.895552056104474,0.7567496594444577,-6.319732501620444,-2.442650735606124,0.6963161981795924,0.622085048010974,2.1200986597116156,-1,0.0,donch20 long,-8.61911392405063
40,30,1.0,1444,-3.492216066481993,32.42793548680907,0.8533667233370807,-4.092280576427591,-1.6056154751444338,0.7959678776736235,0.5235457063711911,2.3907795977306643,-1,15.0,donch20 long,-7.259753979739492
40,30,2.0,1412,-4.242549575070819,33.99109631220639,0.9045817544588112,-4.690067596608812,-1.8399299713523027,0.7724657795442235,0.5339943342776204,2.5342628718665,-1,15.0,donch20 long,-7.604035087719299
40,30,4.0,1400,-4.069285714285711,34.56360019425993,0.923751071288242,-4.405175637426628,-1.7310574067779325,0.7854723712363523,0.5442857142857143,2.5879673465371575,-1,15.0,donch20 long,-7.699356725146195
40,40,1.0,1397,-1.554137437365782,36.54456726158347,0.9777427865117717,-1.58951562599646,-0.6243446073452321,0.9143215688750592,0.49534717251252686,2.7392297378079635,-1,15.0,donch20 long,-5.278095238095225
40,40,2.0,1364,-2.276070381231669,38.50276295540021,1.0425207562789989,-2.1832374727535386,-0.860111792300292,0.8860081938862356,0.4970674486803519,2.9207107403671957,-1,15.0,donch20 long,-5.674917043740578
40,40,4.0,1347,-2.20907943578322,39.414663962273174,1.0739251926554896,-2.0570142602957664,-0.8126295248371607,0.8929525529457896,0.5025983667409057,3.0086929451027413,-1,15.0,donch20 long,-5.734108761329303
40,50,1.0,1363,-0.9488407923697703,40.153106036180496,1.0876050558047925,-0.8724130025928013,-0.35089015803536405,0.9509719218368231,0.4607483492296405,3.0470182474876366,-1,15.0,donch20 long,-4.353829787234019
40,50,2.0,1324,-1.6276132930513572,42.50266175345376,1.1680787852004775,-1.393410541885674,-0.5574549470642757,0.924015819107044,0.459214501510574,3.2724722582090107,-1,15.0,donch20 long,-5.107156105100468
40,50,4.0,1305,-1.2991954022988483,43.86688496304848,1.214315503815057,-1.0698993780587673,-0.4282442861542432,0.9416967820007447,0.46130268199233715,3.4020083656136655,-1,15.0,donch20 long,-5.59015479876161
40,75,1.0,1314,-0.2549923896499239,46.33261966283541,1.2781716289112148,-0.19949777000380933,-0.08167600407523969,0.9877768191493823,0.4178082191780822,3.580906741769034,-1,30.0,donch20 long,-3.2527575277337215
40,75,2.0,1249,-1.093042433947158,50.32237061512426,1.4239012547530698,-0.7676392097405036,-0.31268089368602997,0.95420242968219,0.3963170536429143,3.9891807073687087,-1,30.0,donch20 long,-4.398794788273634
40,75,4.0,1218,-0.6225123152709371,52.94828046965989,1.5171489348620903,-0.410317208130607,-0.16640948371624859,0.9754381225139529,0.38341543513957305,4.250422029585467,-1,30.0,donch20 long,-4.595718954248376
40,100,1.0,1287,0.8685081585081592,51.26714456877943,1.4290580007173406,0.6077487114394212,0.24844191896075357,1.040578909364439,0.40093240093240096,4.003627770635773,27348,45.0,donch20 long,-3.143996737357224
40,100,2.0,1215,1.0244032921810695,57.10481921184745,1.6382667688568189,0.6252969978118382,0.2526968821011096,1.0415647848275593,0.37613168724279833,4.589743962954959,24389,45.0,donch20 long,-4.562972972972996
40,100,4.0,1174,1.4885349233390108,60.88189913976491,1.7768638132839114,0.8377315763935642,0.3347414948615185,1.0558406728718956,0.3534923339011925,4.9780353938960475,13130,45.0,donch20 long,-5.624634974533119
40,150,1.0,1262,0.7654675118858978,56.20071454213835,1.5820206930049359,0.48385429803193447,0.19525038661398947,1.0348394658780462,0.38589540412044376,4.432165788271463,42309,60.0,donch20 long,-2.9513175675675285
40,150,2.0,1178,1.895059422750427,65.06996206780352,1.8958671796589024,0.9995739380283903,0.399572421683669,1.0742116273681261,0.3522920203735144,5.311433466037904,9253,60.0,donch20 long,-2.2891212653778528
40,150,4.0,1126,2.202007104795739,71.4386103390033,2.128941866269198,1.0343199782409191,0.41143299181675347,1.0776834998774967,0.31261101243339257,5.964412062761621,8261,60.0,donch20 long,-3.4960283687943314
40,0,1.0,1237,1.5046645109135015,64.02829727369316,1.8204849913397108,0.8265184926387148,0.3287067564729876,1.0680004661795162,0.3799514955537591,5.100243841533849,14212,60.0,donch20 long,-3.705224913494746
40,0,2.0,1138,2.39365553602812,77.28639878470877,2.2910361423478167,1.0447916956801653,0.41674539719649795,1.0916703544848634,0.3365553602811951,6.418532990564202,8182,75.0,donch20 long,-2.26822878228779
40,0,4.0,1071,3.0078524743230637,91.88992798203023,2.807845295771923,1.071231552127289,0.42712450801499363,1.102422178113058,0.2875816993464052,7.866417875382655,7325,75.0,donch20 long,-8.10928838951304
50,20,1.0,1483,-4.023648010788939,30.341486398526545,0.7878912494450645,-5.106857086714588,-1.9548122650445974,0.7328580318489304,0.6426163182737694,2.20734447792585,-1,0.0,donch20 long,-7.299503546099274
50,20,2.0,1458,-4.6692866941015065,31.848768137656098,0.8340918489842473,-5.598048583963193,-2.1526734107848093,0.7134993436991969,0.6618655692729767,2.3367793946627815,-1,0.0,donch20 long,-7.612668579626972
50,20,4.0,1449,-4.587446514837817,32.22095249037205,0.8464555985532626,-5.4195949825112475,-2.085686733405868,0.7209604668002985,0.6721877156659766,2.371417492695785,-1,0.0,donch20 long,-7.670200860832136
50,30,1.0,1431,-3.6296226415094317,35.78671222123866,0.9460236291564068,-3.8367145699585303,-1.5015478548005434,0.8010355822919027,0.5611460517120894,2.650365815430174,-1,15.0,donch20 long,-5.923677991137348
50,30,2.0,1399,-4.452258756254466,37.8510196752936,1.0119725359320155,-4.399584571881672,-1.7261696239875868,0.7783046653575746,0.5789849892780558,2.8351272978034294,-1,15.0,donch20 long,-6.63101796407186
50,30,4.0,1386,-4.256810966810964,38.57894969781608,1.0362601198160066,-4.107859489533172,-1.6215822907970812,0.7919960683331595,0.5930735930735931,2.9031710337964975,-1,15.0,donch20 long,-6.751077844311376
50,40,1.0,1380,-1.3842028985507229,39.98516542924454,1.076364470895354,-1.285998317465179,-0.49926573034262156,0.9283473835279252,0.5347826086956522,3.0155267909624097,-1,15.0,donch20 long,-2.9770624048706025
50,40,2.0,1347,-2.1534001484780974,42.54441666099977,1.159201075589851,-1.857658859902589,-0.7248400380143397,0.8999750336735052,0.5441722345953972,3.24760059819318,-1,15.0,donch20 long,-3.5239534883720927
50,40,4.0,1329,-1.9777351392024056,43.68249878799896,1.1982432275953834,-1.65052895243255,-0.6452131481977214,0.9113045444268594,0.5560571858540256,3.3569805141351994,-1,15.0,donch20 long,-3.6564596273291903
50,50,1.0,1343,-0.5990096798212937,43.79275437846782,1.1949899559523973,-0.5012675435785465,-0.19769723226106892,0.9710224955946785,0.4996276991809382,3.3478661963897034,-1,30.0,donch20 long,-1.7773634945397483
50,50,2.0,1302,-1.6279416282642072,46.763237577057964,1.2959823266560735,-1.2561449294333076,-0.49631105995922764,0.930155987312232,0.5038402457757296,3.6308049292953077,-1,30.0,donch20 long,-2.504696485623003
50,50,4.0,1281,-1.1330913348946114,48.495726787895265,1.354967590570287,-0.8362497692049661,-0.33045233233260835,0.9535195382599436,0.5128805620608899,3.7960571727638603,-1,30.0,donch20 long,-3.1410400000000003
50,75,1.0,1295,-0.039034749034749176,50.26436630006097,1.3967713790611014,-0.02794641243364252,-0.011186864420593415,0.9982681084592363,0.4548262548262548,3.9131740486608475,-1,45.0,donch20 long,-0.5602127659573981
50,75,2.0,1226,-0.9776019575856449,55.13580526004195,1.5746661319593107,-0.6208312592392163,-0.24875236526104044,0.9627299139287203,0.4396411092985318,4.41156135876033,-1,45.0,donch20 long,-1.6354855195911597
50,75,4.0,1193,0.002539815590945549,58.43216470533423,1.6917327383874379,0.0015013101852994256,0.000602266147302304,1.0000905933325102,0.4358759430008382,4.739533432864019,4154389924,45.0,donch20 long,-2.6816239316239434
50,100,1.0,1265,0.8981422924901187,55.325984622719616,1.5555496910998874,0.5773793647537331,0.23370236819631401,1.0384857061076136,0.43478260869565216,4.358005020625638,29783,60.0,donch20 long,-0.20389830508468057
50,100,2.0,1188,1.1308754208754201,62.06921675286961,1.800810626557612,0.6279813125254461,0.2499155613449019,1.0415343226697615,0.4158249158249158,5.045124431984559,23644,60.0,donch20 long,-1.2579715302491374
50,100,4.0,1145,2.2156768558951954,66.67590839053622,1.970453533169032,1.1244501931145652,0.44595302017970995,1.074631388103516,0.4034934497816594,5.520393491504832,7107,45.0,donch20 long,-2.620053667262983
50,150,1.0,1239,0.6938579499596463,60.28230354327748,1.7125930856643237,0.4051505029231712,0.16348250106843112,1.0288716969447433,0.420500403551251,4.797975473439646,59244,60.0,donch20 long,0.0029577464789422043
50,150,2.0,1149,1.765700609225415,70.41971257488771,2.07746747795436,0.849929362535227,0.34105379175073325,1.0619169884658897,0.38990426457789384,5.8202021773473644,12484,75.0,donch20 long,0.7798884758364306
50,150,4.0,1094,2.927550274223037,78.04907447602604,2.35971251823308,1.2406385318560524,0.4980758852634826,1.09157336557008,0.3583180987202925,6.610935710077925,5578,75.0,donch20 long,-0.903883677298317
50,0,1.0,1215,1.6647325102880663,68.30845409896567,1.9596852231886506,0.8494897499810405,0.33581642635259434,1.0688393206905271,0.4148148148148148,5.490225153439737,13215,60.0,donch20 long,-0.4093490054248617
50,0,2.0,1105,2.597782805429864,83.22707764823794,2.5037070170105564,1.0375745994959247,0.4114174568541194,1.0891325955065283,0.3746606334841629,7.014348569342489,8056,105.0,donch20 long,-0.3809270216962065
50,0,4.0,1034,2.5958800773694395,97.15747306791198,3.0214536852787224,0.8591493856143538,0.3437804064053866,1.07771047467506,0.3288201160541586,8.464859981889822,10994,105.0,donch20 long,-6.967062374245401
75,20,1.0,1469,-3.1953778080326742,35.33151528624095,0.9218311210150167,-3.4663375266765604,-1.3605138650358597,0.790735775724867,0.7018379850238258,2.582588442232178,-1,15.0,donch20 long,-5.761489971346682
75,20,2.0,1442,-3.733134535367544,37.5910445747654,0.9899237954608902,-3.7711332452913364,-1.4786883859067725,0.7753512236751778,0.7330097087378641,2.7733558724215155,-1,15.0,donch20 long,-5.658658892128281
75,20,4.0,1429,-3.565717284814555,38.52169681650975,1.0190354547113563,-3.4991101323599687,-1.3768079656588728,0.7888306844319196,0.7550734779566131,2.854914666652363,-1,15.0,donch20 long,-5.691459854014599
75,30,1.0,1415,-3.4249823321554764,41.71918327876702,1.1090664757650799,-3.0881668565383174,-1.2321368837663105,0.8234006726031723,0.6134275618374558,3.1071442444080923,-1,15.0,donch20 long,-4.83165413533832
75,30,2.0,1378,-4.089709724238025,44.86743744125112,1.208666978707108,-3.3836530626597603,-1.341753575098646,0.810107440071649,0.6473149492017417,3.386183541167096,-1,15.0,donch20 long,-4.743067484662579
75,30,4.0,1360,-3.7848529411764704,46.554073917966846,1.2623745710435137,-2.9982011900380776,-1.1990597938292205,0.8303668793259755,0.6772058823529412,3.536649937957207,-1,15.0,donch20 long,-4.630986132511562
75,40,1.0,1359,-0.843348050036792,45.94972185269983,1.2464451109157353,-0.6766026378949035,-0.2660843530167908,0.958967395098542,0.58719646799117,3.4920221979307033,-1,30.0,donch20 long,-1.6786469673405713
75,40,2.0,1321,-1.6775851627554883,49.93854978717305,1.37399299160826,-1.2209561278706913,-0.47978017316296784,0.928445087063552,0.6124148372445117,3.8493584550805173,-1,30.0,donch20 long,-1.7045135566188228
75,40,4.0,1297,-1.21135697764071,52.11966864712003,1.4472103438695147,-0.8370289659496312,-0.32884052503320427,0.9509070047501588,0.6407093292212799,4.0544831068850185,-1,30.0,donch20 long,-1.3257945425361206
75,50,1.0,1319,0.010985595147838891,50.27268215548851,1.3842344663027135,0.00793622425627169,0.0031457893472153714,1.0004921502209578,0.5549658832448825,3.878050819196176,164370776,45.0,donch20 long,-0.7177955271565205
75,50,2.0,1272,-0.9464465408805034,54.76135815590911,1.5354322387047545,-0.6164039786470147,-0.24398117623757976,0.9631554785674497,0.5754716981132075,4.301644263369343,-1,45.0,donch20 long,-0.6820922570016485
75,50,4.0,1245,0.02485943775100323,57.64476098250583,1.6337107510992297,0.01521654780950468,0.0060279146536579686,1.0009105316592888,0.6008032128514056,4.576979890951836,42203139,30.0,donch20 long,-0.9679069767441977
75,75,1.0,1269,0.8077147360126059,57.164119000318706,1.60469575440645,0.5033444712461186,0.20141162608751026,1.0329618523133814,0.5074862096138691,4.495691905113748,39313,60.0,donch20 long,-1.086812080536871
75,75,2.0,1193,0.1710226320201122,63.977806800853266,1.8522906149555913,0.09233034527047607,0.037202289566462585,1.0058508627893383,0.512154233025985,5.189350006508964,1098396,60.0,donch20 long,-1.9058450704225471
75,75,4.0,1153,1.8426973113616583,68.85731962846152,2.0278482835867044,0.908695845875824,0.36520807966428886,1.0576390931099926,0.5247181266261925,5.681189775872266,10959,60.0,donch20 long,-2.910178571428598
75,100,1.0,1239,0.8221872477804649,62.30762578525685,1.7701315781236557,0.4644780410346589,0.1879059343287771,1.031670996456992,0.480225988700565,4.959174463386215,45076,60.0,donch20 long,-0.007482517482448269
75,100,2.0,1151,0.8820243266724533,71.10471114571756,2.0958524984236147,0.4208427488746769,0.16932867565852078,1.0281347316681941,0.476107732406603,5.871709378928732,51008,90.0,donch20 long,0.050370370370355716
75,100,4.0,1101,2.8353405994550345,77.86227177755065,2.346569445381755,1.2082917916770892,0.4818956196776166,1.0807495349744962,0.47956403269754766,6.574114271457072,5919,75.0,donch20 long,-0.9939848197343675
75,150,1.0,1210,0.9017355371900818,67.6111437836604,1.9436837233227404,0.46393120772167545,0.18291255715698637,1.0337191467952596,0.46859504132231405,5.4453955879477665,44125,60.0,donch20 long,0.6812979890311619
75,150,2.0,1108,1.4238989169675071,79.76627050092432,2.3963453502300456,0.5941960397447784,0.23788552723587367,1.0430513380821294,0.44765342960288806,6.71356571069824,24631,120.0,donch20 long,1.0764717348928283
75,150,4.0,1044,3.5040613026819902,89.93285405738591,2.7833519579022883,1.2589357564836587,0.5025963714666536,1.091729629484753,0.4329501915708812,7.79779770206484,5170,120.0,donch20 long,0.33284569138273895
75,0,1.0,1186,1.8659865092748715,77.82315852049534,2.259781810212901,0.8257374675916482,0.33093743187779795,1.0688742554515154,0.45952782462057334,6.330971315653029,13652,60.0,donch20 long,-0.1681132075470802
75,0,2.0,1062,3.148794726930317,96.5281845205845,2.9620465527151976,1.0630470085096855,0.43129194429423545,1.0932516753968748,0.4312617702448211,8.298425837449372,7376,120.0,donch20 long,0.94138075313816
75,0,4.0,979,3.4638304392236936,112.68610905957102,3.6014636644053777,0.9617840861364325,0.3897520297326858,1.0858644658668053,0.39938712972420837,10.08980736576907,8306,240.0,donch20 long,-5.914229074889779
100,20,1.0,1465,-2.808771331058019,39.009261666392774,1.0191753662338747,-2.7559254512176636,-1.0841484097155274,0.8173194570971425,0.7296928327645051,2.8553066407056944,-1,15.0,donch20 long,-5.124339080459733
100,20,2.0,1435,-2.800801393728222,41.56226179725071,1.097168228869784,-2.552754737177713,-1.0057614595622255,0.8283388743482334,0.7686411149825784,3.0738102917847727,-1,15.0,donch20 long,-4.155982404692079
100,20,4.0,1420,-2.7435211267605624,43.064891400232966,1.1428235576955195,-2.400651533901539,-0.9460528063209216,0.8367808309857506,0.7971830985915493,3.2017175861510405,-1,15.0,donch20 long,-3.841470588235293
100,30,1.0,1410,-3.075815602836879,45.83369601921883,1.2206055033797618,-2.5199096631304583,-0.9935098662331597,0.844580344712044,0.6418439716312057,3.4196303354160795,-1,30.0,donch20 long,-5.404501510573978
100,30,2.0,1366,-2.973016105417277,49.53701946440248,1.3403077314902994,-2.218159334283296,-0.8729274806949583,0.8618933728447724,0.6874084919472914,3.754986328265748,-1,30.0,donch20 long,-5.103137557959811
100,30,4.0,1343,-2.4590245718540578,51.8168319860035,1.4139460888304491,-1.7391218740794065,-0.6891695354826443,0.8900281517169082,0.727475800446761,3.9612904616760325,-1,30.0,donch20 long,-4.620171073094872
100,40,1.0,1354,-0.803293943870014,50.27151895130193,1.3661949492453511,-0.5879790027870705,-0.22741374146141824,0.9623180924500029,0.6122599704579025,3.8275115748663726,-1,30.0,donch20 long,-2.147613814756643
100,40,2.0,1309,-0.6918334606569894,54.9049542641833,1.5175454636816534,-0.45588977543945286,-0.176158017681531,0.9709247503219397,0.6493506493506493,4.25153293886491,-1,30.0,donch20 long,-2.3256564019448955
100,40,4.0,1281,-0.0768852459016398,57.92970430071996,1.6185523355923364,-0.04750247749851249,-0.01836338444071954,0.9969600097289563,0.6900858704137393,4.53451229813771,-1,30.0,donch20 long,-1.5787254901960859
100,50,1.0,1313,0.1768697638994668,54.68014538584105,1.509027997889151,0.11720774176945334,0.045149871041930474,1.0076454849564391,0.5803503427265804,4.227670532604853,750170,45.0,donch20 long,-1.8314516129031744
100,50,2.0,1258,-0.2200476947535775,60.38357795816956,1.7024662945638211,-0.12925230617264855,-0.04965433220744721,0.9917174886295738,0.6128775834658188,4.76960440518556,-1,45.0,donch20 long,-1.3307035175879343
100,50,4.0,1227,1.1427628361858178,64.1047470898744,1.8300708764307998,0.6244363816195776,0.24063461613049375,1.0402080932347617,0.6519967400162999,5.127099515507574,24698,45.0,donch20 long,-1.0233333333333505
100,75,1.0,1262,0.7084152139461145,61.97393991231873,1.7445339648630436,0.40607705451107645,0.157243588875994,1.0274689636843228,0.528526148969889,4.887460568456311,60068,60.0,donch20 long,-2.0440816326529943
100,75,2.0,1178,0.524091680814937,70.21122571120122,2.0456621494690066,0.2561965967601129,0.09978992141751812,1.0169853190806828,0.5466893039049237,5.731096839205571,140866,75.0,donch20 long,-2.615852782764804
100,75,4.0,1132,2.8751943462897462,76.19147379875396,2.2645565014103073,1.2696500813731737,0.49407166339123765,1.0846237507172836,0.573321554770318,6.3443480199327364,5511,75.0,donch20 long,-2.3764468864469146
100,100,1.0,1231,0.5142242079610039,67.568151792195,1.925808118771821,0.2670173642683306,0.10577333563725398,1.0186046169875396,0.5004061738424046,5.395315558473078,135514,60.0,donch20 long,-0.2098581560282748
100,100,2.0,1136,1.5594718309859112,77.7985496375863,2.308247293599287,0.675608647006882,0.2666714720540858,1.0469282817625367,0.5132042253521126,6.466751497497027,19534,105.0,donch20 long,0.4545075757575792
100,100,4.0,1078,3.411298701298695,86.04428594675599,2.620671914593623,1.3016885792923345,0.509865885544134,1.0894779064479485,0.525974025974026,7.3420356974493055,4993,105.0,donch20 long,0.6678124999999656
100,150,1.0,1202,-0.0021464226289524433,73.0178220272776,2.1060886169789663,-0.0010191511466556109,-0.00040767392786002096,0.9999256910944234,0.48668885191347755,5.900386737364257,-1,60.0,donch20 long,1.6226394052045687
100,150,2.0,1091,0.9308982584784585,86.84465601554564,2.629242985860573,0.3540556211368071,0.14280311292872677,1.0259527697971613,0.4784601283226398,7.366048284014185,68310,120.0,donch20 long,2.0172000000000674
100,150,4.0,1018,2.854400785854616,99.00237759768486,3.1029282655602506,0.9199055026620921,0.3680992454737935,1.0670399284607197,0.4715127701375246,8.693117961658508,9442,157.5,donch20 long,1.9605154639174964
100,0,1.0,1179,1.668439355385919,83.67792853887593,2.436991520580278,0.6846307593998697,0.2702135622597478,1.0576947725413604,0.48006785411365566,6.827439420724352,19742,60.0,donch20 long,0.6136468330135505
100,0,2.0,1046,3.4432695984703616,103.61544924718817,3.2037503899173294,1.0747621316900449,0.42898295365272343,1.0945250847118666,0.46367112810707456,8.97557973491605,7107,120.0,donch20 long,2.7337068965518623
100,0,4.0,951,4.05700315457413,126.02469051720315,4.086630586167409,0.9927501566465139,0.3969230294090191,1.09019385714613,0.4384858044164038,11.449043842094948,7573,240.0,donch20 long,-3.0626436781608004
150,20,1.0,1462,-1.2038166894664817,41.79143106434379,1.0929833763677645,-1.101404390492234,-0.428892377810673,0.9152311590681296,0.7544459644322845,3.0620860708751323,-1,15.0,donch20 long,-3.938988439306312
150,20,2.0,1431,-1.1670090845562513,46.2384996368886,1.2223171819420777,-0.9547514358769381,-0.374632666581596,0.9237966297831021,0.8050314465408805,3.4244257487744245,-1,15.0,donch20 long,-2.958242245199387
150,20,4.0,1416,-0.8570903954802224,48.08242059848371,1.2777759109793152,-0.6707673764356143,-0.2620180840465294,0.9451900626391543,0.8375706214689266,3.5797981042604814,-1,15.0,donch20 long,-3.4328783382789103
150,30,1.0,1403,-1.5672630078403404,49.27706425745207,1.315576147558006,-1.1913130309860966,-0.4668350770394896,0.917093540153003,0.6650035637918745,3.6856986883005147,-1,30.0,donch20 long,-4.719223744292179
150,30,2.0,1357,-1.2037803979366226,55.15604648044419,1.4972806259750888,-0.803977809538992,-0.3163032325704071,0.9419991137584734,0.7258658806190126,4.194759269098741,-1,30.0,donch20 long,-3.809062499999982
150,30,4.0,1334,-0.06061469265367053,58.0818666356371,1.5902399166206789,-0.03811669674502895,-0.015019541151850242,0.9971516133577567,0.775112443778111,4.455192643657694,-1,30.0,donch20 long,-4.650725552050466
150,40,1.0,1347,-0.09994803266517994,54.96820198390619,1.4977100137653379,-0.06673390158746703,-0.025743335156328324,0.9953017138641491,0.6310319227913883,4.195962235584741,-1,45.0,donch20 long,-0.6280348652931415
150,40,2.0,1300,0.3284615384615406,61.79073151448781,1.713766544799342,0.1916606083006474,0.07435685066272558,1.0137175973965478,0.6846153846153846,4.801263019206373,277769,45.0,donch20 long,-0.7970723684210298
150,40,4.0,1272,1.3239937106918256,66.09002199877486,1.8530722000121786,0.7144857662227754,0.2773620591138019,1.0518174506523177,0.7342767295597484,5.1915396836501975,19557,45.0,donch20 long,-1.6948252911813655
150,50,1.0,1306,0.6403215926493122,59.953459978731864,1.6589857792608538,0.38597171877784375,0.1483617315861738,1.0272859922813786,0.5987748851454824,4.647790036236832,68808,60.0,donch20 long,-0.6139804241434923
150,50,2.0,1248,0.3293910256410273,68.35572676451737,1.934940489193152,0.17023315573823128,0.06611866090004882,1.0120201255522405,0.6482371794871795,5.42090067245181,338013,60.0,donch20 long,-0.49919931856896077
150,50,4.0,1217,2.0025225965488924,73.43308280083686,2.1049727189691567,0.9513294773385775,0.3714693454045817,1.0677832267338043,0.6943303204601479,5.897260453995053,10554,60.0,donch20 long,-1.1133968804159522
150,75,1.0,1255,0.4821115537848594,68.16590620437597,1.9241784646636924,0.25055448994910295,0.0975907603239668,1.0179396967641239,0.5442231075697211,5.390749943613107,156908,60.0,donch20 long,-2.1204498269895096
150,75,2.0,1169,0.540624465355002,79.07402063523362,2.3127386917104586,0.23375942439704078,0.09175583703288168,1.0166147840793147,0.58169375534645,6.479334532053946,167912,105.0,donch20 long,-1.5104419889501934
150,75,4.0,1123,2.477586821015134,87.29851434133036,2.6050554669591257,0.9510687401628398,0.374782237570269,1.0672865875187785,0.6117542297417632,7.298284888597062,9744,105.0,donch20 long,-1.0402846299810307
150,100,1.0,1223,0.04360588716271318,73.86044194594365,2.1120231461296775,0.02064650060422955,0.008103947562922076,1.0015054654634985,0.5143090760425184,5.9170128265093505,22518591,60.0,donch20 long,-0.25949458483742627
150,100,2.0,1126,0.5980994671403188,87.83513799807181,2.6175747502122597,0.22849374868542677,0.09033962226564882,1.0165532409410174,0.5452930728241563,7.333358727500412,169276,120.0,donch20 long,0.4361208576998736
150,100,4.0,1068,2.2418352059925075,98.17985484067054,3.0042547694232242,0.7462200705511102,0.293068001640203,1.0531121311312492,0.5617977528089888,8.416675753461488,15053,150.0,donch20 long,-0.008699186991865704
150,150,1.0,1195,-1.0029707112970696,79.54304455543163,2.3010086813368975,-0.43588306268985416,-0.16977717109005946,0.9672013925622921,0.49874476987447697,6.4464719083830655,-1,60.0,donch20 long,1.7024385633271737
150,150,2.0,1080,-0.22425925925925688,97.11527948362207,2.955123847311026,-0.07588827773269756,-0.02982609557688696,0.994276818610595,0.5111111111111111,8.279031288319695,-1,120.0,donch20 long,2.8781818181819774
150,150,4.0,1007,0.5352234359483667,112.35944716454418,3.540746694840346,0.15116117646266708,0.059715925679181554,1.0110759201026194,0.5054617676266137,9.919703601347063,345904,240.0,donch20 long,3.327456896551735
150,0,1.0,1170,0.8817948717948723,89.93940774327035,2.6294026270986657,0.33535939407190063,0.1273124695286998,1.0288831080990286,0.4905982905982906,7.366495532547027,81653,60.0,donch20 long,0.49417968750015684
150,0,2.0,1034,1.3889168278529997,112.72591557831267,3.505609216621331,0.39619841859944194,0.1582469107467394,1.0344963341609885,0.4941972920696325,9.821262961766903,51701,120.0,donch20 long,3.65022222222248
150,0,4.0,936,2.015555555555559,138.99826725773812,4.543300494248665,0.44363245576801225,0.17603961033251775,1.0395492389660295,0.47115384615384615,12.728443506132402,37328,240.0,donch20 long,-0.32228915662632884
20,20,1.0,1332,-7.833543543543541,18.95985070480952,0.5194967092219083,-15.079101377324344,-5.313253877367799,0.4422676444805544,0.35435435435435436,1.4554143014144292,-1,0.0,donch20 short,-7.979440993788818
20,20,2.0,1326,-7.937812971342381,19.130190081956485,0.5253485322820266,-15.109612920896232,-5.316318390508288,0.44277972214001854,0.35671191553544496,1.4718086823986694,-1,0.0,donch20 short,-7.9400777604976644
20,20,4.0,1325,-7.9564150943396195,19.17360966949312,0.5267395674267223,-15.105026442591063,-5.306950483602692,0.44329265942115864,0.35773584905660377,1.4757057858979246,-1,0.0,donch20 short,-7.982068429237945
20,30,1.0,1302,-6.819185867895544,22.628340792534356,0.6271150431009188,-10.873899363307352,-4.018300842730098,0.5465223478168046,0.3064516129032258,1.7569162348078111,-1,0.0,donch20 short,-6.840473186119872
20,30,2.0,1294,-6.898191653786705,22.926567485125535,0.6373410621947383,-10.823391215422703,-3.9957434744306375,0.5492728031981208,0.3068006182380216,1.7855652987411967,-1,0.0,donch20 short,-6.68604430379746
20,30,4.0,1293,-7.020085073472543,23.012595818899403,0.6399799193993192,-10.969227097096338,-4.041208951161762,0.546031425311995,0.3047177107501933,1.7929582820782615,-1,0.0,donch20 short,-6.838335974643421
20,40,1.0,1280,-5.872812499999998,25.92147313046315,0.7245271999581234,-8.105717080517389,-3.1124831547610667,0.624265307519942,0.27890625,2.0298246935234574,-1,0.0,donch20 short,-6.265609756097558
20,40,2.0,1269,-5.9637588652482245,26.379195155325615,0.7405096625415359,-8.05358682934635,-3.0621719115750867,0.6270225915193091,0.27501970055161545,2.0746009244461896,-1,0.0,donch20 short,-6.146933115823807
20,40,4.0,1268,-6.144100946372237,26.5490270175053,0.7455709579198708,-8.240799726848488,-3.125472177012053,0.6217515025370408,0.2689274447949527,2.088780574762636,-1,0.0,donch20 short,-6.407647058823526
20,50,1.0,1268,-5.467444794952679,28.522676489571545,0.8009965570017594,-6.825803116330586,-2.670265043704885,0.660313643174297,0.25709779179810727,2.244060113855511,-1,0.0,donch20 short,-4.913344370860924
20,50,2.0,1256,-5.7334713375796165,29.1538847016856,0.8226244476348118,-6.969731271741732,-2.7187850864720504,0.6552911594056519,0.2428343949044586,2.304652492552034,-1,0.0,donch20 short,-4.613833333333324
20,50,4.0,1254,-5.825885167464113,29.519318618861085,0.8335997206069851,-6.9888281191145305,-2.7157121220470324,0.6559699710814846,0.23684210526315788,2.3354006550756297,-1,0.0,donch20 short,-4.877646076794655
20,75,1.0,1242,-3.657954911433171,35.249734622822785,1.0002188935063558,-3.6571543840867533,-1.4400841727229396,0.7800319747146047,0.2286634460547504,2.802198466924716,-1,0.0,donch20 short,-2.6363497453310694
20,75,2.0,1227,-3.807522412387937,36.41489187320401,1.039577193746602,-3.6625682395606924,-1.4350689124658946,0.7803766545803617,0.21026894865525672,2.912464099087842,-1,0.0,donch20 short,-2.4967010309278272
20,75,4.0,1222,-3.9021112929623563,37.0974560515656,1.0612275746602058,-3.6769787990212865,-1.4404752381369663,0.7799509174595584,0.19967266775777415,2.973119486221909,-1,0.0,donch20 short,-2.962413793103447
20,100,1.0,1224,-3.9166339869281033,38.67943152800386,1.105577963528202,-3.5426122047775372,-1.37509098347697,0.7706930446803115,0.20751633986928106,3.0973708800920488,-1,0.0,donch20 short,-1.832413793103458
20,100,2.0,1203,-3.9749542809642544,40.98627664562394,1.1816956951501971,-3.3637714830289074,-1.2832385601242795,0.7796049280977249,0.1778886118038238,3.3106211918405206,-1,0.0,donch20 short,-1.2270175438596456
20,100,4.0,1196,-4.264916387959865,41.96786225597034,1.2135320702665013,-3.5144653301360673,-1.3402537316170915,0.770048989531739,0.16304347826086957,3.399813509764658,-1,0.0,donch20 short,-1.9725396825396815
20,150,1.0,1204,-2.9461461794019908,45.29050631416123,1.305250692622784,-2.2571496771106663,-0.8605734717963407,0.8296038744995708,0.19767441860465115,3.6567710463837053,-1,0.0,donch20 short,-2.143954305799661
20,150,2.0,1179,-2.7505597964376567,49.481478725559796,1.441072289736948,-1.908689672285449,-0.7219845019226785,0.8509944090337663,0.15860899067005937,4.037286825159242,-1,0.0,donch20 short,-2.2227927927927973
20,150,4.0,1171,-2.794696840307426,52.008634425871186,1.519836965627245,-1.8388135724505419,-0.7076371993680372,0.8537906169441851,0.13748932536293765,4.2579527768429575,-1,0.0,donch20 short,-4.17224637681159
20,0,1.0,1186,-2.640758853288362,54.34984412475975,1.57817790328689,-1.6732960509638504,-0.6684964910883859,0.8490650965023585,0.18802698145025296,4.421399885401068,-1,0.0,donch20 short,-1.8528571428571488
20,0,2.0,1142,-1.2593520140105046,67.72107256880214,2.0039679705163667,-0.628429212711421,-0.245913223909665,0.9326907461359352,0.14623467600700527,5.6142870437704975,-1,0.0,donch20 short,-2.023271375464695
20,0,4.0,1124,-0.37718861209964133,80.59458172426362,2.403934831059923,-0.15690467446379752,-0.06186633435135806,0.9807130301232663,0.11743772241992882,6.734828288004376,-1,0.0,donch20 short,-5.406885553470963
30,20,1.0,1316,-8.058996960486319,24.402514597659074,0.6726770897606656,-11.98048377618102,-4.274167449545248,0.5037533262429634,0.4688449848024316,1.8845621912367312,-1,0.0,donch20 short,-9.045924170616113
30,20,2.0,1303,-8.250859554873365,24.820724391565243,0.6876100954599123,-11.99932870292535,-4.282173413592876,0.5044394026834624,0.4750575594781274,1.9263982792657373,-1,0.0,donch20 short,-8.679507154213034
30,20,4.0,1300,-8.249230769230767,24.93120386733559,0.6914671838671121,-11.930039431655985,-4.25732893762228,0.506723219012775,0.47923076923076924,1.9372042411323034,-1,0.0,donch20 short,-8.647710651828298
30,30,1.0,1279,-6.514394057857698,28.683838602121895,0.8020510245217193,-8.12216911229853,-2.9963193227850695,0.6309450513236423,0.41673182173573103,2.2470142944724105,-1,0.0,donch20 short,-7.932857142857152
30,30,2.0,1262,-6.623597464342312,29.29995487444203,0.824778391042045,-8.03076018513761,-2.973463600567239,0.6355789813276831,0.4215530903328051,2.310686948562391,-1,0.0,donch20 short,-7.497605177993518
30,30,4.0,1259,-6.77927720413026,29.487333990246555,0.8310413698614809,-8.157568864784961,-3.018413054005463,0.6320253263334975,0.42255758538522636,2.328233217444277,-1,0.0,donch20 short,-7.54672609400323
30,40,1.0,1252,-5.213322683706068,32.56076701098169,0.9202216830531701,-5.6652899836145725,-2.134938419432964,0.7204183350552643,0.38338658146964855,2.5780794646287983,-1,0.0,donch20 short,-6.905448504983398
30,40,2.0,1232,-5.384155844155842,33.37837966436878,0.9509548469600306,-5.661841738719422,-2.136102477914663,0.7216613676998985,0.3823051948051948,2.664181042336102,-1,0.0,donch20 short,-6.853316582914562
30,40,4.0,1229,-5.515386493083806,33.724919115298114,0.9619997857280245,-5.733251269811728,-2.1621076880039514,0.7200818973153356,0.3807973962571196,2.695124379523476,-1,0.0,donch20 short,-6.967983193277298
30,50,1.0,1234,-4.533111831442461,35.76712399000338,1.018184403808591,-4.452152099841674,-1.6782538461517917,0.7664148415890534,0.3549432739059968,2.852530375023314,-1,0.0,donch20 short,-5.136938775510214
30,50,2.0,1212,-4.955016501650163,36.891923713190174,1.0596928205743248,-4.675898907161302,-1.7700782926889804,0.7576563183491761,0.3432343234323432,2.9688197418614664,-1,0.0,donch20 short,-5.041374570446725
30,50,4.0,1206,-5.031293532338307,37.45079519935424,1.0784186495212036,-4.665436316936934,-1.7630560430529714,0.7595149826049113,0.3416252072968491,3.021281747435954,-1,0.0,donch20 short,-5.169999999999988
30,75,1.0,1204,-2.6396677740863788,43.29876288902441,1.2478496013840703,-2.115373335984203,-0.818645388366753,0.8716352913283866,0.3131229235880399,3.4959569976657714,-1,15.0,donch20 short,-2.2096836555360464
30,75,2.0,1181,-2.919974597798476,45.08326852350066,1.311868928406827,-2.2258127580966343,-0.8646158057629397,0.8667022025413431,0.29466553767993225,3.6753125979262666,-1,15.0,donch20 short,-2.058525179856108
30,75,4.0,1172,-2.822423208191127,46.2281292985574,1.3503380749875982,-2.090160427578145,-0.8118219939894048,0.8748951433501025,0.2883959044368601,3.783087190340376,-1,15.0,donch20 short,-2.39343580470161
30,100,1.0,1181,-2.831913632514818,47.632270567187476,1.3860418242299222,-2.043166074074435,-0.770183078899707,0.8672409454044865,0.2870448772226926,3.8831142864488832,-1,15.0,donch20 short,-1.5729749103942938
30,100,2.0,1152,-2.9236805555555554,50.79371248291548,1.4965241057628886,-1.9536474850601486,-0.737177240702638,0.8732958546759039,0.2569444444444444,4.192639813255037,-1,15.0,donch20 short,-1.0392619926199236
30,100,4.0,1139,-3.341799824407375,52.27630344061331,1.5489700056822089,-2.157433528182203,-0.8151696344210193,0.8611081615115571,0.2405618964003512,4.339571471219637,-1,15.0,donch20 short,-1.6632838589981256
30,150,1.0,1159,-2.3305522001725607,54.70122249730798,1.6067759192832722,-1.4504525318080073,-0.541402648746484,0.8937332723272013,0.26747195858498707,4.501519664283891,-1,15.0,donch20 short,-2.0077330895795606
30,150,2.0,1124,-2.4990747330960836,59.57063548548067,1.7768430890535736,-1.4064690058969715,-0.5272050218158058,0.8961167680427105,0.22508896797153025,4.977977333198677,-1,15.0,donch20 short,-2.195916030534357
30,150,4.0,1109,-3.0582596934174906,62.44098616595146,1.875011692990661,-1.6310616647619611,-0.6171709467782435,0.8795682850355617,0.19747520288548243,5.2530050428716075,-1,15.0,donch20 short,-3.3288461538461314
30,0,1.0,1136,-1.5848943661971824,66.24493471044102,1.9654568365650185,-0.8063745469816901,-0.2974177902125195,0.9287661152005632,0.25616197183098594,5.506394820159632,-1,30.0,donch20 short,-0.3751224105462161
30,0,2.0,1081,-2.092035152636447,77.14369489803418,2.346321872592643,-0.8916232581187961,-0.35001089907813415,0.9151614621629324,0.20444033302497688,6.573420675190689,-1,15.0,donch20 short,-0.47172690763056585
30,0,4.0,1058,-1.2427410207939515,92.46421301154267,2.8426987842408358,-0.4371694347932241,-0.17211240396795982,0.9529890204502516,0.16446124763705103,7.964062893476832,-1,15.0,donch20 short,-4.241428571428611
40,20,1.0,1306,-8.126140888208267,28.69622819742482,0.7940598343254963,-10.233663178683393,-3.7342732562549306,0.5378271989673695,0.5413476263399694,2.224626294143543,-1,0.0,donch20 short,-9.457197452229298
40,20,2.0,1293,-8.559141531322505,29.38866721442417,0.8172983623035757,-10.472480951996959,-3.8296472473988925,0.5319372192757633,0.551430781129157,2.289731010617635,-1,0.0,donch20 short,-9.265961538461537
40,20,4.0,1288,-8.6789751552795,29.67105495748307,0.8267516235965612,-10.497681416728215,-3.848606319199806,0.5314873390531859,0.5566770186335404,2.3162151277190226,-1,0.0,donch20 short,-9.25955128205128
40,30,1.0,1267,-6.602549329123912,33.3099550379947,0.9358058139461062,-7.055469447536643,-2.6484789053609474,0.6617190823494778,0.48224151539068666,2.6217397353755856,-1,0.0,donch20 short,-8.054657980456033
40,30,2.0,1249,-6.965740592473977,34.25441758592025,0.9692490156011907,-7.1867399196205275,-2.703155582320792,0.6585590125294045,0.4923939151321057,2.715433714778842,-1,0.0,donch20 short,-7.7059277504105
40,30,4.0,1243,-7.289195494770714,34.669929695878324,0.9833710000946482,-7.412457245606325,-2.792994620453492,0.6512307720141457,0.49396621078037006,2.7549976577861326,-1,0.0,donch20 short,-7.789013157894724
40,40,1.0,1237,-5.087898140662891,37.49907738385175,1.0661927690280257,-4.772024617369311,-1.8237893648927208,0.7555202584278041,0.44704931285367827,2.987029901367851,-1,0.0,donch20 short,-7.071355932203399
40,40,2.0,1216,-5.674868421052629,38.671816191571466,1.108990386462105,-5.117148435485148,-1.9607334320643355,0.742047482037516,0.44819078947368424,3.106931073741621,-1,0.0,donch20 short,-7.346849315068486
40,40,4.0,1210,-5.932148760330575,39.2987334018784,1.1297591519061179,-5.250808325227475,-2.0190413724314453,0.7381229744653574,0.4487603305785124,3.1651165400080234,-1,0.0,donch20 short,-7.489312714776617
40,50,1.0,1218,-4.274400656814448,40.959232829674235,1.1736218043174498,-3.642059683187581,-1.4019476344797612,0.8037550336063785,0.41625615763546797,3.288001498630838,-1,15.0,donch20 short,-4.705798611111122
40,50,2.0,1194,-4.922328308207702,42.638400380765106,1.233953346022243,-3.9890716485151243,-1.5333799094767273,0.7893240745652962,0.4103852596314908,3.4570254540569527,-1,15.0,donch20 short,-4.986309314586988
40,50,4.0,1185,-5.035147679324892,43.50350477686722,1.2637613564814314,-3.9842551392327477,-1.5290790123026383,0.7912913690228421,0.4109704641350211,3.5405351355407717,-1,15.0,donch20 short,-5.064250440917092
40,75,1.0,1180,-2.453559322033899,49.011980611578636,1.4267939179490523,-1.7196311893176364,-0.6701137112581684,0.8957985044249284,0.36694915254237287,3.9972847498195523,-1,15.0,donch20 short,-2.446936936936961
40,75,2.0,1155,-3.091731601731603,51.43705746717152,1.5135094051169884,-2.0427567818732015,-0.799430793238826,0.8792738206804034,0.3523809523809524,4.240225576850707,-1,15.0,donch20 short,-2.2094085027726464
40,75,4.0,1142,-3.0334325744308237,53.05704292039735,1.5700373693102174,-1.9320766713747308,-0.756110178207684,0.8865777802224715,0.3467600700525394,4.398593485744477,-1,15.0,donch20 short,-2.4123048327137346
40,100,1.0,1152,-2.467083333333333,53.62254958160442,1.579869518069348,-1.5615741079353118,-0.5837437507852735,0.8989311613272145,0.34375,4.426139088370345,-1,30.0,donch20 short,-1.473241252302066
40,100,2.0,1117,-3.2210653536257836,57.63713343467485,1.7245499849127053,-1.8677715240528852,-0.7025672945023194,0.8814481922145072,0.3115487914055506,4.831473745628378,-1,15.0,donch20 short,-1.3207400379506875
40,100,4.0,1100,-3.5436363636363644,59.98136073428509,1.808506072459817,-1.959427406741594,-0.7376172850140192,0.8771511161032257,0.29454545454545455,5.066683879470964,-1,15.0,donch20 short,-1.889999999999979
40,150,1.0,1130,-2.4908849557522106,60.479054482546154,1.7991433632937321,-1.3844838641385928,-0.518748656963297,0.9015554153440225,0.32035398230088497,5.04045345186977,-1,30.0,donch20 short,-2.2473584905660786
40,150,2.0,1089,-3.131138659320476,66.64501766512345,2.019545989852226,-1.550417111100098,-0.5813036068436094,0.8903485598683594,0.27548209366391185,5.657930192469319,-1,30.0,donch20 short,-2.1284615384615764
40,150,4.0,1069,-3.343320860617398,70.79354882312933,2.165233965277169,-1.5440921924524786,-0.5820561801414894,0.8909793437853364,0.2488306828811974,6.066087470876645,-1,30.0,donch20 short,-2.92147410358564
40,0,1.0,1108,-2.0427075812274356,72.1246552261294,2.166775268577682,-0.9427408605084886,-0.34950441810219285,0.9207735164024288,0.30685920577617326,6.070405563419992,-1,45.0,donch20 short,-0.7372656250000993
40,0,2.0,1042,-3.1422072936660266,85.30432181203349,2.642634954127846,-1.1890432648511815,-0.46214571190977843,0.8935668362872276,0.2495201535508637,7.403567024353216,-1,45.0,donch20 short,-1.0912526096034374
40,0,4.0,1013,-1.604906219151037,103.65730320066253,3.2568306996456045,-0.492781592646396,-0.1934571685817854,0.9502851060199309,0.2073050345508391,9.124288746023643,-1,45.0,donch20 short,-5.445982905982953
50,20,1.0,1294,-7.273771251931991,31.95115010748836,0.8882175651048471,-8.189177446714172,-3.011957462748052,0.5914347787397424,0.6020092735703245,2.488417200866033,-1,0.0,donch20 short,-10.219146537842187
50,20,2.0,1278,-7.593599374021907,32.8595907512639,0.9191718666572988,-8.261348774345246,-3.047730510094201,0.5894299346700549,0.6197183098591549,2.5751383145323925,-1,0.0,donch20 short,-9.98593495934959
50,20,4.0,1272,-7.7687735849056585,33.32529780142604,0.9343949516932274,-8.314228978685916,-3.0774775144431814,0.5876493599974966,0.6265723270440252,2.617787084543127,-1,0.0,donch20 short,-9.995691056910566
50,30,1.0,1250,-5.577199999999999,36.89052784924603,1.043421696150122,-5.345106413426141,-2.029556626042169,0.7220346038310302,0.5408,2.923234800192543,-1,0.0,donch20 short,-8.86013201320133
50,30,2.0,1228,-5.81117263843648,38.20158909711406,1.0901399252538766,-5.330666737192612,-2.021918661931674,0.7239689625028044,0.5602605863192183,3.054119900266037,-1,0.0,donch20 short,-8.458833333333324
50,30,4.0,1221,-6.31211302211302,38.89262649731111,1.1130365883740085,-5.671074148006346,-2.157152944289638,0.7105085629417728,0.5626535626535627,3.118266853207511,-1,0.0,donch20 short,-8.372470784641056
50,40,1.0,1219,-4.240779327317472,41.40529232055693,1.1859162015940492,-3.5759519278151597,-1.3553042307670096,0.8058830155946662,0.4995898277276456,3.3224453003065673,-1,15.0,donch20 short,-7.728687392055279
50,40,2.0,1193,-4.896035205364625,43.01087380604075,1.2452542823163175,-3.9317553650628136,-1.4942930880088505,0.7898797873101993,0.5079631181894384,3.488685990129268,-1,15.0,donch20 short,-8.033356643356637
50,40,4.0,1186,-5.390337268128159,44.028596958080826,1.2784757702793998,-4.21622168635245,-1.6101627922194555,0.7787127489375135,0.5092748735244519,3.5817588197303576,-1,15.0,donch20 short,-7.861177504393657
50,50,1.0,1197,-3.990083542188803,45.00419276260548,1.3007861404946819,-3.067440079482547,-1.187559564533442,0.8289022637950063,0.4594820384294068,3.64426322313612,-1,15.0,donch20 short,-5.259026548672576
50,50,2.0,1165,-4.725193133047209,47.23930411387153,1.3840141447721828,-3.4141219949923305,-1.322087415550408,0.8131758560291539,0.46008583690987126,3.877433569653009,-1,15.0,donch20 short,-5.534524236983834
50,50,4.0,1156,-4.988961937716261,48.59571925239326,1.4292858603645076,-3.490527735609122,-1.351748052596119,0.8118202751218612,0.46453287197231835,4.004266138855081,-1,15.0,donch20 short,-5.3170758122743536
50,75,1.0,1154,-1.3740554592720982,53.41624050686871,1.5724267168293247,-0.873843877470343,-0.33808467227926614,0.9451473348549622,0.4124783362218371,4.405287446434942,-1,15.0,donch20 short,-3.8938602941176743
50,75,2.0,1118,-1.1898211091234363,56.98020498418367,1.7041315049261672,-0.6981979416987459,-0.27136617420338305,0.9566347903589978,0.41144901610017887,4.774269633921757,-1,15.0,donch20 short,-3.0788257575757596
50,75,4.0,1105,-1.1642081447963815,59.3571656276777,1.7856322280110823,-0.6519865213751932,-0.25401868953866813,0.9601891806915127,0.4099547511312217,5.002600854981973,-1,15.0,donch20 short,-3.1869465648854693
50,100,1.0,1123,-0.30691896705253835,58.86190884115047,1.7564850739927491,-0.17473474246773207,-0.06559276866205788,0.9880977910105118,0.3935886019590383,4.920942619134149,-1,30.0,donch20 short,-2.8706390977444065
50,100,2.0,1077,-0.23800371402042858,64.31378618251375,1.9597299316357402,-0.12144720054450182,-0.046243560502404926,0.9918183196482575,0.3732590529247911,5.490350407964228,-1,30.0,donch20 short,-2.2925341130604515
50,100,4.0,1060,-0.6145283018867936,67.49188292582052,2.0729967053630136,-0.2964444180238966,-0.11319081638988633,0.9804988743593426,0.3584905660377358,5.8076769269419035,-1,30.0,donch20 short,-2.3787795275590256
50,150,1.0,1103,-0.6390480507706241,66.01408182076949,1.9876908151533106,-0.32150274373599413,-0.12120789990692699,0.9763252973402524,0.3680870353581142,5.568685205912431,-1,45.0,donch20 short,-4.241063829787284
50,150,2.0,1049,-0.6818017159199229,73.9031884873844,2.281788736190989,-0.2988014206162051,-0.11207250788460338,0.9780419003315161,0.330791229742612,6.392625594169347,-1,45.0,donch20 short,-4.49426829268297
50,150,4.0,1026,-0.3094931773879129,79.72711758355436,2.4890429042354136,-0.12434224290038233,-0.04638370171278786,0.9909111933659783,0.3060428849902534,6.973265807754908,-1,45.0,donch20 short,-5.812886597938123
50,0,1.0,1080,-1.144629629629629,77.07021807564742,2.345172052881916,-0.48807917023530356,-0.18344736109196602,0.9587941299801536,0.35,6.57019935728562,-1,60.0,donch20 short,-2.2976000000001076
50,0,2.0,1002,-1.9397005988023965,92.33299877209629,2.916910339792288,-0.6649846491135281,-0.25833000466784034,0.9404105204291368,0.29740518962075846,8.17197289052295,-1,75.0,donch20 short,-2.701879049676129
50,0,4.0,967,-0.07800413650465328,113.86781565425596,3.661742093898073,-0.021302466013278044,-0.008364373083549422,0.9978667184031528,0.25232678386763185,10.25868252280687,-1,75.0,donch20 short,-5.3879820627803126
75,20,1.0,1285,-5.859649805447471,37.72573817884748,1.0524129477346307,-5.567823750230979,-2.1177920780328834,0.6714201679718834,0.6840466926070039,2.9484245577240373,-1,0.0,donch20 short,-7.567235772357725
75,20,2.0,1261,-6.131395717684376,39.36693761391716,1.1085979947463493,-5.5307656578318625,-2.1134494301969378,0.6720621088032291,0.7137192704203014,3.1058317549110503,-1,0.0,donch20 short,-7.266935749588139
75,20,4.0,1254,-6.467033492822966,40.40693541732789,1.1410564894593282,-5.667583991295005,-2.166396596205467,0.6650488384224503,0.726475279106858,3.19676699390113,-1,0.0,donch20 short,-7.1351400329489305
75,30,1.0,1239,-4.683866020984665,43.511940995474646,1.2361546409583744,-3.789061550869821,-1.4577407185037279,0.7785531205628562,0.6150121065375302,3.463192569410725,-1,15.0,donch20 short,-6.65231155778895
75,30,2.0,1208,-4.3222847682119205,45.55481180897526,1.310692425740432,-3.297710952873013,-1.281265475255697,0.804333553183835,0.652317880794702,3.672016525447024,-1,15.0,donch20 short,-6.422711864406772
75,30,4.0,1198,-5.018714524207012,47.020417472965605,1.3584950856024411,-3.6943192341261963,-1.4333762756051978,0.7842338810247097,0.6619365609348915,3.8059397507029105,-1,15.0,donch20 short,-6.28558573853989
75,40,1.0,1202,-3.3865058236272887,48.645934896475055,1.403118401826506,-2.4135567028548075,-0.9230956996215317,0.8563006538624198,0.5723793677204659,3.930955773819431,-1,15.0,donch20 short,-6.19070546737213
75,40,2.0,1164,-2.936048109965636,50.97532129136399,1.4941131277288568,-1.9650775135271106,-0.7565631747202971,0.8814058375411686,0.602233676975945,4.185885252833699,-1,15.0,donch20 short,-6.848392857142853
75,40,4.0,1154,-3.5170363951473145,52.791843739007724,1.5540461990248147,-2.26314790213721,-0.8711989680165008,0.866035350618058,0.610051993067591,4.353792859452565,-1,15.0,donch20 short,-6.571867145421891
75,50,1.0,1177,-3.206737468139338,52.64198358349862,1.534419164142399,-2.089870579745798,-0.8203560277069021,0.8741102769598587,0.5276125743415463,4.298806048650602,-1,15.0,donch20 short,-2.9285036496350267
75,50,2.0,1133,-2.9237157987643436,55.95713111854554,1.6624189680278227,-1.758711765802838,-0.6907619459085595,0.8936990628707415,0.5489849955869374,4.657408407137363,-1,15.0,donch20 short,-4.016111111111111
75,50,4.0,1119,-3.1425469168900815,58.38699978935265,1.7454246954971606,-1.8004482949033613,-0.705066317503568,0.892868469420303,0.5647899910634495,4.889956026234174,-1,15.0,donch20 short,-3.5134636871508276
75,75,1.0,1127,-0.22345164152618016,61.568356564737826,1.8339842562219084,-0.12183945460169913,-0.047761068014604606,0.9919408004219212,0.4782608695652174,5.138063182483205,-1,45.0,donch20 short,-1.9993155893536296
75,75,2.0,1080,0.15351851851851236,66.67750220227796,2.0289317796826687,0.07566470201502938,0.02967701869683112,1.0049377451003751,0.4888888888888889,5.684225282518603,1480623,45.0,donch20 short,-1.9545669291338783
75,75,4.0,1060,0.29773584905659584,70.38694375619065,2.161917791914694,0.13771839529240712,0.053934118513784546,1.008811460706218,0.4990566037735849,6.056796928603635,438661,30.0,donch20 short,-1.0176341948309942
75,100,1.0,1092,1.1330769230769187,67.42413014501999,2.0403469965005336,0.5553354037427438,0.2129497520256049,1.03951388456435,0.4551282051282051,5.716205985217087,27791,60.0,donch20 short,-0.6315354330709158
75,100,2.0,1033,1.6935430784123848,74.97359173461993,2.33269606192448,0.7260024595811284,0.2798482838802203,1.0508417782401849,0.4482090997095837,6.535246805437957,15382,60.0,donch20 short,-0.027474120082863773
75,100,4.0,1009,1.3353716551040546,79.90480689648348,2.5155173852952815,0.5308536776211957,0.20369407265253825,1.0360834129152474,0.44301288404360756,7.047436322549445,28102,60.0,donch20 short,-0.0885324947588901
75,150,1.0,1067,0.72405810684161,75.39616935746129,2.3081661707853294,0.31369409880713084,0.12100664549868251,1.0238479843410881,0.42924086223055297,6.466524225020592,85105,60.0,donch20 short,-1.5665784114053487
75,150,2.0,996,1.4750602409638534,86.41338664264724,2.7381129342696777,0.5387141715384681,0.2062472910362578,1.0407358268486133,0.4026104417670683,7.671056722173855,26937,90.0,donch20 short,-0.9655458515284537
75,150,4.0,963,2.752575285565939,94.48043310397586,3.0445894060817102,0.9040875200010684,0.34145821924433833,1.0678973971208672,0.3904465212876428,8.529676675301861,9247,90.0,donch20 short,-0.6851002227171393
75,0,1.0,1045,-0.2545933014354102,85.38021616401956,2.6411867189610025,-0.09639352629168256,-0.03671319565334667,0.9918606934976714,0.41244019138755983,7.399509670117435,-1,60.0,donch20 short,0.5527061310781076
75,0,2.0,949,-0.5418440463645964,105.47419950317904,3.4238374013574373,-0.15825636058236098,-0.062179168311789136,0.9858614231952285,0.3667017913593256,9.592172252865314,-1,120.0,donch20 short,0.39103044496475275
75,0,4.0,896,2.4800892857142824,132.00274518219112,4.409902201655211,0.5623909946990222,0.2199797451537951,1.05545039094452,0.3236607142857143,12.354716821481075,22235,195.0,donch20 short,-2.1175184275185126
100,20,1.0,1279,-5.557396403440187,42.28647503165194,1.1824048758955017,-4.700079064906814,-1.7884859350352762,0.6934222540823278,0.7177482408131353,3.3126080221335363,-1,0.0,donch20 short,-7.886726677577738
100,20,2.0,1253,-5.504684756584197,44.14432517920666,1.2470944508958968,-4.414007898623638,-1.6933422148164547,0.7072639796551531,0.7557861133280128,3.4938413792206533,-1,0.0,donch20 short,-7.706777408637864
100,20,4.0,1244,-5.84385852090032,45.68200794561202,1.295194509825502,-4.511954364049649,-1.733050509550855,0.7005221056586303,0.7733118971061094,3.6285977933081983,-1,0.0,donch20 short,-7.493820598006639
100,30,1.0,1234,-4.289189627228525,48.40950453276262,1.3780756463711281,-3.1124486079724303,-1.1904707244843082,0.8025367590548972,0.6499189627228525,3.860796360314827,-1,15.0,donch20 short,-7.688650927487355
100,30,2.0,1200,-3.3449999999999998,50.64577445742135,1.4620175758154643,-2.287934191307017,-0.8832878330428818,0.8501471089479798,0.6975,4.0959668290259605,-1,15.0,donch20 short,-7.568974358974341
100,30,4.0,1188,-4.151111111111111,52.97800471357543,1.537047812958187,-2.7007039573622134,-1.0422825799491444,0.8257942815964052,0.7138047138047138,4.306170432316524,-1,15.0,donch20 short,-7.529897260273959
100,40,1.0,1193,-3.6051718357082985,54.14781762777223,1.5676919767576616,-2.299668486640215,-0.8749778907939162,0.8551313207864931,0.6018440905280805,4.392022668638564,-1,15.0,donch20 short,-7.343654188948305
100,40,2.0,1153,-2.9422116218560284,57.08583888099433,1.6811781378734154,-1.7500891521095683,-0.6683970293596841,0.8873241916010539,0.6400693842150911,4.709963820080847,-1,15.0,donch20 short,-7.678929219600705
100,40,4.0,1141,-3.9017440841367232,59.850508232092004,1.771842115841699,-2.202083384999138,-0.842632493573025,0.861734516880328,0.6520595968448729,4.96396668057211,-1,15.0,donch20 short,-6.802408759124068
100,50,1.0,1166,-4.0627272727272725,58.47331494178281,1.7124127002027112,-2.372516433828327,-0.9228052951291763,0.851629010197111,0.5514579759862779,4.79747010819683,-1,30.0,donch20 short,-4.1890791896869075
100,50,2.0,1120,-3.6435714285714287,62.68633339684338,1.8731124772545318,-1.9451962830934229,-0.7564280428867043,0.8772386025753178,0.5821428571428572,5.24768422813926,-1,30.0,donch20 short,-5.035676691729306
100,50,4.0,1104,-3.8941666666666683,66.14473553377839,1.9907226035916257,-1.9561573569521356,-0.7601021637796204,0.8784591832840243,0.6059782608695652,5.577179019585661,-1,30.0,donch20 short,-4.101720226843077
100,75,1.0,1113,-0.9360017969451977,67.48646630051252,2.0228752751746804,-0.4627086051384812,-0.17885620619169387,0.9686786131123072,0.5022461814914645,5.6672574690155875,-1,45.0,donch20 short,-3.952042389210022
100,75,2.0,1065,-0.9895305164319317,74.00002444729617,2.2675509773608136,-0.43638732990410617,-0.17008936253496584,0.971046637209158,0.5201877934272301,6.352737299491669,-1,45.0,donch20 short,-3.5489178356713453
100,75,4.0,1043,-0.747334611697036,78.74040081879097,2.4381221891660383,-0.3065205735044241,-0.11902890178467262,0.9800419864147142,0.538830297219559,6.830607085120803,-1,45.0,donch20 short,-3.325091277890435
100,100,1.0,1079,0.20026876737719745,73.43671721848351,2.2356434025533805,0.08957992457494153,0.03380502726112371,1.0064321554790303,0.4782205746061168,6.263345509565331,1055377,60.0,donch20 short,-3.2237325349301806
100,100,2.0,1018,0.1589194499017628,82.61799073524008,2.589409516384849,0.06137285311426326,0.02349516495569551,1.0042875755188925,0.4774066797642436,7.254451424744843,2121303,75.0,donch20 short,-2.9469620253164965
100,100,4.0,993,-0.6686505538771469,88.9233973267372,2.8218987187318105,-0.23695058558928192,-0.09100152780814907,0.9840409128721863,0.4773413897280967,7.905789737410966,-1,75.0,donch20 short,-4.050944206008557
100,150,1.0,1055,-0.751611374407583,81.13157371558863,2.4978345604810666,-0.30090518655600135,-0.11417738963571929,0.9773026392998811,0.4483412322274882,6.997896381935459,-1,60.0,donch20 short,-4.309294605809181
100,150,2.0,982,-0.24723014256619222,94.36013496173005,3.0111529059160094,-0.08210481177507106,-0.031597236774455896,0.9938934193154382,0.43075356415478616,8.4360014706922,-1,120.0,donch20 short,-6.072405345211653
100,150,4.0,948,1.2384810126582293,104.38016492105595,3.3901101554341384,0.3653217612038418,0.13993171273669386,1.0268546762379303,0.42616033755274263,9.49768249923894,55752,120.0,donch20 short,-7.241945080091535
100,0,1.0,1034,-2.3025725338491325,90.29747995011162,2.8081180474500553,-0.8199699923370425,-0.30809654515611556,0.9328133800948849,0.43133462282398455,7.867182012452326,-1,60.0,donch20 short,-1.893239740820839
100,0,2.0,934,-3.181862955032123,113.05869288387966,3.699393438997865,-0.8601039623117414,-0.3371378583285828,0.9265227892689538,0.39079229122055675,10.364165974680517,-1,120.0,donch20 short,-3.9794484412471274
100,0,4.0,878,0.2020273348519353,141.3533037916219,4.770442940233236,0.042349806377111346,0.016526960469392653,1.0039342973670506,0.357630979498861,13.3648024252088,3842371,240.0,donch20 short,-7.296582278481083
150,20,1.0,1273,-4.2632914375490945,47.27523029345739,1.3250109010503068,-3.2175519719646664,-1.2394707529895714,0.755473844135341,0.7517674783974863,3.7121309542210845,-1,0.0,donch20 short,-4.500561056105606
150,20,2.0,1246,-4.615040128410912,50.57114245094299,1.4326620063339823,-3.221304193178313,-1.2463474088458983,0.7513669684388761,0.7929373996789727,4.013724699497352,-1,0.0,donch20 short,-4.082785234899326
150,20,4.0,1237,-4.945618431689568,53.03997464705077,1.5080594346160596,-3.279458566531023,-1.2707209911107478,0.7446170171554142,0.8156831042845594,4.224957020056153,-1,0.0,donch20 short,-4.5948657718120725
150,30,1.0,1228,-2.8071009771986946,53.83842409875337,1.5363605810637693,-1.8271107784183516,-0.6997760615479708,0.8676182053002335,0.6848534201954397,4.3042450935997065,-1,15.0,donch20 short,-5.74025553662692
150,30,2.0,1192,-2.1633221476510043,57.4565573242098,1.6641844999753563,-1.2999292732765142,-0.4994966109867285,0.9026610905953056,0.7374161073825504,4.66235469534368,-1,15.0,donch20 short,-5.510797227036382
150,30,4.0,1180,-3.3874576271186414,61.63101088968837,1.7941480918990935,-1.8880590974700648,-0.7280191332239982,0.8608801941523877,0.7601694915254237,5.026458773370088,-1,15.0,donch20 short,-6.406493055555536
150,40,1.0,1186,-2.8515514333895426,60.86648601337471,1.767404209228781,-1.6134121546727769,-0.6150227312054692,0.8873218132114352,0.633220910623946,4.951533507005992,-1,30.0,donch20 short,-7.636402877697878
150,40,2.0,1143,-2.6390813648293943,65.86168516784524,1.9480931684934062,-1.3546997687335336,-0.5177683459387651,0.9032225464032693,0.6797900262467191,5.457749024357983,-1,30.0,donch20 short,-8.917941176470583
150,40,4.0,1131,-4.217497789566752,70.69026328178758,2.101978631426769,-2.0064418003640805,-0.7694018193609228,0.8608870003441376,0.6993810786914235,5.888872262594563,-1,30.0,donch20 short,-9.224935304990735
150,50,1.0,1159,-3.7783520276100067,66.10286374112339,1.9416840210495745,-1.9459149823809252,-0.7571424184006947,0.8672230081980681,0.5806729939603106,5.439793251618638,-1,45.0,donch20 short,-4.976802973977707
150,50,2.0,1109,-3.9166907123534696,72.71816080946805,2.183620249817209,-1.7936684332732928,-0.6988679426866052,0.8766958679187434,0.6212804328223624,6.11759821386004,-1,45.0,donch20 short,-5.300325047801135
150,50,4.0,1093,-4.717264409881059,78.15574211279682,2.3640181699341043,-1.9954433810517413,-0.7783087076878015,0.8657391084254147,0.6541628545288197,6.622998360237858,-1,45.0,donch20 short,-4.862936660268682
150,75,1.0,1105,-0.680950226244346,75.21860116690334,2.262789285324396,-0.30093399799121123,-0.11532070616967048,0.9783027499523492,0.530316742081448,6.3393970134692355,-1,60.0,donch20 short,-4.430466926070064
150,75,2.0,1054,-2.05565464895636,85.63352600233111,2.6376885933260494,-0.7793394012309234,-0.30019513592365393,0.945794783924418,0.5569259962049335,7.389709373047449,-1,75.0,donch20 short,-2.639897750511248
150,75,4.0,1032,-2.7861240310077533,92.59593805572213,2.8823856506660976,-0.9666034905370491,-0.37239201894447116,0.9346410220739533,0.5852713178294574,8.07524903180707,-1,75.0,donch20 short,-2.470165289256196
150,100,1.0,1070,-0.12364485981308514,81.15060309325793,2.4808463249914974,-0.04983978998115045,-0.01882187135513347,0.9962625915071842,0.5009345794392523,6.95030239250606,-1,60.0,donch20 short,-3.4336363636364227
150,100,2.0,1004,-1.8039442231075713,94.62641454578896,2.986383162325727,-0.6040565208995823,-0.23164591434394988,0.9568018958738606,0.5059760956175299,8.366606923193219,-1,105.0,donch20 short,-2.137619047619093
150,100,4.0,979,-4.336986721144025,104.03243869696637,3.3248911601742956,-1.3043996065473233,-0.5023315454771936,0.911503829009935,0.515832482124617,9.314965926178784,-1,105.0,donch20 short,-3.9430837004405292
150,150,1.0,1043,-1.3743720038350888,89.35666083815772,2.766844660096073,-0.49672900819353066,-0.1924726458011162,0.9613710115105207,0.46883988494726747,7.751551100539959,-1,60.0,donch20 short,-4.339473684210616
150,150,2.0,963,-2.216272066458977,106.69802027926413,3.4382956504299607,-0.6445844952809195,-0.25289815228490403,0.9515424203338066,0.45898234683281414,9.632678269746691,-1,120.0,donch20 short,-6.056666666666762
150,150,4.0,929,-1.2480193756727578,120.46562574331348,3.9523489746428866,-0.31576649321193156,-0.12261332998460779,0.9768751482189689,0.46932185145317545,11.072842464183458,-1,165.0,donch20 short,-8.309148936170233
150,0,1.0,1023,-3.1658553274682304,99.0600799808812,3.0971401442518616,-1.0221866560813855,-0.3900472125698512,0.9143684272591562,0.4506353861192571,8.676902046560281,-1,60.0,donch20 short,-3.4455798687091095
150,0,2.0,914,-6.344704595185993,125.64751572931628,4.156050427030781,-1.5266187710140127,-0.5991268275432703,0.8727921472831894,0.4179431072210066,11.643529442101526,-1,120.0,donch20 short,-7.199158415841728
150,0,4.0,857,-6.333173862310379,154.9861970134153,5.294227638020039,-1.1962413207980023,-0.4654234845643033,0.897615197121961,0.3920653442240373,14.832229892002076,-1,240.0,donch20 short,-14.73368421052646
20,20,1.0,1956,-5.289999999999997,19.316796290426403,0.43676786179274424,-12.111696996859665,-4.645397522463283,0.5755875168938668,0.41973415132924335,1.2236423853453602,-1,0.0,donch10 long,-6.534481236203087
20,20,2.0,1940,-5.403917525773193,19.679770313207687,0.44680616866952444,-12.094545475647058,-4.646342032350444,0.5783544901490297,0.4195876288659794,1.2517655575062294,-1,0.0,donch10 long,-6.555193370165743
20,20,4.0,1935,-5.396459948320412,19.748889844188547,0.448954369485417,-12.020063318474286,-4.610450039950478,0.580556026417923,0.4222222222222222,1.2577839251575722,-1,0.0,donch10 long,-6.555193370165743
20,30,1.0,1906,-4.2711122770199355,23.09925314994026,0.5290984512200295,-8.072433905582841,-3.1857778166447557,0.6852768171775301,0.36253934942287513,1.4823143998645,-1,0.0,donch10 long,-5.838532731376973
20,30,2.0,1875,-4.310799999999998,23.723462270780104,0.5478698931257929,-7.868291457676836,-3.0832951056599134,0.6935416541072872,0.3605333333333333,1.5349041940303532,-1,0.0,donch10 long,-5.817809307604992
20,30,4.0,1867,-4.424440278521691,23.886199196451653,0.5528087273623438,-8.00356445100341,-3.1324014627975085,0.6898903898430503,0.3588644884841993,1.5487407590221842,-1,0.0,donch10 long,-5.83143019296254
20,40,1.0,1863,-3.0667042404723546,26.446926251342532,0.6127294812121508,-5.004988880909653,-1.9944653043217966,0.7822011096430068,0.3376274825550188,1.7166138572659893,-1,0.0,donch10 long,-4.502802768166087
20,40,2.0,1825,-3.0138356164383535,27.47322074469971,0.6430994546264374,-4.686422286252794,-1.854340510454941,0.795759415527149,0.3287671232876712,1.8016979258579384,-1,0.0,donch10 long,-4.368463329452851
20,40,4.0,1810,-3.137513812154694,27.81038133525405,0.6536837012058935,-4.799743065899785,-1.8996400633599722,0.7917242011644434,0.32320441988950277,1.8313505946198054,-1,0.0,donch10 long,-4.434522144522142
20,50,1.0,1827,-2.4558456486042672,29.29321447776884,0.6853268667635305,-3.5834661789957925,-1.4290230793679872,0.8316383332801751,0.31308155446086483,1.9200016195003828,-1,0.0,donch10 long,-3.63312573443008
20,50,2.0,1781,-2.3905053340819746,30.622869194803123,0.7256278110889414,-3.2943959665693776,-1.3117978175965925,0.8446490739311597,0.29983155530600786,2.0329081493984478,-1,0.0,donch10 long,-3.6519500594530316
20,50,4.0,1765,-2.441274787535409,31.2435626896453,0.7436835849525857,-3.2826794041595724,-1.2988889961714256,0.8453174315984162,0.2906515580736544,2.083492938556424,-1,0.0,donch10 long,-3.889999999999998
20,75,1.0,1775,-1.6173239436619709,34.365769333891265,0.815693294303659,-1.9827598865363334,-0.7903249328868961,0.8933797981876332,0.28507042253521125,2.2852342758350024,-1,15.0,donch10 long,-1.7442475728155185
20,75,2.0,1712,-1.1305373831775694,37.320162715656664,0.90196907685867,-1.2534103576088715,-0.5009202625817465,0.9306904846058235,0.2564252336448598,2.5269432329222496,-1,15.0,donch10 long,-1.8059851301115253
20,75,4.0,1687,-1.1358802608180194,38.69513050850037,0.9421038410622923,-1.2056847783756297,-0.48085730919577835,0.9329988104870153,0.23770005927682275,2.639384195047567,-1,15.0,donch10 long,-1.7459006211180121
20,100,1.0,1752,-1.2175114155251126,38.046950120204464,0.9089767986378665,-1.3394306844240644,-0.533293181659857,0.9212808051568181,0.2711187214611872,2.5465759626714948,-1,15.0,donch10 long,-1.5429192546583637
20,100,2.0,1673,-0.1519246861924676,42.51077195744355,1.0393241552048191,-0.1461764218907506,-0.058056150811099064,0.9909131015507467,0.2372982665869695,2.9117551900495697,-1,15.0,donch10 long,-1.2528681177976937
20,100,4.0,1640,-0.21378048780487724,44.69150901197594,1.1035781542515124,-0.1937157662837854,-0.07667584718268573,0.9878266213666062,0.21036585365853658,3.0917682439834304,-1,15.0,donch10 long,-1.582682926829267
20,150,1.0,1731,-0.7515829000577676,42.7416502697544,1.027312925724709,-0.7316007432959827,-0.2907821353065877,0.9519882586217904,0.2622761409589833,2.87810470708673,-1,15.0,donch10 long,-2.3856907477819718
20,150,2.0,1639,0.43422208663819656,48.52782234077129,1.1986746649920799,0.3622518263878261,0.1427383482659482,1.0254641084127198,0.22208663819402075,3.3581892227683254,98031,15.0,donch10 long,-1.003219895287947
20,150,4.0,1593,0.22224105461393845,52.61297972210222,1.318211240983717,0.1685928990015976,0.06680474314169974,1.0122168324713836,0.18204645323289392,3.6930811270903336,439890,15.0,donch10 long,-0.6801185770750838
20,0,1.0,1708,-1.3620140515222459,44.12589263530126,1.0677008065063753,-1.2756514214678671,-0.4998370857372621,0.9135091565068159,0.2576112412177986,2.991254796875556,-1,15.0,donch10 long,-2.1568387096774018
20,0,2.0,1606,-0.5832752179327507,54.27633729020497,1.3543713622284204,-0.4306612161180494,-0.16980815936745222,0.9664569014475877,0.20672478206724781,3.794386788254667,-1,15.0,donch10 long,-1.4721862348177814
20,0,4.0,1546,0.03212160413971773,65.67548730915695,1.6703156841348985,0.019230858241239813,0.007673021804344217,1.0017176258992806,0.1591203104786546,4.679531730254581,32811027,15.0,donch10 long,-3.450110041265423
30,20,1.0,1913,-4.904218504966019,23.940425681862877,0.547361671750417,-8.959740438680585,-3.484998109618644,0.6476880983102735,0.527443805541035,1.5334803685375709,-1,0.0,donch10 long,-7.118089887640446
30,20,2.0,1886,-5.244400848356307,24.65485977643625,0.5677167300473722,-9.23770706549144,-3.608743969306162,0.6418595607348823,0.5328738069989396,1.5905067989761486,-1,0.0,donch10 long,-7.195191873589161
30,20,4.0,1876,-5.255884861407246,24.867626254562428,0.5741401448569463,-9.154358754545566,-3.582577245864721,0.6446776093026342,0.5394456289978679,1.6085025429564592,-1,0.0,donch10 long,-7.177133182844241
30,30,1.0,1856,-4.170926724137929,28.268034434408843,0.6561552767372621,-6.356615380551229,-2.5448860086138603,0.7370277618872266,0.4547413793103448,1.8382749240939378,-1,0.0,donch10 long,-6.325191637630654
30,30,2.0,1811,-4.59590833793484,29.353687418657582,0.6897686313618092,-6.662970928180866,-2.6622941942473415,0.7288806672191209,0.45665378244064053,1.9324456015412579,-1,0.0,donch10 long,-6.402441314553992
30,30,4.0,1797,-4.589387868670003,29.742519125753272,0.7016228282921996,-6.5411039715467965,-2.612896022800797,0.7338470420761602,0.46188091263216474,1.9656561444340397,-1,0.0,donch10 long,-6.444929577464786
30,40,1.0,1802,-2.541387347391785,32.03025639234698,0.7545413100326409,-3.368122213589401,-1.3459419884658657,0.8469237714088212,0.427857935627081,2.113911780643041,-1,15.0,donch10 long,-4.727217598097497
30,40,2.0,1751,-2.8291205025699573,33.571527649360206,0.8022838149013296,-3.526333761223766,-1.4052058096094489,0.8423359081346533,0.42318675042832665,2.247666476558846,-1,15.0,donch10 long,-4.679867310012066
30,40,4.0,1729,-2.8539097744360875,34.22966066095422,0.8231994983546982,-3.4668507210464816,-1.3820662081718769,0.8453397666310187,0.42394447657605555,2.3062635461485335,-1,15.0,donch10 long,-4.777922705314007
30,50,1.0,1757,-1.9507854297097305,35.22368990270962,0.8403282587469214,-2.3214564182557633,-0.9329213919094305,0.8882176389228154,0.398406374501992,2.3542512280679846,-1,15.0,donch10 long,-4.177393939393927
30,50,2.0,1697,-2.1297171479080705,37.23246075512887,0.9038176523953843,-2.3563571061747797,-0.9471784984957375,0.8879503874315486,0.3889216263995286,2.5321221748204734,-1,15.0,donch10 long,-4.372758620689658
30,50,4.0,1675,-2.084626865671639,38.21367760759708,0.9337087520262237,-2.232630743952897,-0.8954678948292175,0.8940490249506312,0.3838805970149254,2.6158646376993753,-1,15.0,donch10 long,-4.742527743526508
30,75,1.0,1702,-1.3528672150411272,40.84530309539552,0.9900618934452361,-1.3664471120420505,-0.5543163030168533,0.9271574947351171,0.3589894242068155,2.77374276569311,-1,30.0,donch10 long,-1.968058007566182
30,75,2.0,1622,-1.476189889025894,44.472282855889674,1.104241330691936,-1.3368362947444548,-0.5415117712822067,0.9290943162448339,0.32922318125770655,3.093626189295922,-1,15.0,donch10 long,-2.3192207792207986
30,75,4.0,1590,-1.2019496855345915,46.38680283229134,1.1633111160955034,-1.0332143043288138,-0.4171713447210847,0.9448750624485844,0.31572327044025156,3.2591152269196617,-1,15.0,donch10 long,-2.495989583333339
30,100,1.0,1674,-0.3790083632019108,45.60047488869001,1.1145296810050094,-0.3400612560269782,-0.13948767415662586,0.9801049970492702,0.34408602150537637,3.1224498794517963,-1,30.0,donch10 long,-1.5357737321196065
30,100,2.0,1576,0.07611675126903607,50.58139284351678,1.2741268788049547,0.05974032298920533,0.024224224948568927,1.0035515491249762,0.309010152284264,3.5695750296603745,3466001,30.0,donch10 long,-1.252585034013625
30,100,4.0,1532,0.2994255874673626,53.46970151595605,1.3660870584662712,0.2191848503444083,0.08842764871038357,1.0131505240772816,0.2859007832898172,3.8272093096545317,250291,30.0,donch10 long,-1.5375409836065637
30,150,1.0,1641,0.3017123705057911,51.12277454926306,1.2620022389826835,0.23907435437595212,0.09684440069137296,1.0156012586630772,0.3333333333333333,3.535606817959356,225346,45.0,donch10 long,-1.0529679144384667
30,150,2.0,1532,1.3144386422976517,58.38038450078355,1.4915491479039968,0.881257345186895,0.35188304499067696,1.0597898927373384,0.29112271540469975,4.1787020448568315,15483,37.5,donch10 long,0.3324719101123379
30,150,4.0,1474,1.7011804613297175,63.70001873250418,1.659169739428223,1.0253203279346041,0.408395205058173,1.0715111934977897,0.2537313432835821,4.648305416322455,11004,45.0,donch10 long,0.3408345120226349
30,0,1.0,1614,-0.1933457249070619,54.03786715011377,1.3450747933059168,-0.14374347498688747,-0.056590183090871035,0.9900694874931423,0.32837670384138784,3.7683416581822127,-1,45.0,donch10 long,-1.6872752043596395
30,0,2.0,1494,-0.4506425702811241,65.44066426700901,1.6930601991136893,-0.2661704353554787,-0.10606221557703652,0.9801054271115932,0.2697456492637216,4.743252427212311,-1,45.0,donch10 long,-0.5394875549048217
30,0,4.0,1421,0.5678465869106272,79.52892681730125,2.109735851456681,0.26915530042235086,0.10786818358353742,1.02288538955164,0.22167487684729065,5.910604775564014,153955,45.0,donch10 long,-4.689103139013409
40,20,1.0,1901,-5.2005733824302975,27.564821187377806,0.6322140179466312,-8.225969742526821,-3.1511627681226737,0.6559989811800149,0.5807469752761705,1.771201447363089,-1,0.0,donch10 long,-8.161396140749133
40,20,2.0,1867,-5.7656293519014445,28.7405666627912,0.6651554711513252,-8.66809280230628,-3.333399809795326,0.6445098550124454,0.5945366898768077,1.8634897357245197,-1,0.0,donch10 long,-8.464657534246571
40,20,4.0,1853,-5.849093362115486,29.12825199706199,0.676669674237413,-8.643941918495525,-3.324797634016407,0.6453430366015875,0.6033459255261737,1.8957477568888539,-1,0.0,donch10 long,-8.454383561643832
40,30,1.0,1838,-4.597943416757342,32.24539907617813,0.7521336214653771,-6.113200215407468,-2.386843509574114,0.7379334468507897,0.5054406964091404,2.107166435943175,-1,15.0,donch10 long,-7.726449704141996
40,30,2.0,1785,-5.429495798319325,33.95815039788224,0.8037572756949696,-6.755143576927133,-2.6432478193488564,0.7185476861385536,0.5142857142857142,2.2517945025377766,-1,15.0,donch10 long,-8.219186602870815
40,30,4.0,1766,-5.505175537938841,34.61266231889755,0.8236442213714961,-6.683924193351185,-2.6152961780341197,0.7219343503376522,0.5226500566251415,2.3075094755785486,-1,15.0,donch10 long,-8.294784688995215
40,40,1.0,1777,-2.997934721440628,36.1366542512338,0.8572435509307657,-3.4971796733677065,-1.3651921456872593,0.8384965557969384,0.4743950478334271,2.401640860610305,-1,15.0,donch10 long,-6.060316301703147
40,40,2.0,1719,-3.870570098894704,38.372406163007625,0.9255099547839576,-4.1820945078848055,-1.6373723270701774,0.8134525373613055,0.4752763234438627,2.5928950085391373,-1,15.0,donch10 long,-6.580605686032135
40,40,4.0,1692,-4.055957446808508,39.33671923632311,0.9563083694935559,-4.241265240579742,-1.6620082094465212,0.8121104216911832,0.4781323877068558,2.679179391930861,-1,15.0,donch10 long,-6.5527013630731075
40,50,1.0,1733,-2.663918061165607,39.45454967732359,0.947758764888311,-2.8107553945750503,-1.1167750400006478,0.8650808216896131,0.4402769763416042,2.655226946048096,-1,30.0,donch10 long,-5.402546583850911
40,50,2.0,1667,-3.397378524295139,42.279580091381845,1.0355304297643548,-3.2808099372494985,-1.3021987933984636,0.8473593254673067,0.4373125374925015,2.9011267449339857,-1,15.0,donch10 long,-5.914334600760451
40,50,4.0,1639,-3.385790115924342,43.625431142159684,1.0775818187812831,-3.142026022444943,-1.2474208028827496,0.8544616588608199,0.43502135448444174,3.01893729480493,-1,15.0,donch10 long,-6.264492385786801
40,75,1.0,1677,-1.988270721526536,45.407721506649864,1.108825433346987,-1.793132319778187,-0.7188201637024919,0.9060896284936536,0.4007155635062612,3.106468943532625,-1,30.0,donch10 long,-3.5994437257438245
40,75,2.0,1583,-2.5831143398610243,50.11119112479597,1.259488679840659,-2.0509230302790975,-0.8207609621080761,0.8949822456515585,0.37713202779532534,3.5285648678222072,-1,30.0,donch10 long,-4.0066219839142185
40,75,4.0,1544,-2.5684974093264263,52.47824748331711,1.3355362342443036,-1.923195599990425,-0.7680577034380054,0.9018374779764522,0.36139896373056996,3.7416185721130995,-1,30.0,donch10 long,-4.165000000000012
40,100,1.0,1649,-1.1972164948453605,50.05735062922143,1.2327003868719717,-0.9712145040234367,-0.39367329004797413,0.9450195794695869,0.38204972710733776,3.4535151822226533,-1,45.0,donch10 long,-3.251466666666626
40,100,2.0,1539,-1.0404873294346981,56.36592194566201,1.436803260939428,-0.7241682683503894,-0.2884980817580584,0.9591050620226228,0.3554256010396361,4.025326777184412,-1,45.0,donch10 long,-3.8998730606488143
40,100,4.0,1487,-1.0539542703429727,59.957814622332,1.5548564901517439,-0.6778466546710775,-0.268937007646159,0.9617463464213064,0.3288500336247478,4.356062959096138,-1,45.0,donch10 long,-4.205014164305959
40,150,1.0,1613,-0.5696032238065704,55.5142376555127,1.3822519032049356,-0.4120835156644525,-0.1656194745501564,0.9742535802507191,0.3707377557346559,3.872496499727465,-1,60.0,donch10 long,-2.7310150891631944
40,150,2.0,1490,0.056979865771813513,64.3133886682565,1.666127600919707,0.03419898076255412,0.013742141505532686,1.0021710562150126,0.33489932885906043,4.667798458226674,9999254,60.0,donch10 long,-1.5035371179039325
40,150,4.0,1422,0.5271589310829844,70.89576881674164,1.880054843313246,0.28039550705550964,0.11181641068152896,1.0182110722600246,0.29465541490857944,5.267133858268083,141959,60.0,donch10 long,-1.9023167155425282
40,0,1.0,1582,-0.387977243994942,61.95909677622185,1.5577646293757847,-0.24906024740747207,-0.09719440964637302,0.9825928186372382,0.36536030341340076,4.364210358958426,-1,60.0,donch10 long,-3.4193706293705777
40,0,2.0,1447,-0.8014029025570144,73.65378038527928,1.9362470851458942,-0.4138949562300462,-0.16487720122442917,0.9702926340652386,0.3158258465791292,5.424561212359059,-1,75.0,donch10 long,-1.1207810107196976
40,0,4.0,1358,0.13047128129602353,89.99654832854759,2.4421704281010896,0.05342431461569679,0.021293965780920056,1.0043132272545912,0.26288659793814434,6.841948571480632,3734474,75.0,donch10 long,-5.718683385579891
50,20,1.0,1893,-5.193328050713151,30.63483788599,0.7041096224549442,-7.375737932122169,-2.811068984523169,0.6718704940882438,0.6217643951399895,1.9726231102008747,-1,0.0,donch10 long,-7.103218390804578
50,20,2.0,1856,-5.674159482758618,32.11994950106292,0.7455656106037134,-7.610543461311247,-2.91715753059568,0.6661908941385524,0.6438577586206896,2.088765593800733,-1,0.0,donch10 long,-7.594988399071925
50,20,4.0,1841,-5.683264530146658,32.59410519924155,0.7596475975263841,-7.481448698913665,-2.8647537443432496,0.6703890445655206,0.6550787615426399,2.128217480204947,-1,0.0,donch10 long,-7.580023201856146
50,30,1.0,1826,-4.971270536692222,35.70052376310738,0.835457190312987,-5.950359389246308,-2.3171035404960345,0.7361434117821803,0.5405257393209201,2.3406045147470573,-1,15.0,donch10 long,-6.540240963855398
50,30,2.0,1771,-5.738334274421229,37.91732027190637,0.9010073967332324,-6.36879818659271,-2.4920227896893783,0.724325767154245,0.5590062111801242,2.524249004098271,-1,15.0,donch10 long,-7.27139534883721
50,30,4.0,1750,-5.727142857142854,38.74644221454272,0.9262171248948666,-6.183369647579052,-2.418369977407451,0.7317907387054395,0.572,2.5948762058685513,-1,15.0,donch10 long,-7.394039167686657
50,40,1.0,1761,-3.2281033503691066,39.662584364185484,0.9451512888419611,-3.415435590554306,-1.323244052481563,0.8383298347916672,0.5099375354911981,2.6479218797000588,-1,30.0,donch10 long,-4.935285359801466
50,40,2.0,1700,-3.9176470588235275,42.539897836489054,1.0317440710754622,-3.7971112882091758,-1.4773903419173342,0.825403341874413,0.5211764705882352,2.8905189384007106,-1,15.0,donch10 long,-5.615888324873089
50,40,4.0,1671,-3.884853381208855,43.758063179909286,1.0704585764465857,-3.6291487281130705,-1.4122195319217705,0.8334595976763939,0.5314183123877917,2.9989809243750054,-1,15.0,donch10 long,-5.661501272264629
50,50,1.0,1713,-2.654273204903677,43.1829858266728,1.0433595276110514,-2.5439679560707953,-0.9952456561454275,0.8750023367800381,0.47694103911266783,2.923060629732451,-1,30.0,donch10 long,-4.056159695817461
50,50,2.0,1643,-3.3064333536214225,46.679828929932924,1.1516233822052044,-2.8711064786562823,-1.1284915151122723,0.8630626592937296,0.48326232501521604,3.226371044419362,-1,30.0,donch10 long,-4.417023498694509
50,50,4.0,1611,-3.1050217256362496,48.41716289092494,1.2062895545388024,-2.57402686938078,-1.01059211334348,0.8774971377492606,0.48789571694599626,3.379522984759986,-1,30.0,donch10 long,-4.919934640522876
50,75,1.0,1655,-2.126253776435046,49.38098455166998,1.2138380455319513,-1.7516783101844848,-0.6914163661475579,0.9075677091254477,0.4362537764350453,3.400670725545451,-1,45.0,donch10 long,-2.1687798408487664
50,75,2.0,1551,-2.512437137330756,55.01431050886857,1.3969143394188106,-1.7985620638528639,-0.7139305400026308,0.9070016474267997,0.4203739522888459,3.9135745642857818,-1,45.0,donch10 long,-2.5509790209790304
50,75,4.0,1507,-2.0484605175846067,58.03608622116174,1.4950010272837193,-1.3702067625374632,-0.5415831305672911,0.9291098167138,0.41274054412740546,4.188372779101771,-1,45.0,donch10 long,-3.4050070126227334
50,100,1.0,1624,-1.5326108374384237,54.177581693744955,1.344394116601495,-1.1400011488541197,-0.4589925499130288,0.9358263896749217,0.4144088669950739,3.766434684388791,-1,60.0,donch10 long,-2.1334246575341833
50,100,2.0,1505,-0.9179069767441881,61.512472938956115,1.5856047458337477,-0.5789002455725695,-0.22875906827733908,0.9673165811835588,0.39601328903654487,4.442206817697597,-1,60.0,donch10 long,-2.4534218289085716
50,100,4.0,1448,-0.36596685082873104,65.91427933993393,1.7321888041174083,-0.21127422712745214,-0.08332551008620497,0.9880425901493529,0.3777624309392265,4.852874548596111,-1,45.0,donch10 long,-3.249111111111126
50,150,1.0,1586,-1.0138335435056738,59.5823160895442,1.4961177989110297,-0.6776428595686829,-0.2705350596446221,0.958349598232175,0.40290037831021436,4.191501509984851,-1,60.0,donch10 long,-1.51464788732388
50,150,2.0,1453,0.019704060564351106,69.76972470675344,1.830350247163807,0.010765185840733625,0.004315580526739603,1.0006744421070486,0.3737095664143152,5.127882196423539,98407959,75.0,donch10 long,-0.35803652968035843
50,150,4.0,1378,1.418272859216258,77.75452839110231,2.0945999208072688,0.6771091916539598,0.27051236547367363,1.0436207562288105,0.33962264150943394,5.868200175994239,23590,75.0,donch10 long,-1.1602453987730061
50,0,1.0,1557,-0.7479319203596657,66.19845569450442,1.6776584624776023,-0.4458189417499815,-0.172286258736524,0.9695119764186646,0.3969171483622351,4.70010314951938,-1,60.0,donch10 long,-2.2287608069163523
50,0,2.0,1406,-0.8717923186344245,79.45386581406561,2.1189581152461527,-0.4114249887063724,-0.16228948775333957,0.9710277086802003,0.3541963015647226,5.936441733474137,-1,105.0,donch10 long,-1.4606924315619145
50,0,4.0,1309,0.171420932009167,96.17242615116892,2.6581577380927106,0.06448862291075527,0.025728742409044478,1.0050042160838304,0.3040488922841864,7.447055426453141,2470478,105.0,donch10 long,-6.4047595356549945
75,20,1.0,1873,-4.464586225306993,35.87332227757757,0.8289010894795507,-5.386150750640479,-2.1088977544657848,0.7234900389658832,0.6817939135077415,2.322237039563644,-1,15.0,donch10 long,-6.6937122969837315
75,20,2.0,1832,-5.061288209606987,38.46222919555405,0.8986109716250754,-5.63234633164338,-2.2087838192985574,0.7139150280476372,0.7177947598253275,2.517535214938943,-1,15.0,donch10 long,-6.684221698113211
75,20,4.0,1813,-5.046756756756756,39.483850680129414,0.9273007238184598,-5.442416496748873,-2.1413515998522294,0.720919883387331,0.7385548814120243,2.597912000595253,-1,15.0,donch10 long,-6.546198347107437
75,30,1.0,1800,-4.5233333333333325,41.73584844022,0.9837233816884519,-4.598176090487484,-1.8266236803690117,0.7726584828932628,0.5977777777777777,2.755984884850468,-1,15.0,donch10 long,-6.3898776009791645
75,30,2.0,1739,-5.377981598619897,45.367414145969924,1.0879131719710464,-4.943392301130284,-1.9576834131056138,0.7603281386503938,0.6325474410580794,3.0478814611844753,-1,15.0,donch10 long,-6.534862155388474
75,30,4.0,1713,-5.112533566841798,47.00894756129178,1.1357999541279316,-4.501262346649069,-1.7921584105398367,0.779639437575155,0.6619964973730298,3.1820403622182005,-1,15.0,donch10 long,-6.440062893081766
75,40,1.0,1731,-2.6164009243212014,45.897577501512814,1.10316691866532,-2.371718078245753,-0.9310611144004185,0.877023456015084,0.5655690352397458,3.0906161324439916,-1,30.0,donch10 long,-4.337793190416117
75,40,2.0,1662,-3.4061251504211802,50.40612060542691,1.2364249623078938,-2.7548175216904016,-1.0818232477035938,0.8612136505842114,0.5950661853188929,3.4639498977076792,-1,30.0,donch10 long,-4.45337662337662
75,40,4.0,1627,-2.8591456668715436,52.50419634791599,1.301668031603832,-2.1965244574292013,-0.8600732607876426,0.888584419547203,0.6226183159188691,3.6467339162315,-1,30.0,donch10 long,-4.023376963350791
75,50,1.0,1678,-1.9282598331346852,49.974933631612025,1.2199899351574972,-1.580553886197227,-0.6209522877748191,0.9159692716827859,0.5351609058402861,3.417905768583843,-1,45.0,donch10 long,-3.910413436692476
75,50,2.0,1599,-2.6596060037523466,55.130999770564586,1.3787059072007848,-1.9290597000140515,-0.7602710917409253,0.9006061498441681,0.5590994371482176,3.8625620897387485,-1,45.0,donch10 long,-3.2913404825737183
75,50,4.0,1560,-1.6111538461538477,57.82644235543338,1.4640778657935434,-1.1004563922429003,-0.43115492682440987,0.9427802201779973,0.5814102564102565,4.101738906973574,-1,45.0,donch10 long,-3.4605405405405496
75,75,1.0,1616,-1.4001485148514894,56.72319619632832,1.4110422440731119,-0.9922796576308186,-0.3939773469857989,0.944466465588397,0.4907178217821782,3.9531550931281814,-1,60.0,donch10 long,-3.3178154681139316
75,75,2.0,1499,-1.6916010673782576,64.34395348364004,1.6619077967664724,-1.0178669783423355,-0.40740027660469025,0.9443919099396793,0.4969979986657772,4.6559763172876405,-1,60.0,donch10 long,-2.8130880230880306
75,75,4.0,1444,-0.47559556786704316,68.93316467586519,1.8140306493648732,-0.26217614792426924,-0.10447428613122724,0.9856531118140595,0.502770083102493,5.082161452464498,-1,60.0,donch10 long,-3.997163742690083
75,100,1.0,1585,-1.869810725552054,61.65226159527838,1.5485826143433419,-1.207433628812193,-0.48698428247150205,0.9303914533909403,0.4605678233438486,4.338486161371042,-1,60.0,donch10 long,-3.1316078984484492
75,100,2.0,1450,-1.1782758620689713,71.05064776932062,1.8658814221924187,-0.6314848564623641,-0.2516588015688798,0.9636648772389647,0.463448275862069,5.227425811165883,-1,82.5,donch10 long,-0.7087403993855764
75,100,4.0,1381,0.16981173062997135,77.68453028789892,2.090439990212657,0.08123253067537073,0.032216756672247694,1.0046718396700967,0.4569152787834902,5.856545775931998,1642636,75.0,donch10 long,-1.4316666666666955
75,150,1.0,1542,-0.9242412451361884,67.43511656532723,1.7172911258001067,-0.5381971823243268,-0.2108427350234838,0.9662046737420004,0.45006485084306097,4.811137433238157,-1,60.0,donch10 long,-2.122314410480271
75,150,2.0,1394,-0.4980344332855106,79.48313681566474,2.1288428899889684,-0.23394607259537664,-0.09338488133225545,0.9853576900810194,0.4368723098995696,5.964134772277986,-1,120.0,donch10 long,-0.2051515151514758
75,150,4.0,1305,2.4287739463601508,90.52619604443115,2.505930463281174,0.9692104317930684,0.3853690751318881,1.0623305209821146,0.4168582375478927,7.02057774354752,10903,120.0,donch10 long,-0.18000000000001745
75,0,1.0,1512,-0.7959523809523827,75.795983203426,1.9492623536598472,-0.4083351732812868,-0.16062474392458143,0.9713400914846152,0.4417989417989418,5.461024596237521,-1,60.0,donch10 long,-3.6677279521673367
75,0,2.0,1342,-0.7907451564828654,92.82698016751792,2.5339495522011526,-0.31206033908448294,-0.12582705366530764,0.9774362773323445,0.4157973174366617,7.0990756088907245,-1,120.0,donch10 long,-0.6367687074828634
75,0,4.0,1227,0.12809290953544683,111.49708120722421,3.1830335565992898,0.04024239998031927,0.01618650563623658,1.003051708370306,0.3724531377343113,8.917539760926118,5946815,240.0,donch10 long,-5.424782608695556
100,20,1.0,1867,-4.160915907873593,39.77393170759038,0.9205054512287615,-4.5202512405757975,-1.7728826559155422,0.7452821774938703,0.7096946973754686,2.578874465354906,-1,15.0,donch10 long,-5.805232558139497
100,20,2.0,1822,-4.422272228320526,42.98722798196341,1.0070829754367527,-4.391169681329059,-1.7303095159977966,0.7502255985452576,0.7546652030735456,2.821428777396832,-1,15.0,donch10 long,-4.8397630331753545
100,20,4.0,1800,-4.315555555555554,44.311952071778414,1.0444427265855933,-4.131921689630235,-1.6266264002105904,0.7616465778425827,0.7811111111111111,2.926095303967803,-1,15.0,donch10 long,-4.436080760095011
100,30,1.0,1794,-4.33180602006689,46.16303865113444,1.0898912573747754,-3.97453047793128,-1.554744502874723,0.7882582198754877,0.6259754738015607,3.0534232360117275,-1,30.0,donch10 long,-6.688034398034362
100,30,2.0,1727,-4.609050376375217,50.564067429079984,1.216734529568566,-3.7880492945404534,-1.4795144472999338,0.7977251727758697,0.6734221192819919,3.4087854724069313,-1,30.0,donch10 long,-6.031087231352713
100,30,4.0,1694,-3.9417119244391983,52.59268818554586,1.277817014543807,-3.084723305117695,-1.2108426847677698,0.8316553731157771,0.7125147579693034,3.5799132593991736,-1,30.0,donch10 long,-6.033710292249053
100,40,1.0,1725,-2.7410144927536235,50.57025798134388,1.2175887295703023,-2.251182543157205,-0.8676202535708171,0.8766758920115607,0.5901449275362319,3.411178586505107,-1,45.0,donch10 long,-4.886060991105436
100,40,2.0,1650,-3.025151515151516,56.10789042215086,1.3812807775535143,-2.1901061422932266,-0.8448445828006897,0.8812989836396398,0.6321212121212121,3.8697758084575127,-1,45.0,donch10 long,-4.753672391017165
100,40,4.0,1609,-2.14394655065258,58.83006705293107,1.4666325566468619,-1.461815736283838,-0.5630089162783792,0.91962213004,0.6712243629583592,4.108896091105079,-1,45.0,donch10 long,-4.441066666666672
100,50,1.0,1671,-2.047031717534411,54.7890311746091,1.3403104263304657,-1.5272817977987563,-0.5842423946281147,0.9147893030693229,0.5589467384799521,3.7549938780901235,-1,45.0,donch10 long,-5.0763281249999554
100,50,2.0,1585,-2.699463722397477,61.43494166063855,1.5431239683208697,-1.7493498758462442,-0.6715668472443753,0.9046962805789257,0.5955835962145111,4.323193299363573,-1,45.0,donch10 long,-3.645525238744865
100,50,4.0,1540,-1.319220779220781,64.9361243854654,1.6547256707948377,-0.7972444028061166,-0.3062148563882107,0.9559598088816988,0.6292207792207792,4.635854979330883,-1,45.0,donch10 long,-3.501756569847867
100,75,1.0,1609,-1.6858980733374804,61.86701761630241,1.5423436817958434,-1.0930754884504652,-0.4234465114777282,0.936817084433409,0.512119328775637,4.321007260169166,-1,60.0,donch10 long,-4.108681318681265
100,75,2.0,1485,-1.6751851851851904,71.01279104473828,1.8427794283430536,-0.909053552161391,-0.3521065315881475,0.9482959583283279,0.5326599326599326,5.162703606688565,-1,90.0,donch10 long,-1.8056573116691121
100,75,4.0,1422,0.2409423347397971,76.71355706205253,2.0343343038582136,0.11843792550852546,0.04591087384790477,1.0067908154528216,0.5527426160337553,5.699360914389307,795656,75.0,donch10 long,-1.9208157099698162
100,100,1.0,1577,-2.2754153455929007,67.2239073631029,1.692808789765794,-1.3441656017793435,-0.5294388103122912,0.9206418923177668,0.4819277108433735,4.742548082499552,-1,60.0,donch10 long,-3.4925677603422796
100,100,2.0,1435,-1.0084668989547092,78.1687561343009,2.063513197121004,-0.48871356885999745,-0.19045001163982217,0.9709630480382325,0.49965156794425086,5.781108070435236,-1,105.0,donch10 long,0.24584905660378378
100,100,4.0,1357,0.5559837877671275,86.29594586834553,2.3426125709477827,0.23733492881504756,0.0922785254722882,1.0140353768811319,0.5047899778924098,6.563028750532926,189088,105.0,donch10 long,1.221889250814293
100,150,1.0,1533,-1.8562100456621011,72.85210943864847,1.8606772766990018,-0.9975991371030091,-0.3937141729367503,0.9370147426809521,0.4683626875407697,5.212845954078617,-1,60.0,donch10 long,-2.0603101920235387
100,150,2.0,1376,-1.4622383720930239,86.67336459691457,2.3365573168395044,-0.6258089033616732,-0.2514358294404313,0.9605649140157779,0.467296511627907,6.546064440131255,-1,120.0,donch10 long,0.9121276595745255
100,150,4.0,1275,1.5484313725490184,99.61990052958755,2.789915253688657,0.5550101819407511,0.22137346985026043,1.035599673043803,0.45647058823529413,7.816185334522033,32487,150.0,donch10 long,3.1111925042589177
100,0,1.0,1504,-1.3292287234042568,81.4475519352039,2.1001683880433952,-0.632915308587528,-0.24590421174116178,0.9552265915292084,0.4621010638297872,5.883800711490516,-1,60.0,donch10 long,-3.621762917933037
100,0,2.0,1326,-1.5675263951734568,99.78563389732889,2.7402883131954767,-0.572029734106901,-0.2279684247498842,0.9589496040791675,0.4464555052790347,7.677151231616167,-1,120.0,donch10 long,0.5311267605635466
100,0,4.0,1195,-0.13016736401673978,124.2265062331435,3.593604832354839,-0.03622194706685179,-0.014386281663508277,0.9972398474117382,0.4125523012552301,10.067790178064648,-1,240.0,donch10 long,-1.0337619961611186
150,20,1.0,1864,-3.301266094420599,43.87289969502854,1.0161864161807501,-3.2486815822909008,-1.2810474168356945,0.7917315507293812,0.7312231759656652,2.8469328424191827,-1,15.0,donch10 long,-4.401331775700876
150,20,2.0,1815,-3.6079063360881514,49.24517095317387,1.155913496865331,-3.121259805229602,-1.2363948816242591,0.793816266989255,0.7895316804407714,3.2383901662351824,-1,15.0,donch10 long,-3.3039784946236406
150,20,4.0,1793,-3.1321639709983233,50.89127686051105,1.2018581218514681,-2.6061012644098205,-1.0279230356310542,0.8224187979054417,0.8215281650864473,3.367107948448088,-1,15.0,donch10 long,-3.650071942446026
150,30,1.0,1788,-3.793355704697985,51.001086154676976,1.2061342997697126,-3.1450525081844125,-1.23938399524388,0.8144411802846696,0.645413870246085,3.379088025293863,-1,30.0,donch10 long,-6.261199011124777
150,30,2.0,1714,-3.8728471411901966,57.92856852869727,1.3992244584250333,-2.76785266143037,-1.0949887547109203,0.83202796438357,0.7106184364060677,3.920046559545697,-1,30.0,donch10 long,-5.712066326530602
150,30,4.0,1680,-2.610238095238093,60.64020033204179,1.4794693981913314,-1.76430691870284,-0.697223380505213,0.8883723108754267,0.7595238095238095,4.1448595966233235,-1,30.0,donch10 long,-6.9742985842985785
150,40,1.0,1719,-2.902565445026177,56.36956039483833,1.3595860804400823,-2.1348890568860854,-0.8353853086445482,0.8735498942808778,0.6061663757998836,3.8089962657130836,-1,45.0,donch10 long,-4.326828644501225
150,40,2.0,1637,-2.971124007330481,64.55815381625862,1.595610048188112,-1.8620614796856714,-0.7309193580371632,0.8884967616644157,0.6658521686010995,4.470237524876335,-1,45.0,donch10 long,-4.429466666666644
150,40,4.0,1595,-1.4987774294670824,68.43426118243653,1.7135360245928275,-0.874669343367452,-0.3421141428714316,0.945992747975194,0.7178683385579937,4.800617197203326,-1,45.0,donch10 long,-5.319594594594594
150,50,1.0,1663,-2.540150330727599,61.19434005519518,1.50060065239692,-1.6927557152998696,-0.6584959319540655,0.8991852762633732,0.5742633794347565,4.204060606045887,-1,60.0,donch10 long,-5.586854521625095
150,50,2.0,1569,-3.158706182281707,71.01964621778221,1.7929452696324428,-1.7617415521720012,-0.694875100309416,0.8957452318159835,0.6297004461440407,5.0230889642878225,-1,60.0,donch10 long,-4.81027586206893
150,50,4.0,1521,-1.0861867192636403,75.77787318470143,1.9430223893513188,-0.5590191472915891,-0.220235417916716,0.9659541118577306,0.6771860618014465,5.443542804469195,-1,60.0,donch10 long,-4.901267605633811
150,75,1.0,1599,-2.9141400875547223,68.82742702592586,1.7212236421067018,-1.693063014163542,-0.6668887936807948,0.8979967593348627,0.5234521575984991,4.822154712792702,-1,60.0,donch10 long,-5.155880721220422
150,75,2.0,1469,-2.637855684138872,81.23532458430282,2.1195029344447325,-1.2445633555255904,-0.49320556534961973,0.9250332706322901,0.5663716814159292,5.937968090887423,-1,105.0,donch10 long,-2.883253373313266
150,75,4.0,1402,-0.8677460770328135,89.2453891813684,2.3834814755858087,-0.36406663358671165,-0.14429383314301011,0.9779134653282363,0.5955777460770328,6.677526469647288,-1,105.0,donch10 long,-3.66193798449614
150,100,1.0,1568,-3.3780102040816335,74.16355033443271,1.8729124770838292,-1.803613487236349,-0.7162566109418043,0.8895227074437098,0.4942602040816326,5.2471239106173995,-1,60.0,donch10 long,-4.559696969696848
150,100,2.0,1418,-2.7258251057827945,89.27329389115688,2.3707373598059607,-1.1497794534295849,-0.45687255764712237,0.9292833508818955,0.5310296191819464,6.641822743260545,-1,120.0,donch10 long,-0.8912882447664394
150,100,4.0,1336,-1.5138023952095823,99.81053993672111,2.7306948791103065,-0.5543652668008069,-0.21891981795779253,0.9661789829547054,0.5449101796407185,7.650274408492214,-1,135.0,donch10 long,-0.6883108108108308
150,150,1.0,1525,-3.1831147540983595,79.54806557061491,2.0370172240717914,-1.5626351689533753,-0.6103313651862974,0.8989545435432698,0.479344262295082,5.706877344001043,-1,60.0,donch10 long,-2.9018086696560634
150,150,2.0,1360,-2.882647058823527,97.72539023128883,2.649951705422539,-1.0878111676242357,-0.4276207001745174,0.929619475894527,0.5007352941176471,7.424065526625037,-1,120.0,donch10 long,-0.15845637583878444
150,150,4.0,1255,-0.3537450199203139,113.77986980238434,3.2117635835366056,-0.11014042930606699,-0.04318777581134545,0.9928464861898272,0.49880478087649405,8.99802937970969,-1,240.0,donch10 long,2.6883687943262538
150,0,1.0,1494,-2.374337349397588,87.85637740025192,2.272992450195317,-1.0445865533752927,-0.39686124348893737,0.9248087819957892,0.4725568942436412,6.367982049349577,-1,60.0,donch10 long,-4.751846153846014
150,0,2.0,1308,-3.324403669724769,110.22022696822232,3.0475962394367104,-1.0908281178149837,-0.43472170202467786,0.9214979996822602,0.4801223241590214,8.538100575182558,-1,120.0,donch10 long,-0.35317689530658275
150,0,4.0,1168,-0.9167123287671188,140.98645989481437,4.125304251302582,-0.22221690157220841,-0.08780161085199406,0.9829288490525188,0.4537671232876712,11.5573914106679,-1,240.0,donch10 long,-0.5910020040078287
20,20,1.0,1813,-7.956850523993379,18.87078136877916,0.44319104952687116,-17.953545164072512,-6.475326199345494,0.43469631194790337,0.35024820739106455,1.2416374931544547,-1,0.0,donch10 short,-7.918811524609845
20,20,2.0,1797,-7.8709682804674435,19.130303813746178,0.45128181009616164,-17.441359488409812,-6.279838144253287,0.445494804305844,0.3578185865331107,1.26430444836867,-1,0.0,donch10 short,-7.832168674698791
20,20,4.0,1795,-7.906713091922002,19.184754180875647,0.45281834427725826,-17.461114797683116,-6.279599490142863,0.44563599789074887,0.3593314763231198,1.2686091798175558,-1,0.0,donch10 short,-7.832168674698791
20,30,1.0,1764,-7.0116553287981835,22.43109234986541,0.5340736273777479,-13.12863052838756,-4.864060919119185,0.5337793037990669,0.3032879818594104,1.496252779845472,-1,0.0,donch10 short,-6.583980343980345
20,30,2.0,1742,-7.01502870264064,22.812288584919685,0.5465687302207671,-12.834668935061774,-4.753691071533656,0.5418431281980529,0.30424799081515497,1.531258875269276,-1,0.0,donch10 short,-6.499012345679004
20,30,4.0,1739,-7.137613571017824,22.936704540708458,0.5500234796534348,-12.976925231474073,-4.7938694983851216,0.5394572023502977,0.30304772857964346,1.540937650212122,-1,0.0,donch10 short,-6.591606922126079
20,40,1.0,1737,-6.09886586067933,25.62657821896999,0.6148804879936008,-9.918782559811527,-3.800288092162768,0.6088930549612668,0.2763385146804836,1.7226400860689606,-1,0.0,donch10 short,-6.006582914572871
20,40,2.0,1713,-6.1504786923525945,26.19558951970233,0.6329209845857361,-9.717609057279478,-3.691923484434331,0.615678093464926,0.2714535901926445,1.7731820746489042,-1,0.0,donch10 short,-6.051742424242415
20,40,4.0,1710,-6.404035087719296,26.361806813818987,0.6374954917804652,-10.045616275392671,-3.8215947032764297,0.6073150300997876,0.2654970760233918,1.7859979463858084,-1,0.0,donch10 short,-6.209089759797721
20,50,1.0,1713,-5.7552656158785735,28.15666891282489,0.6803033234871907,-8.459852270568746,-3.27082556153021,0.6420317992397492,0.2533566841798015,1.9059277349148385,-1,0.0,donch10 short,-4.692827763496152
20,50,2.0,1684,-5.873729216152017,28.975876562533106,0.70609890709983,-8.318564378292649,-3.197125256541632,0.6466024731567352,0.24168646080760095,1.978196260656606,-1,0.0,donch10 short,-4.807272727272719
20,50,4.0,1679,-6.013645026801665,29.344586391228116,0.7161477709402316,-8.397212517894653,-3.2272785571008473,0.6453572363117808,0.23466349017272187,2.006349009050705,-1,0.0,donch10 short,-5.029401820546159
20,75,1.0,1676,-4.5799761336515505,34.02447820867447,0.8311022662420094,-5.5107251173321945,-2.1561505325411825,0.7249182750645237,0.22315035799522673,2.3284038238438023,-1,0.0,donch10 short,-3.355430463576169
20,75,2.0,1641,-4.74094454600853,35.40211772840813,0.8739265861818065,-5.42487735351062,-2.1158484592029683,0.7279924228386105,0.2041438147471054,2.4483798055628783,-1,0.0,donch10 short,-3.4177254374158728
20,75,4.0,1629,-4.824069981583793,36.259247393872336,0.8983762111731043,-5.369765941692175,-2.0898860749543355,0.7306200899348765,0.19091467157765502,2.5168775135269037,-1,0.0,donch10 short,-3.7727027027026976
20,100,1.0,1651,-4.659473046638399,37.39968093723528,0.9204376195002452,-5.06223664474761,-1.9820976109417545,0.7260030652307169,0.2059357964869776,2.5786844289869757,-1,0.0,donch10 short,-2.354247311827969
20,100,2.0,1611,-4.946734947237738,39.67453909547532,0.9884714269572301,-5.004428871014576,-1.9351690111824795,0.7261042009644039,0.17442582247051522,2.7692869382904086,-1,0.0,donch10 short,-1.97553719008264
20,100,4.0,1593,-4.881964846202133,41.21052075408516,1.0325241412245418,-4.728184699306181,-1.817527514146579,0.7380158727217788,0.15819209039548024,2.8927043713994633,-1,0.0,donch10 short,-2.348448753462599
20,150,1.0,1624,-4.028916256157633,42.95171528900543,1.0658289190332795,-3.780077819442084,-1.4581759342158278,0.7654673994824697,0.19766009852216748,2.9860105446009597,-1,0.0,donch10 short,-2.3305184174624856
20,150,2.0,1577,-4.306487000634112,47.035719034178406,1.1844369322946222,-3.635893886127908,-1.3980671358181083,0.7669435571655454,0.1553582752060875,3.318301001303684,-1,0.0,donch10 short,-2.7523595505617906
20,150,4.0,1555,-3.8166881028938877,50.34506184858444,1.2767083007614963,-2.9894754350836545,-1.1542524645412706,0.8010537035497547,0.13311897106109324,3.576807103255534,-1,0.0,donch10 short,-4.212489391796313
20,0,1.0,1602,-3.8536704119850165,50.419662974896724,1.2597045049392146,-3.05918602090811,-1.219223255510249,0.7774632108036094,0.19101123595505617,3.5291695202280184,-1,0.0,donch10 short,-1.9102777777777735
20,0,2.0,1530,-2.946862745098037,62.85256791065493,1.6068573015541352,-1.8339293366298692,-0.7111669732529223,0.841869078244767,0.14705882352941177,4.501747663650957,-1,0.0,donch10 short,-2.116850507982577
20,0,4.0,1493,-2.349611520428665,74.83636167355618,1.936791013427998,-1.2131466452180613,-0.47697081785841383,0.8801704681897355,0.11386470194239785,5.426085073793915,-1,0.0,donch10 short,-5.180279823269533
30,20,1.0,1776,-7.476936936936934,24.32282805250067,0.5771551681336049,-12.95481241399212,-4.866378411032028,0.5268201547851812,0.4769144144144144,1.6169493876006125,-1,0.0,donch10 short,-9.435721271393644
30,20,2.0,1752,-7.553127853881275,24.804290472571914,0.5925974217383863,-12.745799385566263,-4.781984143463886,0.532946765853261,0.488013698630137,1.6602121770341196,-1,0.0,donch10 short,-9.181625615763544
30,20,4.0,1748,-7.666430205949654,24.939816613859904,0.5965166106495869,-12.851997864068133,-4.821053962023139,0.5308638863508268,0.49084668192219677,1.6711921187547316,-1,0.0,donch10 short,-9.173004926108371
30,30,1.0,1720,-6.186511627906974,28.535614837895324,0.6880547715897264,-8.991306918217072,-3.45615488996142,0.6428883062767728,0.42093023255813955,1.9276440773378722,-1,0.0,donch10 short,-7.992377972465593
30,30,2.0,1687,-6.0694902193242415,29.30511931400484,0.7134868161886113,-8.506800800815025,-3.27085145551713,0.6592567177897674,0.4303497332542976,1.998894117552498,-1,0.0,donch10 short,-7.827578814627986
30,30,4.0,1682,-6.279892984542209,29.578426268548103,0.7212105445281611,-8.707433678262031,-3.3428351408676362,0.6542861004931343,0.43103448275862066,2.020532800697301,-1,0.0,donch10 short,-7.795689001264219
30,40,1.0,1689,-4.996927175843692,32.28310719312314,0.7855258898653276,-6.361250775197718,-2.4862268729534667,0.7269415732401893,0.38661930136175254,2.200717721491737,-1,0.0,donch10 short,-7.074942084942103
30,40,2.0,1652,-4.983704600484259,33.32387017979832,0.8198802265033407,-6.078576405896468,-2.358105126899808,0.7383681743373227,0.3880145278450363,2.2969643231948718,-1,0.0,donch10 short,-7.434921874999991
30,40,4.0,1647,-5.2596417729204585,33.767776760100084,0.832061961797049,-6.3212140614635555,-2.452781619360702,0.731258488691775,0.3843351548269581,2.33109249272469,-1,0.0,donch10 short,-7.420718954248363
30,50,1.0,1655,-4.033202416918427,35.60341699485184,0.8751705234647554,-4.608476072698592,-1.7780498782591272,0.7874506754501939,0.3619335347432024,2.4518648018670475,-1,0.0,donch10 short,-5.457635402906227
30,50,2.0,1613,-4.2373031618102885,36.96548353777628,0.9204055055218444,-4.603735132383694,-1.7718433664628777,0.7885947433636308,0.3539987600743955,2.5785944589397936,-1,0.0,donch10 short,-6.044765100671133
30,50,4.0,1605,-4.590934579439249,37.533340528731486,0.9368707944595938,-4.900285724124204,-1.8876721300647314,0.7782204603209525,0.34641744548286607,2.624723369039751,-1,0.0,donch10 short,-6.1021293800539045
30,75,1.0,1604,-2.2949875311720698,42.79536795571714,1.0685493459727613,-2.1477599886440544,-0.8481512702408214,0.8856445935014408,0.32169576059850374,2.9936320525015683,-1,15.0,donch10 short,-3.7900000000000302
30,75,2.0,1557,-2.3792742453436095,44.96887377436351,1.139640054200102,-2.087741858997392,-0.8268299808175604,0.8893445769125877,0.3044315992292871,3.1927987298164675,-1,15.0,donch10 short,-4.47920056100981
30,75,4.0,1541,-2.573582089552239,46.23165185102721,1.1777092649853396,-2.1852439868376816,-0.8656590727651708,0.8852039206582518,0.2900713822193381,3.299452868017616,-1,15.0,donch10 short,-4.623333333333323
30,100,1.0,1572,-2.950941475826972,46.67117717605248,1.1771247312628719,-2.5069063604339283,-0.9762743434713618,0.8588267373677245,0.2926208651399491,3.297815246981262,-1,15.0,donch10 short,-3.155459610027887
30,100,2.0,1515,-3.0239933993399335,50.1654185686882,1.288837381321966,-2.3462955398129517,-0.9066782494299104,0.8671183890212959,0.2627062706270627,3.610787756063047,-1,15.0,donch10 short,-3.4631601731601727
30,100,4.0,1491,-3.5864453386988595,51.939607232211905,1.3451163123138745,-2.6662715379084516,-1.0384242420533387,0.850974738618667,0.23809523809523808,3.768457977221178,-1,15.0,donch10 short,-3.215872093023245
30,150,1.0,1542,-2.5137354085603087,52.93737690557702,1.3480941713063648,-1.8646586136667176,-0.7144351698660518,0.8822690761710431,0.2775616083009079,3.776800702956163,-1,15.0,donch10 short,-2.8745609065156055
30,150,2.0,1475,-3.089999999999998,58.190092271232906,1.5151409485330936,-2.03941422280985,-0.7899207709395121,0.8697493580703101,0.2305084745762712,4.244796484767977,-1,15.0,donch10 short,-3.81080237741456
30,150,4.0,1445,-3.2588581314878877,61.961204457041156,1.6299937074553763,-1.9993071854095512,-0.7758005070201498,0.8716354758814097,0.1958477508650519,4.566566276424136,-1,15.0,donch10 short,-4.03474474474473
30,0,1.0,1511,-1.6851025810721363,62.916780543926826,1.6185803344746328,-1.0410991318630445,-0.3896435718489518,0.921669141113618,0.27068166776968894,4.534590739392475,-1,30.0,donch10 short,-1.4210495626822706
30,0,2.0,1417,-2.0768736767819327,74.45520415960199,1.9779264297495431,-1.050025746935855,-0.40701205033134163,0.9138768652774457,0.21594918842625266,5.541329448101279,-1,30.0,donch10 short,-1.9717757009345973
30,0,4.0,1371,-0.9165499635302685,91.99186251531961,2.4844524232127063,-0.3689142746171228,-0.14573757482866262,0.9650700772211501,0.16849015317286653,6.960405183977662,-1,30.0,donch10 short,-4.8804153354632795
40,20,1.0,1761,-7.516575809199316,28.493884872780253,0.6790034598940783,-11.070011057634185,-4.212211442333516,0.5598938427251113,0.5474162407722885,1.9022860562868116,-1,0.0,donch10 short,-9.917599009901004
40,20,2.0,1736,-7.779055299539167,29.260410763855702,0.7022723314067167,-11.07697819157562,-4.219350244610247,0.5608714908096234,0.5633640552995391,1.9674757827587894,-1,0.0,donch10 short,-9.764999999999997
40,20,4.0,1730,-8.031040462427743,29.583087118338828,0.7112469890632753,-11.291493090191866,-4.309552577872571,0.5554573634283317,0.5676300578034682,1.9926190509870283,-1,0.0,donch10 short,-9.776249999999997
40,30,1.0,1704,-6.165586854460091,33.11473696284046,0.8022071241408707,-7.68577923196976,-2.9674235877409703,0.6772346688802555,0.48708920187793425,2.2474516208579782,-1,0.0,donch10 short,-8.04806861499367
40,30,2.0,1667,-6.216814637072583,34.23211033200476,0.8384281926931295,-7.414844456868091,-2.859609543939448,0.687887226043033,0.5032993401319736,2.348928031098243,-1,0.0,donch10 short,-8.00283697047496
40,30,4.0,1660,-6.6592771084337326,34.71201275488352,0.8519728449965784,-7.816302065895629,-3.0198235838582654,0.6759377063059406,0.5036144578313253,2.3868745287760653,-1,0.0,donch10 short,-8.049330759330758
40,40,1.0,1670,-5.016946107784429,37.19365775246204,0.9101451410894146,-5.512248411038382,-2.1716442440685153,0.7555307081302239,0.4479041916167665,2.549849173613446,-1,0.0,donch10 short,-7.32175853018376
40,40,2.0,1627,-5.179981561155498,38.5996522387403,0.9569508124123077,-5.413007120081396,-2.119015399354656,0.7607105348261494,0.45482483097725873,2.6809792505155174,-1,0.0,donch10 short,-8.022399999999992
40,40,4.0,1618,-5.590370828182939,39.31280466807782,0.9773379660690188,-5.719997608061971,-2.2408963922017326,0.7510325909541563,0.45241038318912236,2.738095598839557,-1,0.0,donch10 short,-8.133373493975903
40,50,1.0,1631,-3.89882893930104,40.78641383970707,1.0099236465496368,-3.8605185180297847,-1.5184532190853401,0.8179946059458238,0.42182709993868794,2.829387159596209,-1,15.0,donch10 short,-5.137567567567601
40,50,2.0,1582,-4.176852085967128,42.63723051525508,1.0719776924943145,-3.8963983254616847,-1.5217336600678308,0.8177929156365243,0.4197218710493047,3.0032368574389205,-1,15.0,donch10 short,-5.834736842105254
40,50,4.0,1571,-4.72793761935073,43.48402370735824,1.0970884207956897,-4.30953196636756,-1.6868540702613815,0.8023598388350824,0.41311266709102484,3.0735867026641044,-1,15.0,donch10 short,-5.9737273991655035
40,75,1.0,1569,-2.3492734225621423,48.37194782579615,1.221186807537956,-1.9237625300739454,-0.7700360654989856,0.8982112737198014,0.372848948374761,3.421258908552904,-1,15.0,donch10 short,-3.4293811533052536
40,75,2.0,1514,-2.435970937912815,51.231681815979854,1.316666164886956,-1.8501052148795503,-0.7411224610479623,0.9028720233314035,0.3619550858652576,3.688752464736788,-1,15.0,donch10 short,-3.9940638606676333
40,75,4.0,1494,-2.876345381526106,52.98687652006707,1.3708597355528866,-2.098205459631533,-0.8419970635445233,0.8918583608913836,0.34605087014725566,3.84058037123122,-1,15.0,donch10 short,-4.0999415204678265
40,100,1.0,1534,-2.539022164276402,52.629530659245134,1.343744863829952,-1.889512088656221,-0.7283718280306548,0.893671434834763,0.3494132985658409,3.7646157474212174,-1,30.0,donch10 short,-2.7125251076040704
40,100,2.0,1465,-2.683174061433448,57.340736502632694,1.4981125924651424,-1.791036317916725,-0.6950868556487196,0.8991653569120795,0.3194539249146758,4.197090094119241,-1,30.0,donch10 short,-3.7663826606876123
40,100,4.0,1437,-3.3352331245650673,59.859841285950466,1.579091067799146,-2.112122088825149,-0.825092054389949,0.8836003212646968,0.2950591510090466,4.423958193600311,-1,30.0,donch10 short,-3.291510574018117
40,150,1.0,1499,-2.207278185456969,59.226003193437116,1.5297188181561656,-1.4429306610201045,-0.5498233815797794,0.9099643063854751,0.33088725817211473,4.285637628815554,-1,45.0,donch10 short,-2.75456808199125
40,150,2.0,1422,-2.7731223628691968,66.18858123856015,1.7552269311197861,-1.5799224098618527,-0.6150755072305935,0.9009636715103482,0.28340365682137836,4.917417824658982,-1,45.0,donch10 short,-3.9917054263565843
40,150,4.0,1383,-2.6941937816341266,71.02685462494604,1.90990379914559,-1.4106437103478169,-0.5483402555189414,0.9114109198374233,0.25162689804772237,5.350758251704085,-1,45.0,donch10 short,-3.630472440944874
40,0,1.0,1470,-1.8355782312925164,69.06179810843612,1.8012716517075276,-1.019045755565224,-0.38224297639783866,0.9259606416726095,0.3217687074829932,5.0464160332297405,-1,45.0,donch10 short,-1.3435552193646665
40,0,2.0,1363,-2.5115700660308136,82.247946677279,2.2278048068104255,-1.1273743814327513,-0.4376558415273213,0.912392030990762,0.26412325752017607,6.2413850156011055,-1,60.0,donch10 short,-2.425515548281521
40,0,4.0,1304,-0.3597852760736181,103.18226930066622,2.8573686759021837,-0.12591489474490714,-0.049783105630703484,0.98865077623746,0.21855828220858894,8.005161845106583,-1,60.0,donch10 short,-6.3653820033956
50,20,1.0,1744,-6.912133027522934,31.72104808126848,0.759581341175073,-9.099924725415,-3.482912053416906,0.6041478122779341,0.6032110091743119,2.128031857390508,-1,0.0,donch10 short,-10.936741854636606
50,20,2.0,1715,-7.178629737609327,32.817746859203346,0.7924588111045463,-9.058678680856103,-3.477868770253766,0.6059975888800453,0.6262390670553936,2.220140891153874,-1,0.0,donch10 short,-10.759162436548216
50,20,4.0,1708,-7.401241217798592,33.2592457043228,0.8047638549954221,-9.19678632664323,-3.5383346113019893,0.6018173376582877,0.6334894613583139,2.254614520226783,-1,0.0,donch10 short,-10.783020304568524
50,30,1.0,1682,-5.612829964328179,36.7363365020133,0.8957418157422241,-6.2661247534562285,-2.4427034534437544,0.7186933671350153,0.539833531510107,2.509497030229085,-1,0.0,donch10 short,-8.917225806451627
50,30,2.0,1639,-5.469377669310553,38.245202584582934,0.9446860210150644,-5.789624856980218,-2.251018640898574,0.7379429879079077,0.565588773642465,2.646618392233761,-1,0.0,donch10 short,-8.57235294117646
50,30,4.0,1631,-5.9055732679337805,38.89733194155047,0.9631475684488481,-6.131535251077593,-2.3890507456972876,0.7263217802286601,0.5695892090741876,2.698339990627741,-1,0.0,donch10 short,-8.429763779527557
50,40,1.0,1647,-4.543794778384941,41.132538595838874,1.0135349152801343,-4.483116180688325,-1.7644556852422932,0.7913454257109495,0.4972677595628415,2.839504436690204,-1,15.0,donch10 short,-7.9692225201072615
50,40,2.0,1595,-4.604106583072099,43.0179679465408,1.077133536733431,-4.274406492842793,-1.674200856876291,0.8010288932204241,0.5122257053291536,3.017681394446122,-1,15.0,donch10 short,-8.4789344262295
50,40,4.0,1585,-5.02123028391167,43.998862933690326,1.1051642296153283,-4.543424542123841,-1.7813976243875949,0.7918468590875435,0.5135646687697161,3.0962117692775104,-1,15.0,donch10 short,-8.395914718019254
50,50,1.0,1604,-3.8392518703241874,44.8867647819521,1.1207690327658582,-3.4255513474079473,-1.3495536667871977,0.833945214130415,0.4644638403990025,3.1399299551155972,-1,15.0,donch10 short,-6.013724137931059
50,50,2.0,1544,-4.069792746113987,47.31977186977931,1.2042564864300216,-3.379506601769489,-1.3256762733084142,0.837207446670708,0.4689119170984456,3.373827171199009,-1,15.0,donch10 short,-6.515568181818174
50,50,4.0,1533,-4.7270515329419425,48.49970509097796,1.2387053701634,-3.816122579914534,-1.5020112016581801,0.820128620507944,0.4657534246575342,3.4703386546469344,-1,15.0,donch10 short,-6.685708154506434
50,75,1.0,1536,-1.7496354166666679,52.78401382584805,1.3468114630139612,-1.299094539001953,-0.5185091778360663,0.9295709721624198,0.416015625,3.7732070863650145,-1,30.0,donch10 short,-4.831007194244647
50,75,2.0,1471,-1.2900000000000014,56.665542205730176,1.4774497276739398,-0.8731261550475531,-0.34985818326893,0.9527591340456678,0.41536369816451396,4.13920131755634,-1,30.0,donch10 short,-4.789251497005989
50,75,4.0,1450,-1.6906896551724153,59.03816243246892,1.550418102320075,-1.0904733714360244,-0.4384839552151128,0.9422902858649452,0.40344827586206894,4.343628437354681,-1,30.0,donch10 short,-5.083665158371026
50,100,1.0,1499,-1.2152835223482328,57.63555237032416,1.488639859214404,-0.8163717468841465,-0.31562768938354296,0.9524825928706283,0.39559706470980655,4.170551424668845,-1,45.0,donch10 short,-4.181923641703423
50,100,2.0,1421,-1.1598099929627035,63.5072853470133,1.6847152613171665,-0.6884308699476761,-0.27050142067191085,0.9601669801814963,0.3715693173821253,4.719873372835501,-1,30.0,donch10 short,-5.09077279752707
50,100,4.0,1392,-1.9150000000000016,66.76335802009466,1.7894458250301724,-1.0701637195234521,-0.42350233629377204,0.9397542056205722,0.34913793103448276,5.013284972018496,-1,30.0,donch10 short,-3.6773040752350967
50,150,1.0,1462,-0.9233789329685347,64.48883667360926,1.6865951859133237,-0.547481067585585,-0.20869392824618788,0.9649396641637545,0.3761969904240766,4.725140141795261,-1,60.0,donch10 short,-4.815525525525557
50,150,2.0,1373,-1.7685142024763272,72.56598794571154,1.9583839612415963,-0.9030477360298164,-0.3501060218017069,0.9428780260705445,0.3306627822286963,5.486579557203976,-1,45.0,donch10 short,-6.505569823434994
50,150,4.0,1329,-0.9446275395033835,79.1629138121088,2.1714972353673283,-0.4350120848040551,-0.16721630613255092,0.9723002807459141,0.3017306245297216,6.083634555778284,-1,60.0,donch10 short,-5.431871921182267
50,0,1.0,1432,-1.4478212290502792,73.57423901056261,1.9442596798016383,-0.7446645343167289,-0.28205434506738375,0.9460553663108313,0.36312849162011174,5.447009179105323,-1,60.0,donch10 short,-2.927151702786443
50,0,2.0,1314,-2.315875190258752,88.62305879437493,2.4448321774726187,-0.9472532354563584,-0.3681272599074661,0.9276881970834419,0.3059360730593607,6.84940568917423,-1,90.0,donch10 short,-4.055534804753847
50,0,4.0,1248,0.5457371794871799,112.18511068157916,3.175615609943041,0.17185240486236572,0.06794884762145975,1.0151588026353187,0.2604166666666667,8.896757751225222,331673,90.0,donch10 short,-5.801985688729895
75,20,1.0,1726,-5.876326767091542,37.497011570289665,0.9025603714131505,-6.510729867178747,-2.5497583975101454,0.6684526730111244,0.6772885283893395,2.528599795005633,-1,0.0,donch10 short,-8.603417721519003
75,20,2.0,1687,-5.969312388855957,39.253816430896165,0.9557060733462973,-6.245970968830491,-2.4442256936002846,0.678350342259999,0.7136929460580913,2.677492007947775,-1,0.0,donch10 short,-8.266258064516137
75,20,4.0,1677,-6.377060226595112,40.40401047882035,0.9866382399648297,-6.463422932829395,-2.529034595514534,0.6687005401185567,0.7286821705426356,2.7641511087104624,-1,0.0,donch10 short,-8.20277419354839
75,30,1.0,1660,-4.761084337349398,43.25401661132495,1.0616280839172976,-4.484700818936035,-1.756734929077933,0.7731648970138092,0.6114457831325302,2.9742415470362946,-1,15.0,donch10 short,-6.618888888888907
75,30,2.0,1607,-3.9900622277535787,45.448158785394455,1.1337266492018299,-3.51942174999827,-1.381558907239253,0.8173609406038452,0.6552582451773491,3.1762318217845933,-1,15.0,donch10 short,-6.4282157123834915
75,30,4.0,1593,-4.489623352165726,46.90895517100048,1.1752976610681756,-3.819988332219863,-1.4954822173836735,0.8041550949189098,0.6698053986189579,3.292696554131346,-1,15.0,donch10 short,-6.0752941176470605
75,40,1.0,1620,-3.652962962962963,48.10829466861237,1.195260190673422,-3.0562073358310764,-1.194486478911111,0.8432893091520757,0.5666666666666667,3.3486232819895467,-1,15.0,donch10 short,-6.642049180327896
75,40,2.0,1553,-2.6937347070186752,50.882064077687176,1.2911568173977153,-2.0862955380182324,-0.8131253945055086,0.890322174695581,0.6039922730199614,3.6172858538872243,-1,15.0,donch10 short,-7.580056022408973
75,40,4.0,1537,-2.9568835393623965,52.762978781810524,1.3458367163583052,-2.197059645811579,-0.8520809892287778,0.8859976475740889,0.6180871828236825,3.7704762505431235,-1,15.0,donch10 short,-7.196346967559952
75,50,1.0,1573,-3.0401589319771145,52.204011211326794,1.3162534210303198,-2.309706385870115,-0.9115164570111053,0.8787193195132713,0.5295613477431659,3.6875961276491696,-1,30.0,donch10 short,-4.04198863636366
75,50,2.0,1498,-2.124445927903873,55.838976330295594,1.4427183023295678,-1.4725299626916182,-0.5777469379944886,0.9214494053576678,0.5574098798397864,4.041898269707554,-1,30.0,donch10 short,-5.7826470588235415
75,50,4.0,1480,-2.6028378378378396,58.203730203964625,1.5129339247231897,-1.7203909538310218,-0.6751834357973516,0.9100064921851985,0.5682432432432433,4.238613319486126,-1,30.0,donch10 short,-5.7378518518518575
75,75,1.0,1499,-1.062515010006676,60.638213548350755,1.5661940931810685,-0.6784057063123135,-0.274922415299213,0.9613728732416362,0.47565043362241494,4.3878262201519265,-1,45.0,donch10 short,-3.2163001485884393
75,75,2.0,1420,-0.33859154929578117,66.34574083631799,1.7606331541821945,-0.19231237835746384,-0.07731141944473273,0.9891076940503497,0.4894366197183099,4.932563819276447,-1,45.0,donch10 short,-4.882379471228648
75,75,4.0,1389,-0.6118142548596179,70.19878705441226,1.88355577677609,-0.3248187616226605,-0.12995047499668952,0.9820382328771292,0.4931605471562275,5.276942021707184,-1,45.0,donch10 short,-4.644088050314458
75,100,1.0,1459,-0.4682042494859528,65.78675315650239,1.7223079521061238,-0.2718469997850323,-0.10688585987849794,0.9835557641847813,0.4516792323509253,4.825192499658934,-1,60.0,donch10 short,-1.9173700305810832
75,100,2.0,1365,-0.08194139194139778,74.02741284753769,2.003670231781862,-0.04089564771770222,-0.016045359252153293,0.9975591760686215,0.4424908424908425,5.613452903333051,-1,60.0,donch10 short,-3.953888888888949
75,100,4.0,1326,-0.7711463046757236,79.1312214635136,2.173081964969648,-0.3548629628825319,-0.13843880510390666,0.9794689234908494,0.4343891402714932,6.088074310806849,-1,60.0,donch10 short,-3.2251081530782
75,150,1.0,1421,-0.4434130893736823,72.79426225234887,1.931079306614132,-0.22961930556396615,-0.089245743308492,0.9849698043562736,0.4306826178747361,5.410083240413993,-1,60.0,donch10 short,-3.2182131661442326
75,150,2.0,1311,-0.9681083142639224,84.269234838318,2.327382179834487,-0.4159644783104638,-0.1627760996387012,0.9733428856112617,0.39588100686498856,6.520359511923837,-1,90.0,donch10 short,-6.391020408163309
75,150,4.0,1253,0.8672226656025516,93.66675016018752,2.646122324534795,0.327733399760729,0.12597764562231442,1.0211048694266942,0.3830806065442937,7.413337189735409,91562,90.0,donch10 short,-4.144833040421799
75,0,1.0,1394,-1.3846915351506475,80.89386442311083,2.166627224593021,-0.6391000350375213,-0.24345362353795127,0.9540211540898512,0.41750358680057387,6.069990805580934,-1,60.0,donch10 short,-1.581423948220174
75,0,2.0,1253,-2.0721229050279373,100.44949106508247,2.8377374077877477,-0.7302024843247669,-0.2834248184331877,0.9451309494902618,0.3687150837988827,7.950163174544366,-1,120.0,donch10 short,-5.618028933092299
75,0,4.0,1162,1.5189500860585152,128.19215895819335,3.760610876416667,0.40391046454289387,0.1582265653529162,1.0343131289291978,0.3304647160068847,10.535671842443788,55904,195.0,donch10 short,-6.263887814313419
100,20,1.0,1720,-5.384767441860465,41.70546572552293,1.0056080745703786,-5.354737673681642,-2.076282124473502,0.6979893455957571,0.711046511627907,2.8172967169314163,-1,0.0,donch10 short,-7.7135294117647195
100,20,2.0,1678,-5.288212157330154,44.063575489686315,1.0756816407348946,-4.916149869135353,-1.916643956419349,0.7162014525069627,0.7568533969010727,3.013613784078385,-1,0.0,donch10 short,-7.670156657963451
100,20,4.0,1666,-5.86202881152461,45.852471722783484,1.1233762893920376,-5.218223730444848,-2.0369477976626995,0.7003466552280875,0.7755102040816326,3.1472344067393285,-1,0.0,donch10 short,-7.941566579634462
100,30,1.0,1653,-4.066164549304294,47.78510195717545,1.175319901891912,-3.4596236673598315,-1.3415168924925338,0.8089655346865784,0.647307924984876,3.292758863694365,-1,15.0,donch10 short,-5.636367239101734
100,30,2.0,1595,-2.946426332288401,50.56606621505726,1.2661315338885337,-2.3271091931810264,-0.9075242246629537,0.8663953189534398,0.7015673981191223,3.5471753895288147,-1,15.0,donch10 short,-5.679203778677465
100,30,4.0,1579,-3.671253958201394,52.92417804507928,1.3318737418330813,-2.756457945592187,-1.0734933784746028,0.8441117174573117,0.7219759341355289,3.7313577875123682,-1,15.0,donch10 short,-5.810460704607045
100,40,1.0,1609,-3.362094468614046,53.2250434186431,1.3268994141463506,-2.533797537906836,-0.9736918205571367,0.8611248669873088,0.5991298943443132,3.7174217845951736,-1,30.0,donch10 short,-6.49622406639007
100,40,2.0,1538,-2.2360338101430433,56.83216464921813,1.449158972881823,-1.5429872443162167,-0.5928912099360966,0.912673227351734,0.6456436931079323,4.059942357121487,-1,30.0,donch10 short,-7.693004291845501
100,40,4.0,1520,-2.793289473684212,59.6452315184692,1.5298679085764133,-1.8258370268603445,-0.700329968131167,0.8985237206598802,0.6657894736842105,4.286055318333082,-1,30.0,donch10 short,-7.457579250720466
100,50,1.0,1559,-3.2264977549711356,57.68371729415039,1.4609326062817392,-2.2085192301806353,-0.8574901191069911,0.8782382943083096,0.5574085952533675,4.0929271944181735,-1,30.0,donch10 short,-5.014425287356339
100,50,2.0,1481,-2.017886563133019,62.3616812042857,1.6204673517119026,-1.245249749093231,-0.4800803766320775,0.9297274469262328,0.5968939905469277,4.5398773789907345,-1,30.0,donch10 short,-6.960570570570582
100,50,4.0,1460,-2.8523287671232893,65.93423795055769,1.725577873053872,-1.6529701798246461,-0.6395661127807587,0.9090529287756719,0.6143835616438356,4.834353461850544,-1,30.0,donch10 short,-7.185612708018157
100,75,1.0,1482,-0.9478947368421097,66.22200682656378,1.7201971978680068,-0.5510384146753173,-0.21859054179671833,0.9674103906377775,0.5040485829959515,4.819279041786357,-1,60.0,donch10 short,-4.067861445783149
100,75,2.0,1398,-0.6812732474964301,73.78936035693219,1.9735137653885904,-0.3452082571931215,-0.13598838319287487,0.979861281737797,0.5264663805436338,5.528966992855139,-1,60.0,donch10 short,-5.619777070063722
100,75,4.0,1364,-1.4468914956011802,79.05405723730192,2.1405086080035733,-0.6759568684709372,-0.26534133882007527,0.9618537711141222,0.5381231671554252,5.996817275426377,-1,60.0,donch10 short,-7.135893719806741
100,100,1.0,1442,-0.618016643550627,71.48327305216891,1.882442847019817,-0.32830566119393106,-0.12688555483521052,0.979616231260327,0.478502080443828,5.273824054153211,-1,60.0,donch10 short,-3.6047058823529614
100,100,2.0,1344,-1.221547619047624,82.04792064694679,2.238040517728356,-0.54581121716577,-0.21131652804951773,0.9672438994316527,0.47470238095238093,6.270061232005657,-1,75.0,donch10 short,-6.014414715719126
100,100,4.0,1302,-2.7024423963133706,88.87126997822635,2.46295169468264,-1.0972372710954,-0.4256330751967958,0.9369490672580556,0.47465437788018433,6.900169060749169,-1,75.0,donch10 short,-7.6150853242320515
100,150,1.0,1400,-0.9292857142857148,78.24658535409202,2.091227957714115,-0.4443732261984011,-0.1687815644700168,0.9705231094517051,0.455,5.858753334036437,-1,60.0,donch10 short,-5.261929824561419
100,150,2.0,1285,-2.893112840466928,92.37723851636915,2.576994025397415,-1.1226695956428392,-0.43866736997840394,0.9290018066329785,0.42412451361867703,7.219668368718833,-1,120.0,donch10 short,-11.683391304347888
100,150,4.0,1223,-1.3725838103025352,104.00219789882591,2.9739200500782124,-0.461540252323339,-0.17872157209642173,0.9710192441389617,0.42027800490596895,8.331690452148898,-1,120.0,donch10 short,-10.481696750902525
100,0,1.0,1374,-1.9129985443959268,86.0200636890133,2.3206326242233666,-0.8243435537480387,-0.30993693255123334,0.9405546761690166,0.4417758369723435,6.501450056694891,-1,60.0,donch10 short,-3.268418451400408
100,0,2.0,1225,-3.802653061224492,108.66503537614412,3.1047152964612605,-1.224799280487566,-0.4741517256403486,0.910335536520043,0.39755102040816326,8.698124481015089,-1,120.0,donch10 short,-8.840834879406398
100,0,4.0,1128,-0.5187234042553215,137.69312158370718,4.099753033932962,-0.1265255248211138,-0.04943568998022394,0.9898083101149807,0.36879432624113473,11.485807497780382,-1,240.0,donch10 short,-8.28261477045913
150,20,1.0,1717,-4.318538147932437,46.62185828501466,1.1251344758682913,-3.838241775144011,-1.503350182485418,0.7505361924432108,0.7419918462434478,3.152160115981887,-1,0.0,donch10 short,-4.309562419562423
150,20,2.0,1674,-4.630501792114693,50.58218096985106,1.2362884851194427,-3.7454864684494105,-1.4677522574607493,0.7508066717224631,0.7915173237753883,3.463567545233905,-1,0.0,donch10 short,-3.7289696169088504
150,20,4.0,1662,-5.419963898916965,53.85095451993314,1.320924197554372,-4.103160430365171,-1.6097081361907761,0.7269022221076904,0.8164861612515042,3.700681706116063,-1,0.0,donch10 short,-3.944365079365081
150,30,1.0,1649,-3.1286901152213447,53.490398668728126,1.3172418097250531,-2.3751828192231415,-0.9204276230718382,0.8523915233438785,0.6779866585809582,3.690365182806084,-1,15.0,donch10 short,-2.8107723035952117
150,30,2.0,1588,-2.3693450881612064,57.89888630175497,1.4529309028401618,-1.6307348708253473,-0.6364064428868152,0.8944770196710619,0.7374055415617129,4.070509740336527,-1,15.0,donch10 short,-2.0094787379972536
150,30,4.0,1571,-3.507695735200507,62.32440069772266,1.5724252842528934,-2.2307551082575725,-0.8706061013466352,0.8575307000103933,0.7670273711012094,4.405283432949989,-1,15.0,donch10 short,-2.4229655172413787
150,40,1.0,1603,-2.5944291952588876,59.65153407246914,1.4898922319689567,-1.741353595642443,-0.6672769109814114,0.8943418132670079,0.62882096069869,4.174060053665567,-1,30.0,donch10 short,-6.1178551532033945
150,40,2.0,1528,-2.048507853403139,65.48110146634308,1.6751523040168095,-1.2228785696029363,-0.4685548925407981,0.9235854574785239,0.6832460732984293,4.693081933021374,-1,30.0,donch10 short,-6.649447674418617
150,40,4.0,1508,-3.107639257294427,70.45451478422746,1.814296060353987,-1.7128622638843718,-0.6558135065267109,0.8949834138457805,0.7128647214854111,5.0829050239683236,-1,30.0,donch10 short,-6.812727272727281
150,50,1.0,1553,-2.7542627173213123,64.9477797102546,1.6480811081033477,-1.6711936710997104,-0.6460827042477104,0.8994557871740473,0.5866065679330328,4.61723967071358,-1,45.0,donch10 short,-4.615904486251834
150,50,2.0,1470,-1.9818367346938763,71.90798239385018,1.8755059057998131,-1.0566944783086236,-0.4068565906090791,0.9349813590018559,0.6360544217687075,5.254389622172329,-1,45.0,donch10 short,-4.760030581039777
150,50,4.0,1447,-3.348742225293709,77.69434209233661,2.0424673739989228,-1.6395572668253917,-0.6336034656550906,0.9019935301891472,0.6641326883206634,5.722146403473394,-1,45.0,donch10 short,-5.000477657935303
150,75,1.0,1475,-0.6744067796610194,73.50784782292038,1.913981331322026,-0.3523580761339991,-0.13921809156227133,0.9777896510826192,0.5308474576271186,5.362181805575967,-1,60.0,donch10 short,-2.9009589041096056
150,75,2.0,1386,-1.400389610389612,84.86869922759836,2.2796382254853937,-0.6143034428594182,-0.24143393398964108,0.9622165864385084,0.5642135642135642,6.386600755165157,-1,75.0,donch10 short,-2.2542156862745584
150,75,4.0,1350,-2.9714814814814834,92.98456728499593,2.530719375574775,-1.1741647494229195,-0.460523978153412,0.9306900106189505,0.5896296296296296,7.090025993802372,-1,75.0,donch10 short,-4.463841059602677
150,100,1.0,1433,-0.9703907885554796,79.17174078163661,2.0914481335812125,-0.4639803268244895,-0.18059596290889166,0.9698595575939579,0.5010467550593162,5.859370175491081,-1,60.0,donch10 short,-1.3521283255086274
150,100,2.0,1328,-2.5580722891566285,93.5721498310948,2.5677194454636374,-0.9962429087320843,-0.3894070354971946,0.9381644200411556,0.5067771084337349,7.1936848426721545,-1,120.0,donch10 short,-2.009104991394243
150,100,4.0,1284,-5.03766355140187,103.74461359677164,2.8952298358590074,-1.7399874403778408,-0.6835350475867021,0.897411920394939,0.5225856697819314,8.11123311118223,-1,105.0,donch10 short,-5.24097001763672
150,150,1.0,1390,-1.2605035971222995,86.17052338554144,2.3112734508093005,-0.5453719016592042,-0.21129124696530588,0.9625462880722936,0.47553956834532374,6.475229534804287,-1,60.0,donch10 short,-2.2766883116883396
150,150,2.0,1265,-3.9745849802371507,104.26387209031286,2.931491145235976,-1.355823634908919,-0.5402556638969538,0.911984380787795,0.4561264822134387,8.212822259522166,-1,120.0,donch10 short,-7.340271247739696
150,150,4.0,1199,-2.95055045871559,119.6003879230728,3.4540052769457215,-0.8542402868951833,-0.3354063944846873,0.945674703927436,0.47122602168473726,9.676690127175323,-1,180.0,donch10 short,-9.476767485822355
150,0,1.0,1364,-2.973284457478004,94.16849753119243,2.549755023492582,-1.1661059317790003,-0.4419561501257504,0.9143439228065464,0.45894428152492667,7.143355983626102,-1,60.0,donch10 short,-2.5836241610739235
150,0,2.0,1202,-5.423943427620631,120.3773813235341,3.4721034606115877,-1.5621491378788694,-0.606896613454583,0.8856344853185216,0.4276206322795341,9.727393731008307,-1,120.0,donch10 short,-7.545705996131661
150,0,4.0,1099,-4.496551410373062,152.1746256060826,4.590324583307761,-0.9795715594327042,-0.3817329848139364,0.9245002623242757,0.4121929026387625,12.860185498935595,-1,240.0,donch10 short,-13.193805496828883
20,20,1.0,4540,-6.735594713656386,19.179556258001917,0.28464963325517223,-23.66275563621861,-8.32923259517898,0.49659340067787955,0.3883259911894273,0.7974702048689681,-1,0.0,fade n4 k1.5,-8.258363463368218
20,20,2.0,4501,-6.751230837591644,19.41591835342651,0.28940326775991787,-23.328108524304245,-8.244234846560378,0.5023483750855904,0.38835814263497,0.8107879170297753,-1,0.0,fade n4 k1.5,-8.270457578646328
20,20,4.0,4495,-6.756073414905448,19.48473194220959,0.29062273625743407,-23.246885298474748,-8.221581762706295,0.50409957933814,0.38843159065628474,0.8142043619463711,-1,0.0,fade n4 k1.5,-8.27665395614871
20,30,1.0,4432,-5.472310469314078,22.88551813814895,0.3437643795651892,-15.91878273204378,-5.868685735540279,0.6160737140090082,0.3458935018050541,0.9630852043036098,-1,0.0,fade n4 k1.5,-6.979680232558133
20,30,2.0,4371,-5.347881491649506,23.420601328454623,0.3542481886080722,-15.09642579306514,-5.582881838749674,0.6324628596387899,0.3415694349119195,0.99245648874767,-1,0.0,fade n4 k1.5,-7.149717486604965
20,30,4.0,4356,-5.340275482093663,23.609519522726675,0.35771999276858596,-14.928646958651711,-5.528686181289949,0.6364214373161672,0.33953168044077137,1.0021830439639483,-1,0.0,fade n4 k1.5,-7.151665854846563
20,40,1.0,4370,-4.788398169336383,25.97654843540397,0.3929531064239832,-12.185673280235791,-4.612268966729493,0.6791934525433885,0.3125858123569794,1.1008916143690033,-1,0.0,fade n4 k1.5,-5.75119842829076
20,40,2.0,4287,-4.7003102402612535,26.83300382602428,0.4098194355470982,-11.469222375914072,-4.342663506964812,0.6954483115937803,0.29974341031024027,1.1481440727241508,-1,0.0,fade n4 k1.5,-5.832885473475456
20,40,4.0,4263,-4.583220736570488,27.19672787409456,0.41654218371984614,-11.00301701892701,-4.171151759552583,0.7061780408941943,0.2979122683556181,1.1669784246300172,-1,0.0,fade n4 k1.5,-5.810079325731282
20,50,1.0,4307,-4.117490132342696,28.734335885736378,0.43783827912896106,-9.404134651118362,-3.574861329865898,0.7315607248605015,0.2934757371720455,1.226641250731717,-1,0.0,fade n4 k1.5,-5.006350947158518
20,50,2.0,4204,-4.091855375832539,29.86902149860054,0.46066969341697317,-8.882406275701783,-3.382067013898515,0.7443071638812037,0.2735490009514748,1.290605403509625,-1,0.0,fade n4 k1.5,-5.019429581019685
20,50,4.0,4164,-4.055850144092217,30.395229469627093,0.4710316244044236,-8.610568662391763,-3.2902474392971817,0.751006710123067,0.26681075888568684,1.3196352361951729,-1,0.0,fade n4 k1.5,-4.981317516405854
20,75,1.0,4194,-3.776409155937052,33.571611792840095,0.5183916283980856,-7.284857526744346,-2.7913662539669213,0.7649677737495066,0.2587029089175012,1.4523183233135875,-1,0.0,fade n4 k1.5,-3.332842535787318
20,75,2.0,4047,-4.068354336545589,35.31360870713839,0.555105459034661,-7.328975549295687,-2.814177322154044,0.7617950624714263,0.22411662960217446,1.5551752485253203,-1,0.0,fade n4 k1.5,-3.6061610878661083
20,75,4.0,3978,-3.8639064856711904,36.61023726144442,0.5804571351585524,-6.656661192761049,-2.566491159663166,0.7798330322214324,0.20990447461035697,1.6262001296084017,-1,0.0,fade n4 k1.5,-3.5246617724174083
20,100,1.0,4144,-3.0233494208494194,37.8188331999783,0.5874869883977233,-5.146240649678252,-1.988852257420524,0.814872485791941,0.24662162162162163,1.6458948625287666,-1,0.0,fade n4 k1.5,-2.9256621480709004
20,100,2.0,3971,-3.4546940317300416,40.09334916642872,0.6362420850418781,-5.429842056899852,-2.125174650155988,0.8026003600467534,0.20498614958448755,1.7824864205946997,-1,0.0,fade n4 k1.5,-3.0395161290322563
20,100,4.0,3879,-3.3977597318896615,41.889725306312116,0.6725856895064521,-5.051787132704177,-1.981310899473983,0.8128419952485966,0.18277906676978603,1.8843061256355949,-1,0.0,fade n4 k1.5,-3.154254859611229
20,150,1.0,4077,-2.3059430954132916,43.52877958921767,0.6817201570012316,-3.382536179591248,-1.3193496279196726,0.8604340273679845,0.23693892568064753,1.9098971147443025,-1,15.0,fade n4 k1.5,-2.551662198391419
20,150,2.0,3871,-2.465665202789974,47.63666467230172,0.765649072332526,-3.220359420378323,-1.2556676419369168,0.8618334225772872,0.1890984241797985,2.1450311233087116,-1,15.0,fade n4 k1.5,-2.118283957518157
20,150,4.0,3751,-2.4670194614769367,50.281358929070535,0.8209816960702171,-3.0049628064618106,-1.172151552363555,0.8678514418857316,0.15915755798453746,2.3000501840516336,-1,0.0,fade n4 k1.5,-2.275011312217187
20,0,1.0,3982,-1.6064239075841265,53.5144312277525,0.8480477106539569,-1.8942612395537997,-0.7385162344716458,0.9031467121137244,0.233550979407333,2.375877930422669,-1,15.0,fade n4 k1.5,-3.3939625756741787
20,0,2.0,3696,-2.196926406926405,60.66291428767562,0.997831681919384,-2.20170039369816,-0.8664317557176635,0.8785151808895233,0.17775974025974026,2.7955104902301473,-1,15.0,fade n4 k1.5,-1.9428722157092604
20,0,4.0,3515,-2.497681365576101,70.60700794560732,1.190927005564789,-2.097258147565134,-0.8226894494425514,0.8698320189792447,0.13541963015647226,3.3364834946418536,-1,15.0,fade n4 k1.5,-4.089450213805743
30,20,1.0,4362,-7.358088033012378,24.336151844489976,0.3684758894543047,-19.96898099332729,-7.082781173894272,0.5317297225610677,0.4880788629069234,1.0323166051262083,-1,0.0,fade n4 k1.5,-8.958201861832435
30,20,2.0,4295,-7.3959371362048865,24.796962185498113,0.3783701748334531,-19.546829079380664,-6.915309935727481,0.5395927441130781,0.49383003492433064,1.0600362887882215,-1,0.0,fade n4 k1.5,-9.042926709296605
30,20,4.0,4281,-7.401656155103946,24.9557113701484,0.38141462368098766,-19.40580065774991,-6.847831789857609,0.54260284203716,0.4968465311843027,1.0685655716767755,-1,0.0,fade n4 k1.5,-9.021791338582673
30,30,1.0,4238,-5.8954742803209035,28.407327323983285,0.43636498984607114,-13.510419986719253,-4.991402131347012,0.6536650346819847,0.43841434638980653,1.2225137052547683,-1,0.0,fade n4 k1.5,-7.559254032258063
30,30,2.0,4153,-5.897031061882974,29.279862951256494,0.4543474281505054,-12.979122795715588,-4.7930563506671735,0.6665494365328853,0.4384782085239586,1.2728930385940997,-1,0.0,fade n4 k1.5,-7.785778229908443
30,30,4.0,4125,-5.957636363636361,29.625300358025672,0.46126530098381946,-12.91585634325732,-4.765034219737616,0.6690230548854528,0.43854545454545457,1.2922740488646978,-1,0.0,fade n4 k1.5,-7.824893184130214
30,40,1.0,4159,-5.054606876653039,31.919619126313044,0.49495217883519566,-10.212313618960899,-3.8580701260430796,0.7201416670560592,0.4005770617937004,1.3866507078974906,-1,0.0,fade n4 k1.5,-6.200312981015905
30,40,2.0,4046,-5.086094908551654,33.24630625616183,0.522673476413095,-9.73092214943744,-3.685773800452282,0.7332653610650853,0.3922392486406327,1.4643142854186442,-1,0.0,fade n4 k1.5,-6.386920668058454
30,40,4.0,4004,-4.9548351648351625,33.84513897332538,0.5348712655959067,-9.263603194901336,-3.497157131157322,0.7452140530159572,0.39285714285714285,1.4984874312868677,-1,0.0,fade n4 k1.5,-6.429144050104384
30,50,1.0,4087,-4.308350868607778,35.033742296342716,0.5480046103096349,-7.861887997937577,-3.000029777570636,0.7705697231302125,0.3768045020797651,1.5352816157012306,-1,15.0,fade n4 k1.5,-5.335791949817047
30,50,2.0,3956,-4.429029322548026,36.738834776726456,0.5841134902156189,-7.582480796519698,-2.8824374564056536,0.7791597800778659,0.3602123356926188,1.6364437198884518,-1,15.0,fade n4 k1.5,-5.190053361792956
30,50,4.0,3897,-4.324128817038745,37.60352056589278,0.6023699578029401,-7.178526686175383,-2.7309800106513817,0.7901807698691401,0.35617141390813445,1.6875907696160495,-1,15.0,fade n4 k1.5,-5.275104111051789
30,75,1.0,3949,-4.047406938465434,40.48853639606154,0.6443005633058393,-6.281861554952877,-2.4168071313851898,0.7974563189744173,0.3342618384401114,1.8050629341794981,-1,15.0,fade n4 k1.5,-2.7128786251342767
30,75,2.0,3766,-4.430467339352098,43.215955112690956,0.7042128700972078,-6.2913751331192325,-2.4178660949246797,0.7974107157600876,0.30005310674455654,1.9729123672692452,-1,15.0,fade n4 k1.5,-2.575579589572935
30,75,4.0,3673,-4.570696977947183,44.85677279681437,0.7401462805921459,-6.1753968070885215,-2.3728450866464645,0.8006791420219155,0.2828750340321263,2.0735828789482493,-1,15.0,fade n4 k1.5,-2.6906685236768833
30,100,1.0,3901,-3.3146090745962566,45.090699585501646,0.7219364978116746,-4.591275111652425,-1.8005289346120414,0.8382818033338214,0.31786721353499103,2.0225666206854327,-1,15.0,fade n4 k1.5,-1.5172777471010526
30,100,2.0,3684,-3.8755048859934855,48.57856823611627,0.8003591233623503,-4.842207420229419,-1.9105095967183627,0.8289762732573287,0.2738870792616721,2.2422742891938143,-1,15.0,fade n4 k1.5,-1.527895342150664
30,100,4.0,3564,-4.041402918069585,51.06669004507548,0.8553992432570335,-4.724580890066569,-1.8559548228287677,0.8318327336071601,0.24803591470258138,2.3964738754939243,-1,15.0,fade n4 k1.5,-1.8822943221320996
30,150,1.0,3821,-2.420070662130331,51.54371995425586,0.8338486690706856,-2.9022900100415954,-1.159527546586352,0.8839591638615686,0.30489400680450146,2.336098105411605,-1,30.0,fade n4 k1.5,-1.1849055523755165
30,150,2.0,3566,-2.2442905215928195,57.49797618087283,0.962857215311231,-2.330865351481405,-0.9188936079432265,0.9032037159060011,0.25518788558609085,2.6975265415693603,-1,15.0,fade n4 k1.5,-0.061160822249081884
30,150,4.0,3412,-2.527104337631885,61.339286885990695,1.0501085908903631,-2.4065171540870938,-0.9494788186142087,0.8987248403025916,0.2186400937866354,2.9419687056518797,-1,15.0,fade n4 k1.5,-0.3460615384615344
30,0,1.0,3720,-1.4953763440860204,62.28290090562564,1.0211683885370264,-1.464377825314752,-0.5779854686679738,0.9286035976198977,0.3008064516129032,2.8608902625295736,-1,30.0,fade n4 k1.5,-2.417251043530135
30,0,2.0,3371,-1.5655858795609596,72.36841323833478,1.2464351105897267,-1.2560508495466185,-0.49283202254631325,0.933573158148191,0.24236131711658263,3.491994181165181,-1,30.0,fade n4 k1.5,0.09229571984434883
30,0,4.0,3134,-2.403911933631142,84.74014716646244,1.513699675515569,-1.5881036195719374,-0.6218065666196793,0.9069506810919259,0.18985322271857052,4.240758635586815,-1,30.0,fade n4 k1.5,-3.517141877998656
40,20,1.0,4230,-7.6030023640661915,28.513820724398535,0.438414824639974,-17.342028455150377,-6.227568872646881,0.5561071276794998,0.5553191489361702,1.2282564921129404,-1,0.0,fade n4 k1.5,-8.767245206861757
40,20,2.0,4151,-7.705080703444952,29.218420563549042,0.4535032139638109,-16.990134724954363,-6.088966115176915,0.5630458461964288,0.5670922669236329,1.2705279006077352,-1,0.0,fade n4 k1.5,-8.844185692541856
40,20,4.0,4128,-7.693343023255812,29.506404761421237,0.45924713045126203,-16.75207641623419,-5.993057894174712,0.5681129935512299,0.5736434108527132,1.2866199721330538,-1,0.0,fade n4 k1.5,-8.780604367699338
40,30,1.0,4082,-6.5744194022537945,32.92626436221209,0.5153543670884987,-12.757084876171835,-4.714132309987311,0.6570473344243362,0.49387555120039195,1.4438091769251022,-1,0.0,fade n4 k1.5,-7.16996861924686
40,30,2.0,3978,-6.592916038210154,34.142257329045265,0.5413271904122535,-12.179170296598713,-4.499552130236935,0.6715292777396897,0.5027652086475616,1.5165742548215937,-1,0.0,fade n4 k1.5,-7.4141525423728805
40,30,4.0,3938,-6.681569324530217,34.6769268506353,0.5525896501322602,-12.091376164810557,-4.459897288420862,0.6745956905233238,0.5066023362112747,1.5481269954927572,-1,0.0,fade n4 k1.5,-7.463793103448276
40,40,1.0,3991,-5.701425707842644,36.70049626110605,0.5809397224457753,-9.814143339758992,-3.7043054704952825,0.7223499572745467,0.453520420947131,1.6275521390187346,-1,15.0,fade n4 k1.5,-5.984801714898175
40,40,2.0,3858,-5.705500259201657,38.479443929914474,0.6195090794507252,-9.2097120905158,-3.487773057254773,0.7391744112980159,0.4548989113530327,1.7356074794759242,-1,15.0,fade n4 k1.5,-6.17131506849315
40,40,4.0,3802,-5.543024723829562,39.333732167753766,0.6379095442127627,-8.689358505632878,-3.2854246974154635,0.7530505746097417,0.4597580220936349,1.787157949559657,-1,15.0,fade n4 k1.5,-6.291701427003295
40,50,1.0,3910,-5.050358056265982,40.02142063788242,0.640035586821174,-7.890745702671456,-2.9724192161581193,0.7658331706754812,0.4255754475703325,1.7931142391044605,-1,15.0,fade n4 k1.5,-5.561405139420451
40,50,2.0,3756,-5.235953141640041,42.26799927344516,0.6896820127001734,-7.591836593129008,-2.8561898516356066,0.775567488016185,0.4174653887113951,1.9322029319792062,-1,15.0,fade n4 k1.5,-5.566305446378435
40,50,4.0,3679,-5.137784724109809,43.433518977993465,0.7160776573943157,-7.174898799112557,-2.691228098013562,0.7873104455238379,0.4180483827126937,2.0061525799768773,-1,15.0,fade n4 k1.5,-5.653385826771654
40,75,1.0,3761,-5.053892581760171,45.87448862435313,0.7480309535775984,-6.756261298531807,-2.577388448616467,0.7830116888833686,0.3767614996011699,2.0956724622339475,-1,30.0,fade n4 k1.5,-3.541212633953765
40,75,2.0,3557,-5.697084621872365,49.3323436476671,0.827160554214912,-6.887519711671544,-2.6229661902510726,0.7807426919838901,0.3480461062693281,2.317360781694628,-1,30.0,fade n4 k1.5,-3.328226658837351
40,75,4.0,3443,-6.016401394133025,51.370497635730686,0.8754780491283325,-6.872132773772272,-2.6165124590428737,0.7816780685661175,0.33459192564623874,2.4527263612203156,-1,15.0,fade n4 k1.5,-3.478144635447543
40,100,1.0,3695,-4.4052909336941815,50.62705579070601,0.8328666081786534,-5.289311506110025,-2.0252364583653253,0.8166559774980046,0.35751014884979704,2.333346778133201,-1,30.0,fade n4 k1.5,-2.881483198146008
40,100,2.0,3456,-5.153136574074075,54.9271699448231,0.9343301345830044,-5.515327380909043,-2.1038275596624536,0.8092962055071525,0.32060185185185186,2.6176054938852453,-1,30.0,fade n4 k1.5,-2.6521026894865583
40,100,4.0,3311,-5.589003322259137,58.101692251696626,1.0097391409382102,-5.535096239872462,-2.1070710294437203,0.8084297498245553,0.29658713379643614,2.8288702514025768,-1,30.0,fade n4 k1.5,-3.2379553903345744
40,150,1.0,3604,-3.7009322974472787,56.92966773928835,0.9483011079674535,-3.902697430544706,-1.5144084985308974,0.8490006915907256,0.3421198668146504,2.6567463664017676,-1,45.0,fade n4 k1.5,-2.505051173991577
40,150,2.0,3326,-3.6044918821407075,63.995425215938724,1.109654571368817,-3.2483008452751,-1.2537412532567525,0.8704173749632093,0.29855682501503306,3.1087918443583598,-1,30.0,fade n4 k1.5,-1.888316062176156
40,150,4.0,3143,-4.316726057906457,68.84083838538376,1.2279309906708897,-3.5154467887059186,-1.367767732904069,0.8589588096440265,0.2615335666560611,3.440153312326378,-1,30.0,fade n4 k1.5,-2.615714285714276
40,0,1.0,3509,-2.7727586206896544,68.01454546060161,1.1481803654786258,-2.4149155516466383,-0.9457617484913682,0.8873404755927774,0.3377030493017954,3.2167251396524636,-1,60.0,fade n4 k1.5,-2.844716981132094
40,0,2.0,3138,-3.1067622689611207,79.57992123031713,1.420617091274151,-2.1869103842574966,-0.8540238159290561,0.8904665045482877,0.2836201402166985,3.979979843512303,-1,60.0,fade n4 k1.5,0.04461538461537497
40,0,4.0,2855,-4.55584938704028,93.73992115000557,1.7543713546911506,-2.5968557767761307,-1.0091982827562647,0.8572012321999012,0.22837127845884414,4.915020854383551,-1,60.0,fade n4 k1.5,-1.9672486772487048
50,20,1.0,4129,-7.330687817873576,31.9327705104416,0.4969516746470372,-14.75130921548909,-5.26268460717076,0.5877446541211152,0.6078953741826107,1.3922524658076245,-1,0.0,fade n4 k1.5,-8.822558139534884
50,20,2.0,4039,-7.405375092844762,32.87638092590521,0.5173054778001352,-14.315284509138491,-5.110443594773101,0.5964597569582314,0.6254023273087398,1.4492753798537252,-1,0.0,fade n4 k1.5,-8.979739583333332
50,20,4.0,4011,-7.346594365494888,33.32576363663473,0.5262035561352334,-13.96150649275891,-4.976227186264906,0.6046118171020423,0.6369982547993019,1.4742041045869474,-1,0.0,fade n4 k1.5,-8.9201512780386
50,30,1.0,3962,-6.576976274608782,36.75609513615543,0.5839452516765639,-11.263001549761114,-4.173170946188299,0.6778542888508671,0.5406360424028268,1.6359723852843184,-1,15.0,fade n4 k1.5,-7.465698924731179
50,30,2.0,3840,-6.476197916666664,38.28459621020275,0.6178150147432951,-10.482422346691514,-3.877113821690074,0.6975553385095997,0.55703125,1.7308614128330613,-1,15.0,fade n4 k1.5,-7.496396938217603
50,30,4.0,3788,-6.470570221752902,39.09616052271276,0.6352272555658802,-10.186228889043365,-3.757706443545247,0.7058454387988476,0.5673178458289335,1.779643289335839,-1,15.0,fade n4 k1.5,-7.62201754385965
50,40,1.0,3865,-5.888188874514875,40.75415164907938,0.6555368471651647,-8.982239366067741,-3.390068766439424,0.73430953061975,0.49547218628719275,1.8365423409463055,-1,15.0,fade n4 k1.5,-6.766710816777039
50,40,2.0,3712,-5.9088038793103435,42.96578450935392,0.7052104873678484,-8.378780499088384,-3.171804257826045,0.7516285396376683,0.5037715517241379,1.9757072770680064,-1,15.0,fade n4 k1.5,-6.663937677053822
50,40,4.0,3642,-5.677973640856671,44.15944119243707,0.7317346121898539,-7.759607849988486,-2.9358371672994203,0.7689831234809589,0.5145524437122461,2.05001687309272,-1,15.0,fade n4 k1.5,-6.8059659090909115
50,50,1.0,3778,-5.309587083112757,44.284176756216965,0.7204728152733272,-7.369586985871838,-2.761003784708868,0.7738652238258131,0.4674430915828481,2.0184659893219887,-1,15.0,fade n4 k1.5,-6.226291690220464
50,50,2.0,3598,-5.36587548638132,47.03554008550231,0.7841435159958942,-6.842976288041405,-2.5642595623826385,0.7897492062949284,0.46553640911617566,2.196844883293227,-1,15.0,fade n4 k1.5,-6.01962099125364
50,50,4.0,3507,-5.272606216139149,48.66686510325748,0.8217987738414955,-6.415933418216688,-2.4029393042904523,0.8026864730384327,0.47105788423153694,2.302339297057696,-1,15.0,fade n4 k1.5,-6.160667447306793
50,75,1.0,3624,-4.840220750551877,50.724844975869026,0.8426100483975852,-5.744318810055326,-2.1925356489411763,0.8094386166826383,0.4197019867549669,2.3606438562241276,-1,30.0,fade n4 k1.5,-3.616927570093475
50,75,2.0,3398,-5.4621600941730435,54.822582382687315,0.9404761825808903,-5.807866478004342,-2.212407954620874,0.8089167358075242,0.3975868157739847,2.6348241711059353,-1,30.0,fade n4 k1.5,-3.117005511328844
50,75,4.0,3266,-6.003717085119415,57.68374815374077,1.0093583540620938,-5.948053098245896,-2.2588789666566917,0.8060904451867745,0.38548683404776485,2.8278034445191977,-1,30.0,fade n4 k1.5,-3.2121809169764592
50,100,1.0,3558,-4.545480607082632,55.50198442386391,0.9304767789969951,-4.885109128658128,-1.868605019497499,0.8279877738394283,0.3968521641371557,2.606809989835349,-1,45.0,fade n4 k1.5,-3.075980746089061
50,100,2.0,3299,-5.104186117005155,60.88399505517049,1.0600149349348538,-4.815202077618697,-1.8440932766866927,0.8303972895329989,0.36526220066686876,2.969722172692466,-1,45.0,fade n4 k1.5,-2.420237027546448
50,100,4.0,3129,-5.838737615851711,65.05674489820302,1.1630263330802602,-5.020297004271511,-1.9143641984283148,0.8245060988741709,0.3422818791946309,3.2583173830337864,-1,30.0,fade n4 k1.5,-2.6626679712981125
50,150,1.0,3469,-3.896226578264628,61.93221008764059,1.0515124724771698,-3.7053546013447045,-1.4382972115059236,0.855767164238991,0.3790717786105506,2.9459017995534587,-1,60.0,fade n4 k1.5,-2.692560899437864
50,150,2.0,3163,-3.1028359152703118,70.55935187859554,1.254599144273972,-2.4731691627813936,-0.9528741621765892,0.8998757510004756,0.34271261460638636,3.514866417255139,-1,60.0,fade n4 k1.5,-1.5133536999320947
50,150,4.0,2948,-4.391763907734056,76.6007223996651,1.4108119374962316,-3.1129336171680833,-1.2118607208965657,0.8749734557166032,0.30359565807327,3.9525098696267595,-1,45.0,fade n4 k1.5,-1.9763253856942349
50,0,1.0,3375,-2.546592592592592,74.03109735818155,1.2743164763097647,-1.9983988592591644,-0.7852172321549735,0.9058848174052122,0.3751111111111111,3.5701062032272417,-1,60.0,fade n4 k1.5,-3.0008709888670886
50,0,2.0,2974,-1.8034498991257566,90.64372130439328,1.6621386362057455,-1.085017735489616,-0.4223398895589308,0.9430396503701255,0.3271687962340282,4.656623033648465,-1,82.5,fade n4 k1.5,-1.210916481892108
50,0,4.0,2652,-2.779064856711916,110.33302129307349,2.1424897404551166,-1.2971193300190906,-0.5112343150015304,0.9243020846075766,0.2696078431372549,6.002367586817745,-1,75.0,fade n4 k1.5,-3.952479740680737
75,20,1.0,3948,-6.652462006079027,38.15339911350217,0.6072180371654942,-10.955639653151366,-3.9741998725600003,0.6379172790663467,0.680597771023303,1.7011730770944196,-1,0.0,fade n4 k1.5,-8.262101841820156
75,20,2.0,3817,-6.893877390620907,40.00618748859736,0.6475392321787038,-10.646269828973665,-3.886948622953043,0.6428289585397348,0.7089337175792507,1.814136341020078,-1,0.0,fade n4 k1.5,-8.170143014301438
75,20,4.0,3771,-6.689098382391937,40.936077351098184,0.6666194153690609,-10.03435877829728,-3.6616843720683403,0.6587333681392626,0.7324317157252718,1.8675911002050698,-1,0.0,fade n4 k1.5,-8.065454045129334
75,30,1.0,3752,-6.134882729211087,43.7874818585735,0.714855981647755,-8.58198418522019,-3.2242595351723535,0.7190552340518812,0.6103411513859275,2.002729951263986,-1,15.0,fade n4 k1.5,-7.770637813211842
75,30,2.0,3589,-6.2359459459459465,46.40858575827236,0.7746608443816125,-8.049904666246436,-3.027212841637345,0.7331887263799205,0.6391752577319587,2.1702783706704363,-1,15.0,fade n4 k1.5,-7.877280187573272
75,30,4.0,3516,-6.318156996587031,48.05022328798116,0.8103469035558969,-7.7968546172783775,-2.9278973439791454,0.7411306533541692,0.661547212741752,2.270255906545816,-1,15.0,fade n4 k1.5,-7.997814336075209
75,40,1.0,3648,-5.077280701754386,48.18533969827729,0.7977880195817381,-6.364197728133706,-2.461788763627463,0.7870688548170504,0.5666118421052632,2.235071122847817,-1,30.0,fade n4 k1.5,-6.387181444509677
75,40,2.0,3451,-5.183364242248624,51.66943075740757,0.8795513454828184,-5.893191192156363,-2.279435936223142,0.8017636020933864,0.5896841495218778,2.4641380480760366,-1,30.0,fade n4 k1.5,-6.856380894060015
75,40,4.0,3359,-5.030398928252457,53.97539760037304,0.9313026704156374,-5.40146516063076,-2.09293723635692,0.817904709724948,0.6153617147960703,2.6091237950255834,-1,15.0,fade n4 k1.5,-6.882874692874697
75,50,1.0,3556,-4.602148481439822,52.15372580537971,0.874589911193982,-5.262064451620545,-1.9993651027866297,0.8205977903102302,0.5345894263217098,2.450238167111794,-1,30.0,fade n4 k1.5,-5.709662243667064
75,50,2.0,3335,-5.1499700149925065,56.401768145237426,0.9766631453694637,-5.273025852781938,-1.9963002599666761,0.8211492706911047,0.5454272863568216,2.736205031142807,-1,30.0,fade n4 k1.5,-5.898745247148287
75,50,4.0,3218,-5.35183965195774,59.390868967599175,1.0469517321129524,-5.111830362185548,-1.9397555606323789,0.8275405820706382,0.5633934120571784,2.9331244967654158,-1,30.0,fade n4 k1.5,-6.118152866242044
75,75,1.0,3382,-5.010875221762276,59.226600043219484,1.018427225289547,-4.920209414411171,-1.8863138750334327,0.8252230531176387,0.4745712596096984,2.8532106600950007,-1,60.0,fade n4 k1.5,-4.020889724310788
75,75,2.0,3113,-5.635968519113401,65.50918907634166,1.1741204790284403,-4.80016201044125,-1.8411487679828697,0.8305583294541675,0.4731769996787665,3.289398578329796,-1,45.0,fade n4 k1.5,-4.171671159029659
75,75,4.0,2952,-6.784241192411931,70.09262377157883,1.2900725682809195,-5.258805868147589,-2.021667670981695,0.8179951188679698,0.47323848238482386,3.6142482375888574,-1,45.0,fade n4 k1.5,-4.276616334934806
75,100,1.0,3318,-4.781561181434602,64.38539763263604,1.1177616146652218,-4.277800488672817,-1.6308326579791483,0.8411155586120235,0.44936708860759494,3.131504417020169,-1,60.0,fade n4 k1.5,-3.8342432082794273
75,100,2.0,3011,-4.917698439056798,72.24986095918332,1.316684241735598,-3.7349109856243845,-1.4154245027578993,0.8601494257813072,0.44038525406841583,3.6888031085687336,-1,60.0,fade n4 k1.5,-3.389788285109405
75,100,4.0,2801,-5.6413031060335666,78.83447921740766,1.4895656494974487,-3.787213479269501,-1.4334385354827064,0.8598929243722964,0.432345590860407,4.173145105040895,-1,60.0,fade n4 k1.5,-2.9699275362319004
75,150,1.0,3233,-3.557862666254255,71.27835989119113,1.2535880564989823,-2.838143397912266,-1.091637685857226,0.8840884225873082,0.4317970924837612,3.5120337686905136,-1,60.0,fade n4 k1.5,-3.716752021563357
75,150,2.0,2877,-2.628199513381998,82.88313473560201,1.5452410515526471,-1.7008346437218984,-0.6539316769784203,0.9282556231388054,0.4143204727146333,4.329124488451235,-1,90.0,fade n4 k1.5,-2.718432108027031
75,150,4.0,2616,-3.5071253822629993,92.54735891207038,1.8094440537043623,-1.938233666348003,-0.751641598800808,0.9189810086681801,0.3849388379204893,5.069311713860549,-1,75.0,fade n4 k1.5,-2.225883280757081
75,0,1.0,3139,-2.223418286078371,83.59412300530883,1.4920387006506075,-1.49018807964488,-0.5731882482218554,0.9278550914118813,0.42529467983434216,4.180073568595222,-1,60.0,fade n4 k1.5,-3.1605799151344005
75,0,2.0,2697,-2.0934853540971488,103.74118575986414,1.9976101426740998,-1.0479949562604371,-0.41118792710600954,0.9446653250489389,0.39265850945494996,5.596475047268296,-1,120.0,fade n4 k1.5,-1.0789344262295428
75,0,4.0,2307,-2.936293888166454,129.12454803554127,2.688345095432912,-1.0922310134791733,-0.4321630279290905,0.9361882752174125,0.341569137407889,7.531627880551343,-1,150.0,fade n4 k1.5,-0.8061380597015276
100,20,1.0,3843,-5.5169060629716355,41.71822430204133,0.6729621253058237,-8.19794436494403,-3.0229558969790493,0.6911937926099352,0.7171480614103565,1.8853607426066827,-1,15.0,fade n4 k1.5,-7.370281690140852
100,20,2.0,3685,-5.7545861601085475,44.58801829878376,0.7345128949811124,-7.834561107680109,-2.9012630409625157,0.6970367372235359,0.7565807327001357,2.0578004690924474,-1,15.0,fade n4 k1.5,-7.404195037507217
100,20,4.0,3626,-5.54896304467733,46.1777251383393,0.7668645014132927,-7.235910691459665,-2.677074570594002,0.7144455183199858,0.7876447876447876,2.148436251455052,-1,0.0,fade n4 k1.5,-6.845040556199304
100,30,1.0,3642,-5.081323448654586,47.9749757558025,0.7949591147793329,-6.391930546094907,-2.463383012436639,0.7660240249747264,0.6474464579901154,2.2271457049699497,-1,15.0,fade n4 k1.5,-7.141904761904759
100,30,2.0,3439,-4.9550189008432675,51.755781116060994,0.8825570318629434,-5.614389463742618,-2.154982976779059,0.7888616641586187,0.6903169526025007,2.4725587346088784,-1,15.0,fade n4 k1.5,-6.941888544891637
100,30,4.0,3348,-4.98952210274791,54.24215564328546,0.9374415870022726,-5.322488538942761,-2.0445739178940694,0.7982587734606063,0.7222222222222222,2.6263224929899294,-1,15.0,fade n4 k1.5,-6.8899376169681865
100,40,1.0,3528,-4.486995464852607,52.83331575625184,0.8894951391384702,-5.044429438027659,-1.9776872724316423,0.8150586451249977,0.5989229024943311,2.4919964333936764,-1,30.0,fade n4 k1.5,-6.2505181986428
100,40,2.0,3293,-4.600051624658367,57.84040355584324,1.0079417837293128,-4.563806857612851,-1.7751723988172416,0.8305623678363157,0.6340722745217128,2.8238348020144612,-1,30.0,fade n4 k1.5,-6.1367794404684375
100,40,4.0,3181,-4.608453316567117,61.347352120513015,1.0877121703579786,-4.236831619756927,-1.6571966762277863,0.8423493940725828,0.6702294875825212,3.047318338036488,-1,30.0,fade n4 k1.5,-5.563815789473689
100,50,1.0,3430,-4.023236151603499,57.01414464100247,0.9734990973093621,-4.132757968367156,-1.5999395298275245,0.8467348311664165,0.5676384839650146,2.727340680868227,-1,45.0,fade n4 k1.5,-5.153619047619042
100,50,2.0,3166,-4.574586228679724,63.053483122699646,1.1206077639169882,-4.082236778986476,-1.568231485240208,0.8484032303208194,0.591282375236892,3.1394781466924613,-1,45.0,fade n4 k1.5,-5.2136682400539245
100,50,4.0,3022,-5.387286565188618,67.64761929642923,1.2305670643888176,-4.3778894471422465,-1.6928397151706949,0.8393674065131249,0.6181336863004633,3.4475384974883805,-1,45.0,fade n4 k1.5,-5.277251542152168
100,75,1.0,3254,-4.63849416103258,64.3598542693208,1.1282524304810333,-4.1112201806247795,-1.6001656592509816,0.8435230519974638,0.505838967424708,3.1608953315356922,-1,60.0,fade n4 k1.5,-3.7556084656084665
100,75,2.0,2935,-5.5404258943782,72.8845136517684,1.345337374361327,-4.118242754542079,-1.5964722120955475,0.8440339034421375,0.5161839863713799,3.7690773013856065,-1,75.0,fade n4 k1.5,-4.0609352517985515
100,75,4.0,2735,-6.990182815356497,79.61203970107317,1.5222994328333848,-4.591857991003778,-1.7835334084851175,0.8294753146984383,0.5276051188299817,4.264851588567766,-1,60.0,fade n4 k1.5,-4.2431598513011295
100,100,1.0,3189,-4.692947632486677,69.79423785300536,1.235925547544188,-3.7971119229727632,-1.4698797134197026,0.8507308357344104,0.4782063342740671,3.4625507446879737,-1,60.0,fade n4 k1.5,-3.9976764907470925
100,100,2.0,2843,-4.908712627506161,80.21949279821163,1.5044975398035136,-3.262692359169451,-1.2613266079617405,0.870891829407177,0.4829405557509673,4.214978068200851,-1,90.0,fade n4 k1.5,-2.915835866261392
100,100,4.0,2591,-5.903276727132388,89.22669169547387,1.7529159156173695,-3.36768961622057,-1.2967474204968321,0.8685562968178375,0.48552682362022387,4.910943317788582,-1,75.0,fade n4 k1.5,-2.6795617529880733
100,150,1.0,3103,-3.2751756364808258,76.99952547870416,1.3822836177798217,-2.3693948147495987,-0.9239125829682855,0.8982713516029499,0.4601998066387367,3.8725853508116646,-1,60.0,fade n4 k1.5,-3.4401426533523765
100,150,2.0,2702,-1.9850407105847534,91.39381185936463,1.7582236559092017,-1.1290035280285553,-0.440875735766804,0.949987062195175,0.45780903034789044,4.925813404531762,-1,120.0,fade n4 k1.5,-1.0118521527213589
100,150,4.0,2390,-2.482050209205021,104.08303357096813,2.129026127113305,-1.165814819083678,-0.4534812456566664,0.9486275686215689,0.4410041841004184,5.964648126696937,-1,120.0,fade n4 k1.5,-0.41265144863914277
100,0,1.0,3014,-1.8221831453218331,90.37082651778597,1.6461015744278051,-1.1069688369353725,-0.4293080746920034,0.9436459444300904,0.45388188453881884,4.6116938384294235,-1,60.0,fade n4 k1.5,-3.3342622950820036
100,0,2.0,2526,-0.7998970704671451,114.59907772264351,2.2801554147278957,-0.35080813584042536,-0.14001986329747482,0.980382447798732,0.43547110055423593,6.388049704901918,-1,120.0,fade n4 k1.5,1.8043111111110939
100,0,4.0,2077,-1.0054549831487722,145.47400570608121,3.19203135895004,-0.31498906811476257,-0.1254631199511022,0.9805402053820754,0.3938372652864709,8.942747870987482,-1,240.0,fade n4 k1.5,0.7919341126460815
150,20,1.0,3733,-5.019975890704524,47.198350629760746,0.7724988246028692,-6.49836055515712,-2.404990286318037,0.717861904234954,0.7414947763193143,2.1642212880170413,-1,15.0,fade n4 k1.5,-5.435280833815872
150,20,2.0,3546,-5.158302312464746,51.48800645582876,0.8646427638506987,-5.965819096770294,-2.2424684669734014,0.7289426544543213,0.7924421883812747,2.4223703861524597,-1,15.0,fade n4 k1.5,-5.411903052064639
150,20,4.0,3456,-4.967951388888886,54.64427936845522,0.9295180681583993,-5.3446528465354115,-2.0407627374020056,0.747335611877371,0.8336226851851852,2.604124079721494,-1,15.0,fade n4 k1.5,-4.546045949214022
150,30,1.0,3516,-5.1022866894197945,54.22059181991256,0.9144075861396559,-5.579882283085665,-2.1289693766909203,0.7705220587219488,0.6666666666666666,2.5617907766592207,-1,30.0,fade n4 k1.5,-6.121478045763758
150,30,2.0,3285,-5.024550989345508,60.29352312407504,1.051969079346237,-4.776329540472896,-1.839698618575652,0.7947405152214341,0.7254185692541857,2.947181022608326,-1,30.0,fade n4 k1.5,-6.016236979166668
150,30,4.0,3157,-5.229182768451057,64.79527651787387,1.1532037783478957,-4.534482861253278,-1.7601769572195722,0.8010211381133895,0.7703515996198923,3.2307986588914885,-1,30.0,fade n4 k1.5,-5.207385534173853
150,40,1.0,3398,-4.398887580929957,59.1868699875329,1.0153451210347355,-4.332406282158585,-1.65517445310815,0.8228957059547052,0.6194820482636845,2.8445758823740377,-1,45.0,fade n4 k1.5,-5.72433889602052
150,40,2.0,3135,-3.907224880382773,66.40945169449826,1.1860721869481472,-3.2942555464826775,-1.2769634879178524,0.8600383944181496,0.6755980861244019,3.32288230656885,-1,45.0,fade n4 k1.5,-6.006106922549682
150,40,4.0,2976,-4.410967741935481,72.43780166312234,1.327849329048235,-3.321888745537974,-1.2977854806577556,0.8575944392680158,0.7234543010752689,3.720083052142758,-1,45.0,fade n4 k1.5,-4.829719298245605
150,50,1.0,3300,-4.363636363636362,63.70059909496283,1.1088850973424778,-3.9351564685052836,-1.4880089817264606,0.8398250889971849,0.5854545454545454,3.106636097300446,-1,60.0,fade n4 k1.5,-4.547768924302776
150,50,2.0,3006,-4.095721889554223,72.40630078388084,1.320632168982128,-3.1013343349882083,-1.1960915341150966,0.8700388456098128,0.6340652029274784,3.699863563184798,-1,60.0,fade n4 k1.5,-5.413765211166765
150,50,4.0,2806,-5.3887170349251585,79.85388987024159,1.5074823747781634,-3.574646791952142,-1.3955818699692242,0.8506821870592035,0.6749821810406272,4.223340337744336,-1,60.0,fade n4 k1.5,-4.885997034840615
150,75,1.0,3121,-4.949724447292535,71.22051037807711,1.2748473843628445,-3.8826015631403252,-1.4753042572465822,0.8395688198292949,0.5248317846843961,3.571593587380927,-1,60.0,fade n4 k1.5,-3.690138792505207
150,75,2.0,2769,-4.036840014445651,82.77284871945459,1.572991675608164,-2.5663454403755135,-1.0030512797403683,0.890423204458668,0.5644637053087758,4.406870226598582,-1,105.0,fade n4 k1.5,-4.967820414428238
150,75,4.0,2503,-5.684726328405915,93.19703993986168,1.8628234398405141,-3.0516721052708107,-1.1965319824047147,0.8710568280378611,0.5936875749101078,5.218858613011537,-1,90.0,fade n4 k1.5,-5.149674796747973
150,100,1.0,3060,-4.704052287581701,76.72331424407346,1.3869686403609567,-3.3916068112091398,-1.2847455286774234,0.8557631848415469,0.4996732026143791,3.885710840821498,-1,60.0,fade n4 k1.5,-4.532044636429095
150,100,2.0,2671,-3.320325720703856,90.61807440899547,1.7533874162664729,-1.8936634824116054,-0.7370620769007382,0.9164995450525978,0.5312616997379259,4.912264267037441,-1,120.0,fade n4 k1.5,-3.8534304207119825
150,100,4.0,2349,-3.748492975734356,104.0112716730079,2.1460453630604905,-1.7466979217944414,-0.6811931999904393,0.9229978474891776,0.556406981694338,6.0123289665501485,-1,120.0,fade n4 k1.5,-5.282105263157915
150,150,1.0,2981,-3.2547769204964756,83.77591816038978,1.5343986518994328,-2.121206843128665,-0.8134999970823541,0.9026151070045532,0.4813820865481382,4.298748581853917,-1,60.0,fade n4 k1.5,-4.275563909774453
150,150,2.0,2536,-0.2359779179810687,101.71468701144491,2.0198031373522043,-0.11683213755693851,-0.045603837347146764,0.9943355888184957,0.5035488958990536,5.658650613104133,-1,120.0,fade n4 k1.5,-2.565888985255849
150,150,4.0,2150,-0.16348837209301648,120.31917300137327,2.594870018856471,-0.06300445529254829,-0.024740290209721908,0.9969447256098489,0.5093023255813953,7.269749487752808,-1,165.0,fade n4 k1.5,-4.029473684210506
150,0,1.0,2892,-1.704937759336099,97.95870919908984,1.8215617973942275,-0.9359757993250841,-0.3627230686720513,0.9492470139641016,0.4723374827109267,5.103260605458957,-1,60.0,fade n4 k1.5,-4.6245397324941475
150,0,2.0,2374,0.9420977253580473,125.07062162498121,2.5669354697455717,0.36701262515626293,0.14824696005347804,1.0219380145691708,0.4797809604043808,7.191488467889062,138333,120.0,fade n4 k1.5,0.5400759013282372
150,0,4.0,1841,0.6078815860945196,164.32538439774424,3.829814707514987,0.15872349774565192,0.06375814198202957,1.0104721717926137,0.4584464964693102,10.729552272685629,573560,240.0,fade n4 k1.5,-4.176091127098376
20,20,1.0,4026,-6.3722155986090385,19.231158636922387,0.30308787658623126,-21.024317007929167,-7.18994890790029,0.5156766508350223,0.39542970690511675,0.8491265148332331,-1,0.0,fade n8 k2.0,-7.935532370251469
20,20,2.0,3996,-6.424884884884882,19.477725778787775,0.3081239860335165,-20.85162199669197,-7.136114456040697,0.5196951652304578,0.3948948948948949,0.8632356046175464,-1,0.0,fade n8 k2.0,-7.934504021447719
20,20,4.0,3992,-6.466853707414827,19.537736881126293,0.309228127243282,-20.912889668432705,-7.165093284546221,0.5193626672947155,0.39504008016032066,0.866328950309535,-1,0.0,fade n8 k2.0,-7.941474530831097
20,30,1.0,3893,-5.503460056511686,22.857211349180584,0.3663372172719681,-15.022934599696777,-5.513566179490185,0.6141350498599449,0.34318006678653995,1.0263249327537847,-1,0.0,fade n8 k2.0,-7.067012127894153
20,30,2.0,3849,-5.486154845414391,23.360908446013013,0.3765440347243819,-14.569756361776065,-5.357471428722719,0.6243923072695091,0.3372304494673941,1.0549202016524446,-1,0.0,fade n8 k2.0,-7.058380320619124
20,30,4.0,3840,-5.543906249999997,23.537810174060684,0.37983977837636884,-14.595380909544316,-5.360915014628314,0.6248313480454704,0.33541666666666664,1.064153508350541,-1,0.0,fade n8 k2.0,-7.060591487009395
20,40,1.0,3815,-4.624469200524244,26.057493697444855,0.42187653489217514,-10.961664890193962,-4.136722924955446,0.6891401005543636,0.3127129750982962,1.1819230640226377,-1,0.0,fade n8 k2.0,-5.786860986547084
20,40,2.0,3760,-4.675106382978721,26.81595796309424,0.4373200546286844,-10.69035442920224,-4.027173813682909,0.6966027984466997,0.29973404255319147,1.225189400632078,-1,0.0,fade n8 k2.0,-5.763900789177001
20,40,4.0,3746,-4.77104644954618,27.121568547069373,0.4431297586894166,-10.76670288101806,-4.056937976810836,0.6955762649389972,0.29418045915643354,1.2414657816502364,-1,0.0,fade n8 k2.0,-5.75474901297236
20,50,1.0,3757,-4.134290657439444,28.745800776974924,0.46897945093056864,-8.815504920814785,-3.3196054720498487,0.7308367205760439,0.2898589299973383,1.3138858973258172,-1,0.0,fade n8 k2.0,-5.458217934165719
20,50,2.0,3684,-4.030228013029313,29.91671123708513,0.4928945757153154,-8.176653206581603,-3.07799866083106,0.7479783762644062,0.2736156351791531,1.380886157412091,-1,0.0,fade n8 k2.0,-5.526192109777016
20,50,4.0,3663,-4.086614796614794,30.406464889094583,0.502397502609613,-8.134225937405365,-3.0718451747883537,0.7495286072525799,0.26535626535626533,1.4075094169279634,-1,0.0,fade n8 k2.0,-5.491945080091531
20,75,1.0,3688,-3.7091973969631225,33.58609047668515,0.5530494915513693,-6.706809161976417,-2.606042199623925,0.7688769763992813,0.25650759219088937,1.5494152804152093,-1,0.0,fade n8 k2.0,-3.8854176334106763
20,75,2.0,3580,-3.7346927374301657,35.62689698938833,0.5954379143138021,-6.272178253435745,-2.445153977758762,0.7808508465636306,0.2259776536312849,1.6681700590455641,-1,0.0,fade n8 k2.0,-3.722430841671573
20,75,4.0,3535,-3.692263083451201,36.83467700520678,0.6195297368074101,-5.959783468148512,-2.333523835115762,0.7895753960167462,0.21018387553041018,1.735665352821058,-1,0.0,fade n8 k2.0,-3.5416205067766637
20,100,1.0,3658,-3.1596008747949687,37.61274110695327,0.6218893709618569,-5.080647816681788,-2.013473167975116,0.8067347258192249,0.24220885729907052,1.7422760689883106,-1,15.0,fade n8 k2.0,-3.0669817968291357
20,100,2.0,3521,-3.194004544163589,40.387883370679575,0.6806409602534003,-4.69264227497339,-1.8731414086426437,0.8175740363505888,0.20533939221811986,1.9068736530881425,-1,0.0,fade n8 k2.0,-3.2262768496420104
20,100,4.0,3451,-3.3398406259055338,42.017047704481556,0.7152420744715542,-4.669524829580425,-1.8682395442772557,0.8161649843260491,0.18226600985221675,2.003811623211961,-1,0.0,fade n8 k2.0,-3.43868263473054
20,150,1.0,3623,-2.595547888490199,42.77975376913253,0.7107291262143858,-3.6519509230120852,-1.4644669209157586,0.8431939465803528,0.23185205630692796,1.9911682140845695,-1,15.0,fade n8 k2.0,-2.366068883610456
20,150,2.0,3441,-2.0519877942458558,47.97944711384085,0.8179239079137103,-2.5087759073822515,-1.005782718726145,0.8850519830022106,0.1894798023830282,2.2914835299522434,-1,15.0,fade n8 k2.0,-2.019014598540148
20,150,4.0,3336,-2.0373021582733783,50.81455237773085,0.8797820223664735,-2.3156896895816987,-0.9220201749917323,0.890672714988901,0.1606714628297362,2.464784309023445,-1,15.0,fade n8 k2.0,-2.053190184049073
20,0,1.0,3583,-1.8194445994976254,53.97717697997679,0.901751270792334,-2.0176789968911826,-0.8003588611631314,0.8906382370516159,0.22802121127546748,2.5263330306663874,-1,15.0,fade n8 k2.0,-2.1164388489208656
20,0,2.0,3304,-1.09417675544794,62.03542272874224,1.0792442081734013,-1.013836115275348,-0.40587887314433785,0.939396743494449,0.1797820823244552,3.023594620352636,-1,15.0,fade n8 k2.0,-1.3588253968254
20,0,4.0,3127,-0.6027598337064253,71.83753556878975,1.2846578781754108,-0.46919872126773565,-0.18605085975620678,0.9683385636808388,0.14230892228973457,3.599078521828601,-1,15.0,fade n8 k2.0,-2.7220000000000044
30,20,1.0,3845,-6.979206762028605,24.320524866491677,0.3922155168357321,-17.794315784175463,-6.21547073470729,0.5481263485881732,0.4949284785435631,1.098825194281525,-1,0.0,fade n8 k2.0,-8.803540510543835
30,20,2.0,3805,-7.050315374507225,24.76044749500458,0.40140350360668386,-17.564160031387,-6.11994595134816,0.5542438839584659,0.4980289093298292,1.124566122203241,-1,0.0,fade n8 k2.0,-8.843203342618382
30,20,4.0,3801,-7.097156011575899,24.9488510723571,0.40467056502934806,-17.538107845973897,-6.1068909105151485,0.5559633127190553,0.5024993422783478,1.1337190731916442,-1,0.0,fade n8 k2.0,-8.790835654596098
30,30,1.0,3685,-5.670732700135683,28.44806319734544,0.4686341769142454,-12.10055301018594,-4.498963090624211,0.6647053330346752,0.44206241519674355,1.3129185827454877,-1,0.0,fade n8 k2.0,-7.65435986159169
30,30,2.0,3628,-5.791102535832413,29.232225720344424,0.4853200618654183,-11.932543059467248,-4.429112767770891,0.6707364929076324,0.4388092613009923,1.3596655113758274,-1,0.0,fade n8 k2.0,-7.676310904872387
30,30,4.0,3618,-5.841686014372579,29.638373542817163,0.4927425719334263,-11.85545221199568,-4.392234144955468,0.6743494838489194,0.4400221116639027,1.380460305863653,-1,0.0,fade n8 k2.0,-7.634895591647332
30,40,1.0,3591,-4.733330548593704,32.01787548156224,0.5342995504081649,-8.85894540801652,-3.375629915973778,0.7361876930975793,0.40573656363130045,1.4968857224679195,-1,0.0,fade n8 k2.0,-5.964675324675324
30,40,2.0,3515,-5.118165007112373,33.14576992090373,0.5590690452348668,-9.154799484493395,-3.4856949140905176,0.7308791807158265,0.3911806543385491,1.5662795730345331,-1,0.0,fade n8 k2.0,-5.857163289630512
30,40,4.0,3493,-5.016596049241338,33.844397913256365,0.5726476721849743,-8.760353517373415,-3.3228885673260264,0.7425104095153902,0.3907815631262525,1.6043212535802247,-1,0.0,fade n8 k2.0,-5.816893261776983
30,50,1.0,3524,-4.144143019296251,35.094006309981445,0.5911735569906398,-7.010027715704927,-2.6775892463231483,0.7787602267244257,0.37996594778660614,1.6562230986042408,-1,15.0,fade n8 k2.0,-5.879843750000003
30,50,2.0,3436,-4.356065192083816,36.68933269210499,0.6259119385110441,-6.959549617229347,-2.658438338652847,0.7819687149526139,0.3605937136204889,1.7535456347729743,-1,15.0,fade n8 k2.0,-6.0748632218845
30,50,4.0,3403,-4.151886570672933,37.6764010407258,0.6458600717339957,-6.428461446031195,-2.45731046519184,0.7980026251751174,0.35674404936820453,1.8094320299393438,-1,15.0,fade n8 k2.0,-6.0627328058429715
30,75,1.0,3446,-3.5877365060940223,40.71161105865522,0.6935226545479378,-5.173207367584313,-1.9783184075374582,0.8192457684087777,0.338943702843877,1.9429628174079692,-1,15.0,fade n8 k2.0,-4.072044887780554
30,75,2.0,3318,-4.098921036769137,43.297579501579555,0.7516669020344753,-5.453108319223479,-2.090439448957016,0.8111838442625114,0.3037974683544304,2.1058588816845547,-1,15.0,fade n8 k2.0,-4.420279898218832
30,75,4.0,3256,-3.7955282555282555,45.271184585349644,0.7933770992857099,-4.78401539311562,-1.8412834056188938,0.8326984626373023,0.2893120393120393,2.2227135537481897,-1,15.0,fade n8 k2.0,-4.1002744097000665
30,100,1.0,3411,-3.0610348871298734,45.24818551876982,0.7747477233339911,-3.951008560512119,-1.5220002128327477,0.8501903542192578,0.31926121372031663,2.170521769459185,-1,15.0,fade n8 k2.0,-3.1883471074380245
30,100,2.0,3252,-3.480036900369003,48.81676093325562,0.8560392768716485,-4.065277136683049,-1.5803694080688995,0.8456055603979219,0.27706027060270605,2.398266984207725,-1,15.0,fade n8 k2.0,-3.9146273493195136
30,100,4.0,3169,-3.3385957715367622,51.52985465275283,0.9153723668891917,-3.6472542675530737,-1.4312571120986666,0.860031115926671,0.2521300094667087,2.56449369214584,-1,15.0,fade n8 k2.0,-3.885300261096611
30,150,1.0,3375,-2.4988888888888874,50.832913567476595,0.8750001230490574,-2.855872614258805,-1.1006034044684205,0.8798438065653045,0.30637037037037035,2.4513874105812676,-1,30.0,fade n8 k2.0,-3.107935483870967
30,150,2.0,3171,-2.5334563229265195,57.011178414979064,1.0124227531281509,-2.5023699982035454,-0.9740411991654429,0.890988447632365,0.2541784925890886,2.8363886196450627,-1,15.0,fade n8 k2.0,-2.8332558139534814
30,150,4.0,3046,-2.5106172028890326,61.13499489706307,1.1077070780681777,-2.2664991969424864,-0.8865827595127478,0.8992459526591653,0.21766250820748523,3.1033357759149145,-1,15.0,fade n8 k2.0,-3.060101010101007
30,0,1.0,3329,-1.2881976569540392,64.66841271068755,1.1208185335712022,-1.1493365057495313,-0.43022953371454326,0.9384918107840169,0.3018924601982577,3.1400686358401337,-1,30.0,fade n8 k2.0,-2.312236756049715
30,0,2.0,3029,-2.232885440739517,71.18773234335615,1.2934675036355368,-1.7262787309797634,-0.6882702131873578,0.9057619920453618,0.23902277979531197,3.623759438294802,-1,30.0,fade n8 k2.0,-1.665174825174814
30,0,4.0,2819,-2.4517594891805596,82.6431575914799,1.5565366974439119,-1.5751376072319723,-0.6198288538855127,0.9050809855852128,0.18800993260021284,4.360770203009241,-1,30.0,fade n8 k2.0,-3.952811127379211
40,20,1.0,3697,-7.335712740059505,28.484822012866587,0.46847755109397393,-15.658621684068706,-5.514116323235072,0.5664088367757727,0.5591019745739789,1.3124797821626402,-1,0.0,fade n8 k2.0,-8.366733524355299
40,20,2.0,3643,-7.495325281361513,29.17803300933202,0.48342201655142975,-15.504724701681246,-5.441273951836644,0.5712361486378796,0.5682130112544607,1.3543479756808483,-1,0.0,fade n8 k2.0,-8.46586605080831
40,20,4.0,3637,-7.458545504536703,29.470313238542452,0.48866710083163645,-15.263039995619518,-5.366880505710667,0.5774738864362736,0.5768490514160022,1.3690425262680321,-1,0.0,fade n8 k2.0,-8.433764434180135
40,30,1.0,3521,-6.140326611758021,32.950712685958905,0.5553052760345136,-11.057569370863288,-4.069173489794277,0.6755367428346742,0.500142005112184,1.555735052878435,-1,0.0,fade n8 k2.0,-7.10108448172558
40,30,2.0,3448,-6.455893271461714,34.081265655951704,0.5804062574096196,-11.12305938994295,-4.05752486796898,0.6764186715528687,0.5026102088167054,1.6260575912590607,-1,0.0,fade n8 k2.0,-7.103377723970939
40,30,4.0,3436,-6.439301513387657,34.64202632449698,0.5909853425974783,-10.895873466312825,-3.9741932446358437,0.6838911264110318,0.5081490104772992,1.6556957999425235,-1,0.0,fade n8 k2.0,-7.133488794669899
40,40,1.0,3415,-5.241976573938504,36.77763786317711,0.6293445535980146,-8.32926342806924,-3.108621621730236,0.7420009759986761,0.45944363103953145,1.7631623984601024,-1,15.0,fade n8 k2.0,-5.141726263871762
40,40,2.0,3326,-5.743096812988573,38.37253161948099,0.6653640472404658,-8.631510579520372,-3.2014745312516895,0.7367606084501576,0.45219482862297056,1.8640740794127078,-1,15.0,fade n8 k2.0,-5.116018808777428
40,40,4.0,3300,-5.636969696969696,39.287708169929175,0.6839112146092791,-8.24225363842018,-3.0546606009705717,0.7491059150148551,0.45575757575757575,1.9160355493510421,-1,15.0,fade n8 k2.0,-5.225175879396989
40,50,1.0,3333,-4.864557455745572,40.09236306046306,0.6944548217713972,-7.004858060222243,-2.6314957437080917,0.773845912645353,0.42934293429342935,1.9455743633220224,-1,15.0,fade n8 k2.0,-5.426002522068096
40,50,2.0,3233,-5.362378595731516,42.129166448656456,0.7409348359153278,-7.23731472162056,-2.70680916459343,0.7699642591197892,0.41478502938447265,2.0757920838853403,-1,15.0,fade n8 k2.0,-5.941417525773193
40,50,4.0,3195,-5.120046948356805,43.41118051210167,0.7680087443780103,-6.666651891448702,-2.493357609953433,0.787844183938277,0.41471048513302033,2.151641945630935,-1,15.0,fade n8 k2.0,-6.061834625323001
40,75,1.0,3246,-4.172624768946396,46.23207445912561,0.8114637491232362,-5.142096333267876,-1.9514994843143139,0.818540139550705,0.3860135551447936,2.273384844578189,-1,30.0,fade n8 k2.0,-3.9268005266622854
40,75,2.0,3108,-5.020694980694982,49.40627077398528,0.8862200454995126,-5.665291601325828,-2.1588219829937842,0.8039067794661281,0.35424710424710426,2.4828209794668368,-1,15.0,fade n8 k2.0,-4.68272603670972
40,75,4.0,3041,-5.358727392305164,51.6336431402932,0.9363205576941336,-5.7231760514818175,-2.186820572634104,0.8037374206712526,0.33771785596843146,2.6231818338511754,-1,15.0,fade n8 k2.0,-4.376739576213269
40,100,1.0,3202,-3.844341036851967,50.94446641319798,0.900298142394205,-4.2700754959113105,-1.6501070195305312,0.83894856383271,0.36289818863210493,2.5222619676261693,-1,30.0,fade n8 k2.0,-2.981542625169157
40,100,2.0,3037,-4.3196345077378995,55.328463838272235,1.0039826702067136,-4.3024990728659835,-1.6687238511156934,0.8382678336837869,0.3256503128086928,2.812743008092716,-1,30.0,fade n8 k2.0,-3.884257703081237
40,100,4.0,2948,-4.844274084124831,58.50433734061303,1.0775174819474582,-4.495773075875763,-1.754806463355571,0.8326056014199943,0.298168249660787,3.018757049682306,-1,30.0,fade n8 k2.0,-3.9809412597310763
40,150,1.0,3161,-3.116953495729198,56.95602996372318,1.0130420248015817,-3.0768254617469566,-1.1907084861789918,0.8719041277603137,0.3492565643783613,2.8381235620113423,-1,45.0,fade n8 k2.0,-2.463676975945003
40,150,2.0,2955,-2.8700338409475443,64.3493707078251,1.1837651809167915,-2.424495911194809,-0.9458546099314272,0.8958594397447959,0.3038917089678511,3.316419032573307,-1,30.0,fade n8 k2.0,-2.7270503597122175
40,150,4.0,2821,-3.508007798652957,69.39092396046088,1.306475070667345,-2.6850935600792396,-1.0520104853124674,0.8845672641523958,0.26125487415809995,3.6602012458147293,-1,30.0,fade n8 k2.0,-3.0157875457875414
40,0,1.0,3110,-1.9784244372990352,68.74833974609774,1.2327698947715044,-1.6048610902083547,-0.6251968795973601,0.9192316578191536,0.3440514469453376,3.4537099145265264,-1,45.0,fade n8 k2.0,-2.1395470383275192
40,0,2.0,2811,-2.0658804695837776,81.7094122141124,1.5411384774277204,-1.340489839064879,-0.5395955524737136,0.9267051938784242,0.28779793667733905,4.317630777426628,-1,60.0,fade n8 k2.0,-2.4283853769992243
40,0,4.0,2588,-2.110324574961359,97.87424275581448,1.9239167645142603,-1.096889747979384,-0.43793664869326593,0.9333412666882699,0.22913446676970634,5.39001676834288,-1,45.0,fade n8 k2.0,-4.097873376623366
50,20,1.0,3588,-7.405663322185059,32.013583504139255,0.5344512206364828,-13.856574812132692,-4.828362015088343,0.5844305984842361,0.6078595317725752,1.4973106395376028,-1,0.0,fade n8 k2.0,-8.231238938053096
50,20,2.0,3524,-7.47643586833144,32.89390005299932,0.5541118254171901,-13.492648099871252,-4.718080394195375,0.5938560518345719,0.6223041997729852,1.5523914992703935,-1,0.0,fade n8 k2.0,-8.386420047732694
50,20,4.0,3501,-7.552782062267922,33.38477086723703,0.564225025013214,-13.38611675738955,-4.690395138051942,0.5969228855565923,0.6335332762067981,1.5807244897664403,-1,0.0,fade n8 k2.0,-8.37651551312649
50,30,1.0,3400,-6.460588235294115,36.785228060711155,0.6308614566556477,-10.240898642854626,-3.7198010595344653,0.6824270978194223,0.543235294117647,1.7674121316436777,-1,15.0,fade n8 k2.0,-7.17694029850746
50,30,2.0,3310,-6.873685800604228,38.269851593114,0.6651855114478759,-10.333486948088545,-3.740796407065875,0.6822409152932007,0.5498489425981873,1.8635738961752837,-1,15.0,fade n8 k2.0,-7.143885028427034
50,30,4.0,3281,-6.89682718683328,39.127834608884086,0.6830975046860563,-10.096402255199251,-3.661361588490756,0.690231836490633,0.5598902773544651,1.9137558716583096,-1,15.0,fade n8 k2.0,-7.138040455120104
50,40,1.0,3289,-5.540836120401336,40.77176720817452,0.7109312409322064,-7.7937721700567435,-2.903618980510683,0.7477854182911177,0.5007601094557617,1.9917344556903787,-1,15.0,fade n8 k2.0,-5.084015444015438
50,40,2.0,3182,-6.263915776241355,42.87186128570134,0.7600151529511794,-8.241830116042076,-3.0638690559729227,0.7382229565976173,0.4968573224387178,2.129247218049891,-1,15.0,fade n8 k2.0,-5.0421367521367495
50,40,4.0,3139,-6.183596686842941,44.157846184280885,0.7881560697770542,-7.845650022833797,-2.9170795786436634,0.7513149922634699,0.505893596686843,2.2080863946534084,-1,15.0,fade n8 k2.0,-5.03607778510218
50,50,1.0,3206,-4.919444791016842,44.2567314407602,0.7816234440592529,-6.293880804634503,-2.367301207645881,0.7882669893639057,0.47317529631940114,2.1897846870069513,-1,15.0,fade n8 k2.0,-4.8233993399339905
50,50,2.0,3087,-5.530038872691932,46.879567200081176,0.8437529005561588,-6.554097614416274,-2.4519988500275813,0.7832051050693711,0.46193715581470685,2.3638456539380757,-1,15.0,fade n8 k2.0,-5.287284453496264
50,50,4.0,3035,-5.476490939044479,48.60872001889083,0.8823377033163368,-6.206796919660862,-2.324557579341672,0.7956560615566267,0.4658978583196046,2.471944266994795,-1,15.0,fade n8 k2.0,-5.281689373297008
50,75,1.0,3111,-3.85637737062038,51.00365046853715,0.9144316625899377,-4.217239547128095,-1.6383236107857646,0.8458514366477683,0.4294439087110254,2.5618582288864347,-1,30.0,fade n8 k2.0,-3.1322222222222207
50,75,2.0,2957,-4.847321609739602,54.88098062627655,1.0092440566809417,-4.802923116219067,-1.863238110634818,0.8284507906674361,0.40006763611768686,2.827483230665693,-1,30.0,fade n8 k2.0,-3.9201230992034755
50,75,4.0,2877,-5.5990024330900265,57.72637694817017,1.0762282061636246,-5.202430489206841,-2.015178042330115,0.8178220408421769,0.38651372957942304,3.015145033704247,-1,30.0,fade n8 k2.0,-3.6342013129102924
50,100,1.0,3066,-3.6396412263535556,55.860748518021026,1.0088362417261871,-3.607762167748735,-1.4248560634358078,0.8605647114566665,0.4050880626223092,2.826340702316727,-1,45.0,fade n8 k2.0,-2.024047109207716
50,100,2.0,2883,-4.202244190079779,61.19706509684727,1.1397465163638651,-3.686998933312123,-1.4609164365346616,0.8586279840525355,0.36801942421089145,3.193096992640755,-1,45.0,fade n8 k2.0,-2.9292990305742026
50,100,4.0,2778,-5.057458603311737,65.30087087642252,1.2389473540692606,-4.0820609420576,-1.6131426381049565,0.8464073376642899,0.34305255579553634,3.4710165931806145,-1,30.0,fade n8 k2.0,-2.8457488653555334
50,150,1.0,3021,-3.045379013571664,61.99081384919682,1.1278516400550063,-2.7001592278778244,-1.0664216461687004,0.8859954740645959,0.3889440582588547,3.1597724830025737,-1,60.0,fade n8 k2.0,-0.8285901162790564
50,150,2.0,2797,-2.990393278512691,70.387784782776,1.3309172815685006,-2.246866367974785,-0.8923616116010783,0.903138354241528,0.3425098319628173,3.728678182573407,-1,45.0,fade n8 k2.0,-0.8871538461538244
50,150,4.0,2647,-4.249199093313182,76.43891438075913,1.4857219502747325,-2.8600230968704747,-1.1270545091277406,0.8785728952572563,0.2995844352096713,4.162376654115661,-1,45.0,fade n8 k2.0,-1.0869169960474216
50,0,1.0,2974,-1.9002891728312035,74.36432105020361,1.3636224262866938,-1.393559636596706,-0.5494963681373947,0.9294127257085134,0.38264963012777403,3.8203044325721423,-1,60.0,fade n8 k2.0,-0.4024444444444512
50,0,2.0,2650,-2.0616981132075463,90.87249763118594,1.7652634445252975,-1.1679265888621877,-0.4670660841548882,0.9347531241412724,0.32490566037735846,4.945535972257256,-1,75.0,fade n8 k2.0,-0.532295081967207
50,0,4.0,2404,-2.4085524126455913,108.32125201541292,2.2092580159281634,-1.0902087466835328,-0.43294033809045296,0.9339265025114656,0.26830282861896837,6.189424600421927,-1,75.0,fade n8 k2.0,-2.0826785714285676
75,20,1.0,3403,-6.791322362621217,38.17968880552465,0.6544875802777249,-10.37654887162166,-3.8474785726277694,0.6311938273969107,0.6767558037026153,1.8336027303445988,-1,0.0,fade n8 k2.0,-6.925381750465552
75,20,2.0,3300,-7.004242424242424,39.97458851279802,0.6958682666101444,-10.065471814604967,-3.7421664897060913,0.63810083887831,0.7036363636363636,1.9495342494888748,-1,0.0,fade n8 k2.0,-7.010606826801516
75,20,4.0,3259,-7.4096686100030675,41.28405296519835,0.7231695749908753,-10.246101144529705,-3.8072492816869556,0.6327634968457011,0.7235348266339368,2.026021191483474,-1,0.0,fade n8 k2.0,-7.00663504111322
75,30,1.0,3206,-6.110336868371802,43.71666151753881,0.7720852043456816,-7.914070667304296,-3.0156820991851143,0.719182927586221,0.6097941359950093,2.163062495618592,-1,15.0,fade n8 k2.0,-6.35317880794702
75,30,2.0,3072,-6.742148437500002,46.36815204993957,0.8365832833705659,-8.0591479312569,-3.0501669317753395,0.714701196947814,0.6305338541666666,2.34375936041139,-1,15.0,fade n8 k2.0,-6.224035326086954
75,30,4.0,3022,-7.2602183984116495,48.35262083514428,0.8795748216338166,-8.25423627398263,-3.1298211110829266,0.7104173890158229,0.6502316346790206,2.4642038185136514,-1,15.0,fade n8 k2.0,-6.225054347826089
75,40,1.0,3088,-4.725556994818653,48.07411530446592,0.8651126349865861,-5.462360395293412,-2.1429945229445004,0.7996747026390049,0.5699481865284974,2.4236867701811797,-1,30.0,fade n8 k2.0,-4.485192307692307
75,40,2.0,2933,-5.794602795772248,51.62390618954362,0.9532236994334231,-6.078953764175653,-2.352036707256732,0.7808993717907892,0.5806341629730651,2.670537425887637,-1,15.0,fade n8 k2.0,-4.293345195729536
75,40,4.0,2867,-6.12711196372515,54.21105447071941,1.0124509878162689,-6.051761554345036,-2.3415927866716393,0.7837799813916984,0.6027206138821067,2.8364677215299317,-1,15.0,fade n8 k2.0,-4.470714285714298
75,50,1.0,3001,-4.429953348883706,51.991516037373735,0.9490727054804955,-4.667664893640487,-1.8576415074629844,0.8259638608631448,0.5368210596467844,2.658908062588639,-1,30.0,fade n8 k2.0,-4.6511781405251975
75,50,2.0,2832,-5.390635593220341,56.2621102591658,1.0572297925839795,-5.098830576884394,-1.9925672863396957,0.8129639596516288,0.5420197740112994,2.9619193590519166,-1,30.0,fade n8 k2.0,-5.1416296296296355
75,50,4.0,2754,-5.801256354393611,59.45624828292839,1.1329624953782156,-5.120431062863192,-2.0053793112025566,0.8147086019972744,0.5573710965867829,3.174090979727991,-1,30.0,fade n8 k2.0,-5.022886904761918
75,75,1.0,2889,-4.027279335410181,59.32432804972257,1.1037203674619753,-3.648822160155458,-1.4525720655480185,0.857295262579165,0.48598130841121495,3.092166666411684,-1,60.0,fade n8 k2.0,-2.820052592036059
75,75,2.0,2682,-5.306405667412385,65.4250649143097,1.2633240835727144,-4.2003518625289935,-1.6689006337415284,0.8393692504516114,0.47240865026099926,3.539310078223429,-1,45.0,fade n8 k2.0,-3.561588188347975
75,75,4.0,2572,-6.582768273716959,70.2028691828007,1.384265451564684,-4.755423366433241,-1.891734870142611,0.8231056519456007,0.47200622083981336,3.878137627048092,-1,45.0,fade n8 k2.0,-3.522955465587064
75,100,1.0,2842,-3.5714919071076747,64.70214648766016,1.2136868648088404,-2.942679871278162,-1.1885989959826209,0.8793258249568316,0.4609429978888107,3.40024717986632,-1,60.0,fade n8 k2.0,-1.6046718146718204
75,100,2.0,2611,-4.471922635005751,72.38820045977089,1.4166558014653186,-3.1566754820614973,-1.2862053585479785,0.8723626721329594,0.4381463040980467,3.9688819525392165,-1,60.0,fade n8 k2.0,-2.4606270627062923
75,100,4.0,2476,-6.058578352180944,78.8086863781193,1.5837942734916866,-3.82535689993625,-1.5606556837959251,0.850320765306759,0.4244749596122779,4.437134625146277,-1,60.0,fade n8 k2.0,-2.2870389170897067
75,150,1.0,2801,-2.625237415208856,71.44776866471639,1.3499948625613738,-1.9446277078624858,-0.7828778166235852,0.9134700303095953,0.44269903605855054,3.782125651480393,-1,60.0,fade n8 k2.0,-0.7187519747235549
75,150,2.0,2525,-2.1604950495049526,83.12355631738765,1.654220598366304,-1.3060501432751117,-0.5288383450584598,0.940979334625778,0.41346534653465344,4.634439975881027,-1,90.0,fade n8 k2.0,-1.870034423407926
75,150,4.0,2350,-3.6470212765957477,92.37730914718253,1.9055983865324169,-1.9138456992672872,-0.7700754830237333,0.915887452396253,0.38042553191489364,5.338696271369142,-1,75.0,fade n8 k2.0,-1.5677280858676241
75,0,1.0,2753,-1.5384562295677466,84.11037541757142,1.6030477752054937,-0.9597070364110221,-0.38156839596902453,0.9497825841059343,0.4355248819469669,4.491074950944592,-1,60.0,fade n8 k2.0,-0.13774557165862553
75,0,2.0,2382,-0.2354240134340922,109.2551831550806,2.2385725336361593,-0.10516702492176483,-0.042519681491601104,0.9937647117688592,0.39126784214945426,6.27155171990876,-1,120.0,fade n8 k2.0,0.30449541284401843
75,0,4.0,2094,-1.7537058261700127,129.94505939943758,2.839693277348627,-0.6175687494698081,-0.24805186823273126,0.961875873226736,0.34001910219675263,7.955642709794684,-1,150.0,fade n8 k2.0,1.7560743801652536
100,20,1.0,3295,-5.623535660091045,41.82966458382584,0.7287132607876443,-7.7170760609086955,-2.8615732570501273,0.6856248692546043,0.7144157814871017,2.041552299665565,-1,15.0,fade n8 k2.0,-5.582197659297794
100,20,2.0,3163,-5.911877963958267,44.72394688599874,0.7952259197090212,-7.434211860349653,-2.7732892335934363,0.6908075990884588,0.7527663610496365,2.227893181717084,-1,0.0,fade n8 k2.0,-5.775446009389668
100,20,4.0,3108,-6.235624195624196,46.63901670426113,0.83658270211858,-7.453685307899586,-2.7864183028056444,0.688358066488304,0.7805662805662805,2.3437577319844185,-1,0.0,fade n8 k2.0,-5.421720430107526
100,30,1.0,3088,-4.959689119170984,47.9315091573479,0.8625463812153576,-5.7500549850810465,-2.1770870796188904,0.7700642011800117,0.6473445595854922,2.4164971915497793,-1,15.0,fade n8 k2.0,-5.344303708887338
100,30,2.0,2920,-5.684178082191781,51.960110998602744,0.9615649941679901,-5.911382087188094,-2.2323988205344176,0.762295260398526,0.6808219178082192,2.693906273915924,-1,15.0,fade n8 k2.0,-4.719796511627902
100,30,4.0,2856,-6.06310924369748,54.788525058035624,1.0252045088792088,-5.914048554396131,-2.2462879746888142,0.7627822965933646,0.7111344537815126,2.8721977976187567,-1,15.0,fade n8 k2.0,-4.355112891478515
100,40,1.0,2970,-4.3721548821548835,52.99488067387751,0.972424055985573,-4.496140192380997,-1.763308004542401,0.8195743358793814,0.6013468013468013,2.7243288609866387,-1,30.0,fade n8 k2.0,-4.482419825072892
100,40,2.0,2775,-5.358108108108108,58.05714103307392,1.1021079924414523,-4.861690637265521,-1.8959126944403513,0.8058769017698935,0.6266666666666667,3.087649460388132,-1,30.0,fade n8 k2.0,-3.6659017651573333
100,40,4.0,2687,-5.635366579828806,61.69882021091194,1.1902632546373706,-4.73455477842647,-1.850647008922441,0.8118682004066475,0.6594715295868999,3.3346239398550894,-1,30.0,fade n8 k2.0,-3.0595282289249934
100,50,1.0,2876,-4.772267037552156,57.30755499361066,1.0686055833090686,-4.465882559563505,-1.7542828097832066,0.8212199394741705,0.5629346314325452,2.993789606191673,-1,45.0,fade n8 k2.0,-5.2463869992441445
100,50,2.0,2667,-5.418233970753657,63.18421769187764,1.223480649167819,-4.428540798286433,-1.7260693980019477,0.822911180038211,0.5838020247469067,3.42768530135582,-1,45.0,fade n8 k2.0,-4.874670947030505
100,50,4.0,2562,-6.097962529274007,67.86213692553542,1.340719630961186,-4.548275708398681,-1.7802564047275757,0.8207607358697316,0.6100702576112412,3.7561402997347324,-1,45.0,fade n8 k2.0,-4.529870340356577
100,75,1.0,2772,-4.582568542568547,64.88680905069178,1.232423027340548,-3.718340570491688,-1.4758328193364687,0.8466279379334117,0.5111832611832612,3.452738135859314,-1,60.0,fade n8 k2.0,-3.962828685258947
100,75,2.0,2523,-5.560709472849787,72.94797366471724,1.4522942149021458,-3.828913876947766,-1.5249735141078806,0.8435692167305263,0.5132778438367024,4.068726004820831,-1,75.0,fade n8 k2.0,-3.4984421235857277
100,75,4.0,2377,-6.87014303744216,79.78453988203657,1.6364553261780403,-4.198185509583971,-1.6774772764917851,0.8323959120618725,0.5271350441733277,4.584669051922634,-1,60.0,fade n8 k2.0,-2.751545293072856
100,100,1.0,2724,-3.834052863436127,70.38911239815376,1.3486583239166157,-2.842864493878419,-1.1394887393668847,0.8773761543140829,0.486417033773862,3.778381224569802,-1,60.0,fade n8 k2.0,-2.9457660626029627
100,100,2.0,2452,-4.460473083197395,80.28257607041726,1.621291353438183,-2.751185389188881,-1.110401258196778,0.8821023973666675,0.47879282218597063,4.542185890046781,-1,90.0,fade n8 k2.0,-2.1345859872611497
100,100,4.0,2278,-6.172352941176476,89.25087750316445,1.8699742871337042,-3.3007688841740475,-1.3348842985158083,0.8629787686875663,0.48024582967515367,5.238892321085121,-1,82.5,fade n8 k2.0,-0.5931984948260091
100,150,1.0,2684,-2.6838152011922514,77.48713414982045,1.495678817865562,-1.7943793608190848,-0.7194520864641718,0.9166182429194452,0.46795827123695977,4.190271667176837,-1,60.0,fade n8 k2.0,-1.4792165122156826
100,150,2.0,2371,-2.484010965837201,91.27481283348229,1.8744988316900235,-1.3251600501653285,-0.53757205903784,0.9378672640545542,0.4495993251792493,5.251568218232799,-1,120.0,fade n8 k2.0,-1.679319470699415
100,150,4.0,2149,-3.339325267566311,103.87537918173749,2.2407552074150834,-1.4902677706676084,-0.6025079568206144,0.9314616100262544,0.432759422987436,6.277666666503756,-1,120.0,fade n8 k2.0,-1.164077766699919
100,0,1.0,2636,-2.016858877086497,90.42094545512491,1.7611499744623722,-1.145194280062483,-0.4547590566391744,0.9382126285910065,0.4582701062215478,4.934011735333813,-1,60.0,fade n8 k2.0,-2.449055793991447
100,0,2.0,2228,-0.5970017953321395,115.23690288144735,2.4413721406113775,-0.24453535182171615,-0.09766328225586261,0.9854103724867521,0.42908438061041293,6.839712101049651,-1,120.0,fade n8 k2.0,2.7606024096385458
100,0,4.0,1891,-2.0805869910100494,139.23026314669752,3.2017534011583404,-0.6498273696710459,-0.25842731267347163,0.9600439533878792,0.38921205711263884,8.969985000728128,-1,240.0,fade n8 k2.0,2.0454651162790003
150,20,1.0,3209,-4.631227796821437,46.76842241593239,0.825596535942656,-5.609553329258532,-2.0976211461449235,0.7334532962480175,0.7419756933624182,2.312979051222217,-1,15.0,fade n8 k2.0,-2.3542140468227553
150,20,2.0,3037,-5.158949621336842,51.59524955519781,0.9362402789606684,-5.510283777860801,-2.0936947269006074,0.7289072896438831,0.7902535396773132,2.6229569261381704,-1,15.0,fade n8 k2.0,-2.4473919107391864
150,20,4.0,2952,-5.465474254742544,54.73463633649654,1.0074049032985102,-5.425300429695285,-2.0770475859389395,0.7273473294568878,0.8265582655826558,2.8223306857356305,-1,15.0,fade n8 k2.0,-2.3846116165150453
150,30,1.0,2989,-4.52753763800602,53.81757869443589,0.9843764087969527,-4.599396732332616,-1.7560978696539935,0.7914410894100427,0.6697892271662763,2.757814395944671,-1,30.0,fade n8 k2.0,-2.510233747260788
150,30,2.0,2764,-5.169160636758319,59.805474385146255,1.1375537337911026,-4.5441023867339965,-1.7473890663607823,0.7879255442553554,0.717438494934877,3.1869537253983675,-1,30.0,fade n8 k2.0,-2.693243243243244
150,30,4.0,2663,-5.445463762673674,64.43505760364864,1.248638259148785,-4.36112198450969,-1.6846989134913208,0.7932996170391152,0.7630491926398798,3.498166489601546,-1,30.0,fade n8 k2.0,-3.0686104605776663
150,40,1.0,2856,-4.094271708683473,59.13884516978511,1.1066078280762337,-3.699839821123532,-1.4217721602015376,0.833736624767772,0.6225490196078431,3.1002561333864733,-1,45.0,fade n8 k2.0,-2.459047619047627
150,40,2.0,2609,-4.5034917592947465,66.27584599752696,1.2975324877623446,-3.470812331690614,-1.3646499693031764,0.8399067749614059,0.6665389037945573,3.635147837736331,-1,45.0,fade n8 k2.0,-2.2141210139002405
150,40,4.0,2478,-4.791210653753024,72.26140558645852,1.4516293950097177,-3.3005742858499705,-1.2966881458095616,0.8462039277092575,0.7158999192897498,4.066863455237496,-1,45.0,fade n8 k2.0,-2.676390041493778
150,50,1.0,2757,-4.3425933986216885,63.35794417983941,1.2066538249560121,-3.5988726085379086,-1.3935778602884672,0.8392919440263533,0.583968081247733,3.380543519376237,-1,60.0,fade n8 k2.0,-2.4275200000000114
150,50,2.0,2497,-4.274781738085701,71.88262618880098,1.4385158923997965,-2.971661113145103,-1.178975420153293,0.8633671135278224,0.6275530636764117,4.030124860167855,-1,60.0,fade n8 k2.0,-1.5353919035314447
150,50,4.0,2344,-4.553651877133103,79.03494708622172,1.6324517853374134,-2.7894556629688783,-1.106959260283686,0.8709789873786473,0.6736348122866894,4.573452791083422,-1,60.0,fade n8 k2.0,-1.8347944006999142
150,75,1.0,2649,-3.887961494903739,70.90450055010503,1.377630734089941,-2.8222087375773564,-1.1023040588590534,0.8711215723373146,0.5337863344658361,3.8595499006444958,-1,60.0,fade n8 k2.0,-0.5202030456852744
150,75,2.0,2346,-4.0555583972719536,82.36900450304341,1.700590753233701,-2.3847938662257473,-0.9464423236003331,0.8894328213344032,0.5571184995737425,4.764349916319135,-1,105.0,fade n8 k2.0,-1.1828301886792285
150,75,4.0,2147,-4.929031206334423,92.7802604208358,2.002348030602617,-2.461625617026729,-0.9787527304081831,0.8865905304550918,0.5929203539823009,5.609748644053905,-1,90.0,fade n8 k2.0,-1.602815533980588
150,100,1.0,2605,-2.7821305182341662,76.39006510235743,1.4966939954654537,-1.858850591145024,-0.729554509488951,0.9116455988171706,0.510172744721689,4.193115773734453,-1,60.0,fade n8 k2.0,-0.6923601398601442
150,100,2.0,2276,-3.536045694200353,90.30759211244536,1.8929456027540394,-1.8680123132200805,-0.7453738347976934,0.9111714679051681,0.5197715289982425,5.30324841936766,-1,120.0,fade n8 k2.0,-1.5188669950738818
150,100,4.0,2048,-3.7733984374999996,103.31124434155049,2.282877545210334,-1.6529132039591445,-0.66203505154483,0.9218237589039189,0.5478515625,6.395675985423291,-1,120.0,fade n8 k2.0,-1.6742268041237305
150,150,1.0,2567,-2.0761316712115305,83.36594848282455,1.6454161714489326,-1.261766905683998,-0.5005315278213803,0.9365447278328993,0.4892871055707051,4.6097736235753635,-1,60.0,fade n8 k2.0,1.0613392857142745
150,150,2.0,2198,-1.9369517743403062,101.2042285367879,2.1586628357096584,-0.8972924081974734,-0.3634802955313707,0.9542699510284542,0.4886260236578708,6.047677891414002,-1,120.0,fade n8 k2.0,-0.8880412371133436
150,150,4.0,1920,-1.3931249999999926,119.27967228122054,2.7221736316770078,-0.5117693389535007,-0.20558256101734798,0.9739716120474031,0.49583333333333335,7.6264014076432005,-1,180.0,fade n8 k2.0,-2.284137168141563
150,0,1.0,2523,-0.9871858898137142,96.11710708914562,1.9135599190222867,-0.5158897194701415,-0.20549926374649496,0.9700167704421291,0.47958779231074117,5.361001183106287,-1,60.0,fade n8 k2.0,0.5892538671519201
150,0,2.0,2077,0.42882522869523615,124.02781051553804,2.721452940172673,0.15757216388537945,0.06204904769172204,1.0099948054886092,0.46990852190659604,7.624382328977837,656576,120.0,fade n8 k2.0,5.123486842105274
150,0,4.0,1679,0.6831983323406845,157.14670497828882,3.835128598522181,0.17814222255909398,0.07092006594516838,1.01189349613668,0.4478856462179869,10.744439591182047,415264,240.0,fade n8 k2.0,-2.2760526315789895
20,20,1.0,5757,-5.514248740663539,19.27605451785983,0.25405048667266533,-21.70532642107647,-7.527609398768323,0.5620053844361294,0.4158415841584158,0.7117440881165449,-1,0.0,ema13>48 long,-6.427234042553188
20,20,2.0,5605,-5.635762711864405,19.551958230305623,0.2611574697789456,-21.579940702575907,-7.504880726057361,0.5623756176258096,0.41391614629794826,0.7316549069324783,-1,0.0,ema13>48 long,-6.50089108910891
20,20,4.0,5561,-5.589226757777376,19.708861565857443,0.26429265363485577,-21.14787029040693,-7.347874342829031,0.5689694575717328,0.4170113288976803,0.7404383916792626,-1,0.0,ema13>48 long,-6.51178217821782
20,30,1.0,5378,-4.479847526961693,22.96620883629361,0.31316910467116243,-14.30488340050554,-5.360447268830318,0.6713423108466251,0.36258832279657865,0.8773699344164017,-1,0.0,ema13>48 long,-5.10266722408026
20,30,2.0,5192,-4.588343605546994,23.503512838086806,0.32618608853658676,-14.066644062388765,-5.25214842023481,0.674368092975357,0.35689522342064717,0.9138381239981894,-1,0.0,ema13>48 long,-5.159221052631575
20,30,4.0,5114,-4.5995424325381284,23.84643071486179,0.33345944428862173,-13.793408797733889,-5.135696699815142,0.6795934134969805,0.3539303871724677,0.9342150499591675,-1,0.0,ema13>48 long,-5.1880623420387515
20,40,1.0,5113,-3.682333268140033,26.08775585159595,0.36483695721994297,-10.09309280561763,-3.8646739683433653,0.7416690049099678,0.3320946606688832,1.0221218263687055,-1,0.0,ema13>48 long,-3.991446733888634
20,40,2.0,4863,-3.934869422167384,26.895090338298573,0.38567445331656663,-10.202566927443316,-3.8970152461697696,0.7368356776196583,0.3162656796216327,1.0804998474154932,-1,0.0,ema13>48 long,-4.085284697508892
20,40,4.0,4771,-3.828461538461536,27.53584929307467,0.3986518352463962,-9.6035216697178,-3.6796418396636312,0.7501769152598472,0.31041710333263467,1.11685708879991,-1,0.0,ema13>48 long,-4.185861148197595
20,50,1.0,4908,-3.1587856560717182,28.76518391347811,0.4105961549261544,-7.6931691107526925,-2.956840494432514,0.7853441380415143,0.3107171964140179,1.1503201182551366,-1,0.0,ema13>48 long,-3.7135294117646955
20,50,2.0,4630,-3.418293736501078,29.90766301619363,0.4395335017442356,-7.777094858380516,-2.9778904931857015,0.7804843915160817,0.28704103671706266,1.231390561352081,-1,0.0,ema13>48 long,-3.85111371080954
20,50,4.0,4503,-3.2835598489895603,30.83504216376462,0.4595085251263693,-7.145808335300307,-2.734311262442056,0.7955920714021172,0.27626027093049077,1.2873522915909277,-1,0.0,ema13>48 long,-4.037304266291606
20,75,1.0,4640,-2.2348275862068956,33.8039625551225,0.4962592578021463,-4.503346891914104,-1.7612305710494875,0.8530934097031505,0.2855603448275862,1.3903126010102058,-1,15.0,ema13>48 long,-2.4635867446393633
20,75,2.0,4252,-2.601147695202257,35.95066849099258,0.5513283721002407,-4.7179645141304745,-1.8318349510857135,0.8417593033339185,0.24576669802445908,1.5445934176023206,-1,15.0,ema13>48 long,-3.5779443585780406
20,75,4.0,4061,-2.484779610933267,37.72730430314635,0.5920239555502667,-4.197093019021074,-1.6167982715042395,0.8561126756064636,0.2221127801034228,1.658605562638396,-1,15.0,ema13>48 long,-3.651506707946335
20,100,1.0,4486,-1.8744850646455629,37.246036294574274,0.5560968403672301,-3.3707889140454528,-1.3269871494804586,0.8786980831592673,0.27329469460543915,1.5579526878121588,-1,15.0,ema13>48 long,-1.88852791878172
20,100,2.0,4033,-2.099075130176047,40.4530119712021,0.6369960686346838,-3.295271719141273,-1.2721304319756248,0.8754722248945225,0.22588643689561122,1.7845987698830041,-1,15.0,ema13>48 long,-3.097506849315058
20,100,4.0,3792,-1.9875210970464128,43.34775933884983,0.7039348867722751,-2.823444517943577,-1.0958745714785698,0.8893087901834451,0.19119198312236288,1.972133573295232,-1,15.0,ema13>48 long,-3.108939812258419
20,150,1.0,4365,-1.6576975945017163,41.14173386242274,0.6227166336100772,-2.6620416173750496,-1.0729679541334207,0.8937728082700378,0.26552119129438717,1.7445937157950615,-1,15.0,ema13>48 long,-1.64928458705944
20,150,2.0,3823,-1.682100444676953,46.19428982812272,0.7471127462378451,-2.2514680055283818,-0.8905189315954541,0.9019839700282056,0.21135234109338216,2.093100026123732,-1,15.0,ema13>48 long,-2.4897106481481277
20,150,4.0,3500,-1.193428571428569,51.55080945689215,0.871367718943829,-1.3696038371436399,-0.5444065879202891,0.9354620803799165,0.16685714285714287,2.441210920933847,-1,15.0,ema13>48 long,-2.014311377245496
20,0,1.0,4274,-1.3066120729995305,46.188124106294,0.7065014624461599,-1.8494117032335275,-0.7469617548780106,0.9161757055055597,0.26579316799251285,1.979324053764356,-1,15.0,ema13>48 long,-0.4183598464070035
20,0,2.0,3615,-0.7552835408022114,58.6063693487911,0.9747442162974008,-0.7748530621409396,-0.30696288639768243,0.956149416564884,0.2074688796680498,2.730828987819908,-1,15.0,ema13>48 long,-0.7872049689440878
20,0,4.0,3109,-0.5309134770022488,71.58858521270011,1.283906562298354,-0.4135141081075611,-0.16258687102022934,0.9719673324427337,0.14634930845931168,3.5969736463733057,-1,15.0,ema13>48 long,1.4233653187114965
30,20,1.0,5389,-5.734052699944329,24.08676618961322,0.32811373093108115,-17.475808414579095,-6.264273751455285,0.6050757301753854,0.5156800890703285,0.9192385784364128,-1,0.0,ema13>48 long,-6.554864864864856
30,20,2.0,5195,-5.948132820019247,24.585163699699052,0.3410989075102939,-17.438146792773708,-6.25694124121436,0.603417912049156,0.5179980750721848,0.955617657195322,-1,0.0,ema13>48 long,-6.786422558922556
30,20,4.0,5136,-5.960950155763237,24.92982909932919,0.34786184317857444,-17.13597013485377,-6.166931200925048,0.60930622639393,0.525506230529595,0.9745645977946257,-1,0.0,ema13>48 long,-6.795263157894735
30,30,1.0,4969,-4.97102233849869,28.1886238503156,0.39988892464992565,-12.431007792602577,-4.60954808001553,0.6948157367822934,0.448983698933387,1.1203229001863224,-1,0.0,ema13>48 long,-5.365380483437763
30,30,2.0,4734,-5.243738910012671,29.054081124802618,0.4222727125565657,-12.417896667453368,-4.620545213097718,0.6934977799947649,0.4465568229826785,1.1830329895109408,-1,0.0,ema13>48 long,-5.574456671251714
30,30,4.0,4629,-5.20294015986174,29.725901081240714,0.4369094496136961,-11.9085091074639,-4.428848165620194,0.7044335440863169,0.4512853748109743,1.2240390556916037,-1,0.0,ema13>48 long,-5.583523197060172
30,40,1.0,4666,-4.193557651093012,31.584632053917435,0.4623846995402347,-9.069412667120718,-3.44540584180548,0.7573318927381648,0.4114873553364766,1.2954101393135278,-1,15.0,ema13>48 long,-4.312898961284218
30,40,2.0,4376,-4.327477148080438,32.92670250722774,0.497748068199757,-8.694111387979769,-3.2770758585866235,0.7641517376538919,0.4040219378427788,1.3944836302127248,-1,15.0,ema13>48 long,-4.805512195121946
30,40,4.0,4236,-3.9835788479697807,34.06375114044092,0.5233768337834079,-7.611301438722693,-2.8771058235879505,0.7903942346378096,0.40769593956562794,1.4662848010303637,-1,15.0,ema13>48 long,-4.911819960861054
30,50,1.0,4452,-3.6938634321653168,34.5044445821409,0.517127297183122,-7.143044763419766,-2.7067913587927004,0.7949845575315788,0.3858939802336029,1.4487761916709467,-1,15.0,ema13>48 long,-4.289504214179458
30,50,2.0,4145,-3.798323281061518,36.28205533451776,0.5635463144798427,-6.740037479559063,-2.515850711705078,0.8034654827363749,0.37080820265379977,1.5788230243687695,-1,15.0,ema13>48 long,-5.015363070539413
30,50,4.0,3957,-3.4426408895627976,37.88111960693747,0.6021986551685907,-5.716786080498636,-2.1411562709244394,0.830122174590997,0.3671973717462724,1.6871108506878325,-1,15.0,ema13>48 long,-5.147068335941573
30,75,1.0,4191,-2.49162252445717,40.12578263080145,0.6198187156043228,-4.019921408839422,-1.553548608696617,0.8674176171308018,0.3586256263421618,1.7364749515468365,-1,30.0,ema13>48 long,-3.0303733333333045
30,75,2.0,3754,-2.8917581246670223,43.02839775266838,0.7022763453988959,-4.117692620024801,-1.5626457854717841,0.8604043847461037,0.32205647309536495,1.9674870282999442,-1,15.0,ema13>48 long,-3.940404157043867
30,75,4.0,3498,-2.531566609491138,45.945993075890335,0.7768510198678291,-3.258754310346211,-1.2507813265927907,0.8866444719687827,0.30131503716409375,2.176414333937694,-1,15.0,ema13>48 long,-3.813820617355854
30,100,1.0,4039,-2.1855186927457284,43.743273476783486,0.6882945856312015,-3.1752664315112917,-1.2546856430612852,0.8859010174707366,0.3431542461005199,1.9283159368115648,-1,30.0,ema13>48 long,-2.4558632286995277
30,100,2.0,3555,-2.1583544303797475,48.25463081417385,0.809317990910441,-2.666880576757858,-1.0353823797994404,0.8991744683333757,0.29845288326300984,2.267373320087577,-1,30.0,ema13>48 long,-4.145816831683151
30,100,4.0,3243,-1.9230558125192723,52.47707803242057,0.9215017638157946,-2.086871548195631,-0.82147407152666,0.9182616201695616,0.2642614862781375,2.581665719971358,-1,15.0,ema13>48 long,-4.209772583701833
30,150,1.0,3914,-1.5056361778231973,48.38115344802549,0.773331690258617,-1.9469474700043439,-0.771216920713885,0.9217437747560977,0.3377618804292284,2.166554632126858,-1,45.0,ema13>48 long,-2.140235294117625
30,150,2.0,3340,-1.107365269461076,55.24990352676457,0.9560008768625234,-1.1583308093767777,-0.45358552698505966,0.9491264385302098,0.28473053892215566,2.678317925121082,-1,30.0,ema13>48 long,-3.621515957446776
30,150,4.0,2931,0.08427499147049017,63.04978914617331,1.164597166994018,0.07236407047770455,0.028328283291264588,1.0034616012550952,0.2374616171954964,3.2627182081066812,4393165,30.0,ema13>48 long,-2.650365425158106
30,0,1.0,3824,-1.3462238493723844,54.34108405851951,0.8787581303383449,-1.5319617570469053,-0.623705897867367,0.9302476012603225,0.3342050209205021,2.4619157882524965,-1,45.0,ema13>48 long,-1.3514110429447475
30,0,2.0,3127,-0.09044771346338196,68.9902620910744,1.2337405927269933,-0.07331177558441296,-0.02929671053736033,0.9958730818359275,0.27662296130476494,3.4564294075698765,-1,45.0,ema13>48 long,-1.016274228284249
30,0,4.0,2525,0.6779207920792082,87.67804706559217,1.7448583519049203,0.3885248285851395,0.15429153924592492,1.0268435231561552,0.2083168316831683,4.8883693663977805,131289,45.0,ema13>48 long,0.8177371048253457
40,20,1.0,5123,-5.72275424555924,27.833307517923014,0.38886838820250097,-14.716429566342503,-5.273751015606579,0.6330847447614993,0.5785672457544407,1.0894479281795422,-1,0.0,ema13>48 long,-6.7517685305591515
40,20,2.0,4881,-5.905242778119236,28.616684581945606,0.4096046825870612,-14.416931810500191,-5.168273299344067,0.6351167826716396,0.589018643720549,1.147542424005765,-1,0.0,ema13>48 long,-7.190088613203365
40,20,4.0,4804,-5.959650291423811,29.195774363518886,0.42122922907046045,-14.148235402788062,-5.070686365520756,0.6408340431724353,0.6024146544546212,1.1801095816009235,-1,0.0,ema13>48 long,-7.200017730496453
40,30,1.0,4706,-5.086217594560134,32.39764089453063,0.4722668106079652,-10.769796818905128,-3.9768149084677518,0.716489798567699,0.506587335316617,1.3230957156046321,-1,15.0,ema13>48 long,-5.720217186024517
40,30,2.0,4411,-5.134479709816366,33.66326282072451,0.5068596027839412,-10.12998408556351,-3.750802740918715,0.7279621850430185,0.5177964180457946,1.4200103708181002,-1,15.0,ema13>48 long,-6.353547758284596
40,30,4.0,4287,-5.332920457196172,34.66314164049683,0.5294088292724068,-10.073350050707452,-3.7373182656217843,0.7298849488284697,0.5255423372988104,1.483183950428067,-1,15.0,ema13>48 long,-6.286578690127076
40,40,1.0,4396,-4.091865332120108,36.049303947004915,0.5437109027211426,-7.525810704992861,-2.8280567650117003,0.7860450356130896,0.4681528662420382,1.5232524279904114,-1,15.0,ema13>48 long,-5.190050050050021
40,40,2.0,4048,-4.099535573122528,37.910752334353354,0.5958571446224324,-6.8800644753873295,-2.5848056402862527,0.7998889888008438,0.4730731225296443,1.6693445684812078,-1,15.0,ema13>48 long,-6.030187891440494
40,40,4.0,3888,-4.004763374485595,39.4700508873792,0.6330012362432391,-6.32662804618396,-2.384151168350336,0.8150529955841068,0.4801954732510288,1.7734069065062936,-1,15.0,ema13>48 long,-6.043231739358906
40,50,1.0,4196,-3.380085795996185,39.19754664907111,0.6051194966062878,-5.585815388452752,-2.1513043491691177,0.8308699509644921,0.44232602478551003,1.6952938368841366,-1,30.0,ema13>48 long,-5.0998791382028035
40,50,2.0,3822,-3.279010989010987,41.68371939142984,0.6742502594949108,-4.863195739023274,-1.847858248128347,0.8489066195991058,0.4400837257980115,1.8889695603097751,-1,15.0,ema13>48 long,-6.2019179600886805
40,50,4.0,3622,-3.0155659856432893,43.8191445558017,0.7280977214591416,-4.141705016738626,-1.5838730992440153,0.8700124889350225,0.4417448923246825,2.0398278137816646,-1,15.0,ema13>48 long,-6.118547392035894
40,75,1.0,3930,-2.390508905852418,45.090777754198704,0.7192691792956347,-3.323524731302116,-1.316650897578787,0.8870159842310407,0.4071246819338422,2.0150939005588966,-1,45.0,ema13>48 long,-3.0830005737234143
40,75,2.0,3436,-2.3150291036088486,49.067324000497,0.8370777451972926,-2.7656082327970797,-1.0733591024810825,0.9020465402200221,0.38649592549476136,2.3451446373560687,-1,30.0,ema13>48 long,-4.883609022556371
40,75,4.0,3152,-1.9781345177664988,52.90099144309113,0.9422598954389735,-2.0993512801953003,-0.8189363479595114,0.9242590295805083,0.3686548223350254,2.639821394682499,-1,30.0,ema13>48 long,-3.9210741687979556
40,100,1.0,3768,-1.61271762208068,49.05863926337729,0.7992084204737872,-2.017893681756541,-0.8068991085159473,0.9247783601248757,0.39490445859872614,2.239050496990776,-1,45.0,ema13>48 long,-2.4667554479418405
40,100,2.0,3221,-1.3787923005277871,54.7622376504568,0.9649078135409858,-1.4289368177753088,-0.5660272326154886,0.9437355255889849,0.3604470661285315,2.70327146725813,-1,45.0,ema13>48 long,-4.763509485094828
40,100,4.0,2880,-1.178194444444445,60.257603765874315,1.122834151514519,-1.0493040693990774,-0.42015068252729926,0.9576229962809596,0.32743055555555556,3.1457155612754937,-1,30.0,ema13>48 long,-4.2489310829817155
40,150,1.0,3632,-1.0036563876651972,53.79750839298303,0.8926665106604497,-1.1243352088145777,-0.4435345996670553,0.9535193953318695,0.38683920704845814,2.500881300970798,-1,60.0,ema13>48 long,-2.3364743589743013
40,150,2.0,3012,-0.47592297476759476,62.38740208249711,1.1367616598255725,-0.4186655757202627,-0.16688324944649774,0.981081755933166,0.34130146082337315,3.1847346626848867,-1,60.0,ema13>48 long,-3.807521994134854
40,150,4.0,2570,0.8520233463035044,72.02435458481207,1.4207341300303067,0.59970639706201,0.2379198155416343,1.0291313749577935,0.29105058365758757,3.9803077375614953,56087,60.0,ema13>48 long,-2.641188589540395
40,0,1.0,3546,-1.2809757473209245,58.89518243238919,0.9890321420682481,-1.2951811097283135,-0.5329428771598199,0.9410719688065463,0.38071065989847713,2.770857829457009,-1,60.0,ema13>48 long,-1.5203070761013897
40,0,2.0,2812,0.38389758179231925,76.04957276901845,1.4341319803661385,0.2676863685128261,0.10750699238313186,1.0151863796383893,0.3332147937411095,4.0178429570168515,308014,75.0,ema13>48 long,-1.943001579778775
40,0,4.0,2180,1.177889908256882,98.47779666095644,2.1091626708503473,0.558463282389686,0.22331279930826836,1.0384826984467395,0.2564220183486238,5.908998961250001,54862,75.0,ema13>48 long,0.9785878962536931
50,20,1.0,4953,-5.388526145770238,30.730346304828945,0.43664982498304683,-12.340612173563681,-4.409488696853258,0.6636670282951046,0.6226529376135675,1.2233116951641188,-1,0.0,ema13>48 long,-6.62242882562276
50,20,2.0,4690,-5.683816631130062,31.984546614802415,0.4670396772875593,-12.169879578840366,-4.354295103783254,0.6630135178389666,0.6409381663113006,1.3084514561610772,-1,0.0,ema13>48 long,-6.90633867276888
50,20,4.0,4585,-5.764809160305342,32.80428550615567,0.48446333337950015,-11.899371455196443,-4.2556448075224385,0.6683838618033675,0.6588876772082879,1.3572653135137427,-1,0.0,ema13>48 long,-6.935412844036696
50,30,1.0,4516,-5.145845881310893,35.81056086200137,0.5328858107105744,-9.656563897712319,-3.5874231820916536,0.7294513618450541,0.546058458813109,1.4929250102288905,-1,15.0,ema13>48 long,-5.279985272459461
50,30,2.0,4191,-5.201715581006917,37.509754768698095,0.5794092102149038,-8.97761977079652,-3.3649435856471412,0.7422345101378657,0.5659747077069912,1.6232642785765838,-1,15.0,ema13>48 long,-6.075947879407255
50,30,4.0,4035,-5.593841387856257,38.97040526450227,0.613498001939718,-9.117945568151834,-3.4252842438513524,0.7388574339520568,0.5784386617100372,1.7187669335761553,-1,15.0,ema13>48 long,-6.035118191161355
50,40,1.0,4222,-4.378820464234957,39.697677975622476,0.6109504513205533,-7.167226826283953,-2.72447181362467,0.7873864457993787,0.504263382283278,1.7116297534191087,-1,30.0,ema13>48 long,-5.275774058577375
50,40,2.0,3833,-4.721776676232714,42.09912378897927,0.6799917557164712,-6.943873416902869,-2.6423630513341876,0.7899785146130222,0.5134359509522567,1.9050548512539502,-1,15.0,ema13>48 long,-5.7836158503026915
50,40,4.0,3642,-4.695546403075231,44.198983311603016,0.7323898364511159,-6.411266472276668,-2.446815380182182,0.8048251650882562,0.527732015376167,2.0518525396976206,-1,15.0,ema13>48 long,-5.819437952142459
50,50,1.0,4021,-3.670004973887091,42.920641082645176,0.6768604893885533,-5.422099578012621,-2.0827645879328256,0.8300881562714265,0.4764983834866949,1.8962823417956804,-1,30.0,ema13>48 long,-5.021628162816247
50,50,2.0,3622,-3.8223025952512404,46.0547016965239,0.7652436784797937,-4.994882940875112,-1.8888892010928149,0.8400944622619314,0.48067366096079517,2.143895377883383,-1,30.0,ema13>48 long,-5.900099823840276
50,50,4.0,3384,-3.576052009456264,48.86057036087687,0.8399305062421848,-4.257557003680431,-1.6237428770285063,0.8620374684645687,0.48965721040189125,2.353136890530247,-1,15.0,ema13>48 long,-5.6530005977286315
50,75,1.0,3747,-2.718876434480919,48.827047471195186,0.7976614747688963,-3.408559295493931,-1.3324339376675356,0.8814125456766854,0.4384841206298372,2.2347165967707303,-1,45.0,ema13>48 long,-2.078557516737623
50,75,2.0,3228,-2.956356877323421,53.60978057592172,0.9435768269930058,-3.1331384925430505,-1.200385065905652,0.8870926504190818,0.4234820322180917,2.643510890657543,-1,45.0,ema13>48 long,-3.4967567567567337
50,75,4.0,2902,-2.632866988283944,58.59306390694196,1.0876708874192669,-2.420646740422544,-0.9287002531302043,0.9110758596850997,0.41247415575465196,3.0472026803656327,-1,30.0,ema13>48 long,-2.7593537178596272
50,100,1.0,3603,-2.15067166250347,52.78113183867632,0.8793192239326397,-2.4458371931013554,-0.9794163093702992,0.9080582063372676,0.42464612822647796,2.4634877397722503,-1,60.0,ema13>48 long,-1.3322553467271072
50,100,2.0,3041,-2.092367642222954,59.5584416189396,1.0800282505830239,-1.93732677001129,-0.7601843271821547,0.9236147842461504,0.3955935547517264,3.0257911819778087,-1,60.0,ema13>48 long,-3.269955784819431
50,100,4.0,2660,-2.0076691729323324,66.33143265515469,1.286111315193856,-1.5610384180701464,-0.6129028804341428,0.9369111781829206,0.368796992481203,3.6031504494949353,-1,45.0,ema13>48 long,-2.902413261372396
50,150,1.0,3471,-2.1295275136848164,57.218403603216785,0.9711994548647224,-2.192677830509529,-0.8718020406607788,0.9106164349602965,0.41169691731489483,2.720898036588379,-1,60.0,ema13>48 long,-0.8884181568087413
50,150,2.0,2831,-1.5577499116919806,67.00981164792803,1.259413842830674,-1.2368848576340583,-0.4852897583172667,0.9449568297059054,0.3730130695867185,3.5283552055612657,-1,75.0,ema13>48 long,-2.47395849960091
50,150,4.0,2343,-0.5819334186939805,78.08053911308676,1.613082794686617,-0.3607585553641939,-0.14108539549738588,0.9828126898713274,0.3273580879214682,4.519188913186382,-1,75.0,ema13>48 long,-0.6726010544815254
50,0,1.0,3387,-1.8506731620903447,62.408113865228735,1.072342352569673,-1.7258230616887824,-0.7037253629832253,0.92191510260724,0.41098317094774134,3.0042584837156805,-1,60.0,ema13>48 long,-0.3384565685569768
50,0,2.0,2638,-0.1467096285064441,81.62472242788635,1.5892210974322263,-0.0923154297054634,-0.03643261433598898,0.9948203878271753,0.3661865049279757,4.452338334879395,-1,120.0,ema13>48 long,0.03614322691982108
50,0,4.0,1975,0.19962025316455834,105.43383991103909,2.372446752641628,0.08414108891686983,0.03346525032857208,1.0056388651900015,0.2936708860759494,6.646611752960899,2189568,120.0,ema13>48 long,3.9811328976036298
75,20,1.0,4742,-4.762796288485871,36.07794063128199,0.5239151592520663,-9.090777780290171,-3.3144216262781536,0.7098838080102517,0.6824124841838887,1.4677929657058908,-1,15.0,ema13>48 long,-5.576200378071823
75,20,2.0,4396,-5.10073703366697,38.32344988048714,0.5780105369174353,-8.824643683607405,-3.2175268729798665,0.709584555170845,0.7140582347588716,1.619345776141427,-1,15.0,ema13>48 long,-5.999683794466404
75,20,4.0,4254,-5.230526563234601,39.92348063425284,0.6121102534490204,-8.545072613573245,-3.120431892794083,0.7148477633386094,0.7440056417489421,1.714879037918158,-1,15.0,ema13>48 long,-6.124810756972109
75,30,1.0,4275,-4.189649122807017,41.65459489617959,0.6370812971458665,-6.576317875876605,-2.493782494651775,0.7869279400482445,0.6091228070175438,1.784837544820095,-1,15.0,ema13>48 long,-4.709894459102867
75,30,2.0,3865,-4.40901681759379,44.73561988397727,0.7195793809483989,-6.127213945156054,-2.324485165111746,0.7946946391709355,0.6445019404915912,2.015962956923915,-1,15.0,ema13>48 long,-5.331400560224087
75,30,4.0,3658,-4.950196828868234,47.392705481509125,0.7835913824059937,-6.317319128330385,-2.413379647740579,0.7878024077189691,0.6722252597047567,2.195298033989338,-1,15.0,ema13>48 long,-5.345757231990922
75,40,1.0,3974,-3.952556618017112,46.246939173755514,0.7336164535307619,-5.387769861204966,-2.065230107744413,0.8205977903576335,0.5631605435329643,2.055289011976242,-1,30.0,ema13>48 long,-4.230261215218595
75,40,2.0,3505,-4.386148359486449,50.098933508603196,0.8462223074567946,-5.183210511985223,-1.9885520038050313,0.8222230316949026,0.5877318116975749,2.3707639078084033,-1,30.0,ema13>48 long,-4.386986469864694
75,40,4.0,3255,-4.504439324116745,53.66582135293254,0.9406374903867082,-4.788709114990635,-1.8287184105832812,0.834126163649318,0.6184331797235023,2.635276088670281,-1,30.0,ema13>48 long,-4.276366479049406
75,50,1.0,3771,-3.5588941925218784,49.82513012380188,0.811372297080271,-4.3862653498629225,-1.6976217091313226,0.8489306346311633,0.5324847520551578,2.273128633886451,-1,45.0,ema13>48 long,-4.807068757539159
75,50,2.0,3285,-4.212374429223746,54.5433573735687,0.9516432689237729,-4.4264217136612345,-1.6908897663570022,0.8438738277265794,0.5494672754946728,2.6661097151335467,-1,45.0,ema13>48 long,-4.645394736842095
75,50,4.0,2993,-4.149672569328435,59.18157577537447,1.0817655982888774,-3.836018242669514,-1.4632430111039223,0.8629170829567775,0.5750083528232542,3.03065850962925,-1,30.0,ema13>48 long,-4.725748138117808
75,75,1.0,3506,-2.6553736451796954,55.950841875009004,0.9449322462215501,-2.810120678808026,-1.1067903490761355,0.8949527742551059,0.49315459212778096,2.6473082131325785,-1,60.0,ema13>48 long,-2.393619302948988
75,75,2.0,2912,-3.5128708791208854,62.57457620598087,1.159584046326033,-3.029423257633534,-1.1820161621563707,0.882875894462038,0.4886675824175824,3.2486735233466373,-1,67.5,ema13>48 long,-2.769485238455674
75,75,4.0,2517,-3.311454112038148,70.14517322312042,1.3981577819952304,-2.368440926111045,-0.9160406759106027,0.9065194038635679,0.4970202622169249,3.9170581746274515,-1,60.0,ema13>48 long,-2.347974481658699
75,100,1.0,3371,-2.0212370216552986,59.86416002923966,1.031068495044474,-1.9603324428685165,-0.7773416582307331,0.9216917124986582,0.4784930287748443,2.8886262545785826,-1,60.0,ema13>48 long,-1.309003558718776
75,100,2.0,2753,-2.652150381402112,68.7601047967006,1.3104891337129896,-2.0237866252944907,-0.8003394782005089,0.9160023662180271,0.45949872865964403,3.671446985507981,-1,90.0,ema13>48 long,-2.248548790658831
75,100,4.0,2286,-2.165328083989508,78.81717334026668,1.6484764318976945,-1.313532933859918,-0.5141921224707302,0.9434976540398183,0.4540682414698163,4.61834720401219,-1,75.0,ema13>48 long,-1.2570588235294125
75,150,1.0,3247,-1.82865106251925,64.54551021947375,1.1327260643112262,-1.6143806699029153,-0.6364157196447575,0.9304642485735969,0.4641207268247613,3.173428597945611,-1,60.0,ema13>48 long,-0.8653962264149884
75,150,2.0,2584,-1.8108978328173395,76.7977137625016,1.5107828172944548,-1.1986486820523532,-0.4747234725028125,0.9448396506269159,0.43691950464396284,4.23258680871121,-1,120.0,ema13>48 long,-0.9497260273971851
75,150,4.0,2021,-1.1786689757545796,91.73746967211032,2.040626867361305,-0.5776014197434799,-0.22846101553707238,0.9717512228222519,0.40722414646214744,5.716990067283605,-1,120.0,ema13>48 long,1.2663483735572283
75,0,1.0,3166,-0.7811560328490229,70.22041860272662,1.247980957984344,-0.625935858917827,-0.24078912749257853,0.9697689601636615,0.465255843335439,3.4963250043753993,-1,60.0,ema13>48 long,-0.8925984251967128
75,0,2.0,2402,-0.27251457119067773,92.24531168773932,1.8821654676941284,-0.14478778612623244,-0.05763353729602933,0.9916740577667097,0.4267277268942548,5.273046952334552,-1,120.0,ema13>48 long,1.6905389221557654
75,0,4.0,1661,1.5649066827212477,123.22879111369915,3.023621130984323,0.5175604399258187,0.20543161612642422,1.0360120528315138,0.3732691149909693,8.470932265739695,48669,195.0,ema13>48 long,4.84176312247659
100,20,1.0,4628,-4.3939325842696615,39.81554349047844,0.58526960881699,-7.50753587419506,-2.778172334969907,0.7337112380920456,0.7087294727744166,1.6396826846724386,-1,15.0,ema13>48 long,-4.171036168132933
100,20,2.0,4232,-4.449026465028355,42.730039701400365,0.6568413224615347,-6.773365671263617,-2.5378366975134856,0.7466503456728893,0.7511814744801513,1.8401969396540092,-1,15.0,ema13>48 long,-4.9088405797101435
100,20,4.0,4056,-4.685463510848126,45.21452271665974,0.7099519847390706,-6.599690699604396,-2.4773657707832943,0.7479652068001325,0.7889546351084813,1.988990986014944,-1,15.0,ema13>48 long,-4.585813710099422
100,30,1.0,4156,-4.269547641963426,46.104791592998566,0.7151683622008383,-5.969989540399192,-2.2425236965249304,0.7901756616519519,0.6323387872954764,2.00360511200393,-1,30.0,ema13>48 long,-4.4154089422028
100,30,2.0,3689,-4.028953645974519,49.921510010246195,0.8219272622469743,-4.901837219707516,-1.8616713885392029,0.8172611768663438,0.680672268907563,2.3026992682751843,-1,30.0,ema13>48 long,-5.184761624484976
100,30,4.0,3435,-4.890000000000001,53.91610644931127,0.9199307825764512,-5.315617318842807,-2.0336118835828256,0.8004290315720187,0.7176128093158661,2.577264482153281,-1,15.0,ema13>48 long,-4.884297719087634
100,40,1.0,3858,-3.2220891653706585,50.601756663002604,0.8146751742562414,-3.9550599640062294,-1.5144061962464204,0.8556950604763814,0.5935717988595127,2.2823819257598923,-1,45.0,ema13>48 long,-4.002174940898324
100,40,2.0,3338,-3.519478729778311,55.598226471017064,0.9623161448863664,-3.657299888898677,-1.4009300834327993,0.8607264900776092,0.6300179748352307,2.6960106866651015,-1,30.0,ema13>48 long,-4.060638020833318
100,40,4.0,3051,-3.798030154047854,60.815427705236885,1.1010135444061886,-3.4495762321400427,-1.3198594650986673,0.8667338836276365,0.6742051786299574,3.084583270950544,-1,30.0,ema13>48 long,-3.2234672021419013
100,50,1.0,3653,-2.9716315357240632,54.47626455792575,0.9013272143797924,-3.29695086125726,-1.28675646610362,0.8767983368172132,0.561456337257049,2.5251450004893647,-1,60.0,ema13>48 long,-4.976835443037932
100,50,2.0,3126,-3.445470249520155,60.48069957653264,1.0817385803101471,-3.1851228311856072,-1.2369204482627614,0.8767478160167167,0.5905310300703774,3.0305828164594164,-1,45.0,ema13>48 long,-4.566799440950359
100,50,4.0,2803,-3.2732322511594734,66.83964055007776,1.2624743313588003,-2.592711922813112,-1.0043721293302323,0.8976594752885125,0.6328933285765251,3.536929424981868,-1,45.0,ema13>48 long,-4.0906559766763815
100,75,1.0,3394,-2.518933411903362,61.064462561282774,1.0481721593483446,-2.4031676375275977,-0.9469756471752606,0.9047825886965702,0.5176782557454331,2.936543627667873,-1,60.0,ema13>48 long,-3.2999999999999257
100,75,2.0,2775,-3.030900900900905,69.28853787462312,1.315315394753968,-2.304314929323731,-0.9027237667866533,0.904538630145942,0.5286486486486487,3.6849681670991403,-1,90.0,ema13>48 long,-4.763786407766925
100,75,4.0,2342,-2.6337233134073506,79.20710313466432,1.6367060381804854,-1.609160870656555,-0.6282105689858318,0.9315296906371247,0.5546541417591802,4.585371442962687,-1,75.0,ema13>48 long,-3.6235355285961908
100,100,1.0,3262,-1.888712446351934,64.99241980331006,1.1379435763885877,-1.6597593110424764,-0.6550692514557352,0.9301797110489125,0.5015328019619865,3.1880459026568726,-1,60.0,ema13>48 long,-2.7041901931648624
100,100,2.0,2617,-2.445521589606424,75.7524075946684,1.4807937714279198,-1.6514937034400297,-0.646554254720191,0.9276197389011854,0.4967520061138708,4.148569941106214,-1,120.0,ema13>48 long,-4.300258697591372
100,100,4.0,2120,-1.7079245283018933,88.75892159524201,1.9277205919278353,-0.8859813685933952,-0.34917859105346255,0.9596403973673076,0.5080188679245283,5.400673514997005,-1,105.0,ema13>48 long,-1.6147011952191175
100,150,1.0,3140,-2.2638853503184726,69.43652026706074,1.239147840893773,-1.8269695314851022,-0.7196484880931587,0.9185594907762775,0.4840764331210191,3.471578274104595,-1,60.0,ema13>48 long,-2.246210691823806
100,150,2.0,2439,-2.2424395243952446,83.7410666032075,1.6956358419497528,-1.322477072563376,-0.5231547305333125,0.9368442798005875,0.4706847068470685,4.750468310108965,-1,120.0,ema13>48 long,-2.708749999999912
100,150,4.0,1832,-1.4739519650655026,102.09800019060455,2.385363123021,-0.6179151303382191,-0.24497481738513777,0.9684192921742936,0.4596069868995633,6.68279806528742,-1,150.0,ema13>48 long,1.4021820303384624
100,0,1.0,3064,-0.7139556135770246,77.11744921510093,1.3931833503633533,-0.5124634983549146,-0.1964938587641027,0.9738069811251399,0.48466057441253263,3.903121880499071,-1,60.0,ema13>48 long,-2.6784270578646
100,0,2.0,2274,-0.5912313104661407,99.49919616800155,2.086528600297297,-0.28335643728147303,-0.11340408541386754,0.9832704281056212,0.45822339489885666,5.84558768376285,-1,120.0,ema13>48 long,-0.8556779661016263
100,0,4.0,1492,1.9003485254691672,133.38552954109474,3.453220462453051,0.5503119612928576,0.2193680313829021,1.0393395857946703,0.4269436997319035,9.674491402493697,38668,240.0,ema13>48 long,6.3223287671234765
150,20,1.0,4511,-3.1217446242518267,43.0131349354797,0.6404197001726849,-4.8745293491285,-1.8321727078822803,0.799916711233214,0.7304367102637996,1.7941903653921332,-1,15.0,ema13>48 long,-3.712536634663953
150,20,2.0,4054,-3.5948840651208656,48.411762847089854,0.7603420772817769,-4.727982539086324,-1.786697269346936,0.791173574859658,0.7802170695609275,2.1301631244219346,-1,15.0,ema13>48 long,-4.264714518760189
150,20,4.0,3830,-3.622898172323757,52.31898005275761,0.8453954029949071,-4.285448157736886,-1.6253287584472107,0.8014534164530225,0.8295039164490862,2.368447264491188,-1,15.0,ema13>48 long,-4.234438295517425
150,30,1.0,4036,-3.399514370664022,50.33106651381809,0.7922469107520894,-4.290978386317496,-1.628461646091172,0.8296287677749425,0.6508919722497523,2.2195472342587177,-1,30.0,ema13>48 long,-4.344820308043315
150,30,2.0,3517,-3.5899715666761423,56.84375860629431,0.9585098988453041,-3.745367231993016,-1.4491633627591987,0.8393211542012611,0.7091270969576343,2.6853471640199604,-1,30.0,ema13>48 long,-4.8683291457286195
150,30,4.0,3211,-4.525129243226407,63.30368746407046,1.1171432243294157,-4.050625868444659,-1.573309836259566,0.8214851431018055,0.7617564621613204,3.1297719437963507,-1,30.0,ema13>48 long,-4.838412184057022
150,40,1.0,3734,-2.503979646491696,55.18136580042131,0.9030364672412868,-2.772844439096882,-1.058856777248745,0.8868379832120725,0.6106052490626673,2.529933618040145,-1,60.0,ema13>48 long,-4.319820210787327
150,40,2.0,3151,-3.3401428118057743,63.14000587617244,1.1248132313732175,-2.9695088203469946,-1.157975343618737,0.8714124267555454,0.657251666137734,3.1512601221530883,-1,60.0,ema13>48 long,-4.019337979094064
150,40,4.0,2818,-3.387232079488997,71.01183949447046,1.3377047475512533,-2.5321223429082713,-0.9855170343646142,0.8862001046052662,0.7207239176721079,3.747693846939131,-1,45.0,ema13>48 long,-3.8353885257806795
150,50,1.0,3538,-2.332114188807234,59.267245324776965,0.9964048387627426,-2.3405287671054174,-0.9009138383951877,0.9030094960185322,0.5785754663651781,2.791513067533935,-1,60.0,ema13>48 long,-4.278231382978696
150,50,2.0,2954,-3.4159309410968155,68.73199953050643,1.2646016175074863,-2.7011913426376695,-1.0639045857713023,0.8825324350504481,0.6198375084631009,3.5428891984107236,-1,75.0,ema13>48 long,-5.228339622641494
150,50,4.0,2583,-3.3480720092915193,78.41330569582328,1.5428636951407737,-2.1700374568642857,-0.8508973052006467,0.9022604904114794,0.6825396825396826,4.322464121869545,-1,60.0,ema13>48 long,-4.954847512038516
150,75,1.0,3284,-2.267161997563947,66.26534796477281,1.1563382949653165,-1.9606390339532507,-0.7779207572853805,0.9154762295343449,0.5338002436053593,3.239580274312784,-1,60.0,ema13>48 long,-3.266383763837592
150,75,2.0,2616,-3.0919877675841,77.8670078403248,1.5224204771774474,-2.030968325726027,-0.8144336910740015,0.9069590782315847,0.5592507645259939,4.265190704612828,-1,120.0,ema13>48 long,-3.714536628420055
150,75,4.0,2145,-3.0494405594405616,92.40148513368581,1.9951029154695352,-1.528462785451293,-0.6103864708278667,0.9275854888229981,0.607925407925408,5.589450836593537,-1,120.0,ema13>48 long,-4.444064642507343
150,100,1.0,3150,-1.9147619047619056,70.10074968164976,1.2490142279273135,-1.5330184892604244,-0.592785761142392,0.9305749234298324,0.5152380952380953,3.4992197981739435,-1,60.0,ema13>48 long,-3.415546874999965
150,100,2.0,2461,-2.23920763917107,84.18508608952278,1.6969902750039823,-1.3195170721681448,-0.5197685290630142,0.9364584849125671,0.5294595692807802,4.754262869732618,-1,120.0,ema13>48 long,-3.352366634335544
150,100,4.0,1919,-2.0195466388744143,102.40447272838581,2.337660499323702,-0.8639178526816363,-0.3418340969075473,0.9565676824046169,0.563314226159458,6.549155099871864,-1,135.0,ema13>48 long,-4.082159090909081
150,150,1.0,3038,-2.0200855826201436,73.84155422335779,1.339698109179699,-1.5078662638831728,-0.5730926659043429,0.9280154135892195,0.500987491770902,3.753278419411738,-1,60.0,ema13>48 long,-3.9908196721310687
150,150,2.0,2294,-2.674481255448995,91.76974183092277,1.916032199062436,-1.395843585905126,-0.549234287934687,0.9282271524302943,0.5,5.367927486321805,-1,120.0,ema13>48 long,-0.9871488912353884
150,150,4.0,1644,-2.98768856447688,116.71162590832444,2.8784799759803135,-1.0379396728161618,-0.4089909410413329,0.9430764971282475,0.5091240875912408,8.064306951340619,-1,210.0,ema13>48 long,1.5293850267380285
150,0,1.0,2981,-0.9941261321704123,81.46799313710945,1.492127828467495,-0.6662472967825013,-0.24843218760674618,0.964377636075846,0.4981549815498155,4.180323267769537,-1,60.0,ema13>48 long,-5.841694915254144
150,0,2.0,2148,-0.31932960893854595,110.00503259909695,2.3735337723520016,-0.1345376302027981,-0.05387652633985186,0.9914614998815552,0.48370577281191807,6.649657131313279,-1,120.0,ema13>48 long,-1.5669850402760903
150,0,4.0,1349,-0.21587101556708094,154.3247293769095,4.201743619260792,-0.051376532013407056,-0.020783310445807918,0.9960883103464535,0.46553002223869533,11.77154281402152,-1,240.0,ema13>48 long,-2.341071428571251
