p_range_end,p_side,p_buf_atr,p_atr_n,p_stop_mode,p_stop_atr,p_stop_pts,p_tgt_mode,p_tgt_r,p_tgt_pts,p_flat_m,p_be_pts,p_be_off,p_ma_mode,p_cross_min,p_m200_form,p_x_mode,p_conf,p_conf_tol,r_sharpe,r_sortino,r_pf,r_tot,r_n,r_tpy,r_retdd,ok,h_sharpe,h_sortino,h_pf,h_tot,h_n,h_retdd
570,both,0.0,50,range,0.6369457515269141,190.1509523026337,none,7.318462811650485,74.9385421597188,960,25.0,10.0,state,150,state,off,off,0.5,-0.17392846273910542,-0.3385741590624301,0.9449823607607082,-5.531290957352551,1179,190.96662971175166,-0.4457637719325176,True,-1.0674150097219042,-1.6961358039061165,0.7300887301579876,-10.4691027732539,514,-0.8966094180149069
570,long,0.2,10,atr,2.2843439331984365,107.61519868746093,points,6.311752818605129,323.64651279345566,960,75.0,0.0,off,30,state,state,confluence,0.25,0.18326552714128597,0.3700603888366119,1.193963764826418,1.38231847325808,78,12.633924611973391,0.5525446583841177,False,-0.04120625454427334,-0.07131970427857166,0.9637005588471018,-0.14930040870720512,36,-0.07477548605860537
555,short,0.1,7,range,1.4255141795198438,207.8664647988093,none,0.7664660362277251,130.57518169318516,960,0.0,5.0,200any,75,state,off,through,0.25,-0.5200925478419274,-0.8829959792792658,0.8132868098616371,-20.012883801822618,524,84.8740576496674,-0.7956816938575769,False,-1.0067091514398505,-1.6150867922460947,0.6992019962361457,-11.802096305216626,244,-0.966089691426407
555,short,0.0,10,range,5.574317341928762,130.19056320570428,points,0.9624899762740148,304.3088776306786,960,0.0,3.0,state,150,state,state,off,0.5,-0.3703174867485777,-0.6383900139455118,0.8785059163949095,-10.66291697713913,504,81.63458980044346,-0.7308513837289692,False,-1.250368365080348,-1.7605735049959188,0.6478759425346109,-12.338765763903726,211,-0.9203507306567429
570,both,0.1,30,atr,4.644351852866047,179.47868041894102,none,7.889147415346599,68.39276897848953,960,100.0,0.0,off,150,cross,cross,confluence,1.0,0.12794912889090887,0.22880896512227628,1.057802022761888,3.907163610849718,403,65.27527716186253,0.5626155923935925,False,-0.14970839081896378,-0.2352429874561465,0.9428546095083913,-1.3198739199627307,186,-0.27985567649288523
570,both,0.3,14,range,4.447000394773418,51.89151959392727,points,6.746550595531354,114.18879013859596,960,50.0,3.0,200any,150,cross,state,confluence,1.0,-0.5197267417260296,-0.7266761446840205,0.8523370588212128,-8.125678912616426,588,95.24035476718403,-0.9090147252697286,False,0.1780335620285588,0.26002348622012805,1.0547251331210359,1.083088139446329,269,0.37745737585154293
555,long,0.3,7,points,0.523432077157829,154.73143943413834,points,1.8425405512604134,264.0563417525536,960,75.0,5.0,200all,150,state,cross,off,1.0,0.38675975646943234,0.6278160184721218,1.1159110002146626,11.373177674752945,734,118.88847006651885,1.2064836708796611,True,-0.05510441200468641,-0.08670388716375643,0.9849986623219654,-0.5704544202639967,299,-0.10041724287238332
555,both,0.3,14,range,3.8279889646065146,121.99063457931015,r,1.5315329017698192,118.25569980893822,960,150.0,0.0,200all,75,cross,off,behind,0.25,0.03949349595610846,0.07266557661461118,1.0346882416734047,0.38005648797923275,80,12.957871396895786,0.18104982563094704,False,-0.6822523648147972,-0.8816481411270588,0.5928776473923023,-1.94698642547424,36,-0.7382451621635213
555,long,0.3,14,range,3.3349654065601024,250.68324199809595,points,1.6180928740066736,210.63852489841625,960,50.0,3.0,200all,75,cross,state,off,0.25,-0.3220696683202142,-0.3818531309985825,0.45976487287460205,-0.9330435077058223,7,1.1338137472283814,-0.6800310937057049,False,-9.0,-9.0,0.0,0.0,0,-9.0
570,long,0.3,30,points,1.243795543527003,55.18415776577033,points,3.772983595797165,71.44340402259607,960,100.0,5.0,200all,30,cross,state,through,0.25,-0.03970399794670065,-0.05662856534281516,0.9548178015011908,-0.11132734196320604,28,4.535254988913525,-0.11846564975174306,False,-0.5721893007615585,-0.7218901425207375,0.5494381591332356,-0.49733758538837436,14,-0.6730664833526958
555,both,0.2,7,points,0.5098620325190657,103.33955334160694,points,4.876738035470965,367.50885613117725,960,75.0,5.0,200all,75,state,cross,off,1.0,0.025463089501513474,0.04720227461945932,1.0058783712779449,1.0103001904775506,1261,204.24844789356985,0.06592188870786106,True,-0.8139941079207313,-1.4272499267222152,0.8368106489708138,-10.415370494564687,527,-0.8912361672809789
555,long,0.3,14,points,1.0238981539030914,124.10778245297578,points,3.116114135132806,245.85863697868606,960,150.0,5.0,state,150,state,cross,off,1.0,0.36554659411789936,0.6084050009117384,1.094964421706659,11.919757178758253,769,124.55753880266076,1.026249916084404,True,-0.3496608753566824,-0.569912629471048,0.9214461396727995,-3.962590213813636,318,-0.36503313425653794
555,long,0.0,14,points,0.9754497156917868,116.9834172254857,points,0.8006313826669889,334.67746293869004,960,150.0,10.0,state,150,state,cross,off,0.5,0.41201184234198485,0.7264893993149469,1.110471826947326,14.033448954447788,791,128.1209534368071,1.532919552172211,True,-0.29780363275436544,-0.520242155718267,0.9318066935609903,-3.6406932606152567,329,-0.4001524200226156
555,short,0.0,14,points,1.0013664161017422,57.046827126527496,r,1.9838765857210214,337.6733403590073,960,150.0,0.0,state,150,cross,cross,off,0.5,-0.6976762846634188,-1.093442941052,0.8417389737750828,-13.28170796983932,644,104.31086474501109,-0.8234399698239522,True,-1.2187651917855884,-1.8752456799202566,0.7493043622333044,-7.016451808910361,260,-0.9467966068224782
555,both,0.0,7,points,0.6786469415080756,130.96501331963856,points,3.010859830911403,206.44291094450986,960,150.0,10.0,state,15,state,cross,behind,0.5,-0.13743257307440754,-0.21614060837663468,0.9758890200299947,-6.254414616838748,1438,232.91773835920176,-0.3145186980932783,True,-1.1499160068358638,-1.720844583328419,0.8253701318702495,-17.625811825039158,599,-0.905562101166941
555,long,0.5,7,points,0.603269446898023,103.27252852746079,r,0.5287359820584319,281.46265783069566,960,50.0,5.0,200all,15,state,state,off,1.0,-0.4024979942373478,-0.4985071800000178,0.9054007140234741,-6.398055811610516,697,112.89545454545454,-0.6099313739954935,True,-1.0541266955064055,-1.2588513855093406,0.779730784612044,-5.505270008064229,288,-0.8042882054596546
555,both,0.0,14,atr,2.381359307495334,147.2670346009454,none,1.3959308006664841,214.2600248653923,960,150.0,10.0,cross,150,state,cross,off,0.5,-0.35366503058848636,-0.6132266680734284,0.8644668629954299,-11.006247851910672,413,66.8950110864745,-0.701756158174105,False,-0.6448373815138232,-0.9582692261075576,0.801135998857374,-7.2839870957249495,191,-0.6731444090329988
555,long,0.0,14,points,0.7454763815086948,252.24215885579974,none,2.1847208690211146,395.0462209711341,960,150.0,25.0,state,300,state,cross,off,0.5,0.3562202979478159,0.5704156895931454,1.1017003323151582,14.611610930998541,791,128.1209534368071,1.3143881149752639,True,0.024969349574356276,0.038473669904403526,1.006221532326725,0.3556980916691641,329,0.04090752166892459
555,long,0.0,14,points,0.868811543075906,51.46763327472064,points,1.527947377204323,323.37194116520556,960,150.0,10.0,state,300,state,cross,through,0.25,0.40155618525603726,0.8823902908623535,1.1116531940993886,10.589381618736413,808,130.87450110864745,0.9873374131442058,True,-0.1298534594426765,-0.3041082140482166,0.9657599890712899,-1.1904421639027345,335,-0.2200048204545331
555,short,0.0,14,range,1.3527363840420763,69.63260050913618,points,1.2945019510157414,372.8271445696014,960,150.0,10.0,state,300,state,off,behind,1.0,-0.3735404140642744,-0.675570620769634,0.872050986810858,-10.885290916732782,554,89.73325942350333,-0.7672478627935944,False,-1.0316004846247473,-1.5228768234018213,0.6962764837765644,-10.247994154004099,243,-0.9056343034774408
555,long,0.0,14,atr,2.323225131421718,50.982503570191355,points,1.7716137498977877,359.4885657704224,960,100.0,10.0,state,75,cross,cross,through,0.25,0.4603521392229835,0.829248534218238,1.1342947971497475,15.615499843461542,808,130.87450110864745,1.1176200565260315,True,-0.40695281804897443,-0.6800541112236493,0.9014991823275285,-4.843585927800128,335,-0.5432258382038969
555,long,0.0,14,points,1.187860144779598,90.6691288761357,points,2.2412054068259177,357.0024768197555,960,150.0,10.0,state,75,state,cross,through,0.25,0.3344917586533506,0.618767808203066,1.0886612473501691,10.679159570407602,808,130.87450110864745,1.2282739916837013,True,-0.49744255803869303,-0.9216501891831206,0.8865598986229127,-5.573705543731866,335,-0.5792459433323823
555,long,0.0,30,points,0.6324276834724785,46.224948757670546,points,1.2052565690650723,321.23545689137376,960,25.0,10.0,state,15,state,off,off,0.5,0.517156518405794,1.210551149533072,1.1852630967024553,10.83965342140232,791,128.1209534368071,1.3466465037581778,True,-0.3408599472343462,-0.7783342283303176,0.894597926995909,-2.219322829224721,329,-0.3431789552441185
555,long,0.0,30,points,0.5414703948438784,114.46781769851054,none,2.0382767470623784,252.95956900037532,960,75.0,10.0,state,15,state,off,off,0.5,0.29057997661754026,0.5081950524216117,1.0842613350213397,9.53437510335213,791,128.1209534368071,0.7287732435880149,True,-0.5909369374805127,-1.0267667104973481,0.8546437346271377,-6.79920158349523,329,-0.6019122963332686
555,long,0.0,21,atr,1.8489974360701322,74.27254293842083,r,1.4870464709163191,367.71828810968503,960,0.0,10.0,state,75,cross,off,through,0.25,0.37053328503843724,0.6267266882959631,1.0991607787812634,10.901173959610341,808,130.87450110864745,0.9585637777049687,True,-1.3681183152251024,-1.7785033258331364,0.7343713485867783,-13.220947524329848,335,-0.8625970663235015
555,long,0.5,14,atr,3.540525694275999,47.480334009217934,points,1.0949683228264149,321.9447125245398,960,100.0,0.0,state,75,cross,cross,through,0.25,0.590457320154748,0.9459949495423329,1.1790369649071153,21.710756762658825,758,122.77583148558759,1.5720968317267314,True,-0.310832925832986,-0.46722904052434694,0.9222332451505404,-4.038025933831833,322,-0.3700470638448357
555,long,0.5,50,atr,4.039934621163804,61.32334037124122,r,3.577200457229064,248.37017634503275,960,100.0,0.0,state,75,cross,cross,through,0.25,0.1767369002345399,0.2801053115682094,1.0511578455903294,6.457960700790782,772,125.04345898004435,0.5407525444897958,True,-0.6495695391218123,-0.9481966134784419,0.8349876922866959,-8.524428738814688,319,-0.6253588006967775
555,long,0.0,30,atr,2.2477428157002666,108.13055141882546,points,1.9034656193669859,394.2543882364452,960,100.0,10.0,cross,75,cross,cross,through,1.0,-0.2568538784865975,-0.37516428391879386,0.8680891127189441,-4.915551731117574,254,41.141241685144124,-0.40994535842937946,False,-0.4364743326779516,-0.6251074775414361,0.8059730213172736,-3.5557184238675106,113,-0.5432763912962735
555,short,0.0,14,atr,2.4554572109085098,43.293950018885695,points,0.872954213876554,323.1530065601309,960,50.0,25.0,off,75,cross,cross,through,0.25,0.07443347254552937,0.13304679704647868,1.1242959195649442,0.42526563236905646,25,4.049334811529933,0.1794778096370194,False,-1.2467348535619223,-1.303168820474647,0.2398712113360161,-2.0272471892117525,22,-0.9634855902013034
555,long,0.5,14,points,3.5589485228254074,57.415786696644254,points,1.7558212076289177,315.16527506781,960,50.0,0.0,state,15,cross,off,through,0.25,0.5680077957802553,1.237194476749285,1.1850306867516442,13.757176953302626,758,122.77583148558759,1.4261489342097813,True,0.25423125451954487,0.6059318746832555,1.0805487313140696,2.125264308557446,322,0.3928563230734007
555,long,0.5,14,points,5.714178598340917,93.45332732483146,none,3.6422019837805037,225.96026623784934,960,50.0,0.0,state,75,cross,off,through,0.25,0.40959984717108344,0.7827289753742772,1.1355187972225063,11.802533196615077,758,122.77583148558759,1.0095532393543145,True,-0.5006879427820405,-0.9240731146156759,0.8645229593546289,-4.647528393573582,322,-0.5666356793878433
570,long,0.5,10,range,2.704140050321583,66.52265321251804,points,1.7096114281617447,397.4712843106756,960,150.0,0.0,state,75,cross,cross,through,0.25,0.3141612412118624,0.549986529164724,1.097027534224855,9.61013071681171,716,115.97294900221729,0.7849052639407126,True,0.10226115936404087,0.17718213461516258,1.0276990231776817,1.183706707886988,301,0.12991022462915308
555,long,0.5,14,points,4.723214443349089,53.281058123362,points,1.2759179448545108,336.19222365208174,960,25.0,25.0,200any,15,cross,off,off,0.25,-0.02439737087041718,-0.0512527916729006,0.9649612544801711,-0.11285211704073969,37,5.993015521064302,-0.08667382368351206,False,-1.1871221062012247,-1.2377025565570068,0.2202997162152005,-0.8879920268829367,15,-0.929781625489669
555,long,0.3,7,points,1.878145109919052,30.28696975328873,points,0.6558712903778366,388.3658316292836,960,25.0,10.0,state,15,state,off,off,0.5,0.46585031611705213,1.3130702759759738,1.1841592408786457,8.725868955108783,760,123.09977827050997,2.1492323360212646,True,0.026745792794688184,0.07437798336829472,1.0096108346476547,0.1506343076093618,317,0.04339006666660396
555,long,0.3,50,points,2.205704724075271,65.21007843714037,points,4.59304398468937,388.30002990628924,960,25.0,10.0,state,15,state,off,off,0.5,0.10461999896217831,0.2078688943480132,1.035130220146207,2.254266908331768,776,125.69135254988913,0.28851140411515014,True,-0.6597897984059161,-1.2740042399773548,0.8092953915630949,-4.460161361447927,318,-0.6666912731930781
555,long,0.3,7,range,2.484545576683365,48.19611027268998,points,0.6561153565924885,371.3076758387086,960,25.0,10.0,state,75,state,cross,off,0.5,0.18734292928519772,0.3579777842094137,1.0755528602333455,3.781194768542005,670,108.52217294900221,0.7979719941706915,True,-0.7179215817084933,-1.1912578445905215,0.7655744306542931,-4.745818610991307,278,-0.7655804116534999
570,short,0.3,7,points,0.9131132840957533,36.23869993315756,points,0.77698272928482,312.54873446791913,960,25.0,10.0,off,15,state,off,behind,0.5,-0.342880801188155,-0.7597379085452551,0.6903640492905286,-2.1198471932445333,92,14.901552106430154,-0.8527292833955846,False,-0.9649756907257274,-1.6626067593930756,0.40345836764164533,-1.4707317697821738,41,-0.9848891567050103
570,long,0.5,14,points,1.5296961268158604,29.097053432146627,points,3.203486200434097,284.7809855620296,960,50.0,0.0,cross,30,cross,off,through,0.25,0.14937938297424314,0.42034773274426124,1.1369150512259971,1.2168636331622895,117,18.950886917960087,0.3920588909741166,False,1.0234827007895104,4.5820490856316916,2.2091551315433935,4.213006181928732,77,3.9973394522950603
555,long,0.1,10,points,1.8865214597309572,60.69019138864287,points,1.3848989068955944,376.74409345892866,960,50.0,0.0,state,15,state,off,behind,0.5,0.21249802417693042,0.4416713768736025,1.0629494554307641,5.475475912095774,828,134.1139689578714,0.4155019014506925,True,-0.4690739411761311,-0.9788846388521608,0.873187572330187,-3.7569056438284383,343,-0.6655374078302757
555,short,0.2,14,range,3.9079371778508856,45.5271035636884,points,0.5758182646108478,356.6360755715167,960,50.0,0.0,state,15,cross,off,through,0.25,-0.6248803135920097,-1.132583492856563,0.7658121847465441,-14.329142042287646,530,85.84589800443459,-0.83231965028068,False,-0.8755288704193355,-1.365502217197727,0.6818689576317121,-6.5859619231440565,226,-0.8141128014420189
555,short,0.0,30,points,1.6384896531587174,39.83030874889757,points,2.8242524173505483,324.89861756633934,960,25.0,25.0,state,15,cross,off,off,0.5,-0.21825710954519528,-0.4681975758899065,0.925055119961619,-4.09130977762847,644,104.31086474501109,-0.4299174661622122,True,0.0756477710598113,0.18360255431532488,1.027882094689709,0.41212462807119454,260,0.15881805662838713
555,short,0.5,14,atr,4.57445534304979,25.00206555748149,points,2.4169407016776647,348.85346318943044,960,100.0,0.0,200all,75,cross,cross,through,0.25,-0.23742191978718505,-0.33663248457327377,0.7271012442590332,-1.8028920803832258,34,5.507095343680709,-0.8084852960098875,False,-0.4182800658327508,-0.5841387956593093,0.6728022405476611,-1.6797769430305227,25,-0.5639351078340447
555,long,0.0,30,atr,1.2722352261570546,114.02019600685033,points,1.5846707151988704,333.4578788193541,960,25.0,10.0,state,15,state,off,off,0.25,0.3807321084241207,0.8699815632360839,1.1418594425947741,8.220935273138345,791,128.1209534368071,0.8295894387317742,True,-0.14836982048647923,-0.28788152844156234,0.9505035001939025,-1.1404870550663533,329,-0.17852653132476892
555,long,0.5,14,atr,3.6401462327699963,51.12143591791711,none,0.5510289426640795,360.3934495400107,960,150.0,0.0,state,75,cross,cross,off,0.5,0.5742115028497554,0.9576375478686809,1.1791611080807651,23.50079635803255,745,120.67017738359202,2.0376126120959355,True,-0.5202682725645591,-0.7354705149252543,0.8730898350174714,-7.42779594617212,315,-0.5649084081751361
555,long,0.5,14,atr,3.6441120588584086,36.56613024022502,none,2.24213577288953,262.2044833327211,960,150.0,0.0,state,75,cross,cross,off,0.5,0.5785721159838667,0.965351796490765,1.1807095613784864,23.672822270659935,745,120.67017738359202,2.0946279481295074,True,-0.5228095214547687,-0.7388246480590244,0.8725141621934749,-7.466411902874217,315,-0.5671967249228219
555,long,0.5,7,atr,3.433896698545819,93.60542560424344,none,1.9730200437127752,398.6715757309171,960,150.0,0.0,state,75,state,cross,off,0.5,0.47187627949134736,0.7585226534920739,1.1456105147538436,19.409750695253166,736,119.21241685144123,1.939229235844851,True,-0.4074655900814135,-0.5676198878719895,0.8973877233231202,-5.951717011348766,311,-0.43795856164800095
555,long,0.5,14,points,3.2657799295280223,34.64522802099555,none,0.6040380764322264,241.4395287765755,960,75.0,0.0,200all,75,cross,cross,off,0.25,0.1339059098643499,0.32669763088671294,1.4040156132953572,0.22849730093864595,7,1.1338137472283814,0.6635817465799516,False,-9.0,-9.0,0.0,0.0,0,-9.0
555,short,0.5,14,atr,4.511653061831135,52.06192014414929,none,0.5494631361159463,310.4126087920986,960,150.0,3.0,state,75,cross,off,off,0.5,0.1363875200446821,0.22611610332044477,1.048638960494736,6.539338335210418,597,96.69811529933482,0.4709653769572493,False,-1.0724174164967422,-1.34611588452062,0.6920606112408806,-16.35002117464448,246,-0.921638461117919
555,long,0.5,14,points,3.3705326717244564,33.93963749651624,points,0.7621505514097877,260.3513707676844,960,150.0,0.0,state,15,cross,cross,confluence,0.5,0.41799201600604813,0.9999820095751459,1.1229731100915523,9.650581937996357,819,132.65620842572062,1.1581934997226047,True,0.28988680571791914,0.8136400344387574,1.0863608782346756,2.2777763317727873,349,0.4652262072027289
555,long,0.5,14,atr,3.7249148484601275,101.68990138955697,none,0.651742914506938,346.0381382348364,960,0.0,5.0,state,300,cross,cross,off,0.5,0.553848441928509,0.9080383374682613,1.1716989454900886,24.97109569364653,745,120.67017738359202,2.232876493061604,True,-0.51551171314418,-0.7260420660553824,0.881345690415598,-7.674819390847109,315,-0.4676962640614371
555,long,0.5,14,atr,3.360589610887601,79.0656793671567,none,2.17033085694961,365.3872264167577,960,0.0,5.0,off,300,cross,cross,off,0.25,0.17510414340816047,0.26692872500040526,1.0405848415963828,11.382917760427514,1282,207.649889135255,0.43070430367713114,True,0.09689058422736953,0.18084343247964527,1.021287266343,2.350563960728402,560,0.28460104848772017
555,short,0.3,14,atr,3.820749315469442,141.88110779205567,none,1.1085918139870627,302.70435709592687,960,0.0,5.0,state,300,cross,cross,off,0.5,-0.14823568847142685,-0.2645791302853618,0.9486012927306454,-8.1660910995743,613,99.28968957871396,-0.3792761434190213,False,-1.2585494707608627,-1.6886165313573047,0.6773305886084604,-19.68577569264854,250,-0.9388474995851728
555,long,0.5,7,points,4.395456480511269,45.13031154571086,points,0.9345841976783602,398.9233173476912,960,0.0,0.0,state,15,cross,state,through,0.25,0.31280644844947575,0.6964786671756554,1.0910075455958481,7.781535953243487,752,121.80399113082039,0.8282352310748627,True,0.18298996998988393,0.46003773926614305,1.0519443223840845,1.5745196548455116,321,0.3335582112751863
555,long,0.2,50,range,3.0915652446205004,102.38475492098351,none,1.5821046435839263,352.94951651142304,960,0.0,5.0,state,300,cross,cross,behind,0.5,0.15411721791999716,0.27174056706076677,1.0520090102332245,4.894796249138072,680,110.14190687361419,0.3281274682870546,True,-0.5615842050204234,-0.7969349046382169,0.8449225340080487,-6.764299099954448,283,-0.6137489486142991
555,long,0.5,30,atr,4.619482830975915,127.56831836030419,none,2.366380204546097,153.477077598447,960,75.0,5.0,state,75,cross,cross,off,0.5,0.2441146033635032,0.3798297125556259,1.0769892582567933,8.229293813274523,752,121.80399113082039,0.8632462146733383,True,-0.6531990738835198,-0.9237700222691035,0.8236238733376632,-8.762224627650502,316,-0.5752242958201088
570,long,0.5,14,atr,3.37737226512783,51.26806445809805,none,2.9010233545212207,237.85156152294084,960,150.0,0.0,state,15,cross,cross,off,0.25,0.30024598421712795,0.4757307500775157,1.0895226432594043,11.66930880515427,729,118.07860310421286,1.0761536769940057,True,-0.5461244823929111,-0.773643742828012,0.8666863445316182,-7.572584139737305,307,-0.5657294418738259
555,long,0.5,14,atr,4.691855734694009,26.776705671766674,r,1.3173433215434898,350.59326175469556,960,75.0,0.0,state,300,cross,cross,off,0.5,0.15962259216564173,0.2327218555709612,1.04913056876815,5.418247392179575,745,120.67017738359202,0.49601053365720393,True,-0.6474476086331812,-0.8737837460463531,0.8270927725301708,-8.6552480842898,315,-0.5954160385713824
555,long,0.5,14,atr,2.296611974867675,93.56285398487123,points,2.568824696964825,383.29721707887177,960,100.0,0.0,state,150,cross,off,confluence,0.25,0.5222208015451971,0.9589305391800413,1.1566745650370553,17.51662344951872,774,125.36740576496673,1.4396973864406146,True,-0.548464429676055,-0.8992924518746531,0.8702315744165514,-6.577114442429865,331,-0.7714043175142219
570,long,0.5,14,atr,1.5783112254094855,59.1287695002347,points,4.441999543431276,363.73113807825683,960,100.0,0.0,state,150,cross,off,confluence,0.25,0.12102458274560239,0.22586729158148514,1.0353574592251686,3.444357661935671,762,123.42372505543237,0.2638107467524722,True,-0.5270768403543759,-0.8471004771763979,0.8622702605697198,-5.7722996273649985,319,-0.5547750188821203
555,long,0.5,14,range,1.2783327390684256,174.31340635967177,points,1.6086218863919708,335.72463731058895,960,100.0,10.0,200any,150,cross,off,confluence,0.25,-0.09648854081190507,-0.1764881080666956,0.9351753671119866,-1.2656777761771596,147,23.810088691796008,-0.3315980857667803,False,0.10999701935949967,0.2001210203419547,1.066772119989746,0.6028970726082377,66,0.19071873163315953
555,long,0.5,14,range,3.725586489873545,90.06319156929115,none,1.4349622771138268,338.98274428627985,960,150.0,10.0,200any,75,cross,cross,through,0.5,-0.1464892834394552,-0.2461371747964046,0.9067834127829912,-1.9172709641013137,132,21.380487804878047,-0.310707536092005,False,-0.5486781920845212,-0.9068850197972935,0.7107961057892218,-2.894088713683361,56,-0.5965014764331193
555,long,0.5,30,points,0.8917481832607687,79.47410969586097,points,0.764505169015391,276.5899150946859,960,25.0,10.0,200all,15,state,cross,through,0.5,0.07508725274177548,0.1350757122290079,1.0245917733425718,1.5132488207363632,767,124.23359201773836,0.13390534414451194,True,0.3394470466158138,0.6992056654829384,1.1152425339484267,2.5685859412606686,320,0.544393500643711
555,both,0.5,50,atr,3.753355336867403,39.1305889386668,none,0.9255437835719964,327.9761852160362,960,0.0,25.0,state,15,cross,cross,off,0.5,0.1010646224511006,0.17903740889879946,1.0232519672419562,6.918273476106586,1346,218.0161862527716,0.32318696514168793,True,-1.1322927104910134,-1.697424399661685,0.8053756732424229,-22.092534277165637,553,-0.8795078552870746
555,long,0.5,14,points,2.217662370716364,53.04303358092949,points,3.5637647890085145,286.3917979520819,960,0.0,3.0,state,15,state,off,through,0.25,0.3187188574815752,0.6592873743307204,1.0865123210820968,8.33906391760979,758,122.77583148558759,0.6271323954067888,True,0.3342628740654465,0.7989914568019665,1.0911394250943864,3.14659081561708,322,0.6566947513821775
555,both,0.5,14,atr,4.152435858485535,93.00075792205193,none,4.733687630859701,209.82236701352105,960,25.0,0.0,state,75,cross,cross,off,1.0,-0.35311988602663114,-0.5760210037345055,0.9010067764313336,-14.174211919698802,1327,214.93869179600887,-0.48519509762776425,True,-0.7283268378093767,-1.104177548185951,0.8137124606717436,-9.275091582945496,553,-0.806956026470846
555,both,0.5,21,points,4.051136442090878,70.61959705406477,points,1.2802487888049736,321.27323303185455,960,50.0,0.0,off,15,cross,off,behind,0.25,0.22124675451512366,0.5102150904884919,1.2748353947093276,1.8981936460156268,66,10.690243902439024,0.8376852678439672,False,-0.7861457707301205,-1.1320195737352046,0.4565719904637307,-1.4315569616167907,32,-0.5490060424613075
570,long,0.0,30,points,1.8016243782530201,57.08981852898167,points,0.8495226287591273,324.0253854309243,960,25.0,0.0,state,150,state,off,off,0.5,0.37183502293103665,0.8384394794388685,1.1301043486029998,8.5990669427902,774,125.36740576496673,0.8348273091750017,True,-0.43653239379627573,-0.9697126793629939,0.8661738273416671,-3.1884233476283192,326,-0.5305661925667289
555,long,0.5,14,atr,1.194261675434388,140.8253875289479,r,2.256414754378485,390.848951296787,960,100.0,0.0,state,15,cross,off,confluence,1.0,0.1430118564706851,0.2763248723405889,1.0375964065529304,3.6394767778953465,888,143.83237250554325,0.3494078528430454,True,-0.8649971624722435,-1.2740337374061843,0.8251592745035979,-7.4537599582436105,383,-0.7812716936279943
555,long,0.5,30,points,1.1673951396015525,132.11042337795828,points,1.507793727570231,246.52654752296002,960,50.0,0.0,state,15,cross,off,through,0.25,0.5292702522807303,0.8792159332896842,1.164981142564631,15.365105924579757,763,123.58569844789356,1.3982190796107774,True,-0.31169128035332433,-0.5073678912237441,0.9180653408733798,-3.150715535235827,321,-0.3281095090376374
555,long,0.3,50,points,2.714831050506965,135.71574167644832,points,0.6596208357066574,189.98267323421874,960,50.0,0.0,state,15,cross,off,confluence,0.25,0.30803263169190725,0.4741417719113225,1.0867440551744831,8.911985929948482,802,129.90266075388027,0.8069114895666439,True,-0.3240725688709129,-0.4920336020151903,0.9180186331280311,-3.044128021271462,326,-0.42099362530671974
555,long,0.5,14,atr,3.7336221466735546,57.38713744152297,none,2.140055675194692,239.9511286526912,960,150.0,25.0,cross,75,cross,cross,off,0.5,-0.44180072728326136,-0.564614857337923,0.7446718602792705,-7.775076169273588,145,23.486141906873613,-0.7094342548192069,False,-0.2254962774723462,-0.3097889886311908,0.8873438071806791,-2.099354961483874,78,-0.28411037569644554
555,short,0.5,14,atr,2.9664958037172204,170.40493517485436,points,0.9010521088228554,331.01895300955323,960,100.0,0.0,state,30,cross,off,confluence,0.25,-0.41039206582632,-0.6281032368768394,0.877283657117243,-14.898021176962217,635,102.8531042128603,-0.4987435628298204,True,-0.8307876175131677,-1.2019584819314857,0.7750953247953382,-9.92263440627653,262,-0.7400334508017652
555,long,0.5,30,atr,2.7854468352332447,28.942581982135426,none,0.6326601538363499,320.96309615979607,960,150.0,0.0,200all,150,cross,cross,off,0.5,0.15312638573938928,0.26659814681629396,1.281326427493501,0.7279891766525578,19,3.0774944567627496,1.1278379156175016,False,-0.032604657658367245,-0.055179265674971174,0.9509232666092311,-0.06584317371821657,6,-0.09414459164101996
555,long,0.5,30,points,0.605007420764047,42.95712094141271,points,3.2311591944941056,396.04623569337167,960,25.0,10.0,cross,300,cross,off,off,0.5,0.02541490183384525,0.06015908244308523,1.0145895728109107,0.31695505661265155,296,47.94412416851441,0.06829359888133867,False,0.27223717341166104,0.71626844386487,1.1479329475212992,1.2340001379282381,152,0.5376539149934049
570,long,0.5,10,atr,3.2146925843076195,124.99028539392478,none,0.980627438515413,344.3705686837404,960,0.0,5.0,state,15,cross,cross,confluence,0.5,0.3422773154326332,0.5378729457041667,1.0967360595292486,15.513344494048713,803,130.06463414634146,1.4127205214031728,True,-0.5094445396828623,-0.7317606326561655,0.8854567758778965,-7.32095845879039,333,-0.48087475244961275
555,long,0.5,30,points,0.8202068235048265,186.51961855829126,points,2.131427752583634,225.31706936911132,960,75.0,0.0,cross,15,cross,off,through,0.25,0.15347313455622077,0.24272753156647162,1.1368424027765291,1.5222423710442898,90,14.577605321507761,0.4181568717376879,False,-0.1377165451050425,-0.19992048099634935,0.9232580989602365,-0.72942637056649,58,-0.2238605761671173
555,long,0.1,14,atr,4.301817051502188,33.113626529264664,none,2.8755982429564604,354.1728272821778,960,100.0,0.0,state,75,cross,cross,behind,0.5,0.13803245332330658,0.2137879830234011,1.0395653537991891,5.592510544701533,826,133.790022172949,0.462453804229616,True,-0.4452464432267937,-0.6290526618297713,0.8835369577158099,-6.377883480056454,343,-0.5258064016312288
555,long,0.5,30,points,0.9155191963871833,145.541791652097,points,1.1380517535061097,159.93924190516458,960,50.0,0.0,state,15,cross,cross,off,1.0,0.5620558698527486,0.8717297640603239,1.165713404107025,14.442728679458384,752,121.80399113082039,2.25944552882661,True,-0.8187851011462347,-1.1548843319517115,0.8066328771372919,-7.045025750742779,316,-0.6214156553823732
555,long,0.5,7,points,0.7887691636209992,212.9153789346809,points,2.791198238347304,186.13397834227442,960,50.0,3.0,off,15,cross,cross,off,1.0,0.5918169878516539,0.8710737963436713,1.1441701727161417,21.89095690148004,1260,204.08647450110865,1.7788784820883052,True,-0.2520668275267898,-0.35442552473506095,0.9448535081532208,-3.1132165398684193,549,-0.3337099842667606
555,long,0.5,14,range,0.9822870657812447,183.10119662896818,points,1.586778318328835,94.14861629508967,960,50.0,3.0,off,15,cross,cross,off,0.25,-0.11850941371561896,-0.1689191196574694,0.9752001405696055,-2.6786832995595686,1162,188.2130820399113,-0.37621320180552414,True,-0.7252463532877682,-0.9561636938833491,0.8614635313047199,-5.818110405402029,482,-0.6711448516642513
555,long,0.5,30,points,0.6771243442820711,86.74079719004482,points,3.9602532889814537,128.85064473033114,960,25.0,0.0,state,15,cross,cross,off,1.0,-0.04578799993467072,-0.07150023370971542,0.9869547918886352,-0.8756845701374734,752,121.80399113082039,-0.092067813056349,True,-0.6467932689871134,-0.9884690125227482,0.8411802163201665,-3.9565977090483386,316,-0.6466216086584787
555,long,0.5,7,points,0.8386194826827449,121.51899392225741,points,4.1756513109388,248.3777879237637,960,50.0,3.0,off,75,cross,cross,off,0.5,0.3310123778281732,0.5508876283904092,1.0780578504340181,11.555849218930078,1260,204.08647450110865,0.7389507347184574,True,-0.3231831954551122,-0.540581140690595,0.9304382286042447,-3.9027074485871243,549,-0.3777181230918982
555,long,0.5,10,atr,5.417528151559835,95.46581267430426,none,5.11740416497649,268.98846190895813,960,150.0,0.0,state,30,cross,cross,off,0.5,0.48886872292008776,0.7646292762242215,1.1535534695300054,20.896553669413926,742,120.18425720620843,1.7513655798475571,True,-0.3396098994548273,-0.4658771873519969,0.9129567551834273,-5.050797902503992,312,-0.407759603385943
555,long,0.5,7,points,1.4406885503851343,259.57464115347636,r,2.5834293372517703,93.09558994699061,960,50.0,3.0,off,15,cross,cross,off,1.0,0.5321039087238981,0.8722712527520275,1.1525177653212064,22.834228515546037,1260,204.08647450110865,1.6949315039975053,True,-0.19181319760053478,-0.29398589102594996,0.9523191512895486,-2.803216231417192,549,-0.28408239715160305
555,long,0.5,7,points,0.950675244807452,232.9480688292497,r,1.4799244515708867,109.40606203424349,960,100.0,3.0,off,15,cross,cross,off,1.0,0.5551685130985088,0.8715468341670198,1.1293423613980558,26.97497425575956,1260,204.08647450110865,2.0620948359150444,True,0.09181585435318533,0.14115336476655968,1.01941983548755,1.533329775778121,549,0.17020156187931296
555,long,0.5,7,points,1.0232915535755,272.74818225517345,r,0.9107839402082237,146.64375490038105,960,50.0,3.0,off,15,cross,cross,off,1.0,0.7817266114974458,1.1899914748244416,1.2099080316221267,31.032831805634295,1260,204.08647450110865,3.279523488087345,True,-0.08795736365686686,-0.12730751460888212,0.9790466747504918,-1.2320374767315085,549,-0.12434411651945274
555,long,0.5,14,atr,3.989900010985637,67.44092079263015,none,0.8357058348628996,230.31992121696328,960,150.0,0.0,state,75,cross,state,off,1.0,0.5778594010481588,0.9536682732893125,1.180916818052506,23.806362993185772,745,120.67017738359202,2.4670467650710943,True,-0.522721186853703,-0.7284619246216669,0.8715708834689951,-7.579590330827636,315,-0.545220840606383
555,long,0.2,14,points,3.1672332627457034,84.68922679934674,r,2.55577060682439,175.25659670943836,960,50.0,0.0,state,15,cross,state,through,0.25,0.3742660043886376,0.66628632739063,1.108224687284009,9.511169205834154,796,128.9308203991131,0.7852201797416535,True,-0.32087886997132437,-0.5779212642025872,0.9168133881762256,-2.6637203775303417,326,-0.3640323094907583
570,long,0.5,14,atr,4.2045825543686774,44.06206775838916,none,0.5692793766543607,192.0415185790645,960,150.0,0.0,state,75,cross,state,confluence,1.0,0.18065248487266902,0.27724427988285494,1.0502423426941554,7.34071118677064,876,141.88869179600886,0.6740859006531033,True,-0.6057396433575066,-0.835124090900857,0.8576846764376702,-8.88582925084328,363,-0.5417125569217967
555,long,0.5,14,points,4.459508360644102,28.183141812247246,points,1.0111071621494023,315.22900403432465,960,50.0,0.0,state,15,cross,off,through,1.0,0.612221428638839,1.7762706657504184,1.2158572679966837,12.869059484617063,829,134.2759423503326,1.5342779874637598,True,0.6048438668494919,2.0411406802169196,1.234282319680529,4.320830684115512,345,1.2320382265933196
555,long,0.5,14,points,5.646371203792569,112.33813952766407,points,2.0083895663097935,396.58621076738376,960,50.0,0.0,off,15,cross,cross,through,1.0,-0.07931939280214231,-0.15001551174919447,0.9434776564820465,-0.991182239668039,136,22.028381374722837,-0.24420015890754418,False,-0.7352118543635487,-1.1614854972343418,0.5850044195574178,-2.7879522511704784,57,-0.8347475603750414
555,long,0.5,30,points,1.4922369564568227,200.45773414344575,points,1.3705656522267675,135.20839588342182,960,50.0,0.0,200all,30,cross,cross,off,1.0,-9.0,-9.0,0.0,0.0,0,0.0,-9.0,False,-9.0,-9.0,0.0,0.0,0,-9.0
555,long,0.5,14,points,4.266792750732018,52.4429041727252,points,0.6924382403000345,303.1626178308965,960,50.0,0.0,state,75,cross,off,through,1.0,0.6892871061116113,1.575146219264971,1.2201190591582107,17.28009455872703,829,134.2759423503326,1.9637565470332385,True,0.03476978637041036,0.08315426781758418,1.0104993494152008,0.28338035815824747,345,0.053924451677047486
555,long,0.2,14,points,3.6098252652805582,77.07221328294591,points,0.7645145851075912,361.82022046567045,960,50.0,0.0,state,75,cross,off,through,1.0,0.19930058546791513,0.37939735723772194,1.0562614783748483,5.636844861415824,872,141.2407982261641,0.4228437295884702,True,-0.17360665130339697,-0.34758905923328764,0.9523917559714365,-1.5733710565608718,349,-0.23363711944179152
555,long,0.5,14,points,4.710566067937609,106.60856686163227,points,0.8523963544164348,256.25773438093216,960,0.0,0.0,cross,300,cross,off,through,1.0,-0.10107473185674923,-0.16778035509299571,0.9669428779206078,-2.36467766417303,392,63.493569844789356,-0.1641042557235775,False,0.18025422820297576,0.3179644095009856,1.052998246486099,1.663585112584931,193,0.3267505602599734
555,long,0.5,14,atr,2.893974372356742,30.772329738366103,points,1.54091087720849,331.02908801287725,960,100.0,0.0,state,15,state,cross,through,0.25,0.6826900676320052,1.1692410469926238,1.2081123492450911,24.305883780178718,758,122.77583148558759,1.7216480673935994,True,-0.44561529433312735,-0.6916412123309821,0.8924716780559743,-5.587162944345966,322,-0.5194799230343959
555,long,0.5,14,atr,2.254744746602122,76.49370486317645,none,1.4171813656129593,248.5173048313157,960,150.0,0.0,state,300,cross,state,off,1.0,0.5732097953283652,1.1090935198800012,1.1801904059982171,20.95754390075799,745,120.67017738359202,2.003956070336746,True,-0.6452515843344273,-0.9677274759392428,0.8455414629234272,-8.205577219974057,315,-0.6627572291396316
555,long,0.5,14,atr,2.766285528137222,191.6862149977174,none,3.375771601801552,246.61235683756948,960,150.0,25.0,state,300,cross,state,off,1.0,0.5343653517250437,0.9383334024587099,1.1630440206976032,20.366429736031648,745,120.67017738359202,2.030959720972318,True,-0.5234724893854384,-0.7579491093204449,0.8758864110302462,-7.034087530742574,315,-0.5356145109358716
555,long,0.0,14,range,4.136512408520253,107.09300646522973,none,1.9506176113752436,242.39643004832098,960,150.0,0.0,state,75,cross,state,off,0.5,0.15871777410132692,0.2922181153002788,1.0535304236450542,4.224183703156221,639,103.5009977827051,0.41360290262868593,True,-0.6904464734877788,-1.0191990793436538,0.8026867968847072,-7.523603168316118,274,-0.6823279494238114
555,long,0.5,14,atr,4.617345550951422,37.66250733715772,points,2.7253320426110674,290.49116228015953,960,100.0,0.0,cross,15,state,cross,through,0.5,0.15470790400039106,0.23392759083026057,1.112977096688772,2.5318235098020168,140,22.676274944567627,0.5264830285678814,False,-0.039294499301117725,-0.057487491326818296,0.9784528613105578,-0.27811284325241603,77,-0.04478259434855932
555,long,0.5,50,atr,1.4849402144283081,60.699395003693986,none,2.5078085248118507,380.53331548621645,960,50.0,0.0,state,300,cross,state,off,1.0,0.3700227638378124,0.8858591477979417,1.1348615200108352,9.241886364879836,761,123.26175166297118,1.0137000804683283,True,-0.09543211653878857,-0.19958182482477507,0.9686316426921442,-0.8366059902041361,316,-0.1214246752906564
555,long,0.5,14,atr,1.7068358892665911,46.50435163709146,points,1.4431569744352752,212.54010113789042,960,100.0,0.0,state,30,state,cross,through,0.25,0.5233572717071213,0.9599621308699758,1.1482475696626164,14.275134885045603,758,122.77583148558759,1.3637288778366115,True,-0.8930025451623724,-1.2758486559970368,0.78944471591305,-9.208912328231758,322,-0.7143774017638752
555,both,0.3,10,points,4.921553812422253,38.395016640117824,points,0.5971816639139198,310.0278247923709,960,50.0,0.0,state,15,cross,off,through,0.5,0.2566262610337343,0.6207427614904796,1.0632401716140243,7.923913026790862,1406,227.73458980044344,0.8508556597040138,True,-0.32613688515720796,-0.815450591482136,0.9225320211780862,-3.013565336226784,584,-0.6399752513344681
555,short,0.5,14,atr,3.0364925097551874,30.22218886684972,points,1.481206814372773,338.90297787606755,960,100.0,0.0,state,15,state,cross,confluence,0.25,-0.30339890972993633,-0.47964668338600086,0.9051695543554509,-10.711365074794678,635,102.8531042128603,-0.44946049763868495,True,-0.848946569343699,-1.235572462674581,0.7672216851526009,-9.954429571315934,262,-0.7264806926177219
555,long,0.5,30,atr,3.820884484302202,157.015390237897,none,0.9668281422816043,249.34247276351834,960,0.0,0.0,state,75,cross,state,off,1.0,0.4116161820408507,0.6797496709223686,1.123769396755451,18.17109065078233,752,121.80399113082039,1.5728805886539474,True,-0.7232827889265036,-1.0547016412741108,0.8403059271281288,-10.320370793673066,316,-0.6432827654552615
555,both,0.5,7,points,1.420761804730613,235.79589104732437,points,2.686334178271229,256.235472155084,960,150.0,3.0,off,15,cross,cross,off,0.25,0.6544894118844177,1.0062704842719836,1.1199001448776917,39.10996264375767,1681,272.2772727272727,2.6010587018491096,True,-0.6971273114987988,-0.9747608829078946,0.8912076612221597,-14.174085935926065,695,-0.8038321172164747
555,both,0.5,7,points,0.931043313077142,233.87291172639615,points,2.9490169228617074,234.46687094654382,960,150.0,3.0,200any,15,cross,cross,off,0.25,0.7302837316341468,1.296522047782599,1.7260828644845214,10.650356768784096,93,15.063525498891352,6.35170483972051,False,-0.1137303021203466,-0.1623087756942297,0.9286160289571729,-0.5957594713774398,39,-0.19175609947072528
555,long,0.5,14,points,1.820167683237714,112.94226369389983,none,0.8911659787803748,332.6598779979182,960,150.0,0.0,200any,75,cross,state,off,1.0,0.24048473702233295,0.44963477345144687,1.2312615103684563,2.7724918706866797,75,12.1480044345898,1.5333052239045997,False,-0.5508455953786933,-0.9211964063253552,0.664726254585131,-2.374817172501674,34,-0.502534395765597
555,long,0.3,7,points,1.3223354334827961,149.2327552988142,points,2.692083976192321,239.72816405862721,960,50.0,3.0,off,15,cross,state,off,1.0,0.2528577371473155,0.40556174894513203,1.0607511823414917,7.970584799441055,1326,214.77671840354768,0.5305452754557005,True,-0.3514320084485514,-0.5563538440873922,0.9256017569094631,-3.972829287454206,570,-0.392620061878647
555,long,0.5,14,atr,4.2905810810480025,139.74984240191063,points,1.2300125475384922,389.97450178560626,960,100.0,0.0,state,75,cross,cross,behind,0.25,0.4792875260116028,0.7530737656309524,1.1471186767224308,18.20965772717505,761,123.26175166297118,1.6790440070794874,True,-0.5104640422881586,-0.7407635818500594,0.8724052525076571,-6.877950098578206,324,-0.5814986551515762
555,both,0.3,7,points,2.720980302864686,210.6116604475668,points,2.1970245468944873,288.77773502307457,960,150.0,5.0,off,15,cross,cross,confluence,0.25,0.6298439035668586,1.186015185264919,1.4383400071570285,10.703028622001462,165,26.725609756097562,3.5514103476030967,False,-0.5278090542426782,-0.7569950945455352,0.7683731786715072,-3.6473174861339124,83,-0.7683279985611902
555,short,0.5,14,atr,3.2710157347711464,31.725303567391894,none,3.9056578396764365,267.7345119408118,960,150.0,0.0,state,150,cross,cross,off,0.5,-0.08971814942395813,-0.15612762865111324,0.9692208007376633,-3.774530753367441,597,96.69811529933482,-0.2184990281590191,False,-1.1580863209541163,-1.544079868878901,0.6876094466640986,-15.059065116744762,246,-0.9153766816027743
555,short,0.3,14,atr,2.50085605393118,35.41447254930504,none,2.4142153746529265,220.60250811922973,960,150.0,0.0,state,300,cross,state,through,1.0,-0.5412591936314498,-0.9631468687892211,0.8378484561939513,-21.943718272168915,696,112.73348115299335,-0.8970350166366474,True,-1.4823811695282674,-2.0674016799752555,0.6426417481418043,-18.69977597523678,294,-0.944139617704854
555,long,0.5,21,points,4.625286603463938,47.63566128080662,points,1.3169268375720145,295.9912098228738,960,75.0,0.0,state,30,state,off,through,1.0,0.445679053719447,0.9819737958139234,1.1304948385451632,11.331425511502797,828,134.1139689578714,0.862734906409994,True,-0.22000869009302249,-0.5252559119017667,0.9385477368571868,-1.8033188925171304,343,-0.2791750224332516
555,long,0.5,50,points,4.042648711176208,53.39821441646844,points,1.4075104613718725,285.48376460730674,960,25.0,10.0,state,15,cross,off,through,1.0,0.36795354308379286,0.7965326520455117,1.1240214439167306,7.930391197136688,829,134.2759423503326,1.0714745896737539,True,-0.30354259749167994,-0.6535473244420016,0.9088004042339044,-2.0406557280208855,338,-0.3636517719266529
555,long,0.5,14,range,1.718016833229389,26.581796808210022,points,1.741758677587383,320.8531228030234,960,25.0,0.0,state,15,cross,cross,through,0.25,0.18736404598698184,0.35852477815585365,1.0737525070446607,4.040177984016903,688,111.43769401330377,0.514627831576808,True,-0.08410406454642635,-0.15965714977741818,0.9698639326776879,-0.6564031098682823,287,-0.1040569094437611
555,long,0.5,30,points,2.247603302880016,247.21041776328107,points,2.5045911239482272,239.01490175761637,960,25.0,3.0,off,15,cross,cross,through,1.0,0.07932659558121456,0.13213002591391013,1.0767688556633865,0.7538520968694132,117,18.950886917960087,0.3825282307513957,False,-0.1402383637778533,-0.21575968628241673,0.87993483523757,-0.4417687163176267,48,-0.1873585805329475
555,long,0.2,14,atr,2.4229322550265144,58.81699264498346,none,1.2584770507687233,287.0708703043301,960,150.0,0.0,cross,300,cross,state,off,1.0,-0.020638752599676572,-0.036049529965420005,0.9905203557708853,-0.531897616259049,301,48.753991130820395,-0.05073836701221862,False,-0.008901870356115626,-0.013510602250909791,0.9965882232473662,-0.09771978658746638,151,-0.014874808888159738
555,long,0.3,14,atr,3.820311198288176,70.19242018248089,none,1.1824774414025994,276.23329735006405,960,150.0,0.0,state,75,cross,cross,off,0.5,0.24189288582510934,0.37601782426829267,1.0685986762709083,9.642233468280038,769,124.55753880266076,0.7879710181454098,True,-0.4296390298280949,-0.6137003269684351,0.8925039545469299,-6.277481140989752,318,-0.46857710750798287
555,long,0.5,50,points,2.787382792058777,32.398710167124065,points,1.1382673919258866,396.2501625746723,960,100.0,3.0,state,75,cross,cross,through,0.25,0.2955048545491599,0.7451743562049583,1.0967809528959769,6.684038629233703,772,125.04345898004435,0.6612233462110008,True,0.36466709851240947,1.0887565029468762,1.1249560373036063,2.6912721279875638,319,0.6926450570852002
555,long,0.1,14,atr,3.5340032068503895,114.3697785175456,points,0.6943926625095946,358.39307651447496,960,25.0,0.0,state,15,state,state,through,0.25,0.10805195741551996,0.17807217084368498,1.0374006935540863,2.977373860254237,805,130.38858093126385,0.20676161454461456,True,0.13483975005772447,0.23395542395973626,1.0477706936909121,1.2869300056772857,329,0.27974134351948077
555,long,0.5,14,points,3.1861533338583556,74.69348276841868,points,2.2031083529431688,394.351970935015,960,50.0,0.0,state,15,cross,off,confluence,0.25,0.2691304015251933,0.5345504168403216,1.0838462659384944,7.110700999179535,774,125.36740576496673,0.704935847791067,True,-0.07758119519004637,-0.16122394805711932,0.977417374876823,-0.6865560468672429,331,-0.11882829465472111
555,long,0.5,14,points,4.212839229717152,64.16559747780092,r,2.3133744277561537,269.41691007974424,960,50.0,0.0,state,15,cross,off,through,1.0,0.4026536020082157,0.7179934283537966,1.1054305895093959,8.954546862841076,829,134.2759423503326,1.1798442935998061,True,-0.5957966448103169,-1.022039517919416,0.8636530521800388,-3.9738717727964064,345,-0.50322308621176
555,long,0.5,50,atr,2.5805848247406793,129.46665067517824,points,1.5443462128006493,390.94783172727017,960,0.0,25.0,state,15,state,cross,through,0.25,0.39671433671624373,0.6882854413029502,1.112448315011499,14.775502935635096,772,125.04345898004435,1.3610734756898641,True,-0.4978917095998082,-0.7840732291783289,0.8840260358305337,-6.222358209987717,319,-0.5297136715335606
555,short,0.5,50,points,0.7824928885208878,226.50329395727394,points,2.2805824649492816,329.81542548447015,960,150.0,25.0,off,15,cross,cross,off,1.0,-0.07865948552677872,-0.12426050109090978,0.9837747512940592,-4.228025713726012,1298,210.24146341463415,-0.21871311468695134,True,-1.2186063731925048,-1.7369985926413696,0.7889778239099344,-21.879630912394923,535,-0.896445935549838
555,long,0.5,7,points,4.68528559571537,86.71263081600588,points,1.9456113915666746,326.7026697741532,960,50.0,3.0,200any,75,state,off,through,1.0,0.32041755856119963,0.5932661538247767,1.0914848891239644,9.11476044814783,910,147.3957871396896,0.7764741796351996,True,0.22671943798787222,0.45588222924951893,1.0632569776715148,2.2887323484851763,388,0.3133808284360607
555,long,0.3,10,points,2.0605206396021547,148.2542087942128,points,1.4542440248025112,99.39291924446829,960,50.0,0.0,state,15,cross,cross,behind,1.0,-0.2330970860915956,-0.3065675942075219,0.944765219749059,-5.658294591589027,832,134.76186252771618,-0.42445976626445914,True,-0.9914990228452424,-1.2550242126196594,0.7970004591591934,-8.189672537262936,356,-0.7477812035101151
555,both,0.5,50,points,1.2280185961427947,218.08067070329454,points,3.6669650651270365,292.3310490984916,960,0.0,3.0,off,15,cross,state,off,0.25,0.011651832527463298,0.01759933837798898,1.0021440601867428,0.6210823344955099,1768,286.3689578713969,0.032692044833538686,True,-0.8873478076861556,-1.2964227330609543,0.8581563172907054,-15.637005498867783,720,-0.8458002257959426
555,long,0.5,14,points,4.626665655648687,58.82872657306455,points,0.5536243262291561,228.10027011244546,960,50.0,0.0,200all,75,cross,off,through,0.5,-0.2009292101424907,-0.36229400797637423,0.8432952973276664,-1.4210093700288375,78,12.633924611973391,-0.3509346205048264,False,-0.6212743951765394,-1.1036847453784895,0.5796164341055844,-1.420380016542101,35,-0.9225152148069364
555,long,0.5,14,atr,3.5015972502062107,93.78064351073832,none,0.9235501380918743,351.94121308239426,960,150.0,0.0,state,15,cross,state,off,1.0,0.5446978177420488,0.9130624619283997,1.1688502881022735,22.176254082244387,745,120.67017738359202,2.019270963171081,True,-0.4712034592524547,-0.6713916749253969,0.8844449207465457,-6.676375200773758,315,-0.5222842756920177
555,long,0.5,10,atr,3.381643721354634,59.20488898891507,none,1.6277777116833074,318.7166016564107,960,25.0,10.0,state,75,cross,cross,off,0.5,-0.15560917797984733,-0.23403088920446397,0.9429446019055701,-4.210510411537414,742,120.18425720620843,-0.3383397126072807,True,-0.6298381467904965,-0.839973900607786,0.7812000977929581,-6.133675132803249,312,-0.5703006324210936
555,long,0.2,7,range,0.5037039436282711,191.94973309717255,r,0.9929339533695787,105.54291850082802,960,100.0,5.0,off,15,cross,cross,off,1.0,-0.16276988364819486,-0.23512026162384841,0.9641109783784365,-4.310017280154992,1163,188.3750554323725,-0.4241416425548963,True,-0.9679339066632547,-1.2069162540256513,0.8076311421865011,-9.578184859698226,482,-0.6576750884295123
555,long,0.1,21,atr,3.9076160204755164,26.21733649766813,r,0.9508467191644009,273.739590044885,960,150.0,10.0,state,75,cross,state,off,1.0,0.17675959018327986,0.26463225461344314,1.0482283163042896,6.763891778379749,788,127.63503325942351,0.46775830069212276,True,-0.5482766211970839,-0.7126517313715363,0.877756929891531,-7.073554953072101,321,-0.5640615121305363
555,long,0.5,14,atr,3.6664544455543493,104.00397487263257,points,0.5087581480773526,244.27436609829567,960,50.0,0.0,cross,150,cross,cross,through,0.25,-0.35225314394585955,-0.4579976154399997,0.802497428712515,-5.764187972624066,221,35.79611973392461,-0.46354262852217504,False,0.008016599731191867,0.011808936966999565,1.0036081407648634,0.059292529989885046,122,0.01130063875073006
555,long,0.5,14,points,5.0222109634186065,43.98043793989911,points,1.1918036611363574,356.53448419939014,960,50.0,25.0,state,15,state,off,through,1.0,0.7227939410044124,1.6574078151528422,1.2281459002603523,16.217878603511554,829,134.2759423503326,3.4918385080982084,True,0.021247832458215682,0.04966356895341424,1.0062359002571828,0.14762567712076002,345,0.027493855962225824
555,long,0.5,30,points,2.4087460250044415,184.05134087762613,points,2.1407747500983296,99.43928983120213,960,50.0,25.0,state,15,cross,cross,through,1.0,0.37779760886219543,0.4938579143487472,1.0965500074019732,8.718829109956639,823,133.30410199556542,1.6094311655250375,True,-1.0527992094738545,-1.2613653916709466,0.7784569332993905,-8.779243115008772,340,-0.6645170259591678
555,long,0.2,30,atr,3.35660789735258,119.33633636889672,points,2.5468310179340996,358.3563470217111,960,100.0,0.0,state,15,state,cross,through,0.25,0.41075040181763156,0.6923648991071659,1.1181422600332362,14.790123344838648,796,128.9308203991131,1.194051120861781,True,-0.13287060387169164,-0.22092586919424498,0.966161369142776,-1.5833550758820847,324,-0.21968773065889852
570,both,0.5,7,points,0.9432319209784442,297.54494787444685,points,2.8800239445031384,247.35074489731244,960,50.0,0.0,off,15,cross,cross,off,1.0,0.41325429300565814,0.6122760287969988,1.0868737497309617,20.946986956186123,1825,295.60144124168517,1.1880241483290919,True,-0.6876728648911525,-0.9531132449859233,0.8686283787960767,-11.630165805935668,773,-0.6248451157779398
555,long,0.5,14,points,4.448068324564812,40.38141113596042,points,2.3133154240968152,327.2874820385547,960,75.0,25.0,state,15,state,off,through,1.0,0.7202455222388583,1.6706028133894995,1.2226930687077662,17.15348236074079,829,134.2759423503326,2.6324880543902154,True,0.10495703696579893,0.2665543358956413,1.0309154249129608,0.8000079039930945,345,0.1413956458501533
555,both,0.5,14,points,5.498637499193254,34.300990830312614,points,4.093339272204232,359.50382217591107,960,75.0,25.0,state,15,state,off,through,1.0,0.1426613771197125,0.3298214543458545,1.033419866888888,4.248000347020703,1414,229.03037694013304,0.33921328992951716,True,-0.2295306525807524,-0.5773269247280357,0.9479331808650165,-2.1186324203477254,598,-0.37519761068572377
555,long,0.5,14,points,5.604118036991531,92.73956588962227,points,0.6349666397984943,387.7031045117154,960,50.0,25.0,off,15,state,off,through,1.0,-0.2146083708779611,-0.3647579393742361,0.8651453047024595,-2.429360687282534,136,22.028381374722837,-0.5645061006833654,False,-0.39653117559219786,-0.6761457351380883,0.7570354475787302,-1.3979353095762304,57,-0.6168924657626573
570,long,0.5,14,points,5.459779124462968,84.78949997635931,points,2.793504084763576,327.81915803395196,960,50.0,0.0,state,75,cross,off,confluence,1.0,0.08846601768355754,0.16162954098099486,1.0243763866579343,2.5530144753473336,876,141.88869179600886,0.2000871232182713,True,0.207868893148225,0.423561508435348,1.0601884255858496,2.0012274270743573,363,0.26665455297010265
555,long,0.0,7,points,0.9325207941411882,204.480116327474,points,3.108555322262839,162.40283117760418,960,75.0,3.0,off,15,state,cross,behind,1.0,-0.02566103140299357,-0.03560001744095851,0.985985087651333,-0.39554872624893767,169,27.373503325942348,-0.07279779044374039,False,-0.15903963256368797,-0.21451294792838488,0.928525957166038,-0.9695841869432865,97,-0.3102257483984079
555,long,0.0,14,points,2.9062342564184958,35.25828780751668,none,1.3133769853151425,351.79322537695265,960,75.0,25.0,state,15,state,off,through,1.0,0.47625418771024425,1.2332027670880596,1.1485208620767957,11.54943113391326,887,143.67039911308203,1.772442154462447,True,-0.1794387584716723,-0.4685978369605864,0.9477299156607126,-1.2981020358986513,360,-0.27632797380129853
570,long,0.5,14,points,3.9897370361256863,99.0014776666871,points,2.39954640182109,319.23681819240545,960,0.0,25.0,state,15,state,off,behind,1.0,0.19610413734572849,0.3383439022490043,1.0492040106018312,6.626486280994175,788,127.63503325942351,0.40231963014515576,True,-0.13589815166850117,-0.2428433745324208,0.969534650028843,-1.5716171337124938,334,-0.21579937222777054
555,long,0.2,14,points,5.398831504249367,62.2886023167237,points,2.3210455962928216,315.2095767480547,960,25.0,25.0,state,15,state,state,through,1.0,-0.05279525948606467,-0.0957047935646335,0.9850122796069046,-1.0370834351650169,872,141.2407982261641,-0.12226470569571966,True,-0.5803226739620867,-1.078311941786323,0.8471549251120599,-3.793931208326285,349,-0.5585860684230632
555,both,0.5,7,points,2.8465869971165425,275.03185608573637,none,2.5551208534874386,290.5730234144385,960,150.0,0.0,off,15,state,cross,off,0.25,0.8233233277711567,1.4428003804976346,1.1808892531119726,58.672998065319916,1677,271.62937915742793,3.8911775333739542,True,-0.5509181360694824,-0.8178299990305273,0.9048780136003087,-12.55964389389527,692,-0.7699200608156885
555,both,0.5,7,points,3.693049033002638,287.04185707931885,none,4.53193527691139,302.07952865942474,960,150.0,0.0,off,15,state,cross,off,0.25,0.79931399187854,1.387859040512763,1.1753693708754456,57.23680415838352,1676,271.4674057649667,4.139246462348656,True,-0.5384072516771138,-0.7960891233957147,0.9065514219589631,-12.315915624082148,691,-0.7399217793371283
555,both,0.5,7,points,3.2469292961037617,295.0735858994675,none,4.404030646897297,278.9353481853297,960,150.0,0.0,off,15,state,cross,off,0.25,0.8305640468410714,1.4380966285277015,1.183101156710807,59.69299447177039,1676,271.4674057649667,4.172375984284326,True,-0.5392644248031265,-0.7947031050117686,0.9061767006146512,-12.370414751325963,691,-0.7463854450619085
555,both,0.5,7,points,2.958491217919537,288.1763737386297,none,5.5151161523476855,189.78360672963197,960,25.0,0.0,off,15,state,cross,off,0.25,-0.2822501188153119,-0.4673705203413238,0.9303435612139914,-14.368483158615794,1896,307.1015521064302,-0.4799182229119536,True,-0.6732386531360101,-1.0676396652918698,0.8445285556995314,-11.062836704747742,816,-0.7881147519036585
555,both,0.5,7,points,3.3028380427889887,260.4858394688276,none,2.0979481030439087,276.30843100087014,960,150.0,0.0,off,15,cross,cross,off,0.25,0.6405978008397729,1.1060434425912244,1.136600370022829,44.98476551889385,1677,271.62937915742793,3.1838763318521663,True,-0.5129252022247608,-0.7693320383054706,0.9119117716908044,-11.590000826207284,693,-0.7046802625431923
555,both,0.1,7,points,3.9469464207033065,209.89671980854087,none,4.325454771728301,284.68835865166,960,150.0,25.0,off,150,state,cross,off,0.25,0.3727957512731772,0.6331054872820191,1.0751487021773596,23.940107258048847,1646,266.60820399113084,1.656070440143225,True,0.13184473816094786,0.2166348853003325,1.0239645201738656,2.8708630221591536,687,0.3366301277968772
555,both,0.5,7,points,3.097069206751186,267.34961741754273,none,2.3132479870099,335.071307904147,960,150.0,0.0,off,15,state,cross,confluence,0.25,0.6298636824618584,1.3295919088977735,1.5069065352822504,13.129916239799226,160,25.915742793791573,3.6153915131979018,False,-0.9387073631795094,-1.2286563969570434,0.6103669238890983,-6.754479351858917,80,-0.8718866946044368
555,both,0.3,7,points,4.298952062966678,276.80130462235667,none,2.2809930435026535,231.29275320131157,960,100.0,0.0,off,15,cross,cross,off,0.25,0.51569757504582,0.876731322782695,1.1137245134411256,34.133876980887706,1676,271.4674057649667,1.7738563836385086,True,-0.13852508931258692,-0.21401351079605213,0.9728484283694591,-3.0030115203559866,719,-0.19837055783381732
555,both,0.5,7,points,4.2392937523732686,231.3527784983444,none,2.0568509199073914,268.907878246223,960,150.0,10.0,off,150,cross,cross,off,0.5,0.6129455131424482,1.078374882467914,1.128958889121609,41.95291554464231,1682,272.4392461197339,3.4718376284934025,True,-0.6075855501721821,-0.9236789401890462,0.8974819816143488,-13.406769488703008,697,-0.7260980340156753
555,both,0.5,50,points,3.409382085106773,249.4220767203619,none,2.647919583546025,260.09186368598506,960,150.0,10.0,off,150,cross,cross,off,0.5,0.273589032302954,0.45812213429423143,1.0556190153294018,18.6184263368514,1661,269.0378048780488,1.1845194520865887,True,-0.18359454856176602,-0.2845232072569202,0.9669002100709668,-4.104396131235426,688,-0.33657907884857885
555,long,0.5,14,points,3.9496673345224984,78.63898968473555,points,1.7271761304529187,356.7585990117811,960,75.0,5.0,state,15,state,off,through,0.5,0.17168597791091564,0.31642119001264146,1.0485293019480708,4.924775138282053,786,127.31108647450111,0.28069334857476586,True,-0.3838893034329095,-0.7530222777991776,0.901085068533204,-3.7075355630884097,330,-0.37745983748436707
555,long,0.2,14,points,5.226053223805249,37.25097488731389,points,1.3456304297518182,279.4099081275108,960,50.0,25.0,state,300,state,off,through,0.25,0.8334601285155369,1.993813272461341,1.2708615426104943,17.051279116027906,796,128.9308203991131,4.75646117906764,True,0.37057448499132617,0.963404404601976,1.12032621187175,2.4948346526921554,326,0.7949529530968101
555,both,0.2,14,points,3.847573952091964,93.1401345434852,points,1.5158991466778406,334.8815615552515,960,50.0,25.0,state,300,state,off,through,0.25,-0.017699586078137798,-0.029942844062847515,0.9962461562402063,-0.6455480438570715,1391,225.3049889135255,-0.043603422099869026,True,-0.5678323870155962,-0.9683900046947604,0.888415325823901,-6.546107309743183,576,-0.660828404475396
555,both,0.5,7,points,1.4873555701810668,263.64662171406155,points,2.890649700980938,227.57272179097743,960,25.0,3.0,off,150,cross,off,off,0.25,-0.43332356414042045,-0.5997182226364769,0.9047020153515184,-19.209741050709667,1886,305.4818181818182,-0.5880641911132442,True,-0.7202504752204699,-0.983050627214852,0.8500017423632077,-10.466825637707448,817,-0.6898210742705546
555,both,0.5,7,points,5.850862150246723,167.41936247869776,none,2.5248235666943333,259.26643720224126,960,100.0,10.0,off,150,cross,state,off,0.5,0.03310091356587782,0.05624528160157394,1.0066995930818037,1.6478163615861003,1851,299.8127494456763,0.09932009687571469,True,-0.8998361037703477,-1.409883026647336,0.8459197340410063,-14.107123228289497,783,-0.779099507406754
570,both,0.5,7,points,3.3191958824476124,260.19592009683686,none,1.9553184915670236,206.31480295357727,960,150.0,0.0,off,75,cross,cross,off,0.25,0.5695254269171298,0.9720319342841044,1.120502192125907,40.397272027201055,1698,275.03082039911305,2.3229942479045778,True,-0.4117425800689214,-0.6142641949031721,0.9290005620802646,-9.046845824569242,694,-0.5792048982942245
555,both,0.5,7,points,2.362059207568582,296.7540059300753,none,3.0705383125712262,375.7498908613093,960,75.0,0.0,200all,15,cross,cross,off,0.25,-0.40243624477884216,-0.4357475541103989,0.2569981868890106,-1.516495947084995,5,0.8098669623059866,-1.0,False,-9.0,-9.0,0.0,0.0,0,-9.0
555,both,0.5,7,points,3.9091672908384063,279.8628452085308,none,1.1916273348304247,317.18110019345346,960,150.0,5.0,off,15,cross,cross,off,0.25,0.834682810755473,1.458502702698474,1.1839204893313289,59.41879550704193,1677,271.62937915742793,4.6315365309711085,True,-0.5870746617819208,-0.8668388922929678,0.8983768069601615,-13.349431345392677,692,-0.7500057910498397
555,both,0.5,7,points,3.9287912589700813,265.0831178175364,r,0.8092961453229905,358.0244575273435,960,150.0,5.0,off,15,cross,state,off,0.25,0.4123715396330635,0.6089466994716143,1.0773499104702067,20.558311225307428,1813,293.65776053215075,1.7540991224227602,True,-0.8857686874608471,-1.2087219281060317,0.8588634521228806,-15.048976508342385,751,-0.8582197882627101
555,both,0.5,50,points,4.087255621997033,263.30035220594266,none,1.0709000036781882,326.2285962552439,960,150.0,5.0,off,15,cross,cross,off,0.25,0.34152216832955784,0.5692509014192169,1.0702559660337057,23.465388991287924,1658,268.5518847006652,1.3468558870216325,True,-0.24919387046386654,-0.3818180046234327,0.9550121384004584,-5.618434565494921,685,-0.44202405302134723
555,long,0.2,14,points,5.088740074840528,61.2348476116712,points,2.9101487023367554,140.1647022327995,960,50.0,25.0,state,30,state,off,through,0.25,0.38770902927438616,0.6431456291916382,1.0973950918300746,7.711356576686034,796,128.9308203991131,1.0182166193195519,True,-0.5189927189313895,-0.8412438277152077,0.8860408610336289,-3.1764221944842563,326,-0.6102922742959535
570,both,0.5,14,points,4.2318290978523425,225.9096891018559,none,5.246942071769571,318.1392794373417,960,150.0,0.0,off,15,state,cross,off,0.25,0.36841050881279713,0.6320645678034571,1.0751270051863018,25.053874805872315,1698,275.03082039911305,1.4968476075265353,True,-0.38726168529033167,-0.5892396870444375,0.9341660283224847,-8.268867793773659,700,-0.6118131726942816
555,both,0.5,7,points,5.443299307388833,276.71218314621683,points,6.835801526439759,310.16125573519685,960,150.0,5.0,off,75,state,cross,off,0.25,0.8734336110172153,1.3689549708677533,1.1726292976547639,55.72509320218131,1677,271.62937915742793,3.5365785813127113,True,-0.6177943626263086,-0.8676004269645733,0.8984085217390102,-13.313407832779362,692,-0.7610515415127697
555,long,0.1,14,atr,4.524613091513612,52.90811160372063,points,0.6272003919768802,297.03906921304974,960,150.0,0.0,state,15,cross,off,through,1.0,0.22124061827600286,0.31393449692733555,1.0564288547219884,10.480875130822492,881,142.69855875831485,0.6179471446863906,True,-0.15634776391482794,-0.2181373585645111,0.9634657766026467,-2.5040207035774573,353,-0.30163690512057817
555,long,0.5,10,range,4.761594863043815,283.3107505464052,points,5.371725164914519,372.5491495879413,960,150.0,5.0,off,75,state,cross,off,0.25,0.41998114617789606,0.7739132589238776,1.1063248798484444,16.6135642971854,1163,188.3750554323725,1.4089079551121537,True,0.1013491017135692,0.18509276622850898,1.022715566774776,1.37069615022371,484,0.2647930550191185
555,long,0.5,7,points,2.409036401507727,227.66574256837126,none,1.9163406083589418,254.4266581871278,960,150.0,0.0,off,15,cross,cross,off,0.25,0.4351413839119831,0.7188267674476163,1.1014011108967792,23.381351811014493,1260,204.08647450110865,1.3602702686676809,True,0.19305220741983797,0.3020401922874448,1.0384526767488527,3.5358815661055623,549,0.49645565895955623
555,both,0.3,7,points,5.154150933145009,245.06057381164476,points,7.546575100938477,321.12886276074903,960,150.0,5.0,off,75,state,cross,off,0.25,0.3438704532676728,0.5349935146657059,1.0646276800026784,21.63961353436366,1652,267.580044345898,1.101972730704325,True,-0.27981111431152506,-0.40714196189775936,0.9525395676495061,-5.853753591778847,688,-0.49043197256423204
555,long,0.5,14,points,2.3294002240381677,51.692019733761526,points,1.9000525476088337,316.5407306672825,960,75.0,25.0,state,15,state,cross,through,1.0,0.39420765970080995,0.8177611387931625,1.1108061249787553,9.786329406329275,829,134.2759423503326,0.8590424590517355,True,-0.11624919004170269,-0.2599479395222304,0.9688219682051012,-0.9447809230117432,345,-0.14056038470646348
555,long,0.5,14,atr,4.748887138601091,27.334754395838768,points,2.0868022549874734,300.05694733109243,960,100.0,0.0,state,300,cross,cross,through,1.0,0.5270039754674212,0.7944886372651793,1.153247004026365,21.435606960494557,829,134.2759423503326,1.937590975710656,True,-0.5008098866169266,-0.7006359058653842,0.8785633832085512,-6.875889541986355,345,-0.5642162188728009
555,both,0.5,30,points,4.75522684698302,260.76069042409085,points,6.597652226947686,348.2707451321055,960,150.0,5.0,off,75,state,state,off,0.5,0.25894333419437493,0.4083152972170301,1.05148191327465,13.674778021746198,1784,288.96053215077603,0.863860842441967,True,-0.5941451899675966,-0.8684434054835896,0.8964319004568261,-10.32261963147998,736,-0.7447991008315383
555,both,0.5,7,points,5.606282369132163,215.22208863991264,none,2.836195344655421,322.54481593165735,960,150.0,10.0,off,150,cross,cross,off,0.25,0.6334510683552116,1.129901759999803,1.133409382657222,42.88136404320875,1686,273.0871396895787,3.5891303388026246,True,-0.5080060445422089,-0.7850573941657428,0.9137308183432702,-11.079271188307406,701,-0.675513579375329
555,both,0.5,7,points,5.346638118572833,250.9746347611174,none,3.041286040844881,264.0368513295768,960,150.0,10.0,off,150,cross,off,off,0.25,0.6760787074885044,1.1225754044872522,1.1432989726532043,48.86247616982739,1648,266.9321507760532,2.9115545490381014,True,-0.3184857245993117,-0.47208136052007704,0.9444079156231509,-7.344062449518513,688,-0.49101109966101947
555,both,0.5,7,points,5.445872482893968,218.16606097483188,none,2.6782832472669664,398.81615835245873,960,150.0,10.0,off,150,cross,cross,off,0.25,0.6359661956180064,1.1315681711529224,1.1340006484440996,43.251156275897344,1686,273.0871396895787,3.5391504944210785,True,-0.5276034532633411,-0.8127347146853315,0.9105017830510868,-11.53237486789994,699,-0.686203196145485
555,both,0.5,7,points,5.840469208049527,257.7946207510476,none,4.215834664313301,227.20531568051746,960,150.0,10.0,off,150,cross,off,off,0.25,0.7157186463486621,1.1835324707854116,1.1530551970732597,51.89018849192422,1648,266.9321507760532,3.070618163544697,True,-0.3613562677509344,-0.5316701180271374,0.9370413338492386,-8.384139646624163,687,-0.5528637431231395
555,both,0.5,7,points,5.949739883158538,210.27458325981226,none,1.5483714228178709,144.92270276617364,960,150.0,10.0,off,150,cross,off,behind,0.25,1.0773752983246092,2.933507410096937,2.8086593125243464,18.915404898053104,82,13.281818181818181,13.25027506181066,False,-0.9087852706843941,-1.1311259227783919,0.5030159792756587,-4.18241145057879,39,-0.8416020998809907
555,both,0.5,7,atr,5.086227199378648,193.2114915058906,none,5.288737467863736,199.76157369702784,960,150.0,10.0,off,150,cross,cross,off,0.25,0.7312949474961455,1.1938879365620623,1.1666121014241413,54.83852991622915,1668,270.1716186252772,3.2615101731919798,True,-0.6355141797995822,-0.8538335549863493,0.8821565651626649,-15.925396953462911,689,-0.8502999589815282
555,both,0.1,7,points,5.804820717280404,290.2939950891811,r,3.8601751520563825,235.1474031410345,960,150.0,10.0,off,150,cross,off,off,0.25,0.5086878156103886,0.8111710168276481,1.1072210997662117,37.40211285807713,1629,263.8546563192905,2.8146887925351294,True,0.21483030225752053,0.3208309116626243,1.0406140828590849,5.178849736242967,678,0.571715006800527
555,both,0.5,7,points,5.978116379320326,191.0864428274337,none,1.3359056791110562,371.5401740205242,960,150.0,10.0,cross,75,cross,off,off,0.25,-0.5349880637002693,-0.7835648772349656,0.7831179136215104,-12.855648891378127,283,45.838470066518845,-0.7697025035085753,False,-0.05107920490961646,-0.08162629229462198,0.9805062534434704,-0.4952072319247776,142,-0.07025340839058879
555,both,0.5,7,range,4.906761562474889,202.19044335011995,none,1.7359308293696394,277.1767590683991,960,150.0,10.0,off,150,cross,cross,off,0.25,0.6016412599293836,1.1596785855523177,1.1330127644010592,36.200266193097995,1977,320.2213968957871,2.5487680429887556,True,-1.242930386737518,-1.8550873664687078,0.8042946306705328,-22.499743177587423,844,-0.9514705844827963
555,both,0.5,7,points,5.938251041219884,257.51602371056373,none,3.483125693661181,374.76162457924187,960,150.0,10.0,off,150,state,off,off,0.25,0.7185686397988221,1.18876331490461,1.1537117061112703,52.08310996859993,1648,266.9321507760532,3.085576660078202,True,-0.3570152232823589,-0.5255435230442499,0.9377747211492182,-8.279994784752502,687,-0.5477287583089986
555,both,0.5,7,points,5.0665816288758645,227.78753039375582,none,3.142770216196804,334.083494254588,960,150.0,10.0,off,150,state,off,off,0.25,0.701109449440955,1.187592413423481,1.1479993831434079,49.755618644758805,1653,267.7420177383592,3.159559019321397,True,-0.42792745636610413,-0.6460741957750987,0.9268556897668279,-9.657601111906839,690,-0.6537132945447869
555,both,0.5,7,points,4.9897992497575405,265.4351554341185,none,3.454215544264491,397.63796958325554,960,150.0,5.0,off,150,state,off,off,0.25,0.7745930018234453,1.2815069232313083,1.1671803061346804,56.70025692506816,1646,266.60820399113084,3.221532591057047,True,-0.3979293920105316,-0.5826610719557301,0.9304992023689517,-9.273336940533916,685,-0.6299637089453803
555,short,0.5,7,points,4.398594656168356,245.9239742642447,r,3.7546097319670384,387.9707452458748,960,150.0,5.0,off,150,state,off,off,0.25,-0.009852611396419492,-0.016436640913080974,0.9977041312026099,-0.6287609764278046,1236,200.1991130820399,-0.03476838421066278,True,-1.2392645472299137,-1.8129813688402034,0.7661303503660767,-23.702049927848293,512,-0.910940230198599
555,both,0.5,50,points,5.079388776679435,236.9247795560064,none,2.6783844475224043,369.89270988705726,960,150.0,5.0,off,150,state,off,off,1.0,0.3757419332592389,0.615422792604501,1.0765554394911412,26.655462733628685,1636,264.98847006651886,1.2052892888926972,True,-0.17604678419896463,-0.2692911770942004,0.9685901538881923,-4.064426825499435,683,-0.37480290392952387
555,short,0.5,7,atr,3.453886828741605,169.1821635806427,none,6.475504756034205,76.04423248387778,960,150.0,10.0,off,150,cross,cross,off,0.25,0.3050814163314762,0.5344185468550019,1.0770935896094473,18.602440157235346,1236,200.1991130820399,1.3102362406678747,True,-1.3244646924281673,-1.870222914340194,0.7379769676554518,-26.397785251930138,512,-0.9398880157442325
555,both,0.5,7,points,3.9817047557636407,238.11944779927646,none,3.5529149748018543,298.67674174780007,960,0.0,10.0,off,150,state,off,off,0.25,0.6981466933956356,1.182271344333438,1.144285265935987,55.852612171502656,1618,262.0729490022173,3.301453664541791,True,-0.37126329171220546,-0.552650497064731,0.9391032006009754,-8.790838770889437,665,-0.5208496846642559
555,long,0.0,14,points,5.321654359448399,63.898817373225725,points,2.295264120575944,321.65913114772883,960,50.0,25.0,200any,300,state,off,through,0.25,0.33693179104045273,0.6313797909043583,1.0900301329083804,8.21928122848483,899,145.61407982261642,1.2801277341472914,True,-0.09914230586876241,-0.19702620679445274,0.974230717432548,-0.7993667004093843,372,-0.1638029525261781
555,short,0.5,7,points,4.8837622296317535,254.94991067587316,none,2.1585579892678144,337.9196776837731,960,0.0,10.0,off,150,state,state,off,0.25,-0.20917810421124264,-0.376288780266681,0.9428392162059437,-11.445038210579213,1236,200.1991130820399,-0.6595127651982365,True,-1.6679597270606485,-2.366669583279844,0.6863696254811676,-24.27480926567284,512,-0.9449308749811183
555,both,0.3,21,points,4.067008803337026,285.8249100930507,none,2.747481046627981,332.9238123254934,960,25.0,10.0,off,150,state,off,off,0.25,-0.42747076595693956,-0.6586438414279786,0.8945104532562754,-21.129360534662002,1824,295.43946784922394,-0.6881054424599338,True,-0.6032808366529673,-0.9163046944394683,0.8530089178564638,-10.023628100911854,778,-0.73683229597304
555,both,0.5,30,points,3.5976614152404136,283.28117235539656,none,2.6028025351417186,379.2410177080858,960,150.0,10.0,off,150,state,off,behind,0.25,0.9964951337094979,2.549196066667223,2.97011122490946,16.2159882952573,65,10.528270509977826,11.934818941976555,False,-0.5839590274892944,-0.6968537891838515,0.5737494609573905,-2.3997107815765744,26,-0.8403607283427229
555,both,0.5,7,points,5.706227616579517,212.29118950549656,none,6.153289920284651,352.83468490366613,960,150.0,10.0,off,150,state,off,off,0.25,0.7640116302948415,1.3291924099645207,1.1614445379870164,53.233493633780554,1657,268.389911308204,3.2327341713993336,True,-0.4133880995053281,-0.6307984443410042,0.929448405476579,-9.242660515879273,695,-0.632507591595632
555,both,0.5,7,points,4.461433392242069,227.26878181752775,none,2.891635062263873,385.50160542603163,960,100.0,5.0,state,150,state,off,off,0.25,-0.03503012194565797,-0.05456923904469496,0.9920034173541937,-1.9113338721157476,1285,208.13580931263857,-0.06704562600582235,True,-0.5790670457672457,-0.844159247777217,0.882469199596721,-9.889748253900278,534,-0.7368820640842283
570,both,0.5,7,points,4.012450660974054,255.01788131481217,none,4.217107775134307,285.42056599430873,960,0.0,10.0,off,150,state,off,off,0.25,0.4452202781351635,0.7309680966086565,1.0895744927340996,35.96329506664212,1616,261.7490022172949,1.298639272940181,True,-0.11284336665011925,-0.16883478965646082,0.9806929842007609,-2.719011441007809,663,-0.14951378848888683
555,both,0.5,7,points,5.655576627513629,203.21682019402846,none,5.6664046803684105,212.06591993781697,960,150.0,10.0,200all,150,state,off,off,0.25,0.07456996987137578,0.12274220839935962,1.0172817791975848,4.055975855843602,1177,190.64268292682925,0.22478490754376362,True,-0.23370389173915485,-0.3610630175899768,0.9526478897464328,-4.080921626054679,494,-0.3086336260472531
555,both,0.0,7,points,4.942815259179502,253.39381498593391,none,1.3312010001048344,284.74527440529056,960,150.0,10.0,off,300,state,off,off,0.25,0.5483874469519695,0.8809090261735278,1.1140670552324583,38.46202993422665,1624,263.0447893569845,2.3774115054270855,True,0.01954830624846648,0.029889555252662278,1.0035782316742403,0.46265067435295215,674,0.050109029110931944
555,both,0.5,7,points,5.809758942640095,168.84313716536815,none,3.9614787602740433,357.87219944878785,960,150.0,3.0,off,150,state,off,through,0.25,-0.06530983067572647,-0.11175605521622128,0.9447323972579095,-0.8078698757031736,78,12.633924611973391,-0.21379873760809498,False,-0.1284894572835215,-0.20981335988349697,0.9181082752099412,-0.684434645574789,42,-0.19409682479332402
555,both,0.5,7,points,5.470714256628599,278.7047055494181,none,3.4395794186360082,399.60661772976096,960,150.0,5.0,off,150,state,off,off,0.25,0.9709428226709572,1.6351843976414044,1.2167722474286207,72.2215273877806,1646,266.60820399113084,5.5304082342015155,True,-0.4856979939856983,-0.6994196457153221,0.914953546074354,-11.494056036218934,684,-0.7156665403612085
555,both,0.0,7,points,1.588092420058815,176.26167572332832,points,1.25182384659502,372.0419222087136,960,50.0,3.0,off,15,cross,cross,off,0.25,0.2625889483091957,0.4348111801477076,1.0577662338579594,12.930906763453663,1708,276.65055432372503,0.6075477987546964,True,-0.7125984092173513,-1.1107320136630465,0.858537368126836,-11.132609451467074,731,-0.7577631374248147
555,both,0.5,7,points,5.7524654095151275,278.7180852165968,none,4.066713136758224,382.3664763664764,960,150.0,5.0,off,150,state,off,off,0.25,0.9708284564908964,1.6349611421975396,1.216744037561477,72.2138029869345,1646,266.60820399113084,5.528802277663066,True,-0.48588154567972264,-0.699669211671301,0.9149226637087,-11.498617910106432,684,-0.7158564013528713
555,both,0.5,7,points,5.303915738582088,290.07336663531663,none,3.997172871221994,345.45220031979824,960,0.0,5.0,off,75,state,off,off,0.25,0.7898065124352703,1.3004579977429134,1.1694421263680577,66.61020549472656,1607,260.29124168514414,3.3227448401981143,True,-0.07440565739131003,-0.12302368493495626,0.9855887217040372,-2.157562645336683,660,-0.15943146057799856
555,both,0.5,7,points,4.941759322254892,235.2128141133138,none,1.7720408897965894,313.11616139737475,960,0.0,5.0,off,75,state,off,off,0.25,0.6817061336939393,1.1567837178978926,1.1405660890568132,54.48057400404025,1618,262.0729490022173,3.190125634908039,True,-0.4674974807605716,-0.6931242166559441,0.9239527541216723,-11.068197922381673,666,-0.6467679320487967
555,both,0.5,7,points,5.767677414919521,225.40980575184005,none,6.8794661271309625,353.74772468825546,960,50.0,10.0,off,150,state,off,off,1.0,0.17606789786183077,0.285774141082388,1.0405558254269287,9.74337440178742,1790,289.93237250554324,0.3889042075004797,True,-0.7021815765852883,-1.0592253689988036,0.859630803449027,-12.857754723790926,778,-0.7382404382478329
555,both,0.2,7,points,5.227492524368924,282.0260089599023,none,4.581606477508962,366.42136821438424,960,150.0,10.0,off,150,state,off,confluence,0.25,0.6427638479539811,1.2353462586459087,1.5013383559481899,15.474741742876983,169,27.373503325942348,4.58558412166485,False,-0.7171623507385536,-0.9434847220108233,0.7026868987001273,-5.896848808214275,83,-0.8808542168722308
555,both,0.5,30,atr,5.404106096854923,177.80987799437395,none,5.464299540360452,342.6490143566386,960,150.0,5.0,off,150,state,off,off,0.25,0.6507742471139802,1.0732356652905495,1.14312278446038,49.042003298098095,1631,264.17860310421287,3.709714678320899,True,-0.2386420261739917,-0.3374322760850244,0.9559315781721809,-5.698054244166931,683,-0.5124573352516901
555,long,0.2,14,points,4.040352556148159,40.88911439146337,points,1.345098216314302,236.0362077352304,960,75.0,25.0,state,300,state,off,confluence,0.25,0.508804143585103,1.1184303363233483,1.1451074672365629,11.071132860532515,814,131.84634146341463,1.7773120664568705,True,0.12420373916533578,0.29226472396959063,1.034795863837136,0.8717494119897631,336,0.19071635096849857
555,both,0.0,7,points,5.4767889187071725,245.08093325309986,none,4.768281969320794,329.0681503931368,960,0.0,5.0,off,75,state,off,off,0.25,0.36350374817940145,0.5733390618826417,1.0710349575320617,27.963242120725415,1600,259.1574279379157,1.0771539931740124,True,-0.17296446538514673,-0.262965830265526,0.9706833963293617,-4.240454511444619,657,-0.37804809566610487
555,both,0.5,7,points,5.336419963578098,296.9300066590046,none,4.029059486725209,359.68132495872493,960,150.0,5.0,off,150,state,off,off,0.25,0.9525744208151685,1.5805310483220372,1.2130336438423455,71.62572448476192,1645,266.4462305986696,5.11314740394905,True,-0.5228343688225338,-0.7419545165377931,0.908035292044294,-12.550852871393513,683,-0.7538643888766042
555,both,0.5,7,points,5.25148821474819,240.4554913630469,points,4.057242738235861,246.31892214818512,960,150.0,0.0,cross,15,state,off,off,0.25,-0.06502404598716541,-0.09150596834296088,0.9614197480697686,-1.052816219902636,147,23.810088691796008,-0.218326536902367,False,0.3442454144916731,0.5110170562611288,1.1790598805425698,2.549097032666198,89,0.8165552909343397
555,both,0.5,7,points,3.9197018166503597,252.2598000077683,none,5.465721841975389,396.33344351001347,960,150.0,5.0,off,150,state,off,off,0.25,0.7213574350721164,1.201962824823551,1.1541296482819552,52.20030016006586,1647,266.770177383592,3.1289663991607837,True,-0.32381595608490954,-0.4800516541372403,0.9432557299635428,-7.468390407273595,686,-0.5081758607680648
555,both,0.5,7,range,5.832925543903106,279.46424026046714,none,0.5723271766495199,326.68093411371746,960,150.0,5.0,off,150,state,off,off,0.25,0.6818936014652615,1.3222679225314549,1.151735025104748,41.438161102917896,1974,319.73547671840356,2.772377710798344,True,-1.303541784941246,-1.940063240308157,0.7953764950454665,-23.650696750522243,841,-0.9541638064853666
555,both,0.5,7,points,5.467523836976579,285.60986450106185,none,5.44021279972179,379.13214341954017,960,150.0,5.0,off,150,state,off,off,0.25,0.9392538689862843,1.5699038130377847,1.209142346486845,70.17633511499156,1645,266.4462305986696,5.103090577877239,True,-0.5025736815496405,-0.7197444866774394,0.9118465726513573,-11.954540547819827,683,-0.7148648107855093
555,both,0.5,7,points,2.530268526124738,291.5039809375017,none,6.151295269783521,309.0628359934998,960,150.0,5.0,off,150,state,off,off,0.5,0.9458970882430964,1.57544969589198,1.2110561910392463,70.87457153690329,1645,266.4462305986696,5.172703627392668,True,-0.5027238004349087,-0.7179775585269711,0.9116102378510464,-11.98969757702077,683,-0.7375381063390972
555,both,0.5,7,points,4.60776249073432,259.2632980334897,none,7.830417030978291,391.7761659983439,960,150.0,5.0,off,150,state,off,off,0.25,0.7509504333108591,1.2464149961846727,1.1615192009513025,54.7692248894273,1646,266.60820399113084,3.1897064990061126,True,-0.3553719232326718,-0.5231489565635983,0.9377317851296907,-8.244228770821495,686,-0.5733511630785839
555,both,0.5,7,points,2.999848456835088,278.0910164120557,none,7.977714280986888,193.05084757984775,960,150.0,5.0,off,150,state,state,off,0.5,0.49476254034288414,0.8317933603897222,1.1064070597022693,28.006183407835074,1812,293.4957871396896,2.3608945132195758,True,-0.88622458628026,-1.2885909340786053,0.8481162066101298,-16.166153089200353,751,-0.8806880309778335
555,both,0.5,7,points,4.841441386989501,263.49724587730594,none,7.592669596024356,349.73403417285033,960,150.0,5.0,off,150,state,off,off,0.25,0.7689789156479,1.273636321082135,1.1657234520895328,56.253304938602895,1646,266.60820399113084,3.220833343302748,True,-0.3820316970505414,-0.5606071190568516,0.9332057610344359,-8.886358932428198,685,-0.6169614727784266
555,both,0.5,7,points,4.4987349963632015,279.4422584872183,none,3.79324691191563,356.57266089777966,960,150.0,5.0,off,300,state,off,off,0.25,0.9646112634320563,1.622834575528253,1.21521184475304,71.7937205901514,1646,266.60820399113084,5.4425987982972295,True,-0.49217130352382477,-0.708217101433687,0.9138651930972451,-11.655011132853431,684,-0.7245171767484326
555,both,0.5,7,points,4.334432389865908,256.16829738690035,none,5.945837393140458,355.6205388080492,960,150.0,5.0,off,300,state,off,off,0.25,0.754567051270755,1.2573312394666116,1.1619985732873315,54.91058890866165,1647,266.770177383592,3.2385896952391784,True,-0.3533472008837957,-0.5211669868657403,0.9381589763434891,-8.183940962946329,686,-0.5599695275955395
570,both,0.5,7,points,4.494191642325816,259.3484368545086,none,6.737247918410961,342.6760062659808,960,150.0,5.0,off,300,state,off,through,0.25,0.1313807393538355,0.2104432599937044,1.1187513968036968,1.8176198534834493,79,12.795898004434589,0.5051378361597879,False,0.26172103078774805,0.41413000539736294,1.205084766855294,1.3296210740039462,36,0.3958989786831768
555,both,0.5,7,points,1.2604775491721647,262.17865253517925,none,7.000005525787457,316.7580261094011,960,150.0,3.0,200all,150,state,off,off,0.5,0.0972087968560688,0.15461241255447786,1.0232402961545277,5.717308260496298,1177,190.64268292682925,0.28221318217303826,True,-0.2168886321616406,-0.3289321034660393,0.953880706799544,-4.113322249331767,494,-0.3075977077784121
555,both,0.5,21,points,1.6018201649732497,179.16238331415371,none,7.2648862814063335,342.2318370578327,960,150.0,5.0,off,300,state,off,off,0.25,0.4847784228371416,0.8471047238179568,1.0985673235327997,33.15076490904138,1662,269.19977827050997,1.4551188389350715,True,-0.29750946540514694,-0.4647271992319774,0.9494274477717239,-6.271520527659155,697,-0.5273203538734736
555,both,0.5,14,points,5.340589546796593,282.66945565838637,none,4.942690122344436,350.5815811149821,960,50.0,5.0,off,300,state,off,off,0.25,0.4356436877214359,0.7068548679841855,1.1079481438727217,25.31155548596157,1772,287.01685144124167,1.1081122770171117,True,-1.0533678242740265,-1.4974294888380082,0.7858327979867664,-20.509848466678797,764,-0.9581023364360692
555,both,0.5,50,points,4.059291354626829,275.6481261481326,none,7.306482844620525,348.7385887242684,960,150.0,5.0,off,150,state,off,behind,0.25,0.8746018348100465,2.182117199579956,2.7414573323481233,13.62040816333364,57,9.232483370288248,10.253542142980777,False,-0.6198147846064009,-0.7432496220759255,0.5465549484560895,-2.4986248995833713,25,-0.8490860960028098
555,both,0.5,10,points,2.348063168218346,281.76856463413236,none,5.149600298720149,297.1663595393729,960,150.0,5.0,off,150,state,off,off,0.5,0.7834525916360169,1.2929002015527968,1.1709763393421695,58.17663537329276,1642,265.960310421286,3.541550355333362,True,-0.2953034603388323,-0.42734819801931156,0.9472399568119285,-6.969508234791651,683,-0.5177437977284868
555,both,0.1,7,points,4.129593720893037,237.23143671312977,none,6.194722554673271,368.063318411481,960,150.0,5.0,off,30,state,off,off,0.25,0.3439350593474938,0.5559128034960823,1.0694718047849372,24.059210836780565,1632,264.34057649667403,1.335728419214675,True,0.17454659331280767,0.273411937486493,1.0323381208282034,4.062685736876441,677,0.4132811063310142
555,both,0.2,7,points,5.0592782733657735,275.5371869518744,none,7.658320328383217,364.0383607624439,960,150.0,5.0,200any,150,state,off,off,0.25,0.19415069020358744,0.30919331627440255,1.0431066026552542,12.595592414041919,1386,224.49512195121952,0.9201808236768313,True,-0.5129837100741034,-0.7518213712368478,0.9020474703138993,-10.94298847848401,580,-0.6707499978273733
555,both,0.5,10,atr,2.59729258267288,276.7447937629084,none,5.285343463236006,316.6088934528369,960,100.0,5.0,off,150,state,off,off,0.5,0.3006478479174981,0.5152833923988751,1.063719656387962,18.966386634797914,1727,279.7280487804878,0.6093387117542715,True,-1.2556976372661235,-1.865432053195139,0.7918928155194723,-24.169054011220275,737,-0.94552017266368
555,both,0.3,10,points,2.217614286862085,240.7994951813299,points,6.673972624067644,218.29049788497042,960,150.0,5.0,off,150,state,off,off,0.5,0.37659944863163664,0.5380436908535757,1.066112846459733,22.8889069465147,1634,264.6645232815965,1.1424872185577517,True,-0.2539907955172459,-0.34493442655156165,0.9592462265482227,-5.241675864803096,683,-0.4874676364680618
555,both,0.5,7,range,2.082172977238664,299.7744839128624,none,7.109500196415623,305.95963317862976,960,150.0,5.0,off,150,state,off,off,0.25,0.6818936014652615,1.3222679225314549,1.151735025104748,41.438161102917896,1974,319.73547671840356,2.772377710798344,True,-1.303541784941246,-1.940063240308157,0.7953764950454665,-23.650696750522243,841,-0.9541638064853666
555,both,0.5,10,points,1.5383741697498103,212.28185958989394,none,3.5988269345524433,265.3455544340643,960,150.0,5.0,off,15,state,off,off,0.5,0.5665592443488756,0.9665581955779559,1.1170903121342428,39.34766630230192,1653,267.7420177383592,2.1420646149065354,True,-0.23266198978681465,-0.3574050584085283,0.9594239493488063,-5.186753514275801,693,-0.3497656199523766
555,both,0.5,30,atr,5.524173985458056,202.38666455825873,none,5.835532681989232,138.1348344456762,960,150.0,10.0,off,75,cross,cross,off,0.25,0.5122035043094834,0.8516122276276309,1.1121601155487575,36.93627219700861,1659,268.71385809312636,2.518827787100166,True,-0.4431857834390684,-0.6274054339939523,0.9195607138955189,-10.28790334147279,690,-0.7216496231373362
555,both,0.5,7,points,5.251872381726514,283.1957212570574,none,7.277690758606893,316.1768921948165,960,150.0,5.0,off,300,cross,off,off,0.25,0.952196343700404,1.5958207791454917,1.2122272000907806,71.03238259832342,1646,266.60820399113084,5.123781491801932,True,-0.5273551179717285,-0.7554796855699717,0.90792996620572,-12.538891348423679,683,-0.7666769749130309
555,both,0.5,7,points,3.406149372734016,255.189853667851,none,3.4002339773725963,249.52114495059237,960,150.0,5.0,off,300,state,off,off,0.25,0.7287064566364957,1.2128251701522996,1.1559724754219154,53.02000387663993,1647,266.770177383592,3.139701281146533,True,-0.37034720317936715,-0.5461098613746449,0.9353623283523126,-8.57907135995167,686,-0.5640550146404621
555,both,0.5,10,points,3.545381206455599,265.1802691550626,points,4.484985525438843,325.5257626242057,960,150.0,0.0,off,300,state,cross,off,0.25,0.638247513489004,1.0008050440974456,1.1242215973904415,41.01736487833016,1673,270.98148558758317,2.760599184324155,True,-0.415504227259657,-0.5977174438714018,0.9305826520520528,-8.890943410821048,691,-0.6757552183994784
555,long,0.2,14,points,5.1833644721311165,53.6421098698862,points,2.2814585631616517,227.88935467838814,960,50.0,25.0,state,300,cross,off,through,0.5,0.43622509828771777,0.8381068535148475,1.1192742227415047,9.531413285375475,825,133.6280487804878,1.0640417015075538,True,-0.16662057721102105,-0.3313271490941963,0.956450882921175,-1.1389668836750966,333,-0.22031795903964063
555,long,0.5,7,points,4.704882883129737,288.4295520411182,none,1.503174922096811,216.58181101195026,960,150.0,5.0,200any,300,state,off,off,0.25,0.3559665675121568,0.5320263477938488,1.1057773305159362,14.703405272179577,794,128.60687361419068,1.2920107411922885,True,-0.12553425968919552,-0.17516482776444556,0.9689009816447993,-1.865629819346541,331,-0.1780617063404046
555,both,0.2,7,points,3.042817521025683,190.3784923871089,none,3.724418244579483,276.64507807837697,960,150.0,5.0,off,300,state,off,off,1.0,0.31570997400893264,0.536978320030651,1.0629457203125867,21.182307112495387,1643,266.12228381374723,1.036064601546816,True,-0.3307947403514616,-0.5178678802114516,0.943593427847225,-7.134619784913859,689,-0.663197376208349
555,both,0.5,7,atr,4.9209816296547135,180.25148603952908,none,5.222530980190465,187.79256111301396,960,150.0,25.0,200any,150,cross,cross,off,0.25,0.4437775567002163,0.748104918677591,1.2701045848799255,11.53790928552899,216,34.986252771618624,2.562823640833484,False,0.16250009824191003,0.24145369273158268,1.078601723734608,1.3159762778236237,89,0.24422801588338233
555,both,0.5,7,points,3.3774336572378587,269.30476895300245,none,5.114906526164557,155.563590572596,960,150.0,5.0,off,300,state,off,off,0.25,0.7719747242770572,1.272516037927069,1.1666852387828883,56.66277381840213,1646,266.60820399113084,3.1708567889952253,True,-0.44962624254176675,-0.6537404207871881,0.9213816674932119,-10.548379500644442,684,-0.6870375915176958
555,both,0.1,7,points,1.3423983886551,298.78135180631546,none,7.620088417974953,339.28357462849607,960,150.0,5.0,off,150,state,off,off,0.5,0.5193224889473137,0.8237071964288686,1.1098415342366272,38.374526658368424,1628,263.69268292682926,2.704300558811951,True,0.21850981366461197,0.3256603420110936,1.0417397170896652,5.308541156815307,676,0.5459516151734496
555,both,0.5,7,points,5.9847495411968845,265.98404124759895,none,7.31077742215732,345.93666109704685,960,150.0,5.0,off,300,cross,off,off,0.25,0.769254766282921,1.271618798827333,1.16593433101157,56.33781770122161,1646,266.60820399113084,3.1940036206809213,True,-0.40599200121520845,-0.593913897254238,0.9291387202532422,-9.46870723416492,685,-0.6393361372001937
555,both,0.5,7,points,2.387383374466288,245.60582474212356,none,4.716296195776508,78.98319749657169,960,150.0,5.0,off,300,state,off,off,0.25,0.6532331605719482,1.087532435043183,1.1380483944522053,47.0806915804084,1647,266.770177383592,2.7849511852973965,True,-0.3733890023137079,-0.5556130371232237,0.9350714985269338,-8.564895318616902,687,-0.5750457782378579
555,both,0.5,7,points,4.7523164745078725,262.57635716045706,none,5.61842681421746,252.82591568996168,960,150.0,5.0,state,300,cross,off,off,0.25,0.38546915017333794,0.6160731514116705,1.0896683887347252,23.673349962419422,1283,207.8118625277162,0.9971760458465155,True,-0.5860900900441944,-0.8284166343652074,0.8887722637787067,-11.245141108051655,532,-0.6136381116886458
570,both,0.5,7,points,5.856619356344429,274.35794430030205,none,7.4837170258227905,284.789888800624,960,150.0,5.0,off,300,cross,off,off,0.25,0.8755497503500896,1.4724720719888815,1.193907775178668,65.22417087103175,1655,268.0659645232816,3.9364451306833286,True,-0.32953561402685094,-0.47495506810199895,0.9414868529646825,-7.594376481706826,683,-0.45317176116064556
570,short,0.5,50,points,3.401650973432124,254.46501264824724,none,7.843047319731947,375.409743451346,960,150.0,5.0,off,300,cross,off,off,0.25,0.007842862640394955,0.013206991594350449,1.001851883829383,0.5154532190882675,1250,202.46674057649668,0.02954264247239432,True,-0.8997032565983941,-1.3552443691945602,0.8213102609410952,-17.862410231809953,503,-0.8856222055216293
570,both,0.5,7,points,5.754794750384203,205.9833137026734,points,7.883902664698622,326.22993311132683,960,150.0,5.0,off,300,cross,off,off,0.25,0.6595242193884999,1.0365695138405204,1.1253833825651194,42.03325469022353,1675,271.30543237250555,3.5245174112706934,True,-0.08208781333983468,-0.12216628979496923,0.9862934350775269,-1.7584741678787106,698,-0.09917457623402555
555,both,0.5,7,points,3.0036717499631695,288.1852044866668,none,7.484350634386956,312.4841076782712,960,150.0,5.0,off,75,cross,off,confluence,0.25,0.72792337714067,1.4289535042286738,1.5923943939135934,16.321640059128864,160,25.915742793791573,5.080760324718712,False,-0.9268442868941889,-1.1926684938669603,0.622532314177765,-7.445785594449613,80,-0.8875590603003927
555,both,0.5,7,atr,4.3289138333752835,150.77923227237963,none,7.9950303010875405,282.9268204996828,960,150.0,10.0,off,150,cross,cross,behind,0.25,0.8852359651813377,2.1814494796914037,2.3225199044429754,15.487203709302205,82,13.281818181818181,6.922462311933534,False,-0.808516060248268,-0.9905943410988871,0.5234798463214038,-3.828149932127354,38,-0.8695449831822928
555,both,0.3,7,points,4.0461888904419565,256.6425609144057,none,7.218240403091407,291.8618272691171,960,150.0,5.0,off,300,cross,off,off,0.25,0.454421073941259,0.7455792466266284,1.0939100483112405,32.73604221268975,1632,264.34057649667403,1.4570893204768722,True,0.05713900726759952,0.08653220729288663,1.0105064916877713,1.3489335783686975,683,0.13069551559538678
555,both,0.5,10,points,3.786761205139695,222.92950472332,none,5.380752196339797,192.91433579020756,960,150.0,5.0,off,150,state,off,through,0.5,0.23318876286280565,0.4104661077185509,1.1660817034575341,4.250829810567006,144,23.324168514412417,0.5323503098209724,False,-0.5320225807206187,-0.7659843998127135,0.7469286905044763,-3.57604392306922,69,-0.8410814688637084
555,both,0.5,30,points,4.460075360363302,284.5450858332343,none,3.351124821087364,221.66119557445052,960,150.0,0.0,off,15,state,cross,off,1.0,0.5088108946708998,0.8610901682474006,1.108312920287657,35.79779084255276,1661,269.0378048780488,2.1750060964240974,True,7.782492654764965e-05,0.00011960417033182077,1.00001443732579,0.001779366992808562,688,0.00015835323131017497
555,both,0.5,50,atr,3.5668639683727013,255.99261726978807,none,4.182223961652714,303.38668306531946,960,150.0,0.0,off,150,state,cross,off,0.25,0.3953384061635598,0.7047100110240972,1.0832544461986031,26.38297383286143,1686,273.0871396895787,1.6742202252819096,True,-0.6354788856434913,-1.0047544412000375,0.892772249872504,-13.045778836717234,715,-0.8811721719360776
555,short,0.5,30,points,3.302807145617617,275.8413893755196,none,5.4923930180252505,280.4744489913744,960,50.0,5.0,off,150,state,off,off,0.5,-0.29707619301909366,-0.4811061327729423,0.9187272765393646,-14.841157227707104,1284,207.97383592017738,-0.3782820376165495,True,-1.0086664126522817,-1.4742188688469577,0.7521185571460061,-15.659502914673356,532,-0.8474881971871546
570,long,0.5,10,points,2.565665153826014,276.39689223782716,none,3.5444077166057855,398.43965277207826,960,150.0,5.0,off,150,state,off,off,0.5,0.5144495428886374,0.8041495049746347,1.1255155666624836,29.879271166104033,1230,199.22727272727272,1.7474762974043585,True,0.1135800939393536,0.16618469385339094,1.023563647236692,2.1616248666340763,520,0.16861220309230596
570,both,0.5,7,points,5.387553952054796,266.21687235704525,none,7.2896961882306535,291.24205844028074,960,100.0,5.0,off,75,state,cross,off,0.25,0.5733071609649371,0.9726980698573512,1.1266032648229878,37.97536967264543,1730,280.2139689578714,1.7229226589602358,True,-0.47314747115154854,-0.7026872538381391,0.9122090419658874,-9.813378159085534,725,-0.6989623662257338
555,both,0.2,7,points,3.4655391437945733,292.38210084099563,none,4.500276009747699,365.3125669403071,960,150.0,0.0,off,75,state,cross,off,0.25,0.48223879812092907,0.8014952076440092,1.1018818204153995,33.27549071834706,1644,266.2842572062084,1.7822100822382854,True,-0.26878108758146235,-0.4060948405280138,0.951353362854264,-6.1595207263162886,681,-0.39540886433617833
555,both,0.5,7,points,5.921243581606867,260.0796350516194,none,7.082094832108737,384.25000265753727,960,150.0,5.0,off,300,cross,off,off,0.25,0.7442558645207312,1.2339598166064287,1.1599697349704041,54.31627743345645,1646,266.60820399113084,3.152889088975352,True,-0.36788545312763843,-0.5407922674202871,0.9356078611062616,-8.54478707679841,686,-0.5886878648875593
555,both,0.5,7,points,4.414267839901875,296.7634529571977,none,4.532945084694556,375.00465179478465,960,150.0,0.0,200any,15,state,cross,off,0.25,0.2511207912818075,0.41121984581640464,1.0584855493894973,14.552283942462257,1301,210.72738359201773,1.1745377166760498,True,-0.3470964365815984,-0.5258659298432874,0.9305388670443001,-6.821093804394037,550,-0.6028007291186576
555,long,0.2,7,points,4.96575841598408,86.59894992142218,points,1.0462027606963749,280.64032612479286,960,50.0,25.0,off,300,state,off,through,0.25,-0.1206030149121064,-0.16104113228820532,0.8722568247185466,-0.517881831890104,40,6.478935698447893,-0.2950213099778128,False,0.07943683523798148,0.16245137639965715,1.089415072581687,0.21194589145076093,20,0.20041165883959458
555,short,0.5,7,points,5.9712571129230065,233.75138481300615,none,7.527434979670041,357.75659633045865,960,150.0,5.0,200all,300,cross,off,off,0.5,0.1324590017959211,0.22169752548074653,1.170827174760717,1.3961235672646928,36,5.831042128603104,0.4326972760688158,False,-0.9107593650215482,-1.0870388067286743,0.355611818339008,-2.9640252467046935,17,-0.8362676295751906
555,both,0.5,7,points,5.982717932620657,295.72089774369994,points,3.8305434906605598,326.1281536059745,960,50.0,5.0,off,150,state,off,confluence,0.25,0.2443519838049835,0.39775156285190794,1.2014870559205475,3.6327696824456925,160,25.915742793791573,1.1390584937556183,False,-0.3208704498370241,-0.4473218063035403,0.8162236315036066,-2.1247438889292334,82,-0.5085831804562123
555,both,0.5,10,points,5.940427273146985,215.2717441770475,none,7.690643601207187,361.87478318046,960,150.0,3.0,off,300,cross,off,off,0.25,0.5784818547144239,0.9852051663914083,1.1199322575465085,40.32629719183581,1653,267.7420177383592,2.1670014570768363,True,-0.24951607883939877,-0.3818435303521098,0.9564505674795626,-5.585363457165636,693,-0.3728268566833834
555,both,0.5,14,points,3.1087063652920928,227.76723030764958,none,4.372553508869214,293.66435088294253,960,150.0,5.0,200all,150,state,off,confluence,0.5,-0.056370896923897074,-0.0890277584218725,0.9876891862660742,-3.250154891097236,1285,208.13580931263857,-0.19708501844812804,True,-0.3617661694271376,-0.5499055052711255,0.9294874647328296,-6.918551804648018,545,-0.559557286075163
570,both,0.5,7,points,5.920923947220042,263.0009464761976,none,5.442057110566122,198.0352043245762,960,0.0,5.0,off,300,cross,off,off,1.0,0.5049296168572064,0.8265684246648949,1.102729436026114,41.10028263016384,1615,261.5870288248337,1.4743925045355635,True,-0.1345892312078371,-0.20004120125299074,0.9769548417443842,-3.26062048036243,663,-0.17031279424328247
555,long,0.5,7,points,5.256804191123518,290.22160121467675,none,2.296234493561619,332.980416485612,960,150.0,5.0,off,150,state,state,behind,0.25,0.8956733170714857,2.6131245976466055,3.384146308490245,6.925038562667996,36,5.831042128603104,9.212488873860565,False,0.013521747936011151,0.01882235548616453,1.0132388738259392,0.04176967757259309,24,0.039263957391601954
555,both,0.5,7,points,3.9052211155745074,231.19289018812873,none,0.8702067056182183,217.99014819349884,960,150.0,5.0,200any,75,cross,cross,off,1.0,0.2872621302029922,0.5016792561783693,1.1917141396365563,6.043566227697726,165,26.725609756097562,1.4329860073321403,False,-0.5696053123165286,-0.808887283966824,0.7445263584488304,-4.075603456827376,70,-0.6402860929975328
555,both,0.5,30,points,5.5761300309082005,292.78939698787127,points,6.0702221582017994,253.22196229094573,960,150.0,5.0,off,75,state,cross,confluence,0.25,0.8012407408863526,1.5554976103931046,1.7770863591329935,11.505944304188787,106,17.169179600886917,3.334571024110624,False,-0.620082524872314,-0.7980261377493514,0.6777558947862214,-3.636764303320786,54,-0.7645696728780941
555,both,0.0,7,points,3.851785937677746,287.0143781652174,none,1.8024733287206443,140.58239575310222,960,150.0,0.0,state,15,state,cross,off,0.25,0.062021704560482366,0.10314246360443308,1.0134249968361175,3.7662674515148566,1421,230.1641906873614,0.18095168827622632,True,-0.8534112627333851,-1.2530976432426335,0.8469664181866364,-16.410434199885334,582,-0.8151100706566464
555,both,0.5,14,points,5.586206579917331,276.6117213759488,none,7.0573134779239455,373.5751628857277,960,150.0,5.0,off,300,cross,state,off,0.25,0.3262926208691817,0.5418219162967556,1.0689801100374405,18.234962403975377,1794,290.580266075388,1.277424372722974,True,-0.9244191410332473,-1.32675861774646,0.8421079095446777,-16.36642360200978,743,-0.8870720881949217
555,both,0.5,7,points,2.3834653629334,282.4418623050078,none,6.255449392036293,218.30067652810857,960,150.0,5.0,200any,75,state,off,through,0.5,0.2747233260340126,0.4401929010986821,1.0634915189398022,17.352205059430553,1323,214.29079822616407,1.4616520334669967,True,-0.23915628116601728,-0.35181064443948357,0.9524071207174075,-4.9576401866067465,563,-0.5901900742120884
570,both,0.5,7,points,5.663146265658301,285.13030815198834,none,6.236789025666386,340.71034651422457,960,150.0,0.0,off,300,cross,off,off,0.25,0.8578249278491671,1.4314294697244931,1.1895579994800818,64.34047148305174,1654,267.9039911308204,3.734315844340516,True,-0.4480337058498382,-0.6383125185653373,0.9209208863576109,-10.432742534588577,682,-0.5814351682578238
570,long,0.2,14,points,5.523702713415159,130.4198852574352,points,1.1973539975538634,302.2569888957805,960,50.0,10.0,state,300,state,off,through,0.25,0.7166389423066422,1.23095377137578,1.2332725365348365,21.684802217095577,773,125.20543237250554,2.8558120142460726,True,-0.29031719498592484,-0.4750103331163484,0.919798459756541,-2.8225115411274295,320,-0.3303079823834271
570,both,0.5,14,points,5.458146509777636,223.7632422349024,none,7.04716069026653,145.77778983273302,960,150.0,0.0,off,300,cross,off,off,0.25,0.48154534966051826,0.8086910283702061,1.098871206166522,33.91987534231477,1663,269.3617516629712,1.81213206684494,True,-0.06757258069418788,-0.10294174811359542,0.9881775163666852,-1.4839503599128339,692,-0.0961265489692855
570,both,0.5,7,points,5.825607911140839,273.6897871759712,none,5.310346604244872,358.3212971161842,960,50.0,0.0,off,300,cross,off,off,0.25,0.34995603944274556,0.5795152645023186,1.0856032808993044,21.007011043306385,1794,290.580266075388,0.9851052733988209,True,-0.6391043537579009,-0.9351327824769418,0.8669160283612615,-12.039086509327793,772,-0.6455859306656418
555,long,0.2,14,atr,4.962494862046283,74.88287462921369,points,2.949097670478503,342.79083517883635,960,50.0,25.0,state,300,state,off,through,0.25,0.575620818114584,0.8415047525546392,1.1887503951192728,19.369162519934896,796,128.9308203991131,2.359221505292092,True,-0.2373494496514864,-0.32596865549238646,0.9320640714095942,-2.825654778530124,326,-0.2787018517405448
570,both,0.5,7,points,4.963623915282151,243.50813751238002,none,5.33836074693165,195.83576353972336,960,150.0,3.0,off,300,cross,cross,off,0.25,0.48417703598090955,0.8301635787887914,1.100830905253659,33.93968981591834,1704,276.00266075388026,2.3053904343611453,True,-0.358221487478615,-0.5408754137590416,0.9381044242409584,-7.780940803760791,694,-0.5319826007133988
555,long,0.5,7,points,0.5030332269222996,286.5509741267847,r,2.012389286685726,160.67917677744836,960,50.0,3.0,200any,150,cross,state,off,1.0,0.16062902342432858,0.2550879946334168,1.1542168086474247,1.7320846959446188,102,16.521286031042127,0.5463321810373457,False,-0.08949907380334313,-0.1364724463065072,0.9346058874684879,-0.4600517713611487,47,-0.11200353198997963
555,both,0.5,7,points,4.969102111633115,229.59094193207045,points,7.42493124590812,328.51585227582046,960,75.0,3.0,off,75,state,cross,off,0.25,0.5590087873552869,0.9019646401852128,1.11716316552325,31.173194264249073,1751,283.61541019955655,2.1642303758071413,True,-0.6022330748424809,-0.8848443495744682,0.8913990863885863,-11.431556607586257,747,-0.5708804484931693
555,short,0.5,50,points,3.153576842206411,282.08239491689596,none,3.5183130017296445,270.70673941408074,960,150.0,25.0,off,15,state,cross,off,0.25,0.13924428782322854,0.2421017369549452,1.0330394562110867,8.7730065211598,1298,210.24146341463415,0.5132415381310419,True,-1.1402272113574035,-1.6926016288805779,0.7843776242028565,-22.630797576257827,535,-0.8829812796888
555,both,0.5,7,points,3.142594134898918,290.5335756776164,r,5.461702099603421,336.83310257693114,960,150.0,5.0,200any,150,state,off,off,0.5,0.3591136417781279,0.5739082604057577,1.0849508065700004,22.58377535901532,1299,210.40343680709535,2.1909682544042326,True,-0.40416115048854295,-0.5884362700463203,0.9195928480634361,-8.247104795075277,550,-0.6732900623403444
570,both,0.5,7,points,5.312008953319136,284.6052662289123,none,7.929332220183333,339.8810632181428,960,150.0,0.0,off,300,cross,state,off,1.0,0.5269792693299744,0.895037223746785,1.1149603843151157,30.88609680958949,1845,298.84090909090907,2.3649559145972376,True,-0.9443696141391948,-1.354537854525845,0.8405384086928203,-17.314737274007967,753,-0.8310894765834733
555,long,0.5,21,atr,0.9728047953005906,178.69910096550802,r,1.0641824395991155,142.75578736744527,960,50.0,3.0,off,150,cross,cross,off,1.0,-0.6565641597783666,-0.9767251059073425,0.8804236557732468,-11.026697610137417,1293,209.43159645232817,-0.8596877981816281,True,-2.2073420662028718,-2.717628278688878,0.6790124447643159,-12.84805202774017,565,-0.9787391181678693
555,both,0.5,21,points,0.5496344492243503,216.4136951866047,none,1.16621733188222,236.79368553653916,960,150.0,0.0,off,15,state,cross,off,0.25,0.4326523296639052,0.7550987266960801,1.0891449422166406,29.089364858441744,1672,270.81951219512194,1.4271230008609483,True,-0.28502695270060224,-0.44781555736789214,0.9495719731018613,-6.215838088709175,694,-0.44424777014937095
555,both,0.5,7,points,4.140150520662577,269.9057899489418,none,5.531893144920668,383.0386746541941,960,150.0,5.0,cross,300,state,cross,off,0.25,0.17549850546114792,0.29849573647378236,1.0601998570486453,6.5995177901885285,577,93.45864745011086,0.4209534370918553,False,-0.337020403790758,-0.5007630559228198,0.9126206900316688,-4.805069042555763,286,-0.4388555312253486
555,long,0.3,30,points,5.761854397697907,47.04143870024074,points,1.5438558556788577,212.5312138835177,960,50.0,25.0,state,300,state,off,through,0.25,0.5478784332197592,1.0910252145695758,1.1558356272023926,10.962467903909536,789,127.7970066518847,2.0289968233477618,True,-0.606929063472161,-1.1646357686272801,0.8495076071127731,-3.6163008057919503,325,-0.6180784774398903
555,both,0.5,7,points,5.107202682048085,265.2343491314091,points,6.653321890755298,287.7148118262935,960,150.0,5.0,state,75,cross,cross,behind,0.25,0.4366694714695512,0.6785470974105806,1.0926668018064691,23.167848585158815,1303,211.05133037694014,2.073901934542487,True,-0.684920638198672,-0.978130120573964,0.8754346499780399,-12.483001181723935,538,-0.788815055504548
555,both,0.5,50,points,2.9945048839788044,271.9417655379176,none,6.347794121868597,283.06709852414974,960,150.0,0.0,off,150,state,off,off,0.5,0.43725599744439925,0.7079761673683934,1.0911503299388128,32.14328525899758,1632,264.34057649667403,1.6136049413087743,True,-0.13929388251589409,-0.20697379607563962,0.9748034674930011,-3.32766311643255,681,-0.2821006065424029
555,both,0.5,10,points,0.8007772354838509,281.6585467084053,none,4.843399094939631,316.61747670657917,960,50.0,5.0,state,150,cross,off,off,0.5,0.07624734633371434,0.11753952277341338,1.02039912166369,3.6423556498012797,1303,211.05133037694014,0.17735419131952543,True,-0.6563336203924046,-0.9176027801004248,0.8429466651970502,-10.055917405058807,542,-0.6954901954148301
570,both,0.5,7,points,4.70835606691068,290.73937768194537,none,6.518689260688357,236.1039467184528,960,150.0,5.0,off,300,cross,off,off,0.25,0.9110092509531232,1.5178406688022936,1.203353173901472,68.42028482221278,1654,267.9039911308204,4.212281136302833,True,-0.35166838284456065,-0.5030454592732858,0.937388216442113,-8.161853894053909,681,-0.4678880580011673
555,both,0.5,7,points,1.8796622905918834,295.8989008115109,none,3.445149366731823,375.59693791482493,960,150.0,3.0,off,15,state,cross,off,0.25,0.8505316533886894,1.4720814152061363,1.1882090485678387,61.146919698601,1676,271.4674057649667,4.361105891154277,True,-0.5596819440009967,-0.8232800176638829,0.9023178740950116,-12.786526473166722,691,-0.7153549472394891
555,both,0.1,7,points,0.9782145613436644,261.1174452428428,none,5.551332112262161,377.7329915358284,960,150.0,3.0,off,15,state,cross,off,0.25,0.41782915116778585,0.6909283335172598,1.0864973340305184,28.162755745734273,1640,265.6363636363636,1.7053699447193453,True,0.07745972548393158,0.1221593592548564,1.014469438387968,1.7590853497838603,679,0.19463200958755966
570,both,0.5,7,points,5.103166493610197,298.1502362743939,none,7.821635185251997,172.00808092438677,960,150.0,5.0,cross,300,cross,off,off,0.25,0.07537229709568974,0.1201600722774848,1.0259228015990707,3.2021222856773868,573,92.81075388026608,0.17225388313431564,False,-0.12106675206833577,-0.17573598610528726,0.9663535336766153,-1.874525087212787,284,-0.1514610634982491
570,both,0.1,7,atr,5.405725928097568,251.49210779487112,none,7.1990144486595495,322.6172466119691,960,150.0,0.0,off,300,cross,off,off,0.25,0.6652650388336769,1.0564776657491721,1.1484870241268734,51.73425578674645,1631,264.17860310421287,3.434625598499013,True,-0.44347823870000164,-0.5773275275444062,0.9138516095783242,-12.026334621442015,674,-0.6627681671864812
555,both,0.5,7,points,5.084746065638,235.25219114585545,points,7.414439211614521,305.150553893786,960,150.0,5.0,200any,30,state,cross,off,0.25,0.30781571680618264,0.48253437149338857,1.0653976777221044,16.140360047350963,1301,210.72738359201773,1.1384120249784506,True,-0.3083965023796795,-0.4545962441097192,0.9431274478264678,-5.50085932629653,551,-0.6502289622119659
555,both,0.5,7,points,1.2247482709093211,283.34031830532666,none,2.9633898192216765,314.34744359653985,960,100.0,3.0,200all,15,state,cross,off,0.25,0.002473105348744674,0.003973850018248316,1.0006143738226598,0.12402586227972812,1177,190.64268292682925,0.006340270001605744,True,-0.2236552847310321,-0.3500643625586595,0.9480680002198248,-3.8489505622311144,494,-0.48469300137087673
555,both,0.0,7,points,2.742390230737426,289.60504359598883,none,5.536752991010084,163.2724351475434,960,25.0,5.0,off,150,state,off,off,0.5,-0.2884634678866721,-0.4363199667457465,0.9259703619619228,-13.9696553556841,1757,284.5872505543237,-0.4165867101937748,True,-0.5063809311008758,-0.7834603690997299,0.8687513639412668,-8.434807799614102,757,-0.6044205691792859
555,long,0.0,7,points,5.679567212279928,269.63241801470326,none,3.447627736998049,385.08270457439005,960,150.0,5.0,off,150,state,off,off,0.5,0.39989303038617796,0.6186776778564279,1.0876030685562446,26.071557799894983,1418,229.67827050997784,1.3773373235661186,True,0.05788891768672526,0.08615751852612091,1.0111422036572166,1.2563074477407863,600,0.10633488647288751
555,both,0.5,7,points,0.7019687214070529,273.1918428366258,none,3.8049966267162745,321.2960573944222,960,50.0,3.0,off,75,state,cross,off,0.25,0.4280716028435915,0.7359873932421418,1.105097752159875,24.187144020513593,1803,292.0380266075388,1.2862736137923727,True,-0.6976872283882188,-1.0631946800907834,0.8534184057600399,-13.110472819711767,775,-0.789290293385183
570,both,0.5,7,points,1.4911909386289457,299.39158274117915,points,4.50179924627897,382.8838026227696,960,150.0,3.0,off,15,state,cross,behind,0.25,0.4864162964762455,0.9014971484722824,1.4830913598229452,6.729054960320373,83,13.443791574279379,3.321279577084307,False,-0.08680048956173822,-0.12243188800424903,0.9304568405410051,-0.34250272871263143,32,-0.16662370536367294
570,both,0.5,7,points,4.371335128946426,261.90014413959074,none,6.995132729845316,231.88962925520624,960,25.0,5.0,off,15,cross,off,off,0.25,-0.4270970919026576,-0.6636711898702082,0.8944023546149721,-20.933460842234975,1915,310.1790465631929,-0.5791198728546479,True,-0.8767258369069165,-1.2703265929591152,0.8033031835176367,-13.114073412555465,817,-0.8615497593099226
555,both,0.5,7,points,3.3109875241020346,291.2401862109143,none,5.640656642031063,269.9781165115055,960,100.0,5.0,off,150,cross,off,off,0.5,0.9143519096885178,1.5080330282651204,1.212354024391907,63.41897591799103,1681,272.2772727272727,3.4692065278208366,True,-0.5017722924827691,-0.723745607053168,0.9050942240452925,-11.279064436124674,722,-0.5430130259443119
555,both,0.3,7,points,3.5332501935147214,266.7011100375398,none,6.5259173809041675,198.78287513700343,960,100.0,5.0,off,150,cross,off,off,0.5,0.4812918400384107,0.7842889993139197,1.104606475956611,32.959521055977234,1662,269.19977827050997,1.21711917976091,True,-0.2451971356834623,-0.3665649498130338,0.9524190438106304,-5.491471781827778,717,-0.3467780571773775
570,short,0.5,7,points,5.65817807568305,250.42240329700266,none,6.007776023674103,394.93577268465845,960,150.0,5.0,200all,75,state,off,off,0.25,-0.2180826979452786,-0.3586726368805645,0.9215141320056901,-9.371868839947469,465,75.31762749445676,-0.4920886000371806,False,-0.424085880623058,-0.6667729566198966,0.8589153517212138,-5.479341429231828,195,-0.7058728880463272
570,both,0.5,7,points,5.568738425456963,279.79065876394486,none,6.194505102702461,398.3500967029669,960,150.0,0.0,cross,150,cross,off,off,0.25,0.016602922271525905,0.026516668233078137,1.0067362819320802,0.596499812955118,399,64.62738359201774,0.046943527154512776,False,0.06362527644269583,0.09504700783106793,1.0218716797868377,0.822630824072492,200,0.11975839838699345
555,both,0.5,7,points,2.7079461549504216,284.86108227287434,none,6.786293733092073,298.9516927578047,960,100.0,5.0,off,150,cross,off,confluence,0.5,0.26997802379331926,0.44124629490224515,1.1470774434659488,6.955932945713129,280,45.352549889135254,1.4769504025503795,False,-1.234366375814857,-1.531599512655777,0.5752486728064374,-11.340217029865453,142,-0.9564030325732628
555,both,0.5,7,points,3.368315672549578,284.8427657551367,none,3.385753773562745,390.89306002960706,960,75.0,3.0,off,15,state,state,off,0.25,0.13337971621490605,0.2214981428564603,1.0295986333591816,6.604594106169525,1854,300.2986696230599,0.40300871337966976,True,-0.9731993892364998,-1.4245516435538355,0.8209840206739449,-15.773119814179346,783,-0.9061367976874657
555,both,0.5,7,range,3.7790814239309594,249.2998247731585,none,4.272720722966308,249.80656460212256,960,150.0,0.0,off,15,state,cross,off,0.25,0.6206969573742037,1.2015652911396824,1.1377390527525144,37.66060238474378,1977,320.2213968957871,2.42134992406066,True,-1.3341330572758294,-1.9861471914270463,0.7906158999271957,-24.161974599074373,843,-0.9555229117695144
555,both,0.5,14,points,5.816142331857765,231.17543401375926,r,2.853683471099756,317.0350652944841,960,25.0,5.0,200all,150,state,off,off,0.25,-0.2020714820586061,-0.3303385583598072,0.9367755799684852,-8.061516298106461,1197,193.8821507760532,-0.2927681625623233,True,-0.7523756257956098,-1.1254725164192836,0.793086803469936,-8.832831492581128,503,-0.8285600773097811
570,both,0.5,21,points,4.317348071821334,276.0933942602166,none,5.0491880811169745,307.3748842257364,960,75.0,5.0,off,300,cross,off,behind,0.25,0.4550919071260566,0.936892635295865,1.6491926569659805,6.466811476829362,72,11.662084257206208,2.480440531203233,False,-0.7799885759050195,-0.911742776943199,0.42956671960700227,-3.2097419333277886,24,-0.8279094907670165
570,both,0.5,7,points,1.478985233987779,267.38592201157553,none,2.3816356104361587,347.0525100298808,960,150.0,10.0,off,15,state,cross,off,0.25,0.6046932500791614,1.0289120933568134,1.128601016344534,42.69274476014664,1698,275.03082039911305,2.675703613447397,True,-0.40365096817619023,-0.5980149977269212,0.930134915758733,-8.918120936986503,693,-0.5707745583227527
555,both,0.5,10,points,1.5891191132376599,245.24653023056916,none,5.215753933204517,297.1915720612127,960,50.0,3.0,off,150,state,off,behind,0.5,0.11900967354495065,0.20136800319967701,1.1099107022064802,1.8368387685159435,130,21.056541019955652,0.5071313521719486,False,-0.26492397955196323,-0.33346146660168274,0.7968767594374113,-1.044906206273818,65,-0.36608694217277044
570,both,0.0,10,points,4.966057373002126,292.4325722957156,none,5.506218485072484,393.0433765537317,960,150.0,0.0,off,300,cross,off,off,0.25,0.7492302177652522,1.2095351873565532,1.162980496311977,55.176021854594666,1630,264.01662971175165,4.239610936671771,True,-0.24977428561439577,-0.36391727050944933,0.9546796502909172,-5.988366297855652,671,-0.4181066359000243
570,both,0.5,30,points,5.756488622270171,275.70166977512775,none,4.515199836628611,223.63850915009635,960,150.0,5.0,off,300,cross,off,off,0.25,0.49952120708974207,0.8200113356561906,1.105535835921882,36.97603101125748,1644,266.2842572062084,2.2799677358893518,True,-0.20896829057623506,-0.30267492206378094,0.9625877036213185,-4.860903223194235,682,-0.3954181647558938
555,both,0.1,10,points,5.900284668377468,295.54470836082436,r,3.994284834502738,397.5821322679731,960,150.0,5.0,off,150,state,off,off,0.25,0.4738689083398179,0.751132078232534,1.0996478303543653,34.97506207997282,1628,263.69268292682926,2.552050796540177,True,0.18335860856219582,0.27352490577668387,1.0348488875424122,4.439357745230348,676,0.4351738090457535
555,both,0.5,7,points,5.293906257896133,239.62365813429074,r,5.360543457068483,273.93418955669256,960,150.0,5.0,off,75,state,cross,off,0.25,0.613268793845884,1.071707828412881,1.1292191870449715,42.28528454650168,1681,272.2772727272727,3.5024883675725578,True,-0.545452157239605,-0.826866441764913,0.9068283016166853,-12.111243512495179,694,-0.7132732643975442
555,short,0.5,30,points,5.273770436064911,275.4440918041115,none,2.818795093956105,332.8180371079835,960,150.0,5.0,state,15,state,off,off,0.25,0.08580326040453629,0.14375406632280063,1.0297941428845425,4.10352433464155,598,96.86008869179601,0.23730936493329788,False,-0.7745018938223277,-1.0932344234925753,0.7872073228021064,-10.344326127563598,244,-0.8815330804902356
555,both,0.5,7,points,2.5913826917397627,275.0899557221493,points,4.68098886666639,260.98745722193854,960,150.0,5.0,off,15,state,state,off,0.25,0.50284867828709,0.7626872420370286,1.0975442295888154,25.760276985966843,1812,293.4957871396896,2.409196499305192,True,-0.8027789581758604,-1.1284276308992867,0.8674309196210059,-14.176542243411758,751,-0.8437196515998041
555,short,0.5,7,points,1.7771754417008259,293.92356749934265,none,2.714438600785928,372.8224204369963,960,150.0,3.0,200any,15,state,cross,off,0.25,0.018668836615287284,0.031945076296091175,1.0065502087406601,0.8349292025361041,568,92.00088691796009,0.08239738951182499,False,-0.547134846421046,-0.8632618124623724,0.8347187325098238,-8.00982790308825,246,-0.6850684104424504
555,long,0.2,14,points,5.401210479069457,57.76088992996688,none,0.9767900687354576,257.3994329462714,960,50.0,25.0,state,300,state,off,through,0.25,0.3286522485707814,0.6715073213703628,1.099521830065625,7.870199623229451,796,128.9308203991131,1.1559810942459956,True,-0.05458765426709824,-0.11655126144454807,0.98436230651277,-0.4199516450127323,326,-0.09071497018536755
555,both,0.5,7,points,2.562330696756637,227.12733958466063,none,2.0937781389358063,333.23058965338583,960,25.0,0.0,state,300,state,cross,off,0.25,-0.3606402396184478,-0.6164105468645498,0.9006815970386622,-13.748797452708368,1299,210.40343680709535,-0.5197552086179901,True,-0.3533996479599281,-0.5776299792309909,0.9035407381227608,-4.3315965513839085,543,-0.47867482005018724
555,both,0.5,21,points,2.5176075289749846,298.55827302538273,none,5.543626708783278,357.4470460629864,960,150.0,5.0,off,150,state,off,off,0.5,0.6857688530819872,1.1122979369119699,1.1490505699503784,51.5935843556345,1636,264.98847006651886,2.5262800120287983,True,-0.178812550259609,-0.25900650153437904,0.9672871456469395,-4.284868526312486,683,-0.28756939542477117
570,both,0.5,7,points,5.511270271810714,267.91285488138516,none,7.469489479704732,257.8374595833808,960,75.0,5.0,off,300,cross,state,off,0.25,0.1347357003718905,0.2256151824674829,1.0298126727066754,6.758619113445565,1892,306.45365853658535,0.4436197687970202,True,-0.9639462380907154,-1.3907027727968926,0.8251618965647894,-15.455108351168207,785,-0.887178094743012
555,both,0.5,50,points,2.002211051861801,271.55628179801744,none,5.310314581431406,168.19967613013517,960,150.0,0.0,off,15,state,state,off,0.25,0.0843181743811569,0.13703693243474652,1.0172986784062423,4.652707643177389,1777,287.82671840354766,0.313624890840573,True,-0.7478439714156405,-1.1139144046441734,0.8678435455828923,-13.531890168160604,732,-0.8044757946716369
570,both,0.5,7,points,3.7865565792404903,252.0740304714621,none,5.671643321295711,137.43072096558018,960,150.0,5.0,off,30,cross,off,off,0.5,0.6948446279686086,1.163170274157701,1.148597540592856,50.63962179160604,1661,269.0378048780488,3.441204679727263,True,-0.1738209704948783,-0.2571113081269298,0.969124593811001,-3.915684115122091,684,-0.2445866977416149
555,both,0.5,7,points,3.887990528718793,291.18978569234696,points,0.791450680983615,305.1025967474103,960,75.0,5.0,state,15,cross,cross,off,0.25,0.2667788688296806,0.4138960172382818,1.0628781261415752,12.269101605172606,1292,209.26962305986697,0.7133079763338533,True,-0.29582214117701805,-0.42923716882074137,0.9357799810103131,-4.753077841565256,535,-0.5710309855433529
555,both,0.3,7,points,5.517326656590468,260.11102271293686,none,4.212285098647315,328.80380238029954,960,25.0,5.0,off,150,state,off,off,1.0,-0.3522903687281477,-0.5527824655433193,0.9133160854428652,-17.6431628578066,1846,299.0028824833703,-0.48201396584724815,True,-0.6358524383047873,-0.9991364259942017,0.843602370938445,-10.474742663008382,793,-0.8014011795064846
555,long,0.3,30,points,0.7867874129431535,204.66443905035908,r,0.7922546679481153,225.64658712516808,960,75.0,3.0,off,15,cross,cross,off,1.0,-0.02025303525905852,-0.02802382073506908,0.9959566663237811,-0.8289445785963281,1357,219.79789356984477,-0.043731848235049706,True,-0.35517976792911454,-0.48179909490099015,0.9347892035682764,-5.009133198715598,579,-0.5394242842376676
555,short,0.5,7,points,5.307750733100995,240.39728282716288,points,5.91953204735993,252.91433471080762,960,150.0,5.0,off,75,state,cross,off,0.5,-0.22431984905768945,-0.33197384228509846,0.9552622622270353,-11.306399053780062,1236,200.1991130820399,-0.725751750664836,True,-1.223921223332181,-1.6899569204205838,0.7882058148188497,-20.989218087229062,512,-0.9235609122411234
555,both,0.5,7,points,5.804267397020514,188.6011498146824,none,2.7057624732111414,326.96861035264914,960,150.0,5.0,off,30,state,off,behind,0.25,1.1067759381170048,3.1820355216499503,2.933270881660118,19.273802957361603,82,13.281818181818181,15.034250363545567,False,-0.8769869087412341,-1.1165700811708215,0.5160416326942883,-3.8822914328764146,39,-0.8244028198120577
555,both,0.5,7,points,3.6642915025792604,294.89628055205395,points,2.8143238483536512,249.3511408928509,960,150.0,0.0,off,15,state,cross,off,0.25,0.8091081635805242,1.2122661713307976,1.1533023329052443,49.782611588004706,1676,271.4674057649667,2.904340195094832,True,-0.5713331005333653,-0.7803265788536202,0.9078306822805005,-12.140265499058598,691,-0.7716294641689655
555,short,0.5,7,atr,4.9691142196764995,231.59143787532656,none,4.797070570686788,318.4957343531569,960,0.0,25.0,off,75,state,off,off,0.25,-0.09396904110820498,-0.1398644809789073,0.9772761516382739,-7.9505317960637845,1236,200.1991130820399,-0.23477533082738508,True,-1.22950186953344,-1.640770473641846,0.7569962305170871,-31.19575421100967,512,-0.9486586903218395
555,both,0.5,7,points,5.1963110818657015,299.93152374032627,none,1.9031371266814525,329.74863735172016,960,75.0,5.0,off,150,state,off,behind,0.25,0.9719668228139219,2.658032989224557,3.0951442733562065,15.347669663071288,82,13.281818181818181,10.761149990325542,False,-0.8243956521198464,-0.9767563378534138,0.47948899098990033,-3.84211417367778,40,-0.8717687514344343
555,both,0.2,7,points,5.3353678422592425,287.1492897538131,none,3.372322171749405,353.5155810205133,960,150.0,5.0,off,150,state,state,off,0.25,0.12387786218827838,0.20018539262866372,1.0255932926215479,6.570811588885071,1758,284.7492239467849,0.5492031050536642,True,-0.5800629182296293,-0.8657157945613116,0.8942549713781591,-10.421311631761217,729,-0.7810735776941435
555,both,0.5,7,points,4.126596250843019,296.2641735252926,none,1.4817730172944712,268.25787152198063,960,150.0,5.0,cross,15,cross,cross,off,0.25,-0.10310646886721865,-0.16087343036760854,0.9339982591475552,-1.707625726063994,147,23.810088691796008,-0.32533436283489175,False,0.01971544715909599,0.029647570034078186,1.009887130282416,0.16088204330945777,89,0.03683678769808233
555,both,0.5,7,points,3.8916464131823143,297.65980432218635,points,3.689115617338187,367.58824583361684,960,0.0,0.0,off,15,state,state,behind,0.25,0.8137953565362117,1.6105400732425463,2.0481885229705354,9.891320132710142,83,13.443791574279379,5.413773257136364,False,-0.6230672663147934,-0.77053534841093,0.6050557104057153,-2.2066333521789554,38,-0.6801448768085561
555,both,0.5,7,points,5.7082227354681,258.52063746539477,points,5.709950289085487,220.56744774890595,960,150.0,0.0,off,15,state,cross,behind,0.25,0.8790624654674375,1.72962362466529,1.9997634727290885,10.978786123283239,82,13.281818181818181,5.900010042354301,False,-0.6099452898873446,-0.7752695354392891,0.644523037340801,-2.9706228985031284,38,-0.7574457567025319
555,long,0.5,7,points,3.0350213060858398,258.01842339992817,points,2.9112232219767606,212.9181403504616,960,150.0,0.0,off,15,state,cross,off,0.25,0.7106790337821116,1.0294930590880984,1.151224883882793,34.95344619033545,1260,204.08647450110865,2.2108774267064613,True,0.09056066035906908,0.12742538576974505,1.0166663857162628,1.5607705579624787,549,0.1983153641299993
555,both,0.5,14,points,2.4249935422604016,267.79576926298887,points,0.8975641383125603,304.8583583468026,960,0.0,0.0,off,15,state,cross,off,0.25,0.5605413503843384,0.84704212821842,1.1038140102712528,37.789354022786355,1648,266.9321507760532,2.2708977564955206,True,-0.5417337759289249,-0.7630147103524383,0.9144537295937687,-12.026370297887512,673,-0.7846553099756304
555,both,0.5,7,points,4.202200303781682,289.52225228295055,none,7.366551537794466,278.50544037130624,960,150.0,3.0,off,15,state,cross,off,1.0,0.8425043196919147,1.4638941091095794,1.1860215625835562,60.36670456649276,1676,271.4674057649667,4.425463052822331,True,-0.5950200607695494,-0.8750212414687748,0.896778918398089,-13.595026391822902,691,-0.751410673024451
555,both,0.5,7,points,3.244052117345744,242.1136903082681,none,7.29919711535951,247.33485078358677,960,150.0,3.0,off,15,state,off,confluence,1.0,-0.035064276141212734,-0.05676615073467555,0.9874366882088575,-1.285356543056349,482,78.07117516629711,-0.06943692292784016,False,-0.41614764538502586,-0.5837180725055388,0.8835466093415658,-5.2953296118175555,242,-0.6618151884487347
555,both,0.3,7,points,5.208333386069196,273.17094918606244,none,7.511118727101177,226.42429255016685,960,150.0,3.0,off,15,state,cross,off,1.0,0.5400358257140295,0.9189394404238432,1.1148021275233473,37.66555838347775,1649,267.0941241685144,2.5144106763897622,True,-0.0763289900476785,-0.11725960910143766,0.9859893739259539,-1.7408858148717448,686,-0.1456248733905364
555,both,0.5,7,points,3.856346928410983,288.5003301259507,none,7.8199597243017775,299.68124511246697,960,150.0,10.0,off,15,state,cross,off,1.0,0.7581143019405734,1.3067509710973098,1.1656040361964286,53.914171144735825,1677,271.62937915742793,4.212614595861039,True,-0.5980483224587394,-0.8781086760884376,0.8967479186254403,-13.659078156498023,692,-0.7448456215062385
555,both,0.5,7,points,2.639576938156928,264.76683045880594,none,4.675345940968553,352.16778662333826,960,50.0,0.0,off,15,state,cross,off,0.5,0.33244859002432925,0.5639415644920804,1.0783404226342506,18.712050793157484,1803,292.0380266075388,0.7795709304404086,True,-0.7661648121043179,-1.1751169408703455,0.8433991841978689,-14.435580741914038,774,-0.8224068744898445
555,both,0.5,21,points,5.548169495739342,270.90910014601843,none,5.012533386348739,329.01927766648794,960,0.0,3.0,off,75,state,off,off,0.25,0.5221340882725203,0.8529673687650762,1.1072496840132264,43.1879640046539,1607,260.29124168514414,1.5099920573442598,True,-0.2994000130256834,-0.43761372308587265,0.9496975349767204,-7.383335753686332,661,-0.5299683523157542
555,both,0.3,7,points,3.2603552563892415,270.11075919553747,r,2.3062589233067072,247.26710178896514,960,150.0,0.0,off,15,state,cross,off,0.25,0.6320820067552572,1.0861884964489785,1.1348174981155128,44.76541365824935,1649,267.0941241685144,2.932504939420127,True,-0.12699297593156303,-0.1924201449567071,0.9771886790893051,-2.8485295814279095,686,-0.2398139445906825
570,both,0.5,50,range,5.317748702137051,259.10173701249107,none,6.762572561133278,360.31268932955027,960,150.0,0.0,off,300,cross,off,off,0.25,0.4867697724450284,0.9150838733005032,1.1052369697594526,29.304765882554644,1911,309.5311529933481,1.4434831719754726,True,-0.8944939320934175,-1.3634145862710692,0.8548347350330493,-16.69143883306305,777,-0.935605568367786
555,both,0.5,7,points,3.002892236935913,247.83006120539,none,3.992124932286635,221.29661781123772,960,100.0,25.0,off,300,cross,off,off,0.5,0.45587091060792667,0.7205185699928237,1.0958390672238072,29.250249749913223,1685,272.9251662971175,1.4848535503290181,True,-0.1030598906254177,-0.15423234140274142,0.9808888364226883,-2.2100680645843536,725,-0.12230903754326065
555,both,0.5,7,points,3.2140868356768966,264.1437093243486,none,1.3886766788931086,371.7298848167359,960,150.0,0.0,off,30,state,off,off,0.25,0.7585041150285219,1.2571616433756896,1.163152648633163,55.60482246366651,1646,266.60820399113084,3.100509758843142,True,-0.35132250563279976,-0.516757873242671,0.9386049243921742,-8.210994471536452,685,-0.6078231895606806
555,both,0.5,21,points,3.6018294387532075,226.94458748854174,none,4.952962575963329,204.87169875284758,960,150.0,3.0,off,15,state,cross,off,0.25,0.45423496703431016,0.785132242007538,1.094051544415852,30.859641606470383,1671,270.6575388026607,1.4922916620868125,True,-0.40733532000481454,-0.628546941826879,0.9284539480288321,-8.967180923373327,693,-0.5812685863958535
555,long,0.5,7,points,4.505894504676118,222.24955523049707,none,0.8701412352925209,356.81606730504257,960,150.0,5.0,off,75,cross,cross,off,0.25,0.43751499946123956,0.7246264814224109,1.1020132093171573,23.346867280800833,1260,204.08647450110865,1.399064714211462,True,0.20629355303057495,0.32380527645912965,1.0412185319563017,3.7442523475388394,549,0.5457645189649863
555,both,0.5,7,points,5.663928072768344,262.8687573858807,none,3.0395111637914467,342.1975329898876,960,150.0,5.0,off,150,cross,off,behind,1.0,-0.015561802472471815,-0.024445842868732106,0.9925543751031581,-0.4323414528753071,253,40.979268292682924,-0.06471072110318683,False,-1.2127437593740393,-1.5229343587204662,0.6257508738519251,-12.003820486843022,143,-0.9286353207001293
555,long,0.1,21,points,4.5807499535972225,47.128626165667534,points,1.3621024792044665,316.99005021030473,960,50.0,25.0,state,300,state,cross,through,0.25,0.5831759090567323,1.26336184271693,1.1782748107940904,12.598340027974036,804,130.22660753880265,2.0243883153494155,True,-0.5970936691056759,-1.2404846787586774,0.8426471485891772,-3.921938946432003,328,-0.6092342523442005
555,both,0.5,7,atr,5.235144986544848,293.3665876472502,none,7.752867576465055,358.74889663953013,960,150.0,3.0,200any,15,state,cross,off,1.0,0.1766133801143571,0.27506313123894816,1.041709347014628,10.58072665290991,1299,210.40343680709535,0.8205028638970167,True,-0.38673952603750245,-0.5324083608013906,0.9167988761018009,-8.290665174471284,550,-0.644621564431869
555,long,0.5,7,points,1.348532059150703,254.7394299364308,r,1.4617626827412624,177.99583343479836,960,50.0,25.0,off,15,state,off,off,1.0,0.7379849485736006,1.0866343964760148,1.2013040868994709,30.159326952880566,1260,204.08647450110865,2.092265927654265,True,-0.35451394024425126,-0.48612134732805423,0.9198364280175848,-5.041901188477937,549,-0.39582782531944344
555,both,0.5,10,points,2.7220006026974914,282.9031364980786,none,5.320072035146418,217.60355594102873,960,150.0,5.0,off,150,state,off,off,1.0,0.7735884774822139,1.2746164780338924,1.1686500605773895,57.4993216793551,1642,265.960310421286,3.455507443215289,True,-0.2943198316251345,-0.4257902805702812,0.9473919293710736,-6.948318160014562,683,-0.5131335439545752
555,both,0.5,10,points,2.824429348697869,293.25032073695024,none,2.195785622230716,183.3603782687054,960,150.0,5.0,off,150,cross,off,off,1.0,0.7917197218489105,1.296605660491819,1.1734041877838348,59.19269725749646,1641,265.79833702882485,3.5277619867239913,True,-0.2966370811072136,-0.42636377952599747,0.946699043098883,-7.045341965325827,683,-0.5220121690243522
555,both,0.0,21,points,3.991677971883049,289.0564719433897,points,2.9116745445354257,266.5219709836646,960,150.0,0.0,off,15,state,cross,off,0.25,0.7336241323185075,1.0978611715968178,1.1421416479759903,45.037786748552946,1631,264.17860310421287,2.4890396512382034,True,0.0692614241643978,0.09962309139327265,1.0120166334942438,1.4669644876347507,675,0.1522962875184537
570,long,0.2,14,range,5.512659255245809,28.455938674329335,points,1.7981293766206008,301.60367993014296,960,0.0,25.0,state,300,state,off,through,0.25,0.5042677520042219,0.8746922863773243,1.1621608721418075,15.858185899101183,705,114.19124168514412,1.2190348633292307,True,0.25110707480804245,0.4277850678205132,1.0672903735745938,2.915340657497791,293,0.41304347124684854
555,both,0.5,10,atr,4.378364100320186,264.2452124673449,none,2.4598411659108947,146.87162411616498,960,150.0,5.0,state,150,cross,off,off,1.0,0.4245301037923638,0.6741630556379913,1.101430463188961,27.59762998458714,1301,210.72738359201773,1.5050974583264973,True,-1.0493715430194241,-1.357272620380988,0.7993262388442859,-22.71630786529682,536,-0.8968254438229813
555,both,0.5,7,atr,4.786574913301268,257.67270148796973,points,4.238472066112546,365.84346393550067,960,100.0,5.0,off,150,state,off,off,0.25,1.115558774282385,1.7073469479008936,1.2521066870164057,73.89847134914805,1674,271.14345898004433,5.813772210350099,True,-0.5592530439783623,-0.7535418373924619,0.8956642969465874,-12.415648664265095,719,-0.5842333016315189
555,both,0.5,21,points,4.576019588753036,267.9647794366157,points,3.5758121221425947,337.77025244400403,960,100.0,5.0,off,150,cross,off,off,0.25,0.5539684257942828,0.8310043486971256,1.1130109764020613,35.2621471818201,1674,271.14345898004433,1.7252986477734262,True,-0.7066554039420242,-0.9718900948395093,0.8752116021002954,-14.81533682518406,714,-0.7047217544580113
555,both,0.5,7,points,3.3966983180004595,293.56216984409616,points,6.33043237870604,384.43789640507237,960,150.0,5.0,200all,75,state,cross,off,0.25,0.31673079956183775,0.5002493684760375,1.0746633708912423,16.91644935189165,1177,190.64268292682925,1.2396324217067107,True,-0.24053287232128126,-0.3541004330963042,0.9506997848929915,-4.233730905357108,494,-0.4055573629212123
555,both,0.5,7,atr,4.190077936204593,238.71919817388311,points,4.065462033531488,339.7203960187214,960,0.0,5.0,off,150,state,state,off,0.25,0.3319912828353976,0.4804995314373579,1.0682176330734594,20.683921175829063,1783,288.79855875831487,1.4879834109874268,True,-1.0766057115553935,-1.408710584746244,0.8152602254127158,-22.753787612001787,728,-0.8478085804521857
555,both,0.5,10,points,2.846305823631916,224.22861663958497,none,2.4203534333922088,104.20849097705972,960,150.0,5.0,cross,150,cross,off,off,0.5,-0.37873789465596586,-0.5711836128664952,0.8630758029029865,-11.922143645474119,403,65.27527716186253,-0.6224857805775378,False,-0.24618029155785423,-0.36605873829757213,0.9237513297890622,-2.9062431721939963,196,-0.33242017397100876
555,both,0.5,10,points,1.5412495699979387,292.5368110239427,none,1.8089614614054557,126.22532819478216,960,0.0,5.0,off,150,cross,state,off,1.0,0.24200902724292678,0.40960930603380197,1.0515477785630327,15.71387938939137,1777,287.82671840354766,0.859283009802264,True,-1.083685957109349,-1.5670287163286483,0.8210898777975556,-21.263560111536087,722,-0.8804771565315863
555,both,0.5,7,atr,4.700919585224307,262.6964161359678,points,4.509835631687919,312.04347920907003,960,100.0,5.0,off,150,state,off,off,0.25,1.1256984489567061,1.6877784725278706,1.2483796298110748,72.72212926773297,1674,271.14345898004433,5.6401023413273474,True,-0.5612669556080778,-0.7461397660819102,0.8970238412870879,-12.362507009994872,719,-0.5641423534700681
555,both,0.5,50,points,5.296284309119994,269.91564358657155,none,3.5329149344689665,307.87508694432205,960,100.0,5.0,off,150,cross,off,off,0.5,0.36374165367317457,0.5777244974313797,1.0778712993493182,24.820085104010897,1667,270.00964523281596,0.8648865331897809,True,-0.32359893247652965,-0.48062710616670345,0.9375512834739279,-7.235965685698912,710,-0.4632588763201293
555,both,0.5,7,atr,5.2160548174389145,268.513311679098,points,4.320290479494841,315.71495931085275,960,100.0,5.0,off,150,state,off,off,1.0,1.099408887569852,1.6314122909803974,1.2441180519291952,71.66515046307495,1674,271.14345898004433,5.33690266009153,True,-0.4267715649237258,-0.5716991316558866,0.9203646140904451,-9.345897070955186,719,-0.4747038380916911
555,both,0.5,7,atr,3.722249836370434,182.39994473118455,points,2.7489894487258058,347.1133380511058,960,100.0,5.0,200any,150,state,off,off,1.0,0.48274552846350854,0.7248218184439119,1.1151748990153374,27.11373222976536,1299,210.40343680709535,2.2256232369576985,True,-0.9107789427794208,-1.22873969846204,0.8219420581216785,-16.495947801948617,550,-0.8658103352316916
555,both,0.5,7,atr,4.138267205863942,255.6433975223124,points,4.221371100692493,201.21175377712234,960,100.0,5.0,off,150,state,off,off,0.25,0.9823880526956098,1.385541654268788,1.197833095769426,58.015004539578186,1676,271.4674057649667,4.953607238565837,True,-0.6578016722611076,-0.8361600279264355,0.8882347481386786,-13.412344323632851,719,-0.7119581156863191
555,both,0.5,7,atr,5.757481217422558,269.309823605808,r,3.801190796450985,350.77130904004935,960,100.0,5.0,off,150,state,off,off,1.0,0.9391228889136503,1.4875890911846834,1.226469382239189,67.62312729005852,1674,271.14345898004433,4.452157012285182,True,-0.44706812334484386,-0.623510876652456,0.9123094757253123,-10.400908763091977,719,-0.5068057263773302
555,both,0.5,7,atr,5.609001861911932,228.40237399208323,points,5.467587554325748,295.7563540986859,960,100.0,5.0,off,150,state,off,off,1.0,1.0667456857087847,1.551987914122882,1.2358684631187389,69.98908210541092,1674,271.14345898004433,5.054477420000046,True,-0.4423787434339717,-0.5871439683904064,0.9178102506698848,-9.693068359688912,719,-0.49924341197775896
555,long,0.5,50,atr,4.361639558416639,273.5089463414796,points,4.898857716745326,249.3979935716224,960,100.0,5.0,off,150,state,off,off,0.25,0.44326551297586325,0.6550002634708465,1.095959754239058,22.13570898150885,1317,213.3189578713969,1.466249584221685,True,-0.10366044123590934,-0.15589752511737662,0.9802150073935868,-1.673559218210822,567,-0.22190014951006368
555,both,0.5,7,atr,5.621857766792415,254.6717871896905,r,7.162376218357897,354.9116147258094,960,100.0,5.0,off,150,state,off,off,1.0,0.954285702242265,1.5132913013272808,1.2299626184112165,68.29100509745227,1674,271.14345898004433,4.605995482809729,True,-0.4244895504348105,-0.5946950387251098,0.91672338822296,-9.829819456916947,719,-0.49370997924152576
555,both,0.5,7,atr,5.463571563235953,205.29012677286914,r,7.442683009248364,348.46679534597706,960,100.0,5.0,off,150,state,state,off,1.0,0.30223721476199567,0.47689206973737286,1.0672116209979683,16.50790669674477,1825,295.60144124168517,1.2652107471946652,True,-1.0215084788574809,-1.4429639754509187,0.8156240802052593,-17.64665139857146,770,-0.9027065960925369
555,both,0.0,7,atr,2.9688770028977203,290.5045870270345,points,4.26344873354183,168.06520129008638,960,100.0,5.0,200all,150,state,off,off,0.25,0.34345735765859764,0.4734450976249779,1.0690908160861938,15.797076906908428,1305,211.37527716186253,1.519660168914845,True,-0.9197888164487666,-1.173088821852607,0.8397535709339977,-14.725569479793114,547,-0.8918107931039218
555,both,0.5,7,atr,5.194784773702488,271.28341010801074,r,2.5965967385442266,339.3462414258092,960,100.0,5.0,off,300,state,off,off,1.0,0.9933701504380501,1.5987767392909356,1.2389750572253275,70.18133408685848,1674,271.14345898004433,4.416949615762784,True,-0.44621016958271864,-0.6200922284231998,0.9136485174804005,-10.116319855507179,719,-0.5291293891680984
555,both,0.5,7,atr,5.093397229771315,280.01601782222787,r,3.4852104205545094,327.53063054958375,960,100.0,0.0,off,150,state,off,off,1.0,0.9992714099613268,1.6130252779374499,1.2398650337936463,70.95044940620221,1674,271.14345898004433,4.161554499416516,True,-0.4311998992876038,-0.6063022161657077,0.9163776040318373,-9.961111323067362,718,-0.5430840886890175
570,both,0.5,7,atr,4.818209849601477,232.13662141948092,r,2.5898442662516215,277.9480515121627,960,100.0,5.0,off,300,state,off,off,1.0,0.858922529567447,1.3478057973037099,1.2066404569067795,61.939935289024646,1678,271.79135254988915,3.119046049093394,True,-0.3916229717246355,-0.5433437222983093,0.9235838587319949,-8.778073451511075,714,-0.6740211441173197
555,both,0.5,7,atr,5.664048998963447,262.94686927773404,points,3.168595576048342,255.23911285149163,960,100.0,5.0,off,150,state,off,off,0.25,0.9566547574019849,1.3510036352268273,1.205027409711724,61.011275327612914,1674,271.14345898004433,4.627987914538172,True,-0.4129226235447888,-0.5388823126083521,0.9243491895590618,-8.917115483073578,719,-0.4612439348770333
570,both,0.5,7,atr,5.576255085646991,297.656242237915,r,1.2581381828080849,252.85330045188118,960,100.0,5.0,off,300,state,state,off,1.0,0.1707064435902314,0.26256542019830476,1.036843543514072,9.094564888630321,1857,300.7845898004434,0.5270178117889767,True,-0.7638957997139394,-1.0950129653446894,0.8599323706461953,-13.24310912103589,770,-0.7998345512254579
555,both,0.5,7,atr,4.745533838251858,262.44385813377573,points,5.475152131686538,312.4469084121468,960,100.0,25.0,off,300,state,off,off,1.0,1.0111626573098047,1.4798568634955414,1.2183207838569237,63.88949759721502,1676,271.4674057649667,5.161208904126933,True,-0.27958978172529464,-0.3710870326413495,0.949136406326089,-6.081409982040288,720,-0.32761151772531094
555,both,0.5,7,atr,5.745332969687767,270.39716005264023,points,2.339079420754186,236.44712503557187,960,100.0,5.0,off,150,state,off,off,0.25,0.9107589157208955,1.2666416107682075,1.192451370516326,57.37204167294,1674,271.14345898004433,4.287060914096186,True,-0.3972923269348079,-0.5130382669259903,0.9278719140898997,-8.548145491969574,719,-0.49407629706757306
555,both,0.5,7,atr,3.92764321080287,223.0242686541317,points,3.7480657851731154,288.3450827862867,960,100.0,25.0,off,300,state,off,off,1.0,0.8895881297678939,1.3096090381703087,1.1841930691771205,53.82170960914823,1676,271.4674057649667,4.322705267952239,True,-0.43638167373473125,-0.5826854251835454,0.9238931753789389,-9.103855541155735,720,-0.507400196114323
555,both,0.5,7,atr,5.8610868244766685,231.02321370245855,points,2.62742333659486,218.11548092302587,960,100.0,5.0,off,150,state,off,off,0.25,0.9382606866572933,1.287154721194645,1.195939790243375,58.461379839558376,1675,271.30543237250555,4.531921264993024,True,-0.555393529206228,-0.7028728919961581,0.9009717864504491,-11.82661910741563,719,-0.6343426616107563
555,both,0.5,7,atr,4.021203111640085,220.7547436862799,points,4.2248948758185,229.67613720515624,960,100.0,25.0,off,300,state,off,off,1.0,0.7931814797190386,1.116518183681008,1.1576528461268256,45.99094015340515,1676,271.4674057649667,3.929315675398764,True,-0.34085647234539374,-0.4434526517743752,0.9414781609249024,-6.992961621026332,720,-0.43281035542321306
555,both,0.3,7,atr,5.414249276771368,167.00986136941017,points,3.059523847790685,185.14855475612438,960,100.0,5.0,off,150,state,off,off,0.25,0.5968013962341825,0.7984146502638909,1.117224702926759,35.87040677189631,1660,268.8758314855876,2.7860017140142843,True,-0.11609405240521424,-0.1486290853073096,0.9794530055097772,-2.3099534348441333,714,-0.23594327320718073
555,short,0.5,7,atr,5.026531107828351,200.84524839942384,r,4.553412768876532,369.64260866863077,960,100.0,0.0,off,150,state,off,off,1.0,0.19819042098170536,0.31481661026279706,1.0527613672118115,12.744052290390755,1236,200.1991130820399,0.5375867977696922,True,-1.1909848190690775,-1.6569146714860221,0.7440127128078182,-23.445634134404905,512,-0.9437140453699668
555,both,0.5,7,atr,5.529219787491009,256.88831013849983,points,4.306885360263895,230.71545281615474,960,100.0,5.0,off,150,state,off,off,0.5,0.9677214344864631,1.345748673098089,1.20375291027177,60.27306074681566,1674,271.14345898004433,4.703866026743195,True,-0.34819982359664353,-0.4506284382162822,0.9369622849211837,-7.40249633022372,719,-0.4483727437171917
570,both,0.1,7,atr,5.431759513967486,198.437967475792,points,7.073031734452445,278.2355848662068,960,100.0,5.0,off,150,state,off,off,1.0,0.8923716603431869,1.3071293351651991,1.190837781339139,57.55788783739751,1662,269.19977827050997,4.802540413382029,True,-0.5301260045391679,-0.6857158453914116,0.9014563099547426,-11.817812376622935,711,-0.7105105312750676
555,both,0.2,7,range,5.65459841307258,299.9673859909293,points,5.049385299690496,285.0986540217923,960,100.0,5.0,off,150,state,off,off,0.5,0.5665843342079707,1.0498390959990163,1.1188989897500023,25.737306538357437,1787,289.44645232815964,3.0582003048427646,True,-0.8769253142222423,-1.396214675611439,0.844860072608178,-13.13992831563808,746,-0.8449771685004565
570,both,0.1,7,atr,4.935924388417341,242.91986192279828,points,7.155137178423716,293.7242784792346,960,100.0,5.0,off,150,state,off,confluence,1.0,-0.13531570524626976,-0.18701738235334617,0.9535902660784592,-4.691643812986867,517,83.74024390243902,-0.3264030396970632,False,-0.2961813584143267,-0.3931201970286572,0.9077060600884648,-4.04660943457893,260,-0.3224405420354744
555,both,0.5,7,atr,5.450806853807443,255.66236224215137,points,2.482369610516409,218.327339684797,960,100.0,5.0,off,75,state,cross,off,0.25,0.7372681140860644,1.0361025761396196,1.1479653786527537,43.428487629189284,1702,275.6787139689579,3.492681381699621,True,-0.668169257168128,-0.8669294593081456,0.8851750852892819,-13.467882341453839,724,-0.7504146836837986
555,both,0.5,21,atr,5.247333117689385,292.647003386412,r,3.0540711124967976,290.15974783734026,960,100.0,5.0,off,150,state,off,off,1.0,0.7068728780005885,1.1448527469626744,1.1609590403885144,48.55019117706682,1666,269.84767184035474,2.4939942592080997,True,-0.818539154038527,-1.157480913006615,0.8506942775931204,-17.782755169560794,713,-0.7956594460563261
555,both,0.5,7,atr,5.341310334265363,268.2713050374008,r,2.234463654261138,231.4907045190211,960,100.0,0.0,cross,150,state,off,off,0.25,-0.12822657669984955,-0.18836953116935867,0.944914463830391,-3.994065185259636,397,64.30343680709534,-0.20295047178882167,False,0.07311153086537056,0.10432283483198511,1.027611490385024,0.8787347660029501,199,0.14130916529424953
555,both,0.5,7,atr,5.8285028812448925,223.60425094914388,points,4.803083807311545,243.59982698240088,960,100.0,5.0,off,75,cross,off,off,1.0,0.9129197028570769,1.2741399234397455,1.1936777013508868,57.78451652432821,1674,271.14345898004433,4.258002827795128,True,-0.4108608842848984,-0.5318827282343613,0.9251081958278672,-8.92483093906714,719,-0.4976226274038538
555,both,0.5,7,atr,5.983170738107613,256.7594659099441,points,6.767564065134796,135.10380932001482,960,75.0,5.0,off,75,cross,off,off,1.0,0.48103065026806796,0.6118645145469096,1.0957187906260146,25.78953990963646,1726,279.5660753880266,2.053182037303202,True,-1.0497712826364554,-1.22880498547512,0.8227965613774747,-19.94931377205167,737,-0.8965190923193418
555,both,0.5,30,atr,5.67425706332597,253.97698825066516,points,6.175621856883278,321.38926883326155,960,100.0,5.0,cross,150,state,off,off,1.0,-0.3138564240161719,-0.44950439687871774,0.8830142272531898,-9.321191021063875,407,65.92317073170732,-0.5029497872373409,False,-0.24985932853262294,-0.3484130038734757,0.9150778022473903,-2.7706317044504134,189,-0.5401444582433348
555,both,0.5,7,atr,4.2264857570895975,289.973182463445,r,4.686768103043271,70.69746960811611,960,100.0,5.0,off,150,state,off,off,0.25,0.9763409263149898,1.615633521970283,1.2321008273550667,67.79235002969044,1674,271.14345898004433,4.477711712113476,True,-0.6350625875963953,-0.8968062859106601,0.8798929740590574,-14.471967503430598,719,-0.6789793178943846
570,both,0.5,7,atr,3.112771425175933,293.9128539387488,points,4.8824930679729786,321.0288387439565,960,100.0,5.0,off,150,state,off,off,0.25,0.8038147287594795,1.2486240315454393,1.1686771983659499,49.84635385622198,1682,272.4392461197339,3.761893493152061,True,-0.29719678395937366,-0.4289104925823057,0.9460878454576639,-5.970887813210818,719,-0.5329349081578973
555,both,0.5,30,atr,5.951429319292202,272.5028173312727,points,1.9692273387292372,242.7721779779561,960,100.0,5.0,off,150,state,off,off,0.25,0.5841448310694706,0.8223534533392891,1.1175031444966874,35.918932297359675,1664,269.52372505543235,2.9555638806130937,True,-0.39651950913752815,-0.5352069899646179,0.9301217191236613,-8.050132436303091,710,-0.5659306064651067
555,both,0.5,7,atr,4.740818331547352,253.17240392177956,r,3.530462425961754,32.03072096079254,960,50.0,5.0,off,150,state,off,off,0.25,0.4273502189612265,0.6819020021055725,1.107595171376498,25.323750562795226,1779,288.15066518847004,1.1453790558480363,True,-0.6807177193137617,-0.9613988160110819,0.8543434618917498,-13.130179182660648,772,-0.7031499468997732
555,both,0.5,7,atr,4.91370894815303,230.50794116586837,points,6.988003399990129,217.83122003056283,960,100.0,5.0,off,150,state,off,off,0.5,1.0241718287194184,1.433035381294569,1.2124376893096085,62.26116755705927,1675,271.30543237250555,5.386960810784966,True,-0.5823043616768416,-0.7397401653741075,0.8973102595975118,-12.3603723379265,719,-0.6958170019097745
555,long,0.5,7,atr,5.669622994896842,270.16951861559954,r,7.777252791979782,377.5044433889151,960,100.0,5.0,off,30,state,off,off,1.0,0.4320007695774469,0.6219610778272386,1.1121281874067108,25.05428299831945,1260,204.08647450110865,1.4592992912858043,True,0.07462875667871965,0.10345660433533152,1.0170597325820765,1.4621758917834144,549,0.14142397803512696
555,both,0.5,7,atr,4.179207787515318,204.73722224305152,points,6.622785688455593,265.9946639080612,960,25.0,5.0,off,75,state,off,off,0.25,-0.27997572422669925,-0.3935005185616138,0.9350827865056464,-12.862050913285081,1884,305.15787139689576,-0.4085845697986459,True,-0.778112443086118,-1.0552908060512853,0.8324148909436062,-11.837297333658826,815,-0.873304192392248
555,both,0.3,7,atr,5.150292343800023,263.69555424821635,r,1.055308815606967,346.54197399511037,960,50.0,0.0,off,150,state,off,off,1.0,0.24603287908855564,0.36670631782888424,1.0564495728365755,14.07660404496908,1744,282.4815964523282,0.6279880217470913,True,-0.43702782090672204,-0.6262886006483379,0.906985355198925,-8.397740951489997,754,-0.5688541935935422
555,both,0.2,7,atr,5.04957523264936,249.0704262496512,points,4.288386209646237,259.02606425286314,960,100.0,3.0,off,150,cross,off,off,1.0,0.6413079768891606,0.9095050255233318,1.1327890547805874,40.7832430934387,1653,267.7420177383592,2.327475006943965,True,-0.40367223039327293,-0.5368123473886455,0.9259724983419348,-8.445174590287813,702,-0.47264845218865786
555,both,0.5,7,atr,4.354896490479988,202.9274045094407,points,6.634999941149798,272.2925157359098,960,100.0,5.0,off,150,state,off,off,0.5,1.0019409398438002,1.4741407434175515,1.2126834277581848,62.43017774861795,1674,271.14345898004433,5.408515871598488,True,-0.57466654937779,-0.7597494031778875,0.8970372159991713,-12.341395661056556,719,-0.5734882709207167
555,both,0.5,7,atr,3.3002104428628063,278.2713996666208,points,5.960940260140023,233.81436319753422,960,100.0,10.0,off,150,state,off,off,0.5,0.9746564311647813,1.4475990531814134,1.1950347329678561,56.03290749741525,1676,271.4674057649667,4.11903340197404,True,-0.5158480206017904,-0.697369830529663,0.9130077969368909,-10.181244130225153,721,-0.5903110225690712
555,both,0.5,7,points,5.840281731784506,205.16608538115116,points,3.6320674309535925,271.07626794477545,960,100.0,0.0,off,150,state,off,off,1.0,0.666772022086827,1.0265676910692823,1.1275683177691442,38.48504154573077,1695,274.5449002217295,2.1046302793005798,True,-0.5695558317448834,-0.8146705811967797,0.9051286282143779,-11.080742629360804,730,-0.6174883023357761
555,both,0.5,7,atr,3.130467408592444,219.75182292853395,r,6.444195618311821,91.46995112905196,960,100.0,5.0,cross,150,state,off,off,0.25,-0.13088486971449512,-0.20559349669994864,0.9449513919799126,-3.834518051983281,398,64.46541019955654,-0.2363271810286645,False,0.17869846123644112,0.2775684808169848,1.0668399823261376,1.9816663086929691,199,0.33188628842473006
555,both,0.5,7,atr,3.26722619559992,277.92330182556793,points,5.485174223339855,237.4421452284718,960,100.0,10.0,off,150,state,off,off,0.5,0.994428336797113,1.4892758681977758,1.20052083944816,57.28287638864483,1676,271.4674057649667,4.319232258373268,True,-0.4828270052715789,-0.6568713495783509,0.9181952705509713,-9.5280790201118,721,-0.5736502170817142
555,both,0.5,7,range,0.9451932970982089,267.4800232086105,points,6.596531220481582,203.0306465707836,960,100.0,10.0,off,30,state,off,off,0.5,0.6805470114551398,1.1002364415135728,1.125326726298132,30.923603081772114,1984,321.35521064301554,2.7367577423521436,True,-0.9386873898997135,-1.334364640773431,0.8545971273758463,-14.308495689760301,853,-0.8245650927240755
555,both,0.5,7,atr,3.737445846409424,278.7224641035365,points,6.445635524648016,273.12396122021295,960,100.0,10.0,off,150,state,off,off,0.5,0.9504947162554985,1.412631900353888,1.1985478023873595,58.13620034651032,1675,271.30543237250555,4.0497911824376285,True,-0.6932646451395315,-0.9291685996568547,0.8804442401122029,-14.370231660307624,720,-0.6797947232689707
555,both,0.5,7,atr,5.587866607855674,242.3494743066288,points,7.538881248991199,161.9360874047956,960,100.0,5.0,off,150,state,off,behind,0.5,0.3272471399921894,0.4377392414759219,1.237757773634119,5.175101744954357,128,20.732594235033257,1.588480230107676,False,-1.0195958513011483,-1.1663113042637219,0.5512330503092004,-6.8678370091772845,70,-0.7811458052058662
555,both,0.5,30,atr,3.547533765671326,120.92530548409891,points,6.597028257627515,222.0677898338182,960,100.0,5.0,off,150,state,state,off,0.5,-0.029985715841112155,-0.04380161508229913,0.9943742515566029,-1.3605517960881954,1826,295.76341463414633,-0.07513095975463849,True,-0.9061718749292226,-1.298691350491159,0.8502461979396522,-13.50662329649824,765,-0.8316339656869601
555,long,0.1,7,atr,2.7497564590210577,271.953263373638,points,7.209808749897886,300.9716488643609,960,100.0,3.0,off,150,state,off,off,0.5,0.3191182697567814,0.4846213138956614,1.0679476430186832,17.22407443096031,1391,225.3049889135255,1.0959423424327666,True,0.22999424717177328,0.3565552835579369,1.046527429512066,4.021599048324045,585,0.5898364493443594
555,both,0.5,7,atr,5.001793517238185,257.3450909474566,r,3.041909094411946,399.84674309871747,960,75.0,0.0,off,150,state,state,off,1.0,0.13312947322734026,0.2132949271552507,1.0301999945209155,6.817204593417221,1851,299.8127494456763,0.4572513045457175,True,-1.1300379477741942,-1.5913011905512104,0.7930776680874321,-18.871537872576212,781,-0.9183528770119551
555,both,0.5,7,atr,2.8144665024354003,257.19186059913284,points,5.041758753769057,293.6065361005851,960,150.0,10.0,off,150,state,off,off,0.5,0.7283958382680739,1.1163234970302038,1.1421824080201293,46.591088892796165,1652,267.580044345898,3.334854763785274,True,-0.6791992100267384,-0.9456267991605635,0.8902223712765437,-14.596164018545547,687,-0.8179558835755811
555,both,0.0,7,atr,5.896873142962226,291.4623079736375,r,7.270716964266666,294.5958495759344,960,100.0,3.0,off,150,state,off,off,1.0,0.6112192999232782,0.9268705841891791,1.1404073646609596,43.33048105330205,1641,265.79833702882485,2.59452439633718,True,0.03101518721472741,0.04550177991851839,1.0064759738180389,0.7199692516479512,693,0.054305135967069124
555,short,0.5,7,atr,3.9376976740259706,293.8240428667902,points,5.584116152843965,279.2826449439023,960,100.0,10.0,off,30,state,off,off,0.5,0.17307952192409418,0.24864639319215712,1.0397165455806758,9.082766745708696,1236,200.1991130820399,0.5957366669965837,True,-0.8768790357863366,-1.1690895794655691,0.8240232042649699,-15.366697136023042,512,-0.9134001854532352
555,short,0.5,7,atr,5.162310878337368,250.83666180552714,points,2.9686870492147115,305.60289319997696,960,100.0,5.0,off,150,state,off,behind,1.0,0.08546823289824183,0.12525387796046364,1.0503660679593374,1.6693190566594138,179,28.993237250554323,0.3528595249493219,False,-0.35208838863745373,-0.4853843813776104,0.8205776142871859,-2.4753028424466925,82,-0.494144228222812
555,both,0.5,7,atr,4.482815319944683,286.87889444551166,points,4.346674879691004,128.37692075096004,960,100.0,10.0,off,150,state,off,off,0.5,0.6942058880226272,0.8959212945924587,1.1291874328130072,37.504086663141806,1684,272.7631929046563,3.1702866420741076,True,-0.6888974161309495,-0.8210001970200611,0.8900502040344391,-13.17606599493972,720,-0.8154268266450012
555,both,0.5,7,atr,5.827081573871798,160.95617404154694,points,6.440250838307093,226.90833407348867,960,100.0,5.0,off,150,state,off,off,1.0,0.9260704503754772,1.2770867488666446,1.1941188889959529,57.893173024534356,1674,271.14345898004433,4.416769433612394,True,-0.4700751824180088,-0.6006641692788376,0.9154256490527812,-10.077748275115077,719,-0.5529896844104565
555,both,0.5,7,atr,5.6873508626545695,218.02616242769398,points,4.7885369618109594,378.846254524705,960,100.0,5.0,off,150,state,off,confluence,0.5,0.04217424820521439,0.058764298250159316,1.0213358554229135,1.0920234942287086,280,45.352549889135254,0.16782145529905645,False,-1.1234236634200236,-1.3538616171498152,0.5889504790241169,-11.370024274442157,142,-0.9565123545067653
555,both,0.5,50,atr,4.971512024430212,292.6471759242193,r,7.494966610991584,363.19999109549,960,100.0,25.0,off,150,state,off,off,1.0,0.32184177240684547,0.5046406099424593,1.0691391848876128,21.180674237884492,1671,270.6575388026607,1.0628812161199188,True,-0.4979296201534932,-0.7405038917066636,0.9118312608385035,-10.22253071891039,718,-0.6397643127718039
555,both,0.3,7,atr,2.5941194114966524,262.4638065026604,points,7.385217464768994,326.08580757784057,960,100.0,10.0,200any,150,state,off,off,0.5,0.37524398425334815,0.5999343927932534,1.082701686861096,19.662155833844274,1361,220.44578713968957,1.2700391228885841,True,-1.0491870986723408,-1.490389652962113,0.8121271089198046,-18.066969027538264,570,-0.8970113293735713
555,both,0.5,50,atr,5.170444417320298,273.8976125998127,points,5.398439777020609,234.71418915272537,960,50.0,5.0,off,150,state,off,off,0.5,0.36016491374625476,0.5244159563840654,1.0774302484782492,17.83138352289753,1758,284.7492239467849,1.3780547144388064,True,-1.164169675518827,-1.5777313850440051,0.79286204005155,-19.26845826578714,751,-0.8931213065262377
555,both,0.3,7,atr,4.940217068463571,262.8691203553024,r,3.916859059557186,361.4365766351383,960,100.0,5.0,off,300,state,off,behind,1.0,-0.12208411720406714,-0.18326046281622693,0.939965164504715,-3.219631036473279,259,41.95110864745011,-0.42503341642351616,False,-0.9400052816997161,-1.1722271091269543,0.6631306638653477,-8.428828946649936,144,-0.8636303936654346
555,both,0.5,7,atr,5.7647111311608175,202.4602413662927,points,6.978437474677769,240.08052392757727,960,100.0,25.0,cross,150,state,off,off,0.5,-0.12747135286389197,-0.16820602375515234,0.9493395943396677,-3.647684779184644,397,64.30343680709534,-0.2166143058434964,False,0.2632114838735397,0.3501257490073876,1.0942079384235355,2.997685761995366,199,0.5868321615587776
555,both,0.3,14,atr,4.321359964425693,264.4147957671808,points,5.590984754200419,394.5067599165392,960,100.0,5.0,off,150,state,off,off,1.0,0.7667912552066295,1.2230574525685372,1.1646501220486574,49.85696757331691,1653,267.7420177383592,2.4828191407491693,True,-0.48733393967749533,-0.706529137752653,0.9103543894228839,-10.133137180830952,704,-0.6022729337214628
555,long,0.5,14,atr,5.0683130934646465,266.4711518660119,r,1.8788242471644752,376.8740413322493,960,100.0,5.0,off,75,state,off,off,1.0,0.35634996448498907,0.5317224358366576,1.0877452576912587,19.89523755531253,1282,207.649889135255,1.1906656082173752,True,-0.25688716686458435,-0.36281389412271225,0.9451779904444465,-5.0921504555533454,560,-0.4404324765069287
555,both,0.5,7,atr,5.0804334934775115,220.12929927938828,points,5.719602522478527,247.83235547631332,960,100.0,5.0,200all,30,state,off,off,0.5,0.03449209305361646,0.04578514642387715,1.0081376392785126,1.8428919972691866,1177,190.64268292682925,0.09149789144635764,True,-0.17038439136111203,-0.22676873065798767,0.9625160342337871,-2.9144052175551387,494,-0.28114824530451876
570,both,0.5,7,atr,5.797782016257365,243.1051298332724,r,3.466442540284212,293.7530581559222,960,100.0,0.0,off,150,state,off,through,1.0,0.31442004338872914,0.5089964758132502,1.173777752122883,8.748792536537435,297,48.106097560975606,1.2615222869576908,False,-0.014220419851415514,-0.019458285543344975,0.9934622509658873,-0.16105510250325894,152,-0.02888940719719397
555,both,0.5,7,atr,4.343483105405274,245.33956440894897,r,6.113032779677999,110.78233815397408,960,100.0,5.0,off,150,state,off,confluence,0.25,0.7655285837332589,1.600272635669021,1.7005150657279133,16.28463493907881,160,25.915742793791573,6.953895386950272,False,-0.6346089932658154,-0.8347701825445184,0.7068546610726012,-4.94633796193919,80,-0.8365512166650685
555,both,0.5,21,atr,4.6480500345750455,239.64055031019834,points,6.994479982429483,244.41533972070553,960,100.0,10.0,off,15,state,off,off,0.5,0.6837420052437079,0.9941474067909486,1.1353634800307297,40.29998108102755,1669,270.33359201773834,3.0783371552725307,True,-0.7915404029500908,-1.0574094196819581,0.8677780570265414,-15.901649265744473,719,-0.8361025419032947
555,both,0.0,7,atr,5.786603572674057,271.5662895567414,points,2.7647355605138957,340.0217987693553,960,100.0,5.0,off,150,state,cross,off,1.0,0.6484127533960371,0.9620346802592761,1.1400344302445178,40.40671349475026,1649,267.0941241685144,2.033212509154492,True,-0.10448676073129269,-0.14822602845865188,0.9799528254350997,-2.196445712767649,698,-0.1971226783614404
555,both,0.0,7,atr,4.77327740109901,283.6611853778586,points,7.168761786833338,325.2609578871601,960,100.0,10.0,off,150,state,state,off,0.5,0.06022161670998716,0.08838278033205188,1.0125712894055798,2.884352558506677,1715,277.7843680709534,0.16104466845181173,True,-0.21546681509754062,-0.31574497790706524,0.9581176382493508,-3.5712047911730402,731,-0.46536796590077034
555,both,0.5,7,atr,5.74759591736722,242.70390503541302,r,6.209570047659566,370.6989644598879,960,75.0,5.0,cross,150,state,off,off,0.25,-0.5628107817661719,-0.7592638005910624,0.7592470457782577,-15.78480836835165,397,64.30343680709534,-0.6768285627878162,False,0.010762135704583701,0.015151075275122028,1.004217608996446,0.128558414119341,200,0.02112578227202156
570,short,0.5,7,atr,5.049426847313395,172.73957156848385,points,7.990800415792991,202.24879209886845,960,100.0,5.0,off,150,state,off,off,0.5,-0.07076628406067634,-0.09187583650965239,0.9840468354474916,-3.598745543626535,1187,192.26241685144123,-0.12692167892062936,True,-0.8726330019308957,-1.0821680876786162,0.8159016154088585,-14.234635696053536,477,-0.9295387543004512
555,both,0.5,14,range,5.574250385463374,278.2782944750358,r,2.5629027999111624,345.09892864831306,960,100.0,5.0,off,300,state,off,off,1.0,0.30822910693307626,0.5093106234755582,1.0601625721744805,14.359870606578973,1940,314.22838137472286,1.0586225247655596,True,-1.2356022077630022,-1.7900845973200197,0.80024317983739,-19.267628489989924,825,-0.902050240808897
555,both,0.5,7,atr,3.881720526877145,207.1247208009421,none,2.9355489503035237,360.70228888235624,960,100.0,10.0,cross,150,state,off,off,0.5,-0.26841430133215516,-0.39630302398270634,0.8905165358623981,-7.913612769275656,397,64.30343680709534,-0.4405021671915225,False,0.091463365424701,0.13483723733359487,1.0335108809888145,1.060113808953312,199,0.1591591517525112
555,both,0.2,7,atr,4.6127687657674885,272.86640936274017,r,5.19797171977806,289.19152859185493,960,100.0,0.0,cross,15,state,off,off,1.0,-0.10589038561875196,-0.15282655381410964,0.9253586037007121,-1.5290587120703727,136,22.028381374722837,-0.38957771175296335,False,-0.05054073151901235,-0.07058654788349655,0.9687043090925008,-0.36651396346055654,76,-0.09393953183845805
555,both,0.5,21,atr,1.7329645317607871,232.33070074868291,points,4.845478378364783,226.04668816605763,960,100.0,0.0,off,150,state,off,off,0.5,0.2522812771238363,0.41401781812348,1.0443609023224312,11.619108512464486,1900,307.74944567627495,0.8824502702672108,True,-0.9540269874896575,-1.3478447673415044,0.846870771802892,-15.421570498743755,807,-0.8410967385323076
555,both,0.5,7,atr,4.345307927387489,232.34889781551698,points,7.390258897682605,398.1590428199274,960,100.0,5.0,off,150,cross,off,off,0.25,1.0118633856043813,1.5729438132061337,1.2271193042056467,66.76497955799186,1674,271.14345898004433,5.676402577071206,True,-0.5436233465624076,-0.7465317630076096,0.898904634005791,-12.153483847019443,719,-0.5509139095328194
555,both,0.5,7,atr,4.802864787181501,251.10031531794192,points,6.914194893817729,360.440436733113,960,100.0,3.0,off,150,state,off,off,0.25,1.1521004589141195,1.7629714502222666,1.260910994541627,76.32483388633239,1674,271.14345898004433,5.795009747014863,True,-0.546760449878917,-0.7373976640267098,0.8978042466275985,-12.182031525671684,719,-0.5618093421046817
555,both,0.5,7,atr,3.047325710140054,183.45810516986984,points,6.339587557907139,383.1820343728473,960,100.0,3.0,state,15,state,off,off,0.5,0.30663928860399187,0.4800867334167984,1.0708267916698986,16.39271477290379,1285,208.13580931263857,0.6158158216448123,True,-0.6611521167288534,-0.9409108685696614,0.8670904571069608,-11.681729302364129,533,-0.8257839777951874
570,both,0.5,14,points,5.694822615592155,220.43809385599423,none,4.304518702340411,326.93795717941896,960,100.0,5.0,off,150,state,off,off,0.25,0.5403849564043948,0.9133138557297916,1.1167880230277283,35.71063923880192,1701,275.51674057649666,1.7790970011431952,True,-0.4099719205701333,-0.6176381891499667,0.9249177464287199,-8.3232390227063,724,-0.6712456978233281
555,both,0.5,7,atr,4.545287658753652,211.3604265712638,points,7.7613317164612186,357.5152357435005,960,100.0,5.0,off,150,cross,off,off,0.25,1.1321238742463657,1.7397869288143448,1.2542971833486596,74.20322521820785,1674,271.14345898004433,6.0037538128326915,True,-0.5750967453442006,-0.7742200803074252,0.8937519402242985,-12.707671607084887,719,-0.561174559747015
555,both,0.5,7,atr,3.347842440617787,277.4829338357787,points,5.431548858064413,204.75647482101434,960,50.0,3.0,off,150,state,off,off,0.25,0.5641133108309834,0.827004303551497,1.1204026442090442,27.678372087049585,1779,288.15066518847004,1.559232870336103,True,-1.1481128908202751,-1.5009431112340048,0.7948957366602473,-19.132473741003498,772,-0.8795917940085667
555,long,0.5,7,atr,3.8926063351310356,203.51319794349706,points,7.74336420430613,292.8856424026396,960,100.0,5.0,off,150,cross,off,through,0.25,0.04385208565675928,0.06924134236996306,1.0517025502179174,0.30573612729571525,39,6.316962305986696,0.12742800815445218,False,-0.1263020699157379,-0.17216639108661136,0.8785797341074714,-0.5951885535775985,20,-0.16825553298803136
555,both,0.5,50,atr,5.514211879636147,285.76074042893276,points,7.247136439206086,345.4120841343281,960,100.0,5.0,off,150,cross,off,off,0.25,0.6060746720390391,0.9032718692707253,1.1278785493074241,39.62117321811408,1662,269.19977827050997,2.5089790937239385,True,-0.6909368327112229,-0.973211780040488,0.8784858138623681,-14.183253739531516,713,-0.8164083218460201
555,both,0.5,7,atr,3.5061766236932566,199.78013537589493,points,7.373851133542114,349.57717116028994,960,100.0,5.0,off,150,cross,off,off,0.25,1.0715718802652585,1.690650775909058,1.2344005313563549,68.14776358933594,1674,271.14345898004433,4.383334977939033,True,-0.7800166359552223,-1.083455484774229,0.8631013583306587,-16.24921538974688,719,-0.6825293442790432
555,both,0.0,7,atr,3.50681982434133,185.17233429082,points,7.829592562185799,378.02141537343215,960,100.0,5.0,off,150,cross,off,off,0.5,0.7934188158170036,1.2479296844775816,1.1696206203414925,49.5672843094454,1642,265.960310421286,4.015858438917328,True,-0.3481398187615808,-0.5064779197356722,0.9354513797449413,-7.314390965866879,695,-0.61513226070795
555,both,0.5,14,atr,2.458653729942341,88.99712829320013,points,7.278908587086043,381.0375840590832,960,75.0,5.0,off,150,cross,off,behind,0.25,0.6966433146441756,1.6898880122019604,1.9904727659841046,8.12348491824524,75,12.1480044345898,7.1351963946881805,False,-1.1444448136279857,-1.3372780829876774,0.33838390362210125,-3.0386207639820904,34,-0.807722286906374
555,both,0.5,7,atr,2.2142059591667476,146.43982311165598,points,7.5821258499377056,369.583119188846,960,100.0,5.0,off,75,cross,off,off,0.25,0.45485452952371436,0.7498109110066271,1.0907455149097804,26.751962559145177,1758,284.7492239467849,1.2722522338940425,True,-1.0886545476878218,-1.620026349514727,0.8213725671781361,-20.685784730163196,745,-0.8596456353225701
555,both,0.5,7,atr,4.517119874177996,277.5384565370124,points,6.870126000642767,339.71796874316533,960,100.0,3.0,200any,150,state,off,off,0.25,0.3885533973413306,0.5632450474600067,1.0927666256425976,22.563246418401583,1299,210.40343680709535,1.9646410072404343,True,-0.5065524784970534,-0.6831516578421645,0.8945895770958111,-9.63812114756955,550,-0.8003076887105889
555,both,0.5,7,range,4.1214877273664206,276.21472562555437,points,4.3944506462312605,260.84045230191987,960,25.0,5.0,off,150,state,off,off,1.0,-0.03133014204121465,-0.052934887659600485,0.9928812076262311,-1.1680660146350537,2034,329.4538802660754,-0.0883476103849502,True,-1.3000389835177095,-2.001139835472885,0.7546183644673283,-15.54552214031481,873,-0.8849257339101129
555,both,0.5,10,atr,4.828013448205228,270.9516182433521,points,4.837361113434126,302.51843042323117,960,100.0,5.0,off,30,state,off,off,1.0,0.8682157799499214,1.2863634969372502,1.184874213390319,54.99180711140657,1671,270.6575388026607,4.948497329631365,True,-0.4825470005868117,-0.64863760678547,0.9115277574469846,-10.291209421984625,715,-0.5933947043341146
555,both,0.5,7,atr,4.431054274825982,172.54178193739637,points,7.057822988983435,348.4107909107525,960,100.0,0.0,off,150,cross,off,off,0.25,1.11300388545628,1.712585665313178,1.2464306982865145,72.53197166491358,1674,271.14345898004433,5.633777689469133,True,-0.5834099378586368,-0.7897183707407328,0.8935057907553929,-12.890283454734016,718,-0.5673450177041781
555,both,0.5,7,atr,4.991877616055806,167.9342329395027,points,7.721575406100923,296.6088877513564,960,100.0,10.0,off,150,cross,off,off,0.25,1.1021356326264746,1.6206865069275935,1.2419344430881032,70.94671275976846,1675,271.30543237250555,5.629258172066782,True,-0.4511532750447036,-0.5954467638129246,0.9172282464827312,-9.942270297271566,720,-0.5274656429129791
555,both,0.5,7,atr,4.384581121770486,159.5271769124538,points,5.7494496056578726,306.23458242133916,960,100.0,10.0,off,150,cross,off,off,0.25,1.0220747668185222,1.5247424802211722,1.221099727679762,64.72018228889611,1675,271.30543237250555,5.424513451413523,True,-0.5017143364420947,-0.6704254512033199,0.9091300214397834,-10.86652589336154,720,-0.49706878920440467
555,both,0.5,7,atr,5.426061921816173,132.47657731119943,points,6.815946724220545,325.82303768426596,960,100.0,10.0,off,150,cross,off,off,0.25,1.0712184536254645,1.5801405661737857,1.238869455064635,70.70911840914722,1675,271.30543237250555,5.2242344815071515,True,-0.41820769497030685,-0.5580023141580721,0.9220755321808864,-9.267785122598028,720,-0.48298223737241464
555,both,0.5,7,atr,3.9431179045259075,196.887730981365,points,5.2041557700822345,321.81447146690715,960,75.0,0.0,off,150,cross,off,off,0.25,0.8730848427511488,1.3534730608456578,1.1939973249679205,51.97731881259003,1717,278.10831485587585,3.4995973315724624,True,-0.6755565456874285,-0.9195552935834329,0.87435453788208,-14.178985285862964,735,-0.5976250902647666
555,both,0.5,30,atr,5.961103049590681,105.762188223318,points,7.934044363832902,210.0443147111394,960,100.0,10.0,off,150,cross,off,off,0.25,0.5723648011345871,0.7863175690873773,1.1122689690800365,34.31474753410919,1666,269.84767184035474,2.8830845448894435,True,-0.4134322148698011,-0.5444167644376053,0.9293351981708806,-8.188241522299334,713,-0.6399412631822536
555,both,0.0,7,atr,5.984834607644076,212.29550388289618,points,5.461792411890863,340.72354433142164,960,100.0,10.0,off,150,cross,off,off,0.25,0.6727052156528672,0.9587681721405167,1.1458882183092394,44.75747999898311,1642,265.960310421286,2.6894405371371235,True,0.05203554919909273,0.07173546382118338,1.0101651959161915,1.143873075011033,697,0.08969267332303027
555,both,0.5,7,atr,5.326189855723371,112.37427312569972,points,6.603151509672634,379.7598549589744,960,100.0,3.0,off,150,cross,off,through,0.25,-0.29228203652583423,-0.40067900526190614,0.7616948201336198,-3.3094025373065823,78,12.633924611973391,-0.866579982073456,False,-0.02943124967468402,-0.04127821945177082,0.9789008121442975,-0.2059717476573723,42,-0.07085236719525133
555,short,0.2,7,atr,4.191624209720138,293.940560541763,r,3.4271739010800193,64.80488075249689,960,100.0,5.0,off,150,cross,off,off,0.25,0.3330305998703488,0.5655303168389942,1.086753520459148,21.981986492768637,1335,216.23447893569843,1.63137596100396,True,-1.2450019799243188,-1.705599481688459,0.7471709674985219,-24.755422903554535,550,-0.9279321462207343
555,long,0.5,7,atr,5.582526048635969,286.1571897252513,r,0.8071784148646,287.82876988621183,960,100.0,5.0,cross,300,state,off,off,1.0,-0.0808972313783448,-0.10858235651581609,0.9606944862488709,-2.218306864035444,294,47.620177383592015,-0.14654789550221073,False,-0.01053398298290331,-0.013714781358750528,0.9956854400569398,-0.11923696765118175,154,-0.014552809708669128
555,both,0.5,7,atr,3.1737083988275328,152.91890333246954,r,5.6880505559373065,296.15733673895966,960,100.0,10.0,off,150,cross,off,off,1.0,0.9337624303254379,1.6118725404970697,1.2171367782868918,61.99020176754793,1678,271.79135254988915,3.456630505236769,True,-0.7057877066527994,-1.0291866637024463,0.8736448419098775,-14.76163435707443,721,-0.7404874319311279
555,both,0.5,7,atr,4.745548716543537,267.32034985758946,r,6.271922015139879,316.8790031843632,960,100.0,3.0,off,150,state,off,behind,0.25,1.1222366926693126,3.1954413030533475,3.3059283843643805,19.220115351691273,82,13.281818181818181,15.265741208766402,False,-0.9869594442443396,-1.1675590948981998,0.41803280643739466,-4.501875755722837,38,-0.8920168600183331
555,long,0.5,7,atr,4.572560879147225,108.3176934743672,points,7.446176253094979,355.6835875959598,960,50.0,10.0,off,150,cross,off,off,0.25,0.6778840773695046,0.9897064237404485,1.1925715702901953,30.45540300477198,1260,204.08647450110865,2.337440735161172,True,-0.03104779124233804,-0.0438706251659644,0.992147977032565,-0.45823440090661993,549,-0.0523483021367777
555,both,0.5,7,range,3.9934271590157806,190.23230185880652,points,6.655822094765486,365.5781914087032,960,100.0,5.0,cross,150,cross,off,off,0.25,-0.09507231115376136,-0.16563298056303769,0.9586672237193453,-2.169679361686989,386,62.521729490022175,-0.22937684961184696,False,-0.26121765388023027,-0.4052284349628191,0.9063487342634658,-2.352273325882332,187,-0.3996658232272716
555,both,0.5,7,range,5.580760016409948,117.62824085227898,points,5.989068322619101,310.58471658907075,960,150.0,10.0,off,150,cross,off,off,0.25,0.7015660250796514,1.1981630187061205,1.1370921036656527,37.31388048531374,1974,319.73547671840356,3.5384836959718333,True,-0.9410617951044891,-1.4010244899495077,0.8525170902745541,-17.053897935501816,842,-0.8996304160827595
555,both,0.5,7,atr,5.042328925801421,193.94625074234835,none,7.000840618014269,337.757135756463,960,100.0,5.0,off,150,cross,off,off,0.25,1.0200917721806801,1.6467492823349874,1.2466360686158278,72.0544428032725,1674,271.14345898004433,4.60868268301278,True,-0.39504418112470535,-0.5571166840429491,0.9225293205757427,-9.086946947025478,719,-0.49647069844053854
555,both,0.2,7,atr,3.5126409199227497,111.0010744398973,none,5.98116807753235,290.5398009083619,960,100.0,5.0,off,150,cross,off,off,0.25,0.5670305746537809,0.9299867595949659,1.1271774355983475,38.30714103395126,1653,267.7420177383592,2.0165713056259347,True,-0.47681648008700644,-0.7178179489037619,0.9091640267160184,-10.363592094609873,703,-0.5569464096914947
555,both,0.5,7,points,4.276520816951158,235.83533326478323,points,7.624022205441803,290.83873610853277,960,100.0,25.0,off,150,cross,off,off,0.25,0.6061582707147443,0.8972750333442362,1.117688439427007,35.689715612849575,1689,273.5730598669623,2.1965599224586647,True,-0.329493887006493,-0.46052517483933547,0.9440969156886373,-6.4499768010764935,726,-0.37764319503267796
555,both,0.5,7,atr,5.162497404406874,271.058718562307,r,5.222790280491268,348.46850276980695,960,100.0,0.0,off,75,state,off,off,0.25,0.9826151932448687,1.5846517633671915,1.2349161027755984,69.73545202834497,1674,271.14345898004433,4.103008103430266,True,-0.4347249036600043,-0.6116081291477302,0.9155320222868638,-10.084947494280197,718,-0.5505565538184178
555,both,0.5,7,atr,5.02349709611016,167.0954423962826,none,6.217147402580084,368.18729284204665,960,100.0,0.0,state,150,cross,off,off,0.25,0.20272941795502764,0.3030406303465657,1.050381430616762,12.185540849708355,1284,207.97383592017738,0.5448066017218761,True,-0.555275434705203,-0.75132375097697,0.8809267578588057,-10.42310042923587,533,-0.768482028870487
555,both,0.5,7,atr,5.071801141430036,184.7903834176763,r,5.195895421640312,353.91142515686056,960,100.0,0.0,off,75,state,off,off,0.25,1.0053867598673072,1.6237443709568697,1.2413610065713703,71.2766526399565,1674,271.14345898004433,4.208655124918278,True,-0.4143331571340537,-0.584676888825583,0.9193957746581183,-9.583196402782608,718,-0.5257938746727135
555,both,0.5,7,atr,4.343522565556577,288.59650635082386,r,4.399750004110574,385.9348120350601,960,100.0,0.0,off,75,state,off,confluence,0.25,0.7523109574052482,1.573389002507124,1.6819269382597917,16.01225703393491,160,25.915742793791573,6.8375378061419525,False,-0.6469262545235887,-0.8514050237630242,0.7033754122197762,-5.045126994554708,80,-0.8420034671710621
555,both,0.5,7,atr,5.5526577721725054,200.3155553616367,none,6.233051777865723,373.35306836958705,960,100.0,3.0,off,15,cross,off,off,0.25,0.9721766454240094,1.5466146061011488,1.2347971250996723,69.63471206183216,1674,271.14345898004433,4.440030361523244,True,-0.42444598907593084,-0.5962321239112446,0.9165187989395205,-9.811480654866754,719,-0.49580265297171006
555,both,0.5,7,atr,5.731093936874843,192.47462903620308,none,5.9322203118869785,326.6416376560134,960,100.0,0.0,off,75,state,off,off,0.25,0.9288281946038651,1.4708747629922316,1.2220303694047447,66.79667277515259,1674,271.14345898004433,4.109888685532263,True,-0.44486817391576006,-0.6225104911917216,0.9132934713666201,-10.377590513896926,718,-0.5146704827888469
555,both,0.5,7,atr,4.870358502021583,286.847240556739,none,4.991009400654738,324.4487002079933,960,100.0,3.0,off,15,cross,off,off,0.25,1.0273576078706945,1.6696212285585312,1.247940124166826,72.48437632608253,1674,271.14345898004433,4.322044949362705,True,-0.5332192107208026,-0.7448056742014662,0.8966216873024843,-12.387736880708982,719,-0.6128788362287129
570,both,0.5,7,atr,4.451024917808138,230.31873091210267,none,7.7753765088889395,271.9230716141477,960,100.0,5.0,off,150,cross,off,confluence,0.25,0.4857134400059317,0.9025766126857999,1.380297198570833,10.011189388981752,162,26.239689578713968,2.404110325823547,False,0.10379495232703097,0.14574428209074974,1.0639630153539161,0.7021094492634512,68,0.2887466725059932
555,both,0.5,7,range,4.363436540803395,260.0645181249341,r,4.924259830533855,261.52065115458305,960,100.0,0.0,200all,75,state,off,off,0.25,-0.5203112720037096,-0.8786312974753545,0.8698892999009121,-18.277558071899172,1073,173.79745011086473,-0.7790691584418261,True,-0.4278057016601268,-0.7379846438559332,0.8971074213343525,-5.235816818926985,452,-0.6573592577776454
555,both,0.0,7,atr,4.069640437048222,214.75008556270356,r,3.2323364850748613,262.88038855878455,960,100.0,5.0,off,75,state,off,off,0.25,0.6216663872754323,0.9914178068372017,1.139064250805004,41.74276659715549,1642,265.960310421286,2.825425546248838,True,-0.2284049741838341,-0.3342880030320056,0.9549483530812688,-5.116227831636719,695,-0.4273745042934036
555,both,0.5,7,atr,3.7333565907502475,248.73238504339236,none,7.066686070390349,338.06910988178606,960,100.0,5.0,off,150,cross,off,off,0.25,0.8904985476458268,1.4807467936315684,1.2083315957368372,61.123741143194295,1674,271.14345898004433,3.237203106983892,True,-0.6805334193360904,-0.9802155598053542,0.8734601767294592,-15.171330206399919,719,-0.6985121576551026
555,both,0.5,30,atr,4.002146119571351,182.77046069191206,points,7.797984162189315,384.37695116864086,960,25.0,5.0,off,150,cross,off,off,0.25,-0.13893565960991172,-0.22902929999485921,0.9664707372882095,-6.289717250749646,1864,301.91840354767186,-0.31226879020595216,True,-1.1637931985002306,-1.7405344762850379,0.75499177860804,-16.37455820647936,791,-0.8917121889650795
555,short,0.5,7,range,4.4964871077483535,287.32477483694385,r,5.6968562430008225,80.78629070040448,960,100.0,5.0,off,150,state,off,off,0.25,0.03422225587981192,0.06731904948676284,1.0098478062135703,1.3934277743456636,1108,179.46651884700665,0.10737189422476658,True,-0.8973539423438434,-1.4796434655995572,0.7931280717270368,-10.991642731122738,472,-0.8896175668035361
555,both,0.2,7,atr,4.839585754115749,251.9985500263757,r,3.5764180271163415,331.44730026907257,960,100.0,0.0,state,75,state,off,off,0.25,0.034780886176618626,0.052969720056000834,1.0082642681896263,2.2124127498986894,1372,222.22749445676274,0.07442720275851261,True,-0.7998853681472329,-1.0820340884659543,0.837287061384931,-15.95678458762901,564,-0.8735998437748111
555,both,0.5,7,atr,4.70287831118857,259.6147937167177,r,7.064211126921494,305.2313734531257,960,100.0,10.0,off,75,state,off,off,0.25,0.9742674130881125,1.5770178116641325,1.2320658058955083,67.92654923876698,1675,271.30543237250555,4.391396484707352,True,-0.44214055778177175,-0.6188468597210943,0.914779596064366,-10.233346360936501,720,-0.5034016759486288
555,both,0.5,7,atr,5.295967562747925,256.70262737486553,none,3.449067121643451,300.0359538607564,960,25.0,5.0,off,300,state,off,off,1.0,-0.3481020450364757,-0.5228835536894322,0.9106653583077939,-18.19996348780909,1884,305.15787139689576,-0.5116850688079913,True,-0.68032508659769,-0.9932504625575488,0.8359488154453291,-11.194739772514758,815,-0.88069831841509
555,both,0.5,10,atr,5.375452891928469,190.5288481192804,r,4.1291156343433375,397.77186327359635,960,100.0,0.0,off,75,state,state,off,0.25,0.17372128451501448,0.27427312801864284,1.0379898169221695,9.407891846250832,1815,293.9817073170732,0.5409622628378915,True,-1.1878594356937027,-1.643917288824941,0.7893648855982428,-20.33991055656343,759,-0.9212715100375692
555,both,0.5,7,atr,5.2373559959898035,134.52735764310518,points,4.800908600874773,274.0648303987375,960,100.0,10.0,off,75,cross,off,off,0.25,1.0330734793635985,1.4901884272473997,1.2227097981417916,65.33327822943542,1675,271.30543237250555,5.452827667468427,True,-0.3729449506783193,-0.491678724331508,0.9316924319352852,-8.04480194870355,720,-0.44060263938661215
555,both,0.3,7,atr,5.020238943334613,195.206417175218,points,7.815557558511347,243.70332752912404,960,100.0,5.0,state,150,cross,off,off,0.25,0.16180376947689198,0.21933531970986805,1.0353577992620613,8.964367432157701,1343,217.53026607538803,0.314684764048875,True,-0.5705978736782135,-0.7372959115351444,0.8859177130641127,-10.845531586090473,553,-0.7977095734787779
555,both,0.5,7,atr,4.733318890775021,187.4154489433796,points,7.4711393993191395,356.54404708702435,960,100.0,10.0,200any,30,cross,off,off,0.25,0.20973611762694078,0.32989282710230217,1.17124574216087,3.040874605187354,113,18.302993348115297,0.9515031238582009,False,-0.26479070482488415,-0.3566946090967952,0.8275877150257602,-1.4534910185343182,47,-0.3334194721508948
555,both,0.0,30,atr,5.249125251011553,239.63885422728976,points,5.934128804826924,346.6119370966643,960,100.0,25.0,off,300,state,off,off,0.5,0.6941602481443363,1.041677788199579,1.1432658100260282,42.73991557550382,1642,265.960310421286,2.6737467474560734,True,-0.2416841057026685,-0.34283569418374926,0.956667194155353,-4.872357677395939,697,-0.4241891779934822
555,short,0.5,7,atr,4.544784170797647,271.075038038102,r,5.828937127529494,369.96704679165344,960,25.0,0.0,off,75,state,off,off,0.25,-0.2977679634929752,-0.5098038892907125,0.9050111067918046,-12.549654508488885,1236,200.1991130820399,-0.5488496939476618,True,-0.7609897983130042,-1.1717954124850452,0.7818576167995593,-11.002334699499974,512,-0.8692464568673626
555,both,0.5,7,atr,5.089718325339129,134.7773353571057,points,3.551456699661395,274.49104203990055,960,100.0,10.0,off,75,cross,off,off,0.25,1.0515610208711066,1.518070275540759,1.2274276732557572,66.51532085180133,1675,271.30543237250555,5.444959493289852,True,-0.37874944119903786,-0.49944227307792277,0.9307097318762698,-8.17656310630596,720,-0.4584188481166856
555,both,0.5,7,atr,5.151061651837689,153.09179558379134,points,7.213089367144237,361.42160244529487,960,100.0,10.0,off,150,cross,off,off,0.25,1.1067015254563992,1.6706781895947374,1.2500557225848559,73.348180866145,1675,271.30543237250555,5.77236921160608,True,-0.398348004585432,-0.5378970096177588,0.925277915936113,-8.832135661835995,720,-0.4517373857659289
570,both,0.5,7,atr,3.929712028171562,115.43923298333053,points,5.103481534042298,387.9731662476967,960,100.0,10.0,off,150,cross,off,off,0.25,0.8547385154259253,1.3085338804202336,1.188587549945892,56.00017615184007,1679,271.9533259423503,4.356954937855129,True,-0.22530739757016904,-0.31806348251968025,0.957424270992198,-4.8595778829099805,714,-0.33984437541089235
555,both,0.5,7,atr,4.804181299869757,166.15246220405695,points,3.1848790436281105,198.15701639562963,960,100.0,10.0,off,75,cross,off,off,0.25,1.0206746966628386,1.4118686212167422,1.208664143544975,60.90051907671395,1677,271.62937915742793,5.780057656588885,True,-0.5272499190823853,-0.6624163158212568,0.9085918846970785,-10.902721523936163,720,-0.641514612204253
555,both,0.5,7,atr,5.123496240023318,218.0135391117396,points,7.3571403522109895,241.47337537715566,960,100.0,10.0,off,150,cross,state,off,0.25,0.3240887143702441,0.4642892250014347,1.0653459159114231,16.0023342059279,1826,295.76341463414633,1.0434601737325297,True,-0.6509601092990193,-0.8943558008836208,0.886035727548486,-10.873467016450531,770,-0.6930907677823254
555,both,0.5,7,atr,5.564447737423018,101.08633114232512,points,4.6515124464040465,213.3211861339283,960,100.0,10.0,off,75,cross,off,off,0.25,0.9498782723695516,1.30283435893314,1.1975812357734512,58.5079868824378,1676,271.4674057649667,4.5843332240126715,True,-0.43527173519410417,-0.5528643572570284,0.9228797782281234,-9.087407435316397,720,-0.5512751117169985
555,both,0.5,14,atr,4.20625756663507,190.4552762152864,none,7.803020780310367,365.12675189310835,960,150.0,0.0,off,150,cross,off,off,0.25,0.7968025499207005,1.3437349882213034,1.1773080966125453,59.453205473084424,1634,264.6645232815965,3.662023000747946,True,-0.5412673208208869,-0.7509534380540063,0.903955526226281,-12.588470462747306,682,-0.8404308746015967
555,both,0.5,7,atr,4.746187257461302,229.02999760283708,points,6.172598277114354,377.44803256968834,960,50.0,5.0,off,150,cross,off,off,0.25,0.5674306531417918,0.8632204986046683,1.1363595877864257,32.05884538899722,1779,288.15066518847004,1.8105314838820883,True,-0.6374587561257744,-0.877262224539311,0.867070406022875,-11.989607553374299,772,-0.6206685273287834
555,long,0.5,10,atr,4.519285315596265,100.82549999864247,none,5.606292721137117,327.25913038075856,960,100.0,10.0,off,15,cross,off,off,0.25,0.3651031898293188,0.5433606975136096,1.0905650373359665,20.239513878949875,1273,206.1921286031042,1.0546039563853327,True,-0.14117983284657504,-0.19590510794323013,0.969571399795185,-2.7466435547156673,554,-0.2448513350233803
555,both,0.5,7,atr,5.010238434357241,286.93050962052183,none,3.2355915939004065,283.24626094894614,960,150.0,0.0,off,150,state,off,off,1.0,0.9719297138597842,1.571033910617422,1.225890301546476,76.05693078140695,1636,264.98847006651886,5.089118129375885,True,-0.4954735423347049,-0.654297085429151,0.906433662898989,-13.027867754866696,679,-0.7740899167397512
555,both,0.5,7,atr,3.600190027315862,291.8876923911694,r,3.0460124038188936,305.05362675224677,960,100.0,0.0,200all,150,cross,off,off,1.0,0.16199119732067982,0.28175699092538303,1.2577334669836857,1.2359670482431269,31,5.021175166297118,0.84038093875895,False,-0.636250903346312,-0.7542816517499764,0.47105015439331505,-1.729155145510639,16,-0.6725305714028746
555,both,0.5,7,atr,5.883195029533863,169.10661289052052,points,7.525607134041874,287.21227613323913,960,50.0,0.0,off,75,cross,off,confluence,0.25,0.10178950234086127,0.1504331266434735,1.0795174485105086,1.5457425783339769,160,25.915742793791573,0.4904019265559564,False,-0.4769927684409707,-0.5976473169718852,0.7247249180204836,-3.4428896429983813,82,-0.6977287043936649
570,both,0.5,7,points,4.474925681986099,189.70534161696446,points,3.0361205290203492,277.6529696366572,960,100.0,10.0,200all,75,cross,off,off,0.25,-0.034865157187834166,-0.04672265586156429,0.9474511600971448,-0.16279095789768094,16,2.591574279379157,-0.10658007861340726,False,-1.2673968884724518,-1.2746768916643938,0.06741970805376067,-2.321718677714902,10,-0.9401854247827749
555,both,0.5,7,points,5.332284048152668,245.539583915022,r,1.663667812420051,318.28963175730655,960,50.0,5.0,off,300,state,off,off,1.0,0.3685637165355571,0.579530469861496,1.0842747962709443,20.321292560580297,1785,289.12250554323725,0.8865849745688219,True,-0.8395266312550693,-1.203994190827834,0.8347192509965948,-15.13809210091118,775,-0.7468086894147518
555,both,0.1,50,atr,3.9046253586250543,180.52998844551973,points,7.552558408731325,394.85016648601805,960,100.0,3.0,off,150,state,off,off,0.25,0.6868056656288756,1.1690109689725308,1.1446554083114455,41.4263744455843,1667,270.00964523281596,3.086802921315173,True,-0.25310054121027425,-0.4092767290164451,0.9535223494019577,-4.840674588310821,712,-0.36499454445500984
555,both,0.5,7,range,4.951190604205902,227.4325597384728,points,6.75561235291082,341.8845035890656,960,100.0,0.0,off,300,cross,off,through,0.25,-0.2808784113304749,-0.47447769503231885,0.7611358932203065,-2.071157798297208,71,11.500110864745011,-0.7611324827951242,False,-0.009101111214540542,-0.017576489266056042,0.9919889371925381,-0.031011034280458816,31,-0.01603016795346977
555,both,0.5,21,atr,5.964553777963555,189.1490504173592,r,1.050213182075024,295.1091693876899,960,100.0,3.0,200any,300,state,off,off,1.0,0.2656876826202277,0.38034295725259154,1.0624877544471834,15.220261093879632,1329,215.26263858093125,0.9310889521392429,True,-0.6445323632717961,-0.8732585339222015,0.8720750332750932,-11.880224249033247,562,-0.8211744817769574
555,both,0.5,7,atr,4.8427232273069185,96.32906200378392,points,6.36566333365062,290.97159917514796,960,100.0,10.0,off,150,state,off,behind,0.25,1.184454273114809,2.699600465980446,3.003916311548485,15.775495110544938,82,13.281818181818181,12.279940160636206,False,-0.9602355782247145,-1.122488408208296,0.43977071308900256,-4.371555304319202,38,-0.8893788272236862
555,both,0.5,7,atr,5.939294309562752,59.11888118529143,r,6.243332439294844,336.3934969448206,960,75.0,25.0,off,150,cross,off,off,0.25,0.5744109298489058,0.8691012331212371,1.1368021112920756,36.86899089779575,1720,278.5942350332594,2.399688410520291,True,-0.31361087393505205,-0.4311761517056123,0.9375425265742022,-7.039342129468565,737,-0.3363561131933763
555,short,0.5,7,atr,4.864588568229066,124.12403650804852,points,6.739696570431416,322.2379222967202,960,100.0,10.0,off,150,cross,off,off,0.25,0.10135009732188328,0.14355202072052178,1.0241220701380005,5.772053741560184,1236,200.1991130820399,0.282757947360825,True,-1.12475292782049,-1.4608992604255149,0.772136413214504,-20.57454324454143,512,-0.924435142591173
555,both,0.2,14,atr,5.187490781467128,165.0941025017953,points,2.4629272019519153,271.5096019577286,960,100.0,10.0,off,75,cross,off,behind,0.25,0.9310342138185311,1.8065657116011304,2.2548210980297148,12.307987780398708,79,12.795898004434589,9.61624715853709,False,-0.904810881531714,-1.0322223893227354,0.40061349075727654,-3.843130449448908,32,-0.9400242384914913
555,both,0.5,7,atr,4.0350332941428295,212.7336973280824,points,6.326752544234774,332.52834242917913,960,100.0,5.0,200all,150,cross,off,off,1.0,0.07720985663317236,0.1176830617991436,1.1111641660330507,0.570227856175312,31,5.021175166297118,0.34848945869403136,False,-0.03498947228644491,-0.05105557063495587,0.9603982467817773,-0.10497547543658603,16,-0.056784308323677875
555,both,0.5,7,points,4.495643060843419,218.94819634516696,points,7.353776378031811,360.64664186131006,960,0.0,3.0,off,150,state,off,off,0.25,0.7264898354205583,1.1371314709895168,1.1354774777108823,50.72317653635203,1624,263.0447893569845,2.9677897803832183,True,-0.3797334704048171,-0.5541292350657399,0.9399066508905941,-8.571014291737313,670,-0.5618302507720998
555,both,0.3,7,atr,5.75719808001769,290.57565193563005,points,6.430456864243208,341.13324185909204,960,100.0,5.0,off,75,state,off,off,0.25,0.7995705861518487,1.1768113798926256,1.1753035033769883,54.01861295145271,1656,268.2279379157428,4.0475460134975245,True,-0.18300670302901076,-0.25063210894903365,0.9647088563502237,-3.9351305748386594,713,-0.2361055859770033
555,both,0.5,7,atr,3.643114344348393,275.12705467057253,points,7.1441278476426024,361.31329616393896,960,100.0,0.0,off,150,state,cross,off,0.25,0.9145852964934741,1.4594731318483056,1.1979411316281339,57.23279772818789,1701,275.51674057649666,4.593914484359533,True,-0.5965906619439603,-0.8570661688973424,0.8937503260303249,-12.332387572668324,723,-0.5839746309756699
555,both,0.5,7,atr,5.767222188381681,294.3023732588514,points,3.338335231667366,249.70124594707548,960,100.0,5.0,state,300,state,off,off,1.0,0.17534884724624564,0.2339499806902821,1.040183205133378,9.82573474531772,1284,207.97383592017738,0.3890282366590566,True,-0.1813175173640434,-0.24063191266818237,0.9611271077628549,-3.2968301634765185,533,-0.3937657059354663
555,long,0.5,7,atr,5.7014288789869,169.50836097657978,none,6.6998353029072435,353.52232407223244,960,25.0,5.0,off,150,cross,off,off,0.25,-0.08371384085438106,-0.12307525805300593,0.9729361763699829,-3.4272036121380127,1260,204.08647450110865,-0.21216281695806877,True,-0.7003082079815711,-0.9395259666880709,0.7941020427780949,-9.293860776413162,549,-0.6549487359592651
555,both,0.5,7,atr,4.569237495929631,277.7895335493013,r,1.8905834828950188,369.06562730997615,960,100.0,0.0,off,300,state,off,off,1.0,1.0588558588327928,1.720493572629026,1.2497357357307792,73.46132683409034,1674,271.14345898004433,4.5119599880474714,True,-0.6104927381472247,-0.8373292259179538,0.8860200568986737,-13.798026799261406,718,-0.6465638641765983
555,both,0.5,7,atr,5.704828917351918,242.53234076881768,points,4.9384169408625915,373.56223648893194,960,150.0,3.0,off,150,state,off,off,0.25,0.9299757289362999,1.3639502330561522,1.2006697206646355,68.23278081566028,1636,264.98847006651886,4.047557852850774,True,-0.4511771556615054,-0.5747441921061777,0.9142945604715509,-11.865654303862218,679,-0.7064108418267957
555,both,0.5,7,atr,4.040202327735328,189.41136364048594,points,6.710281841192655,291.6353042751292,960,100.0,10.0,off,150,cross,off,confluence,0.25,0.6964245564818512,1.2280586116616696,1.5258779015415829,12.001008164114097,160,25.915742793791573,4.454939791615807,False,-0.5262401425492246,-0.6988951803930885,0.7601544101577646,-4.088702984825753,80,-0.818566680000029
555,both,0.5,7,atr,3.305050205155508,174.62701123816262,points,7.869935170265453,256.9807291070052,960,100.0,5.0,200any,150,cross,off,off,0.25,0.44776410236528763,0.7217878492472377,1.2652743843679155,9.244656251206006,216,34.986252771618624,1.8432680757513213,False,0.3029033930958224,0.460584783683934,1.1624328577594107,2.201336216099304,89,0.5433472831433869
555,both,0.5,7,atr,4.785310341374784,230.92682373351624,points,1.3777074231305575,243.16562011095925,960,75.0,10.0,off,75,cross,off,confluence,0.5,-0.1092054950632101,-0.1452883837782245,0.9472295311220502,-2.4637608666300728,282,45.676496674057645,-0.4281460540782731,False,-0.6049681598108506,-0.7537472671756993,0.761681074524815,-5.556390220282089,144,-0.7373520484051089
555,both,0.5,7,atr,4.277317963550139,282.67131650055677,r,1.518029030246463,283.0668178314563,960,100.0,3.0,off,15,cross,cross,off,0.25,0.7571050522039923,1.2074759016374277,1.1670789923472331,47.96848153730496,1702,275.6787139689579,2.7029304574750874,True,-0.5602711363690407,-0.8013898299748474,0.8958693068218021,-12.05045545290943,724,-0.5647057496654252
555,both,0.1,7,atr,3.5991942951246436,264.1789688677389,r,2.9756910906506038,365.8133856960858,960,100.0,0.0,state,300,state,off,off,1.0,-0.11939224325418044,-0.18377792569161752,0.9735054707115945,-7.258247220680088,1396,226.1148558758315,-0.2342161763864989,True,-1.063979020968341,-1.469683308566198,0.797399144978429,-20.283037378778204,570,-0.8721042523805501
555,both,0.5,14,atr,4.978638332064904,290.9313474871866,none,4.393500747399555,358.91969136021896,960,100.0,3.0,off,15,cross,cross,off,1.0,0.6843510069382096,1.1443759131144395,1.1575459108693382,45.44176157476242,1693,274.22095343680706,2.285152059555957,True,-0.7074020852673804,-1.0229102460426702,0.8673002530106393,-15.197101823773382,722,-0.7435113868938703
555,both,0.5,7,atr,3.217340234878808,252.8466787977103,points,4.055881639162942,369.8964066626498,960,100.0,10.0,off,300,state,off,through,0.25,-0.3369204190548507,-0.48883693741796347,0.7440481093913219,-3.4330258193336647,78,12.633924611973391,-0.857260617622042,False,-0.169825890540004,-0.25251155990128293,0.8895157610791558,-1.0552775843146975,42,-0.2635975941767039
555,both,0.5,7,atr,4.055267615208757,273.2696478336407,r,0.6983375543696606,259.8331974805465,960,75.0,0.0,off,300,state,off,off,1.0,0.646767295885092,0.9184923425752713,1.1336126050668804,35.33183175711529,1733,280.699889135255,3.342967373148633,True,-1.1516361022879458,-1.4352173787166616,0.8032736121568214,-22.35898579592444,737,-0.9114915172087765
555,both,0.5,7,points,3.4943476543899608,151.91030584157235,points,5.4891401368731225,220.44595023807693,960,100.0,10.0,cross,300,cross,off,off,0.25,-0.3028347416165895,-0.45065576731009177,0.914461842926281,-8.82096714255464,574,92.97272727272727,-0.4854390127721218,False,-0.2323831760443258,-0.3480804173245017,0.9414009347749529,-2.524593468915405,286,-0.39709816923956964
555,both,0.2,7,atr,3.012337817609276,237.61218027340584,points,6.756089913581118,369.88990244144554,960,100.0,0.0,off,150,cross,off,off,0.25,0.6299302924161938,1.0176134180283325,1.1311487188305935,39.08184741007253,1654,267.9039911308204,2.029009547312618,True,-0.528061410469741,-0.7859487235075281,0.9054646182010693,-10.637094297520914,701,-0.6096195335372728
555,both,0.5,7,atr,4.085286678308326,211.65417027557226,r,1.119340082456757,353.72747062162273,960,100.0,0.0,off,30,cross,off,off,1.0,0.7975100888656727,1.1950898320592966,1.169256271321343,49.8144470112088,1678,271.79135254988915,3.145741083168722,True,-0.3660689790768064,-0.5065429526527567,0.9329136807804929,-8.090261887262715,718,-0.4942214369189029
555,both,0.1,7,atr,5.788649479402629,231.8655932898633,points,3.2387507229601495,274.48558446298335,960,100.0,0.0,off,30,state,off,off,1.0,0.5276536292701567,0.7377644648832798,1.1090847722263109,34.586450733144574,1648,266.9321507760532,2.0773597046809207,True,0.15582508644410958,0.21425529160523013,1.0303450468034372,3.385424107522173,699,0.2775216360185611
555,both,0.5,14,atr,4.379134426912049,294.70191992421155,r,7.512965954888284,394.7743716214945,960,100.0,5.0,off,150,cross,off,behind,0.25,1.053262944287347,3.0546531527033385,3.1094866257845997,17.222070736077697,75,12.1480044345898,16.883960835970846,False,-1.2586376151760814,-1.4135835032453066,0.3066548405600833,-5.114139717204682,33,-0.9190236061527808
555,both,0.2,7,atr,4.135860670007744,246.98454683680288,none,2.969787923694503,256.96295369746525,960,100.0,3.0,200any,15,cross,off,off,0.25,0.36592173852118165,0.7438431229417583,1.456720963666846,5.363612245625303,79,12.795898004434589,1.64164052393012,False,-0.20274873195579218,-0.29503404971474523,0.8321734642095268,-1.200390398363861,33,-0.24935783886105353
555,both,0.3,10,atr,4.965232325108173,141.6980235069553,points,7.348438118060426,323.1427483230832,960,100.0,10.0,cross,150,cross,off,off,0.25,-0.23038398795439527,-0.3231799577782298,0.9105929227108511,-7.235371596500503,406,65.76119733924612,-0.4286498322442529,False,-0.1560541140391281,-0.21027459221784242,0.9456190094129614,-1.850415350411152,193,-0.2875426851438529
555,both,0.5,21,atr,3.177213125640281,191.42382649765295,points,6.992485025901757,210.31709110688607,960,100.0,5.0,off,150,cross,cross,off,0.25,0.41420370109026966,0.6174592697321314,1.0764673071869095,21.89024742140137,1729,280.0519955654102,1.438214539118483,True,-0.9703975783044281,-1.343094539203972,0.8483440478613885,-16.99748065721674,736,-0.8246924128175736
555,both,0.5,50,atr,5.030015582479496,190.45826267289675,none,4.115433199344855,272.98392529549676,960,100.0,10.0,off,75,cross,off,off,0.25,0.5146292629160732,0.83511743238297,1.1148291821012912,35.24348040742383,1666,269.84767184035474,1.6157522819726244,True,-0.5700716690455375,-0.8550759596658946,0.897098573985416,-11.915774781569334,718,-0.6925456882312201
555,both,0.1,50,range,4.406150771999389,273.9344139956717,r,4.099882380601969,321.23289112816565,960,100.0,0.0,off,150,state,off,off,1.0,0.25031868066841734,0.48400132781199895,1.0550590669379498,11.31843843197186,1698,275.03082039911305,1.0775878241218977,True,-0.9308274119975456,-1.5374989941659156,0.8275172039894583,-14.142462639553777,706,-0.8747888277703137
555,both,0.5,7,atr,5.0972132025490895,94.10534720294505,r,4.810980357768958,361.40355211043754,960,150.0,10.0,off,75,state,off,through,0.25,-0.06581765471377887,-0.10172296960168814,0.9433588862942507,-0.8859033636098955,78,12.633924611973391,-0.1737038851824927,False,-0.22485330660523667,-0.30139486357096845,0.8549816253314861,-1.5021666130709892,42,-0.4640673700793702
555,both,0.5,7,atr,3.9715804009952387,106.14008346169591,points,7.729571597804659,343.72047387217697,960,100.0,0.0,off,150,cross,off,off,0.25,1.0577822872398426,1.6453639240507445,1.2302692831342463,68.0286645042745,1674,271.14345898004433,5.560969668281876,True,-0.5935343810136217,-0.8155430607973418,0.8929519722635209,-12.87978304660911,718,-0.5850185082582354
555,long,0.5,7,atr,4.639620394648357,236.64021563010186,none,3.484436814916204,238.24343218313606,960,100.0,3.0,state,15,cross,off,through,0.25,0.3833673350000193,0.5558462899524101,1.119725202706553,15.64064416333189,752,121.80399113082039,1.2205298776660345,True,-0.282821630536998,-0.3756182105357803,0.9211329161111432,-4.33827121137579,321,-0.3364696265680067
555,both,0.5,7,atr,2.6440751204093536,95.99533076370028,points,7.78437755908192,349.49990025659724,960,100.0,0.0,off,150,cross,off,off,0.25,0.7483340867766999,1.2144254422961,1.154670815368305,45.6027236528322,1694,274.3829268292683,2.3744141841683004,True,-0.8583072658954467,-1.2521544620052556,0.8554751110967889,-17.134627556419918,727,-0.7981535975431455
555,both,0.5,10,atr,4.651938253149067,288.0893124510202,r,1.0690865503086155,379.90023414224976,960,100.0,0.0,off,300,state,off,behind,1.0,0.05871836042722069,0.09216369485855841,1.0309132163688441,1.4657329728139414,237,38.38769401330377,0.17980862600887446,False,-0.49825388395150116,-0.6612886773936848,0.8047264786335323,-4.324040193975182,131,-0.7021615712820323
555,both,0.5,7,atr,5.993145048879322,126.81892238689532,points,7.234454238253498,270.8236019789708,960,50.0,10.0,state,15,cross,off,off,0.25,0.1903313037048702,0.25711064265496636,1.0498301334367008,9.041422577683296,1285,208.13580931263857,0.57369194525621,True,0.09723018980803262,0.1324292459110612,1.0252391774779022,1.4798464684354347,535,0.27476764209737753
555,both,0.5,30,atr,4.467653912802984,212.66825037125085,r,1.0173863142362283,294.2088800722993,960,100.0,0.0,off,300,state,state,off,1.0,0.09384893386584105,0.13550771518615934,1.0180675332715916,4.345276719350622,1814,293.81973392461197,0.2445992798530616,True,-0.865256580196636,-1.1908996159781544,0.8572570438536377,-12.91308712203067,755,-0.8159847593526943
555,both,0.5,7,atr,3.3192146642064486,242.98042873352279,r,2.4511534593853086,387.44160558104886,960,100.0,0.0,off,300,state,off,through,1.0,-0.07242604076116567,-0.11222578171644448,0.9668356211543585,-1.7368012286040724,306,49.563858093126385,-0.25917918763492004,False,0.1914926627274977,0.2903565092064854,1.0853254493041897,1.8729572783131363,146,0.398783124367661
555,both,0.5,21,atr,4.583989883976899,112.87472918458027,points,3.010157441590888,301.19944918939075,960,0.0,10.0,off,75,state,off,off,0.25,0.3582339909236473,0.49505250877866985,1.0685672815967808,27.08693009671713,1606,260.1292682926829,0.756138633493673,True,-0.16746955228021995,-0.2323125464762152,0.9718472137289896,-3.959058093392457,660,-0.3804577848812063
555,both,0.5,7,atr,4.805714459330877,116.11971551047807,points,7.377806231779269,236.9917826317209,960,0.0,10.0,off,150,cross,off,off,0.25,0.756499440204397,1.0149109087119277,1.149099444416248,55.663798282097204,1611,260.9391352549889,2.7186344735136254,True,-0.22201034636264586,-0.2790278460991551,0.9610654109241012,-5.6185020232385305,658,-0.42042896395383655
555,both,0.5,7,atr,4.0991841299745415,294.3683334048297,none,2.4849868955301044,266.40438383241553,960,100.0,3.0,off,15,cross,off,off,0.5,0.9481024738247998,1.5714768282526497,1.223963485078715,65.75059910224594,1674,271.14345898004433,4.143261327582446,True,-0.6222173040987262,-0.8830311727828499,0.8819574556751951,-14.124868094467178,719,-0.6729260078232508
555,long,0.5,7,atr,3.8529480239411265,255.7246503701921,r,5.182642073318258,322.5860400536579,960,100.0,25.0,off,300,state,off,confluence,1.0,-0.31182108012554743,-0.43109021596052427,0.8682226437373712,-8.026425118069756,310,50.211751662971174,-0.784210963389553,False,-0.42856393276753907,-0.5745352660764586,0.8470416112388844,-4.425610209790573,164,-0.4663230488404684
555,both,0.5,7,range,4.769393794735983,208.78430566766264,points,6.054254563919259,372.4925545055728,960,100.0,3.0,off,150,state,off,off,0.5,0.6538813527214313,1.1752563164320249,1.1373259015352546,33.9397459515997,1983,321.1932372505543,2.702479099147005,True,-1.0474205879210103,-1.6145916934095719,0.8232205803396775,-17.38702431597558,852,-0.9309227453366614
555,short,0.5,7,atr,5.1210144777276785,153.59111686473665,points,2.2344776221229337,306.70882481360724,960,100.0,3.0,off,75,cross,off,off,0.25,0.044694826710399795,0.06282272926763022,1.0105574403409583,2.5234513219643624,1236,200.1991130820399,0.1024331274735362,True,-1.1247799813125918,-1.4642682482955203,0.7710550247290137,-20.452295486853743,512,-0.9280878054277816
555,both,0.5,10,atr,4.020382915724739,240.09822703126346,points,7.285051813649676,393.37782777594913,960,100.0,3.0,off,150,state,off,through,0.25,-0.3711230401809187,-0.5336460466265672,0.6802431140797077,-3.5982085658926124,60,9.71840354767184,-0.8764341040531932,False,-0.35512079449070594,-0.49589139605880816,0.7765285553968262,-2.213923363701618,40,-0.46494719097058407
555,both,0.3,7,atr,3.5847768267433775,243.88816024305737,points,6.6385079179500845,168.126510051461,960,100.0,5.0,off,15,state,off,off,0.5,0.5713308370761147,0.7785958061296263,1.106861960520999,31.88363492900826,1660,268.8758314855876,1.8678535068750128,True,-0.5403402810588125,-0.6939701562204421,0.9132822215571356,-9.952623485675172,715,-0.7075495459209058
555,long,0.5,7,atr,4.790798494969598,197.05085467765954,points,4.967891952587651,311.67343090304445,960,100.0,0.0,off,150,cross,off,off,0.5,0.7068329319323272,1.0157859915697907,1.1748022801466838,38.78460001239195,1260,204.08647450110865,2.6011548276053076,True,0.38640610281548243,0.5519987562658095,1.086294298235129,7.128384425407951,549,0.8235552050105586
570,both,0.5,7,atr,3.8912354527413373,254.4331943605802,r,1.521492980470647,375.44980301939364,960,100.0,0.0,off,15,state,off,off,0.5,0.7089677218816444,1.0882091305813184,1.1548320595591848,46.47167185371938,1679,271.9533259423503,2.512534049847149,True,-0.22991196107517958,-0.33179146268290305,0.9560834029299053,-5.078313540576132,714,-0.3703668005351582
570,short,0.5,7,atr,4.819131167019089,275.52366181471956,points,7.627978027688549,382.95772708994167,960,100.0,5.0,off,150,cross,off,off,0.25,0.19810826978305776,0.2920599021176106,1.0501839957064656,11.277846102765974,1187,192.26241685144123,0.5089124408249671,True,-0.8180729441409149,-1.0913472927501084,0.8155260912012339,-14.561330580846231,477,-0.8798526713078803
555,both,0.1,7,atr,2.6532239998691938,246.8361634351931,points,4.262976857358858,233.1096896914048,960,100.0,10.0,off,75,cross,off,off,0.25,0.45196465692083576,0.6913194000243694,1.0847222630535118,24.49339791748934,1654,267.9039911308204,1.338673473481593,True,-0.0295459757509731,-0.04310225057934711,0.9948848644047114,-0.5437992297216336,705,-0.04237228495882916
555,both,0.2,7,atr,5.018971173020703,277.49786986592034,r,2.9183751801606554,377.47232489360124,960,100.0,5.0,off,150,state,cross,off,0.25,0.46570793149307527,0.7438763593786363,1.1049515617588335,31.05673099127949,1667,270.00964523281596,2.191040449595362,True,-0.4094206031077439,-0.598954634358507,0.9202613669222467,-8.875770670536333,706,-0.5142340319000035
555,both,0.5,14,atr,5.565690872162179,294.72035468453913,r,2.4102821966844488,347.6648790074746,960,100.0,0.0,off,15,state,off,off,1.0,0.8504663963497283,1.3644648529171546,1.198257980381824,58.99339822959497,1667,270.00964523281596,2.999496869267828,True,-0.7493372110074656,-1.019168951663668,0.8603049014278336,-16.733110298689198,716,-0.7469055073801789
555,both,0.5,7,range,4.52228382399601,294.749322798803,r,1.9230759592622426,240.99311034927928,960,100.0,0.0,off,150,state,off,off,1.0,0.44762290128453325,0.7293720948804537,1.0850783892245268,20.630654993042572,1997,323.46086474501107,2.443083428143763,True,-1.251714855733375,-1.769085370939051,0.8089474579049137,-18.8031735629014,853,-0.9225737570379038
555,both,0.5,7,atr,3.8667219901124263,133.94595025172572,points,7.932064532853115,392.14318127027093,960,100.0,10.0,off,150,cross,cross,off,0.25,0.7983704676932281,1.2765138862798122,1.1727247555948856,49.72223715912233,1702,275.6787139689579,4.105661737309952,True,-0.5424933941214541,-0.7732307531167057,0.9018490017827666,-11.336429289808404,725,-0.5586714939820902
555,both,0.5,7,atr,5.060161312456102,168.20102756270657,points,1.1169171035742944,138.6341461094078,960,25.0,10.0,state,75,cross,off,off,0.25,-0.6027436841247258,-0.7315598237924902,0.853467271274698,-21.003379185733948,1294,209.59356984478936,-0.7806010785952023,True,-0.42794008418595053,-0.517952317073044,0.8936509332278069,-4.627874182157523,542,-0.5683421799026785
555,short,0.5,7,atr,4.329605997818646,255.10358381229028,r,0.62135719561271,387.3007201372532,960,100.0,0.0,off,300,state,off,off,1.0,0.04250913771230603,0.05707744224397005,1.0094309161607187,2.1752501216847318,1236,200.1991130820399,0.10220799458807528,True,-1.2117084687654616,-1.5025303464361635,0.7720484165198138,-20.352882221676982,512,-0.939253160800697
555,both,0.5,7,atr,5.009948697199137,215.4719740467151,points,6.994147667011999,246.48634742579918,960,100.0,5.0,off,300,cross,off,behind,0.25,1.1391009898816327,2.436823203349584,2.822942242875875,14.500470430481217,82,13.281818181818181,10.91291225577369,False,-0.855000902906123,-1.021224314692132,0.4891367384204921,-4.046141952105634,38,-0.8985010604567211
555,both,0.5,21,atr,4.459381182273885,285.31554679920407,points,6.6869352272948515,282.01976674349316,960,75.0,5.0,off,150,state,off,through,1.0,-0.17057362140898424,-0.24555730771840675,0.9126705548503626,-3.2475164772803033,239,38.71164079822616,-0.5074208507625176,False,-0.36943049766437525,-0.5093081554126644,0.8302905443660333,-2.614179451916082,106,-0.47135694243575277
555,both,0.5,10,atr,4.607931008045305,183.95145676048233,points,4.844880273723577,307.1700608946712,960,100.0,10.0,cross,75,cross,off,behind,0.25,0.09827528260678252,0.14154108680840327,1.0431741687253608,2.7479262858693305,348,56.366740576496674,0.3168694616756122,False,-0.5050457007130458,-0.6609713049107426,0.8197373539661661,-5.191880873543236,165,-0.6576854914845004
555,both,0.5,7,atr,4.845769257041975,268.37501688970906,points,5.639818577131068,311.9582332694641,960,100.0,10.0,state,150,state,off,confluence,1.0,0.41282441181359875,0.5907550349118703,1.0941443819715155,24.444082745360653,1380,223.52328159645234,0.9872240122436159,True,-0.6138551720472677,-0.7978874018999471,0.8773290530502902,-12.014884334706355,592,-0.7903179943885874
555,both,0.0,50,points,4.300157086262411,146.58882144364827,points,6.959738639134209,225.10729309107998,960,100.0,5.0,off,150,state,off,off,0.5,0.3773158578902589,0.5766023252963635,1.067776398043875,19.29476005945115,1664,269.52372505543235,1.2117142008633957,True,-0.6755035882034741,-1.0001666348146883,0.8927547394204846,-11.467894720020357,714,-0.8380683447654929
555,both,0.0,7,points,3.807340507041526,185.2778230668764,r,1.7360786553177212,378.33817994428017,960,100.0,0.0,off,300,state,off,off,1.0,0.4196833651797609,0.6557124937471858,1.0811425524774092,24.636752916536242,1653,267.7420177383592,1.4417567478671982,True,-0.009333057261799232,-0.014535601737667348,0.9983251399882724,-0.18062387103963928,701,-0.017713498031222213
555,both,0.5,7,atr,5.165985546686202,122.00998072366058,points,5.666282895216425,362.95355143953265,960,100.0,10.0,cross,150,cross,off,off,0.25,-0.07197342190292176,-0.10264594259683114,0.9697700978252612,-2.1517453909578936,397,64.30343680709534,-0.1312319560399169,False,0.09475227991012332,0.13220448359086345,1.0351627448296672,1.1101359836591445,199,0.20623737373823445
555,both,0.3,30,atr,5.4201872576106345,119.55772477321973,points,7.861061714236625,342.58279794685853,960,100.0,0.0,off,150,state,off,off,0.25,0.6488098912241423,0.9938488074787873,1.1351962645987865,42.13984218122125,1652,267.580044345898,2.3123325153240377,True,-0.48471052208287435,-0.6932781236237217,0.9128425830287461,-10.062990003076486,703,-0.590792510837372
555,both,0.1,14,range,4.277267560472023,278.4349822123862,none,4.219608365232284,290.65839553718246,960,100.0,3.0,off,15,cross,off,off,0.25,0.6172033401417281,1.3717858860616148,1.155252764674353,32.05285541857661,1715,277.7843680709534,3.266604559660283,True,-1.2374449464570803,-2.0175571716983036,0.7724020066018611,-18.5387638385749,709,-0.9111192460842866
555,both,0.5,7,points,5.086763147123147,172.2881576626567,points,7.225089944826395,216.42821723560346,960,25.0,5.0,off,150,state,off,through,0.5,-0.040325281410671016,-0.060900739983813665,0.9693374717304409,-0.42978606281646536,156,25.267849223946783,-0.13525059750857607,False,-0.1246494330018085,-0.19693884658586305,0.921370516923983,-0.4998928710803792,78,-0.20524470233649017
555,both,0.5,10,atr,5.342484090941237,134.91611103213182,points,4.462102567726529,372.031854892199,960,100.0,10.0,off,15,state,off,off,0.25,0.9193051290844589,1.3790049335235721,1.2040469932614462,60.426129773183796,1672,270.81951219512194,5.511718539925372,True,-0.4833481189712176,-0.6504946362597108,0.9095026531607849,-10.694272735142079,717,-0.6156410229946044
555,long,0.5,10,atr,4.825328261624285,172.00698526753067,points,2.5994522195307344,101.9171324103359,960,100.0,10.0,off,75,cross,off,through,0.25,-0.16009158160221074,-0.20073768876915032,0.8343061505906514,-0.86599254001194,30,4.85920177383592,-0.3663634403936757,False,-0.379696950431939,-0.4173948016242579,0.6706025546361161,-1.392994920048292,18,-0.6302958532068712
555,long,0.5,7,atr,4.171848527054561,73.54898230022948,points,5.8825022976578,364.8362568435391,960,100.0,0.0,200all,150,cross,state,off,0.25,-0.033238887469233425,-0.04607489450879462,0.942632965978175,-0.18161030809952178,18,2.915521064301552,-0.1309184643489879,False,-0.3482807396289,-0.4284886538992712,0.5717282723584162,-0.7322472207840477,7,-0.5900434784235405
570,both,0.2,7,atr,3.406576038801971,156.79629805801184,points,1.6218510125445083,154.43016155327297,960,100.0,10.0,off,75,cross,off,off,0.25,0.6129216929288827,0.8388688600541291,1.112528652411705,33.45126807571527,1675,271.30543237250555,2.8295661816031643,True,-0.7966395634142444,-1.001995306001352,0.8761347865418918,-14.398416124856464,713,-0.8339816558664085
555,both,0.1,7,atr,4.06481678109602,142.32605852886263,points,7.576817615529104,346.12140247678366,960,100.0,5.0,off,15,cross,off,off,0.25,0.6217250181273402,0.9417950824671473,1.1302466354671648,40.160182041352,1650,267.2560975609756,2.938402573775978,True,-0.19517569411231322,-0.2734542750000729,0.9629440777760029,-4.108232844615781,700,-0.2810398964815075
555,both,0.5,7,points,5.80702606736034,243.74536856773275,r,4.223019176443382,323.412884834451,960,25.0,0.0,200any,150,state,off,off,1.0,-0.4662631964197926,-0.7431650477394938,0.8675836565501593,-19.27918117252792,1309,212.02317073170732,-0.5942583600138538,True,-0.2809945525253543,-0.45902031892855344,0.920156249058302,-3.8079064512344,560,-0.5451502049933561
555,both,0.5,50,atr,3.8662389172232805,220.60632264752758,points,7.455771452379446,327.89022910782086,960,100.0,5.0,off,75,state,off,off,0.5,0.5482283691607386,0.876455172057143,1.1101602835993214,32.891567431452124,1692,274.0589800443459,2.578191818461417,True,-0.5383985114251114,-0.8225750001048645,0.9078102144716271,-10.050890240613978,731,-0.7170165814624108
555,both,0.5,7,atr,4.795418703795511,170.7981609845982,points,7.663363774595744,368.1803119428755,960,100.0,5.0,off,150,cross,off,off,0.25,1.0977633385208374,1.678891943275833,1.2479270667064075,72.74333840285723,1674,271.14345898004433,5.751777562929045,True,-0.5515169346809109,-0.743872100175002,0.8969852720744155,-12.269892793283791,719,-0.5771432900503531
555,both,0.5,7,atr,5.248781666045635,222.3265567247816,none,6.950141959478106,113.89984788985132,960,100.0,3.0,off,150,state,off,off,0.5,1.0059241281404776,1.6212927100612318,1.2428511334159125,71.35329638151607,1674,271.14345898004433,4.3862782444097554,True,-0.4313632073599687,-0.6066828215362933,0.9153716765648305,-9.958765527529055,719,-0.5184226935892672
555,long,0.5,7,atr,4.503403908175171,208.4923596120951,points,5.173562229373669,306.2131751749056,960,75.0,5.0,off,150,state,off,off,1.0,0.6610538298019271,0.9648296481220126,1.1703226836355618,32.67609618382214,1260,204.08647450110865,2.342767029819954,True,0.13564049632173927,0.18900006316972293,1.031506159255293,2.4200856486913187,549,0.36790201294616615
555,both,0.5,7,atr,3.3093897254342926,218.94018510983136,none,6.849964561119676,124.84272366206531,960,100.0,3.0,off,150,state,off,off,0.5,0.9593568097410888,1.6534223584422059,1.224374710964726,64.73054269735205,1675,271.30543237250555,3.28929514946321,True,-0.6488238251444747,-0.9611142982486232,0.8795669893392264,-14.099122194694754,720,-0.668188894599539
570,both,0.5,10,atr,5.217719608906127,186.69524845818086,points,6.004853995811793,312.08572814408836,960,25.0,25.0,off,300,state,off,off,1.0,-0.4293526173638683,-0.5687928700976451,0.9053543327216155,-19.076159667980605,1903,308.23536585365855,-0.6298423492203828,True,-0.15521445641187648,-0.20816555650382068,0.9656143035077834,-2.2040966442784353,811,-0.2304666502413929
555,both,0.5,7,atr,5.597567891234851,97.1232258108811,points,6.584150737331991,397.2264509341609,960,100.0,25.0,off,300,cross,off,off,0.25,0.8992192276773864,1.3216111060179903,1.200957042917531,59.433362416334184,1676,271.4674057649667,4.7143498078624315,True,-0.11177966011351684,-0.15245806861003286,0.9788058000710734,-2.5004906734735837,720,-0.13739099576525854
555,both,0.5,30,atr,5.85124137760448,237.43514300040343,none,6.104431666733822,222.43951551548668,960,75.0,3.0,off,150,state,off,off,0.5,0.5651276590536267,0.9226271236850122,1.1367015208484321,36.932643434258544,1701,275.51674057649666,2.054782780050445,True,-0.6473033880019929,-0.9441002260487452,0.8745532050505626,-13.551778735664277,722,-0.8230607071335856
555,both,0.5,7,atr,5.021129955254181,252.9111284214889,points,4.482154905418943,350.5244604177713,960,100.0,5.0,200all,75,state,off,through,1.0,0.2973831940742173,0.4267192216876199,1.0716609348226651,17.62623773122148,1294,209.59356984478936,1.0109020847080776,True,-0.0786145515179772,-0.10633352151058993,0.9825895196985456,-1.4933884004504758,555,-0.15217079167999525
555,both,0.5,7,atr,5.489775919857724,135.58626165736808,points,2.7277079737375436,382.964341749654,960,75.0,10.0,off,300,cross,off,off,0.25,0.7893862653617709,1.1792103540165415,1.184512716900392,49.42073447850522,1719,278.43226164079823,3.519545355710538,True,-0.45105259802455633,-0.6094557941053498,0.9115593489189197,-9.912036787523485,737,-0.44852505575192486
555,both,0.5,14,atr,4.588873604905194,196.0508442306448,points,4.441403543034248,223.34367402791878,960,100.0,3.0,off,300,state,off,off,0.25,0.862094425106991,1.2372462534176667,1.172222837286472,50.446305349439,1667,270.00964523281596,4.302513188723362,True,-0.860329915500395,-1.115280983670651,0.8549406195873751,-17.463963925070107,717,-0.8260047626505261
555,both,0.5,7,atr,5.460733474385105,92.41104711751785,none,6.308738852428497,200.19237911867558,960,100.0,5.0,off,150,cross,cross,off,0.5,0.7320268443173267,1.1924040423760842,1.1709091345498375,50.30809376403198,1701,275.51674057649666,2.935594995473899,True,-0.579271645895974,-0.8313278595368842,0.8898608200727522,-12.916822894095842,724,-0.6354296382447817
555,both,0.3,21,atr,4.806263729556822,167.19490386777971,points,3.3579651768268333,341.14113868392184,960,100.0,10.0,off,75,cross,off,off,0.25,0.7860708988832111,1.218924981490965,1.165649367665989,50.04336596253104,1655,268.0659645232816,3.0336673979855773,True,-0.5466404961211192,-0.7724968142515101,0.9029670449966438,-11.084251162543506,712,-0.6490281692415572
555,both,0.1,7,atr,4.335687449577307,205.24710772401863,none,5.919511939901875,135.01403759393838,960,100.0,3.0,off,150,cross,off,through,0.5,-0.3853307283500415,-0.5421678207807109,0.768716017636704,-8.862864017176017,173,28.021396895787138,-0.641528882322907,False,0.23857364582240295,0.35330239353165055,1.1454230175763245,1.751499181557529,78,1.1207108152529341
570,both,0.5,30,atr,4.908354568229089,268.3656592293934,r,0.8322859762325645,395.5624922683065,960,150.0,0.0,off,300,state,off,off,1.0,0.24854773277530254,0.3471521003873739,1.046771671359554,16.08961969277071,1657,268.389911308204,1.1009483630198518,True,-0.6057585794035226,-0.7776445984893863,0.9038486163366408,-12.613736379015377,687,-0.7776536397185945
555,both,0.3,7,points,4.9905381563231614,222.4771053241577,points,7.913610376190137,358.49219498411173,960,100.0,5.0,off,150,cross,state,off,0.25,0.009355075825078859,0.014859326437758873,1.0018510478171407,0.4556494067079715,1790,289.93237250554324,0.022203116977487145,True,-0.659492256421173,-0.9918220125710476,0.8816838231784592,-10.62166593360792,758,-0.7873673302673462
555,both,0.0,7,atr,3.8043765445159576,209.65912833292347,points,4.706579367143516,394.20653647228863,960,25.0,5.0,off,150,state,off,off,0.25,-0.1785794129328674,-0.2772276674567571,0.9556979956524126,-8.143450471599065,1757,284.5872505543237,-0.2687253138295445,True,-0.6994991330580551,-1.0186003684936393,0.8326875911351242,-10.591168165085293,756,-0.7026272428299333
555,both,0.5,7,atr,4.593983344043884,260.61769324616046,points,6.698235002332183,388.9156364637021,960,100.0,25.0,off,150,state,off,confluence,0.25,0.743589529284228,1.3239119166020101,1.5973298431119782,12.985304140387044,160,25.915742793791573,5.316679722970709,False,-0.4072728241888107,-0.5464087762302497,0.8065569564427467,-3.3012599025243077,80,-0.7547996886819995
570,both,0.5,10,atr,5.391372112227204,102.92993756619391,points,6.688905726301204,393.06887694127477,960,100.0,0.0,state,150,cross,off,off,0.25,-0.009765237727352372,-0.013413513828788881,0.9976456538442683,-0.576939522820707,1262,204.41042128603104,-0.022100543177671805,True,-0.5296153102501702,-0.714824398809684,0.8833741043877502,-9.526624727601506,517,-0.7772801017815505
555,both,0.5,7,atr,3.6442258548755317,257.3608461563623,points,7.387802473211014,399.62531406299206,960,100.0,5.0,state,300,cross,off,off,0.25,0.34663711803543507,0.5317393461818682,1.0819975004511244,19.472882515713952,1284,207.97383592017738,0.7542667206073798,True,-0.7021615337823529,-0.9686136274335351,0.8570302534283943,-12.850778479251447,533,-0.8272601027449575
555,both,0.5,50,atr,5.238001837610737,224.7921597851974,points,5.744840299329138,314.75964512310327,960,100.0,25.0,off,300,state,state,confluence,1.0,-0.1943728999177313,-0.3043341638780324,0.919151031882537,-3.663206497573121,370,59.930155210643015,-0.5231714193912639,False,-0.3803488718773476,-0.5556563185627216,0.8521126539626817,-2.5205552345172593,168,-0.5188398207269196
555,both,0.5,7,atr,5.594586566392177,131.4922134251007,r,5.921306364024536,324.5090690175384,960,100.0,0.0,200any,30,state,off,off,0.25,0.07102903005912461,0.10390309832700656,1.017663781339341,4.4368426343841545,1299,210.40343680709535,0.2043435617616596,True,-0.4571485263637946,-0.6476412169593936,0.8993292475587156,-8.923523893211527,550,-0.8082109681339731
555,both,0.5,7,atr,5.5169980472308895,170.24385752224526,points,7.790663299745549,360.38689553147805,960,100.0,3.0,off,150,cross,off,off,1.0,1.1051737038823728,1.6583710831666247,1.2517966469964477,74.46749263958117,1674,271.14345898004433,5.086045031234973,True,-0.5081308166730576,-0.6824652296673603,0.9040544558980395,-11.386579561256664,719,-0.5307876795056873
555,both,0.1,7,points,4.385193868502382,140.98007370748783,points,7.698730896641797,292.67919864687747,960,0.0,0.0,off,150,cross,off,off,0.25,0.25056426091399103,0.4044994574296439,1.042792184619943,14.846854718599136,1642,265.960310421286,0.7533899330804573,True,-0.0735192878068922,-0.11689759657222729,0.9884443273403599,-1.4720413250711344,686,-0.12759310235676408
555,both,0.5,50,atr,5.0244330131683155,250.58578675067673,points,7.188005996151296,337.7976644525172,960,100.0,3.0,off,150,cross,off,confluence,1.0,0.021351765722177247,0.03336508991831647,1.0089485858200784,0.5583539267892581,356,57.662527716186254,0.056553386082818104,False,-0.4551376660697344,-0.6409557848649513,0.8344142951992735,-4.017285153380551,164,-0.7262857919080928
555,both,0.5,7,atr,5.264924007789504,149.6443363354204,points,7.984438270668678,342.34763984340816,960,100.0,3.0,state,150,cross,state,off,1.0,0.40585070427827347,0.6174757163360306,1.0960851292355207,21.580453869096736,1292,209.26962305986697,1.4374961112041618,True,-0.5112437530554841,-0.722119484388383,0.8944180980004444,-8.83344472903319,533,-0.712720237055051
570,both,0.5,7,atr,4.52252211986004,280.29645581792,points,7.538063854653521,358.35121772026486,960,100.0,3.0,off,150,state,state,off,0.25,0.32814366150026925,0.5021680774888974,1.0693737895827886,17.059173900555805,1857,300.7845898004434,1.1690173171975415,True,-0.9074299557213376,-1.2679803153298093,0.8381081556807368,-15.533027893180275,770,-0.8364466070145914
555,both,0.5,50,range,4.678671800060395,164.63044490713042,r,5.9560230363818585,365.50139323254734,960,100.0,0.0,off,150,cross,off,off,0.25,0.20596700189100597,0.3750117057761074,1.0442227297072013,10.385684308789951,1879,304.34800443458977,0.6582734977026131,True,-0.9731462280635201,-1.5694416818132115,0.8251411301865256,-15.624220327754365,773,-0.9002305935672442
555,both,0.5,14,atr,5.549606236668043,200.98062176799687,none,5.200791976851157,292.9811729513459,960,100.0,10.0,off,150,cross,off,through,0.5,0.0641029773906314,0.10018425767479769,1.0490157466646204,1.1780558936626182,137,22.190354767184036,0.18055830857564487,False,-0.3365833661207581,-0.44128468038411744,0.8058266623510583,-2.381386592358005,62,-0.7962196135125029
555,both,0.1,7,atr,4.238484970752519,246.313273373876,r,2.230890799371455,390.270927628006,960,100.0,0.0,off,75,state,cross,off,1.0,0.414356173190376,0.6681488049029511,1.0906965166239835,26.886357981325155,1656,268.2279379157428,1.8296126553435612,True,0.01025435762058208,0.01562681437779622,1.0020540739722132,0.22096312348405256,701,0.019293820957262148
555,both,0.5,7,atr,4.045072528951456,255.07244591329092,points,7.183623997026319,202.25909848643903,960,0.0,3.0,off,300,state,off,off,0.5,1.007543457523914,1.4086766472129626,1.1908807375633883,66.35778437335527,1623,262.8828159645233,5.446716199881698,True,-0.26885711580350385,-0.3391274709747849,0.9549222394036962,-6.27853478425838,663,-0.46252271523513844
555,both,0.3,7,atr,3.903435173648602,270.16907279488356,points,5.849623732387798,241.85347825020955,960,0.0,3.0,off,75,state,off,off,0.5,0.437213618664661,0.6042124039799107,1.0814753715482033,30.93493278846711,1606,260.1292682926829,1.4784925304724403,True,0.30892663446170165,0.4121201926246371,1.054264530169025,7.306702343981439,658,1.0095325226063545
555,both,0.5,10,atr,5.233936138072198,285.4712692700456,none,3.868784661034444,395.9767980802201,960,100.0,3.0,off,300,cross,off,through,0.25,-0.14302634096808803,-0.22872877624438556,0.8509299313711074,-1.655506566994195,60,9.71840354767184,-0.4913220938073396,False,-0.14111111068442972,-0.19307140655086585,0.9031364571719164,-0.9180108041970234,40,-0.3420463149061207
555,both,0.5,7,atr,4.12323698339702,214.41361524420108,points,5.102617378515708,243.17259581772544,960,150.0,3.0,off,300,state,state,off,0.5,0.44368199925755253,0.6462331762957957,1.0875942462217245,23.13888717147567,1806,292.5239467849224,1.6490489998637554,True,-0.9130644407766955,-1.1761586651152698,0.8401770784603463,-17.70201608651068,748,-0.8609191909428093
555,both,0.5,7,atr,4.382088738635067,166.63993443423917,points,7.354477283942607,386.25567922698445,960,100.0,3.0,off,150,cross,off,off,1.0,1.0018506550388067,1.5480888081419613,1.2242264241894003,65.75039931172859,1674,271.14345898004433,5.836757267697633,True,-0.5219278056591888,-0.7168808591587679,0.9024569682895001,-11.640334041645708,719,-0.5151931882560706
555,both,0.5,7,atr,3.533205570171744,248.72701173785003,points,7.393361877234274,32.21575469948294,960,0.0,3.0,off,300,state,off,off,0.5,-0.7819820321415949,-0.8514487924116262,0.8599539012402974,-25.86360092704315,1877,304.0240576496674,-0.8210065611255973,True,-1.0271303178245057,-1.105644019011636,0.8209643473648672,-11.559674972202277,819,-0.8893092782543145
555,both,0.3,7,atr,3.636875616219013,184.0098190382452,points,7.199424867853545,331.4555779611807,960,25.0,10.0,off,150,cross,off,off,0.25,-0.08536949240889652,-0.13197197843393688,0.9800060827664477,-3.8099781420469565,1846,299.0028824833703,-0.1531359352031675,True,-0.7663528772419524,-1.0779947167451642,0.8346495591042302,-11.408016227403524,793,-0.8190243728507794
555,short,0.5,7,atr,3.958750829306035,83.1086568514342,points,6.665282085366376,311.89325947163763,960,25.0,0.0,off,150,cross,off,behind,0.25,0.46296291024741276,1.1452840055487084,2.059848889447599,3.4608002220833174,47,7.6127494456762745,3.8635723265043502,False,-0.14645817166963362,-0.2097039765020675,0.7874200612375768,-0.2954532749022162,17,-0.2142223644402643
555,both,0.5,10,atr,4.7741015429021045,142.29970137738147,none,6.587206746142027,342.19688762757585,960,25.0,10.0,off,150,cross,off,off,0.25,-0.5197982463871165,-0.7815032237660865,0.8724671385010297,-25.705318881212175,1877,304.0240576496674,-0.7099336598134456,True,-0.9372989911896484,-1.3316254435195902,0.7881575513637552,-15.141168958460689,805,-0.8411062824854989
555,both,0.5,7,atr,4.755947791464959,246.59864712210043,points,6.085677366700878,286.46291851702335,960,0.0,3.0,200any,300,state,off,off,0.5,-0.010813293615125601,-0.013841705895709216,0.9976437226794884,-0.7856628571648763,1295,209.75554323725055,-0.021880389553949685,True,-0.3710708163116235,-0.4712779266132946,0.9279573812901557,-8.647876713374934,548,-0.5361045594689242
555,both,0.2,7,atr,5.441870085688072,279.739295239843,points,6.539070907628696,297.0315862311401,960,100.0,25.0,off,300,state,off,off,0.25,0.6070132297088912,0.8534449633072541,1.126285266096126,39.2218316084111,1656,268.2279379157428,2.3553735728145613,True,-0.186234314159833,-0.24837683788774928,0.9657651377786686,-3.9504052800558878,706,-0.255037117849713
555,both,0.5,7,atr,5.49547786306951,201.13352518963939,points,1.5195473165542204,205.97861072305858,960,100.0,10.0,cross,75,cross,off,off,0.5,-0.0035193727962689043,-0.004584689921306649,0.9983711903931187,-0.08644595394064325,283,45.838470066518845,-0.008128609376263687,False,-0.06493231430810358,-0.0825976501196575,0.9735227897197435,-0.6106029019524828,141,-0.1057345155479673
555,both,0.3,7,atr,5.415935760696917,86.26376248505251,none,5.486094264396431,367.70100559890113,960,100.0,10.0,off,75,cross,cross,off,0.25,0.5115642701127965,0.8240649725149197,1.116380148507357,34.66153139871851,1673,270.98148558758317,2.0285951423733755,True,-0.05442908676947005,-0.08162974577378365,0.9891359112999171,-1.202611653999103,720,-0.08850441107492332
555,both,0.5,14,atr,5.246614270158673,200.90568983638414,none,5.444580934541722,323.6292293654086,960,100.0,5.0,off,150,cross,off,off,1.0,0.7596659072494605,1.223112203685461,1.1763008507336223,52.47865612231602,1668,270.1716186252772,2.744310362668289,True,-0.6153684751447407,-0.8607342894995433,0.8826024262920686,-13.906228318676124,717,-0.6652075907584251
555,long,0.3,21,atr,5.66762464837052,145.20861285586687,points,7.902290571570129,253.11858860249134,960,100.0,10.0,off,150,cross,off,off,0.25,0.25097726284704347,0.34367263717858265,1.0544341467614058,13.874375502591596,1353,219.15,0.5662546964425813,True,0.017787511936063698,0.024478480192757366,1.0035775638102489,0.31920499621257714,576,0.034356301961941685
555,both,0.5,7,atr,5.785880836193435,235.39922506527452,points,7.324841104748313,357.42150288230073,960,100.0,0.0,off,150,cross,off,off,0.25,1.0385099027092226,1.5455605486611996,1.2337773514517283,70.41230610407563,1674,271.14345898004433,4.662185038247892,True,-0.45711579626426974,-0.6155711942681706,0.9141603930477795,-10.30953101301116,718,-0.48074468681477645
555,both,0.5,7,atr,4.99158054174771,265.8455117812813,points,7.261151472472641,395.6549400616813,960,100.0,0.0,off,150,cross,off,off,0.25,1.060676827906332,1.6261559291665841,1.2405986797904371,71.26525938925714,1674,271.14345898004433,5.603064612542473,True,-0.43716533857917605,-0.5973244153532902,0.9174510501007022,-10.00318606326639,718,-0.4770487654391779
555,both,0.5,50,atr,5.922674421161681,160.8716089335504,points,3.478462800575635,274.9585799220397,960,75.0,10.0,200all,75,cross,off,off,0.25,-0.6217286096688812,-0.6408472162247996,0.22038449208430444,-4.4116048114583055,14,2.2676274944567627,-0.8823420649853525,False,-0.8717217934313132,-0.8721807545785542,0.07102352871376576,-1.3094031567167597,8,-0.9702528897460975
555,both,0.5,50,range,5.9854483981970645,265.68543125157953,points,4.419146822169618,380.3405928538175,960,100.0,5.0,off,15,state,off,off,1.0,0.5184708264379781,0.9539152637324828,1.112832905297443,26.2499036899683,1878,304.1860310421286,2.2614692278312445,True,-1.118613716435348,-1.761270498153971,0.8019887568123335,-17.49139771929602,773,-0.9191628174718945
555,both,0.5,14,atr,5.479299688484458,243.37219731667304,points,5.094150770547037,357.25025926912656,960,100.0,0.0,off,150,cross,off,off,0.25,0.9959040404736136,1.5196674442226876,1.2199325416504134,65.31403885680217,1667,270.00964523281596,5.043948376307973,True,-0.6053641197438003,-0.8162837753645215,0.8884691935481804,-13.345978872206125,716,-0.610394696692142
555,both,0.5,7,atr,4.154640058875573,254.07921324835573,points,3.6138490310472626,378.8519767317955,960,75.0,5.0,state,150,state,off,through,0.25,0.15699865225702445,0.23081951514851473,1.0384045154969597,8.256129142918002,1299,210.40343680709535,0.36981810310231666,True,-0.4834961714695912,-0.6578551483550205,0.8926272090279439,-8.733211715164357,541,-0.79989618299901
555,both,0.5,7,range,4.829504087963622,239.48425789911033,points,2.1337026854448546,229.9771957446243,960,100.0,10.0,off,75,cross,off,off,0.25,0.5944143988775206,0.9665408233980283,1.1111133131146076,27.42655738019835,1983,321.1932372505543,2.1304742752776846,True,-0.8299003511780397,-1.2106225389647105,0.8680638565619242,-12.98329053365422,853,-0.868999090950676
555,both,0.5,7,atr,5.715600366524167,285.18844285858853,points,7.465807426040198,350.167289600139,960,100.0,0.0,off,300,cross,off,off,0.25,1.0458091599923687,1.554083050547299,1.234761190427854,70.50422110467407,1674,271.14345898004433,4.61410893878655,True,-0.4621388345656882,-0.6216309408207674,0.9134290164498662,-10.349363365702992,718,-0.48433008362817637
555,both,0.2,7,atr,5.819313470194348,255.13999875871087,none,5.558121737296997,267.10060282654257,960,100.0,0.0,off,300,cross,off,off,0.25,0.5072766516156352,0.7769671673694296,1.1150064891703249,36.44306281754021,1651,267.4180709534368,2.1959476261608017,True,-0.3165401934484489,-0.4545811860124445,0.9370871879557983,-7.288500502999687,701,-0.37620538367133544
555,both,0.5,50,atr,5.223135278627654,279.67589240229506,points,6.512075150773097,355.2119020346307,960,150.0,0.0,off,300,cross,off,through,0.25,0.020537362573414358,0.03429609960970365,1.0249805414361945,0.1975373713943167,38,6.154988913525499,0.07591467545045626,False,0.1098399007807292,0.16876517909274458,1.1055996663985594,0.5100786421437622,22,0.3077291861422456
555,both,0.5,7,atr,4.6659480397843,265.9841438063827,points,7.453151430061108,384.5400181455364,960,100.0,0.0,off,300,cross,off,off,0.25,1.058482227724077,1.631175149172714,1.238009297281209,70.02435969774547,1674,271.14345898004433,5.693434678560974,True,-0.4756320578160073,-0.6506613279893382,0.911099937128471,-10.77821558706919,718,-0.4898551920347483
555,both,0.1,7,atr,5.6430928643244,195.53791085039694,points,7.718137330565124,357.94645885995857,960,100.0,0.0,200all,150,cross,off,off,0.5,-0.2641158940821166,-0.30165167454650205,0.6333380206927253,-3.0263310551673337,32,5.183148558758314,-0.6680744669097053,False,-0.16791384893559907,-0.23200550076378892,0.8170200696929542,-0.558798848110744,15,-0.22650038847103932
555,both,0.5,7,range,5.545579722784497,269.0842431040949,points,6.059329656973248,324.04038897497213,960,100.0,0.0,off,150,cross,off,off,0.25,0.6870153469322745,1.2088967749387542,1.1403229574778586,34.96490153888352,1983,321.1932372505543,2.971431342381545,True,-0.867423742041708,-1.3462137365375666,0.8538808423723099,-14.524932972751547,851,-0.8476517791803867
555,both,0.5,7,atr,5.8185780722967815,297.1833897794444,points,7.569879155932998,245.57646759604708,960,100.0,0.0,200any,300,cross,off,off,0.25,0.37503795660180544,0.5604553052501879,1.1868940986138379,9.120062605445607,288,46.648337028824834,1.8050453477342963,False,0.28396172002335085,0.4021587810750183,1.1448128150703636,2.32170788329384,113,0.39370678026283146
555,both,0.5,7,atr,4.647809715133839,179.18892379040227,points,5.976508363151121,373.1180287348233,960,100.0,10.0,off,150,cross,off,off,0.5,1.0707884049329135,1.6331001808567125,1.2404040881045704,70.00435105840435,1675,271.30543237250555,5.998639110056263,True,-0.47799381929596824,-0.6468142426959311,0.9111308604198634,-10.658081323144637,720,-0.4908493198803394
555,both,0.5,7,atr,3.349431948318011,218.60620022474694,points,7.039889437094864,377.3123700679817,960,100.0,3.0,off,30,state,off,off,0.25,1.046976526903378,1.6865264503983806,1.2297406603972474,66.41692647847592,1675,271.30543237250555,4.372331474238842,True,-0.6738091837293958,-0.959850337426703,0.8794057475185897,-14.126401388235994,719,-0.6468405327146175
555,both,0.5,7,atr,4.0863647018221405,144.9891994368399,points,5.495463726569831,360.3270589790638,960,25.0,5.0,off,150,cross,state,off,0.5,-0.44845053751184866,-0.6641088881114202,0.8999191160372566,-17.798648449517632,1952,316.1720620842572,-0.6269629632522499,True,-0.8856094817056401,-1.3155233111924265,0.819047838960653,-11.51047341132996,831,-0.8172955504597943
555,both,0.2,7,atr,3.145735517970188,153.547756589223,points,6.96633543371642,278.7842728470139,960,50.0,3.0,off,30,state,off,off,0.25,0.5996071381131741,0.9540687663053881,1.1331911822664003,30.192527241796256,1739,281.6717294900222,1.8049171024562072,True,-1.0839477742119796,-1.517220618188689,0.797465357900735,-18.540446737152656,741,-0.9071756603840604
555,both,0.5,7,range,4.185254988714361,293.5320124835838,none,6.104944721162644,228.04237987434678,960,100.0,3.0,200any,15,cross,off,behind,0.25,0.5811759363493795,1.6361059854389723,1.6143994199084084,10.839185414950087,157,25.429822616407982,3.864571192442272,False,-0.5650910293703648,-0.7941130208525976,0.7126108366535612,-2.6000649596558776,72,-0.5279459825223283
555,short,0.0,7,atr,4.600755012606574,273.269903498476,points,7.8336240338439715,388.7262481486131,960,100.0,25.0,off,30,cross,off,off,0.25,0.04183013773974659,0.060971157982399965,1.0092618092571568,2.5129603196784407,1403,227.24866962305987,0.09896581895869327,True,-1.2285155110009576,-1.586769660889725,0.7683523555416144,-24.41046788345096,579,-0.9035224367993171
555,both,0.5,7,atr,3.867577337944925,283.65064194829637,points,5.676466227329977,379.7490728341268,960,100.0,0.0,off,300,cross,off,off,0.25,0.9829910937930285,1.5475917681345486,1.2149608603139392,63.36278693087885,1674,271.14345898004433,4.4624891451429445,True,-0.6250274387001483,-0.8697339371878148,0.8869987658098155,-13.68046089982383,718,-0.6366083244245281
555,both,0.5,7,atr,2.1365401969412794,185.90133868339035,points,7.9296072109385465,381.6418448569966,960,0.0,3.0,off,30,state,off,off,0.25,0.2258756199952166,0.35373015614544717,1.0414434670965464,15.41648648914393,1701,275.51674057649666,0.5668856077791478,True,-0.9703588009215308,-1.418004340689926,0.8545555118451964,-21.15825460427145,701,-0.8812446612459736
555,both,0.5,14,atr,3.6919707296068744,238.454901451908,points,6.848091631244412,368.5945598195029,960,100.0,10.0,state,150,cross,off,off,0.5,0.30404901402534074,0.4714983055199046,1.069160284135412,16.176625447772434,1312,212.5090909090909,0.551664137060687,True,-0.7716121361746697,-1.0882730268176102,0.8510011042452218,-13.810793157758335,545,-0.862789715221563
555,both,0.5,7,atr,2.227691716684003,164.34786601714265,none,7.832865826571221,360.45351304382046,960,100.0,25.0,off,30,state,off,off,0.25,0.2112405005662299,0.3558271782686304,1.0428701667676896,12.538344303862875,1757,284.5872505543237,0.450002958368649,True,-0.8120565175487432,-1.229849754037389,0.8659529056974984,-15.578545311308062,746,-0.7910623615038752
570,both,0.5,7,atr,4.853070759558865,267.50339227601626,points,6.815435679838642,314.8005911446076,960,100.0,0.0,off,150,cross,off,off,0.25,0.8772033822815344,1.2651901130402345,1.1930977216143905,58.46306092766366,1678,271.79135254988915,3.4918848805445615,True,-0.3375358608181647,-0.4562139992923229,0.9363669141254154,-7.413512393495667,714,-0.6676199631215815
555,both,0.5,7,points,3.757662656073931,267.8405695457311,points,6.749952085214798,307.31328119427656,960,100.0,3.0,off,30,state,off,off,0.25,0.7560211994742307,1.1329743331572875,1.1554273325902669,47.3849120991553,1682,272.4392461197339,2.854776622774483,True,-0.65897803689494,-0.9070728630726945,0.884240188008991,-13.66256009626975,722,-0.6418644389063864
555,both,0.5,21,atr,4.559246216333731,223.48696787032026,points,5.88967960757561,380.9452176332077,960,100.0,5.0,cross,15,cross,off,off,0.25,-0.07865295952677781,-0.11870435058696162,0.94617752279007,-1.1843858803837328,144,23.324168514412417,-0.3081907273766615,False,-0.08023409842121679,-0.11330825787064482,0.9532133618659908,-0.5600828569843619,81,-0.10984044744189987
555,both,0.5,7,atr,4.263424433136912,91.9088986413746,points,4.376742022387747,251.25445368086454,960,100.0,10.0,200all,75,cross,off,through,0.5,-0.2615082473392628,-0.33865724002746544,0.8535248561294139,-4.7903256456596335,168,27.211529933481152,-0.46413447564202687,False,-0.1445441135717498,-0.19312851951399823,0.9289743226838008,-1.0883690798353365,86,-0.33817422218206056
555,long,0.5,7,atr,4.2252232660058535,165.69276544352078,points,6.553531313745605,277.8591799060209,960,0.0,3.0,off,15,cross,off,off,1.0,0.5571841980381012,0.7555433538573006,1.124653249574313,34.696386643828625,1260,204.08647450110865,2.8792358476034,True,0.37278896907554193,0.5190937325721595,1.0712261365619697,7.662148079327697,549,1.097036715039989
555,long,0.5,10,atr,4.882421509866706,158.77640623551437,points,7.5038700679719605,363.1567568077697,960,100.0,10.0,off,150,cross,state,off,0.5,0.27901696591862923,0.4201303908376232,1.0697891384252256,11.583427650831236,1273,206.1921286031042,0.9742319276582319,True,-0.29816713910102527,-0.43569482187035274,0.9353816389521513,-4.311454417575558,554,-0.4136859496363205
555,both,0.5,21,atr,3.2254174730999168,174.92833327543804,points,5.855361088977185,324.0144141727211,960,100.0,3.0,off,30,state,off,off,0.25,0.584204749149677,0.9362227604050258,1.1178211674638021,34.413924919307206,1704,276.00266075388026,1.9041184969784029,True,-1.166956364696822,-1.6830571237831864,0.8097353811370466,-22.038901359068262,733,-0.9078605115227418
555,both,0.5,10,atr,3.8613806059523412,186.47870668573694,points,6.139102650608868,347.1321014567172,960,50.0,10.0,off,150,cross,off,off,0.5,0.4882361132363234,0.759373339964118,1.1111308157954582,25.80339753483647,1777,287.82671840354766,1.3036379181013282,True,-1.1716765334946522,-1.5863873280606984,0.781691478204991,-20.78280149222637,767,-0.8971828479203882
555,both,0.5,50,atr,3.960828630456397,170.368522493447,points,5.952192695222295,396.32479033612776,960,100.0,10.0,off,150,cross,off,off,0.5,0.5280584833301608,0.8572693151125973,1.1091640173851833,32.69010583256849,1690,273.7350332594235,2.257031843021354,True,-0.5271961765278138,-0.816407626493167,0.9084342585078979,-10.163946856776086,732,-0.6811616941717029
555,both,0.5,10,atr,4.078481937446754,56.98584355102554,points,6.421464120755142,391.41256259677743,960,100.0,0.0,off,150,cross,off,behind,0.25,1.098443167146377,2.8408450892795813,2.8825270158551413,15.401001814843609,77,12.471951219512196,15.202406471798652,False,-0.8500563629003611,-1.0520623178813615,0.48689288026641675,-3.716109998138025,35,-0.8558479631314848
555,both,0.5,7,range,4.436045293378264,178.83684651057303,points,5.480567409906574,324.18546973947656,960,100.0,10.0,off,15,cross,off,off,0.5,0.6799689653145359,1.1922278248127194,1.1389064548449817,34.286853190636904,1983,321.1932372505543,2.9060176659407717,True,-0.7407681261376177,-1.1443991684861943,0.8752942556968007,-12.271776840771079,853,-0.8135004884639813
555,long,0.5,7,points,4.266770381348101,251.0088886942459,points,7.805756360789951,360.38016507747955,960,150.0,0.0,off,300,cross,off,off,0.25,0.7865646109911916,1.2095807916507137,1.181370908731558,43.245558796931064,1260,204.08647450110865,2.6474714400874175,True,0.19122794627955558,0.2810920853955603,1.037630100983276,3.690296402047121,549,0.33626700129473797
555,long,0.5,7,atr,4.727401907256291,274.06543916113344,points,3.738989198320702,347.70022531689017,960,50.0,5.0,off,150,state,cross,off,0.25,0.5803299751276374,0.8631768127924752,1.1634327667944786,25.591488308392464,1260,204.08647450110865,1.9288187803184416,True,-0.0002689784820423275,-0.00039880407422596646,0.9999313943207104,-0.0038447597814879053,549,-0.0005672376528643707
555,both,0.5,7,atr,5.12223659593376,276.1862016960417,points,7.911737965813283,300.52901779598307,960,100.0,0.0,off,150,cross,cross,off,1.0,0.9067273895298564,1.370748938384024,1.1933509194008673,56.608469332968646,1701,275.51674057649666,4.5274345376842255,True,-0.5509543999875186,-0.7540565746718849,0.9014721980676186,-11.595807312504775,723,-0.5890130891384612
555,both,0.5,7,atr,5.394350218299153,279.89908995647556,points,7.183197901742629,352.25835777467285,960,100.0,0.0,off,75,cross,off,behind,0.25,1.1462708484526267,2.646187489620522,2.984870024298565,16.41421362243538,82,13.281818181818181,11.417881404319257,False,-1.0295669697177325,-1.2009240204331864,0.39720761689031886,-4.868945141263553,38,-0.9014277564895269
555,both,0.2,7,atr,4.398440272116114,223.31623372406725,points,6.350049080802875,322.69552233352255,960,100.0,3.0,off,150,state,off,off,0.25,0.6475523602459324,0.9620007065020176,1.1360938063607233,42.145367632782,1653,267.7420177383592,2.532007727300411,True,-0.48153242799717133,-0.6576601334502509,0.9111296726614194,-10.336361682189503,702,-0.5345317173615367
555,both,0.5,7,atr,3.894869244912789,36.413076639318675,points,6.544211319889738,391.486224579123,960,25.0,0.0,off,300,cross,state,off,0.25,-0.4862347201351494,-0.736273485381803,0.8924853625381248,-19.735276065693753,1949,315.6861419068736,-0.6344108624917405,True,-0.9247168426169664,-1.396205487019897,0.8120417512035992,-12.233988035309183,831,-0.8662301242952176
555,both,0.0,7,atr,3.8297351133731157,206.65270182189334,points,6.6597092455733975,309.6782414868002,960,50.0,0.0,off,150,cross,cross,off,0.25,0.3538950095419355,0.5486590825611252,1.0783011331285757,17.95104142733478,1700,275.3547671840355,0.8651767860662846,True,-0.31437673871114624,-0.4621146004270131,0.9345359295001765,-5.313836857463127,728,-0.5116359786955482
555,both,0.5,50,atr,5.692577286949703,105.6040645237471,none,7.501394212240855,372.3842984209183,960,100.0,10.0,off,150,cross,off,off,0.25,0.480480446091016,0.7594013908790719,1.1075424508534415,33.51685505500748,1663,269.3617516629712,1.6907022849646802,True,-0.4759821802114871,-0.6981027642947482,0.911494115572469,-10.160006456811427,714,-0.7164716161395293
555,both,0.5,7,atr,5.8103329659593,246.84213673425933,points,3.3234950477840837,349.08405775322507,960,100.0,3.0,state,15,cross,state,off,0.25,0.4016702413362098,0.6113105635548992,1.095502000389018,21.482424656270926,1292,209.26962305986697,1.4358294921228207,True,-0.51000413244378,-0.7199874547926343,0.894403641109536,-8.818998516897818,533,-0.6845443922338339
570,both,0.5,10,atr,3.7285442443296404,105.44227531721667,points,7.813068210127889,369.6452280811674,960,0.0,0.0,off,15,cross,off,off,0.25,0.3286570258355915,0.4705147386847605,1.0638497551809993,25.409601049136832,1595,258.3475609756097,0.7904317636496865,True,0.11751716866451606,0.16843716682778204,1.0207548622994087,2.838165625447136,652,0.18296525829302437
555,long,0.5,7,atr,4.3615334624373325,287.3267591648031,points,7.666769911772679,381.5585141641626,960,100.0,3.0,off,15,state,off,off,0.25,0.5611681514899077,0.8171565596407937,1.139202939608256,30.55094127279033,1260,204.08647450110865,2.2794186606518836,True,0.21444990557346816,0.3074186030286829,1.0482977404772058,4.019316004402544,549,0.47819757350131625
555,long,0.1,7,atr,3.3403726978079096,296.7507371439205,points,7.665455478983657,381.26696667688554,960,100.0,0.0,off,300,cross,cross,off,0.25,0.14035377210480224,0.20995110655812796,1.030584273436274,7.720299492312363,1391,225.3049889135255,0.447880963608583,True,0.3937161005895189,0.6280795352388668,1.084971881410574,7.208380554486166,585,1.3501451282098222
570,both,0.5,7,atr,2.971769190177789,195.77715955384872,points,4.268058323888447,284.4624548545451,960,100.0,5.0,off,15,cross,off,off,0.25,0.6762291365470794,1.0281839715913217,1.1378459433628547,40.942220757046314,1692,274.0589800443459,2.3143540148284587,True,-0.1823978720280044,-0.26272456059001986,0.9673119209422968,-3.6085130305932784,720,-0.3437558880349809
555,both,0.5,7,atr,5.369545044532523,288.6049086432903,none,4.480411897992288,292.116553181925,960,100.0,5.0,off,15,cross,state,through,0.25,-0.6887997925167572,-0.846056689139723,0.5178249598880987,-4.607515182240023,78,12.633924611973391,-0.9557294919955055,False,0.29441607229328615,0.5247479844770558,1.2707708614277315,1.0638941153362707,42,0.5386179858381206
555,both,0.5,7,atr,4.83890978840491,62.899442881614604,points,7.097683789269619,235.6352763184959,960,100.0,0.0,off,30,state,off,off,0.5,0.9906488157293931,1.4075393040931259,1.2069661838013623,61.02891653100338,1674,271.14345898004433,4.878481594154948,True,-0.40188474905848365,-0.5226591927114529,0.9281290677142171,-8.680502068489849,718,-0.5556115272448702
555,short,0.5,7,atr,5.076386746947106,296.07642096113716,points,4.6003189550785795,361.18866124862114,960,100.0,0.0,off,150,state,off,off,0.25,0.1321052260310255,0.19136759031488754,1.032102532005608,7.751000163508639,1236,200.1991130820399,0.32613589333222637,True,-1.1712525730766894,-1.5532886416391984,0.7599941446920185,-21.61285216084031,512,-0.9206348243128095
555,short,0.5,30,atr,4.553316542759235,267.98084755124415,none,4.517547181510309,328.13053484123566,960,100.0,3.0,off,15,cross,off,off,0.25,0.35680957485236103,0.6288767402441332,1.094669762038008,21.749566643995035,1284,207.97383592017738,1.5784604893995136,True,-1.313746810515838,-1.9229146942894753,0.7362660431078173,-23.221281638637798,532,-0.9386659091514624
555,both,0.1,50,atr,5.917874642746943,186.01568946338796,points,7.2766933739685085,389.7102731846139,960,100.0,3.0,200any,150,cross,off,off,1.0,0.09008546459557404,0.14215237641232856,1.050611225661078,2.0622334389255235,221,35.79611973392461,0.3351317392019982,False,-0.2850317011471976,-0.4193047464436106,0.8637595355298445,-2.317828787284088,92,-0.3749140956974823
555,both,0.5,7,atr,4.715266806202273,283.55368584644293,none,4.658718765723751,361.82652524964806,960,25.0,3.0,off,75,cross,off,confluence,0.25,0.3167811972056216,0.654485085649109,1.3826639768505646,5.091802618402072,161,26.077716186252772,1.3521842096528147,False,-0.5365323028960789,-0.6680987868298802,0.6231474817061836,-2.6767290958093315,82,-0.6810742091688994
555,both,0.5,7,atr,3.019806898130099,281.7706336131139,none,1.935251054574962,343.0968649015462,960,150.0,3.0,off,15,cross,off,behind,0.25,0.8623893881746828,2.0590574466356957,2.205302936251767,15.282508000675277,82,13.281818181818181,6.186784784274817,False,-0.7565156482221355,-0.9753196245834798,0.5585810192342062,-3.2902172111325765,38,-0.8168349893980407
555,both,0.0,50,atr,5.9264951268913615,291.6306617277451,points,6.454219412279555,382.050527862848,960,100.0,0.0,off,300,cross,off,off,0.5,0.6848725598917558,1.0456719532250573,1.1453180193931913,44.130444531833476,1641,265.79833702882485,3.1295860268862787,True,-0.11231702718170562,-0.16701789071511527,0.9787731521292214,-2.3662033183138096,693,-0.21188180851028987
555,both,0.5,21,atr,5.445738713323284,233.2991873867499,points,6.478860602773747,362.62442736218253,960,25.0,0.0,off,300,cross,off,off,0.25,-0.14834456836275547,-0.22881354807767523,0.9641877897299016,-7.255174151400825,1851,299.8127494456763,-0.22967573721734016,True,-1.1728883565973465,-1.6400506048636903,0.7519020049457024,-18.7620370714611,791,-0.8258734461701669
555,both,0.5,7,atr,5.993197763048281,203.29208384477155,points,7.9211801621317095,381.44059137260126,960,100.0,0.0,off,150,cross,off,off,0.25,0.9781038690251479,1.4577308884543256,1.2211614774080772,66.62795323287386,1674,271.14345898004433,4.596877231571648,True,-0.47355420370169343,-0.6401156492857659,0.9105672523816353,-10.8436384344838,718,-0.48045172730751456
570,both,0.5,10,atr,3.7531797665333757,215.7660828383106,points,6.542219722316695,382.6786901292563,960,100.0,10.0,off,30,cross,off,off,0.5,0.8209832293325612,1.2809199233509712,1.178809511018422,52.7536471302395,1676,271.4674057649667,3.4790710435373335,True,-0.3308445730824067,-0.47833230145062056,0.939061365257653,-6.846610962954861,715,-0.594064626394959
555,short,0.5,7,atr,3.784509617125046,194.73594865719252,points,7.889571945528163,317.259234571985,960,100.0,5.0,off,30,state,off,behind,0.25,0.6684192546425481,1.39709050358407,2.2271514147417575,6.640077136870248,47,7.6127494456762745,4.562162291246984,False,-0.8577389983265319,-0.9853574378038221,0.3230802123578234,-2.547455457783165,17,-0.8478242582572926
555,short,0.5,7,atr,5.1970311069342,264.8932971100395,points,6.377179097042779,238.93699062667858,960,100.0,3.0,off,75,state,state,off,0.25,-0.22733254656284332,-0.3247592797377106,0.9446403705275002,-8.257228687107395,1236,200.1991130820399,-0.5695020450726888,True,-0.9274474112570373,-1.2756082736663987,0.8003742320854315,-11.370720783028663,512,-0.8920352250658973
555,both,0.3,7,atr,5.4724011756480415,199.1546532345282,points,4.911648919548033,303.67583192842903,960,100.0,0.0,200all,75,cross,off,off,0.25,-0.5550623582646623,-0.5648262844053873,0.20552733735390707,-5.500821790412417,14,2.2676274944567627,-0.9072052249074132,False,-0.6898811191518032,-0.7886909163247339,0.28458286109073155,-1.0686072307243657,8,-0.7154171389092684
555,both,0.2,7,atr,4.0217073010811974,286.0496366989282,points,1.1073056230784095,345.5958777965071,960,100.0,5.0,cross,150,state,off,confluence,0.25,0.039186613108369836,0.057991636942628204,1.0142987371081051,1.3471842584226028,509,82.44445676274944,0.08725559801580027,False,-0.6875267227693838,-0.9171854794009539,0.8045593977654719,-9.144175749178881,247,-0.8001094513224559
555,both,0.5,7,atr,5.520913848392043,166.44481094102463,points,6.500042719063622,348.2125529493339,960,25.0,10.0,off,150,cross,off,through,0.5,-0.25748955500242215,-0.3421761640437613,0.7916734200273042,-3.8227624931946016,156,25.267849223946783,-0.6314994128763471,False,-0.5037941662463168,-0.6144584324667817,0.6600029804520112,-2.5802394189814093,78,-0.7166801207233948
555,both,0.1,7,atr,4.565460321504092,99.59898345247329,points,5.467266269157614,166.42627275973842,960,100.0,10.0,off,300,state,off,off,0.25,0.4041541504674831,0.5313844523183834,1.0748830313000397,23.086770084038626,1655,268.0659645232816,1.2353767110033305,True,-0.06315245752925068,-0.07982053798205105,0.9889808084936746,-1.2348994778617541,703,-0.11913739237465698
555,both,0.1,7,atr,3.434339081346913,146.07757580748805,points,7.22280622648725,363.478469449989,960,100.0,0.0,off,150,cross,off,confluence,1.0,-0.28276868852582926,-0.4105483245541428,0.9032312875517592,-9.318832215437059,490,79.36696230598669,-0.5307993640590966,False,0.0981571372818796,0.14248294238422915,1.0334889756991628,1.1439916668860661,235,0.15024160148080465
555,both,0.1,7,atr,3.400424487797188,239.64738764355408,points,4.097534702180236,359.37789556816836,960,100.0,5.0,state,150,state,off,off,0.25,0.07094515284448019,0.10692577338101733,1.0152589812370885,4.087312932614044,1396,226.1148558758315,0.14070236716577636,True,-0.6763769631267135,-0.9524952625708133,0.8688902301801794,-12.65220639125022,570,-0.8269465567855908
555,both,0.5,7,atr,3.477239302935261,274.1222968004197,r,0.9810890221372365,367.61239873874985,960,100.0,0.0,cross,300,state,off,off,1.0,0.27307494862099835,0.42160541336190765,1.0942506151684428,9.38987818095952,573,92.81075388026608,0.5210445515014023,False,-0.32593807403795966,-0.4366025900355707,0.9116933039993445,-4.075811780636522,285,-0.4767188003182599
555,both,0.5,7,atr,5.05597710406663,290.41291510328693,points,3.5016204873083985,357.6189511243289,960,100.0,5.0,cross,75,state,off,off,0.25,-0.07922083490290498,-0.11151513227964631,0.961039092169716,-2.0645364353804023,283,45.838470066518845,-0.12593069589628922,False,-0.11797065644059004,-0.1587308243487368,0.9495723926183431,-1.1584660541633651,141,-0.19550239730507407
555,both,0.3,7,atr,5.735204833831148,153.43956926092036,r,6.5609007097414445,341.0216896829916,960,100.0,10.0,off,15,cross,off,off,0.25,0.7073135950915627,1.1104478349474776,1.1653780377040004,50.870663651359195,1657,268.389911308204,3.693391147941414,True,0.03412686152332007,0.049764849660635935,1.006950818344987,0.7816313599303388,716,0.05221044676092952
555,both,0.0,7,range,4.878867247967832,229.20716665800117,points,7.496647712317939,124.02320861492798,960,0.0,5.0,off,150,state,off,off,0.5,0.38468517693173543,0.5926350311372088,1.066667468927029,13.96663536045335,1633,264.50254988913525,1.0765072097377897,True,-0.7632560125615804,-1.0331797448626514,0.8833830757842501,-9.989759254589194,686,-0.8101964337711285
555,both,0.5,7,atr,5.549239987631406,274.04481394169807,points,5.136347652373357,334.5548587442415,960,100.0,5.0,off,15,state,off,off,1.0,1.0832696639479817,1.6044839669690807,1.2437081363023694,72.20079069713334,1674,271.14345898004433,4.733751553280184,True,-0.4143622862499817,-0.55661707076576,0.9221190406504801,-9.150978531429416,719,-0.45733591081256586
555,both,0.5,14,atr,4.679838898512112,257.8328960528833,r,7.409656363972589,263.62181035989687,960,75.0,3.0,off,15,cross,off,off,0.25,0.7139311763731343,1.196890167335661,1.174713535910391,46.009103909738506,1706,276.32660753880265,2.7322315777996904,True,-0.9872845418273481,-1.3850936609019526,0.8113150557959304,-21.36427041434624,729,-0.8236741026757027
555,both,0.3,7,atr,5.234199263756756,187.05911397529172,points,5.6163701253775145,343.0353088333747,960,100.0,10.0,off,30,cross,off,off,0.5,0.7948982941878681,1.1813147634023575,1.172827892367487,52.64096906074177,1657,268.389911308204,4.436315125197036,True,-0.09079919789718936,-0.1252029719020728,0.98265533054853,-1.9368360829515758,716,-0.13041219169691012
555,short,0.2,30,atr,5.459979055244225,181.40910236821873,points,4.232779385926223,256.97882666281026,960,100.0,10.0,off,75,cross,off,off,0.25,-0.13149054671487687,-0.182733462808331,0.9725499050135518,-7.166300501953165,1357,219.79789356984477,-0.3195624878480469,True,-1.0479330109947327,-1.3968946051306468,0.8062245339740274,-18.471322290893966,562,-0.905903639191215
555,both,0.5,14,atr,3.947750336479725,272.63180542928217,points,5.726214102851793,357.0250940593472,960,100.0,5.0,off,15,state,off,off,1.0,0.9399190652188533,1.5065020249042052,1.2017960999961195,58.52500009534537,1676,271.4674057649667,3.9261816896575774,True,-1.004324215427671,-1.389003199035803,0.8268882249139821,-20.671434936808488,721,-0.8257415105411282
555,both,0.5,7,points,4.847241149883348,296.6763531025238,none,3.1078542616877503,377.52891838985647,960,100.0,10.0,off,15,cross,off,off,0.25,0.897351403144437,1.4660066771191391,1.2077429715115129,61.990198570795656,1682,272.4392461197339,3.5602244138495576,True,-0.4293758383245117,-0.6175970214397362,0.9188476690173005,-9.669976421966348,723,-0.4725016153299028
555,short,0.1,7,atr,5.405046980427528,284.9403626918292,points,4.559973111230743,283.86894726178053,960,150.0,5.0,off,15,state,off,off,1.0,-0.22061599615573807,-0.3008339574860817,0.955569039180525,-14.302584331088335,1368,221.57960088691794,-0.4972906794767328,True,-1.2485804166608891,-1.520729987881683,0.7614917160190021,-29.408986413409696,564,-0.9329372497120778
555,both,0.5,7,atr,5.09204981752375,108.6938712064339,points,3.6404186885570073,248.9510032969553,960,0.0,5.0,off,75,cross,off,confluence,0.25,0.2983957911906833,0.3681532472632118,1.2196556556872764,7.866009655499735,160,25.915742793791573,0.9665564051581721,False,-0.46327804649700827,-0.596373338125412,0.8009663788476132,-3.8609979828471,80,-0.7714833818929864
555,long,0.5,7,points,5.109864898335705,282.99821263168826,points,3.797655002894588,342.4959513786733,960,100.0,5.0,off,150,state,state,off,1.0,0.6990715704759196,1.1348369128263012,1.1807938163621154,28.205372573895858,1260,204.08647450110865,2.9220401352801657,True,-0.3584732744756716,-0.5310295216083656,0.9233287722202941,-4.997114357067863,549,-0.43091939845154387
555,both,0.3,7,atr,4.468396442935964,194.68071154555147,points,5.646239503786772,386.79621173165197,960,100.0,3.0,off,30,state,state,off,0.25,0.17634961716352268,0.27379365008177337,1.0370389728775293,9.026153622551007,1782,288.63658536585365,0.5786242089894825,True,-0.5077510469499326,-0.7437630880985401,0.9041000473313409,-8.630590737106605,753,-0.8189241244068985
555,both,0.5,7,atr,1.6874020890928425,131.5898746985016,points,5.1868545366178385,375.9079184579963,960,100.0,10.0,cross,30,cross,off,off,0.5,-0.47356193452621226,-0.7252091831030026,0.768385230537662,-7.311527470380753,200,32.394678492239464,-0.7010535811399774,False,-0.23760575133462852,-0.35296862152442504,0.8938276240806078,-1.7632006913117109,107,-0.417228152067047
555,both,0.2,50,atr,4.826517945110136,88.99019957654266,points,4.819488938553279,399.03590342733133,960,150.0,10.0,off,75,cross,off,off,0.25,0.6724412193485921,1.08256693682417,1.1362193409820533,45.613936587442694,1631,264.17860310421287,2.5790974364126593,True,-0.12263702427471576,-0.18106206469867064,0.9783757989119732,-2.7279486866132343,680,-0.3577272312620983
555,both,0.2,14,atr,5.897244169108852,181.85650446356397,points,6.823633394528406,315.75676502365474,960,100.0,5.0,off,150,cross,off,through,0.25,0.005516707136750762,0.007918210306305457,1.005718491402147,0.06335173830291518,58,9.394456762749446,0.011265379456693207,False,0.19428418130933017,0.30246766046286633,1.148022922026122,1.159668199984872,35,0.5920354636329082
555,both,0.5,7,atr,4.358134381535346,103.07703516391119,points,3.9102980756433294,293.25061405123364,960,100.0,5.0,cross,75,cross,state,off,0.25,-0.016973630922989244,-0.024963457991245417,0.9919389978655728,-0.3932392097190327,287,46.486363636363635,-0.03652247845645525,False,-0.39109368754032203,-0.5326737264882099,0.8520998227602552,-3.728474554920947,141,-0.5752542732710771
570,both,0.5,7,atr,4.9456126672432905,225.3303841705868,points,3.157989087473684,345.29009827111315,960,100.0,5.0,off,15,state,off,off,1.0,0.8943209459128892,1.3009300337363134,1.20102550652366,60.38654337757565,1678,271.79135254988915,3.437857754066256,True,-0.3240784443488926,-0.4371151285301729,0.9378344101963505,-7.0781726377246255,714,-0.5089561326251566
555,both,0.5,21,atr,4.14362934528824,214.04882989857552,none,5.276325737673659,377.2579344056893,960,100.0,3.0,200all,150,state,off,off,0.25,0.09345127750258256,0.14974070927744948,1.0236523370789172,5.023652946137397,1205,195.1779379157428,0.24253668586454688,True,-1.0456324837864617,-1.4986636087674898,0.7913194010278791,-17.987660669166335,507,-0.9198836963518684
555,short,0.5,30,atr,5.8041245794527025,276.74089669046504,points,7.299389693468622,350.75088892456466,960,100.0,0.0,off,300,cross,off,off,0.25,0.1263946493138781,0.18731007925852725,1.029737999226885,7.182047652544218,1284,207.97383592017738,0.314981229256765,True,-1.3380765010609827,-1.8148254294660846,0.7423150238575705,-23.92589428430758,532,-0.92584118960457
555,long,0.5,7,atr,5.227740101619904,280.16899023156964,points,3.943998654631576,289.86352614584445,960,100.0,5.0,off,15,state,off,off,1.0,0.6892691777464127,0.9668898856191852,1.1713034767976975,37.81665239248146,1260,204.08647450110865,2.8854035169999195,True,0.3311296931803717,0.46471611248759737,1.0738234659662285,5.991305068818086,549,0.7198410084795777
555,short,0.5,7,atr,5.320758380384797,273.6645723578421,points,5.725414744218776,209.87844013479338,960,50.0,5.0,off,75,state,off,off,1.0,-0.390291210441645,-0.5145795181230082,0.9058658544108537,-16.64132529085726,1236,200.1991130820399,-0.6004388164538133,True,-1.187025837001252,-1.4667253353730703,0.735688611244083,-17.201592616964724,512,-0.9181960940562477
570,both,0.5,21,atr,5.877756648555848,84.60802624397297,points,6.566980367776465,323.4401364770507,960,100.0,10.0,off,150,cross,off,off,0.5,0.5520991539176218,0.7876073226945387,1.1181459596000807,36.727550574905024,1675,271.30543237250555,2.3542105027370313,True,-0.5567026876064325,-0.7601437642906108,0.9006889177582466,-11.777613330208716,712,-0.7383047259493102
555,both,0.3,7,atr,5.130631749964985,84.96692725916645,points,6.229793014342334,318.15596883109595,960,100.0,0.0,off,15,cross,off,confluence,0.25,0.7168061075679406,1.2542145927244421,1.5686464238594102,12.819316510401109,165,26.725609756097562,4.66576268171574,False,-0.4142075889523636,-0.5653297524516709,0.8021886425708568,-3.1915604678815925,82,-0.7410844886918408
555,both,0.5,7,atr,4.793245875077439,254.56293359106013,points,5.545191928526525,376.9401368493856,960,100.0,5.0,off,300,state,off,off,0.25,1.0733948784398268,1.640899783091147,1.2423113414747706,71.07883789102242,1674,271.14345898004433,5.755687100153696,True,-0.5072149890780706,-0.6878942720656961,0.9047414027685236,-11.343476235592027,719,-0.539112934256568
555,both,0.5,7,atr,3.7338446506536647,247.38895446433014,points,5.9729746987792955,337.37409397453797,960,100.0,5.0,off,300,state,off,off,0.25,1.0509478116153586,1.629565632080476,1.2294692794511897,67.23578874969317,1674,271.14345898004433,4.629864837795065,True,-0.6869698020325984,-0.9452582957299857,0.877971708177088,-14.631804197326726,719,-0.6634401112551448
555,both,0.5,10,atr,4.12041411236639,237.98210270613714,points,6.339559438078419,358.69663898858136,960,100.0,5.0,off,300,state,off,off,0.25,0.9830762473267008,1.5468306049752247,1.213971770508884,62.67070356284384,1671,270.6575388026607,5.0398889394664135,True,-0.7689054312229647,-1.060332858029882,0.8630123838326974,-16.241651792843683,715,-0.7621016070892558
555,both,0.3,14,atr,5.307188952676973,285.9855058167003,points,7.685643840447465,358.3623363986583,960,100.0,0.0,off,300,cross,off,off,0.25,0.7322515107928979,1.1106753339594497,1.1566817571240762,48.68209036077563,1652,267.580044345898,3.092220032226667,True,-0.3045084447699255,-0.4277099071247061,0.9427974306699276,-6.58478426949031,703,-0.37878661680537973
555,both,0.5,7,points,5.782426273322038,275.4019064628521,none,4.351461118660321,269.39722725727677,960,100.0,5.0,off,15,state,off,behind,1.0,0.09543175820758788,0.1514123044054625,1.0500175787874866,2.52578142652077,257,41.627161862527714,0.3156648985099171,False,-1.1797188081691898,-1.4622791746616384,0.5995401036568269,-10.859985882232335,145,-0.9254192279123091
555,both,0.5,7,atr,2.506818587517645,254.95736203357194,points,7.567938643240738,390.5794251320654,960,100.0,3.0,cross,30,state,off,confluence,0.25,0.37957612374332483,0.681215187467471,1.184068817970788,9.4137163148407,322,52.155432372505544,1.8565554396641093,False,-0.24873510248117464,-0.3711188947110711,0.9087790354865374,-2.483165754964,173,-0.30021501128635214
555,both,0.5,7,atr,4.503104269856196,280.98148262789687,none,7.786338988362338,283.8640862246514,960,100.0,5.0,off,300,state,off,through,0.25,-0.14236797416611688,-0.22585582699173565,0.8712913174158599,-1.7530647085864732,78,12.633924611973391,-0.5815514372410912,False,-0.11441312951476619,-0.15866212258245757,0.9215599507371068,-0.7332712814562521,42,-0.285768192062326
555,both,0.5,7,range,4.20408379664835,239.3966852173859,points,3.204402694022454,350.3434053069859,960,100.0,5.0,off,300,state,off,off,0.25,0.6511642342648793,1.157750828265515,1.1351158914677675,33.39354760589481,1983,321.1932372505543,2.349887217861855,True,-1.052466300098505,-1.607146475042245,0.8242558148148078,-17.285204505579003,852,-0.8818941029914776
555,both,0.5,7,points,4.289965964104698,255.8246269904299,points,7.246921387620023,366.18803467012714,960,50.0,3.0,off,15,cross,off,off,1.0,0.4688838482785967,0.729771461679689,1.1078283016933061,25.749292761244515,1783,288.79855875831487,1.1033178173723026,True,-0.9095332189903934,-1.2806486599656939,0.8219236259562475,-16.48686363011574,774,-0.8199008565796315
555,long,0.5,14,range,5.937465963977376,103.03780062590785,points,7.565284276967482,338.5764750192563,960,100.0,25.0,off,150,cross,off,off,0.25,0.31259211705629486,0.5653288255051826,1.0777330227970534,11.009155244605846,1162,188.2130820399113,0.8393393861626758,True,0.052770865080896685,0.09226563699308284,1.012072692840299,0.6550204427063457,482,0.0809215055571866
555,long,0.5,7,atr,5.073703502187597,139.4214254196689,none,7.874431703066448,294.53789322261144,960,100.0,3.0,off,150,cross,off,confluence,1.0,-0.22425635820762202,-0.31227805683511534,0.8987513275592682,-6.345414091836934,310,50.211751662971174,-0.5006835017780719,False,-0.25210358257990423,-0.3390958912436674,0.9034150844010836,-2.7526967592231664,164,-0.35904781906613575
555,both,0.0,7,atr,5.677151665482429,162.30181289122368,points,7.157353231782859,378.43802599786596,960,25.0,25.0,off,150,cross,off,confluence,0.25,0.26307529710748034,0.3701243329216522,1.2167154051157327,3.69108927452746,176,28.507317073170732,0.8871261530628909,False,-0.6822613976913469,-0.7824447190415286,0.6133330730009381,-2.7868832370995666,89,-0.6088591120843949
555,both,0.5,7,points,4.5050055180490585,255.16772208956013,points,4.294304730387026,309.998399371215,960,100.0,5.0,off,15,state,off,through,0.25,-0.24925311156125352,-0.3546407615454717,0.8073350324219878,-2.765507713025738,78,12.633924611973391,-0.6605937860054005,False,0.07254857726140043,0.11197589825195695,1.0499321318621622,0.44201881777128965,42,0.17484861301502472
555,both,0.0,7,atr,5.8647670102327725,273.0793179723178,points,6.9081830108538655,296.12840679313734,960,100.0,5.0,200all,15,state,off,off,1.0,0.1709984248342399,0.2324922320653917,1.0395529874814158,10.358578587011953,1305,211.37527716186253,0.485083443244257,True,-0.7169588398336214,-0.9335938616070625,0.8556758320319667,-13.573085566715314,547,-0.8478603117651868
555,both,0.5,7,atr,5.917164697545311,220.85176101311794,points,6.528400888027593,383.7369195228054,960,100.0,10.0,off,150,cross,off,off,0.5,0.9507115088679257,1.4089229218194648,1.2151705427474768,64.22421748403659,1675,271.30543237250555,4.814403167078267,True,-0.3975505273124209,-0.5369579878932219,0.9246353950606415,-9.016075141715003,720,-0.41394822575721657
555,long,0.5,7,atr,4.688660435255794,214.56229965552026,points,6.793614045893968,295.45711092756613,960,50.0,5.0,off,300,state,off,off,0.25,0.7106268901245235,1.027919967681459,1.2008909924212667,31.91151219755818,1260,204.08647450110865,2.423088024714326,True,-0.0320556826357321,-0.04537399191819837,0.9918461224370378,-0.4771884887758153,549,-0.061888560983119886
555,both,0.3,30,atr,3.903191774131479,266.0622999851789,points,6.027601479867571,367.3412545827903,960,100.0,0.0,cross,150,cross,off,off,0.25,-0.13223098504985048,-0.20745596319850107,0.9487613768144381,-3.963107666721881,409,66.24711751662971,-0.3034203551726987,False,-0.26586191669220116,-0.3937144295932636,0.9115308517998454,-2.78367847040318,192,-0.4567556285841466
555,both,0.5,7,atr,5.697926676180829,204.79943910255622,points,6.085000262380051,371.12746016257904,960,100.0,5.0,200all,300,state,off,behind,0.25,0.31741742278883056,0.4451881550160401,1.0808341410457327,18.50319290380632,1206,195.339911308204,1.3776676802922725,True,-0.5919160625547425,-0.7903569215749601,0.8718297865277574,-10.326793381203556,510,-0.8379631808135742
555,both,0.5,10,atr,5.803057679882779,240.3092145585457,points,7.814776366477986,353.89132834207635,960,25.0,3.0,off,150,cross,off,off,1.0,-0.42905382880618487,-0.6118734007299708,0.8960598721417999,-21.403452200526104,1874,303.53813747228384,-0.56476151289423,True,-0.9209707938391741,-1.2549011319555725,0.7911813395230671,-14.879447737940623,803,-0.8264892551670078
555,both,0.5,7,atr,5.683368518796427,262.8126668744931,points,6.37324991886443,222.98020941146603,960,100.0,10.0,200any,150,state,state,off,1.0,0.44302773146733027,0.6369010991301143,1.1029095254959973,19.717439887769185,1312,212.5090909090909,2.0030455193955827,True,-0.1750116628896171,-0.24191533667333368,0.9639613275465572,-2.612212987365327,555,-0.3428371352763011
555,both,0.5,7,atr,4.353114457154955,294.8327007717925,points,6.96538892686163,369.4850905618677,960,100.0,0.0,cross,150,cross,off,off,0.5,-0.06804765196107085,-0.09994323429704009,0.9719561874539315,-2.0514784508448933,397,64.30343680709534,-0.12606067032611432,False,0.10801930098528892,0.155604322201617,1.0397621238148702,1.239679678920711,199,0.2378828164714066
555,both,0.5,7,atr,4.805926546261832,242.85839100964637,points,5.274381089611931,349.75044679274566,960,100.0,0.0,off,15,state,off,off,1.0,1.1325581226160322,1.7258470579798526,1.253386498405046,74.7705797018487,1674,271.14345898004433,5.374814264937324,True,-0.5220474162557132,-0.7037600131564868,0.9033910140482235,-11.64224812347607,718,-0.5588632551973793
555,both,0.5,7,atr,3.3554927329146866,174.03625721682243,points,7.034804169756314,376.12564365830605,960,100.0,0.0,off,30,state,off,off,0.25,1.0196055391410603,1.640399497738096,1.221808887016496,64.6655707849184,1675,271.30543237250555,4.3755569107313494,True,-0.5878766461240819,-0.8442718592206678,0.8949154352832209,-12.458822671477048,718,-0.6018645994512715
570,short,0.5,7,atr,3.6194236024357833,227.52025517422302,points,4.413437948875547,377.69981515627535,960,100.0,5.0,off,300,state,off,confluence,0.25,0.2782413771821341,0.4753354877891647,1.2663984235108898,3.248552296981054,86,13.929711751662971,1.5108195422164807,False,-0.29870789268879344,-0.43410642868838745,0.7783222080420533,-1.2854023510644554,32,-0.6402354851922394
555,both,0.5,7,atr,3.9683274022166684,258.4924184505004,points,6.0748885860666935,381.15055558430885,960,100.0,3.0,off,300,state,off,off,0.25,1.0051439819930281,1.5761912713069788,1.2223112398518674,65.10736292747981,1674,271.14345898004433,5.167022979582194,True,-0.604775638395523,-0.8371820198206279,0.8890729037374305,-13.199154404727569,719,-0.5843702827880883
555,both,0.2,7,atr,5.159017729864004,253.01383366482654,points,3.226642758212644,324.2642567462193,960,25.0,0.0,off,15,state,off,off,1.0,-0.30808794758569213,-0.449446340016883,0.9275132674010501,-15.02110817385126,1814,293.81973392461197,-0.5215894412829408,True,-0.6247941950327127,-0.8809913481680631,0.8562429413088108,-9.62543945301351,770,-0.7373000293238631
555,both,0.5,7,atr,5.8488106201111165,285.00504129746025,points,6.05028654265507,319.0144722539845,960,100.0,5.0,off,15,state,state,through,1.0,-0.03211651167865542,-0.05248936041626958,0.9836176794880036,-0.542447034349073,306,49.563858093126385,-0.12277238812270322,False,-0.06907143902132053,-0.1050101951942926,0.9690121150988127,-0.4618550908277461,146,-0.09331272798607229
555,both,0.5,7,atr,3.656015368571574,216.83528028597385,points,6.932898812133199,257.1359868189368,960,100.0,0.0,off,15,state,off,off,1.0,0.9522650636619605,1.4150469632535991,1.1967891560026795,57.751159648233205,1674,271.14345898004433,4.02678733334384,True,-0.6217534258001903,-0.8407735808404742,0.8932255282181755,-12.884189281644,718,-0.6580278044444844
555,both,0.2,30,atr,5.743608794751149,185.7622159223894,points,7.280883524811053,371.9896425766848,960,100.0,3.0,off,30,cross,off,off,1.0,0.6018872784677216,0.9214311061038082,1.1270262802356752,39.169775749239314,1650,267.2560975609756,2.390623971264279,True,-0.5659414542091434,-0.8044523709418272,0.8963146113766075,-11.821780454159793,697,-0.6637837261943975
555,both,0.5,7,atr,5.488462162850473,219.3625687383779,points,5.359594289683003,298.17641878853726,960,100.0,5.0,off,15,state,cross,off,1.0,0.8856707419189589,1.3229099739862078,1.189861047164682,55.539978936999134,1701,275.51674057649666,4.187444179187279,True,-0.6869047577650033,-0.9245045108329067,0.8774832810324611,-14.38477637406373,724,-0.6820472147030895
555,both,0.5,7,atr,5.059048269227473,282.71029073937325,none,2.2171397740619967,315.05490152313286,960,100.0,10.0,off,15,state,off,off,1.0,0.9903276719940275,1.5872545699617366,1.2380226971829453,69.49660546546498,1675,271.30543237250555,4.727237215922294,True,-0.32856116639561317,-0.46307344677761125,0.9357873814589615,-7.556571839491795,720,-0.4258607554559704
570,both,0.5,7,atr,3.1868134575314193,187.57353772563582,points,6.535311233400126,262.3699264406896,960,75.0,25.0,off,30,state,off,off,0.25,0.5309033119260625,0.7707239992946611,1.107727413441314,28.650529845500905,1727,279.7280487804878,1.291570018121439,True,-0.020929738309469426,-0.029021106246390184,0.9962170300392753,-0.3894943308292129,736,-0.035916931148183666
555,short,0.5,7,atr,4.907007044003676,258.6257354993562,none,5.667592627157365,357.40337768994095,960,100.0,0.0,cross,300,cross,off,off,0.25,0.23344749705364698,0.41768225239011253,1.1297992404401658,6.559701242433926,302,48.915964523281595,0.5255217826019569,False,-0.5762630291151908,-0.7705335585035177,0.7596439323939658,-5.366941290214422,140,-0.8940037543956654
555,both,0.5,7,atr,1.5667932717709823,295.01112933700597,points,5.432569876027306,222.07128499265428,960,100.0,5.0,off,300,state,off,confluence,0.25,0.4300537940389747,0.8494979201309735,1.284262604883509,5.667467614016764,160,25.915742793791573,2.0855414482407175,False,-0.18136585137223302,-0.2932754702262739,0.9155214604133954,-0.9673765036331656,81,-0.2332641432804535
555,long,0.3,30,atr,4.320394031224644,279.4517182212724,points,7.493058733137058,342.00509134602106,960,100.0,5.0,off,150,cross,off,off,0.25,0.4029896737948723,0.6094866360895153,1.0894681912431725,22.02627485044738,1357,219.79789356984477,1.0725829114836456,True,0.2233312438317715,0.35237073406168884,1.0460296980003911,3.9355103017415694,579,0.6699185277950335
555,both,0.5,21,atr,5.367132411050664,297.9018493916931,points,6.888206341930656,384.9622929432106,960,100.0,0.0,cross,300,cross,off,off,0.25,-0.03059992593198588,-0.046374058354675535,0.989743179178344,-1.1205250364002737,584,94.59246119733925,-0.04620648412480933,False,-0.05171718335864562,-0.07566763672525938,0.9847937523911786,-0.708816513476151,282,-0.09315172179853003
555,both,0.2,7,atr,5.654549000633445,253.66581430275488,points,7.3307440786397535,355.9170481448226,960,100.0,5.0,off,150,cross,cross,confluence,0.25,0.28468148336250204,0.4521508965959397,1.197967915084744,4.988777608911002,169,27.373503325942348,1.145270468845756,False,-0.7320812305053311,-0.9514932562156515,0.6614731894387308,-5.473482351940488,83,-0.9296401962501425
555,both,0.3,30,atr,4.634237309115509,182.08246666513543,points,7.768762531445569,376.4496436903186,960,100.0,3.0,off,30,state,off,confluence,0.25,0.9503837150271972,2.141964964249152,2.1108547381710787,14.54806460037823,107,17.331152993348116,7.335968422564132,False,0.05893942682857131,0.09896789933010221,1.0405880756008572,0.32756785342430117,52,0.1726520420255817
555,both,0.5,30,atr,5.665868710458008,299.4486049179565,points,7.152897821089812,395.7837688311962,960,100.0,10.0,off,300,cross,off,behind,0.25,1.1472723438594994,3.0301490549935406,3.447931632484496,14.90844039549761,65,10.528270509977826,13.521606458025003,False,-0.4774830174309261,-0.585749887484256,0.6179188817173354,-1.5559603065626124,26,-0.7578660586783933
555,both,0.5,7,atr,2.950993067330086,192.44096861535184,points,6.843627355798399,364.59507435260315,960,100.0,5.0,cross,300,state,off,off,0.25,0.33554432738156414,0.5511790045807766,1.119569739885565,11.5542248984836,574,92.97272727272727,0.6180039913677302,False,-0.08498344880803185,-0.12432828494577355,0.9749743317850675,-1.097578997595547,285,-0.13740531584698396
555,both,0.5,7,atr,4.917256467064859,201.74684687571823,points,6.826626085580897,341.9993890587306,960,75.0,5.0,off,300,state,off,off,0.25,0.951310862287858,1.4475418629429677,1.2213350086999113,58.759067694718446,1717,278.10831485587585,3.8740489777131994,True,-0.6721456996888576,-0.8928643126579505,0.8714840258599018,-14.542543204582419,736,-0.59630474455278
555,both,0.5,7,atr,5.976523627751925,169.60194844426434,points,1.9773098039028603,356.0049093180774,960,25.0,5.0,cross,15,state,off,off,1.0,-0.008359556901603558,-0.012735524893293522,0.9924407116529582,-0.10179346644984211,152,24.619955654101997,-0.03003440239357259,False,0.32517812456040235,0.4746080067899564,1.2864843859686936,1.904340262560547,91,0.6394989731853941
555,both,0.5,7,points,5.171026653808894,163.51727124075333,points,6.466319671736433,283.59436466871296,960,25.0,10.0,state,150,cross,off,behind,0.25,-0.5131406175047752,-0.7662413526690436,0.8751476743393508,-17.43011736106061,1313,212.6710643015521,-0.6984989204301519,True,-0.07732321126755352,-0.12356304803963633,0.9800824838467282,-0.8663568239060824,557,-0.19139801787225585
555,both,0.0,7,atr,3.9230039701794843,196.21507973707892,points,5.611092849673571,250.24522022825812,960,100.0,5.0,off,30,cross,state,off,0.25,-0.027891906152819963,-0.04005440744610494,0.9944707539111165,-1.276151261789785,1715,277.7843680709534,-0.059393413178216545,True,-0.41428153442065324,-0.5886272591232091,0.9230509030608054,-6.614395584524743,731,-0.6040760316799577
555,both,0.5,7,atr,4.130349932054492,278.90124635537734,r,6.962350264808755,380.44068120902836,960,25.0,25.0,off,300,cross,off,off,0.25,-0.3976767886067905,-0.568663618269586,0.9073296796463282,-18.20328759343769,1888,305.8057649667406,-0.692947945973392,True,-0.4491133589315922,-0.6452598073065378,0.8988574591146196,-7.122193665181579,816,-0.7274888899507161
555,both,0.5,7,atr,4.028005602823996,224.37666043244943,points,4.854713691161454,343.7690081576779,960,100.0,0.0,200any,15,state,off,through,0.25,0.33695166610317057,0.4977675613105977,1.0786167010703942,19.33343557963706,1311,212.3471175166297,1.2525228717405714,True,-0.6610463695605685,-0.8925858116628681,0.8665314543414349,-12.310505621228145,556,-0.8322817699521096
555,both,0.5,50,points,4.895927558208383,149.54239537150875,points,4.590317224620129,342.26226682283567,960,100.0,5.0,200any,150,state,off,off,0.25,0.1790234702369435,0.2990316528736186,1.0380482404058722,8.767505959410805,1351,218.8260532150776,0.6102173874421712,True,-1.0517806437471988,-1.6034731863790956,0.81251350203884,-16.661858564830457,568,-0.8798422731857378
555,both,0.5,50,atr,3.8421362470330003,143.15864165978283,points,7.553448227841515,311.4838168408725,960,50.0,3.0,off,300,cross,off,off,1.0,0.4694020969375436,0.7699579001909959,1.1039052395876887,23.75209853150932,1780,288.31263858093126,1.51189194462468,True,-0.8953036406394247,-1.353926400281655,0.8339878884262054,-14.454525337604323,761,-0.8497992198394616
555,both,0.5,7,atr,4.969660860947623,184.94319691479893,points,3.717375832696291,287.9955460043413,960,0.0,10.0,off,150,state,off,off,1.0,0.5813115689113348,0.7698433587685296,1.1180751468978107,46.592217842233325,1602,259.48137472283815,1.33570460193541,True,-0.12512941808918723,-0.16107300339235173,0.9775446492882933,-3.300157107817847,656,-0.2519621172408071
555,both,0.5,7,atr,4.706668603982774,231.78735229978213,points,5.589663734424368,397.0288363955618,960,100.0,0.0,off,15,state,state,off,1.0,0.407921449286951,0.6344365521822554,1.0878833764147688,21.632670888459717,1825,295.60144124168517,1.5136747075625159,True,-0.9580372763746869,-1.3557047951392958,0.8278817443502414,-16.63816615153302,770,-0.8908941577873168
570,both,0.5,7,atr,4.16155935098411,196.59547562430166,points,6.441358108313217,320.55142435204704,960,100.0,10.0,off,150,state,off,off,1.0,0.897784349607331,1.3276841033627418,1.195111060487262,58.009123260382,1679,271.9533259423503,4.732645161218296,True,-0.3347529839127717,-0.456513741043464,0.9380469660519306,-7.153528975271616,714,-0.5645987942534377
555,both,0.5,7,atr,4.14113147418185,289.78804612308807,none,1.435426512053316,361.1206706111688,960,100.0,0.0,off,300,state,off,off,1.0,0.939338242126244,1.556434032394941,1.2207186566747974,65.19899123320684,1674,271.14345898004433,4.190252689461895,True,-0.6288401459310133,-0.8915257627971,0.8817678855401876,-14.364147563434146,718,-0.6839871702765522
555,both,0.2,10,atr,5.925353887983695,233.6972636385162,points,7.052383034923408,291.410686195159,960,100.0,5.0,state,150,state,off,off,1.0,0.18422138227274562,0.2551025205421414,1.0410847264932213,10.935257137254732,1376,222.87538802660754,0.3771809169071729,True,-0.46107776665649114,-0.6128852014611171,0.9061636275615865,-8.985288708816505,565,-0.7630505085295024
555,both,0.5,10,points,5.493551695050193,216.3667784549761,points,5.24336213439843,247.70534009132396,960,100.0,5.0,cross,15,state,off,off,1.0,0.08849718503630159,0.1314749364852926,1.058282296582734,1.292566501257439,148,23.972062084257207,0.25056601332691036,False,0.04169865597151828,0.061274608567210315,1.0225560214166036,0.2590751325084361,87,0.09741704761176338
555,long,0.5,7,atr,3.1721551046319565,207.00810970765966,points,7.852426993776209,398.32845853171705,960,100.0,0.0,off,150,cross,off,behind,0.25,0.8326841987560207,2.1546728811284925,3.152609880308249,8.117214399626663,36,5.831042128603104,6.108542804119858,False,-0.24657461239046358,-0.34723520022905585,0.783194851433626,-0.8718068812953347,24,-0.5556518421001677
555,both,0.5,7,atr,4.435575221384828,45.677229193181844,none,7.8981951957184,267.26836175346364,960,150.0,0.0,off,150,cross,state,off,0.25,0.5701239564074484,0.948475342402666,1.1293892220451593,34.13626970798957,1806,292.5239467849224,2.8284607763604845,True,-1.0411584123717543,-1.373261733363742,0.8098192405534468,-21.108448495395322,748,-0.9024383029980638
555,short,0.1,7,atr,4.82092740149448,25.66815535141704,points,7.028745331633393,292.20657076846237,960,100.0,0.0,cross,150,cross,off,off,0.25,-0.032818072020932974,-0.04636315913768497,0.9818427372139334,-0.7531159210002665,222,35.95809312638581,-0.07974676044123799,False,-0.5840403101306352,-0.7314367751973796,0.7211499812138182,-4.820604416897771,90,-0.6550382202621016
555,both,0.5,21,atr,4.735831474285274,296.3349157972606,r,2.5901894743154252,376.38988231607146,960,100.0,0.0,off,300,state,off,off,0.25,0.6831926585580484,1.1269700412915349,1.1529607674422506,46.10629291419225,1667,270.00964523281596,2.392434493570805,True,-0.9934849247840237,-1.4044091988667244,0.8241788933276756,-21.439267743708637,715,-0.8540792627332849
555,short,0.5,7,atr,1.2741683389944156,174.60480509243368,points,5.947275831011936,301.0718633779063,960,100.0,5.0,off,150,cross,off,off,1.0,0.15517686897327768,0.2901905091912913,1.036628920678065,6.191026450065982,1236,200.1991130820399,0.5519415076411662,True,-1.2384672805628474,-2.028547690748129,0.763335888912588,-15.52634919864811,512,-0.915464837946396
555,long,0.5,14,atr,5.709807914041289,287.0559058617269,points,6.655250099149463,375.95754837123644,960,100.0,0.0,off,300,cross,off,behind,0.5,0.661503805420277,1.164354407272873,1.8915990615059903,9.006962032396382,71,11.500110864745011,4.388462541397022,False,-0.4705747534310813,-0.5788450120155854,0.6916920295133397,-2.140996605497882,42,-0.5893546081031955
555,both,0.1,7,range,5.792137679141357,249.84677461780757,points,5.645017045098465,379.8695594616489,960,100.0,25.0,off,150,state,off,off,0.25,0.4772490935459617,0.9183444738399641,1.1044726758216996,21.70081828040572,1723,279.080155210643,2.261624485926868,True,-0.7189681131287265,-1.1675942644699875,0.8695511160613537,-10.652512699526335,716,-0.8279348713512662
555,both,0.5,7,atr,2.9966023592199003,188.7348310089852,points,6.216546560679744,346.5200411833528,960,150.0,3.0,cross,30,state,state,off,0.25,-0.08901159554467793,-0.1375701427908078,0.9516178191192791,-1.8096477954851835,192,31.098891352549888,-0.23617350273221238,False,-0.5120967002371459,-0.6367512907764123,0.7706094539677297,-4.87794929505563,103,-0.7007888975315312
555,both,0.5,7,atr,4.499212666878833,149.62587037125616,none,6.870205892693069,390.2849134860169,960,100.0,10.0,cross,300,cross,off,off,0.5,0.013434743872366959,0.020611787188357714,1.0048756758940243,0.5044791265982234,573,92.81075388026608,0.024380017129819482,False,-0.04137195982656357,-0.0577987655809235,0.9872861070253409,-0.5931266330346023,285,-0.08457098412191054
555,both,0.5,7,atr,4.970319746539473,213.10810617779418,points,5.729559546369531,345.4116182950001,960,0.0,5.0,off,30,cross,off,through,0.25,-0.3566750517088798,-0.42680860000178766,0.718599627457707,-6.094229438280367,78,12.633924611973391,-0.8455988565283644,False,-0.20905463360369186,-0.2831913118134887,0.8711376208419281,-1.4477974627770014,42,-0.4713076324149827
555,short,0.5,7,atr,5.7740695676480955,230.00012847902883,points,7.628297564846678,335.06373339863865,960,25.0,3.0,off,150,state,off,through,0.25,-0.46233488622488084,-0.5524070499041588,0.43853387267943866,-4.0196587291882,39,6.316962305986696,-0.9961765301189528,False,-0.3909523126488527,-0.5030221965242219,0.5735558025774159,-1.0201674341897913,22,-0.8158081757801713
555,both,0.5,14,atr,4.1656656404437165,90.57264511719372,points,6.932495850108574,368.13515577315866,960,100.0,0.0,200all,15,cross,off,off,0.25,-0.4339366571172951,-0.46105270238598306,0.22046402841690155,-1.8547264332943458,5,0.8098669623059866,-1.0,False,-9.0,-9.0,0.0,0.0,0,-9.0
555,both,0.0,7,points,4.584504294904887,245.3808733806175,points,6.255416756768821,373.00750960043786,960,100.0,0.0,200all,300,cross,off,off,0.25,-0.003768612875474825,-0.005478529277137925,0.9968564940903539,-0.05087582629520315,84,13.605764966740576,-0.007765579823098837,False,-0.3623343252975315,-0.5070876591626462,0.7367723266794618,-1.6039911417008237,33,-0.634498316710298
555,both,0.5,7,points,5.723632424716402,230.3588025265464,points,4.923591584371985,361.7655259971396,960,100.0,5.0,off,15,state,off,off,1.0,0.7668326832955062,1.2088211656370558,1.158033858229555,48.06445600295108,1688,273.41108647450113,2.609890825785861,True,-0.506551018809781,-0.7355764199786192,0.910522815978824,-10.266281845891115,726,-0.5103256194156967
555,both,0.5,7,atr,4.2597758186563635,280.1068522718626,points,2.2956106189814554,293.8545062744983,960,50.0,5.0,off,150,state,off,off,1.0,0.6366321234245095,0.9519193948442991,1.1480951877371768,34.318121893867705,1779,288.15066518847004,2.2066275922270147,True,-0.8309333766387045,-1.1142191951403846,0.8344528451951589,-15.214597264744981,772,-0.8336924026930693
555,both,0.5,7,range,4.951337828869665,240.38496820286437,points,7.801943591182958,342.63607052897635,960,100.0,5.0,off,150,state,off,through,0.25,-0.25235387355860417,-0.4266256945534576,0.7828942300125984,-1.8619980548981432,71,11.500110864745011,-0.7274296264074863,False,0.00747725350473344,0.014461593602975465,1.0066306525930713,0.02551354000380912,31,0.013271335214451228
555,both,0.1,30,atr,5.247501815495954,193.67296798213354,points,5.829671323269978,322.53658399852935,960,150.0,0.0,off,150,cross,off,off,0.25,0.6530987323243466,0.990561447242204,1.1291849935367921,43.86117480875568,1624,263.0447893569845,2.687450291031428,True,0.012937696836311336,0.01813126375595857,1.00233468449497,0.29919623194909395,674,0.03455149337860453
555,short,0.5,7,atr,4.445305435648325,203.7791074514042,points,4.790494487872831,389.7736603566074,960,100.0,5.0,off,300,state,off,off,0.5,0.2748900456688127,0.4147705513379692,1.0683242144408822,16.02034080583592,1236,200.1991130820399,0.9784548029006762,True,-1.1976388492278291,-1.6017676635080964,0.7556069353176009,-21.93794173600741,512,-0.9085754532694912
555,both,0.2,7,atr,5.6661429663649425,240.29709110172598,r,1.9730360438402783,302.55277096756674,960,100.0,0.0,200any,300,state,off,off,1.0,-0.08997617989796992,-0.13015261954661686,0.9789495394005554,-5.897839195760203,1385,224.33314855875832,-0.2024860303341009,True,-0.6408407960177351,-0.8940410392018258,0.8664883571664185,-12.645914306546304,580,-0.7477888521280447
555,both,0.2,10,atr,3.672027480204914,248.7936439116723,points,4.078464246976805,310.5034835669256,960,150.0,5.0,off,150,state,off,off,0.25,0.6187895312150176,0.9459091850966556,1.1214764238070956,40.625359770940904,1627,263.53070953436804,1.78994843278412,True,-0.1719396996872585,-0.2411700681515547,0.9699441275295767,-3.85320617993733,677,-0.36147406517871755
555,both,0.5,21,atr,4.599189458168446,128.1492323807172,points,5.647181600631547,314.44430859212224,960,100.0,0.0,state,30,cross,off,off,0.25,0.2727165099452591,0.4075781602580076,1.0609402836080943,14.685852666959917,1316,213.1569844789357,0.5398719601736726,True,-0.749765174335769,-1.0424459210782886,0.8569943054624982,-13.736210675936348,548,-0.8034549972164087
570,both,0.5,7,atr,3.9729391285752373,225.64798357955993,points,4.919541834243434,382.38837306652414,960,100.0,0.0,cross,300,cross,state,off,0.25,-0.174984086847835,-0.26376613981675123,0.9431997639277279,-6.032238129945679,582,94.26851441241685,-0.2406923757341054,False,-0.31542587519788223,-0.44781294790936566,0.9087990599978767,-4.083096552822322,283,-0.4843317382601493
555,long,0.5,7,atr,2.318997463158504,241.95011114622412,points,5.319373912783529,392.60815277138363,960,0.0,5.0,off,150,cross,off,off,0.25,0.510586889544591,0.8065792003633061,1.1116098027437633,28.932299726492246,1260,204.08647450110865,2.175257477289425,True,0.15710366692781136,0.2504013484826394,1.0287084522734797,2.971651009920444,549,0.35088505083125876
555,both,0.5,7,atr,3.417100588763345,219.82313323213188,points,7.398846965323095,386.4405631804702,960,100.0,3.0,off,30,cross,off,off,0.25,1.0579566926207093,1.7029249423492268,1.2343990148688637,67.31327266821756,1674,271.14345898004433,4.51122646576351,True,-0.5997289405826184,-0.859478468492235,0.8917738293049079,-12.676378354810574,719,-0.5798471209604197
555,both,0.1,7,points,5.504859202108803,158.48885758242585,points,7.577325475881694,293.08209750155754,960,100.0,3.0,200all,150,cross,off,off,1.0,-0.060483853353229006,-0.09675146529640882,0.9234482403714731,-0.3890519088749834,32,5.183148558758314,-0.2426716066119418,False,-0.5948591950883423,-0.7759093743808616,0.5122586933129617,-1.6997920369331387,15,-0.5482114201111583
570,both,0.5,7,atr,5.719759718099587,204.60104431296512,points,6.818612992424206,278.4900901450931,960,100.0,10.0,off,300,cross,cross,off,0.25,0.8039044205416517,1.1761023214367514,1.1677923478491445,48.8995687380837,1719,278.43226164079823,3.34286074321594,True,-0.11697817265131802,-0.16131014102523666,0.9784255881189656,-2.3977649505534666,720,-0.23237065134722476
555,both,0.1,7,atr,3.63478447154255,199.93689727543997,r,5.7218872455274274,368.4753442376045,960,100.0,0.0,off,150,cross,off,off,0.25,0.5216303948634374,0.8524193410676411,1.1147669435452299,35.19796515749556,1647,266.770177383592,2.3554803894600123,True,-0.043535245180801554,-0.06722774632231757,0.9913468497853816,-0.971339828842714,698,-0.06913043619629386
555,both,0.5,7,atr,3.328031713116343,198.17018740642953,points,6.250933871523834,341.80528012179013,960,100.0,3.0,off,30,cross,off,off,0.25,1.136862153391324,1.8246283724578736,1.2479042820810147,71.62397795969952,1675,271.30543237250555,4.846149622018152,True,-0.7729049822953923,-1.0831145851692203,0.864317647236341,-15.901139907195592,719,-0.6853290793437772
555,both,0.5,7,atr,2.546598659468467,194.72803093174997,points,5.872917852211804,222.56510943538683,960,100.0,3.0,off,30,cross,off,behind,0.25,0.7896756592984111,1.5389911243379237,1.8975189699704536,9.289087728993787,82,13.281818181818181,5.771085776836111,False,-0.45308626746267433,-0.6076050809520241,0.7089624824987452,-1.8825180980742748,39,-0.554795859866996
555,both,0.5,7,atr,5.179222469324213,281.9300133454291,points,5.556889527529209,355.6457856281453,960,100.0,5.0,200any,300,state,state,off,0.25,0.43284175766739746,0.6730030705059918,1.1088544662319666,20.881363884609392,1312,212.5090909090909,1.69630169310413,True,-0.3476792203759757,-0.5014902812450798,0.9255035008100518,-5.419582030465072,555,-0.6815283370625155
555,both,0.5,7,atr,3.628161424784082,217.13753230401875,points,5.127909622661928,361.8501587035749,960,25.0,3.0,off,30,cross,off,off,0.25,-0.10120370174168161,-0.15674250589770553,0.975136256129561,-4.817072298315884,1882,304.8339246119734,-0.16672671071813838,True,-0.8199369106431533,-1.1839143583322413,0.8202172338062541,-12.846551080285906,815,-0.8633631857977002
555,short,0.3,7,atr,5.377372731755998,191.28692191775974,none,6.395574340549146,351.2979054995374,960,100.0,25.0,off,150,cross,off,off,1.0,0.10803206704734752,0.16791479676364265,1.0271109716906566,7.020863619742155,1308,211.8611973392461,0.3614816891242318,True,-0.887156746108646,-1.2223613704373149,0.810926997048155,-17.663203430075143,534,-0.9114869981471344
555,both,0.3,7,atr,2.2549121495682565,220.96375958372352,points,7.4969358306582015,347.683530669406,960,100.0,3.0,off,30,cross,off,off,0.25,0.4956930408827978,0.8431071524469519,1.1001838881338828,28.746076775059045,1691,273.8970066518847,1.6940697296724823,True,-0.8757031850766089,-1.317361185546472,0.8517055697273589,-16.281320564913763,727,-0.8808239381569317
555,short,0.5,7,atr,5.654038822366538,214.51467493998,points,7.81483037385523,389.9247622679072,960,100.0,5.0,state,15,state,off,off,1.0,-0.09230821785525474,-0.13223346513957018,0.9671922932592458,-3.9020059972226626,580,93.94456762749445,-0.21610090668719775,False,-0.3642435140040381,-0.4953582256788773,0.8799462744208219,-4.643896360114087,241,-0.43040652225916576
555,both,0.0,7,atr,4.6463038240261865,191.93897719648587,points,7.562160286473324,398.21633703263217,960,100.0,3.0,cross,75,cross,off,through,0.25,-0.21523930037041192,-0.2941701222946026,0.9068195802334638,-6.264181143963223,343,55.556873614190685,-0.41169375383130324,False,-0.33798091767836597,-0.46184387459476234,0.8749022857993535,-4.029833488876356,170,-0.48188185881450873
555,both,0.5,7,atr,4.6348497067831405,126.46598791392393,r,6.806111486547814,366.58283326931047,960,100.0,3.0,off,300,cross,off,confluence,0.5,0.19091556032451218,0.298114261352258,1.1038121949710789,5.066270284926947,280,45.352549889135254,0.9775216368993405,False,-1.064755573483898,-1.3175337386268895,0.6138296583285443,-10.18503662957686,142,-0.9529708474396954
555,both,0.3,50,points,5.402474551236657,153.3686734438283,points,5.928923158207012,349.28869724070057,960,100.0,10.0,off,150,cross,off,off,0.25,0.20613092676767153,0.336756561000041,1.0388919283722244,11.691681236514757,1680,272.11529933481154,0.6144241336353661,True,-0.6884773314064813,-1.0548258713857088,0.8852582829599644,-12.516697673852386,725,-0.8458845666115272
555,both,0.5,50,atr,2.996300307605155,223.28044259809846,points,5.564300890040234,270.08171570899765,960,100.0,3.0,off,30,cross,off,off,0.25,0.263330284834463,0.4232876667903992,1.0495628359163636,14.035950598233363,1737,281.34778270509975,1.0021499741116382,True,-0.7767967581408712,-1.2000285759312428,0.874244477770738,-13.149212258000004,756,-0.8007579676627659
555,both,0.5,7,atr,5.0943786483289495,293.3363262698096,points,1.4811946873196602,317.1294462468062,960,100.0,0.0,200any,15,state,off,off,1.0,0.2549504743605817,0.3581126976697193,1.05996731121801,14.860272658379499,1299,210.40343680709535,1.1893398504810835,True,-0.3429201573876891,-0.46281993662624094,0.9279204282365096,-6.440812505598386,550,-0.6287108607931221
555,both,0.5,7,atr,5.19100609620083,206.9443595827633,points,7.505119933206544,233.76487311472425,960,75.0,3.0,off,150,cross,off,behind,0.25,0.9995113913413293,2.0080278674666743,2.5838135229591277,11.81376412066127,82,13.281818181818181,7.8891178088851985,False,-0.2407522761658095,-0.31423328885409185,0.8249692843737577,-1.1459323515875701,40,-0.40969783671135657
555,both,0.5,7,atr,4.825094564330929,165.47571558994974,points,5.444873212287488,247.41866741717894,960,100.0,3.0,200all,30,cross,off,off,0.25,-0.5075875815409018,-0.529865756053788,0.21434823938692377,-2.8059314063842082,7,1.1338137472283814,-0.9209055962298105,False,-9.0,-9.0,0.0,0.0,0,-9.0
555,both,0.5,7,atr,5.4755885621204685,142.53038410945885,points,6.580970856364277,360.5052543861219,960,100.0,5.0,off,15,cross,cross,through,0.25,-0.5240068382378376,-0.6723230657662111,0.6010995639178108,-5.422590608616557,78,12.633924611973391,-0.9103283183265906,False,-0.4014318781347217,-0.5210291630224374,0.73406676448747,-2.6492410578539847,42,-0.5524431992095555
555,both,0.5,7,atr,2.5231476045794974,207.83575921233876,points,7.591987731666994,361.65396435463964,960,75.0,3.0,off,30,cross,cross,off,0.25,0.6381062475483329,1.0778860395083756,1.1391427612932954,35.778887826494184,1765,285.8830376940133,2.0395583931262564,True,-0.8710831469110113,-1.302294823108377,0.8471538141561246,-16.421409019996982,754,-0.7676831903813827
555,both,0.5,50,atr,4.5084200866823085,269.68737742455477,points,3.773870688972239,326.2878775682025,960,100.0,5.0,off,150,state,off,off,1.0,0.5355270342491701,0.8231644143701768,1.1087384799955515,33.27714816976502,1675,271.30543237250555,2.020873420005447,True,-0.801450700457129,-1.166873959979139,0.8637253392793662,-15.645735929661527,717,-0.8346407133757904
555,both,0.1,7,atr,4.463405622734418,182.21972875856343,points,7.047172490294512,398.7091934345629,960,100.0,3.0,state,30,cross,off,off,0.25,0.062287693992931756,0.09068925189662404,1.0138624311774072,3.797437760957802,1396,226.1148558758315,0.12749612045777378,True,-0.6316473007413008,-0.8574072404973262,0.872582095981617,-12.73798498740308,570,-0.8703107390181309
555,both,0.5,14,atr,3.4421879690871595,171.17395680847181,points,7.213130111438626,323.8783179481329,960,100.0,0.0,off,300,cross,off,confluence,0.25,0.6788532542956924,1.3607270233402067,1.5847775447182382,10.710417303600353,129,20.894567627494457,4.373067875415499,False,-0.5768059418059411,-0.8179212201466827,0.7223263166585226,-3.8206323126083297,67,-0.8001112004000436
555,both,0.5,7,atr,5.382877571175675,198.59075882459086,points,4.766811143217733,393.6039532744207,960,50.0,0.0,off,15,state,off,off,0.5,0.5436845755610844,0.8227795739168131,1.131070710502538,31.931535376722852,1777,287.82671840354766,1.8069427935904683,True,-0.5754691543466007,-0.803006439860207,0.879639628170551,-11.057123117011836,771,-0.5973004399075613
555,long,0.0,7,atr,5.689918857759455,65.56032000224843,points,7.114285157329178,373.68298924235955,960,100.0,10.0,off,15,cross,off,off,0.25,0.3438046598201524,0.4780871246672676,1.0777687839108576,21.253614828686025,1418,229.67827050997784,1.6812915588714221,True,0.31046326385745165,0.44282875392558063,1.0672320975922576,6.346330907501967,600,0.7881393694798108
555,both,0.5,7,points,3.0598072365259164,157.3643387831248,points,5.189211857953868,362.33225627791853,960,0.0,10.0,off,150,cross,off,off,0.5,0.34419176709303345,0.5530853044414544,1.0597193734472392,21.978716852331825,1664,269.52372505543235,0.7588880009987164,True,-0.4127505259578417,-0.635798371709644,0.937146449039757,-8.527361027564982,694,-0.6838454021691571
555,both,0.5,7,atr,4.990554396826743,274.61677326581787,points,3.2691480265848307,290.86328971743296,960,100.0,5.0,off,150,state,off,through,1.0,0.0852263879786039,0.12171899666450885,1.0399870693748685,2.1652885705344347,306,49.563858093126385,0.3791480456996375,False,0.26333416690266265,0.35668284344068957,1.119845476393747,2.7531426146208013,146,0.659118391139245
555,both,0.5,7,atr,2.498864286462753,263.5369542563762,none,5.621216005125446,363.1257848365812,960,100.0,3.0,state,30,cross,off,off,0.25,0.12409662145456747,0.2073556440468797,1.0290286856204203,6.52832631885439,1286,208.29778270509976,0.28066932599806427,True,-0.8057904953835974,-1.194317025783315,0.841637664294376,-13.494918049679622,534,-0.8446273583642432
555,both,0.0,7,atr,4.419708133739349,299.0368565597928,points,5.401764257851921,350.4621540456045,960,100.0,0.0,state,15,state,off,off,1.0,0.21285457278330522,0.3100017670954488,1.0465908427075838,12.93662032831837,1419,229.84024390243903,0.43879121593652176,True,-0.9858848666015829,-1.303576373300197,0.8126852996121608,-19.952810453777637,582,-0.8714990238186573
555,both,0.5,7,atr,4.87076353680458,284.21516347053216,r,2.6793367941745525,395.61014598862295,960,100.0,0.0,200all,300,state,off,off,0.5,-0.03892380927562175,-0.05704406712053874,0.990036977063351,-2.2676093913008293,1177,190.64268292682925,-0.10132343635078095,True,-0.4839270413973942,-0.6769170760972858,0.8894654260920788,-8.921810062001141,494,-0.6074564375260213
555,both,0.1,7,atr,4.520350558798123,258.0569492017995,points,5.179409649361715,298.0927636968998,960,100.0,5.0,off,15,state,off,off,1.0,0.6492544772379133,0.949638198980024,1.1353230625041129,41.69363798179048,1650,267.2560975609756,2.8518966538454813,True,-0.06402841112751938,-0.08804924698068006,0.9878212991412318,-1.364850191384317,701,-0.09889697523567569
555,both,0.5,7,atr,5.399566610726853,44.215371223396545,points,1.7951837241644022,274.6809461867451,960,100.0,3.0,state,75,cross,cross,off,0.25,0.3325913718264913,0.4855482411370459,1.0755559722520178,16.938222810652633,1292,209.26962305986697,1.138121104852921,True,-0.36363453582808725,-0.5108498162744876,0.9252723961730192,-6.262742366955134,533,-0.6192419628713349
555,both,0.5,7,atr,4.462975896959212,143.01055850601523,points,7.172986409115252,363.11288800333745,960,100.0,25.0,200all,150,cross,off,off,0.25,0.08511085368550858,0.12617553937256631,1.1230864595508194,0.6688316092516913,31,5.021175166297118,0.37173440306120786,False,0.0655515810420427,0.09832879518673106,1.0737593545136048,0.18115284921289682,16,0.10674644870410314
555,both,0.5,7,atr,2.808626655437098,204.2702401922691,r,7.346504977656003,300.06971978581026,960,150.0,3.0,off,30,cross,off,off,0.25,0.7177777758598435,1.240756564044572,1.1578872731969503,51.82065876984126,1652,267.580044345898,2.632697328384627,True,-0.8092066315988904,-1.1651005892334543,0.8645376763132699,-17.936461156013998,686,-0.8699670389316175
555,both,0.5,7,atr,4.110098998373089,212.6086027209872,points,7.54673345531772,370.46086004098976,960,100.0,3.0,off,30,cross,off,off,0.5,1.017079441248866,1.5761878396313982,1.2249549011891145,66.02803532316503,1674,271.14345898004433,5.649814906283338,True,-0.6827816437132048,-0.9320322730037252,0.8752986919960822,-14.916424812550364,719,-0.6599708273374103
555,both,0.5,14,atr,5.4689652331439325,212.31989867310742,points,6.444706182520209,220.1534576215023,960,150.0,10.0,off,30,cross,off,off,0.25,0.8555781534029268,1.1892235193436445,1.165887722518893,55.39430125659098,1635,264.82649667405764,4.815642899830401,True,-0.3250460967910685,-0.40398295519782357,0.9424870007127265,-7.7222363869344255,683,-0.6191842293523241
555,both,0.5,21,atr,3.3519996423265797,240.25754143077916,points,7.1042845203692675,380.0659033620468,960,0.0,3.0,off,30,cross,off,off,0.25,0.3024895171070054,0.4533335858652278,1.0571949651094408,21.896635914549854,1636,264.98847006651886,0.5725306929816579,True,-0.5735415722780364,-0.8487820387877598,0.9103106332291873,-12.744885888170444,678,-0.8674654027997457
555,both,0.5,7,atr,4.917083963956529,294.3241665115349,r,6.848204298031652,335.6595767372115,960,100.0,5.0,off,300,state,cross,off,0.25,0.801655043878681,1.3273894456754463,1.1881971480896607,54.539848702348806,1701,275.51674057649666,3.001294324704024,True,-0.5612895516325866,-0.8088870560977977,0.8932788508152265,-12.468074632537729,724,-0.6272415171047475
555,both,0.5,7,points,3.861291390461549,75.55365661421656,points,6.058250356192998,358.48143506533324,960,25.0,0.0,state,150,cross,off,off,0.25,-0.4477521079509834,-0.8604103907107781,0.8883750523184154,-14.385716107508214,1299,210.40343680709535,-0.5014540158606727,True,-0.36824077361942875,-0.7671923152622813,0.9081745926020992,-3.761484547238007,547,-0.5280334456969975
555,both,0.5,14,atr,5.379895242527111,166.83443201669482,points,7.370110792271926,346.0914929560645,960,0.0,5.0,off,150,cross,off,off,0.25,0.5005344653903323,0.6813679554854964,1.1018461612928245,41.131148261951566,1599,258.99545454545455,1.0421436131430504,True,-0.20917924561764023,-0.27208275311142416,0.9625137002775432,-5.484124987451404,653,-0.374454681722218
555,both,0.5,7,points,3.8349469531586853,205.27100788714807,points,6.361215003049287,315.8629418802228,960,100.0,5.0,off,300,state,off,confluence,0.25,0.7988730519121108,1.521316337967665,1.635743035124286,13.754535735006439,160,25.915742793791573,5.835606065125613,False,-0.5906005821500505,-0.849971089591006,0.7373327840562202,-4.237968024337451,81,-0.7798303085823076
555,long,0.5,7,range,4.126068606543392,281.2706060697292,r,2.5674705984231174,398.77815461449075,960,100.0,3.0,off,150,state,off,off,0.25,0.3629275323364751,0.6335974563974363,1.0880782617277045,12.38082909545648,1166,188.86097560975608,1.2106378333382024,True,0.1382126248861137,0.22351781324119555,1.0331093192151202,1.8516032500315207,491,0.23043591900184587
570,both,0.5,7,atr,3.649891840391509,148.71013583349276,points,7.670559750158462,356.0402931582605,960,100.0,3.0,off,30,cross,off,off,0.25,0.8506077478208678,1.2972735705341607,1.1856048840412607,55.20827527297465,1678,271.79135254988915,3.9292246513548212,True,-0.478877666664321,-0.6726956684586751,0.9121841870873159,-9.977590034757625,715,-0.6531215936692657
570,both,0.5,30,atr,5.621406381172822,210.5577777645945,points,7.057151931661493,288.00101386418567,960,100.0,0.0,off,15,state,off,off,1.0,0.3964335707856127,0.5651967671103765,1.0808536426629674,25.694346184245703,1671,270.6575388026607,1.5016637322289632,True,-0.3651662634232376,-0.512900095965441,0.9352755017757246,-7.518861016439402,714,-0.5770303136952888
555,both,0.5,7,atr,4.000281838730227,198.21710564089568,points,5.941822079176775,304.2963049655483,960,100.0,0.0,off,15,cross,cross,off,0.25,0.879515959482039,1.3626241556589265,1.18447888271599,53.62096247501897,1701,275.51674057649666,4.551881560648966,True,-0.6214985632217587,-0.8617219287688238,0.8904480903921456,-12.803969723615968,723,-0.6200262382577686
555,both,0.2,7,range,4.944823372683922,203.16990697066055,points,3.4076753399054343,353.1064120936562,960,0.0,5.0,200any,150,state,off,off,0.25,0.11805350253380786,0.20647040245679518,1.028757925429489,5.221977699923283,1192,193.07228381374722,0.29081737865547447,True,-0.7186727393030684,-1.1338730356418545,0.8577211921903597,-10.65551278384937,507,-0.6440349249506823
555,both,0.5,30,atr,5.003761949653075,281.0502614522997,r,3.583998871292579,357.98121778510483,960,100.0,0.0,off,300,cross,off,off,1.0,0.5538593434906859,0.8898272885886092,1.1232507129178282,37.72436758382802,1666,269.84767184035474,1.6457727905524921,True,-0.626530467751724,-0.9245525100567129,0.8850834832019583,-13.341200160059543,713,-0.7119840981605242
555,long,0.5,7,atr,5.347241802742872,117.21058928998517,points,6.174240756070188,347.0831067692063,960,100.0,3.0,off,30,cross,cross,off,0.25,0.5549627816833524,0.810535752235514,1.1361708282813765,29.186178050836727,1260,204.08647450110865,2.2168011687607794,True,0.08725730051949392,0.12610992992358064,1.0191434571460283,1.555742973244031,549,0.17944347654948092
555,long,0.5,7,atr,3.523920578095637,60.584806818933416,r,7.750902312925041,344.024131034165,960,0.0,0.0,state,150,cross,off,off,0.25,0.4337793879175875,0.6680511833571772,1.1317109922517472,20.946782521983742,736,119.21241685144123,1.3099310591232642,True,-0.3507874748795235,-0.4754144481542529,0.9160385020151364,-5.645148353781666,311,-0.321155627968513
555,both,0.5,7,atr,5.298542783657638,182.44252079038898,r,0.9968663854932291,250.6326718611461,960,100.0,0.0,off,300,state,cross,confluence,1.0,-0.10911423594510956,-0.16429664385281725,0.9601268957137447,-3.6026661656270624,493,79.85288248337028,-0.2875720748860366,False,-0.5671031021878722,-0.7437070640064778,0.8250003942466689,-7.125938669753487,248,-0.8317418669956835
555,short,0.5,10,atr,4.409204324357677,81.39900998500202,points,5.920317358363417,308.46211644064977,960,100.0,10.0,state,75,cross,off,off,0.25,-0.16797811321195985,-0.23973806356862848,0.9448001928150029,-6.382647828645727,591,95.72627494456762,-0.3371887328317751,False,-0.7231197114878654,-0.9471026905095887,0.7878380296262817,-9.012428159321601,244,-0.8291209045895873
555,both,0.5,50,atr,5.059869899440032,252.17214502792154,r,0.802109382805223,390.99471027599577,960,100.0,0.0,off,300,state,off,off,1.0,0.43995504289528475,0.6175499806741838,1.0852242706476352,25.789272160111373,1684,272.7631929046563,1.3730176172581547,True,-0.6992335647684073,-0.9073490129388404,0.8914483623331095,-12.665428377915935,717,-0.8427785237608005
555,both,0.5,30,atr,5.137862068197708,245.05159336478835,points,6.5221155987016814,361.3265172070645,960,100.0,5.0,off,150,state,off,behind,0.25,1.0126228792064416,2.551915190638973,2.8863496893926546,12.533214694434424,65,10.528270509977826,8.462865399754861,False,-0.451609321516346,-0.5717992327555041,0.6299737434201559,-1.387050158681532,26,-0.7173560837565653
570,both,0.3,7,atr,4.9306658985910925,152.59603681483742,points,5.950408102299971,352.4134904190346,960,100.0,3.0,off,75,cross,off,off,1.0,0.8610738829445559,1.313701135309779,1.187843757714893,56.75242199641345,1665,269.68569844789357,3.8110560658641255,True,-0.5757371444348172,-0.7735891217109248,0.8931930339532396,-12.635724973687429,716,-0.6883181144214223
570,both,0.5,7,atr,5.14199747201224,127.86475519402063,points,6.335639252639899,254.28470036164515,960,0.0,3.0,cross,150,cross,off,off,1.0,-0.521864519569383,-0.6338462518642533,0.8101114844406947,-20.266661784090694,393,63.655543237250555,-0.7634862199296103,False,-0.3110178696975581,-0.3628801637588915,0.8881568568298349,-5.004415915776292,195,-0.36991847739741873
555,both,0.5,10,atr,3.54038608065043,290.75207636777986,points,7.218033909483059,370.10003406236643,960,100.0,0.0,state,150,cross,off,off,0.25,0.27265861689327775,0.42215610200060005,1.0623178407383518,14.737403336232468,1303,211.05133037694014,0.49471124654285414,True,-0.7489684391428713,-1.0555344027513252,0.8529792802912398,-13.43928852665671,539,-0.8718643346617534
555,both,0.0,14,atr,3.022642427313312,213.76124085925403,r,2.1601314090133417,313.4367593180163,960,100.0,3.0,off,300,state,off,off,1.0,0.5305045148619085,0.8811122773585123,1.1088532416644035,30.59269214381022,1651,267.4180709534368,1.7742635485436686,True,-0.23031922265707017,-0.3736488335138407,0.9569273673062475,-4.596518966708052,697,-0.43882744699191506
555,both,0.5,7,atr,5.512996385305453,296.5909386736884,points,3.881068446448128,395.77473926110997,960,100.0,5.0,off,300,state,off,off,0.25,1.041991750729331,1.5744849693809602,1.2389648723501911,70.66353073347963,1674,271.14345898004433,5.340787433527805,True,-0.41674482057028345,-0.567190965823559,0.9203127551159971,-9.458004139748333,719,-0.45986674423865
555,both,0.5,7,range,5.179808655131886,247.3962684100934,r,5.270010889637147,298.8773737487527,960,100.0,5.0,off,150,cross,cross,off,0.25,0.2616039112726258,0.4619104294730196,1.0538487745316356,13.322350803219813,1987,321.8411308203991,0.8926806522936199,True,-0.8686492280028659,-1.3725408201191873,0.8496485715958948,-14.696121290430458,855,-0.9105033679528919
555,both,0.5,7,atr,4.151847709677064,257.6995662825268,points,7.249922553307617,304.4805182619201,960,100.0,25.0,off,30,cross,off,off,0.25,0.958114757060806,1.415575679511368,1.202682444619463,59.234227885858,1676,271.4674057649667,5.084198909581129,True,-0.43598141449830596,-0.5801275953695196,0.9229683542466904,-9.250362262985977,720,-0.47511822487661304
555,both,0.5,21,atr,4.445725065843811,111.68641361324923,points,5.200072358364153,288.83769081977465,960,100.0,5.0,off,150,cross,off,off,0.5,0.8268765499716074,1.2443668775126384,1.1722390771188704,50.74205075222915,1671,270.6575388026607,4.000086263387907,True,-0.8913922489930041,-1.2239415649394205,0.8482508281755051,-18.053763794284738,716,-0.8266615022666792
555,both,0.3,7,atr,5.6853113736700305,292.71112310359075,r,0.6151807363990223,259.31851350305607,960,100.0,0.0,off,300,state,off,off,0.5,0.5105164734613016,0.7073833897537316,1.104302258411665,32.2270945770335,1667,270.00964523281596,2.0891230238925185,True,-0.1538548153288479,-0.20606951116526617,0.9714867040656395,-3.2186699631291207,713,-0.24145666790681164
555,both,0.0,30,atr,3.97636302589346,292.59775920228975,points,5.752837839581213,360.2449378689361,960,100.0,5.0,off,300,state,off,off,0.25,0.7820989664885326,1.283826257307104,1.1638053293321327,46.78716764494536,1649,267.0941241685144,3.5834023143895215,True,-0.5094256075098931,-0.7766110608685188,0.9098364466082843,-9.862307550712563,701,-0.6863909869545274
555,short,0.5,50,atr,4.9006368184039735,221.2967856113675,points,6.060787641541218,381.1335725637234,960,100.0,0.0,off,15,state,off,off,0.5,0.2412616998456357,0.3802677379635588,1.0571684707149955,13.511313480475565,1298,210.24146341463415,0.8339703706324679,True,-1.1328060122557462,-1.642150442808519,0.7803612542361462,-19.401533732544575,535,-0.8933976064765485
555,both,0.5,14,atr,4.119148091236122,215.27813585215898,points,4.189338387670504,346.2845303840607,960,75.0,0.0,off,30,state,off,through,1.0,-0.06501078419186886,-0.09992834007268463,0.9663151183452449,-1.3917882722901045,261,42.275055432372504,-0.20540027567440516,False,-0.30938578588478227,-0.44099366998547646,0.8667720067905302,-2.435723270993757,125,-0.44681186124683864
555,both,0.1,21,atr,3.3098404256749396,206.69330553519552,points,6.515850648028145,354.34507542877867,960,100.0,5.0,off,150,cross,off,off,0.25,0.5766142319588919,0.9651276374964661,1.1179090321053193,33.74429225237559,1668,270.1716186252772,1.9882424450439382,True,-0.43531656692290077,-0.6737869424790103,0.9226339502045487,-8.222609940130376,709,-0.4878607933138412
555,both,0.5,21,atr,5.319315876694541,213.06315027320477,points,6.849338349463701,382.363756647774,960,100.0,3.0,off,75,cross,cross,off,0.25,0.6934330208854446,1.0899408254285383,1.1495459481699042,43.47064898188985,1690,273.7350332594235,3.715837177861259,True,-0.7397786556271574,-1.0505824956473258,0.8668514899059037,-15.129592974556562,716,-0.7356211190958188
555,both,0.5,7,atr,5.786208239843274,283.6469152489732,points,5.204379333193016,328.67016888017235,960,100.0,3.0,off,15,state,off,off,1.0,1.0722466407834819,1.57910305960989,1.2407527198339943,71.91965281230824,1674,271.14345898004433,5.06548425793424,True,-0.4798527302781389,-0.6409848967434878,0.9097501472861017,-10.725043121603807,719,-0.5061189946439527
555,both,0.5,7,range,3.4887870143983575,170.42487192995503,r,3.0644494868870518,315.7404920183614,960,100.0,3.0,off,300,state,off,off,1.0,0.45472732614631595,0.7821021159877093,1.0910769255745856,22.511363186509982,1988,322.0031042128603,2.2781461505952567,True,-0.9198930850528101,-1.3854889031290794,0.8490648562997396,-14.833243583546516,853,-0.8293467063639213
555,both,0.5,7,atr,5.282904826997222,263.52174841301996,points,5.338528559989395,376.88285791053954,960,100.0,3.0,off,15,state,off,off,1.0,1.0792413159968526,1.6359873542813463,1.2455086973779461,72.12904447533958,1674,271.14345898004433,5.503478948607264,True,-0.46848601913292287,-0.6361971053215792,0.9111932306415126,-10.479787298312836,719,-0.505306519618797
555,long,0.5,21,atr,3.450048913264576,184.56928435320745,points,7.937723147529862,325.6047158933767,960,100.0,5.0,off,300,cross,off,off,0.25,0.535105038081024,0.841086532630805,1.1229049473559132,26.89387364004212,1293,209.43159645232817,1.9987913718179338,True,-0.4087694203757619,-0.6264183250453675,0.9221156218059811,-6.889064917592628,565,-0.6467184004886563
555,both,0.5,7,range,4.541857745825833,299.3214837553553,r,2.261808615907159,377.62576357103075,960,50.0,0.0,off,300,state,off,off,1.0,0.08808507458696796,0.142139264760626,1.0173666917046567,3.5182178491481704,2020,327.1862527716186,0.2527160403398199,True,-1.2040470266342282,-1.7997698466685363,0.7920984942827483,-16.07198257348798,861,-0.8483559877638585
555,both,0.5,7,atr,5.472510151059271,250.9343131572459,r,5.306500715523304,278.74468234821643,960,100.0,3.0,off,15,state,off,off,1.0,0.9752873567859937,1.5560859908043554,1.2351970205583787,69.7247094773263,1674,271.14345898004433,4.32777878826196,True,-0.4662077252440046,-0.6507232341897677,0.9085123776475279,-10.847227104435898,719,-0.5480778751984341
555,both,0.5,7,atr,4.358274795616991,269.00506992166925,points,6.0262201945028675,357.6721236969483,960,50.0,3.0,state,15,state,off,off,1.0,0.2539119769788437,0.37763460670368293,1.0689046927568904,12.223193604712918,1285,208.13580931263857,0.8096194059164595,True,-0.20618080193539864,-0.2855598503186894,0.9469386037472668,-3.297143711422871,535,-0.36091035612641964
555,both,0.1,7,atr,5.8012129161307096,262.13126534529687,points,4.689755159974063,356.3559881680014,960,100.0,3.0,off,15,state,off,off,1.0,0.6314643678517063,0.918578737946009,1.1366533328525044,42.91642953579714,1649,267.0941241685144,2.675529205434602,True,-0.08178969520413429,-0.112820211871905,0.9838555025943845,-1.783698294565351,698,-0.11216928909120727
555,both,0.5,50,atr,4.89341660015226,223.12931933457497,points,5.834832641866861,397.9025365526932,960,100.0,3.0,off,15,state,off,off,1.0,0.604742551491094,0.9449791990481935,1.1288407863592278,39.38525082275576,1666,269.84767184035474,2.1769315903684237,True,-0.5843950864103519,-0.8682004996994512,0.8953767274743435,-11.93554043416401,715,-0.7097837828774959
555,both,0.5,7,atr,5.30244712898016,262.9131426178544,points,3.951292065368895,398.40164776442555,960,100.0,3.0,200all,150,state,off,behind,1.0,0.19144016828841925,0.2730622682722505,1.0468753853838175,11.438511107090084,1262,204.41042128603104,0.5956026758132177,True,-0.826199035051889,-1.0911023340237638,0.8276666520584137,-15.087482475638488,539,-0.8806462817418658
555,both,0.5,7,atr,4.6729473689464465,264.71525978600664,points,5.103067893063327,338.6742811398545,960,75.0,3.0,off,15,state,off,behind,1.0,-0.5019593651462647,-0.6696231478779322,0.774920374152547,-11.504631662642185,259,41.95110864745011,-0.7898183345358641,False,-0.7942540769446259,-1.0238530329130993,0.7045105233701743,-7.135617912823013,149,-0.9119918417836607
555,both,0.5,7,range,5.929472881593967,261.1860549199974,none,5.3821452260317475,223.35766240632103,960,100.0,3.0,state,75,state,off,off,1.0,-0.2344950917936151,-0.4293842012632103,0.9393229104002493,-9.770565722622775,1196,193.72017738359202,-0.3918150058562703,True,-0.9290044968116058,-1.4829985371195502,0.8017381299467192,-11.950809953377954,503,-0.7777619417205601
555,both,0.5,14,atr,3.36741641851089,240.53942139541581,points,5.7188063532845135,325.2196951083216,960,100.0,3.0,off,30,cross,off,through,0.25,-0.15108276215984326,-0.24247357800876396,0.8556511287298622,-1.3642161244338582,54,8.746563192904656,-0.30830173559733887,False,0.09185985284674153,0.14893961931355987,1.0698919977805468,0.5048885205185034,33,0.13690665049083442
570,both,0.5,7,atr,4.34065767894706,39.63268513158545,points,7.729332307023199,320.39127717315847,960,25.0,0.0,cross,150,cross,off,off,0.25,-0.6340913949227928,-0.8556204298039918,0.7179674244985201,-14.680635185539924,407,65.92317073170732,-0.8648069310611302,False,0.18465013480321532,0.2739616626323679,1.0873159405011745,1.6373894731623864,204,0.49486411465719937
555,both,0.5,7,atr,4.527276099820185,275.82300222825177,points,5.899072405144702,271.601252442066,960,100.0,3.0,200all,15,state,off,off,1.0,0.16164379355674843,0.2221269476587438,1.0385425601013434,8.664207519941705,1177,190.64268292682925,0.5276764091717973,True,-0.3140386030887338,-0.4217464265893631,0.9316840698053239,-5.431590865871923,494,-0.5560398638355069
555,both,0.0,21,atr,5.81909022587732,193.29283857144773,points,4.701257194690603,381.471666597915,960,100.0,5.0,200all,150,state,off,through,0.25,0.2027198913378325,0.29411320789012246,1.0473238897287824,12.064619771779935,1317,213.3189578713969,0.6561150157513388,True,-0.7620344768406766,-1.0333372186099161,0.8482797002066399,-14.435895842119589,555,-0.8872916009646257
555,both,0.5,7,atr,5.604263100071383,283.00048472357145,points,2.6496057002610325,396.40330635819527,960,100.0,3.0,off,75,state,off,off,1.0,1.034445018031064,1.5615793789259844,1.2373180243373574,70.40708119635448,1674,271.14345898004433,5.340508972865531,True,-0.40219606801297286,-0.5503412052010177,0.922910321685994,-9.08876563157997,719,-0.43245844210950046
555,both,0.5,7,atr,3.330156285307589,171.428257593309,none,5.609013680975523,383.3565695066826,960,100.0,25.0,200any,15,state,off,off,1.0,0.31014939488130927,0.4838475524705412,1.075394827481813,17.377301009146542,1299,210.40343680709535,1.2329573200797939,True,-0.5507046368511009,-0.7950921339012988,0.8875337080098443,-10.211376512750268,550,-0.8554676760216942
555,both,0.5,30,atr,5.067892912926991,112.54927228450975,points,7.683350054182874,353.96546666543117,960,0.0,10.0,off,150,cross,off,behind,0.5,0.42695101348092396,0.5856361939762388,1.395351114817829,9.438799243303762,109,17.65509977827051,1.9510305898389801,False,-0.5037511343329029,-0.6770523646805274,0.7182816157710901,-2.576003130965154,45,-0.7032179708066802
555,long,0.5,14,atr,3.0823332568469857,192.47766382147506,points,7.667995952532453,394.87857389497253,960,100.0,3.0,off,30,cross,off,off,0.25,0.5294614433608648,0.8535704816958943,1.125040851904438,26.76627611163926,1282,207.649889135255,1.8892696371329625,True,-0.18309666204150307,-0.2890972773495501,0.9633152865624004,-3.1452111176459923,560,-0.4590678395239811
555,short,0.2,7,atr,3.344946498013157,220.126807003458,points,6.4373383778601765,259.89710322909866,960,100.0,3.0,off,30,cross,off,off,0.25,0.15453465678225223,0.22883691545049448,1.0330705590779823,7.986568363754856,1335,216.23447893569843,0.6030090880616136,True,-1.0336235172578696,-1.3912809999946878,0.8044865394670562,-17.95620496814746,550,-0.905834697853108
555,both,0.5,7,points,4.327661959015723,277.7490875008742,points,2.6308688446518227,287.59435969205316,960,100.0,3.0,off,15,state,state,off,1.0,0.48464522673644145,0.7569969130912635,1.0987970599157415,24.12904859958796,1829,296.24933481152993,1.987592118613401,True,-0.7164954138831977,-1.028727679503718,0.8741027247965868,-11.754434279901206,772,-0.7068323309936019
555,both,0.5,14,atr,3.9510496831683053,210.2624814449301,points,6.864430934105772,397.30871815919176,960,150.0,5.0,off,150,state,off,through,0.25,-0.007955078740155599,-0.013033061274619872,0.9919801321684839,-0.07840280898475194,54,8.746563192904656,-0.026691188646389447,False,-0.20305445821505927,-0.30111206664855544,0.8577072311257137,-1.133238743073959,33,-0.2648215065941893
555,both,0.5,14,atr,5.8444909627729515,169.48051937979855,points,6.08675007213978,289.9081764160336,960,50.0,5.0,off,15,state,off,through,1.0,-0.3905881482992105,-0.5157579037923853,0.800083008762889,-7.776091066964792,261,42.275055432372504,-0.8978517286717321,False,-0.37320407665295235,-0.48697260151301347,0.8097441004768561,-2.8857034763983975,125,-0.6878691048674461
555,both,0.5,7,points,5.564583465267316,81.76987780545502,points,7.35458954648267,304.57736623272615,960,25.0,3.0,off,75,cross,off,off,1.0,-0.43768483458520935,-0.774431661976379,0.9089443892886319,-16.658677349394488,1943,314.7143015521064,-0.5745810345891472,True,-1.14516708226747,-1.9856928756745096,0.786234910342197,-13.9126910824795,868,-0.8442921948935322
555,both,0.2,7,range,3.9772585303555945,115.87780694278942,points,7.695712249597655,371.4971262728552,960,100.0,10.0,off,300,cross,off,off,0.25,0.5046793855958592,0.9773728820888229,1.110601038307769,23.906448113876333,1787,289.44645232815964,2.327370591170636,True,-0.9550079567396962,-1.5406613409735126,0.8296505594862991,-14.479367354834705,748,-0.886183876526465
555,both,0.3,21,atr,5.260381305047528,238.07300480493697,points,5.829528333110543,310.6086986143132,960,100.0,3.0,off,150,state,off,off,0.25,0.6760484625034632,1.0142816076945311,1.1403583242219546,43.42172544479827,1652,267.580044345898,2.439105988247949,True,-0.48258606087306904,-0.6778591000479623,0.9131544066838051,-9.851288045906673,706,-0.6491673252128044
555,both,0.5,7,atr,4.478865521196422,240.72001982846555,points,5.719435154108194,348.7122248884057,960,100.0,3.0,off,15,state,off,through,1.0,0.1106619810687971,0.16540198492344005,1.0536778434046057,2.808843162833679,306,49.563858093126385,0.49819471276571187,False,0.17136591747599322,0.23593706204838372,1.0782222824918806,1.7474065578687221,146,0.4238727309219409
555,both,0.5,7,atr,5.993323821349296,269.3628668537959,points,5.6832625278464155,293.395166972625,960,100.0,5.0,cross,15,state,off,off,1.0,-0.0040557320873256045,-0.005770095972211124,0.9971523380771741,-0.06663401421172743,148,23.972062084257207,-0.010797589113882577,False,0.43955730870845017,0.6279793446821228,1.2879283994462294,3.2688361697889023,88,1.282325928462753
555,both,0.5,7,atr,3.5109538306578942,150.98267491293296,points,5.8408550644754635,304.1953512790772,960,0.0,0.0,200any,150,cross,off,off,1.0,0.3492382807387192,0.5072242477909316,1.1889088225473103,9.725973059710585,216,34.986252771618624,1.45754479569565,False,-0.17755657179068793,-0.246804776988158,0.9259487286352278,-1.6506957376299192,89,-0.265310665773424
555,both,0.0,7,points,4.407531248853907,249.2179771375103,points,4.623891892786729,294.16629867283643,960,100.0,5.0,off,150,state,off,off,1.0,0.5895931754808075,0.8779146053945569,1.1183443095350345,35.90390319542055,1644,266.2842572062084,2.228813480977573,True,-0.08539024814453253,-0.12210244492337248,0.984363649306678,-1.7520711707943892,699,-0.15728343766996541
555,both,0.5,7,atr,5.22675382976335,245.29662980752306,points,4.911027481224924,282.97023146179095,960,150.0,3.0,off,30,state,off,off,1.0,1.0578175750178198,1.5235408530680825,1.220926619055376,74.02925953931668,1636,264.98847006651886,5.382761126556756,True,-0.3881363887742954,-0.4913032328493148,0.9285778817572607,-9.793901417872444,679,-0.698854713816019
555,both,0.5,7,atr,4.776629626711771,260.2622681583332,points,3.729546718947528,282.83059529269127,960,150.0,3.0,off,30,state,state,off,1.0,0.6410859363230594,0.9675089251845513,1.1329600705595,34.965728473925104,1806,292.5239467849224,3.2295654431226586,True,-0.8318764729472983,-1.072233067127337,0.8476603648662749,-16.982972394496915,748,-0.8570235618028338
555,both,0.5,7,points,1.673571385203931,197.8714042830082,points,4.014111607754362,373.0195289504988,960,100.0,3.0,off,30,cross,off,off,1.0,0.6659581640372894,1.0765543920843534,1.1344760277086396,40.36178773503579,1697,274.8688470066519,2.1792279553024936,True,-0.5922540688444983,-0.8816609671308112,0.8966754685231831,-11.766069322111722,733,-0.582987926416095
555,both,0.2,21,atr,5.921107661760636,173.54887013364092,points,7.518809626720833,329.68929788515226,960,100.0,3.0,off,150,cross,state,off,1.0,0.24784387785050066,0.37747574508158893,1.0521445330186971,12.202369717684997,1758,284.7492239467849,0.7392577002148886,True,-0.4196849693275238,-0.6129068747463305,0.9203125683094736,-6.842091917486326,738,-0.6223313590739238
555,both,0.5,10,atr,5.884902137806898,200.83895434446788,points,2.636735355735552,383.8106975877386,960,25.0,5.0,off,150,state,off,off,0.25,-0.4384212609475329,-0.6249724839343072,0.8937345105516419,-21.97392932822798,1876,303.8620842572062,-0.6073737953233673,True,-1.0194848653827016,-1.3803843248349656,0.7700116146869931,-16.478818447499552,803,-0.9099844073051068
555,both,0.5,7,points,4.120441647618749,270.47454685620806,r,2.747215467008619,342.285135568335,960,100.0,3.0,state,300,cross,off,off,1.0,0.19991903563525837,0.31614079797582184,1.0484447685026057,11.626091709376787,1284,207.97383592017738,0.43270467559202436,True,-0.4583217088792921,-0.6602866350739012,0.9027629839123673,-8.285249640305686,534,-0.6793363523898667
555,both,0.5,14,atr,5.267465091991956,240.99453021017388,points,4.225446076240453,239.98885204710643,960,0.0,5.0,off,150,state,off,off,1.0,0.4938972824218866,0.6571936792438559,1.0949369760015586,36.35858938120174,1610,260.7771618625277,1.54440722171963,True,0.12527222283145226,0.16152039768432486,1.0222894486435175,3.0796153739137795,658,0.3024144385674842
570,both,0.5,7,atr,4.373842594929039,275.27155812282444,none,6.248335819594305,367.87938311489637,960,100.0,3.0,off,15,state,off,off,1.0,0.8391730472725432,1.3511695976983336,1.2008228522035937,60.11856807280331,1678,271.79135254988915,3.174161233432513,True,-0.4753925683674955,-0.6660750938946509,0.9083952748929867,-10.625613210022676,714,-0.6957768261569051
555,long,0.5,7,atr,5.452195315126004,279.03022771188995,points,4.9710445505292435,307.24803221931745,960,150.0,3.0,off,30,state,off,off,1.0,0.6377185315172931,0.8756509770509918,1.1534596902299181,38.891409718693374,1260,204.08647450110865,2.2053464329046797,True,0.3718840113812114,0.5175362252447929,1.0769952909272462,7.468517579787703,549,1.0110403115878073
555,both,0.5,7,atr,4.279417339648641,84.03209101013115,points,7.38848101153189,343.7226128055744,960,50.0,25.0,state,150,cross,off,off,1.0,0.2244716169415935,0.3157198036077543,1.0573873253236263,10.11597520255177,1285,208.13580931263857,0.8648585617916482,True,0.047402023960671315,0.06374826309839318,1.0117772860795073,0.7338464582049824,535,0.08340665608423471
555,long,0.5,7,atr,5.263111603630386,178.00578416857687,r,7.582378221019494,367.29046532534613,960,100.0,3.0,off,75,cross,off,off,1.0,0.47130916580231913,0.6889537248388575,1.1222313674161797,27.04112931172952,1260,204.08647450110865,1.6853036506412804,True,0.1600753971624589,0.2253168342929109,1.0368208128901701,3.0922954769209587,549,0.3268927508521555
555,both,0.5,7,atr,5.6577557267006044,299.33360393942206,points,5.623634801312968,321.29119151572496,960,75.0,5.0,off,15,state,off,off,1.0,0.8327604947471178,1.220999380952196,1.1920513282017058,51.656164083122164,1717,278.10831485587585,3.7651375925262145,True,-0.5660369085295387,-0.7520994370664559,0.8906309114107,-12.129569904309305,736,-0.5159724778159225
555,both,0.1,50,atr,4.545609924609749,213.5435338199382,points,7.99017497231054,232.03199520315647,960,100.0,10.0,off,150,cross,off,off,1.0,0.5117495501036254,0.7554816372624692,1.0977019917272348,28.79041862358252,1655,268.0659645232816,1.8899076315910508,True,-0.2588784049406828,-0.37299576771379944,0.9563264228065429,-4.796269151714856,708,-0.3418233369666039
555,both,0.5,21,atr,3.8929015365061206,263.4061365250965,points,5.916203700403001,299.2664041315551,960,150.0,3.0,off,15,state,off,off,1.0,0.7558235923724127,1.159266036769371,1.1487612448934619,49.027106978508534,1644,266.2842572062084,3.0466773979375557,True,-0.4350108642984117,-0.6122596591168487,0.9270845851399957,-9.364726632574286,689,-0.8135527808909292
555,both,0.5,7,atr,5.509533523075576,195.26756602189334,points,4.178419590892467,321.8543827435522,960,150.0,3.0,state,30,state,off,off,1.0,0.5327274064991728,0.7537353253281278,1.1227944595034978,33.20581364835099,1283,207.8118625277162,1.7660299319092299,True,-0.3484661828795324,-0.437608056567238,0.9243574381061392,-7.884319238113051,530,-0.5208710746813935
555,both,0.5,50,atr,3.933761865927187,239.8392115257459,points,5.494056792693889,215.3320923793033,960,150.0,3.0,off,30,state,off,off,1.0,0.5074449234929853,0.7495627471904993,1.091014116571764,29.912746951694132,1658,268.5518847006652,2.4313747987701384,True,-0.41377426013447804,-0.5790629768363007,0.9357945003323935,-8.01908409161845,702,-0.8166367582462815
555,both,0.3,7,atr,5.202933100124065,197.97022412745952,points,3.6872599356432545,393.1282237132664,960,50.0,25.0,off,150,state,off,off,0.25,0.2362917598651279,0.3388924645407119,1.053097906862959,12.918879577065898,1754,284.10133037694015,0.5575121287980436,True,-0.40246378289226603,-0.5451036799953457,0.9184373379704204,-7.097587760331587,758,-0.5787304938078266
555,both,0.5,7,atr,5.568565654774637,295.38110111263154,points,3.3445178635957995,241.05057256943024,960,75.0,3.0,off,30,state,off,off,0.25,0.7245884203121531,1.0152553686013799,1.1591323033347298,42.710055728586966,1717,278.10831485587585,2.8235356278442474,True,-0.5427860630243565,-0.7022392027419831,0.8981309727094308,-11.284738086259706,736,-0.5512320024943106
555,both,0.5,30,atr,4.780354419479446,232.02655551987,points,4.645028006016499,297.6307558356357,960,100.0,5.0,off,15,cross,off,through,1.0,0.0806398040437827,0.12529468120462195,1.0433456712778386,1.6469388625673824,222,35.95809312638581,0.30012073307790343,False,-0.06254215529916446,-0.09223465110919181,0.96925579621723,-0.4529365752475793,98,-0.09518687126973913
555,both,0.5,7,atr,3.9899413725261974,267.77769942225774,points,7.73396411287563,345.9548112188776,960,50.0,0.0,off,300,state,off,confluence,0.25,0.2808191463546993,0.49261673207611223,1.23117222885364,4.134353036456302,160,25.915742793791573,1.764365494102773,False,-0.4647641361034845,-0.6303892670907806,0.7395146015451174,-2.907335224158449,82,-0.5939565379640724
555,both,0.3,7,atr,5.294610248440005,239.65384552576333,points,3.7615953610666386,238.5523211705991,960,150.0,3.0,off,30,state,off,off,1.0,0.5565540527597775,0.7699845970440324,1.1082382237326487,37.33459447531072,1624,263.0447893569845,2.6474062984926996,True,0.030392471915996446,0.038372275275172535,1.0057000832242922,0.7414566085627712,678,0.06636582825346955
555,both,0.5,7,atr,4.981010378467243,287.4258720352993,points,7.5702315597219485,388.1698974888561,960,100.0,10.0,200all,150,state,off,off,0.25,0.15167074047641785,0.21510674642415434,1.0379445159831469,8.634121941961265,1177,190.64268292682925,0.4990909968530172,True,-0.43719752028190345,-0.5865373272504606,0.9026061309510388,-7.771559157247233,494,-0.6683750850490895
555,both,0.5,7,atr,3.6594071076830597,297.92634417719745,points,5.239793704751722,283.07971655405385,960,100.0,10.0,off,15,cross,off,off,1.0,1.0038440562111581,1.509394912863458,1.2121008236863138,61.72732666446076,1675,271.30543237250555,4.399228529297455,True,-0.6289817875575521,-0.853784386850806,0.8910502298256107,-13.049382886416893,720,-0.6369636771233881
555,both,0.2,7,atr,5.143695368793174,291.74600174668933,points,7.163553993363221,292.7685887456566,960,50.0,5.0,off,150,state,off,off,1.0,0.4198195378867909,0.6078930953279634,1.0961348668244002,23.31517850318845,1740,281.83370288248335,1.4377245177720792,True,-0.7514361164441925,-1.0074858165131086,0.8473296088706552,-13.655452494147895,742,-0.7610579283256629
555,both,0.5,7,atr,5.9136506176143,283.40074245736884,points,4.93902956433361,245.29278770218232,960,150.0,3.0,off,300,state,off,through,1.0,-0.020642337887291768,-0.027685912531042044,0.9912479638519741,-0.5636098995266101,306,49.563858093126385,-0.043671458428077195,False,-0.15324531541089062,-0.19129807734349108,0.941602713263275,-1.774703330983014,146,-0.3428005524510239
555,both,0.5,7,range,4.468700422860646,256.97328092560207,points,7.506286672581446,337.5976832948831,960,100.0,3.0,off,30,cross,off,confluence,0.25,0.1332347786446497,0.27487208215302894,1.0973179816109684,1.558973574921659,145,23.486141906873613,0.6196399800394816,False,-0.17651835259660462,-0.29090525743742063,0.8929000712962984,-0.8345662803662524,66,-0.2575494780844078
555,both,0.5,7,range,5.574035613222279,237.74654519071453,points,5.5306700588482585,225.1750583459637,960,150.0,25.0,off,30,state,off,off,1.0,0.6984233313291659,1.1186554332956027,1.126108917445113,34.294549257832315,1974,319.73547671840356,3.4912096105506225,True,-1.0441399084350345,-1.4662793293387435,0.8462905347490796,-17.773893510710195,842,-0.9134108305509125
570,both,0.5,7,atr,4.47995791223511,272.973246657872,points,6.929690335845752,336.0501538342742,960,100.0,0.0,200all,300,cross,off,behind,0.25,0.6586357264402127,1.0940939414907442,1.480912997216782,11.810787231627701,162,26.239689578713968,4.2421965761058145,False,-0.4637836057289454,-0.6065017685047758,0.7357623511765952,-2.551105564697089,57,-0.4251186916511499
555,both,0.5,7,atr,3.0071555241240153,267.6719937630492,points,3.529106083779199,345.23632066632325,960,150.0,10.0,off,30,state,off,confluence,1.0,0.09681882310550893,0.15308188827036087,1.0331025904543834,3.2669425496712945,482,78.07117516629711,0.23064451037705488,False,-0.547309946188105,-0.7496367201744013,0.852074088486624,-6.715459065689355,242,-0.9459606485617738
555,both,0.5,7,atr,2.656906613925168,240.2339640727289,points,7.606922120486328,234.90837015464564,960,100.0,3.0,cross,30,cross,off,off,1.0,0.09420651409222963,0.14271289307918403,1.0517640795739187,1.6848375457591405,191,30.936917960088692,0.37926162597732976,False,0.24325150964192038,0.3532698148965726,1.12674245342229,1.7226765401978705,103,0.505505515704361
555,both,0.5,30,points,5.455522019995156,151.03448754539588,points,6.2837646876215185,342.85150431222206,960,100.0,5.0,off,150,cross,off,confluence,0.25,0.7702533270578582,1.6308556116584303,1.8011011444647522,11.644659091504007,106,17.169179600886917,5.238660179593076,False,0.08389145591032192,0.14316894723511436,1.054694444316451,0.4360855651827166,54,0.2037063785394452
555,both,0.1,7,atr,4.164588805207606,156.02904777356773,points,7.69148687249694,377.573259591697,960,100.0,10.0,off,300,cross,off,behind,0.5,0.27201722111913584,0.41558170985765325,1.2034811705752118,4.469398974697836,136,22.028381374722837,1.5953196319790943,False,-0.9573815764211416,-1.1127113929907966,0.5222863402633523,-5.669049545357687,73,-0.7666557421843067
555,both,0.5,10,atr,3.5500774345873953,281.5748444316945,points,5.871119964653074,321.27974476044824,960,100.0,3.0,off,75,cross,off,off,1.0,0.8777064399301536,1.3695940915040694,1.1851466112065738,54.24596169553091,1676,271.4674057649667,4.049207762629958,True,-0.8735864021231287,-1.2211740636327968,0.8488129395584768,-17.67974470280363,717,-0.866547721643715
555,both,0.2,7,atr,4.318266527879389,161.49227718137627,points,6.8450551530585955,351.0026433182206,960,100.0,10.0,200any,150,cross,off,off,0.5,0.061313098899582634,0.09147798043996871,1.0349003049305703,1.3943951237045005,216,34.986252771618624,0.24405269152669198,False,0.30062803263009624,0.43371043839598594,1.1792129699268112,2.5043217804147826,87,0.5752243320292107
555,both,0.3,7,range,5.017594902642291,269.4082819900326,points,4.998063986973927,298.43602715504846,960,100.0,0.0,off,15,state,off,off,1.0,0.530611625775697,0.9702923154265367,1.1093544185221138,25.128427119840566,1856,300.62261640798226,2.1375883535182996,True,-0.8670070080124951,-1.3584314002367557,0.8488048785763193,-13.440100116924095,777,-0.8609009603349994
555,both,0.5,10,range,4.998412505959345,259.37162234328105,points,4.9096140878605885,360.2860016404098,960,100.0,5.0,off,150,state,state,off,1.0,0.03770094493556175,0.06391053902180556,1.0078106717215563,1.609694866958332,1980,320.7073170731707,0.08193958677449376,True,-1.4241098976388564,-2.1633793899754092,0.7610259891241753,-19.461732541715307,842,-0.8497587669418738
555,both,0.5,7,atr,5.4843421243144075,263.6644880722382,r,7.678693814698418,367.4434676141682,960,100.0,10.0,200any,150,cross,off,behind,0.25,0.9994105195863133,1.948749822096789,1.6950695908701296,28.918443729068823,281,45.51452328159645,7.413181551495159,False,-0.23719623812993745,-0.3291898269650127,0.8984374789626247,-1.9866580778362533,119,-0.3634514593099555
555,both,0.0,7,atr,2.5607110098672767,288.7589045363051,r,1.8342151365125496,353.56816657193167,960,0.0,0.0,off,75,state,off,off,1.0,0.40651884137860983,0.6422061324108109,1.079638722545313,29.450140161131053,1603,259.6433481152993,1.3679009225896617,True,0.22485639791368006,0.37454875628946965,1.0414492410462135,5.731215726744761,654,0.6741898903609763
555,both,0.5,50,atr,4.952277080689722,216.962618637025,r,6.847527165771751,319.397797646923,960,100.0,0.0,off,300,cross,off,off,0.25,0.5222918651875716,0.8559395415454194,1.1161004191573565,35.940608692983716,1665,269.68569844789357,1.542852475451894,True,-0.6591710868248281,-0.9948804299914873,0.881294241771919,-13.805731754456474,714,-0.7535345654362816
555,both,0.5,7,atr,2.6628724982036243,279.93138509952837,points,6.205697855509134,296.33506717261423,960,50.0,3.0,200any,30,cross,off,confluence,0.25,0.07866274445078827,0.1320369457239691,1.0458399936158227,1.3266595252396298,246,39.845454545454544,0.2965296689807505,False,-0.39899839027897555,-0.5680406067014363,0.8130618770904223,-2.7286638429775603,121,-0.5171063485981351
555,both,0.1,30,atr,4.454109678660982,265.40958667105673,points,4.167129338514954,332.1711086044048,960,100.0,10.0,200any,15,state,off,off,1.0,0.21623185274217976,0.32685338141179704,1.0462542444290235,12.048380494567926,1413,228.86840354767185,0.8358526223814323,True,-1.0661747512444169,-1.494395275859778,0.8108607303549284,-19.296380621760015,591,-0.8432310157033331
555,both,0.5,7,atr,5.559783454312431,279.0201840621151,points,4.498773846931442,294.09549380345294,960,25.0,3.0,off,150,state,off,confluence,1.0,-0.8968265043770194,-1.1504205509431014,0.6448558905657599,-22.84238973942147,527,85.359977827051,-0.9676135684808155,False,0.2349015766578505,0.34115226754569433,1.1161908569717176,2.0676895244676894,264,0.4358965020890362
555,both,0.3,7,atr,5.378775275946444,261.3150764342601,points,7.499711469758718,205.12268965774183,960,100.0,3.0,off,15,cross,off,off,1.0,0.5707417478337568,0.7743394937006701,1.113590192730247,34.82708263408985,1657,268.389911308204,2.4206507582055288,True,-0.17214410597721552,-0.22340975785577083,0.968744325562543,-3.5024715538030726,713,-0.3042684950254981
555,both,0.5,7,atr,5.008005683502368,296.9588808685709,points,5.35501330032194,165.76009726055247,960,150.0,3.0,off,30,cross,off,off,1.0,0.8614438587901855,1.14111855975102,1.1632090942815307,53.90914873428903,1640,265.6363636363636,4.356495107771603,True,-0.583660619997918,-0.6928707610946597,0.902281139757979,-13.611065786816877,680,-0.8395464554480867
555,both,0.5,7,atr,5.816803772126796,127.92821032570976,points,4.009117399373961,299.28770337255554,960,100.0,3.0,200all,300,cross,off,confluence,1.0,-0.02520877439120332,-0.03501377868339296,0.9912874377323495,-0.9157415087429532,531,86.00787139689578,-0.08624655090193115,False,-0.6570268084565625,-0.8214743958899432,0.8009793526797508,-8.86129183795132,262,-0.9473240984858078
555,both,0.5,7,atr,3.977197262847128,208.7151221691267,points,4.147986188959996,368.97280836581274,960,150.0,0.0,off,15,state,off,off,1.0,0.9342293411019958,1.4344622240394305,1.1956376511265125,65.72266910977244,1636,264.98847006651886,5.101507524263336,True,-0.49625812407588793,-0.6642527821264124,0.9118996332366477,-12.06343071349394,679,-0.8024784777723647
555,both,0.5,50,range,5.913453238578693,277.0248491531801,points,6.290352358824407,265.6373391922159,960,100.0,3.0,state,150,state,off,confluence,0.25,-0.31080016858156906,-0.5053868265933465,0.9288545858320565,-11.272616761978004,1208,195.66385809312638,-0.5134475998148854,True,-0.8541743057277074,-1.3640542110757172,0.8185209884253231,-10.51936690246962,497,-0.8094878272256805
555,both,0.5,7,atr,2.336825686544842,159.9714909460692,points,7.297802364128478,394.7447077694802,960,100.0,3.0,off,30,cross,state,through,0.25,-0.8515865982221582,-1.0433670347516604,0.4622467562848133,-4.788270605153439,78,12.633924611973391,-0.9573293761628606,False,0.23427472781621256,0.4208898978219981,1.2049718538489846,0.8486130200007642,42,0.37935347076034753
555,both,0.5,7,range,2.820139796609343,272.91713401691675,r,7.800147141134669,384.317772044916,960,100.0,3.0,state,150,state,off,off,0.25,-0.2614165251241242,-0.47326207317835667,0.9331116440395869,-10.76894239876574,1196,193.72017738359202,-0.44154014108789835,True,-0.9065511749243595,-1.4444376843031668,0.8068933250456132,-11.640065598536001,503,-0.7731747812408788
555,both,0.5,7,atr,4.103018752215412,268.4880132017835,points,6.858771680042366,303.5640396641564,960,100.0,0.0,200all,150,cross,cross,behind,0.25,0.9084038968630909,1.8804957687569956,1.976256799453781,13.469927421055221,112,18.1410199556541,5.3156793145771974,False,-1.0141693649820565,-1.2384637163627377,0.4963054274515812,-5.551788559039473,54,-0.7316230650734338
555,both,0.5,7,points,5.148981488772379,286.39980732339166,points,5.350322653793905,367.27450774602465,960,50.0,3.0,off,30,state,off,through,1.0,-0.03585164329637393,-0.05529139397433386,0.9805682048381632,-0.7452384656104729,306,49.563858093126385,-0.1618383756198158,False,0.021019108556866634,0.032024439868492266,1.0110211284598305,0.16721751330706658,146,0.051520978300709286
555,both,0.3,7,atr,5.859203418988953,112.86420272299685,points,7.177424613081105,189.1522069865532,960,100.0,10.0,off,30,cross,off,through,0.25,-0.20030719354339274,-0.2572097515947254,0.8409431429988514,-2.252316494357654,78,12.633924611973391,-0.4631623597488511,False,-0.1271128190797585,-0.16355463376164867,0.9202727383142845,-0.6901995975219803,43,-0.36733202553379884
570,both,0.5,7,range,5.10265840616095,165.79379650367582,points,5.961201289730722,397.35625774966064,960,75.0,3.0,off,150,cross,off,off,1.0,0.4036397985376345,0.7029207904138735,1.0854158732543506,20.807378403499907,2046,331.39756097560974,1.773405830450345,True,-1.055046982344422,-1.6043152147829454,0.8181030723066097,-17.91339140172556,850,-0.9251990764954634
555,both,0.5,7,atr,5.259405131051258,83.98182529752941,none,5.618891722716125,299.6749156492925,960,100.0,10.0,off,30,cross,off,off,0.5,0.9638871450688006,1.539995986312159,1.2308142119199712,67.78903823257548,1675,271.30543237250555,4.6153292130366115,True,-0.34100249808783994,-0.47940023880108135,0.9333600382927563,-7.862617630780251,720,-0.42676369301161593
555,both,0.2,7,atr,4.262258346733852,240.14581030610958,points,7.822368863402918,321.87517887932825,960,100.0,3.0,off,30,cross,off,through,0.25,-0.1027233999511269,-0.1510994468208603,0.9145583688030792,-1.2195287510410036,79,12.795898004434589,-0.26090163108130693,False,0.35522171660562263,0.5821427380152335,1.2651335993159019,2.2929927943867163,45,1.3500211216869389
555,both,0.5,7,atr,4.072645056973558,200.21719379933992,none,7.883680692235854,361.21850646138824,960,100.0,10.0,off,150,cross,off,behind,0.5,0.548976580665549,1.02191065881799,1.5039123642005252,10.06006522145352,128,20.732594235033257,3.5068928126907233,False,-1.7550153628191056,-1.873935485650773,0.2815999515118637,-10.330118835629762,70,-0.9237641852092267
555,long,0.5,7,atr,5.0707677718817585,231.91375952498527,points,5.8069610868372985,369.9230906033928,960,100.0,0.0,off,15,state,off,confluence,0.5,0.19793082385878635,0.28129163106305854,1.1356494387537095,4.110335898255203,162,26.239689578713968,0.9761379851364168,False,-0.6135391232575218,-0.760085504951401,0.708022528144463,-5.142183951845823,93,-0.782771511428726
555,both,0.5,30,atr,5.644711459263828,125.99383209419474,points,7.459936664975129,326.6294716723554,960,150.0,3.0,cross,150,cross,off,off,1.0,-0.31725420712042773,-0.4474563675533249,0.888816116663784,-10.64888536672729,406,65.76119733924612,-0.5178185581171141,False,-0.7145124723001632,-0.870196655275481,0.7677262191994381,-10.2553128067421,188,-0.8311842633689605
555,both,0.5,7,range,4.38929632222823,194.43907430091852,points,7.405304936689888,352.9281558441337,960,50.0,3.0,off,30,cross,off,off,0.25,0.35680493136843583,0.6430485735583146,1.080520420312425,16.0591708228121,2016,326.53835920177386,1.3804122067719147,True,-1.1507704022505771,-1.8172978544806222,0.7842839763751989,-16.28652634554581,860,-0.8628962804209385
570,both,0.2,7,atr,4.376031596421556,140.0538080890425,points,7.133555338794685,368.6013710163576,960,100.0,5.0,off,300,cross,off,off,0.25,0.7512041237751601,1.1524315883496554,1.1625209919445187,49.57713145733308,1668,270.1716186252772,3.7658540442261432,True,-0.7924774990728439,-1.0700008024682595,0.85772185688978,-17.129482764535545,710,-0.7913507559180991
555,both,0.0,7,atr,4.791677343301972,223.65269691031068,r,5.712283489590128,279.08711536880435,960,150.0,3.0,off,30,state,off,off,1.0,0.7378804469390577,1.1621437542546562,1.1629885026713767,54.89175653010765,1622,262.72084257206205,3.534757239172578,True,-0.008662516171787954,-0.01196175678044785,0.9982825498671878,-0.22611123612085793,669,-0.02641612906515154
555,short,0.5,7,atr,3.2424804419968067,217.96993396299982,points,7.877345036100547,369.46747217724743,960,25.0,0.0,off,150,cross,state,off,0.25,-0.4434129930339779,-0.7192317072510616,0.87784356443759,-13.127068127510022,1236,200.1991130820399,-0.6326453710839982,True,-1.0108817523182867,-1.5247449890359766,0.7472535641902515,-10.121019938417813,512,-0.9018190848309311
555,both,0.3,7,atr,4.889359667224008,154.3056962069778,points,5.12313257401482,330.83975459531905,960,100.0,0.0,off,150,state,off,off,1.0,0.8297679951103826,1.2443726590843043,1.1786753996703714,54.74005659705263,1655,268.0659645232816,4.019362546823422,True,-0.18497330068263734,-0.2551637504186252,0.964840494111396,-4.064897498894846,712,-0.27918780858850745
555,short,0.5,10,atr,5.57566005371352,198.33193638988055,points,4.344394893563418,346.12294197615444,960,25.0,5.0,off,15,state,off,off,1.0,-0.4279453184990011,-0.6325513042594771,0.8761011146918534,-16.529602940531333,1254,203.11463414634147,-0.5689167478778807,True,-1.1086560170335036,-1.4809597260953415,0.7094460994830685,-14.486409528187707,517,-0.9331417817917915
570,both,0.3,7,atr,5.588683510575303,131.8885305209941,points,7.569204111472213,318.04155344861925,960,75.0,10.0,off,300,cross,off,off,0.25,0.6818929510101418,1.0061579548995825,1.1519669961966097,41.81684868920016,1708,276.65055432372503,3.194822204688099,True,-0.5687540090492662,-0.761789065794047,0.8928849272486513,-11.605543789132968,732,-0.7254391607643523
555,both,0.5,7,atr,5.909589647924563,216.28509851421347,points,5.012425950748571,359.54590179331944,960,100.0,3.0,off,300,cross,state,behind,1.0,-0.3521996058636436,-0.5115573803564555,0.8352596874520422,-6.9856835384554445,273,44.218736141906874,-0.6548424936261954,False,-0.2856707749669596,-0.40697009530017014,0.8761774409177132,-2.206097006233371,149,-0.46126680810706383
555,both,0.5,7,atr,3.3609979811006054,271.9385353561758,r,7.211405234638146,364.90681929648565,960,100.0,0.0,off,150,cross,state,off,0.25,0.28295754420042324,0.4621521338804579,1.0615971339898258,15.200303939296077,1826,295.76341463414633,0.9370670014966063,True,-1.2235897348615885,-1.7558124279301117,0.7864468682068844,-20.63626631214484,770,-0.9069694210097586
555,both,0.5,21,atr,3.449101827725178,283.26769464257126,points,7.633632086210075,378.0153994994496,960,25.0,25.0,off,150,cross,off,off,0.5,-0.20189477839418765,-0.3097909779223392,0.9559429095178079,-8.25675055484924,1878,304.1860310421286,-0.41723911888407483,True,-1.4187853466927616,-1.9532530271029156,0.739332325586689,-18.908225201402566,799,-0.8955154883653983
555,both,0.0,7,atr,5.435057724787607,178.7762496913578,points,6.353036813455694,291.6279492913514,960,25.0,3.0,off,150,cross,state,off,1.0,-0.17699639272332982,-0.2558815616269503,0.9582744068064719,-6.680780475566796,1791,290.0943458980044,-0.31998891852861994,True,-0.4105982810824463,-0.6196148002027614,0.9106402306777857,-5.171518821118857,768,-0.6095469823207322
555,both,0.5,7,atr,4.725024806094994,274.587311043401,points,3.25092573080043,279.26575793501075,960,100.0,3.0,off,15,state,off,off,0.5,1.1128875974755217,1.6420712747489437,1.2413975922485507,70.74733678847541,1674,271.14345898004433,5.600080521628006,True,-0.5532048692691051,-0.7288443830877751,0.8992364063352185,-12.108294069546805,719,-0.5737627604288544
555,long,0.5,10,range,4.74639086042837,129.21056735116048,points,7.4197223466293005,357.0020492770559,960,100.0,3.0,off,30,cross,off,off,1.0,0.43064437454166055,0.8170858274959285,1.1119609639172572,15.957042771911162,1163,188.3750554323725,1.1224260026191668,True,-0.09103263785774006,-0.16495153331661114,0.9786465594655249,-1.1378477223994472,484,-0.12102113386463102
555,both,0.5,7,points,5.065961598672463,246.3457125896027,points,5.330787991682957,396.3859325407603,960,100.0,0.0,state,150,cross,off,confluence,0.25,0.15089794038548332,0.2302114026909194,1.033814057542976,8.355811108016722,1310,212.18514412416852,0.33917740494816445,True,-0.8233237459049227,-1.1609208411999326,0.8395934608763723,-14.544816826604883,547,-0.8610102967996429
555,both,0.5,30,atr,5.8303691628638195,235.67616632993696,points,3.488279535970231,197.23718706628432,960,100.0,10.0,off,75,state,off,off,1.0,0.6595527865678391,0.9063971234307505,1.1291928419098751,39.01412649082617,1667,270.00964523281596,3.650957638574632,True,-0.4170711448756921,-0.5446616391556056,0.9300431222590753,-8.108919083849239,713,-0.6523918821079142
555,both,0.5,7,atr,4.234184830595603,264.0498279958123,points,5.967788673291042,327.21053719531034,960,150.0,5.0,off,150,state,off,off,1.0,1.0706900793220644,1.6095179842810015,1.2246763652635473,74.79219551843511,1636,264.98847006651886,5.824955981060843,True,-0.5779003470136296,-0.7549512379383905,0.8977642736572687,-14.117681572899127,679,-0.7910012862542943
555,both,0.3,50,atr,4.372879945293775,252.3363242345054,points,2.496792991860755,232.9220583150998,960,100.0,3.0,off,15,state,state,off,0.5,0.02044375502242805,0.03043413416511171,1.0038839354371059,0.9137733040957325,1774,287.34079822616405,0.05891833854912633,True,-0.5345083020817769,-0.7861641440113071,0.9067614108789351,-8.06923614398502,746,-0.6130866716847497
555,both,0.1,7,atr,4.60963854157937,198.09509210251727,points,3.8042802313007624,289.8344138445061,960,100.0,10.0,state,150,cross,state,off,0.5,0.2039676983712066,0.3032621606584051,1.0442526747650989,10.84864597256214,1399,226.60077605321507,0.6363638166283732,True,-0.3485504679623979,-0.4933434272838033,0.9306017121284234,-6.143538181461837,570,-0.5817478066147564
555,both,0.2,7,atr,2.9553237771798253,251.9633213968583,r,1.657320489872502,349.80411197066906,960,100.0,0.0,off,300,state,off,off,1.0,0.3336618973679859,0.5196365629570032,1.0667036127278091,19.85261482081131,1658,268.5518847006652,0.9083075348182114,True,-0.31178894710048843,-0.47355241776968415,0.9432107595648095,-6.345356622323804,701,-0.4882816680587743
555,both,0.5,7,points,2.626449561399056,258.17086003420087,points,0.8921665576256368,324.1811880843247,960,25.0,3.0,off,15,state,off,behind,0.5,-0.5397591313952064,-0.6994866486854275,0.6049634042289466,-6.29284916241599,139,22.51430155210643,-0.7339592485880774,False,-0.3168831264551658,-0.38764321917886124,0.6818926487768902,-0.9062476014437572,75,-0.5446390720997987
555,both,0.5,7,atr,3.6241435864465052,292.83217389811966,points,4.866026897418479,195.18446034420512,960,100.0,3.0,off,15,state,off,confluence,0.5,0.15018910865214347,0.21085537853318176,1.0683017517165716,3.2344224094101097,280,45.352549889135254,0.5227615661233804,False,-0.7744812618515163,-0.9755816012586194,0.7340326769012221,-7.001444821489699,142,-0.8304058003952527
555,short,0.5,21,atr,4.916983623043205,283.9230600356309,points,5.156021169302643,395.75649714386356,960,100.0,5.0,off,150,state,off,off,1.0,0.28930535041573857,0.4516575403265305,1.070371352418298,16.50845592727258,1278,207.0019955654102,1.1867198209307115,True,-1.2020424544931778,-1.6677257868637538,0.7623035604858002,-21.25759820822013,525,-0.9071152913656829
555,both,0.2,7,atr,4.656049834137098,198.06668610551873,points,7.571785814276238,297.286929420043,960,100.0,10.0,off,150,cross,off,behind,0.25,0.9885339583691367,1.9699083156204988,2.327875341058146,13.650604410355157,90,14.577605321507761,10.631195306859926,False,-1.0169286467058494,-1.1331141037192864,0.3920619202652407,-4.683971081659514,38,-0.9467232405984666
555,both,0.5,50,atr,5.3823253783746985,297.3821670147594,points,1.7286488642190652,292.9435410726829,960,100.0,3.0,off,15,state,off,off,0.5,0.5203794620554737,0.758552681229625,1.1064461024286563,33.049558703826015,1662,269.19977827050997,2.060624371267801,True,-0.6679425020914852,-0.9328495146698882,0.8839135138646428,-13.498553420909642,714,-0.8519621218356533
555,both,0.5,7,atr,4.168675113975909,266.7581491837959,points,5.590642894672553,302.3744833944197,960,150.0,5.0,off,150,state,off,off,1.0,0.9650562577486975,1.4249978534814631,1.1981109759744384,66.36861449412274,1636,264.98847006651886,4.467166513873154,True,-0.5918036843001695,-0.7684641105520081,0.8965382883194946,-14.308125469311967,679,-0.8028614463919552
555,both,0.5,7,atr,5.031446157085519,281.07871690210806,points,3.320329100786392,251.3821089184118,960,100.0,0.0,200all,15,state,cross,off,0.5,0.15445286964826727,0.21806015772260726,1.0358969011672106,7.398443831297321,1177,190.64268292682925,0.6045935105818937,True,-0.06364126386978754,-0.08951839342810289,0.9863051451653957,-1.0317405034636824,494,-0.114318930525918
555,both,0.5,7,atr,4.666317748096473,167.34496920967496,points,5.982843401081939,367.31638339664414,960,25.0,25.0,off,150,state,off,off,1.0,-0.2909631233767409,-0.40058362517276075,0.9337742303190544,-13.321225215938632,1888,305.8057649667406,-0.48134417217597186,True,-0.4487728043746643,-0.6036283025603184,0.9020747348391227,-6.856104206535143,816,-0.7133935409053621
555,both,0.3,7,atr,5.313794093233799,144.79883928269453,points,7.0838071866109305,365.1115909639792,960,100.0,5.0,off,150,cross,off,confluence,0.25,0.6213799491421685,1.0612168183388737,1.4905070057182117,11.043113941335651,165,26.725609756097562,4.02117350532922,False,-0.4706303046780122,-0.6386621732203425,0.7741504171310877,-3.6233947519631102,82,-0.7569926517819606
555,both,0.5,7,atr,5.671967265837504,290.25316790270045,points,5.758403652410642,389.5998980489014,960,100.0,3.0,off,15,state,off,off,1.0,1.0056209377813539,1.5097918759015085,1.229764215361617,68.42322559857655,1674,271.14345898004433,5.073033875294333,True,-0.4012522290260827,-0.5477712417377579,0.9230329031668661,-9.0771777572388,719,-0.42456069238741906
555,both,0.3,7,atr,3.5703430049312086,280.8693086342475,points,7.208373493989359,356.453385341033,960,100.0,3.0,state,150,state,off,off,1.0,0.2521495813675829,0.3824109264472222,1.0566523411939237,14.36237432454978,1343,217.53026607538803,0.5410061648848625,True,-0.7291506632202941,-1.013199499568645,0.8575303102558905,-13.619933087399342,553,-0.8151694311425757
570,both,0.0,7,atr,4.158750108644545,125.39183860124706,points,7.984056573288512,355.92823174440605,960,100.0,3.0,off,150,cross,off,confluence,1.0,-0.14746138767198594,-0.2087256652954338,0.9486960304820464,-5.0467078551125,516,83.57827050997783,-0.4251389461837991,False,-0.29355529868952535,-0.40154122212688736,0.9069662731812097,-3.7669510705754283,258,-0.3401999142271049
555,both,0.5,7,atr,4.266913617076378,273.3038818459462,points,1.7404949871057591,292.1809651167513,960,100.0,10.0,off,15,state,off,off,0.5,1.0472022629679474,1.5621457237362817,1.2249181649457657,65.69773101500093,1675,271.30543237250555,5.599471639909299,True,-0.5409212206039342,-0.7214565522146797,0.9030575096079532,-11.618681346741615,720,-0.6047384035813138
555,both,0.5,10,atr,3.5225871400168076,232.1245173076328,points,4.406165953509266,399.8469009093618,960,100.0,5.0,off,150,state,cross,off,0.25,0.7058535738396929,1.1426471223476506,1.1520693792212033,43.7336413668112,1704,276.00266075388026,3.500752419755876,True,-0.9201896543664924,-1.3279427175133425,0.839372514631505,-18.469866827285387,721,-0.90961732479566
555,both,0.5,7,atr,5.347408247151377,213.43664757182353,points,7.165559829330059,187.96703984488613,960,100.0,0.0,200all,150,state,off,through,1.0,0.09698578175862425,0.12475938265823892,1.0209950623595783,5.228837615533538,1295,209.75554323725055,0.284888104956479,True,0.1908235147997176,0.24458233386368275,1.0398543300269125,3.416283988931601,555,0.437947569653855
555,both,0.5,10,atr,4.956817217883608,210.42276941494347,points,6.629857684147285,179.14035757367395,960,100.0,25.0,off,150,cross,off,off,0.25,0.7223044060079827,0.9700902853398123,1.1402330116086055,41.337357331477136,1675,271.30543237250555,3.6723666078288564,True,-0.4395687739733879,-0.548301206848621,0.9263498172032676,-8.688469745481717,717,-0.7339769702320625
555,both,0.3,7,atr,4.316150015927652,283.72722993282184,none,7.15061717813563,351.09115760297743,960,100.0,0.0,200all,15,state,off,off,1.0,0.07307835258512481,0.11167755248504692,1.01840862242708,4.342488243217801,1234,199.87516629711752,0.2276514268294574,True,-0.6435097302254557,-0.9186526088668476,0.8595751157938072,-12.253220189451223,515,-0.7346471456568234
555,both,0.5,30,atr,4.699744790063335,148.8711359972652,points,7.90904131123883,380.6775837286837,960,50.0,0.0,off,30,cross,off,off,0.25,0.7204821325278801,1.2089823928424597,1.1700732953773987,39.140941955956436,1762,285.3971175166297,2.424021547586674,True,-1.1996380868121208,-1.7343898240153137,0.7769440404837208,-21.10310519101116,754,-0.9158119688196872
