p_range_end,p_side,p_buf_atr,p_atr_n,p_stop_mode,p_stop_atr,p_stop_pts,p_tgt_mode,p_tgt_r,p_tgt_pts,p_flat_m,p_be_pts,p_be_off,p_ma_mode,p_cross_min,p_m200_form,p_x_mode,p_conf,p_conf_tol,r_sharpe,r_sortino,r_pf,r_tot,r_n,r_tpy,r_retdd,ok,h_sharpe,h_sortino,h_pf,h_tot,h_n,h_retdd
570,both,0.0,50,range,0.6369457515269141,190.1509523026337,none,7.318462811650485,74.9385421597188,960,25.0,10.0,state,150,state,off,off,0.5,-0.17392846273910542,-0.3385741590624301,0.9449823607607082,-5.531290957352551,1179,190.96662971175166,-0.4457637719325176,True,-1.0674150097219042,-1.6961358039061165,0.7300887301579876,-10.4691027732539,514,-0.8966094180149069
570,long,0.2,10,atr,2.2843439331984365,107.61519868746093,points,6.311752818605129,323.64651279345566,960,75.0,0.0,off,30,state,state,confluence,0.25,0.18326552714128597,0.3700603888366119,1.193963764826418,1.38231847325808,78,12.633924611973391,0.5525446583841177,False,-0.04120625454427334,-0.07131970427857166,0.9637005588471018,-0.14930040870720512,36,-0.07477548605860537
555,short,0.1,7,range,1.4255141795198438,207.8664647988093,none,0.7664660362277251,130.57518169318516,960,0.0,5.0,200any,75,state,off,through,0.25,-0.5200925478419274,-0.8829959792792658,0.8132868098616371,-20.012883801822618,524,84.8740576496674,-0.7956816938575769,False,-1.0067091514398505,-1.6150867922460947,0.6992019962361457,-11.802096305216626,244,-0.966089691426407
555,short,0.0,10,range,5.574317341928762,130.19056320570428,points,0.9624899762740148,304.3088776306786,960,0.0,3.0,state,150,state,state,off,0.5,-0.3703174867485777,-0.6383900139455118,0.8785059163949095,-10.66291697713913,504,81.63458980044346,-0.7308513837289692,False,-1.250368365080348,-1.7605735049959188,0.6478759425346109,-12.338765763903726,211,-0.9203507306567429
570,both,0.1,30,atr,4.644351852866047,179.47868041894102,none,7.889147415346599,68.39276897848953,960,100.0,0.0,off,150,cross,cross,confluence,1.0,0.12794912889090887,0.22880896512227628,1.057802022761888,3.907163610849718,403,65.27527716186253,0.5626155923935925,False,-0.14970839081896378,-0.2352429874561465,0.9428546095083913,-1.3198739199627307,186,-0.27985567649288523
570,both,0.3,14,range,4.447000394773418,51.89151959392727,points,6.746550595531354,114.18879013859596,960,50.0,3.0,200any,150,cross,state,confluence,1.0,-0.5197267417260296,-0.7266761446840205,0.8523370588212128,-8.125678912616426,588,95.24035476718403,-0.9090147252697286,False,0.1780335620285588,0.26002348622012805,1.0547251331210359,1.083088139446329,269,0.37745737585154293
555,long,0.3,7,points,0.523432077157829,154.73143943413834,points,1.8425405512604134,264.0563417525536,960,75.0,5.0,200all,150,state,cross,off,1.0,0.38675975646943234,0.6278160184721218,1.1159110002146626,11.373177674752945,734,118.88847006651885,1.2064836708796611,True,-0.05510441200468641,-0.08670388716375643,0.9849986623219654,-0.5704544202639967,299,-0.10041724287238332
555,both,0.3,14,range,3.8279889646065146,121.99063457931015,r,1.5315329017698192,118.25569980893822,960,150.0,0.0,200all,75,cross,off,behind,0.25,0.03949349595610846,0.07266557661461118,1.0346882416734047,0.38005648797923275,80,12.957871396895786,0.18104982563094704,False,-0.6822523648147972,-0.8816481411270588,0.5928776473923023,-1.94698642547424,36,-0.7382451621635213
555,long,0.3,14,range,3.3349654065601024,250.68324199809595,points,1.6180928740066736,210.63852489841625,960,50.0,3.0,200all,75,cross,state,off,0.25,-0.3220696683202142,-0.3818531309985825,0.45976487287460205,-0.9330435077058223,7,1.1338137472283814,-0.6800310937057049,False,-9.0,-9.0,0.0,0.0,0,-9.0
570,long,0.3,30,points,1.243795543527003,55.18415776577033,points,3.772983595797165,71.44340402259607,960,100.0,5.0,200all,30,cross,state,through,0.25,-0.03970399794670065,-0.05662856534281516,0.9548178015011908,-0.11132734196320604,28,4.535254988913525,-0.11846564975174306,False,-0.5721893007615585,-0.7218901425207375,0.5494381591332356,-0.49733758538837436,14,-0.6730664833526958
555,both,0.2,7,points,0.5098620325190657,103.33955334160694,points,4.876738035470965,367.50885613117725,960,75.0,5.0,200all,75,state,cross,off,1.0,0.025463089501513474,0.04720227461945932,1.0058783712779449,1.0103001904775506,1261,204.24844789356985,0.06592188870786106,True,-0.8139941079207313,-1.4272499267222152,0.8368106489708138,-10.415370494564687,527,-0.8912361672809789
555,long,0.3,14,points,1.0238981539030914,124.10778245297578,points,3.116114135132806,245.85863697868606,960,150.0,5.0,state,150,state,cross,off,1.0,0.36554659411789936,0.6084050009117384,1.094964421706659,11.919757178758253,769,124.55753880266076,1.026249916084404,True,-0.3496608753566824,-0.569912629471048,0.9214461396727995,-3.962590213813636,318,-0.36503313425653794
555,long,0.0,14,points,0.9754497156917868,116.9834172254857,points,0.8006313826669889,334.67746293869004,960,150.0,10.0,state,150,state,cross,off,0.5,0.41201184234198485,0.7264893993149469,1.110471826947326,14.033448954447788,791,128.1209534368071,1.532919552172211,True,-0.29780363275436544,-0.520242155718267,0.9318066935609903,-3.6406932606152567,329,-0.4001524200226156
555,short,0.0,14,points,1.0013664161017422,57.046827126527496,r,1.9838765857210214,337.6733403590073,960,150.0,0.0,state,150,cross,cross,off,0.5,-0.6976762846634188,-1.093442941052,0.8417389737750828,-13.28170796983932,644,104.31086474501109,-0.8234399698239522,True,-1.2187651917855884,-1.8752456799202566,0.7493043622333044,-7.016451808910361,260,-0.9467966068224782
555,both,0.0,7,points,0.6786469415080756,130.96501331963856,points,3.010859830911403,206.44291094450986,960,150.0,10.0,state,15,state,cross,behind,0.5,-0.13743257307440754,-0.21614060837663468,0.9758890200299947,-6.254414616838748,1438,232.91773835920176,-0.3145186980932783,True,-1.1499160068358638,-1.720844583328419,0.8253701318702495,-17.625811825039158,599,-0.905562101166941
555,long,0.5,7,points,0.603269446898023,103.27252852746079,r,0.5287359820584319,281.46265783069566,960,50.0,5.0,200all,15,state,state,off,1.0,-0.4024979942373478,-0.4985071800000178,0.9054007140234741,-6.398055811610516,697,112.89545454545454,-0.6099313739954935,True,-1.0541266955064055,-1.2588513855093406,0.779730784612044,-5.505270008064229,288,-0.8042882054596546
555,both,0.0,14,atr,2.381359307495334,147.2670346009454,none,1.3959308006664841,214.2600248653923,960,150.0,10.0,cross,150,state,cross,off,0.5,-0.35366503058848636,-0.6132266680734284,0.8644668629954299,-11.006247851910672,413,66.8950110864745,-0.701756158174105,False,-0.6448373815138232,-0.9582692261075576,0.801135998857374,-7.2839870957249495,191,-0.6731444090329988
555,long,0.0,14,points,0.7454763815086948,252.24215885579974,none,2.1847208690211146,395.0462209711341,960,150.0,25.0,state,300,state,cross,off,0.5,0.3562202979478159,0.5704156895931454,1.1017003323151582,14.611610930998541,791,128.1209534368071,1.3143881149752639,True,0.024969349574356276,0.038473669904403526,1.006221532326725,0.3556980916691641,329,0.04090752166892459
555,long,0.0,14,points,0.824523703184142,149.28184416798098,none,2.1596823692588005,348.8270325656576,960,150.0,25.0,state,300,state,cross,through,0.25,0.4644745746195262,0.8102781086834443,1.130012585307732,17.33168566182106,808,130.87450110864745,2.12953406007778,True,-0.3884661766510666,-0.6370112711609301,0.9115235158216488,-5.089770049705316,335,-0.39550060325300357
555,long,0.3,7,points,1.6943895877388502,205.4899374583461,none,4.81289980122652,277.4257414357995,960,150.0,25.0,200any,30,state,cross,through,0.25,0.391887506202432,0.6332364200882394,1.105962728772737,14.81209586539893,860,139.2971175166297,2.1794897596995044,True,0.20779044971964444,0.32924782716320916,1.0507879797454858,2.96518723743182,355,0.3046992146894519
555,short,0.0,21,points,0.810988330769589,191.1023245567223,none,1.5795918366123975,237.56938312334336,960,25.0,10.0,state,300,state,cross,through,0.25,-0.402041979576288,-0.7394325604439257,0.8413688948549399,-11.757326989496253,657,106.41651884700666,-0.5190452610504526,True,-0.5887058810502677,-0.9613882188708908,0.7833758398844716,-4.71239792195155,272,-0.7856783773521805
555,long,0.0,14,atr,0.7056625902662228,115.5994006273609,none,4.944855746297617,238.3356829551451,960,150.0,25.0,cross,300,state,cross,through,0.25,0.0053996950918949104,0.01666202217257704,1.0032763136632177,0.0935015099923504,321,51.993458980044345,0.01401199023533336,False,0.533781624477736,1.3938147327214236,1.2778161024448729,4.024387104112694,164,1.0484356232756122
555,long,0.0,30,points,0.6324276834724785,46.224948757670546,points,1.205256569065073,321.23545689137376,960,25.0,10.0,state,15,state,off,off,0.5,0.517156518405794,1.210551149533072,1.1852630967024553,10.83965342140232,791,128.1209534368071,1.3466465037581778,True,-0.3408599472343462,-0.7783342283303176,0.894597926995909,-2.219322829224721,329,-0.3431789552441185
555,long,0.3,30,points,0.6108276964886858,251.62415868252359,none,5.063209833642817,214.81942775879583,960,150.0,25.0,cross,30,state,cross,through,0.5,-0.2715498622302633,-0.3824206477761539,0.8370475706634802,-4.065192954988461,137,22.190354767184036,-0.5595367966733191,False,-0.025222164713832915,-0.037790332079318735,0.9874747066307347,-0.18949530147895577,77,-0.03608530996270202
555,short,0.3,7,atr,1.8168312648363654,214.20465575695746,none,4.2061211426125915,284.19722923365373,960,75.0,25.0,200any,15,state,cross,through,0.25,-0.4640254289824618,-0.8372003784525405,0.8421825881806861,-15.626095739455359,621,100.58547671840354,-0.7809963505822738,True,-0.4936600914102394,-0.8065080764499114,0.8488556553988721,-5.528128499610316,273,-0.6134611668451732
555,long,0.5,14,points,2.3220999919034204,110.03893230030718,none,1.250083407877029,315.6026991082623,960,150.0,0.0,state,150,state,cross,through,0.25,0.2957775661403908,0.5335055350598188,1.0819475893119779,9.806084434638088,758,122.77583148558759,0.8496659074082143,True,-0.4356921234553484,-0.7657285792743243,0.8991777179106551,-5.0319129521529185,322,-0.45515931236292084
555,long,0.1,21,range,2.005807045867276,117.466429204379,r,2.2359793463786275,397.61280562672823,960,150.0,10.0,state,150,state,cross,off,0.5,-0.0361369481251489,-0.05766430246259409,0.9892050443892779,-0.8321005750025545,650,105.28270509977827,-0.0820546562251478,True,-0.7065602695996064,-0.9761546436776937,0.8079552361352283,-7.221798501143332,273,-0.6825729563039004
555,long,0.0,30,points,1.3412306366105757,161.5011520533907,points,1.4355268903197402,391.89854427511,960,150.0,10.0,cross,150,state,cross,through,1.0,-0.6213012794365705,-0.943107401368466,0.7686960876318152,-14.656684681519208,306,49.563858093126385,-0.7695412708997943,False,-0.19865411448498366,-0.3163705067246635,0.9322172324435498,-1.8341717936654867,143,-0.24046028970584618
570,long,0.0,14,points,0.8225006243499773,164.20928511500964,points,0.6115780466092214,356.5541250186421,960,150.0,10.0,off,15,state,cross,off,0.25,0.6424979802838079,1.0747119033158377,1.1349593552502344,33.11193764551942,1378,223.19933481152992,2.3915173987636256,True,0.0842878267035539,0.1380636020011263,1.015569225426458,1.4797748425750301,585,0.16135136895528435
570,long,0.0,14,points,2.400730616352086,164.67566814371543,points,0.5623402121948247,389.9566484783806,960,0.0,10.0,off,15,state,state,behind,0.25,0.7010550868900788,1.898693126441176,2.6326778481138335,5.106423529111517,39,6.316962305986696,4.724865037729983,False,0.25069296986942796,0.43678215920329405,1.3640931057959678,0.7196328046994634,18,0.70449561805603
570,long,0.3,50,points,1.7897261675329317,153.48026914377428,r,4.488435173790653,348.53084905579476,960,150.0,25.0,200any,30,state,cross,through,0.25,0.5030767618441117,0.8936226111833827,1.1428598369282652,19.01337175536186,835,135.24778270509978,3.452692938590734,True,-0.3879672151719613,-0.6158432117845953,0.9129126251233965,-4.986946926932443,344,-0.403736365490559
570,long,0.0,10,range,0.8429209198063442,159.92857393506318,points,1.4945957207992442,398.5835034121944,960,150.0,10.0,off,15,state,cross,off,0.25,0.3093282077104374,0.5583598332309331,1.0788647269063003,12.143354965495986,1183,191.61452328159646,1.1397837524106385,True,0.292422469781077,0.5355387009157342,1.0666062614900063,4.19317691827672,504,0.8686718714127873
570,long,0.3,50,points,3.061187551411389,123.4188710529875,r,3.410618570794398,354.70776203099825,960,25.0,25.0,200any,30,state,cross,off,0.25,-0.3179281361085118,-0.49494791694108226,0.9057337134010083,-7.082267835589919,821,132.980155210643,-0.6306190187812603,True,-0.5658937236053393,-0.8665972083097614,0.8402166505120298,-4.192072566752389,334,-0.49940033994111577
570,long,0.5,50,points,0.7877577840330592,188.47656870780656,r,6.444501145435712,353.9425696514701,960,150.0,5.0,200any,15,state,cross,through,1.0,0.35356562198133895,0.6029474379383452,1.0985521596694028,14.019383789930634,870,140.91685144124168,1.4810962312429334,True,-0.30331754267938194,-0.46851278489292386,0.930048220630734,-4.154090310850174,353,-0.3245393179441772
570,long,0.3,7,points,1.8868452555170951,169.41708303285228,none,3.444806596330947,313.81334542999707,960,150.0,3.0,off,30,state,cross,through,0.25,-0.3301337929264999,-0.44553167975316615,0.7008868473959474,-2.356425871654983,39,6.316962305986696,-0.5613814769397911,False,-0.04920265022708829,-0.0762507504560315,0.9554285818233714,-0.1599616643946067,20,-0.057382090799873615
570,both,0.5,7,points,0.5150218451974873,119.31798634191516,none,3.604388939134187,349.6038307394205,960,150.0,25.0,state,300,state,cross,through,0.25,0.3296979067272035,0.6362370882623165,1.0748848639221105,16.693467270514226,1288,208.62172949002218,1.3691036508146344,True,-0.5224743657929408,-0.87189414481893,0.9051604146303844,-7.91028913983312,534,-0.6102090566763902
555,long,0.0,14,points,1.8190279049985758,157.3021299778643,none,0.5258424653543263,345.90240832210856,960,150.0,25.0,cross,15,state,off,through,0.25,-0.014338485826040689,-0.022372093504415404,0.9888692808994435,-0.16434473571478558,93,15.063525498891352,-0.048522454798346444,False,0.3629495509965708,0.6577014375579773,1.229826410429575,2.350967803965114,53,0.7639486875779058
555,both,0.0,14,range,1.0288938634050635,134.22457469469524,none,1.1590957161734352,375.2759350280667,960,50.0,25.0,state,300,state,cross,through,0.25,-0.409001603021635,-0.7140613625412118,0.8927994497138719,-12.337775499315306,1140,184.64966740576497,-0.7847457051615551,True,-1.0012635167887602,-1.525914584158786,0.7674781541356059,-10.019752646118109,484,-0.9309650727456812
555,both,0.3,50,points,1.448043640676138,147.019557789244,points,4.735850334374272,337.1731525987818,960,150.0,25.0,200any,30,state,cross,through,0.25,0.2592346912158818,0.44316052918245524,1.0522671263209558,12.967255271241129,1390,225.14301552106429,1.3081116883747488,True,-0.45705487621451646,-0.7252465409279416,0.9212167652355955,-7.7152363780331275,584,-0.7211395906036728
570,long,0.5,14,points,0.6785400175828715,191.58141815781775,points,0.8452047063599982,372.46357542796864,960,75.0,0.0,off,15,state,cross,off,1.0,0.2751264386015774,0.44101922915118297,1.0652832823131162,11.859580616523939,1236,200.1991130820399,1.1405432125039079,True,-0.14729355702145386,-0.23507083148650368,0.9678234740560888,-2.2770217862334876,526,-0.1786664386359543
555,long,0.0,7,points,1.5859782395149267,203.85287496985745,none,4.628586282870932,239.80818836005034,960,150.0,25.0,200any,30,state,cross,through,0.25,0.5087561459810718,0.8443368788255569,1.1377523501129507,20.5341478873696,909,147.23381374722837,2.784785395607592,True,0.3629532170009049,0.5914204054154834,1.0889773617965028,5.400653161984537,378,0.7037016792856589
555,long,0.2,7,points,2.7901691747175406,160.6607019353472,none,4.800406454776667,190.01148153804326,960,50.0,25.0,200all,30,state,cross,through,0.25,0.778675163416102,1.3575789714881,1.2666768090958043,22.793808689314837,786,127.31108647450111,3.2286825614335672,True,0.24709043527254165,0.40268980367620827,1.0736617558715225,2.408933713432734,323,0.4424373160412614
555,long,0.2,7,range,2.826044524284391,148.57094174952786,r,5.294485617159388,186.25324706159824,960,50.0,25.0,200all,30,state,cross,confluence,0.25,-0.1776963163914088,-0.28445907460786707,0.9456499465474563,-3.1954332662883096,690,111.76164079822617,-0.4620585768041022,True,-0.2186855745588414,-0.36606225603266923,0.9322952859464335,-1.6441689827822732,287,-0.2716337359427958
555,long,0.2,7,points,3.105650385688071,201.6524603015098,none,2.48035818004806,149.4767577070508,960,50.0,10.0,state,30,state,cross,through,0.25,0.5142877108213224,0.8519617389925888,1.1724420258607435,15.926635879197283,796,128.9308203991131,3.5636406300210655,True,-0.385502221962093,-0.6020491462818344,0.8893028052401923,-4.217867483179892,330,-0.4157657855817769
555,long,0.2,50,points,4.85119757981804,160.4797568466293,none,1.0233352245816645,161.4714132131035,960,25.0,10.0,state,30,state,cross,through,0.25,0.08291995041566111,0.14058030762689913,1.0292318958477706,2.156147282919621,796,128.9308203991131,0.19194336950276114,True,-0.30271035749726094,-0.5167839859587287,0.8978208808640494,-2.5731988520922804,323,-0.38438296076479833
570,long,0.1,14,points,0.8142871199351284,210.43818159352145,r,1.1017839391728939,289.63327570038325,960,150.0,10.0,off,300,state,cross,off,0.25,0.5411593899778093,0.8107461666272763,1.1089377782538106,26.964484465717252,1347,218.17815964523282,2.1723886873216185,True,0.1644481262569906,0.24122224716610516,1.0297716467599938,2.81773462396171,571,0.3390113541595672
555,long,0.2,7,points,1.4977110007782009,147.70916328512467,none,1.7379947223524437,185.75842550440768,960,50.0,5.0,state,30,state,cross,through,0.25,0.42309948655899027,0.7403467209694468,1.1392740150920238,12.795630912364311,796,128.9308203991131,1.8975005823753095,True,-0.6074770153446418,-0.9930335585423017,0.8343225768194257,-6.232927712259969,330,-0.5431653382674017
570,long,0.2,50,points,2.3432934653577697,218.4881297708558,none,5.122716891041856,251.90364946411404,960,50.0,25.0,200all,30,state,cross,through,0.25,0.9575716513766679,1.6400144185807355,1.3555488315838387,28.68595942191107,751,121.6420177383592,5.642935238818555,True,-0.030430826529031375,-0.04354790360079296,0.9908152188852489,-0.28269279434992,308,-0.038766289035725716
570,long,0.1,50,points,2.5531608622298725,263.6715821389256,none,4.015582080649528,188.71231126918605,960,0.0,25.0,200all,150,state,cross,through,1.0,0.4792868250734526,0.8158995556149008,1.1415762664084503,22.35620638436537,845,136.86751662971176,1.8868819369985295,True,-0.0008828101596754971,-0.0012976813290840393,0.9997911557819896,-0.01244245774581465,338,-0.0012026541671757887
570,long,0.2,50,points,2.324148735785167,146.28695410906778,none,6.650172416326999,253.47498279246307,960,0.0,25.0,state,15,state,cross,through,0.25,0.538751207321816,0.9490852934505521,1.1507583582031138,20.530334920546387,769,124.55753880266076,2.5268682498006836,True,-0.10667346918317967,-0.1791164250219323,0.9751865738599494,-1.4122151376010006,319,-0.1228714439036265
570,long,0.5,50,atr,2.051433929611981,186.46585264915916,none,5.9835118856169665,302.86401074915045,960,50.0,25.0,off,30,cross,cross,through,0.25,0.09966216702403086,0.20694968438287256,1.1870152961943214,0.3473647654692238,22,3.5634146341463415,0.25876913194616463,False,-0.8682341074755577,-0.9614740181548308,0.28859562647379056,-1.155010741211184,12,-1.0
570,long,0.2,50,points,2.878429769431612,158.77005853611135,none,7.793628434218672,252.75640202033694,960,0.0,25.0,state,15,state,cross,confluence,0.25,0.47950824982826745,0.8387974093582803,1.1332223952733236,19.191674661048026,782,126.66319290465631,2.0797940398047774,True,0.05224065995439997,0.08667029466297362,1.0123458569359027,0.7038121473279251,323,0.0593600072790447
570,short,0.2,21,points,2.8163931808446923,240.28077659468866,none,6.726432457113675,314.59915197007325,960,150.0,25.0,200all,30,state,cross,through,0.25,-0.1919227560535878,-0.32726416737996167,0.93432869070673,-7.976980817410713,524,84.8740576496674,-0.48982170769024314,False,-0.8298932606889011,-1.287828953788618,0.7661342450131455,-11.41111930009154,229,-0.8088092094727574
555,long,0.2,7,points,4.068834865207634,263.33944073616465,none,3.9453240490927306,97.44798727056475,960,50.0,25.0,200all,75,state,cross,through,0.25,0.7470940502322027,1.2115881276138742,1.2629922736995765,22.803711063881412,786,127.31108647450111,3.505656634341979,True,0.18375720695111525,0.2721109918516391,1.0568105693619583,1.9416816814433577,323,0.3420080188969918
555,long,0.2,7,points,3.9944704429967053,264.759115197611,none,2.9890587932794026,178.09106134397075,960,50.0,25.0,200all,75,state,cross,through,1.0,0.5388471487201052,0.842520003669311,1.1685210451365704,17.534631885237914,904,146.42394678492238,2.418857139483428,True,0.27028670884005684,0.4055943386469734,1.0805544632051265,3.0598303808483385,370,0.49477788774480314
570,long,0.3,50,points,1.1043208631111108,214.7894640971735,r,4.166964482587516,304.80826440496793,960,150.0,25.0,200any,150,cross,cross,behind,0.25,0.5877451883824136,1.147933419801516,1.4946437049191479,10.385656558490048,128,20.732594235033257,4.612496138709026,False,0.022558326826603237,0.037120132888206245,1.0136010514763147,0.1596663161804976,59,0.029929348511129987
570,long,0.2,50,points,1.462760605068278,261.307647177635,none,4.6397466052380985,139.83750766438632,960,25.0,25.0,200all,30,cross,off,through,0.25,0.3216007431227844,0.5086806614097303,1.7599656152319865,1.5046327834496398,26,4.2113082039911305,1.6071059992988672,False,-0.5707780405876205,-0.6109843331842078,0.43753702428088115,-0.2677760187903838,12,-0.7762557668385849
570,long,0.2,30,points,1.5512604882196355,201.709838183596,none,5.358834384302543,337.1234412791839,960,50.0,0.0,200all,30,state,cross,through,0.25,0.8238227767483396,1.4871031848718257,1.3112801183220657,25.148873960615386,751,121.6420177383592,6.278197955447306,True,0.13218429419653,0.2091983723549082,1.0425809058159807,1.3130086843835724,309,0.17483893816708576
570,long,0.2,30,points,1.5851349660838636,203.9122788901134,none,5.862248032475121,379.69830035513667,960,50.0,0.0,off,30,state,cross,behind,0.25,0.5204655432207288,1.743767423503264,2.5053873198178547,5.787731679318721,34,5.507095343680709,4.005699962092846,False,0.19913086489318044,0.3630682288965676,1.3892642802795985,0.4795851553045001,15,0.39612753029774034
570,long,0.5,30,range,0.88474147163909,271.08091154877866,none,4.114182669114212,308.1737526870486,960,50.0,10.0,200all,30,state,cross,through,0.25,0.10834335149312044,0.1979216462199584,1.0402880996183685,2.5911180904573046,672,108.84611973392461,0.3794557574611471,True,-0.33830806039305705,-0.551561387392691,0.8928086628790238,-2.6716048034548736,275,-0.31950423091922137
555,short,0.1,7,points,3.2737047034542144,181.67430190156506,none,5.201849200366013,216.00940761529654,960,50.0,25.0,200all,30,state,cross,through,0.25,-0.9595431202449303,-1.423530968305158,0.6918347987963109,-25.622969279731073,547,88.59944567627494,-0.9138903791599419,False,-0.7516927561958546,-1.1158199610475878,0.7661207204641508,-6.73858011515188,250,-0.7388230260743052
570,long,0.3,14,points,1.2320097562593013,164.52318413175786,r,3.839705983703098,390.8096110749924,960,150.0,25.0,200any,30,state,cross,through,0.5,0.40151172376366634,0.6899101172803639,1.1101184724954813,15.313464437048736,857,138.81119733924612,2.6107394447061902,True,-0.06413663741222056,-0.10304228444809305,0.9849746886114685,-0.8444206166954027,349,-0.07108228701960424
570,long,0.1,10,points,1.0313050879656955,180.7417548982457,none,7.330315568965058,344.26973263943654,960,50.0,0.0,200all,75,state,cross,through,0.25,0.6361616283435398,1.1298620625637543,1.2259587725589547,19.421448230129897,772,125.04345898004435,3.8738895244932143,True,0.2241991775066581,0.3678547463828104,1.070891437367583,2.250980463300279,316,0.30514635955816377
570,long,0.1,10,points,3.018949414260181,180.5054178234185,points,6.930922220552316,302.3741472380553,960,50.0,0.0,200all,75,cross,cross,through,0.5,-0.37210396893962444,-0.5586206273523167,0.7198154406634065,-4.145655141621943,90,14.577605321507761,-0.7955734874061591,False,0.1211665923744413,0.21805906976201572,1.1327845126726641,0.4165641849137687,32,0.1886691504009624
570,long,0.1,10,points,1.0992244575214358,149.611059913736,none,6.852161668984203,381.2175823426931,960,100.0,0.0,200all,75,state,cross,confluence,0.25,0.5412764706917261,0.9492216303354117,1.159445692545861,18.485624222216977,807,130.71252771618626,3.2474853688791323,True,-0.2524831679639677,-0.4078510619168488,0.9368098777605292,-2.8785282034096236,333,-0.313106724332916
570,long,0.1,50,range,0.7758067030235591,136.08622266406402,none,7.340123297290188,373.01029156852917,960,50.0,3.0,200all,75,state,cross,through,0.25,0.13377817321542693,0.2593121570275004,1.0492296277236404,2.8415281748857932,674,109.17006651884701,0.6426244074445951,True,-0.0437074649160266,-0.07780231508160937,0.985032026068416,-0.36299012089627225,281,-0.05772895643585431
570,long,0.3,10,points,1.7929892647613856,217.43907532668896,none,6.562765547067915,379.1745874520627,960,100.0,25.0,200all,75,state,cross,confluence,0.25,0.4659341968837226,0.7498387135600995,1.1391643704414756,16.204349848932402,769,124.55753880266076,3.33070148945013,True,0.24241685733885335,0.366518042014404,1.0661438917270294,2.7745907832493226,319,0.4162960050739677
570,long,0.3,10,points,2.1700375527985143,261.8099817569625,none,6.169283394377208,310.19103724791205,960,100.0,25.0,200all,15,state,cross,off,0.25,0.2924218328363855,0.44871126017224383,1.0906904244585796,10.078933670410066,710,115.00110864745011,1.4350561921366376,True,0.2310310929973937,0.3426738621426921,1.0671777420346678,2.551996122558533,286,0.4772157131634779
570,short,0.2,7,points,4.357610527487539,232.91115646873888,none,3.2531370987766874,65.85874086887374,960,150.0,25.0,off,75,state,cross,through,0.25,0.36478093231040776,0.9491943661408718,1.6464408620064817,4.453362352293918,44,7.126829268292683,2.743992708045,False,0.08459266822150464,0.14200844855144806,1.0883686440258227,0.24902023421200586,18,0.19536954474665016
570,long,0.0,30,points,0.6025910265299768,248.38137025356443,none,7.077762607724383,288.4179455619866,960,50.0,0.0,200all,75,state,state,through,0.25,0.8320493100983722,1.485234335301435,1.3186811844091408,23.427853145346628,782,126.66319290465631,5.875714256564081,True,0.18144831308623802,0.2926031187867352,1.058876829807428,1.7609469646281255,323,0.28715636623046975
570,long,0.2,30,points,1.9723451823151452,146.12179389608252,r,4.696184735918719,246.1014317503781,960,50.0,0.0,200all,30,state,state,through,0.25,0.9110008899995543,1.8818145894835205,1.371272315713526,25.616842334113223,751,121.6420177383592,8.29284050797777,True,-0.07989010632411782,-0.13327127338638925,0.9757180520292579,-0.7180849504104434,309,-0.0995195674601504
570,long,0.0,7,points,0.5102838966559722,219.89299134758616,none,6.651734910323176,326.1642406219541,960,50.0,0.0,200all,75,state,state,through,0.25,0.7279749211238816,1.2939862345802617,1.2685926133341712,20.54855969051015,795,128.7688470066519,4.789845248290484,True,0.1846493522924451,0.301113552463592,1.0586330515126459,1.8065590994856477,330,0.2714294383309005
570,long,0.0,30,points,2.3589371960636534,212.11982427026044,none,6.758423670129466,365.5744285333527,960,50.0,5.0,cross,75,state,state,through,0.25,0.01948803168121558,0.030210545643034603,1.0137236777149994,0.23134171299178008,166,26.887583148558758,0.04472137299984402,False,0.44533349459812926,0.8788170412577136,1.3133774231714805,3.3833429055269963,88,0.8666190593558363
570,long,0.2,30,points,0.657087520063605,131.93762301317838,r,2.6531264236262646,215.92194223150378,960,50.0,0.0,200all,30,state,state,through,0.25,0.791492409129661,1.5119988619416525,1.2891346170255342,20.627674074159092,751,121.6420177383592,5.2155424313190535,True,0.04947595585813125,0.08468012300861992,1.015033632663581,0.4346167672441852,309,0.06600389793899089
570,long,0.2,30,atr,2.170373392613924,74.26345651246083,r,1.805289556019819,173.8095312454156,960,50.0,0.0,off,30,state,state,through,0.25,0.5245391417898291,1.3757558258187286,2.329823390933286,1.6024512214828308,26,4.2113082039911305,2.215937098678999,False,-0.0825871918579823,-0.13697487817429357,0.8992210003303635,-0.14256844620600712,14,-0.12157009604090004
570,short,0.2,30,points,0.6040737507235188,159.2973014025167,r,4.65556623250298,314.01960662709206,960,50.0,0.0,200all,150,state,state,through,0.25,-0.5610633888730477,-1.0062958701582059,0.7806938606862197,-15.336720303561428,525,85.0360310421286,-0.7870015506906136,False,-1.1125642960225819,-1.8041571125616598,0.6188368338995872,-9.160910742999048,227,-0.9027621425009001
570,long,0.0,7,points,1.950242035894392,180.53952025574893,points,5.575017135970872,213.4230946421002,960,50.0,0.0,200all,75,state,state,through,0.25,0.9892384953531614,1.7161537532732394,1.343074575155667,25.516994646463893,795,128.7688470066519,8.390261888621465,True,0.1342595233739909,0.20977501392797918,1.0389528362804525,1.2117707882763626,330,0.2066719219728379
570,long,0.0,7,range,2.8779867163223467,186.84096220162644,points,5.833950286720141,251.47097717210207,960,50.0,0.0,200all,75,state,state,through,0.25,0.4703744413857959,0.919230402874908,1.177780809357415,9.652998125184862,675,109.3320399113082,2.336527860351305,True,0.31451807690575034,0.5666966842612691,1.1075718844787947,2.5573191418333634,292,0.4675588288444338
555,long,0.0,30,points,0.8094439234508527,170.72435473297742,points,7.828228814186502,301.3256886982997,960,50.0,0.0,200all,75,state,state,confluence,0.25,0.8512277581525056,1.5437784618685815,1.2999934512787341,23.46672249314956,819,132.65620842572062,6.410782234346725,True,0.3908832678457305,0.667679671128377,1.120160587733876,3.927065059634839,340,0.9020563141392262
555,long,0.0,50,points,0.6911868804224547,98.50839503419223,points,6.7277573921561435,335.83454262944326,960,50.0,5.0,200all,75,state,state,off,0.25,0.6514709767710958,1.2647516014297495,1.224274643913951,16.3652424233415,777,125.85332594235032,2.416761271280938,True,0.08277123612582855,0.1585417397806171,1.0251307702624228,0.7310708554790758,315,0.1331032274664529
555,long,0.0,30,points,2.6006673361303108,213.9584715200106,points,7.962743321633512,310.9650652135972,960,50.0,0.0,200all,15,state,state,confluence,0.5,0.9412739812626779,1.6699056820811906,1.3294482869842348,27.746253269776634,874,141.56474501108647,7.110811294692623,True,0.7159690648580763,1.230372425016442,1.2310711530175509,7.641226692026834,362,2.728828008237573
570,long,0.0,30,points,1.3605352624736171,296.90729601506234,none,7.687160981537195,187.05939107378595,960,50.0,0.0,200all,150,state,state,through,0.25,0.8714282590859926,1.5533267434434828,1.3378774595045628,24.566632040247796,782,126.66319290465631,5.565374850140471,True,0.17499091660053703,0.27756517953997384,1.0573034253993785,1.7164385031781797,323,0.2889336554424
555,long,0.5,30,points,0.6410357619540888,181.5477051639098,points,6.894105475963163,287.2806368800551,960,0.0,0.0,200all,75,state,state,confluence,0.25,0.6729123719379944,1.1200710924658006,1.200160113828542,21.56211684243876,763,123.58569844789356,5.093563590392583,True,0.6144104652274387,1.0102546521503113,1.1635825261880073,7.503619450070903,319,1.0561147186354825
570,long,0.3,14,points,1.780722922405235,290.83080305474016,none,6.744693819556793,93.89113275699417,960,50.0,0.0,200all,150,state,state,through,0.25,0.710888050379482,1.2529197743295712,1.2730205173548446,19.446882862560766,743,120.34623059866962,5.52691016398268,True,0.27656530541505797,0.4382736120402715,1.0960234456031972,2.6025566608584336,301,0.41253951402215866
555,long,0.0,30,points,3.504584952847522,149.90523328012716,points,6.720306998160514,361.42082146798094,960,50.0,0.0,200all,15,state,state,confluence,0.5,0.8805246449379962,1.6606132374743114,1.3029825146012033,25.278893152276993,874,141.56474501108647,6.580366687457295,True,0.38769442951102767,0.6915210534860958,1.1168282368538964,3.989610593859759,362,0.6623268269074206
555,long,0.0,30,points,2.985437863455231,204.73800783842088,points,5.0601461923724536,358.2964319049082,960,50.0,0.0,off,15,state,state,confluence,0.5,0.24125465296445459,0.430104643625866,1.2153086341062747,2.268287429899371,125,20.246674057649667,1.1952914299746324,False,0.6519519355199777,1.315794393890555,1.7765198069489316,2.4219355851297792,54,2.6082549481422745
570,long,0.0,30,points,1.287273216393921,290.2277971268175,none,7.740033805665231,153.9001773714919,960,50.0,25.0,200all,150,cross,state,behind,0.25,0.39711873480706933,0.7782443404155194,1.686414761419686,2.9390959067952633,51,8.260643015521064,2.057645670731261,False,-0.013610623716159568,-0.019931927007558314,0.9839626999332237,-0.04016734954121004,22,-0.0329292010169163
555,long,0.1,30,points,2.7279735161949508,157.81604921046477,none,7.959236332658813,216.89925213472551,960,50.0,0.0,200all,15,state,state,confluence,0.5,0.639887861907394,1.1809911693862147,1.217174566759174,18.21815819917187,865,140.1069844789357,3.6441823625110343,True,0.4619845251953728,0.8248975286990701,1.1449855030999883,4.6353230643337575,354,1.0469401367081945
570,long,0.5,50,points,2.9622848205683368,226.45493492355496,none,6.166818181429505,316.7102826636431,960,50.0,25.0,200all,30,state,cross,behind,0.25,0.6072097739333518,0.9917213915124461,1.215948355597057,18.02047053187073,730,118.24057649667405,3.2116066919777086,True,0.055196989751350664,0.07957758198099527,1.0172179838368312,0.5175978102453676,296,0.07924596244551109
555,long,0.0,30,points,4.037576811780914,236.23872464890613,points,7.468325651949962,300.911780177735,960,50.0,0.0,200all,300,state,state,through,0.5,0.8317487025870473,1.4309528207138276,1.2951914630035781,24.131333236356348,828,134.1139689578714,5.030875558535119,True,0.6604882835273639,1.1180904415558186,1.2174292607901571,6.899711107807089,340,3.14315761367103
570,long,0.0,30,atr,1.6521809892380253,246.08506126556506,points,7.93800278835107,190.16277436385494,960,50.0,0.0,state,150,state,state,through,0.5,0.34605611563879335,0.6256174287564096,1.1026517709411177,8.126367790844235,812,131.52239467849225,0.8423529259525318,True,-1.2402338807166975,-1.839852818335753,0.706956450296939,-9.731024135012074,337,-0.8308017761385098
570,long,0.3,7,points,2.3100464959651075,266.19375352630414,none,7.73829496907968,85.9713485294351,960,50.0,0.0,200all,150,state,state,through,0.25,0.6113498297856365,1.0471776662307195,1.231743287642926,16.897573848223438,738,119.53636363636363,4.44947059697603,True,0.413890496243969,0.6659908814640698,1.1419891382351433,4.018408885941068,306,0.5659148400096449
555,both,0.5,10,points,3.1970545717730445,289.3003047672614,points,7.278667874191562,251.26733802381088,960,50.0,0.0,200all,15,state,state,confluence,0.5,0.3239577388110232,0.49982081394580385,1.0812648203012833,12.340832296292081,1321,213.9668514412417,1.082754308555511,True,-0.0633243760064587,-0.09517122953303989,0.985030706960527,-0.8026522985935514,558,-0.15893715134637795
555,long,0.0,30,points,2.876665043838439,158.51037676699985,r,7.846430696450895,378.0686649041993,960,0.0,3.0,200all,15,state,state,confluence,0.5,0.7083430264304047,1.2720439766144227,1.2073827890535942,25.042966056533878,874,141.56474501108647,5.185198490576192,True,0.46836173248575297,0.8005748845866252,1.1180431121158034,5.918764738153671,362,0.7441226186787925
555,both,0.0,10,points,0.776311619504479,155.27500015489863,points,7.278513206081615,277.03713517432277,960,50.0,0.0,cross,75,state,state,confluence,0.25,0.03290903349454361,0.054293887171595286,1.014059055190625,0.6574342959000417,401,64.95133037694013,0.056982106343256025,False,-0.5345440638293679,-0.809653035248559,0.8083267160723066,-3.9761732703927066,198,-0.5440432841061418
570,long,0.5,30,points,1.5410522920499514,183.3164270052815,none,5.5406436293129415,314.38952534974726,960,150.0,0.0,200all,30,state,cross,through,0.25,0.3791446455298383,0.6247475766696455,1.113865887388881,12.671989127990724,710,115.00110864745011,2.274424648944278,True,0.08971668025046635,0.1408282167845107,1.0231974754549162,1.0736108215201963,296,0.10902123526049765
570,long,0.0,30,points,0.9587483144573228,280.25281493491843,r,7.53589061396815,131.84237833091626,960,150.0,0.0,200all,150,state,off,off,0.25,0.4561434002158374,0.7016185134591753,1.1409803649548773,19.53861157423288,760,123.09977827050997,2.7703457635174105,True,0.04618587992727573,0.06611259056053553,1.0121290207291487,0.6505424930011792,309,0.07867861317561801
555,long,0.1,14,points,1.0123793365596963,268.68852718805874,none,5.526180300547792,174.57397242735868,960,50.0,0.0,200all,150,state,cross,through,0.25,0.4778770096027723,0.7874969487086797,1.1660188979132835,15.28721094203906,791,128.1209534368071,2.4482155193224733,True,0.17736031521577839,0.2728083353833351,1.0570164967951607,1.9391262658189206,320,0.39295928467312013
570,long,0.0,30,points,0.5019873465731779,259.50920396900295,points,7.861294515890897,368.2257645594433,960,50.0,10.0,200all,300,state,state,through,0.25,0.9836429071990379,1.716108981967795,1.3782061811810467,27.401103297025426,782,126.66319290465631,7.687789578594554,True,0.1518494020486589,0.23724238278386933,1.048855452230289,1.4201965394355178,323,0.24865342798922727
570,both,0.0,30,points,0.6984941582042058,237.98063008702584,points,7.875280591493763,298.3169100292849,960,100.0,10.0,200all,15,state,state,behind,0.25,0.07906892196913791,0.12256941641164625,1.0179029674126647,3.4422159736788194,1304,211.21330376940134,0.2598833983559812,True,-0.5996312795757403,-0.8695318890842608,0.8796595280558718,-8.58237780203747,543,-0.7703983604882589
570,long,0.0,30,points,1.1785226025754776,238.0053589906745,points,7.59750876458489,309.7208232677222,960,50.0,10.0,200all,300,cross,state,through,0.25,0.4221589602741601,0.7036129769183481,1.5508369813475296,3.905028100966932,73,11.824057649667406,1.755856211663875,False,-0.07864635548635619,-0.11345627561584648,0.920416830337185,-0.22638553724613347,27,-0.1733677930024905
570,long,0.0,30,points,0.622000312431223,98.47028587469136,points,6.475836074181177,273.68558105513137,960,50.0,25.0,200all,150,state,state,confluence,0.25,0.7720893437656285,1.4043790503974405,1.2453307286542579,18.259720994787436,813,131.68436807095344,2.3653022934883006,True,-0.2805364509256848,-0.4704252445847305,0.9265376369345806,-2.2107124580280018,338,-0.39463894838649377
570,long,0.0,30,points,0.6683930172924519,278.1527222931701,r,7.258897755128693,320.37802746396994,960,50.0,10.0,state,300,state,state,off,1.0,0.7055777879410107,1.169396207306667,1.2525224015138636,22.78526172884653,774,125.36740576496673,5.0181237169559685,True,-0.2622903002614665,-0.404453078226783,0.9209163577100239,-2.9335383777972064,326,-0.3900773111682929
555,long,0.5,30,points,4.959202079411677,169.91457591017917,points,4.969069177399803,302.95005874342814,960,50.0,0.0,200all,15,state,off,confluence,0.25,0.5574120221911987,0.9114952842833823,1.1841817877775018,16.963524629690305,763,123.58569844789356,1.7731500594217653,True,0.06856762453014571,0.10833726655863984,1.0199552330814323,0.7358942394357495,319,0.11632386687191228
570,short,0.3,30,points,1.1404414694559564,251.74907873706215,points,7.814503490247032,377.7093287672775,960,50.0,25.0,200all,300,state,state,through,0.25,-0.41352325809853985,-0.6064875409156264,0.8487455496319949,-10.212503821279775,517,83.74024390243902,-0.6410496968282526,False,-1.3685923801440647,-1.7277899923743147,0.5995070835573603,-10.89714548741453,221,-0.9736628267929541
570,long,0.2,50,points,2.464852716851103,153.22339710485053,none,5.161317910253046,369.1861231212174,960,50.0,0.0,200all,30,state,cross,through,0.25,0.7773918628169912,1.4550305624522764,1.2863248683228827,23.315519796212385,751,121.6420177383592,4.5449714037356905,True,-0.11857594272096106,-0.1950659294146251,0.9644099875650474,-1.139630816059432,308,-0.14172184659356662
570,long,0.0,30,points,1.368447169273376,297.7601053778386,none,7.336603266658452,94.42931206436084,960,50.0,0.0,off,15,state,state,through,0.25,0.2640452086629854,0.5534305456778894,1.5671806803265735,0.9643844427025353,27,4.373281596452328,0.8709526399200785,False,-0.3061575531300597,-0.3542103852822266,0.6295120261216156,-0.51805024178799,15,-0.513774637305983
555,long,0.2,30,points,4.111499268389806,102.3666901283292,points,6.102751911502654,340.3467412150683,960,50.0,5.0,200all,150,state,cross,confluence,0.5,0.5435529032442304,1.0053806052542233,1.166552908788409,15.339038031504343,857,138.81119733924612,1.7492437620677697,True,0.032000093999108144,0.05915208209886006,1.0090220071866012,0.3093014022846523,350,0.08202141425451995
570,long,0.0,30,points,1.7400492912285175,251.48638432443482,none,6.9614661808796505,131.57093331884636,960,0.0,0.0,200all,150,state,state,through,0.25,0.5973967303575887,1.0002612128836783,1.189928118157645,21.81903494426602,782,126.66319290465631,4.217147214400087,True,0.41691576732699764,0.6521191382538583,1.113150535411224,5.14199957350006,323,0.5484489795126838
555,long,0.0,50,points,2.9664526114284153,103.25118104282447,points,6.497774466321153,342.99341654235894,960,100.0,0.0,200all,15,state,cross,confluence,0.5,0.49646155746829645,0.9102615487982334,1.1324655673389383,15.91533931336518,870,140.91685144124168,2.2448226613163365,True,-0.32991684477499555,-0.5923466073064384,0.9219529628569024,-3.686517231374368,358,-0.6004019669106826
570,long,0.2,30,points,2.8532934117193074,239.40169349287743,r,5.8819925100615675,193.2822157365062,960,50.0,0.0,200all,15,state,state,through,1.0,0.6478836471059666,1.1268595166196698,1.2313962106185679,18.473449739707625,831,134.59988913525498,4.919408549305006,True,0.35168025532609215,0.5691910081048874,1.1147663711143987,3.496597229874177,338,0.49355872162776643
555,long,0.0,50,points,0.8376509332622859,171.66359549541528,r,1.5166860617796567,189.61247345178856,960,50.0,0.0,200all,30,state,state,through,0.25,0.7953765690775197,1.3989399685582584,1.2768362599206744,20.977004602979477,792,128.2829268292683,6.300381847235478,True,0.4317347864115621,0.729769526915884,1.1345515009599676,4.1228931349236255,322,1.0460687814191056
555,long,0.0,14,points,1.211024508729489,255.49951642485325,r,0.5611649538143104,216.59181579711665,960,50.0,25.0,off,30,state,state,through,0.25,0.10145251204280606,0.1503349306942515,1.1436362629506112,0.32333262298822885,31,5.021175166297118,0.344746918960147,False,0.5008657241252066,0.8802595823708104,1.9235928610030553,0.7300853680125923,14,1.4014003068570562
555,long,0.0,50,range,0.6133599990192923,151.57078252607545,r,3.1656100042047886,188.21828914307844,960,100.0,0.0,200all,30,state,state,through,0.25,0.031234198488521346,0.0542887426830347,1.0106264245256378,0.6255158060567361,626,101.39534368070953,0.08607799982372055,True,-0.16734593559067426,-0.2826351765417002,0.9486221396734775,-1.346517960216123,262,-0.15880347509889303
555,long,0.0,14,points,2.7796591149365284,219.44923389340477,points,7.652507556301619,320.301555393642,960,50.0,10.0,200all,15,state,state,behind,0.5,1.043951771722251,1.8489621969558188,1.3822951937855392,30.054135366164367,831,134.59988913525498,7.80576289979044,True,0.5082271964668397,0.8377575813439821,1.1630832079784061,5.195076441892952,344,1.5878043148408953
555,long,0.0,14,points,3.3489967692228166,206.8798717688762,points,7.956551306155818,261.39923764761045,960,50.0,10.0,200all,15,state,state,behind,0.5,0.9615583597558189,1.642317333778217,1.3361366676334734,26.64242340830566,831,134.59988913525498,7.207341974518099,True,0.5270735598740869,0.8573876284300347,1.1654534212005583,5.17461291128572,344,1.6691347764377686
555,long,0.0,14,points,2.527431419826276,188.081537833092,points,6.958112564435117,307.31162342721836,960,75.0,10.0,200all,15,state,state,behind,0.5,0.8702534830016421,1.5181249005164215,1.283962558385256,26.5000450266334,831,134.59988913525498,6.565462846387932,True,0.42793921633077603,0.7015891901452539,1.1240971840648606,4.760554212026996,344,1.3703624237709897
555,long,0.0,7,points,3.2754514232812206,275.5118297023049,points,6.916977663878734,383.96198337049066,960,50.0,10.0,200all,15,state,state,behind,0.5,1.088672987261714,1.9652303842622025,1.4163837218887163,32.34026523517291,837,135.57172949002216,8.673796684747716,True,0.5381909509609071,0.8879119513766193,1.178572199701462,5.616072158826475,352,2.1217146760527927
555,long,0.1,21,points,3.007476490374252,225.82267390338848,points,7.029087854063932,265.82742849411454,960,75.0,10.0,200all,15,state,state,behind,0.5,0.7816716679714341,1.300781407880447,1.2533813328679422,23.523902495989333,817,132.33226164079824,5.986338982323013,True,0.5736063185386673,0.9160658441547531,1.1734647678064352,6.086806520765868,334,1.6424901536058243
555,long,0.0,14,points,2.6406987283700194,173.4844838620716,points,7.313159409113847,350.05622711229614,960,75.0,10.0,200all,150,cross,state,behind,0.5,0.552522123904109,1.1274088334339152,1.6301085281998147,5.285033368606388,92,14.901552106430154,2.6867198006771686,False,0.09258913658774057,0.15026241930385778,1.0760999988458506,0.3452117505262853,47,0.16024702278191263
555,long,0.0,14,range,2.8117075939227703,260.71107449848006,points,7.1780505110488155,331.97278585992564,960,50.0,10.0,200all,15,state,state,off,0.5,0.48408086512580145,0.9629712475567623,1.2027576074074346,9.73208348508435,614,99.45166297117517,2.471620368971072,False,-0.025188171504051154,-0.045757769379544316,0.9909638712616222,-0.18853235756116504,259,-0.040841839326026065
555,long,0.1,21,points,2.6884983128668782,219.25489177309152,points,7.264156334487781,193.50115593037444,960,75.0,5.0,200all,300,state,state,behind,0.5,0.6863916039632391,1.0822789664343977,1.2095776207438187,19.30352987664579,817,132.33226164079824,4.528714380674423,True,0.36021312625133933,0.5372191897229643,1.1012478672938,3.5130329096156356,334,0.8901534633071079
555,long,0.0,14,points,2.6084435358829077,223.44866792961432,r,7.484120413861231,273.6613725764117,960,50.0,10.0,200all,15,state,cross,behind,0.5,0.7873304993967629,1.348201767541415,1.2734514303019733,26.192662581559496,831,134.59988913525498,6.215023334005106,True,0.17960542065876026,0.27752877000842446,1.0550615014627445,1.9412610843114877,344,0.47737184130446636
555,long,0.0,14,points,1.657306301932978,296.5196335803702,r,7.67054778324154,227.04459331889416,960,50.0,10.0,200all,15,state,cross,behind,0.5,0.7495110708661846,1.236098769248634,1.2628583986176036,25.471943950225896,831,134.59988913525498,5.734738600017123,True,0.4258029621198785,0.6536648408377473,1.1403986498835839,4.668993492669484,344,1.806015919300869
555,long,0.0,50,points,3.150421139351689,213.58097707538894,points,6.380934065334691,273.32573644042867,960,50.0,10.0,200all,300,state,state,behind,1.0,0.9905792033725842,1.7007521020688623,1.3469790877288366,27.847910911526395,851,137.83935698447894,7.169005911972439,True,0.5618297465076793,0.9227204596142418,1.1775759384841753,5.658761778045829,355,1.7201745290044277
570,long,0.0,7,points,3.2200815936698186,241.67068151347135,points,7.2650312337103315,386.51998605166153,960,50.0,10.0,200all,15,state,state,behind,0.5,0.9736871196670618,1.7096034862035627,1.3633721348303935,28.28855069163665,823,133.30410199556542,7.3754889593159785,True,0.23469987847035464,0.3738392592199937,1.0747168271794763,2.299841824361999,345,0.4897771676730256
555,long,0.0,7,atr,3.3610463582841086,194.73405211091435,points,7.2651885995636105,342.4532570209609,960,150.0,10.0,200all,15,state,state,behind,0.5,0.8984225840481957,1.5066781775775353,1.2840598656582667,31.781370809010657,837,135.57172949002216,5.063600795880497,True,0.6783035019641599,1.0896883562014732,1.18904757511298,8.773485327598745,352,1.639824552196885
570,long,0.0,7,points,3.059885412698664,231.3418889024973,points,4.589123268367052,356.0895629748778,960,50.0,10.0,200all,15,state,state,behind,0.5,1.0258713264489234,1.816794884632145,1.3827950751805298,29.661655647003073,823,133.30410199556542,7.892787651400971,True,0.18266187870345024,0.2888452581289683,1.0572670555119084,1.7968085290910367,345,0.3288484086982491
570,long,0.0,10,points,3.2672194861385075,218.9264241600225,points,5.432875160840263,353.2115782819119,960,50.0,10.0,200all,15,state,state,behind,1.0,0.9541276255878964,1.654994933291856,1.3412565560862275,28.028376985566602,858,138.9731707317073,7.13666255395618,True,0.1786252656543204,0.28410778592267316,1.0545245158803946,1.773825267075719,363,0.3346219235601073
570,long,0.3,7,points,4.282231291674254,234.98540789715696,points,3.1808557693991637,392.5873468965065,960,50.0,10.0,200all,15,state,state,behind,0.5,0.716311865148604,1.2242920238512576,1.263807877221035,19.974951335371863,773,125.20543237250554,4.721507418102091,True,0.21984900178922245,0.3413872555840105,1.0728880649996946,2.0397746822912404,319,0.3021153988271503
555,long,0.0,50,points,2.80203295555511,233.20496466818295,points,7.505589909175523,262.60595288175267,960,50.0,10.0,200all,300,state,state,behind,1.0,0.9634181691570425,1.6218199883011664,1.336064113919597,27.226462980926737,851,137.83935698447894,6.601275324820941,True,0.4320639782797192,0.6860871470417592,1.133469311883092,4.322311283119996,355,1.1533099884816045
555,long,0.0,50,points,4.129804611937957,193.76022471256937,points,6.860590741389934,240.5298011569484,960,75.0,10.0,200all,300,state,state,behind,1.0,0.8104825647779451,1.3501769726658894,1.2511230460188896,24.05433190312464,851,137.83935698447894,4.860898288073233,True,0.32750748767499765,0.5117007945587155,1.0896760293034635,3.575872791883297,355,1.0238509889095768
570,long,0.0,7,points,2.9943755315777576,275.9422598765991,points,7.331969219833109,341.74071021049406,960,25.0,10.0,state,15,state,state,behind,0.5,0.46630949373607744,0.7647458091846719,1.1731632787993374,12.674934072044339,812,131.52239467849225,1.6133534604834825,True,-0.34798291788338853,-0.5308560166507291,0.8881720784491155,-3.1161322905737947,350,-0.46580777335201884
570,long,0.0,14,points,2.845028207328119,224.15170389668612,points,7.722626530705102,328.68160342826945,960,50.0,10.0,200all,75,state,state,behind,0.5,1.0307201591298758,1.8108730239581834,1.3814008549348433,28.681976995493045,813,131.68436807095344,8.29123846787158,True,0.2193331479174133,0.35017420635537727,1.069349018799327,2.1515711682199994,339,0.3912257803737013
555,both,0.0,50,points,3.658183939486379,226.09020246446605,points,6.2239791461420255,332.74340110317706,960,50.0,10.0,200all,300,state,cross,through,1.0,0.09737490450213745,0.15413064373024912,1.023468773389477,4.258616489214608,1387,224.6570953436807,0.25937787101575216,True,-0.12149992459186318,-0.18297165805645527,0.9722063174465161,-1.7136815799374814,573,-0.26667666720759164
555,long,0.0,7,points,2.555392866467625,279.03246599306715,r,6.152366483431119,388.6045957396697,960,50.0,3.0,200any,15,state,state,behind,0.5,0.6726046925347497,1.1621935337487856,1.2325756615470007,20.58760333547582,922,149.33946784922395,5.220664622293214,True,0.19131065084013163,0.31323473215835146,1.0588570721000734,2.1824699376730345,388,0.4621256211936433
570,short,0.0,14,atr,2.615764110993647,158.90270779136517,points,7.2810623067888,397.41274512342295,960,50.0,10.0,200any,75,state,state,behind,0.5,-0.6691436869497519,-1.088788540461136,0.782341963519647,-19.160919583759885,662,107.22638580931263,-0.8153721112666565,True,-0.6363775028450768,-0.9534901899189698,0.7947464877168874,-5.799724762144395,290,-0.6874661571377715
555,long,0.0,7,points,1.5954139298949317,296.28634388277584,points,7.618312021192439,372.66370580114597,960,50.0,10.0,200all,300,state,state,behind,0.5,1.0488744235171978,1.8551308288211974,1.3979911202826583,31.270218776446022,837,135.57172949002216,8.027477394869326,True,0.4819782857043226,0.7802052698382714,1.1583020603745537,5.029269000285301,352,1.8186220452941346
570,long,0.0,10,points,3.9997127399533237,179.78056783574704,points,6.958822278285979,348.1004673131179,960,50.0,10.0,200any,15,state,state,behind,0.25,0.9376018256896808,1.704258884533733,1.3254786181962108,26.738212962299222,887,143.67039911308203,7.895939281185586,True,-0.24855966895079157,-0.3898160738165793,0.9317386220922811,-2.512592856760744,370,-0.4081656092326036
570,long,0.0,10,range,3.4198656480341176,244.6857974787744,points,5.200553568642993,331.5086278649084,960,50.0,10.0,200all,15,state,state,behind,1.0,0.32593737643675535,0.620257546325913,1.1165542576309113,7.003000079958874,730,118.24057649667405,1.2367383513828294,True,-0.11693667030825568,-0.202631334831202,0.962421360365924,-0.9348673447974977,318,-0.15175468876580317
570,long,0.0,10,points,3.0401954005903162,132.0403748944301,points,7.049500951213695,379.7503991132147,960,50.0,10.0,200any,15,state,state,through,0.25,0.6923912787819629,1.2744262842155047,1.2259175470641785,19.007894504958884,885,143.34645232815964,4.1031074257286155,True,-0.3061488597414133,-0.5094435039179118,0.9184781774998234,-2.9090294519398077,372,-0.45953408144643854
570,long,0.0,10,points,2.6610678616302046,238.45395999784364,points,5.327175539252764,212.4315768212978,960,150.0,5.0,200all,75,state,state,through,0.25,0.5386682928297823,0.8194572212531269,1.1549070939913584,16.874414862550687,793,128.44490022172948,2.5505185771699157,True,0.39173484740342746,0.5828108597626578,1.1023910522634617,4.338850458482817,328,0.6124696663103731
570,long,0.0,21,points,3.288637632704895,125.8867994370659,points,6.121460390333565,398.825761149197,960,50.0,10.0,200all,75,state,state,behind,0.5,0.7425027821954308,1.3916709373251912,1.256175354037885,19.716623365791417,811,131.36042128603103,2.980167939775528,True,-0.08234649787821548,-0.14155082569666483,0.9760093401410418,-0.7328774022833506,337,-0.1260400809673005
570,both,0.0,14,range,2.841968643511232,215.4361140970517,points,7.632114039611312,359.7213696779894,960,50.0,5.0,200all,75,state,state,behind,0.5,-0.22950090399884918,-0.4138232532028588,0.9362743488818362,-6.825237745497903,1132,183.35388026607538,-0.4377719622451773,True,-0.5280700502955322,-0.8694177848356289,0.8652601131756759,-5.561657009332034,506,-0.705827104911867
555,long,0.0,7,points,1.994425366030577,254.19037323952972,points,6.376396547546771,284.25739404314857,960,50.0,10.0,200all,300,state,state,behind,0.5,1.0278206918954305,1.754916125587934,1.371545535792753,29.480660346754668,837,135.57172949002216,6.896027282001632,True,0.6899571768562028,1.1393022807245956,1.226209057511243,7.177042202365426,352,2.732562204327622
555,long,0.0,7,points,2.0338635799058538,237.66449692799995,points,7.8161796247212845,375.43324698486924,960,50.0,10.0,200any,300,state,state,behind,0.5,0.8248793362393297,1.429599247217177,1.282076533222839,25.42244302813212,922,149.33946784922395,6.083451891809795,True,0.15857016174941088,0.2541027259674991,1.0464034361079058,1.7319394096408562,388,0.44066085141598416
555,long,0.0,50,points,3.194987409603712,295.8151237940832,points,5.658555838499954,366.468054123228,960,50.0,25.0,200all,15,state,state,behind,0.5,1.0849763016488005,1.869323826821998,1.404581757797916,30.745451839824526,821,132.980155210643,7.166276046417311,True,0.43590439903697714,0.6786143481177831,1.1404113664017088,4.340217459113569,337,1.7877448884620062
555,long,0.3,50,points,4.034015918428989,290.7576136598062,points,7.296942434025436,352.2312575996294,960,100.0,25.0,cross,15,state,state,behind,0.5,0.42303684337638064,0.726040085735974,1.3510337630034426,4.661949047733864,122,19.760753880266076,2.3128870283078373,False,0.13382944361869592,0.19878918749906938,1.0837795985042114,0.7777539714057945,66,0.24601542911324614
570,long,0.0,14,points,2.502924786177286,292.00545631723395,points,7.75758946656703,307.5137569577476,960,50.0,10.0,200all,75,state,state,behind,0.5,1.1042668828182423,1.917530806301495,1.415018914837366,30.500889507475158,813,131.68436807095344,9.057797465320172,True,0.40915431351487835,0.6541428742830805,1.1347874421271678,4.050773028634165,339,1.0510700636955141
570,long,0.0,7,points,2.162114081882351,291.4387686828006,points,6.246651811989506,386.6031863615419,960,50.0,5.0,200all,30,state,state,behind,1.0,0.872311182309139,1.4917156872129251,1.3186884020230234,26.067607464478158,861,139.45909090909092,7.206972703611957,True,0.29668458978943574,0.47459222645592053,1.0950136197995468,3.062172059759183,365,0.8226253644834748
570,long,0.0,7,points,2.412322495560817,297.86107473664424,points,7.068361887172395,389.889807354126,960,50.0,5.0,state,30,state,state,behind,1.0,0.689911183962742,1.1326198120456479,1.2375053695427831,22.790934432983157,849,137.51541019955653,4.6945462329447825,True,-0.15473428295379651,-0.23681302064289264,0.9542470591918972,-1.7566906662150148,365,-0.2759589867817848
570,long,0.0,7,points,3.9067994049592842,256.805603556638,none,6.956311873067379,337.0214337234095,960,50.0,10.0,200all,15,cross,state,behind,0.5,0.25650962205427863,0.4630940457813441,1.3079804364771872,2.3363828674713663,84,13.605764966740576,0.8951720673438645,False,0.4846787334754753,0.8810676895318286,1.618215672892158,1.458802852914869,45,2.0110766709640697
570,short,0.0,14,points,1.4869314203899702,266.7133573977478,points,7.80651028816365,247.27150336848436,960,25.0,10.0,200all,75,state,state,behind,0.5,-0.35144886752367965,-0.5267437839050347,0.8746169909661086,-7.86132006834781,572,92.64878048780487,-0.7578680351091749,False,-0.7768394507520624,-1.0655533055957525,0.7476815873010634,-5.488970879073548,254,-0.8465556122561966
555,short,0.0,50,points,4.2095543396068,236.60584827215706,points,5.329483737330946,381.7474752079298,960,50.0,25.0,200all,15,state,off,behind,0.5,-0.42910855145422405,-0.612452964242779,0.8515690134489847,-13.505332863595491,573,92.81075388026608,-0.6357575553483054,False,-0.23586442729775597,-0.3314037447765054,0.9198110922568867,-2.2077103507561144,246,-0.277923765694987
555,long,0.0,21,points,3.883453583153549,294.44330422310486,points,5.030377627515991,323.0496172146052,960,50.0,25.0,200all,15,state,state,through,0.5,0.9866937109904054,1.6366097856071171,1.3506680191622071,27.340193678357082,833,134.92383592017737,6.014734188246367,True,0.5757001545577531,0.9092070589481418,1.1854702733454958,5.852860146930771,342,2.8751226775300887
570,both,0.0,7,points,4.4024460353273245,281.5073752157443,points,5.065601300051892,373.8064006478194,960,100.0,10.0,200all,15,state,state,confluence,0.5,0.10713300373878554,0.16855597005846387,1.024338255894656,4.977386458321352,1393,225.6289356984479,0.32824398174349706,True,-0.4148152917122509,-0.6096175154636104,0.9153288414115741,-6.334829338749653,593,-0.7301128007573586
570,long,0.0,14,points,2.219125736637808,284.30696948441084,points,6.570033369842752,341.80308486562785,960,50.0,10.0,200all,75,state,state,behind,0.5,1.1404175291503982,2.0331102136861063,1.4382238517991426,32.093714063982155,813,131.68436807095344,9.544971331934624,True,0.4048636082449072,0.6519730870068278,1.133930972385859,4.008814029705119,339,0.9637723400319452
570,long,0.0,14,points,3.335793153551165,171.7880376853434,points,6.632766328794233,257.41012945459534,960,50.0,10.0,200all,300,state,cross,behind,0.25,0.9910475983997658,1.6910374594701088,1.3349630560289345,28.873802308034406,794,128.60687361419068,5.66410937059931,True,0.4132766017998127,0.6648825447770427,1.1262764259920892,4.061441834562562,326,0.8339105705556257
570,long,0.3,14,points,1.521989885514367,280.4886676816699,points,7.922003489294419,335.77406126354447,960,50.0,10.0,200all,75,state,state,behind,0.5,0.9643624843257915,1.6890386517213958,1.3673205622306615,25.931371485463856,772,125.04345898004435,6.39897583268507,True,0.5404776157070725,0.8659096060339825,1.1934757915352683,4.993469636698283,312,1.245615926729439
570,long,0.0,7,points,2.0963640372640637,230.61517136009704,points,4.402181147267178,297.43927726103857,960,50.0,0.0,200all,15,state,state,behind,0.5,0.9919343267052304,1.76488478894656,1.3644703331767956,28.775564194725607,823,133.30410199556542,7.262993978013312,True,0.24876555475487325,0.40180684436905895,1.0780957801660014,2.495626140671556,345,0.48884840339917307
570,long,0.0,30,points,2.1406035186177177,298.2170189377873,points,6.0853052949768855,350.9044802539115,960,50.0,5.0,200all,30,state,off,through,0.25,0.6653352751785514,0.9865161764707128,1.2375367873735477,23.150067768115537,782,126.66319290465631,2.436092073618419,True,0.19999350654930317,0.2882947635128963,1.0661200957021275,2.322914135588069,323,0.4307591797094898
570,long,0.0,21,points,0.6345245496216916,210.81999699048188,points,7.369122338337327,334.66025737590587,960,75.0,10.0,200all,150,state,state,off,0.25,0.6817651971149017,1.1466737258686632,1.2303827185912848,20.211842065572977,760,123.09977827050997,5.418123972879592,True,0.3673556302089837,0.5990463740060791,1.1140106609808125,3.8296623958056135,309,0.7692236390905182
570,long,0.0,50,points,0.6580849371018547,279.79278910435244,points,5.80594580945543,297.8113386496251,960,50.0,0.0,200all,15,state,state,behind,0.5,1.090998850580704,1.964930501448253,1.4162023311926613,30.84747327471409,807,130.71252771618626,8.670688677163088,True,0.3983180951964823,0.6507767030434181,1.1319814222512563,3.972960282632252,332,0.9918698095685661
570,long,0.0,7,points,2.124772818561306,246.85655372222496,points,2.813899003298053,285.4853600099315,960,50.0,0.0,200all,15,state,state,behind,0.5,0.9730956090077169,1.6985592590319134,1.3551621700556957,27.963877505708055,823,133.30410199556542,6.279709074166915,True,0.3782880009259052,0.6137864065575694,1.1206263080717744,3.800598862025483,345,0.8550749658208409
570,long,0.0,50,atr,1.334833257254398,283.5156819935642,points,6.811377131130847,362.4355533850989,960,50.0,0.0,200all,15,cross,state,confluence,0.5,-0.22697845187360288,-0.4369779683258508,0.831006451889519,-1.5332945125973971,117,18.950886917960087,-0.36061289116802986,False,0.18741204404544673,0.42186333341588556,1.1713690928976224,0.5199959811627198,47,0.4913327666144314
570,long,0.0,14,points,3.7428718066341213,269.11116291495085,points,7.452750947315699,301.69224569469736,960,75.0,5.0,200all,75,cross,off,behind,0.5,0.5795609853649357,1.0152415739601648,1.7328008050105475,7.172933629417772,75,12.1480044345898,3.738721485904946,False,-0.5936636871801736,-0.7414117333950146,0.5489407578268797,-2.4811784939642485,35,-0.9949053766125493
570,long,0.0,10,points,4.436290425224007,138.40364747167368,points,6.548102153476327,203.29876064902632,960,50.0,0.0,200any,150,state,state,behind,0.25,0.5846503121230513,0.9852187891781877,1.1747144639796974,15.1608376875072,887,143.67039911308203,2.727721803568974,True,-0.2752866941654491,-0.42920304963917,0.9308355420954519,-2.484900689709022,370,-0.46619026060966673
570,both,0.5,7,points,1.6818435887443337,237.52924331171337,points,7.24220679982491,376.80820350470964,960,50.0,10.0,200all,15,state,state,behind,0.5,0.1496695665849805,0.24001406808109654,1.0396963478752794,5.5946199029666515,1226,198.57937915742792,0.4202498431791485,True,-0.4194118506303537,-0.6275506770871447,0.8985999025142968,-5.025856018197413,505,-0.6686934455970236
570,long,0.1,10,points,5.632660620666445,202.6259219945093,points,7.876069909985969,341.84923226764715,960,50.0,10.0,off,75,state,state,behind,0.25,0.0410552592005095,0.06898668351957195,1.0550825675533264,0.15871425940798295,41,6.640909090909091,0.19356476332633157,False,0.2619550464219777,0.47309120960890966,1.4873608566321264,0.6328313430640553,18,0.5641080485551326
570,long,0.0,7,atr,1.1861642177637972,274.33283767118303,points,6.711089533090588,339.95618750071185,960,50.0,10.0,200any,300,state,state,through,0.25,0.4241877414762114,0.8915993490107466,1.1371235710182999,9.922134050566992,887,143.67039911308203,1.6386816727388027,True,-0.14900367974266396,-0.2881864420466608,0.9586852566069655,-1.2600136887036966,373,-0.22916096184828427
570,long,0.5,50,range,0.9646076691875474,284.12397212876635,points,4.475974492838972,366.5676666837127,960,100.0,0.0,200all,15,state,state,behind,0.5,-0.05346905675662712,-0.09186476297735162,0.9829882101553207,-1.308296393183457,703,113.86729490022172,-0.1384894694988411,True,0.03131347756480333,0.053422901082696594,1.0096097897761511,0.2851852640674466,286,0.05794470257013672
570,long,0.0,14,points,2.1197101922719597,278.2309571366877,points,7.651006774199605,248.88430406212166,960,150.0,10.0,state,75,state,off,behind,0.5,0.4016367659643761,0.5651441171036177,1.1067945684450915,17.234843885213763,807,130.71252771618626,1.3444020282158127,True,-0.3069842418353774,-0.4142064561403352,0.9299113644414605,-4.644006952413709,343,-0.4554917766955978
555,long,0.3,50,points,2.7870098455510943,293.86365672342254,points,5.5285177437966615,368.4923969543739,960,50.0,25.0,200all,30,state,state,behind,0.5,1.0380230716339063,1.7859298704189983,1.3886030655616712,28.28754064923721,796,128.9308203991131,6.210968006617947,True,0.45901353038575193,0.7075665801915333,1.1513014313349625,4.300611837848052,324,1.1489627128580193
570,long,0.0,14,points,3.704617833198867,233.2399201334021,points,7.267628280305378,317.63987209712076,960,150.0,10.0,200all,75,state,state,behind,0.5,0.8531561563411671,1.4161323420946776,1.2652115049248134,28.74341697100483,813,131.68436807095344,6.5247689585414195,True,0.6812313647799654,1.0997644066194114,1.1920344169083552,8.21281075354393,339,1.2484666543783025
570,both,0.0,7,points,2.3722372560495626,99.31263760804421,points,2.9327857603510368,178.1466432394958,960,50.0,0.0,200all,75,state,state,through,0.25,0.12633490379887627,0.20994043583408184,1.0271413218217742,3.8665190161585294,1315,212.9950110864745,0.3579079805599777,True,-1.0658632660539868,-1.638572035451936,0.8009527280518143,-9.886278506449429,553,-0.8314668516662131
555,long,0.0,50,range,4.050380240479728,275.6935407280537,points,5.508350863712656,364.2278699138792,960,150.0,25.0,state,15,state,state,behind,0.5,0.35021611585310025,0.6585899276194117,1.119657666582691,9.580557025523124,660,106.90243902439025,1.0021510305827954,True,-0.284291049166147,-0.48326428122906395,0.9217715827069627,-2.8431516232439407,284,-0.38602948918079333
570,short,0.0,30,points,0.5865474830046982,186.9922618683681,points,7.860384073360493,376.9891641921517,960,50.0,10.0,200all,300,state,cross,confluence,0.25,-0.6471192608284698,-1.0318941533084847,0.7794703589465979,-19.01869276656138,573,92.81075388026608,-0.8356444352389603,False,-1.3307226685735438,-1.867176547894916,0.605128851468678,-11.351706491954603,243,-0.85505378935423
570,long,0.5,10,points,4.4696558644738955,228.23444343444862,points,7.292918532694963,275.45576713692,960,50.0,10.0,200any,15,state,off,behind,0.25,0.40367204742978047,0.593878061388928,1.1278831487895358,12.778198415583727,799,129.41674057649666,1.0943530421091696,True,0.3177036254613196,0.47499424573678073,1.1003027038138768,3.3571628722667217,324,0.3950487560521362
570,long,0.3,30,range,0.5287013982236817,206.38634657688334,points,6.518191707571929,370.57051077612954,960,50.0,10.0,200all,300,state,state,confluence,0.25,0.36665432747043525,0.7042360310098075,1.1358755476188724,7.903637383764847,708,114.67716186252771,2.7432629085611593,True,-0.12081923516158505,-0.20278260208376775,0.9604135587910787,-0.9371926610614069,291,-0.16225367330882853
570,long,0.0,50,points,2.1703242383973027,263.7725322934089,none,4.662019797581938,295.052078622135,960,50.0,25.0,cross,15,state,state,behind,0.5,0.6154158013846228,1.3338844627869062,1.6706419534758592,6.013166987526514,123,19.922727272727272,2.425991934947668,False,0.35028075013078763,0.5631979339727797,1.282456178320827,1.6623170972949677,64,1.1048980621493096
570,long,0.0,10,points,5.936374563015863,111.2678813973067,r,7.539805841869175,314.9023467296381,960,50.0,10.0,200any,15,state,state,behind,0.25,0.532226955027621,1.0480522105440808,1.1773341690654993,15.056432873074527,887,143.67039911308203,3.1563967455954316,True,-0.48105311680113366,-0.8521990156807051,0.8710976855208704,-4.5721584499207175,370,-0.5857204347619412
570,short,0.0,50,points,1.5760558089603094,293.9523897659995,points,6.037307505709894,183.43921044266267,960,150.0,0.0,200all,15,state,state,behind,0.5,-0.35202199164281817,-0.48048759449161255,0.8989608550657407,-10.940239927044185,565,91.5149667405765,-0.7088869482846192,False,-1.0410934222014667,-1.339427365825038,0.7418082033516775,-10.713522052908843,243,-0.9803785737723075
555,long,0.0,14,points,2.782168782044499,274.69681166008195,none,7.236256690600236,271.8409525461432,960,50.0,5.0,200all,150,state,state,behind,0.5,0.8496085110645551,1.4918992084966538,1.318950469858243,24.915670573618655,831,134.59988913525498,6.027216036888967,True,0.47073214823977055,0.7737957039232967,1.156661508243998,4.878522218552309,344,1.8973108264540017
570,long,0.0,50,points,2.3806896752125373,248.59780434121694,points,5.7171056811506995,321.1801556809845,960,25.0,0.0,200all,15,state,state,through,0.5,0.4984052316969443,0.8608367917952027,1.1920190002441107,12.086184417067452,808,130.87450110864745,1.545454041193074,True,0.2001348404055324,0.33651424141184355,1.0710135708560848,1.6700095949599407,331,0.3370104375698595
570,long,0.0,50,points,0.5294976524563024,244.3981980466894,points,5.2038755368352945,292.68377151168806,960,50.0,0.0,200all,150,state,off,behind,0.5,0.7678032883702972,1.1878686655580255,1.2599537036022437,26.223216420151275,807,130.71252771618626,2.8836281259653957,True,0.06437865157619939,0.09529625394568099,1.0195964323978655,0.7326862917033481,332,0.12013275763741177
555,long,0.0,50,points,5.965622644949956,283.158494321511,points,6.448291374629666,384.3639899186953,960,50.0,25.0,200all,15,cross,state,behind,0.5,0.2833714087050195,0.47421162147884166,1.3847859591006222,2.139377882790663,60,9.71840354767184,0.866976194840353,False,0.4292539440559283,0.8066778195346803,1.706434823860342,1.1134641742874682,27,1.6402452095160245
570,long,0.0,10,points,4.648117655592535,225.2766879344431,points,7.105513854981459,343.9489894102381,960,150.0,10.0,200any,30,state,state,behind,0.25,0.8584597724948497,1.458327633087519,1.2597160028073544,30.455724414662296,887,143.67039911308203,6.9382703253708975,True,0.17825514087829125,0.2779769198065208,1.0452505140594472,2.2730240396835546,370,0.37202500791985393
570,long,0.0,14,points,3.480083267131662,231.7945410830228,points,5.516093534561813,370.20705563233776,960,50.0,10.0,200all,15,cross,state,off,1.0,-9.0,-9.0,0.0,0.0,0,0.0,-9.0,False,-9.0,-9.0,0.0,0.0,0,-9.0
570,long,0.0,7,points,1.6538230218284897,277.7757362183398,points,6.018552024241255,360.66274486134233,960,75.0,5.0,200all,300,cross,state,behind,1.0,0.11347042843403217,0.16973560326980935,1.0716767128142004,1.8444958443830934,204,33.042572062084254,0.3714015066613574,False,0.14712100851818705,0.22170512464467565,1.0871810941602478,0.8394155850303632,98,0.2765934974905179
570,long,0.0,30,range,3.597848535259014,241.22376001260216,points,6.177962849169654,227.91239617857133,960,50.0,10.0,200all,75,cross,state,behind,0.5,-0.22280126553212834,-0.3319021403961046,0.7845676030224334,-1.2432037576478714,56,9.07050997782705,-0.3844475213588333,False,-0.19205193767910564,-0.30425229396327563,0.793574026030654,-0.34873783549696824,23,-0.37033617262673313
570,long,0.0,7,points,3.1794984856110298,241.290383457435,points,6.930749531615707,362.56774894204955,960,50.0,10.0,200all,15,state,cross,behind,0.5,0.8280029870412745,1.3684835506907955,1.282968532280077,26.923350437318064,823,133.30410199556542,4.986313994923367,True,0.3440064587893363,0.5343388709748447,1.1083665680754773,3.7164839639381713,345,0.67153633369717
555,long,0.0,7,points,3.3049660190394796,244.04669897660557,points,6.592884020845967,398.81073430353325,960,50.0,10.0,200all,15,state,state,behind,0.5,0.933336529754895,1.6464442698344952,1.3468280298473287,27.99651672488684,837,135.57172949002216,6.707411022384435,True,0.44862055094814707,0.7380231088732364,1.145170581785977,4.673220797594981,352,1.5817367015918475
570,long,0.0,14,range,0.7128788365255818,233.19270294748463,points,7.778608347792314,388.23107093879986,960,50.0,10.0,200all,300,state,state,through,0.25,0.4726991539325123,0.9477181016304407,1.1877117553632388,9.905067781554358,669,108.36019955654102,2.0803563698472094,True,-0.2821208554438201,-0.47166306110075634,0.9086230619102883,-2.125900524679558,287,-0.29147859904515494
570,long,0.0,50,points,1.9846937725048766,299.2032995827842,points,7.07326340519948,226.33180917713452,960,50.0,5.0,off,75,state,state,behind,0.5,0.37952711871183076,0.7857245243550146,1.5487861888661563,2.273902817646169,58,9.394456762749446,1.3103902364154096,False,0.09246931812825177,0.14096784962147374,1.1198163045471414,0.22673086443158597,24,0.20210867695403348
570,long,0.3,50,points,2.209054833552866,143.35704445560643,points,5.66742178523227,258.11296224560766,960,50.0,0.0,200all,75,state,state,through,0.25,0.8425602363644431,1.556803356398888,1.3047042624860576,21.188110175487083,742,120.18425720620843,6.869748369509544,True,0.06107654350495966,0.10117015105804483,1.0184318524702685,0.5374427970017597,303,0.08690309160244544
570,long,0.0,7,range,0.8152523873016015,257.86112412280505,points,3.811905703511268,351.1875687147985,960,150.0,5.0,200all,30,state,state,behind,1.0,0.45695459445803077,0.882733522584661,1.1535070977893833,11.595969242951353,732,118.56452328159645,1.5143698310495428,True,0.29530398891351967,0.5128399054422444,1.0861268155768047,3.1474000665219286,319,0.5298942659608932
570,long,0.0,30,points,0.9264969244483696,224.93048530918304,points,7.520111083776339,399.55466625121886,960,50.0,3.0,200all,300,state,state,through,0.5,0.7718604580992487,1.35921418178748,1.2861756074866508,21.912338585131316,809,131.03647450110864,5.144412525341158,True,0.20869570304454832,0.3362253489177075,1.0670025043875702,2.0441026545677485,331,0.33102160204580156
570,long,0.5,10,points,4.313525652534015,178.39922312181926,r,4.432903856523387,369.4687188271423,960,50.0,10.0,200all,15,state,state,behind,1.0,0.5441708022511217,0.9943840974018681,1.2016382328797837,15.947932810151118,772,125.04345898004435,2.5921874950175168,True,0.18046213333966887,0.29165960541445124,1.0569439305995112,1.6298330948315747,321,0.1943838608990231
555,long,0.0,14,points,2.185580979303374,201.96838549600574,points,5.785847510318983,226.30651450233574,960,50.0,3.0,200all,15,state,state,behind,0.25,0.8578416768382777,1.44527399915877,1.2985074009856996,22.68904811530349,807,130.71252771618626,6.478315805088799,True,0.4000046771668799,0.6305028590951781,1.122813839654618,3.8220708257856852,332,1.088316312120453
570,long,0.2,30,points,2.2218614028521353,149.67247856186583,r,5.3996749580164085,297.21981944174894,960,0.0,25.0,200all,30,state,state,behind,0.25,0.7312390907812629,1.4253623057366462,1.244435204545132,25.57015186264054,761,123.26175166297118,6.956144788746788,True,0.24111967637695722,0.40293012277326673,1.0633955447585415,2.754024688672392,310,0.36447284465179575
555,long,0.0,50,atr,2.4086356827514726,276.26210766652764,points,5.824644842846599,220.1320833782046,960,100.0,25.0,200all,15,state,state,behind,0.5,0.8744495494079938,1.62314909902418,1.2590666115440317,22.648567128949537,821,132.980155210643,3.077971386522568,True,-0.14005413963502994,-0.23736942128542218,0.9657862140851193,-1.1877063809035429,337,-0.2788879830195845
570,both,0.5,30,points,2.142626074362364,143.36318274661642,r,4.924424598938163,333.5038787494446,960,0.0,25.0,200all,30,state,state,behind,0.25,0.10869759339872828,0.20159948698578042,1.025370653295563,5.258954658258533,1208,195.66385809312638,0.40141074975708924,True,-0.2711383004096316,-0.4553308271936158,0.9462768776866713,-4.14840797212549,499,-0.5082352985127571
570,long,0.2,30,points,2.8465615709452052,205.57438261964847,r,5.056464493667239,276.37282841545675,960,0.0,25.0,off,30,state,state,behind,0.5,0.5738798835177825,1.1237844786269284,1.7638967475885965,5.016352744156745,64,10.366297117516629,2.2492321200203684,False,0.31915906483401846,0.5380499888016201,1.4013703080202946,1.0543570483234455,24,0.9966130715369635
555,long,0.0,14,points,2.970156455377271,256.56323841854254,points,6.570489924610302,317.4885927511339,960,50.0,10.0,state,75,state,state,through,0.5,0.703109103681441,1.1305281715424331,1.231682711842679,23.049875796652874,840,136.05764966740577,3.230018153628236,True,0.05557151111279262,0.08563743082602708,1.0164659635601097,0.619856185563906,343,0.11925630192671295
555,long,0.0,14,points,3.17812383618511,278.8893985043182,points,5.175425158437554,371.82795517611396,960,50.0,25.0,200any,15,state,state,behind,0.5,0.893599412085417,1.4988037976041078,1.3011267366085149,26.18705562980597,918,148.69157427937915,6.434255453800355,True,0.15988956469767868,0.24447755701241922,1.046215858577355,1.7002494738868648,380,0.49477924692946784
570,long,0.2,30,points,3.3574757441952725,154.80614560308138,r,3.603604728520363,300.89093853927824,960,0.0,5.0,200all,30,cross,state,behind,0.25,0.27650367386898184,0.5378812302582723,1.4248466912614253,1.7847351131542464,36,5.831042128603104,1.0472236396917574,False,0.251933267050651,0.44015179442988844,1.4134398225266425,0.6179279103592836,15,0.45729597211216605
570,long,0.2,10,points,2.173125080578475,112.67300770788432,r,3.1107996171020833,274.89580786507076,960,0.0,25.0,200all,30,state,state,behind,0.25,0.6134186799168746,1.133308013040922,1.1812502435985712,18.298511563549745,759,122.93780487804878,3.302977034578817,True,0.30041013413776074,0.5441240353833227,1.0790039332451573,3.204982774320614,311,0.43044687768089224
570,long,0.0,7,points,1.8550158123044458,153.59016236486627,points,6.889741510457972,295.3220310401672,960,150.0,0.0,off,75,state,off,through,0.25,-0.016555222554980348,-0.02518149882004607,0.983186651055183,-0.1357718928692142,43,6.964855875831486,-0.04198334246776164,False,0.6103577404862882,1.261899574588723,1.7361640511708951,2.415758340742043,22,1.008350601563876
570,long,0.0,7,points,1.8738738232368293,123.79592592176417,points,6.644182013497801,267.8499842990988,960,50.0,5.0,200all,75,state,state,through,0.5,0.549634838783367,0.9798305675846105,1.1754414799312418,14.259181605242551,833,134.92383592017737,1.698477485772642,True,-0.16389044510260198,-0.27520243271104355,0.9544772173166667,-1.447958207257579,342,-0.24885232461178866
570,long,0.0,7,points,1.8320567568045296,211.17979641407598,points,5.240714529490161,153.64204597129515,960,50.0,10.0,200all,75,state,state,off,0.25,0.94722090958656,1.4611655084658983,1.3161348998742182,22.63907447018328,760,123.09977827050997,7.682637453909541,True,-0.24595938364196995,-0.3330807744224664,0.9324197489090439,-1.908507122768845,309,-0.3590723134433498
555,long,0.0,50,points,3.451483552544264,292.37616027046505,points,4.75178094411253,395.2445314739886,960,50.0,3.0,200all,15,state,state,behind,0.5,0.9919355759158349,1.798885853180156,1.387823807464405,29.485524653674062,821,132.980155210643,7.191660409467783,True,0.5952596149369183,0.993134917468891,1.2050743505255372,6.321930276137127,337,2.0906830099044202
570,long,0.0,7,points,2.527133153792875,184.47708303188483,points,5.96338155137714,155.89038116556273,960,50.0,10.0,200all,75,state,state,off,0.25,1.0186832365087437,1.6213631608981334,1.3406468524800617,23.81543338406515,760,123.09977827050997,8.120778878359115,True,-0.3563045425676338,-0.48547542746434447,0.9048043560689415,-2.7579691489544516,309,-0.49992172683369
570,long,0.0,7,points,3.392150161556858,183.59912066648243,points,5.888538494154599,38.09781412913527,960,50.0,10.0,200all,75,state,state,off,0.25,0.12947095617733126,0.14999527652588307,1.034349396887542,1.9900001886747607,760,123.09977827050997,0.3135449855493719,True,-0.46094436725530624,-0.5106132094932351,0.8833569706815466,-2.525465118792886,309,-0.7515224426673578
555,long,0.2,50,points,2.5083785175097693,286.03567182406226,points,3.462521542066039,297.3369037709672,960,50.0,25.0,cross,15,state,state,off,0.5,0.5158482058563298,1.1366248006689188,1.8105939710993821,3.8629859246244607,66,10.690243902439024,3.481730573285568,False,0.16189906161641496,0.24250036126991278,1.144232242881228,0.6815756051806781,42,0.3803419158793155
555,short,0.0,50,points,1.963281794808798,266.91647612304115,points,4.69845585481237,351.5842806139127,960,50.0,3.0,200all,15,cross,state,behind,0.5,0.4800576641748217,1.1107566513155505,1.799979773494446,3.317325211870962,67,10.852217294900221,2.3595599586253364,False,-0.8212513090108823,-0.9193741870167651,0.32138126350424956,-0.9613207820583778,20,-0.9855995301250636
555,long,0.0,50,points,2.7754031839268265,281.1366195920992,points,4.224358135701021,282.9699484028733,960,150.0,3.0,200all,15,state,state,behind,0.5,0.9294955640870425,1.5308803362579,1.2912359235966777,31.68261276173131,821,132.980155210643,5.451734492732645,True,0.987832368899876,1.605552896400817,1.290236895415491,12.334647658690944,337,4.646022949349718
555,long,0.0,14,points,4.821834474003143,186.7539100666023,points,7.88329153001594,162.07468965341604,960,50.0,10.0,state,15,state,state,behind,0.5,0.5144058870348326,0.7575877797879935,1.1470928095273383,14.34186795338946,828,134.1139689578714,2.4554028931681726,True,-0.7817002394362327,-1.0404871197000805,0.8171464425572723,-7.242030155188423,351,-0.8262726376643754
555,both,0.0,50,points,3.6504442783410465,209.92158629384386,points,3.858347948894685,387.9219032139225,960,50.0,3.0,cross,15,state,state,behind,0.5,0.47594111718901944,0.9621425004086975,1.3708316769147613,6.96168155156078,227,36.767960088691794,1.9495342036029237,False,-0.14121455637537672,-0.2123239092987308,0.920117546816645,-0.8510989975466421,105,-0.352564213579814
570,long,0.0,14,range,1.9579087695154782,262.8642385507294,points,5.436254631469826,318.65982910562013,960,50.0,10.0,200all,75,state,off,behind,0.5,0.29572753810927194,0.5588068441120476,1.1041240364653653,6.334970031957049,690,111.76164079822617,1.264933505716152,True,-0.07454586003289113,-0.12889581954148865,0.9759831648484641,-0.6020347153959922,298,-0.09984265977436675
555,long,0.2,50,points,3.900797334945095,278.35152566686133,points,7.8314245612214535,263.5004771173666,960,50.0,3.0,off,15,state,state,behind,0.5,0.14747682369666512,0.26470165068865353,1.1922349758177164,0.977692757773206,57,9.232483370288248,0.5064807992117506,False,0.6653106554986079,1.4570064171057109,2.4380497583400698,1.554282100757669,26,2.0321876883392553
570,long,0.0,50,points,1.5680345460354408,270.4539051058606,points,6.91244501491877,306.74572538332285,960,50.0,0.0,200all,15,state,state,behind,0.5,0.9346796288358463,1.6271180079891294,1.3456314457608674,26.134182361168246,807,130.71252771618626,6.809172568176295,True,0.43193865687303845,0.7126773917046788,1.144030668119159,4.322298442052405,332,1.1116809735175568
570,short,0.0,7,points,1.044740707638333,235.55309042689717,points,5.909007241987952,355.6981668395294,960,50.0,0.0,200all,30,state,state,behind,1.0,-0.7422839861889163,-1.1483855848814857,0.7581144525988714,-20.858686655993292,628,101.71929046563193,-0.8826974431068364,True,-1.0054534182655723,-1.455403748973463,0.695664936016019,-8.947759642431112,273,-0.8673117064574958
555,long,0.0,50,points,3.0437959199961173,269.79338816961604,points,3.4813493634694224,372.5495312836118,960,50.0,3.0,200all,300,state,state,behind,0.5,0.9329847308528251,1.6535916697222701,1.3565834371746155,27.71110961614563,821,132.980155210643,6.478195100766003,True,0.549259488891157,0.909470625451983,1.1855968412361146,5.738129672219253,337,1.875389956105523
570,short,0.0,10,points,3.7988616894073277,243.51992248394095,points,4.850055901046535,338.69496308384043,960,150.0,10.0,200all,15,state,state,confluence,1.0,-0.5635447923976066,-0.8769936889256615,0.8455620418955997,-20.699716311326597,756,122.45188470066519,-0.7862492418115712,True,-1.0320335726066234,-1.5102541495521475,0.7610577661180289,-12.917037143865869,350,-0.8507568170937881
570,long,0.0,7,points,2.275402063646188,100.9879573580855,points,5.48055183620081,229.49207789238332,960,100.0,0.0,200all,75,state,state,through,0.25,0.41651946977501425,0.7345175134698257,1.117033616471639,10.898977241870496,795,128.7688470066519,2.2318838027532673,True,-0.12251141098188356,-0.20975990315336382,0.9696934087383895,-1.1173498118894427,330,-0.19266087151284286
570,short,0.0,7,atr,3.140932550036969,269.57526551726266,points,5.487689697723281,374.9303089152704,960,50.0,10.0,off,15,state,state,behind,0.5,-0.060376960456716845,-0.10324955012623782,0.9426481870469695,-0.45820671481839514,92,14.901552106430154,-0.18149282506185438,False,-0.38624732601162276,-0.5669120490461873,0.7271116163257364,-1.092165052437663,46,-0.5276912786259468
555,long,0.0,50,points,4.472946116447634,285.82210725212485,points,5.874715668432498,366.24038700484425,960,50.0,3.0,200all,15,state,state,off,0.25,0.9680104135256841,1.74272938954688,1.3841990926528498,27.7796067563224,777,125.85332594235032,6.150210593579472,True,0.43749408992360506,0.7133958598079093,1.150056046555834,4.408478628354366,315,1.1972457595622104
570,long,0.0,14,atr,1.7395178970806477,294.60821429056665,points,7.900214880694206,370.0473123805949,960,50.0,25.0,200all,75,state,state,behind,0.5,0.6814115369039117,1.3729869825045145,1.2272293941412638,15.32129542013972,813,131.68436807095344,4.082358460295231,True,-0.10297717309561254,-0.18198596087202107,0.9710355723191203,-0.8246732073775132,339,-0.18204958624072967
570,long,0.5,7,points,2.4134983619696295,123.62658004299439,points,4.545908201071939,155.301448278834,960,50.0,0.0,200all,15,state,state,confluence,0.25,0.3902790075161534,0.6230109045453162,1.1162080059933663,8.596838275949642,733,118.72649667405764,1.272717134756464,True,-0.02907195534703602,-0.044530688709483734,0.9923596590989235,-0.22081024858284248,305,-0.02985572753440558
570,long,0.0,7,points,2.6306156413012314,218.42217050260126,points,4.193489782836823,272.48805493141583,960,50.0,10.0,off,75,state,state,off,0.25,0.6755224733634695,1.06789050662613,1.1720401371435023,23.065269370022335,1378,223.19933481152992,2.562810788832786,True,-0.2530953424973477,-0.3802648069719004,0.9437827547731612,-2.981602574149955,585,-0.3882925988012713
570,long,0.0,21,points,1.6282506242617498,159.1988929383446,points,4.500462092554898,353.69989011400753,960,50.0,5.0,200all,30,state,state,behind,1.0,1.0011639883440986,1.8818012193371014,1.3625680435218808,28.356668997653877,849,137.51541019955653,8.131559799912692,True,0.20614737319024387,0.3497120656708947,1.0623266555205604,2.016707745440977,356,0.398383827516223
570,short,0.0,21,atr,1.9713401662388057,184.8662144728686,points,4.65644649993808,353.5435050529882,960,50.0,5.0,200all,30,state,state,behind,1.0,-0.7642473961605963,-1.2747476633162897,0.749425989672313,-18.762685927890903,610,98.80376940133037,-0.9422633567645321,False,-0.8512757904049527,-1.3167360192549131,0.7286463151808904,-6.806942608530499,269,-0.7279000792431733
570,long,0.0,21,points,1.6230950675778526,134.39734930420266,points,6.088271074362108,266.90839647656503,960,50.0,5.0,200all,30,state,state,off,1.0,0.775346867984422,1.4039996839355746,1.2720359347223082,19.753733202912628,760,123.09977827050997,3.738149373581105,True,0.11407980933077018,0.1943324371951313,1.03498203429743,0.9927724474543296,309,0.24890906296363202
570,long,0.0,50,points,4.055886209070545,294.8699076048013,points,5.099556464007215,325.46814724701636,960,50.0,10.0,200all,75,state,state,behind,0.25,1.033993929486031,1.7920393430808113,1.3937116195951498,28.404387089227807,790,127.95898004434589,7.482669610856886,True,0.2148575123721608,0.3351600667012064,1.0703785430390373,2.0779096387485003,322,0.46852010192800164
570,long,0.0,21,points,3.9873451632625594,237.08320945775324,points,7.139400842117105,292.49401537869187,960,50.0,10.0,200any,15,state,state,behind,1.0,0.9221223793401733,1.5632214269395148,1.308394858368718,27.666470134920267,925,149.82538802660753,7.497616398427448,True,-0.002249755673143337,-0.003460625536951063,0.9993648147892249,-0.023246792418557982,392,-0.004875860727621888
570,long,0.0,50,points,5.158618985395499,298.59235480215995,points,4.891273988473528,395.79710081713006,960,25.0,10.0,200all,75,state,cross,behind,0.25,0.38228639338816384,0.6039247485232343,1.1481639952426832,10.046381230024997,790,127.95898004434589,1.1422282411277194,True,0.10507466455440496,0.161528303855373,1.0400270827743399,0.927316237523667,322,0.2556399085499618
570,long,0.0,50,points,5.039908232192624,291.58738255095614,points,6.672287255516812,294.3096916609085,960,50.0,10.0,off,75,cross,state,behind,0.25,0.34342990997482165,0.7772585492024119,1.7142451107745724,1.5775551044943814,33,5.345121951219512,2.111040003361727,False,-0.2927409340694379,-0.3837818544526746,0.6112483659258636,-0.6045783271822919,13,-0.5714673834598246
570,long,0.0,21,points,5.18313948433871,230.413621477242,points,7.197730149641971,318.97559277766084,960,50.0,10.0,200any,15,state,cross,behind,1.0,0.711768445618238,1.1440300129185894,1.2196645658901246,23.73538974311586,925,149.82538802660753,5.047515885039585,True,-0.015461735700833177,-0.023190138707594468,0.9956767079500826,-0.1779754920103156,392,-0.026483074616527002
570,long,0.1,7,points,1.5919498164612884,132.99076626049853,points,7.079946357012699,151.04710958460714,960,50.0,10.0,state,75,state,state,through,0.25,0.5294167358081897,0.8052980795824679,1.1484070983294017,13.404114387720194,791,128.1209534368071,2.112554982936195,True,-0.8477324392238939,-1.174190824451632,0.806876790939981,-6.906694196376911,325,-0.735047902877301
570,short,0.0,21,points,2.972568095039895,292.98799577615233,points,6.973115285122019,169.4538186347832,960,150.0,10.0,200any,15,state,state,behind,1.0,-0.5537448887643912,-0.7367201652855481,0.859512596763663,-18.173141479309898,684,110.78980044345897,-0.8240207680219106,True,-0.8253656798850335,-1.066766123928806,0.8099555290909303,-9.13142230444251,296,-0.9535320340175658
570,long,0.0,7,points,3.2120010538005523,143.44972696577165,points,7.274116884359154,360.23174396423474,960,50.0,3.0,200any,15,state,state,behind,0.25,0.8055207019758935,1.5167928026847755,1.276807337892307,23.048761089213535,890,144.15631929046563,4.972927828326168,True,-0.15464537289287586,-0.26236175940418044,0.956978743712344,-1.5527519673918928,371,-0.2814272596044894
570,long,0.0,21,points,2.44588208218309,274.0361507238956,points,5.0244382326835,319.493099776685,960,100.0,3.0,200all,30,state,state,behind,1.0,0.7163562137831506,1.157560965370443,1.22321941612095,24.113162859611272,849,137.51541019955653,4.837988875591817,True,0.38443899318570424,0.596550561960467,1.109087711531886,4.602891796118417,356,0.9290184136102391
570,long,0.0,21,points,3.3504733230524515,209.26325928887303,r,4.390094092066485,331.8364342800526,960,75.0,5.0,200all,15,state,state,behind,1.0,0.6454625447487222,1.167005184601246,1.2214562109254334,21.50747214237498,849,137.51541019955653,4.982018352851441,True,0.15232501957731673,0.24352064062419126,1.043654040269528,1.7087583533846322,356,0.2941346982649404
570,long,0.0,21,points,3.9411988223199677,258.8435677631635,points,7.7331271798973225,197.08495953757475,960,50.0,10.0,200any,15,state,state,off,1.0,0.8511572980370384,1.34270250664688,1.2778531639991424,22.68076979161156,860,139.2971175166297,6.533639522467253,True,-0.2613781648410198,-0.3656540574088406,0.929554514781514,-2.3831686007229704,355,-0.48525557275454123
570,long,0.0,10,points,2.090883598693864,233.08575973877248,points,4.496808312978139,315.69667737904376,960,50.0,25.0,200all,15,state,state,confluence,1.0,0.5902379888234779,0.9104822179983877,1.1760201442279448,17.379816362525457,999,161.81141906873614,1.7793521214475194,True,0.29181822390438306,0.4498247632104934,1.0808060289004149,3.0033850275240486,427,0.4854258726647141
570,long,0.0,50,points,4.091148033147485,258.78310093297586,points,3.1808964388878946,371.59315790808256,960,50.0,10.0,200all,75,state,state,behind,0.25,0.9824690298366288,1.723061968889328,1.3759683966446665,27.60006955523638,790,127.95898004434589,8.123352524212661,True,0.15507104171644834,0.24424464714454117,1.050309683166888,1.474629608354349,322,0.322472517795761
570,long,0.0,21,points,1.831218138584327,101.79923566427351,r,4.3672871450759105,315.25535808295655,960,50.0,5.0,200any,30,state,state,behind,1.0,0.5758696708179866,1.1175588329729487,1.1827764508594272,15.816799305014857,925,149.82538802660753,2.6419205916680997,True,-0.3479917172006033,-0.6317465081622365,0.9081488507113085,-3.30211597885951,392,-0.5114301723017952
570,long,0.0,50,points,3.5919053377658736,247.58554468854985,points,5.624303541610303,361.49887202539844,960,50.0,10.0,200all,75,state,state,behind,0.25,1.0051797618476082,1.7729001384281742,1.3854852933962667,28.54876599554823,790,127.95898004434589,7.44429651613701,True,0.22210559943092362,0.35334600962167495,1.0725206037755637,2.146260455980541,322,0.4310704881435925
570,long,0.0,50,points,2.0206053334404235,229.4378540052476,points,1.89219422140014,380.55781081596433,960,50.0,10.0,200all,75,state,state,behind,0.25,0.9641668572715089,1.7082466511565058,1.3662781145612333,27.178494828189102,790,127.95898004434589,7.2819815964646475,True,-0.045204438834912555,-0.06985540219458834,0.985877200972203,-0.43367915836658755,322,-0.0753045817601275
570,long,0.1,50,points,0.5668983483518679,222.97783286112644,points,3.908936412026632,395.3260087183593,960,50.0,10.0,200all,75,state,state,behind,0.25,0.8911390171414428,1.5759526813664146,1.339106850772591,24.452142967653266,773,125.20543237250554,6.885319740365977,True,0.06715790894719872,0.10539689429050295,1.0218308409903187,0.6299066844440857,313,0.11040585730179031
570,long,0.0,14,points,2.79079274641829,224.35984211666252,none,5.343591687238631,395.1061260542637,960,50.0,10.0,200all,30,state,state,behind,0.5,0.9777128038169783,1.7653046604350833,1.3718756327673536,27.972155876327992,813,131.68436807095344,8.082402402351237,True,0.0478993183088727,0.07470840175078847,1.014797819217958,0.45926779549931984,339,0.08313716609750334
570,long,0.5,14,points,2.485138986139825,184.39691864611203,none,4.402363798192111,320.21251294198265,960,50.0,10.0,200all,30,state,state,behind,0.5,0.7014530222390875,1.2402386623612864,1.2594912527059072,18.27175670903627,738,119.53636363636363,5.502429160541597,True,0.13636612148930216,0.21997862064989068,1.044008584409158,1.2205580876566384,303,0.15220742695070089
570,long,0.2,50,points,3.944116810734147,234.78305217645627,points,2.444430763804001,295.2196773820491,960,50.0,10.0,200all,75,state,state,behind,0.25,0.979065003819381,1.7070310405260478,1.3724230169421523,26.131408445067454,762,123.42372505543237,6.842120399148112,True,0.09419354982719498,0.14378218278435706,1.0305427711013824,0.8685929528808924,309,0.14054771619339532
570,long,0.0,10,points,5.323745932607188,219.59549159319585,points,6.461617320589861,394.3109018490395,960,50.0,5.0,200any,15,cross,state,behind,0.25,0.3828024939410573,0.768107301819801,1.5241085173860012,3.188084992229816,68,11.014190687361419,2.1736159443712566,False,-0.276302881349048,-0.4274658294217205,0.7747649324086829,-1.1673224145063381,36,-0.4392805440477619
570,long,0.0,50,points,3.3153343239043687,168.48413624944055,none,6.3751723782696414,361.47744301916515,960,50.0,0.0,200all,75,state,state,behind,0.25,0.7953133417122057,1.5036448503582736,1.2969608661199232,22.16854897805424,790,127.95898004434589,5.257829093042621,True,0.05416595828376855,0.09102883227116804,1.0168903649555177,0.5173206976236007,322,0.10928048600335782
570,long,0.0,21,points,3.0540992434395324,144.6622835912207,points,2.6108862156106274,345.9912245909553,960,50.0,5.0,200all,30,state,state,behind,1.0,0.9876675905139874,1.8754849813665935,1.3527462217761657,27.65054049560185,849,137.51541019955653,8.529601187875933,True,0.19536200668147546,0.34124829777643273,1.0589846836628862,1.9153663743904576,356,0.3516063099295969
570,long,0.0,14,atr,1.6577649773365917,212.91646895598018,none,5.922669686658806,389.2782008063918,960,50.0,10.0,200all,30,state,state,through,0.5,0.5201821514768933,1.075322600594583,1.179111772488753,12.363882505054733,825,133.6280487804878,2.3359062660116026,True,-0.3832290993276688,-0.6818602782416455,0.8944060235955167,-3.076619395131523,337,-0.4720908539346578
570,long,0.3,21,points,3.0952364042702074,140.76772214651447,points,2.952634359604778,219.27070352947754,960,50.0,0.0,200all,30,state,state,behind,1.0,0.7201573381874614,1.2484706422727527,1.2333592165445388,18.343463886275927,808,130.87450110864745,4.911958877902431,True,0.32255383962504913,0.5346957273853483,1.095536667172703,2.861336744987911,335,0.6442522630088022
570,long,0.0,14,points,2.477731954254446,293.69270327523776,points,6.256491771561921,194.0174360890902,960,50.0,10.0,cross,75,state,state,behind,0.5,0.23124350089256154,0.3431936928752897,1.1479573668082699,2.9997398443895915,200,32.394678492239464,0.5932743282326846,False,-0.2607180468120953,-0.34568409720529364,0.8762225709895389,-1.5451218029411358,105,-0.3916700411993712
570,long,0.0,21,points,0.7790320193796572,284.26672724029044,r,7.802826021031567,325.67061261957065,960,50.0,10.0,200all,300,state,state,through,0.25,0.952308699901029,1.6839470253993545,1.368915755568175,26.540655481632996,787,127.4730598669623,6.775850373446541,True,0.08181373366858262,0.12553380960492805,1.026161453443276,0.7652290061522724,325,0.12636935047429998
570,long,0.0,50,atr,3.9406836230274775,262.7929416649438,points,6.374232940515165,206.45448807579623,960,50.0,10.0,200all,75,state,state,behind,0.25,1.0434596914502927,1.818090463575219,1.3598024661666772,25.681504916218927,790,127.95898004434589,9.689306729381162,True,-0.16724199027790687,-0.2491149991897338,0.9533416505041616,-1.4073171343260393,322,-0.28698211316163136
570,long,0.0,21,points,4.486053288936608,155.79327488365612,points,3.047770229526758,384.26299697067896,960,50.0,5.0,200all,30,state,state,behind,1.0,0.9404220094596725,1.7659189030248907,1.338213913342156,26.678405940572866,849,137.51541019955653,7.778605281204515,True,0.09071875483398796,0.15354919935735628,1.0271510920463633,0.8783544893166262,356,0.15216488377346998
570,long,0.1,21,points,3.000425156373141,190.12465297316479,points,3.107443108114055,379.38027611201954,960,50.0,5.0,off,30,state,state,behind,1.0,0.3083281817283835,0.5889524748270805,1.2954769401250095,3.0940290641417922,128,20.732594235033257,1.297988309217831,False,0.20563398519541254,0.3347825795843078,1.1884047836097678,0.6958235880555227,57,0.4851375821949864
570,long,0.5,50,atr,3.3109694955663276,217.38272195440464,points,6.255331363847833,281.795491086717,960,50.0,10.0,200all,75,state,state,behind,0.25,0.5937568953386796,1.028132160452409,1.2100073640658686,14.360047972120743,730,118.24057649667405,3.6092867896950716,True,0.16508953364531848,0.2775185540560549,1.0522773124708051,1.4026946601037857,296,0.29485474035406245
570,long,0.0,21,points,4.921736317759196,123.73918235921445,points,3.7781345087594747,357.7830558826799,960,50.0,5.0,200all,30,state,state,behind,1.0,0.7592669903073765,1.4369976181185553,1.2576078747934492,20.810204391842888,849,137.51541019955653,3.110614085691476,True,0.004100437570831958,0.007241393188964691,1.0011918812721448,0.038458182021073206,356,0.007256656329006337
570,long,0.0,50,points,5.753801188212715,236.74013610654922,points,6.821434433219888,324.1047150617743,960,50.0,10.0,200all,75,state,state,off,0.25,0.8671182433607828,1.4722521496054806,1.3245141611027293,23.591889671487813,760,123.09977827050997,5.895401512339599,True,0.23554460337681632,0.3749863324610637,1.0775775550524023,2.1983875410095726,309,0.45836490455325235
570,long,0.5,21,points,4.56564666018513,273.3755221768143,points,4.566155440508915,333.02150912297816,960,50.0,10.0,200any,75,state,state,behind,1.0,0.5931249675268109,0.9629259110902331,1.1984010179997313,16.80395822536923,843,136.54356984478935,3.537483192187157,True,0.1496953905928322,0.2277839084917452,1.0458174703747742,1.5247978906511857,352,0.1873796838456836
570,long,0.0,50,atr,4.841973947845344,238.2545006882508,points,7.758858167615536,233.12713384749281,960,0.0,10.0,200all,75,state,state,behind,0.25,0.6331821130295682,0.9517926403978801,1.18713149601823,21.224607178608885,790,127.95898004434589,4.591772186078531,True,0.1786981396737385,0.25481040635012475,1.046219852737687,2.201240106638875,322,0.20508071934895233
570,long,0.0,14,points,4.213977674599082,267.7903186243123,none,3.9193718887995974,395.14527527647334,960,50.0,10.0,cross,30,cross,state,behind,0.5,0.37516630999591327,0.6714303065848117,1.3331860550691783,4.337034306215659,148,23.972062084257207,1.0384839627239513,False,0.3576106328600642,0.5935414495180155,1.2562654506915785,1.9099060825926186,83,0.9316971688254253
570,long,0.0,50,points,2.8165771078478192,271.39838693359906,r,5.259982622648782,263.79845544409045,960,50.0,10.0,200all,75,state,state,behind,0.25,0.9350483977743046,1.6593152477603479,1.3628935230717445,26.556764313850042,790,127.95898004434589,7.200263236966429,True,0.11815840745105732,0.1842733715723873,1.0383067974770703,1.1176278338388976,322,0.25166180603288973
570,long,0.0,21,points,0.7768414183998911,158.47087583868256,points,3.9476145619447047,356.6104485635342,960,50.0,3.0,200all,30,state,off,behind,1.0,0.8127008911589714,1.3843321137726696,1.2678859338327881,26.94179732611641,849,137.51541019955653,3.7497998149203293,True,0.1611960578391077,0.2634555523525548,1.0472619138298198,1.7573880873293477,356,0.27262674161269373
555,long,0.0,50,points,5.120086536482018,279.85208947744707,points,3.80028641999518,318.01347567157757,960,150.0,10.0,200all,75,state,state,behind,0.25,0.8970442328559295,1.4957571529016185,1.287655434956696,30.552138549429895,800,129.57871396895786,4.477140250769559,True,0.872270872269928,1.4145224411719022,1.2567514934963395,10.83811477134258,330,3.8141680575042214
570,long,0.0,21,points,2.969124429522329,290.0796520938346,points,7.82220817519369,332.83770540987473,960,75.0,10.0,200any,150,state,state,behind,1.0,0.6783722655107255,1.1043102264358096,1.2097182675663527,22.411623786640213,925,149.82538802660753,5.251297491369465,True,0.03574489595114904,0.05352340517069119,1.0095980613377435,0.4356912184646986,392,0.0837016237157813
570,long,0.0,14,points,2.7625603645469776,137.91988938418837,r,5.220831639176538,396.10902296202715,960,100.0,10.0,200all,30,state,state,behind,0.5,0.6201264116918835,1.12653132659257,1.1940646308777532,19.081047108967145,813,131.68436807095344,4.639938717128786,True,-0.0029156989611517875,-0.004955447069619327,0.9992187311251145,-0.031034531913025187,339,-0.005132329726151227
570,long,0.0,50,points,1.9238315193226283,186.9743339001191,points,1.884026508177889,324.92619130325136,960,50.0,10.0,200all,30,state,state,behind,0.25,1.0367470273729658,1.874026878257258,1.3861748613700215,27.884737754023607,790,127.95898004434589,8.701427973683414,True,0.06069028460479653,0.0967251252394347,1.0188334130553058,0.5708540729574474,322,0.11431101938010843
570,long,0.0,10,points,1.536606473626526,192.0039140310188,points,2.172294507461626,340.22159090216013,960,50.0,25.0,200all,30,state,state,behind,0.25,0.9387747403054826,1.6176173650868646,1.3352210809443077,24.404740449917597,794,128.60687361419068,5.595244538401106,True,0.10858890953185277,0.1685938432082592,1.0328235578795673,1.013861728811847,327,0.20787535189553452
570,short,0.0,50,points,3.339118841536858,297.6266655871156,points,6.695653195891785,325.7507937036901,960,50.0,10.0,cross,75,state,state,behind,0.25,-0.319884297953105,-0.49484646395931586,0.8029433021017061,-4.324669920462985,178,28.831263858093127,-0.8005351512561703,False,-0.6077628437631363,-0.8028407274209327,0.6379959729224624,-2.7493942693025732,69,-0.982693454537393
570,short,0.0,30,points,0.7126780397850914,262.1674088924754,points,7.558250301904896,294.11333597046035,960,50.0,10.0,200all,300,state,state,through,1.0,-0.6858614084870909,-1.0067586879315715,0.7797668637278099,-18.383456974324012,620,100.42350332594235,-0.8643578460025665,True,-1.294185602538046,-1.6895911112224373,0.6325226876481208,-10.444881807830459,280,-0.9528110301328874
570,long,0.0,7,points,0.8806490311482753,226.12151397595017,points,4.745900335704265,143.09434786300295,960,75.0,25.0,200all,75,state,state,confluence,0.25,0.49700679407774867,0.7040540026244233,1.1372369034362413,12.999873987611755,832,134.76186252771618,2.5087064011748677,True,-0.3343046315326563,-0.43473063606100193,0.9205509024319781,-3.0356587302433606,350,-0.4352474683653483
570,long,0.0,14,points,3.972862582740784,249.4299356407595,none,7.219466639743556,371.0610258244751,960,50.0,10.0,200all,30,state,state,behind,0.5,1.0017619500691468,1.7986921509268345,1.3854559785151273,28.72756011883628,813,131.68436807095344,7.998385991635765,True,0.19793853787491517,0.3120991360543508,1.0630501720400383,1.9074679939854888,339,0.3848979823782216
570,both,0.0,14,points,2.915198625762341,167.4714975009713,points,7.524307610488741,345.2031953013118,960,50.0,10.0,off,75,state,state,confluence,0.5,-0.10460094424491045,-0.1687473941698784,0.9486086802680543,-1.3909390568688007,295,47.782150776053214,-0.2268762940351514,False,-0.7273691345871631,-1.0361043873984002,0.6967167530768642,-3.4449877508685147,127,-0.6344047084615855
570,long,0.0,14,points,3.775312633861877,237.4455832073,none,6.786282621689299,389.5795810134749,960,50.0,10.0,off,75,state,state,behind,0.5,0.4724837136418256,1.2034518533531537,1.7578973414055536,3.6733293985182343,70,11.338137472283814,2.0996299736504955,False,0.28568608016054803,0.5096099549058798,1.3746895414035718,0.8395274320591714,33,1.1121455609527187
570,long,0.3,21,points,4.008710834968576,295.29293767945336,points,5.56717017488838,226.20119695679756,960,50.0,25.0,200all,75,state,state,behind,0.25,1.005855347416076,1.602385416336959,1.3582700679331678,24.532054362776513,751,121.6420177383592,6.736748468340745,True,0.4352427882116435,0.6287500941695076,1.141413614125069,3.7222224680199583,304,0.8877366806743755
570,long,0.0,14,points,4.077208323661447,283.93630120989025,none,6.048033715174822,399.2468479648974,960,50.0,10.0,200all,30,state,state,behind,0.5,1.0625145408273835,1.9243168960598511,1.4146928642290786,30.36527220203558,813,131.68436807095344,9.030916523933735,True,0.23154285234111227,0.36386328386271455,1.074730672486263,2.2362687369756444,339,0.5056133064520093
570,long,0.0,14,points,4.094628069965848,225.50988606908453,none,6.9422247002089295,339.4987771497861,960,50.0,3.0,200all,30,state,state,behind,0.5,0.885763393630352,1.6068704837953554,1.3388482712380647,25.5217634290909,813,131.68436807095344,6.694818623960208,True,0.17818370337881778,0.28796039032671716,1.0570899831878733,1.7753007902852758,339,0.3630473910410828
570,long,0.0,50,points,1.669305434030871,155.28769004833265,points,2.658054521319955,216.66422955197405,960,100.0,10.0,200all,30,state,state,behind,0.25,0.7051695813058996,1.1596430301572898,1.2082435957825568,19.922752684130174,790,127.95898004434589,4.780461957051049,True,-0.036755926599413756,-0.05632323045819804,0.9906463500128109,-0.36352298687674467,322,-0.06214581383248368
570,long,0.0,21,points,4.243082203733499,297.60940386174036,none,6.282502413251845,319.4277224067228,960,50.0,10.0,200all,30,state,state,behind,0.5,1.052572310012908,1.8900275968407563,1.4114512468910931,30.19710299318689,811,131.36042128603103,8.807726006362557,True,0.18111673842370088,0.28187579819382225,1.0583562195178668,1.756589992324232,337,0.35599398543107547
570,long,0.0,50,points,1.7047717743907398,211.71066804846825,points,1.3848983725202701,302.15978458503224,960,50.0,3.0,200all,30,state,state,confluence,0.25,0.9706849897776235,1.725819661393439,1.361335464473829,27.111479668873514,810,131.19844789356983,7.436087804382453,True,0.15834767421977372,0.25439778698900395,1.049781994867824,1.5436795602038327,333,0.27774051931320703
570,both,0.0,14,points,5.643131866366094,277.82999455656693,points,4.641200921968107,372.9459482871455,960,50.0,10.0,200all,30,state,state,behind,0.5,0.24265822654076735,0.3921511392085758,1.0633793177101378,9.35843005578661,1329,215.26263858093125,0.9320895811361616,True,-0.37819951336541563,-0.565456958899537,0.9109418206866576,-4.824810461061591,561,-0.7514806168266845
570,long,0.0,21,atr,3.3262838195078035,273.61759431471415,none,4.579470360052328,262.39034422728633,960,50.0,0.0,200all,30,state,state,behind,0.5,0.9107172139554223,1.8135364686814428,1.3422615627771888,25.14555704903563,811,131.36042128603103,8.588148287737404,True,-0.0387335833557185,-0.06429575231570035,0.9883344391837692,-0.378022678467385,337,-0.06798970391406318
570,long,0.0,30,points,5.3791644692247145,282.1603840532287,none,5.370738167781651,366.57958642252555,960,50.0,10.0,200all,30,state,state,behind,1.0,1.039881423921158,1.8531374084121353,1.3928955605498556,30.302602310178543,847,137.19146341463414,8.810141216788875,True,0.21862595335971902,0.34312323851435567,1.0692329900195323,2.119319607886307,354,0.46674444845020274
570,long,0.0,14,points,5.5869364155991725,226.99742630959727,none,7.503590216745498,392.80156295033964,960,50.0,10.0,200all,150,state,state,behind,0.25,0.9042026607690028,1.6167527427792852,1.345319312410915,25.59588513206026,794,128.60687361419068,6.983079282678284,True,-0.022620016835941645,-0.03495896461691413,0.9929530290490706,-0.21572123394608156,326,-0.037942754880259576
570,both,0.0,30,points,5.932081619490697,284.53149988061057,none,3.7533914906600003,335.85928270097077,960,50.0,10.0,200all,30,state,state,behind,1.0,-0.04962004821013389,-0.07952803210595842,0.9872114653423458,-1.9503128514699686,1348,218.34013303769402,-0.13858680970223788,True,-0.37170813372518924,-0.5580903335886146,0.9122639650711856,-4.802888341899937,574,-0.6840133591834917
570,long,0.0,21,atr,2.5376204731376193,290.6091976847364,none,4.0717678370086094,214.768715056329,960,50.0,0.0,200all,30,state,state,off,0.5,0.7801780809735437,1.6471755474177474,1.2957550663536987,19.85380003817511,760,123.09977827050997,5.699821284533839,True,-0.08047211070987047,-0.14190217318758827,0.9752732616269881,-0.7085078557709814,309,-0.137611432311441
570,long,0.0,14,points,2.7052664244448015,273.83506344629865,points,4.683289085351125,334.03608722754154,960,50.0,10.0,200all,75,state,state,off,0.5,1.0020066839146045,1.7438770973521762,1.3896032600532233,27.341783067381613,760,123.09977827050997,7.085120162446721,True,0.33107798920046416,0.5299306605598247,1.112556931057847,3.1157641372724134,309,0.7011443618478573
570,long,0.0,30,points,4.035630675155467,254.56515990325863,none,7.25883993167301,375.2128840415399,960,50.0,10.0,200all,30,state,cross,behind,1.0,0.8417666224735998,1.4314102079684898,1.2950291064217283,28.263037456750308,847,137.19146341463414,5.342471002328615,True,0.1553778359599984,0.2343268748402293,1.04766835096039,1.6557847233341787,354,0.28298841879610875
570,short,0.0,14,points,4.409832869368429,132.33118554544245,points,7.3662457392695355,196.89850351989693,960,50.0,10.0,200any,15,state,state,behind,0.25,-0.6749693249442379,-0.9975954780717305,0.8119839124778498,-16.142139435006765,650,105.28270509977827,-0.9442000765586075,True,-0.44105527545997514,-0.6569954280444171,0.8729230408997212,-3.0743295168774516,278,-0.4632169203175122
570,long,0.0,21,atr,4.029174065789374,281.918209579359,none,6.1665349501029745,247.8266134343234,960,150.0,0.0,200all,30,state,state,behind,0.25,0.7093307664520752,1.2337177184103585,1.2357792927002351,24.868068135582515,792,128.2829268292683,5.234367886527146,True,0.010951126664678443,0.016355269085369308,1.0029622964468372,0.13617872050702173,325,0.015480537268207918
570,long,0.2,30,points,1.3339549018449848,125.96367977600951,r,5.231748114931145,352.5758955273135,960,50.0,5.0,200all,30,state,state,through,0.5,0.5628631100619113,1.0657195285065986,1.200422492994473,14.837679177364866,777,125.85332594235032,2.6156512203600744,True,0.02207223520168875,0.03833997042699464,1.0067629046739162,0.19406340046522752,317,0.03001662763362645
570,long,0.2,30,points,3.245810479927213,128.2225518823403,r,5.679615053157296,191.56033627306124,960,50.0,0.0,200all,30,state,state,confluence,0.25,0.6442124134121142,1.2590158089870804,1.2326997971654656,17.444417502050662,782,126.66319290465631,3.551301551676952,True,0.04440344492585373,0.0777591392130826,1.0135268261976782,0.4008319414614163,323,0.06928112454966401
570,long,0.0,21,points,0.6344433622440148,174.77672369320368,points,4.128606315980895,388.85988839826456,960,50.0,5.0,200all,75,state,state,behind,1.0,1.026793969875698,1.9240003153393437,1.3788616572798797,29.33691898648958,849,137.51541019955653,9.752689013771105,True,0.1829823609613824,0.306032918669925,1.056254750080267,1.799012971675823,356,0.38153161655755913
570,both,0.0,21,points,1.4485253759006729,135.63484825962956,points,3.311670804924322,292.2563507677223,960,50.0,5.0,200all,75,state,state,behind,1.0,0.0696279243304275,0.11870355489255371,1.0164095555044774,2.5123938560260335,1359,220.1218403547672,0.19345831398441773,True,-0.24176956116190235,-0.4052872695518833,0.9456660406798341,-2.8708927884062745,578,-0.5177661869207099
570,long,0.0,30,points,5.7833649870811765,204.54519297902635,r,6.616976243590498,396.82520483032965,960,75.0,10.0,200all,30,state,state,behind,1.0,0.6819375111202157,1.1673119255334954,1.2208769705554747,21.105882274606692,847,137.19146341463414,5.379959284797965,True,0.2300071087681201,0.37084000340102735,1.06650560063691,2.545847015335362,354,0.435562501646837
570,long,0.0,21,points,5.162267476220455,295.9778990543917,none,4.418642831868495,322.7176637990238,960,50.0,10.0,200all,30,state,state,behind,0.5,1.0550141806082478,1.8965413124199393,1.4124989854661476,30.251542187196968,811,131.36042128603103,8.869636018884405,True,0.18376288271566849,0.28624460468807855,1.0592204759986767,1.7811506239928125,337,0.36242631380701595
570,long,0.0,21,points,4.283142841293346,266.70593153960675,none,5.869662348413284,260.15410711950534,960,50.0,10.0,200all,300,state,state,behind,0.5,0.9848008854021318,1.7477421930599044,1.3792860132938676,28.39417029477688,811,131.36042128603103,8.444692344345233,True,0.18635799799562883,0.2929178510783801,1.059710536227245,1.7950594655363585,337,0.3571694363855534
570,long,0.0,21,points,3.6061791860227697,271.384961468267,none,5.4106321080192235,226.19132865482862,960,50.0,10.0,200all,300,state,state,behind,0.5,1.006290022131983,1.7978719649216108,1.3890670679180939,28.921308901161616,811,131.36042128603103,8.60146830601384,True,0.22361105539846976,0.3530617100155479,1.0722714350868208,2.1472225676377352,337,0.4621703535003705
570,long,0.0,21,points,3.82228234332325,257.3413723822306,none,6.332996504916044,155.9842578145235,960,50.0,10.0,200all,300,state,state,behind,0.5,1.0016757927728293,1.7914696169541369,1.3863578453191836,28.776043289462322,811,131.36042128603103,8.558264951723922,True,0.21415543983143506,0.3394980002839029,1.0688075868753517,2.050935112361468,337,0.4250374542450908
570,long,0.0,21,points,3.4587944944733757,292.5616213154527,none,7.311504646750202,159.5824881375841,960,50.0,10.0,200all,300,state,state,behind,0.5,1.0601269151398824,1.9102110965202996,1.414697936635707,30.365534745346324,811,131.36042128603103,9.001387563918016,True,0.19171029616783244,0.29939574398214625,1.0618210510340047,1.8548131846207871,337,0.3823719043753771
570,long,0.0,21,points,3.032252897462239,266.17884429583995,none,5.210229177841647,104.08778597124729,960,50.0,3.0,200all,300,state,state,behind,0.5,0.8967342760070433,1.6023452442497554,1.3475694825878453,26.010759805078937,811,131.36042128603103,6.925949700636374,True,0.31886885119432185,0.5202876509780328,1.1060243622745514,3.1858507903328808,337,0.7160968554720963
570,long,0.1,21,points,2.853328302000345,285.15695919205314,none,7.6076408736067025,192.414610997021,960,50.0,10.0,cross,300,state,state,confluence,0.5,-0.2557432204104201,-0.37609266534207275,0.88823995530896,-5.256114096166981,394,63.817516629711754,-0.4686983140089393,False,0.37341651478448323,0.6256896088942339,1.1708312834235628,3.4812957044719215,185,0.8324826902383335
570,long,0.0,21,range,5.037532663206181,292.65594344134803,none,2.538139638359354,271.0583517273131,960,50.0,10.0,200all,30,state,state,behind,0.5,0.30152182965833035,0.5976374072189393,1.1149318777054125,6.3710512293472075,688,111.43769401330377,1.5142443087589819,True,-0.16219502129103278,-0.28291736054721583,0.9461035891335811,-1.2718458083998645,297,-0.1868974093807707
570,long,0.0,21,points,4.749757888627579,247.3882704446752,none,7.371220547289808,175.52921063299465,960,150.0,10.0,200all,300,state,state,behind,0.5,0.7671006126380049,1.3182150465586067,1.2499237715463547,26.96740824438956,811,131.36042128603103,5.2993168239813695,True,0.577899919990615,0.9277143519182558,1.164108577548268,7.045711797839301,337,1.2141511507807996
570,long,0.1,21,points,4.550633445853767,221.9916615160392,none,4.788844982215186,290.84791179605935,960,50.0,10.0,200all,300,state,state,behind,0.25,0.831503067171518,1.4798265388395482,1.3183903582075136,22.906808874536466,773,125.20543237250554,6.277343133954491,True,-0.05286603484040689,-0.08125595675915334,0.9832007205140485,-0.48436023843927445,315,-0.07807183665010384
570,long,0.0,7,points,3.8348776433489444,262.0780907836392,none,3.8094476638936214,344.2518343108172,960,25.0,10.0,200all,30,state,state,behind,0.25,0.6106361066934988,1.079716910057955,1.2544062803049831,14.848287066928869,797,129.09279379157428,3.273060641423175,True,0.008356057094631346,0.013265946413386331,1.0029438313800256,0.06657084411458825,329,0.01721951375318475
570,long,0.0,30,points,1.9425497877107347,109.7243788039043,points,3.9445937423255515,300.54856406983913,960,50.0,5.0,state,30,state,state,behind,1.0,0.5472624617507748,1.0025826168822554,1.1692847120414498,16.057563733608923,830,134.4379157427938,1.402243493094469,True,-0.6564080211884641,-1.1235241876201654,0.8328496870544329,-6.272091316991107,353,-0.6982426511324356
570,long,0.0,21,points,3.9347470598042453,257.10703680046754,none,3.5526400876407025,334.8242485539805,960,50.0,10.0,200all,300,state,off,behind,0.5,0.8708304580366782,1.394360659302338,1.3149155288799437,30.885366797853678,811,131.36042128603103,4.899055605920972,True,-0.04756656411745606,-0.06780272482881498,0.9855522283531188,-0.532130576774621,337,-0.07987437607569695
570,long,0.0,21,points,4.526787948894747,267.23633552272486,none,6.577693657731885,279.18613662881233,960,50.0,25.0,200all,30,state,cross,behind,0.5,0.8550304381883447,1.4155815472376094,1.3008365566597022,27.590361997818164,811,131.36042128603103,4.266293913523669,True,0.2522544493185324,0.36893944108968496,1.077091381626828,2.5870915592686328,337,0.5437598256330758
570,long,0.0,10,points,1.1730400162272585,200.88026408033755,r,5.09564101057663,323.429112629564,960,50.0,5.0,200all,75,state,state,behind,1.0,0.8329669444419652,1.4852094093359434,1.3012732648185092,24.42189136946969,858,138.9731707317073,7.335906258387768,True,0.10786654861946086,0.174525603721009,1.032840282038823,1.0839131630532073,363,0.2121962770175884
570,long,0.0,21,points,4.713818562170126,259.39592393457156,r,5.733027072213635,339.3307150659178,960,50.0,10.0,200all,300,state,state,behind,0.5,0.9963891162152276,1.7780121501283395,1.3840950103307978,28.654276648725396,811,131.36042128603103,8.522050411621057,True,0.2080322384387703,0.3291723872385941,1.0667983765013374,1.9947968896692845,337,0.4096688753867315
570,long,0.0,21,points,5.308595082264476,145.0148219208108,r,6.003811059567494,371.0703056208906,960,50.0,10.0,200any,300,state,state,behind,0.5,0.8942239823228897,1.8609004451744644,1.3378334102018214,28.133695470031057,900,145.7760532150776,9.286882887511256,True,-0.31259980245301566,-0.5253989200167748,0.9143102717398062,-3.153705069160785,376,-0.46334729577233014
570,long,0.5,21,points,4.248303506662977,280.72048859231853,none,5.387435619780376,246.5502860482796,960,50.0,10.0,state,300,state,state,behind,0.5,0.5697187869035661,0.9489303113845777,1.203001143099589,17.935026453259358,763,123.58569844789356,2.694540403074585,True,-0.27975773822586997,-0.4196679138884466,0.9135872539218537,-3.0918326476683884,321,-0.29480103482877196
570,long,0.0,21,points,3.770940318705161,111.43627514490983,r,5.444444303425712,396.2997315132495,960,50.0,10.0,off,300,state,state,behind,0.5,0.24980163852625747,0.5826570014458587,1.3509346737053047,2.0491737028501325,68,11.014190687361419,0.835117726649268,False,0.3572890267568788,0.8197728125595298,1.522834794843032,0.9419272920023862,29,1.252427522170537
570,long,0.0,21,points,1.126998252506437,140.9957959176846,points,5.387215782051429,393.1055690183416,960,50.0,5.0,200all,15,state,state,behind,1.0,0.8929950690420594,1.6993993722537608,1.3167132845752183,25.171214819563396,849,137.51541019955653,6.872728030699831,True,0.09488189576482106,0.16456813726052275,1.0283609811350107,0.910181900576654,356,0.17526938563922523
570,long,0.0,7,points,3.2418471561022493,289.61376840283447,none,4.891701328512331,179.61948014754,960,50.0,10.0,200all,300,state,state,behind,1.0,0.8761096190247255,1.4968330985180403,1.3194368195027386,26.101391801263645,861,139.45909090909092,6.748848377325292,True,0.13883440761329188,0.21442756989890113,1.04288783035295,1.3806283400665627,365,0.29815536030688705
570,long,0.0,21,points,5.89908574443032,299.57715934879246,none,3.8691171443128454,356.8774574010307,960,75.0,0.0,200all,30,state,state,behind,0.5,0.6389412880446069,1.0734131999116656,1.2179049974870633,20.32468593972283,811,131.36042128603103,4.691482731250584,True,0.09893896451939795,0.15377518221782316,1.029517174561067,1.1122261871793921,337,0.1833182261613766
570,long,0.0,21,points,5.1771682835950035,137.49641054828365,none,3.988523339932073,315.189070669139,960,25.0,10.0,200any,300,state,state,behind,0.5,0.38296408307693186,0.7035528673311786,1.1352206732388364,9.386520017196704,900,145.7760532150776,1.1099934177394302,True,-0.39049686167419967,-0.6774009971269185,0.8810928677428465,-3.358293426699797,376,-0.5002080944645988
570,long,0.0,21,points,5.272659380144199,232.31305390111245,r,7.742220887550509,272.9500704291535,960,50.0,10.0,200all,300,state,state,behind,1.0,0.9193541067796701,1.6173744043139398,1.3358442682764813,26.967566829939244,849,137.51541019955653,7.35787065657843,True,-0.02339729671483308,-0.0360590245540483,0.9929783084866601,-0.22691437090749655,356,-0.038868627083479185
555,long,0.3,10,points,5.204678261631418,153.56726447145633,r,6.2650864690727,344.03650932023044,960,50.0,10.0,200any,300,state,state,behind,0.5,0.5524225063436021,1.0695823123668566,1.1956667199487945,16.74841344094021,876,141.88869179600886,4.650017841288192,True,-0.1253145157656386,-0.21370377590247375,0.9637325689880499,-1.2907326600853577,363,-0.20231424529846342
570,long,0.0,21,atr,2.962561426061431,161.9610855860974,points,6.13895981552734,231.25158331060376,960,50.0,0.0,200all,30,state,off,behind,0.5,0.9901910171719783,1.8051670995304114,1.3208612358463714,27.851647786914135,811,131.36042128603103,8.169274303752646,True,0.029441394624826717,0.04692739839250878,1.0080987851511807,0.2941948924095432,337,0.05198982724111973
570,long,0.0,21,points,5.5568930510067345,280.11649793054414,none,4.635936436834906,334.7324193296897,960,50.0,10.0,200any,30,state,state,behind,0.5,0.9077774899973173,1.5993158036433823,1.3241509171531296,26.786926349617545,900,145.7760532150776,8.721875680399666,True,-0.05870077215921751,-0.09205544133367748,0.9824677703179358,-0.6295293112147453,376,-0.11504910573864156
570,long,0.3,21,points,5.023776596544141,295.35032401688306,none,4.88766783826656,382.9349931434154,960,50.0,10.0,state,30,state,state,behind,1.0,0.6422280984595523,1.0561871755209027,1.2251307830950517,20.2495816400674,808,130.87450110864745,3.4589403871456934,True,-0.2632036220370558,-0.39474168751304545,0.9196084994897062,-2.929695003172295,338,-0.3074842069069686
570,long,0.0,21,atr,4.188091063922975,224.02662128230662,points,6.084980151316747,190.77027881867434,960,50.0,0.0,200all,30,state,off,behind,0.5,1.0574856086576934,1.6982219341113636,1.3383913817132196,30.966416044669714,811,131.36042128603103,7.761343168837039,True,-0.2043337590829019,-0.28388144607757604,0.9454192176063286,-2.1526288517701664,337,-0.3154404281295196
570,short,0.0,21,points,4.532290457228111,192.10752765516554,none,7.7137172702305286,326.29475232939103,960,50.0,10.0,200all,300,state,state,through,0.5,-1.1152362554361885,-1.702629840894847,0.6361867366925642,-29.002607142104107,577,93.45864745011086,-0.9523244515583396,False,-1.0936448459919945,-1.58744498318124,0.6530520591798484,-8.462420052712423,249,-0.9011251906238515
570,long,0.5,21,points,5.400142394146948,268.2575770592328,none,4.569568061609276,306.31490656407453,960,50.0,10.0,200any,30,state,state,off,0.5,0.4715290524485196,0.7711514964026255,1.1657042283706562,13.083077151094754,785,127.1491130820399,2.632626320020016,True,-0.02600476976831245,-0.04032589073293843,0.9916592652391027,-0.26306824628948,319,-0.028103871024016867
570,long,0.0,21,points,5.953352093836306,272.3159041919707,none,4.271377589683079,325.9339518312204,960,50.0,10.0,200any,30,state,state,behind,0.5,0.8438932151197296,1.4681780223960035,1.297971995465563,25.043885715712115,900,145.7760532150776,8.481572085615165,True,-0.04657283576524892,-0.07334837625612525,0.9860793790230248,-0.4980166340637209,376,-0.09143288822839778
570,long,0.1,21,atr,3.3534617930180084,253.79150324277424,none,6.3215155126181,271.8634609604987,960,50.0,0.0,200all,75,state,state,behind,0.5,0.8156387999905377,1.6104954912511098,1.30429495183259,21.970971436811617,794,128.60687361419068,6.578298702073704,True,0.03143757751568266,0.05225356454944166,1.0097598273194934,0.2999170272497085,327,0.046816411290784746
570,long,0.0,10,points,4.401702917572571,265.131605232559,none,4.281351110631624,314.59547737136944,960,25.0,10.0,200any,30,state,state,through,0.5,0.2293198965970771,0.3756106872594573,1.079874081673026,5.819551364893325,914,148.04368070953436,0.7974891660735559,True,-0.3147186046768513,-0.5055929827000598,0.8994533355610532,-2.726871353589271,380,-0.40624196447180916
570,long,0.0,21,points,3.467872533833078,295.524304235036,none,5.574068986483341,298.9893905526044,960,50.0,10.0,200all,30,cross,state,through,0.5,-0.45329686920046747,-0.5559617487881273,0.612103023615219,-3.075144290828065,68,11.014190687361419,-0.6025328438212741,False,-0.06713077732494398,-0.09137377690805927,0.928416520516463,-0.167729026882857,26,-0.11171823652158897
570,long,0.5,30,points,5.0959136831912435,248.54073578715324,r,5.778046368277889,330.4087114148423,960,50.0,10.0,200all,300,state,state,behind,0.5,0.6694315720703348,1.1304297617920083,1.2513198085356694,17.96092129033568,740,119.86031042128603,5.522263058008488,True,0.22632900642606577,0.352697508572125,1.0770237278514379,2.0708109048619137,304,0.31600476546201
570,long,0.1,10,points,5.9260475915444255,157.663843730491,none,4.153880877070155,383.80511638631947,960,50.0,10.0,200any,30,state,state,behind,0.5,0.649518959470921,1.1643863543181017,1.2168293362100886,18.043123176224526,889,143.99434589800444,5.552583983100998,True,-0.1334527877229539,-0.22241360790281658,0.9617620883327761,-1.3383712118052462,367,-0.16660593811180543
570,long,0.0,21,points,5.989072397697889,246.63306287794606,none,7.078855730184026,290.0108275705673,960,50.0,10.0,200any,30,state,state,behind,0.5,0.818014208983667,1.4210387930050532,1.2866469201187198,24.296603595258592,900,145.7760532150776,7.688700247408343,True,-0.11637233318311853,-0.18316643985511133,0.9659147169771259,-1.244863533575784,376,-0.21092603920331596
570,both,0.0,21,points,5.209600791915306,250.57205861510366,none,3.352027831906905,336.2066011962096,960,50.0,10.0,200any,75,state,state,behind,0.5,-0.08475946147213274,-0.13687357015911367,0.9790788308471058,-3.39102494800398,1434,232.269844789357,-0.23738709178382086,True,-0.7380139513871035,-1.1098264004986866,0.8371631160596483,-9.933931945989627,608,-0.745244143457444
570,long,0.0,21,atr,2.183114290676674,228.39416750512197,points,4.31633233069842,278.8822266032038,960,50.0,5.0,200all,75,state,off,behind,0.25,0.8031966920295531,1.608841678992377,1.2700873453318222,20.94574959018891,792,128.2829268292683,5.268006352129753,True,-0.08692453147913706,-0.15433951292546164,0.9753222364776024,-0.7959537177333078,325,-0.20277504688913062
570,long,0.0,10,atr,4.787002341048597,204.57465410625036,points,4.46909340350011,249.4679280385761,960,50.0,10.0,cross,75,state,state,behind,0.25,0.11358156307991146,0.16248958710624148,1.080755671094528,1.4857369348914964,173,28.021396895787138,0.2813721075205647,False,-0.12194383036179422,-0.17194133709099763,0.9343135515715658,-0.7611994175147545,91,-0.17475580095802706
570,long,0.0,14,range,2.871128102409587,276.2418317101305,none,4.7791745080818,125.35455518064764,960,50.0,10.0,off,300,state,state,behind,0.5,-0.26899439302202616,-0.42287826694855213,0.736766648064864,-1.3974250863959166,58,9.394456762749446,-0.645806777093772,False,0.17688678869047006,0.36956754246303236,1.2511622998755325,0.41744393904382254,27,0.7481139043331627
570,short,0.0,21,range,5.534200768872342,292.23130269805637,none,5.3022540356611305,273.21950687846413,960,150.0,10.0,200any,30,state,state,behind,0.5,-0.3616013596406665,-0.6820807175584359,0.8602995129572194,-11.732920925049562,548,88.76141906873615,-0.821542260143527,False,-0.9485936962724896,-1.383672210724818,0.7137809236825103,-9.33238684424829,259,-0.9621076695955014
570,long,0.0,21,atr,2.7592870605012183,67.63066816710388,points,5.593586268449231,361.3228015476008,960,50.0,0.0,200all,30,state,off,behind,0.25,0.887777626039607,1.7553455939418339,1.3071932847731764,26.02364052315147,792,128.2829268292683,6.271674597899883,True,0.04420397209363689,0.07646974841417599,1.013135895435053,0.44678989834160254,325,0.08286484925719273
570,both,0.0,10,points,1.3512925426777442,291.78844059664584,points,6.2159193250201765,265.6234956810095,960,50.0,10.0,200all,75,state,state,behind,0.5,0.3845053997075278,0.5981478164009807,1.0974173311878095,14.559011052318224,1333,215.91053215077605,1.5901652177132743,True,-0.429209419200119,-0.6160253675865338,0.9024258928069167,-5.324502195013184,563,-0.7042227900086208
570,long,0.0,50,atr,4.1920533750312625,223.99266200388928,points,5.229992254843378,51.90660107691676,960,50.0,25.0,200all,150,state,state,behind,0.25,0.36117954357913823,0.44265927136171007,1.0918419342429448,6.254611432915691,790,127.95898004434589,1.3397032429465447,True,-0.8690477050670595,-0.9802477708590691,0.8047110953010392,-5.669476042990729,322,-0.8830650498227425
570,long,0.0,21,atr,3.035303183387129,239.00817380687093,none,4.494146580616274,289.6791112077708,960,50.0,5.0,cross,30,state,state,behind,0.5,0.39053551412634746,0.7852198585770415,1.361325984758591,4.359207637096356,146,23.648115299334812,1.0507404407050494,False,-0.11466216818965004,-0.15064539766990678,0.921722603146,-0.8351404921028567,79,-0.17434562807536375
570,long,0.0,21,points,4.992135341597,198.99547521586243,r,7.18683299105094,338.7780691388126,960,50.0,10.0,200any,300,state,off,behind,0.5,0.7747212752274335,1.2794383008050438,1.2547452729064354,27.44047244455894,900,145.7760532150776,4.550187468061676,True,-0.4354081668235914,-0.6429160131588382,0.8839013137110109,-5.20741544675794,376,-0.5350030749938145
555,long,0.0,10,atr,2.4179153402534035,113.6473482915147,points,5.364109728706648,243.60419341054236,960,150.0,0.0,200all,30,state,off,behind,0.5,0.93877885903761,1.6065927984358157,1.2616482697918443,33.87145775223989,834,135.0858093126386,6.279586191307867,True,0.38158048265351296,0.6129218810875119,1.0885618522589424,4.884912101378543,347,0.9793914715586393
570,long,0.0,21,points,3.670680349396425,265.39556970600614,none,4.339467199930917,223.29619797081955,960,50.0,10.0,200all,300,state,state,confluence,0.5,0.922275360291562,1.6128155128960078,1.3364286849452585,27.143479982479523,867,140.4309312638581,7.574132541000732,True,0.17008403385974732,0.2653911214318606,1.0522831107549369,1.6887867459729722,362,0.2816278413306472
570,both,0.5,7,atr,2.6277846699438245,141.59491031973994,points,5.977625832558544,124.08403519810068,960,50.0,0.0,200all,30,state,off,behind,0.5,-0.03311955981517878,-0.043002222553574186,0.9926509821802437,-1.1881645429707248,1210,195.9878048780488,-0.07801134277087707,True,-0.6448195946571791,-0.8095409652307838,0.8709932844913667,-7.552838174310672,506,-0.4992822808588842
570,long,0.0,21,atr,2.1827314185771045,100.21222344680886,points,6.169229457166406,282.43087067881675,960,75.0,0.0,200all,30,state,off,off,0.5,0.6958002040768766,1.3640104666037283,1.2233062842696538,20.3578551231304,760,123.09977827050997,4.229067541160015,True,-0.5068451710141133,-0.8474299298240873,0.8711660321013465,-5.0793981325824396,309,-0.6234258148853213
570,long,0.0,21,points,3.9239294757361693,292.8763444420903,none,7.455880514240001,237.5041928105997,960,50.0,25.0,off,300,state,state,behind,0.5,0.541884093728819,1.3736583639818953,1.8928031965525125,4.056197674973333,68,11.014190687361419,2.7874062095689625,False,0.28393744319615455,0.5004126074907381,1.3804260686295244,0.8225093045897076,29,1.117327112597949
570,long,0.0,21,points,1.8910460879842048,268.12151410988974,points,6.760074615706278,205.32863092717218,960,50.0,10.0,200all,150,state,state,behind,0.5,1.0903110604164565,1.773032737076686,1.3852113851446664,28.86837972593792,811,131.36042128603103,9.217659751560216,True,0.14668533535400907,0.21388904753071022,1.0436393991667792,1.313605754923309,337,0.27753112387663376
570,long,0.0,21,points,1.8225819057371522,241.05319599379976,points,6.681585927879513,222.83970195708312,960,50.0,10.0,200all,150,state,state,behind,0.5,1.0118705484218882,1.6598910324262897,1.3557104501096757,26.959997816463996,811,131.36042128603103,8.67408547741803,True,0.21889088805492016,0.3291773209458875,1.066049916629221,2.021569082581018,337,0.45369265984401785
570,long,0.0,21,points,3.6818231463276785,290.7079589942346,none,6.691688551264165,228.1988562464201,960,50.0,10.0,200all,15,state,state,behind,0.5,1.0629007833358266,1.9176451679757842,1.415893948857952,30.427386774393092,811,131.36042128603103,9.049389979865502,True,0.19520129719459056,0.30519537054716983,1.0629643932427548,1.8870848449434456,337,0.3911917228162503
555,long,0.0,50,points,3.6854694444004403,205.46914675850903,none,5.022076694174803,312.7715251526574,960,50.0,0.0,200any,30,state,state,behind,0.5,0.6241557148934996,1.1057983984206627,1.209938450237413,18.86585218995657,912,147.71973392461197,4.702869263166598,True,-0.009425784713503334,-0.01565619128098309,0.997249263832361,-0.10548404786548726,376,-0.019546891672556608
570,long,0.0,10,points,1.4312120274425335,225.17218040929197,points,6.883339183104262,190.42205030509228,960,50.0,10.0,state,150,cross,state,behind,0.5,0.6710435348676015,1.0072846530035384,1.205679850128033,19.668839188375856,810,131.19844789356983,3.634651365333487,True,-0.5971620186205976,-0.812606227836378,0.8488717204172129,-5.735625808266688,346,-0.7149335691285487
570,long,0.0,21,points,2.295806076690735,282.93277113763986,points,6.515680687210055,223.5543259694591,960,75.0,5.0,200all,150,state,state,behind,0.5,0.8193858775224429,1.3042030211618798,1.2651326075078593,24.251338314120627,811,131.36042128603103,6.251621076212152,True,0.20969765504544058,0.3097342310243394,1.0596983083664764,2.195892141303112,337,0.4411409377172992
570,short,0.0,21,points,0.822384519755962,256.1829194076554,points,5.498690246515663,174.81046706234056,960,50.0,10.0,200all,150,state,state,behind,0.5,-0.5705638896547381,-0.7704230758333711,0.82407275904854,-13.786955880088017,569,92.16286031042128,-0.8933625829963066,False,-0.9957956954578572,-1.2550153419472103,0.7171401214089165,-7.632738204898603,251,-0.6942701358320855
570,long,0.0,21,atr,5.176024116433852,263.15859684490016,none,6.5376069036827325,190.63695774399588,960,50.0,10.0,200all,15,state,state,behind,0.5,1.005841449380843,1.7935019925698454,1.388245429057709,28.95568058973645,811,131.36042128603103,8.909985103593533,True,-0.14457849220213098,-0.21427300954690476,0.9559286441246008,-1.437580503895635,337,-0.19293310051936596
570,long,0.0,10,atr,3.6726018643735103,230.41938546368374,none,5.946223572384084,238.42708871939254,960,50.0,10.0,200all,300,state,state,behind,0.5,1.0977165192275673,2.07081086745029,1.4226624867221265,30.973174926056394,820,132.8181818181818,9.111426874521447,True,-0.05538689570585124,-0.08395898078988207,0.9831241353268259,-0.5425313484677354,341,-0.08773521081113468
570,long,0.0,30,points,5.73500236906594,269.777324519448,none,6.81014979925066,398.929152761405,960,50.0,10.0,off,15,state,state,through,1.0,-0.7113128369774179,-0.8408455462519462,0.5415701004499636,-7.265246391207974,118,19.112860310421286,-0.868709503092551,False,0.12958002371613003,0.20789860342823285,1.1269248608840308,0.41736542689303935,43,0.19502829539838973
570,long,0.0,21,atr,5.535068189709459,224.12839150657732,none,6.395722373178683,246.4109179449286,960,50.0,10.0,200all,15,state,state,behind,0.5,0.9844914970565138,1.735927368929389,1.3795096631060677,28.49212043944683,811,131.36042128603103,9.001962538343815,True,0.00042656292464954206,0.0006452906091239507,1.00013376975666,0.0041721004356851665,337,0.0006707907050704036
570,long,0.0,10,atr,3.5843543585326434,209.1725530963231,none,7.599250595062687,242.1374291696767,960,50.0,10.0,200all,75,state,state,behind,0.5,1.0986596984528907,2.082892260189355,1.4221974423892314,30.94017176799511,820,132.8181818181818,9.003708942004078,True,-0.0642267445920894,-0.09709086544713677,0.9804423612074368,-0.6304657741611059,341,-0.09841319378423323
570,both,0.0,10,atr,3.854023922790745,178.8630963441218,none,6.214185840163724,230.71324973916342,960,50.0,10.0,200all,300,state,state,behind,0.5,0.10685061013095885,0.17636067040570677,1.028218903720236,4.151448467541716,1333,215.91053215077605,0.35403206843276464,True,-0.7353117543767509,-1.0445831658510092,0.8300121528245135,-9.640335595518152,563,-0.859714087731846
570,long,0.0,21,atr,4.027285844193374,271.14067292218726,none,5.653328886015057,187.52449264036784,960,0.0,10.0,200all,15,state,state,behind,0.5,0.8389076517123428,1.4589058932943708,1.2784232644046343,32.31291342722289,811,131.36042128603103,7.148196066938023,True,0.15152716157617213,0.2259101330978399,1.0394372024874847,1.9938303246986715,337,0.171373212052986
570,long,0.0,10,atr,3.6166602186582173,227.1950383157096,none,7.1431300879339235,205.89950734162124,960,50.0,10.0,200all,75,state,state,behind,0.5,1.118932415990895,2.125299344412912,1.4326666389080436,31.484888765931842,820,132.8181818181818,9.364306861011745,True,-0.0768762026947327,-0.11589499822672585,0.9766315104660279,-0.7562529310322255,341,-0.11665511139639412
570,long,0.0,10,range,3.7836741654708157,173.19705033441147,none,5.8910808119543505,238.28445071756695,960,50.0,10.0,200all,75,state,state,behind,0.5,0.30529182186089776,0.6053121248730882,1.1155535054448613,6.49915292301021,697,112.89545454545454,1.3586371620380286,True,-0.12038506623716463,-0.210485661936305,0.959901995072812,-0.9462314590528051,299,-0.1455258295688081
570,long,0.3,10,atr,4.311980065314073,246.29599246341462,none,6.574082230179649,217.80874734229164,960,50.0,10.0,200all,75,state,state,behind,1.0,0.5643973404783222,0.9234064903143494,1.199722048936691,16.208956291604974,807,130.71252771618626,2.853327723061693,True,0.19646046798346956,0.2951407183562074,1.065237324204237,1.8867274731041277,334,0.2790481294235189
570,long,0.5,14,atr,5.510429090172297,281.16768068405906,none,6.337902468212358,280.70412647873735,960,50.0,10.0,200all,15,state,state,behind,0.5,0.45607254309885276,0.6999967928719911,1.1699680372891348,12.93672462596508,738,119.53636363636363,2.5337083614636615,True,0.4742019906473267,0.75936190246117,1.1693930776430588,4.326424616880418,303,0.7826248160528524
555,long,0.0,21,points,1.8572606509129919,291.4616940400918,none,6.267826067960848,145.07093526076054,960,50.0,10.0,200all,30,state,state,behind,0.5,0.982787036179881,1.7412845181197596,1.3742286649549011,28.523688568592576,826,133.790022172949,7.534290639980833,True,0.4382205896303471,0.7089083342523308,1.1444833298178387,4.532947250469195,343,1.7895122282750948
570,long,0.0,21,atr,4.692316957368856,299.8829025779732,none,6.7731467645422825,179.947674606938,960,50.0,10.0,200all,15,state,off,behind,0.25,0.9668695972509477,1.6618925631077328,1.3549641044979543,32.37038479226748,792,128.2829268292683,7.084768218276136,True,-0.24171205871492807,-0.3422746387496632,0.9281950118707424,-2.6358327027425257,325,-0.4372153527942115
570,long,0.3,21,points,3.725908998019904,278.9017223453185,none,7.6765551936838605,154.73232166775605,960,50.0,5.0,200all,300,state,state,through,0.5,0.8042282227982644,1.4324670044168837,1.3124668258163388,21.891424766641624,771,124.88148558758314,6.004503435093816,True,0.2292786162106044,0.3609794512958034,1.0781080260245322,2.16588450589264,313,0.3231716856272863
570,long,0.0,21,range,5.714911121281314,207.49359500395684,none,5.813444636066401,188.7873890975705,960,50.0,10.0,200all,15,state,state,off,0.5,0.3223518398923539,0.6434644833217334,1.128305694339527,6.632453251357963,647,104.79678492239468,1.4040306470531052,True,-0.1863958753588965,-0.3211441985293207,0.9363920764846551,-1.39744424545739,274,-0.20263999894551854
570,long,0.0,30,atr,3.6939061134041458,230.43489674112314,none,5.012456837061499,247.31741509890202,960,50.0,0.0,200all,30,cross,state,behind,0.5,0.13082720875722006,0.26217674242314415,1.1793542719624155,0.9934391321131169,63,10.204323725055433,0.38673238801464654,False,-0.08288619288506167,-0.13549629120663528,0.8977017221643525,-0.22709799156279686,24,-0.2068219450290928
570,long,0.0,10,atr,3.3038200416006265,213.5108448157287,none,7.783327936551459,178.04487554644965,960,0.0,10.0,200all,75,state,state,through,0.5,0.4316872026141838,0.6998936745174855,1.1343490945052752,16.85458061837646,830,134.4379157427938,2.225224958154258,True,-0.09195769343462991,-0.13312960156982437,0.9768377468526699,-1.2163367143670287,339,-0.08769018191538253
555,short,0.0,21,atr,5.2891959253134955,230.47806715910414,none,7.7588247593443525,182.44966535657235,960,50.0,10.0,200all,15,cross,state,behind,0.5,0.5485361116027453,1.9478636818869794,2.366257476727539,5.832026340419385,71,11.500110864745011,4.19370662639213,False,-0.6625218883953952,-0.771206289429112,0.5248391639538599,-0.8434603840708631,28,-0.7786908494257453
555,long,0.3,10,atr,2.2086397531290243,268.12180675642867,none,7.149002834000021,238.39954594210852,960,50.0,10.0,200all,300,state,state,behind,0.5,0.7070849073348124,1.396617159092168,1.252804331039171,17.9441642567958,795,128.7688470066519,7.567695974249032,True,0.04307852968358299,0.07264120531355846,1.0132407890924304,0.3984828796704185,330,0.0852789124066246
570,long,0.0,50,atr,3.5409798906221006,220.19930146412818,none,6.6476317060655985,203.08627886927746,960,50.0,10.0,off,300,cross,state,behind,0.5,0.3062829374312564,0.7198137604459416,1.476680837614542,2.076550086531663,58,9.394456762749446,1.4477575810797974,False,0.020085186244840625,0.03438816595508365,1.026087408814702,0.05367302634665583,24,0.05236313774873046
570,long,0.2,21,points,3.306670415755438,237.5381189998636,none,7.633760044826521,168.1559410598125,960,50.0,10.0,200all,15,state,state,behind,0.5,0.9594381091262706,1.7137312273307008,1.3709475815146501,26.50814024940114,781,126.50121951219512,7.326907493277694,True,0.13613954184055566,0.21157428175534138,1.044248523540591,1.2696173949713434,323,0.19153462316562037
555,long,0.0,30,atr,3.759346101873078,290.6826784974424,r,6.596283347724108,116.77188147179663,960,50.0,10.0,200all,75,state,state,behind,0.25,0.9372186132047792,1.799731324764941,1.3524742431100019,25.593001926401534,802,129.90266075388027,6.942016515660022,True,0.0930899077428201,0.15361982984324754,1.0288091439493487,0.9191236825488891,330,0.25911286275983425
570,long,0.0,21,atr,5.473456627654955,186.1254887388722,none,5.350676767155004,205.037785010109,960,50.0,25.0,off,15,state,state,behind,0.5,0.5312037178957816,1.316069486056878,1.8670969370131933,3.993646510830792,68,11.014190687361419,2.6313143019121026,False,0.28393744319615455,0.5004126074907381,1.3804260686295244,0.8225093045897076,29,1.117327112597949
570,long,0.0,21,points,1.5313142525493628,210.17284088780772,r,7.864084999116859,225.06996830048038,960,25.0,10.0,200all,150,state,state,behind,0.5,0.6649219120052188,1.2054885868298066,1.2731788094607395,16.262440358573528,811,131.36042128603103,4.405948598171133,True,0.016144500203223233,0.026153171807944506,1.0055745455336969,0.12711180904569908,337,0.029630233635236893
570,long,0.0,21,atr,5.834095861362293,250.71187402274566,none,6.24918663425833,301.35477902250284,960,50.0,10.0,cross,15,state,state,behind,0.5,0.5447033780544687,1.2130256034800295,1.584271096897257,5.606818309987741,131,21.21851441241685,1.7655121954214863,False,0.06701143583119049,0.08487015201764082,1.0552869401601,0.46129429942438105,69,0.12452604068465001
570,long,0.0,21,points,1.3093159840651976,164.51054493622576,none,3.6430580489479096,379.2959760310216,960,150.0,5.0,200all,75,state,state,behind,1.0,0.793788438190987,1.4418059435238157,1.2492206614617811,26.97042689885641,849,137.51541019955653,6.476064044712822,True,0.43073868304794016,0.7242955868608016,1.113289126696077,5.1790899526717205,356,0.8160210625540574
570,long,0.0,30,atr,4.001363915065159,220.7715312561754,none,7.762379941469349,170.88166922691346,960,25.0,10.0,200all,75,state,state,behind,0.5,0.6844938260296269,1.2914178205788451,1.2800837121836197,16.405341866501242,808,130.87450110864745,4.398806300806184,True,-0.09835161143720651,-0.15811685614139337,0.9669529211437075,-0.7776804470377918,332,-0.17155991937858275
570,long,0.0,50,atr,4.126633660639169,192.34732566895374,points,5.993604991745638,139.76204185109225,960,50.0,10.0,200all,75,state,state,confluence,1.0,0.9920932207029338,1.534487898398036,1.2809935912751518,24.712552058297703,946,153.22682926829268,6.764452937070541,True,-0.552890136248527,-0.7375101895144841,0.8712583465547155,-4.562301064782202,382,-0.6813975232594912
570,long,0.0,21,points,1.9979020747428542,289.3993583863089,points,7.499535498065967,158.11193197539976,960,50.0,10.0,200all,150,state,state,confluence,0.5,1.0911303486740394,1.6892122513330983,1.3527019274587568,27.794167585941388,867,140.4309312638581,7.430054593798541,True,-0.1345079666395125,-0.18055513886458407,0.9639905999631793,-1.162273262141659,362,-0.1909431520146994
570,long,0.0,10,atr,4.335599921813463,194.01783798255065,none,7.9168459814870555,359.19963779414445,960,50.0,10.0,200all,75,state,state,confluence,0.5,0.8479567996027365,1.463582641700531,1.2988962216316502,25.285197809861337,890,144.15631929046563,6.72020537897077,True,0.005532401561380096,0.008334831122771252,1.001655455588468,0.05587688450126427,371,0.008025939707431798
570,long,0.0,7,range,5.219139261857431,102.9620179416389,r,5.957296533806643,353.7085775197613,960,50.0,10.0,200any,300,state,state,off,0.5,-0.11124910407983439,-0.1914967933706472,0.9639612878441826,-2.1566919723268057,736,119.21241685144123,-0.3601405308647098,True,-0.5627575991786078,-0.9229002255936778,0.8305927926051047,-4.382557988079213,311,-0.5940124528934475
570,long,0.3,21,points,1.2990327767761674,287.84566354858316,points,4.237857395413322,275.9557983853771,960,0.0,5.0,200all,75,state,state,behind,1.0,0.6667555485975178,1.0418978851519751,1.1953976904817813,23.246978356029153,808,130.87450110864745,4.719099541914812,True,0.9079333898028827,1.4233665019195556,1.2551856493782465,11.61627952371461,335,1.8801505007341637
570,long,0.1,50,points,3.3717664917473242,166.91505714840437,points,2.5228725205433684,292.66254407493767,960,50.0,10.0,200all,30,state,off,behind,0.25,0.8553609660868913,1.405684059096045,1.2899963255684423,26.19462659599442,773,125.20543237250554,3.599917662632699,True,0.2615964981401868,0.4121023678086569,1.0813562858667978,2.6034707227618075,313,0.4589701957840326
570,long,0.0,10,atr,3.4891738043264815,262.7096713308035,points,4.667152013358644,163.52832209833912,960,50.0,10.0,200all,300,state,state,behind,0.5,1.1770771750080493,1.9351899959227,1.39110750001851,28.571611223200875,820,132.8181818181818,8.731461093564326,True,-0.3707511386369372,-0.4913193745929564,0.9012199654074688,-3.181597178210564,341,-0.5094790716948568
570,long,0.0,10,atr,3.6166698265358126,288.7045269117124,points,5.4080746091391765,83.13394292649528,960,150.0,10.0,200all,15,cross,state,behind,0.5,0.41300755003353434,0.5949737243981029,1.3731230471046116,2.535834329780302,80,12.957871396895786,1.2922682920922444,False,0.1383058243741346,0.17169881776839305,1.1095387819756746,0.34665260221090366,37,0.38787537559623475
570,long,0.0,10,atr,2.6014006288247886,230.85338795235631,points,2.436374382403815,86.84461873295855,960,50.0,10.0,200all,150,state,state,behind,0.5,0.5139622697741988,0.7156922063192779,1.134984778746762,9.78485837914154,820,132.8181818181818,2.1107077871052886,True,-0.7292553235009099,-0.8894115936382792,0.8354692243867108,-5.236424112974544,341,-0.7931583083258418
570,long,0.0,50,points,0.5520342767688307,280.59364373864855,points,6.2525237024144955,335.95926848782824,960,50.0,0.0,cross,15,state,state,through,1.0,-0.09026270251102377,-0.13802500640730936,0.9409733791899665,-1.2056556078507166,178,28.831263858093127,-0.20062957358842265,False,0.3133932092951269,0.5023914154932558,1.219914003545737,1.7172758841850029,76,0.4885501756130247
570,long,0.0,21,points,2.475318515079471,290.012569273201,points,5.855446312203945,260.0478369557255,960,50.0,10.0,state,150,state,off,behind,0.5,0.6895204342835223,0.997998366724899,1.2302125309824818,24.457934488493052,807,130.71252771618626,2.750096887067169,True,-0.5551438596448187,-0.7397790917376099,0.8462741518459806,-6.6182889414833435,340,-0.674861662817672
570,short,0.0,10,atr,4.3842441512004315,220.0831397689399,none,7.529477594166934,254.82676569306395,960,50.0,10.0,state,75,state,state,behind,0.5,-0.33431902476345954,-0.5925554392828765,0.8722117866803556,-11.204498484304244,666,107.87427937915743,-0.5511703664176988,True,-0.8580071055388586,-1.2013116819694734,0.720619984772346,-8.899694568097603,277,-0.815496040214464
570,long,0.0,21,points,1.1731216322424007,160.16059166013065,points,3.7024966529100993,372.9890217029598,960,50.0,25.0,200all,75,state,cross,behind,1.0,0.8901908841827381,1.5138118828768041,1.2847292993058623,26.601572913897947,849,137.51541019955653,4.245349076417057,True,0.09575480528367254,0.14892219109019564,1.026342313596048,0.9376550545217324,356,0.1617566015771385
570,long,0.0,7,atr,1.9207236196565607,202.10171928510434,none,6.245896494297461,180.7576946672516,960,50.0,10.0,200all,75,state,state,behind,0.5,0.8992878044661852,1.8377157934949238,1.3290693357468866,23.556183512283752,823,133.30410199556542,7.268131654917469,True,-0.04218086073395138,-0.07039479061946535,0.9875022141901595,-0.37791721256975197,345,-0.07601318401833519
570,long,0.0,10,atr,3.573532691112785,219.85058059879873,points,5.580909679770921,177.13192101483918,960,50.0,10.0,200all,300,state,state,behind,0.5,1.1904126163323459,1.982835474102708,1.4012677509849323,29.4939884236874,820,132.8181818181818,8.193030774000968,True,-0.31848966907704457,-0.4296654919333518,0.9134780591156217,-2.785500981923163,341,-0.45126378869750466
570,long,0.0,10,atr,3.513417077015271,270.5069246773045,none,7.560076898857861,91.15641818683645,960,50.0,0.0,200all,150,state,state,behind,0.5,0.9792855701083394,1.8781242908065903,1.3714941490556156,27.85404388446443,820,132.8181818181818,8.289435628708606,True,0.03060509606793958,0.048024002212597026,1.00949142102953,0.3123184527007221,341,0.0497794063031435
570,long,0.0,21,points,1.250873943379092,216.21087994212468,points,4.524413450684506,373.0255641288387,960,50.0,5.0,200all,75,state,state,behind,0.25,0.9303826652545854,1.6722714899444318,1.35472528656039,26.034816466102455,792,128.2829268292683,6.873646050006108,True,0.09200463728891987,0.14760197221338506,1.029505302854365,0.8865107986353642,325,0.18781365412559195
570,long,0.0,21,points,0.5928466879539469,284.86782640295354,points,7.1009637310401175,344.5317492577072,960,50.0,10.0,200all,150,state,cross,behind,0.5,0.9509673850102521,1.5692721939225382,1.3349368643826407,30.348521395764926,811,131.36042128603103,8.388848129468743,True,0.5133465247509413,0.801277294367734,1.1707120759062952,5.636442961453337,337,1.0985008834366357
570,long,0.5,21,points,0.6804648199558242,156.95225727947152,points,3.263895912971301,365.03355079133337,960,50.0,5.0,200any,75,state,state,behind,1.0,0.4214722613866244,0.7318023380784527,1.1364204280457004,11.525645549713845,843,136.54356984478935,2.4065148159860055,True,0.1424862968049779,0.23873688780623162,1.042291136208907,1.4046717325115825,352,0.16994096374182088
570,long,0.5,21,points,4.975671137085348,271.4902351282394,none,6.6522898341503724,316.9514740663727,960,100.0,10.0,200all,30,state,state,behind,0.5,0.33706294772219764,0.5252834431831346,1.1064341962674198,10.470191256593036,739,119.69833702882484,1.8635114000489936,True,0.37033090469451874,0.5823866461295498,1.1129165630593798,4.013705078508907,304,0.769911695197403
570,long,0.0,7,atr,5.439309055433619,175.05294284573466,none,6.930720886375085,139.34768564523486,960,50.0,10.0,200all,15,state,state,behind,0.5,0.9133638410865733,1.5530180201414856,1.3489245836420347,27.047942369408695,823,133.30410199556542,5.6481105217697225,True,0.18614936874292493,0.2855151184814865,1.059939892283623,1.8300880011134413,345,0.37145874646095467
570,long,0.0,21,points,2.412999712747245,219.7344731749202,points,7.705196071193548,192.73322856696637,960,50.0,10.0,200all,150,state,state,behind,0.25,0.9912565241538424,1.6066906992799685,1.341218904215763,25.070328026559295,792,128.2829268292683,8.78693041282794,True,-0.1487682503976603,-0.21028861758385464,0.9578495486776814,-1.2742391992215485,325,-0.2613107346572443
570,long,0.5,21,points,0.7527997711763503,211.80937095642273,points,7.236062982095716,174.00154232133173,960,50.0,10.0,200all,150,state,state,behind,0.25,0.6702101140756536,1.026039751097966,1.2231355924965017,15.94978291397654,718,116.29689578713969,3.8033418549780786,True,-0.14341110762098813,-0.19989616818298067,0.9582760100743691,-1.1304344135942894,293,-0.17655629111886462
570,long,0.0,10,atr,3.1191744242278956,245.61846587558458,none,7.1214893614956924,258.0438607763066,960,50.0,5.0,200all,75,state,state,behind,0.5,1.0235593102846583,2.000589096036098,1.3939692525022445,28.450039878492923,820,132.8181818181818,8.136550513316628,True,0.08726792383876247,0.13956792201469312,1.0273252706852707,0.8655514133938209,341,0.16702749248870916
570,long,0.0,21,points,5.787312984271732,125.17071326321305,r,4.141596405867132,327.34333906460034,960,50.0,0.0,200any,300,state,state,behind,1.0,0.5288370276871713,1.0036050975106041,1.169496382435695,15.459210070595034,925,149.82538802660753,2.126729992461195,True,-0.22923574633353205,-0.4071627016286701,0.9379155548083754,-2.322627768621783,392,-0.4322879241807513
570,long,0.2,10,atr,2.505495249239291,152.42429677498882,none,7.8279068485933045,242.7534248205828,960,50.0,10.0,200all,75,state,state,behind,0.5,0.9290808609388848,1.8467285043320047,1.3483597219771741,24.18640130249697,786,127.31108647450111,8.368695073026936,True,-0.12445540154089221,-0.19585127208729852,0.9622696349999557,-1.1223673718883918,324,-0.15901931757550053
570,long,0.0,14,points,2.4075468886676337,244.8592686125816,points,6.719310494562269,197.06601133862588,960,50.0,10.0,200any,150,state,state,behind,0.25,0.7804304855089189,1.2207721648233316,1.2474189200784573,21.021471138559367,887,143.67039911308203,6.583095044846867,True,-0.32361647574888486,-0.45035618063762484,0.9155260097163996,-3.057386966767666,369,-0.5584419827219745
570,long,0.0,21,points,3.5218093114749704,190.17560651013423,points,5.589507432142042,171.7302280141332,960,50.0,10.0,200all,150,state,state,behind,1.0,1.0924703313406263,1.7645742015971357,1.3530711013900385,27.534650616652634,849,137.51541019955653,8.741359063495368,True,-0.44317802050493643,-0.6049920682208931,0.8866125829281866,-3.731495768752671,356,-0.6611199279853767
570,long,0.3,21,points,3.678775902413845,159.82593227556947,points,7.0758925948527,169.06202322371945,960,50.0,10.0,200all,150,state,state,behind,0.5,0.8678338053525965,1.4065027861678865,1.281206635111951,20.263425347069855,773,125.20543237250554,6.384569630038076,True,-0.1568771925313205,-0.22362099475501498,0.95661186111473,-1.201044002609151,315,-0.20720346742284645
570,long,0.0,21,points,3.8396181130636275,189.82344751168074,points,4.288010904788145,238.83061521471618,960,50.0,10.0,200all,150,state,state,behind,0.25,1.0555766776637774,1.8333376589555974,1.3786802802155131,27.492227442263797,792,128.2829268292683,9.941524095472438,True,0.0704669398738627,0.10777878523742652,1.0210176518624408,0.6426264063687204,325,0.14172419344229273
570,long,0.0,50,atr,4.8474596530973315,273.02672127581917,r,5.013143555674054,222.96652331437343,960,50.0,10.0,200all,30,state,state,behind,0.5,1.06083244568092,1.9717050320145186,1.4087841551641973,29.64549752431705,807,130.71252771618626,9.155664838851404,True,-0.08686845409418119,-0.134215595057861,0.9735469105364093,-0.8289936613707753,332,-0.1392044363844745
570,long,0.0,50,atr,5.372291258305137,232.14754980216946,r,2.2422644050374783,120.88997999929006,960,50.0,10.0,state,30,state,state,behind,0.5,0.5348016431393634,0.8898359789412887,1.1898314243801467,18.392424492601474,800,129.57871396895786,2.578800819991886,True,-0.5805056273140068,-0.8181162354500291,0.8310485021900444,-7.062011229769411,337,-0.5835299445762997
570,long,0.0,21,points,3.655497306800302,281.4496345403117,points,5.813468047582765,240.4840413427759,960,50.0,10.0,200all,150,state,state,behind,0.25,1.0797100917141156,1.8210270506366604,1.3970209029946934,28.492553960754954,792,128.2829268292683,7.80690055977145,True,0.26797219494918184,0.4064470665280188,1.0847192263260585,2.4831988612781917,325,0.7361064468922779
555,long,0.0,30,atr,1.2321348037608493,160.06064951503515,points,2.499300362110181,347.54119910298374,960,50.0,5.0,200all,75,state,state,behind,1.0,0.6109837646305973,1.5298594791987796,1.2250929565537791,13.860811371183232,853,138.16330376940132,2.5532407914287476,True,0.3923108125934527,0.9668142726168218,1.130681362263491,3.0860030512703207,355,1.1329889300424423
570,long,0.3,50,atr,4.169796176166162,277.10745653324625,r,6.51659937343573,186.03651586990242,960,50.0,10.0,200all,30,state,state,behind,0.5,0.9204020727388021,1.7439150824013707,1.3490400707681272,24.298971030075663,772,125.04345898004435,8.759938821888905,True,-0.02241204455259269,-0.03538072238985295,0.9929821152575544,-0.20132349296219598,315,-0.03101826075571352
555,long,0.3,50,atr,4.343454033292682,293.631539887304,r,5.6422988148181705,194.88588817363424,960,50.0,10.0,200all,30,state,state,behind,0.5,0.8899649362768396,1.6566322024352662,1.3300965304535703,23.852033385569804,796,128.9308203991131,8.193116355703445,True,0.41013121951392106,0.696238577762493,1.1360906720135784,3.935949051443142,324,1.1132810795128683
570,long,0.0,10,atr,4.158380533133139,158.43213290645213,none,7.405150274232699,270.3305853550165,960,50.0,10.0,cross,75,state,off,behind,0.5,0.14383556986297397,0.23633544940053822,1.0984694827646933,2.6325632350811814,207,33.52849223946785,0.39958516223502344,False,-0.23061856671288583,-0.3169845527669598,0.8720271754954951,-2.158270228510061,109,-0.28717663771427593
570,long,0.0,50,atr,3.6986294846927628,249.0777161079087,r,4.044220616106997,227.27672140825914,960,50.0,10.0,200all,30,state,state,behind,0.5,0.9609612241733262,1.875758854752802,1.3601429836573307,26.04353943656337,807,130.71252771618626,8.175288150176662,True,-0.2233817376626659,-0.36127388888996326,0.9350431955986334,-2.0112222982814894,332,-0.35556631463695376
570,long,0.0,7,points,4.731773774829217,122.99224825077516,points,3.2432266073906035,152.6424842967436,960,50.0,10.0,200all,150,state,off,behind,1.0,0.4882590150529444,0.7314998540350717,1.1292532580310566,13.39058752423444,861,139.45909090909092,1.308965923336989,True,-0.5712981217057089,-0.8041625745910378,0.8721372512781361,-4.892586243755044,365,-0.7358180824191471
570,long,0.0,30,points,5.981466061164725,146.93575328886064,r,5.890079643722841,393.23200320149124,960,0.0,10.0,200any,300,state,state,behind,0.5,0.9418414829978179,1.864886327326993,1.2998766214202238,36.02644941805622,899,145.61407982261642,8.932071637600252,True,-0.0655846798486922,-0.11070578683228258,0.9845792931341134,-0.8344186199255521,374,-0.1007915430866286
570,long,0.3,50,points,4.146648306185753,250.1342282527742,r,7.517286011203627,196.77373004632892,960,50.0,10.0,200all,30,state,state,behind,0.5,0.8729050112976405,1.53343252528808,1.3345191806780599,24.058356244278606,772,125.04345898004435,7.047402472473641,True,0.18148689354805983,0.28230689794132263,1.060566977322795,1.6702775687751656,315,0.2704468609511708
570,long,0.0,30,points,5.926497540370811,172.03100079638082,r,7.070648996359562,393.8940169433076,960,0.0,10.0,200any,30,state,state,behind,0.5,0.8587338794870102,1.5549663834338114,1.2579810817646464,32.1255883778426,899,145.61407982261642,8.140949508198046,True,0.06002307276079051,0.0983837650258577,1.0143877717684555,0.7844762413232411,374,0.11111204634266111
570,short,0.0,21,points,1.2893007418366045,246.89740266001425,points,4.512443459006869,367.6360765828694,960,50.0,5.0,state,75,state,state,behind,1.0,-0.5572463142892461,-0.8899708606113041,0.8175060279096794,-17.200215569976315,690,111.76164079822617,-0.6934082671954084,True,-0.8992494071215426,-1.3075466272463137,0.7281782245997268,-8.910056014226594,285,-0.9204317161274829
570,long,0.0,30,points,5.767890056308868,181.75411661288896,r,4.085279224767174,367.0351015915019,960,0.0,10.0,200any,300,cross,state,behind,0.5,0.5687451696978741,1.117933749498752,1.375600900805412,12.537332143957123,205,33.20454545454545,2.170532052068135,False,-0.35833376736569295,-0.5756114932423583,0.8378930648622221,-2.778650051924612,81,-0.4130444790160599
555,long,0.0,21,points,4.53860026863874,112.87689301994199,points,4.775239095111637,219.83281938687773,960,50.0,10.0,200all,150,state,state,behind,1.0,0.5431557056255911,0.932205314920731,1.161959694795281,13.45793161015636,855,138.48725055432374,1.7880086681067338,True,-0.19057130735497396,-0.3121286694442707,0.9509000749779478,-1.6221321716175598,357,-0.39796536510933145
570,both,0.0,30,points,5.671193913868601,55.76645066761118,r,5.654153229327097,339.3532299178817,960,0.0,10.0,200any,300,state,state,behind,0.5,-0.3185701495131329,-0.6372370691406182,0.9373239639990597,-10.909635825524504,1444,233.88957871396894,-0.49386252301195505,True,-0.19582141897370453,-0.43338754979748156,0.9615074880641061,-2.331351824075721,614,-0.4088016038352825
570,long,0.0,21,points,1.5408595906438185,208.85991505055105,points,6.096570723936052,358.44002321929963,960,25.0,5.0,cross,75,cross,state,behind,1.0,0.24395066791363293,0.4318125492037457,1.1712432137643436,3.1060021804761564,248,40.16940133037694,0.8650369410651718,False,0.45687220194112466,0.8661999795743957,1.2978073207897296,2.8980701324150253,124,0.8398856262656504
570,long,0.0,14,points,1.311415867300927,275.25646144502525,none,6.728723001730782,398.90019450997033,960,50.0,5.0,200all,75,cross,state,behind,0.5,0.39519977638297277,0.810906277870362,1.5615496714840045,3.3179177109616314,75,12.1480044345898,1.5507141427995523,False,0.20133582083491364,0.355621823822706,1.2478317495988904,0.5940439045301349,35,0.6569288980423944
570,long,0.0,21,points,3.394475335641354,292.33289284621515,none,7.472956144012412,271.2935977312869,960,50.0,0.0,200all,15,state,state,behind,0.5,0.948972593869743,1.7271762391876488,1.3671041931805612,27.455104556541652,811,131.36042128603103,7.43147753172921,True,0.28447029687329994,0.46203941595734627,1.0935456068041436,2.8621552848051746,337,0.6258962639110286
570,long,0.0,21,atr,5.0260610750900465,192.87856073140512,r,7.146226020490433,277.1775100164467,960,50.0,3.0,200any,300,state,state,confluence,0.5,0.6027970272590173,1.0206783402457096,1.2027643828205823,18.769431585840536,943,152.7409090909091,5.244493557865131,True,-0.15430784135611167,-0.24020077439123347,0.9557181354440616,-1.7769793760213979,397,-0.21355969027147076
570,both,0.0,50,atr,5.71689687576697,236.33278185155208,r,6.234003550141313,233.79069875108783,960,50.0,10.0,200all,15,state,state,behind,0.5,0.03987998523931251,0.06453983940895838,1.0105455761522755,1.557361757933695,1317,213.3189578713969,0.1196008949476705,True,-0.7878529574756115,-1.1123092309456197,0.8174688242530512,-10.288433259011281,551,-0.8045822472465842
570,long,0.3,14,atr,5.266106314095414,298.4995235674537,r,5.526252294606651,89.092789347483,960,50.0,10.0,200all,30,state,state,off,0.5,0.8086400764978409,1.41370965656692,1.3226351969603038,21.697057338940184,717,116.1349223946785,5.304450790278307,True,0.20634958474865628,0.31214799118888364,1.073702075238873,1.8352821937480515,286,0.3060786491518066
570,long,0.3,50,atr,4.220935527037191,271.9167928476675,points,4.393406881719683,87.05174951993263,960,50.0,10.0,200any,30,state,state,behind,0.5,0.3741233424330637,0.5034628291844836,1.0963302266941126,7.596251517979022,859,139.1351441241685,1.2704277001317934,True,-1.0005238927527593,-1.1991455684029633,0.7829666013606789,-7.4981965734827725,353,-0.8734302508777206
570,long,0.0,21,points,2.81491180871153,115.80214726093214,points,5.290031901567933,124.88030480627123,960,150.0,10.0,state,150,state,state,behind,1.0,0.2703551012378541,0.39706813836489463,1.0608440537262431,7.426088158671829,833,134.92383592017737,0.7777278117305991,True,-0.8334285425732805,-1.1532001992698246,0.8462647370955313,-7.796556750561567,354,-0.7076855547746598
570,long,0.0,7,points,5.206896589553955,269.8283987081032,none,5.221985378907838,350.6262931433482,960,50.0,25.0,200all,30,state,state,behind,1.0,0.7613108678564153,1.2394591997469864,1.2644102053219062,22.005471599684434,861,139.45909090909092,3.133562435340969,True,0.1751387944777418,0.2624234149505711,1.0519269821255102,1.6787790901950148,365,0.39922436497074054
570,long,0.0,21,points,3.380732126081459,158.59853222768072,points,7.454903750755594,201.94273438106276,960,50.0,10.0,200all,150,state,off,through,0.25,0.7684710351053265,1.1911002439569112,1.2389531216508052,22.01002258896579,787,127.4730598669623,3.169220038017217,True,0.2183335709239202,0.3258221463784468,1.0612250515262396,2.0595373334118947,325,0.3745486212909471
570,long,0.0,10,atr,5.660910757389264,295.3625939682297,none,6.671248736862625,239.67641650902326,960,75.0,10.0,200all,75,state,state,behind,0.5,0.6083738646202407,0.9666192623952966,1.2080363441821584,20.067124542727683,820,132.8181818181818,4.14229601122465,True,-0.04329886270115545,-0.05914902255232887,0.9864558192642394,-0.5444380396513218,341,-0.06901739455524374
555,long,0.0,10,atr,3.729219551321559,178.63649341281433,r,7.205206386560085,280.33228882339665,960,50.0,10.0,200all,75,state,state,behind,0.5,0.9842914054084573,1.8046480456837857,1.368564869771136,28.28200171625069,834,135.0858093126386,7.097635715984402,True,0.2012972245691667,0.315444221243014,1.063407133426247,2.1046307560505317,347,0.563917609232754
570,long,0.0,21,points,1.8741874045582054,247.9019575351674,none,6.601599557551925,278.8354869854553,960,50.0,10.0,state,15,state,cross,behind,0.5,0.6283597453590831,1.0569998071737907,1.218789997824033,21.486759137620908,807,130.71252771618626,3.588831433505232,True,-0.24380492974934026,-0.3811761770034862,0.9277320666812546,-2.7171398083980147,340,-0.3457710559898519
570,long,0.0,21,points,4.244856817252582,181.8804482403086,r,3.118603429571235,189.69416780890663,960,50.0,10.0,200all,150,state,off,behind,0.25,0.9358615923739528,1.6497604982573661,1.3445159325462708,32.083885626452606,792,128.2829268292683,4.703942251276611,True,-0.1376504821068667,-0.20645168713821554,0.9599228968837527,-1.426791746844264,325,-0.24454574512828503
570,long,0.0,21,atr,5.971290157494544,185.45833181895762,none,5.197136075315827,228.9587684004695,960,150.0,10.0,200all,15,state,cross,confluence,0.5,0.49687898783966533,0.7785169142650067,1.1438930263404135,21.0784081457101,867,140.4309312638581,2.651182408529769,True,0.2915742759046716,0.41967311747661945,1.0757115718009627,4.229304976500744,362,0.44527574467718545
570,long,0.3,10,atr,4.115247108874353,236.29403193400643,none,6.824068954630083,367.7066790023721,960,50.0,10.0,200any,300,state,state,off,0.5,0.6604915841894029,1.1209839275938582,1.2381271882760017,18.69798212943847,805,130.38858093126385,4.771393040019396,True,-0.2727532662768466,-0.4048906822291853,0.9142642802054824,-2.7658203000644033,326,-0.29140241766685404
570,long,0.0,10,atr,4.901557903961565,236.37758772656778,none,5.660613642836517,231.49521910664245,960,50.0,10.0,200all,150,cross,state,behind,0.5,0.6060207558802154,1.2704531317124135,1.7917947162240009,5.872938906665215,96,15.549445676274944,2.7147816474670914,False,0.397163175052059,0.663340471404974,1.4436116325443173,1.364380162242985,43,1.5649552440587662
570,short,0.0,50,atr,2.910068270433401,250.32583506887215,points,6.679926446608596,181.38875636615333,960,50.0,10.0,200all,75,state,state,off,0.25,-0.7036414357589799,-0.9916271584317218,0.7840264265401503,-15.143759669708903,517,83.74024390243902,-0.9535778603190018,False,-0.8216567910067543,-1.06867531839184,0.7458349041769864,-5.602229068691891,227,-0.6932115990102473
570,both,0.0,21,atr,4.1853328636457645,190.64750947534208,points,4.477192609944237,225.60512488746218,960,50.0,0.0,200all,150,state,state,behind,0.25,0.40293830737338093,0.6367439216980921,1.0998506837686532,14.569787791982083,1305,211.37527716186253,1.4591672719904656,True,-0.7905054632668901,-1.0812851071342628,0.8275726175190895,-9.741502149498382,543,-0.7809314554982231
570,long,0.0,21,points,3.9145303727241036,128.5509715653789,points,5.526717385110797,102.36760168851266,960,50.0,10.0,200all,150,state,state,confluence,1.0,0.16432812250031098,0.22886811863250647,1.0387913764114076,3.609739457301975,967,156.62827050997782,0.3744496938454839,True,-0.5156406794512735,-0.6796578565022756,0.8920723961392953,-3.815597326205893,402,-0.5462669818707451
570,long,0.0,21,points,5.869938126717778,157.6101514633315,r,3.465966862361188,363.4625489178658,960,50.0,10.0,200any,300,state,state,behind,0.5,0.884711804900883,1.6911854485464095,1.3135818972056552,26.215914747059596,900,145.7760532150776,7.919586025029139,True,-0.23640237375556541,-0.38793867126279913,0.9349956682933879,-2.3794424023278076,376,-0.3708353379139784
555,long,0.2,10,points,3.014894719152534,292.00787637956324,points,7.942781138271529,292.80980837009315,960,50.0,0.0,200all,75,state,state,behind,0.5,0.9935864786903947,1.7566457087263636,1.3712678359417536,28.496563887548703,813,131.68436807095344,7.3184880565666255,True,0.6575378822998966,1.086408572053885,1.2236019372481626,6.627828062708719,336,1.9669302485023379
570,long,0.0,21,atr,5.5036983938202555,239.39383563813428,none,5.274334164909691,144.4369330514285,960,50.0,10.0,200all,30,state,state,through,0.5,0.7946198815772377,1.3534325251573986,1.292740279383622,22.682531650185695,816,132.17028824833702,6.03690203887122,True,-0.08188633732405262,-0.12177118900014496,0.9747838612861632,-0.790801939854235,334,-0.10291391999257632
570,long,0.0,30,points,4.500607450683502,237.73593586369003,none,4.380781294184691,269.0650033038488,960,50.0,10.0,200all,150,state,state,behind,1.0,0.9216667937390747,1.6170270181163346,1.338256350070548,27.05315901767825,847,137.19146341463414,7.250066123099693,True,0.1527675637104072,0.2405027784454919,1.0472893031739936,1.4779107228459734,354,0.30627600177476333
570,long,0.3,50,atr,2.8097238109087774,278.9730855255137,r,6.303012452276369,213.12776967258296,960,25.0,10.0,off,30,state,state,through,0.5,0.10793307610747299,0.19587303688088273,1.1384752930673887,0.4526170857763062,53,8.584589800443458,0.46111836922183047,False,-0.8661863308622547,-0.9828423207865692,0.37392679199411294,-1.0880500183332158,22,-0.7520635439230067
570,both,0.0,50,atr,2.822065422246823,294.74286584858385,points,6.323263344587977,266.27108137222984,960,50.0,10.0,off,150,state,state,behind,0.25,-0.2842700853793032,-0.4376878242115483,0.7568835698269403,-1.676231299414951,71,11.500110864745011,-0.4267131510201033,False,-0.3942710180103808,-0.5520737897095248,0.6056403485287535,-0.6882756768367929,21,-0.6101236791348138
570,long,0.2,21,points,4.164610019200005,125.8731844586579,r,6.035630193880221,333.7541720020416,960,50.0,10.0,200any,15,state,state,behind,0.5,0.6375757875620487,1.2181354709136074,1.2158972443689573,17.657710500957307,867,140.4309312638581,4.09918330058691,True,-0.222778081318438,-0.3887191458737991,0.9368440098699995,-2.1358434236887467,359,-0.2557100491330078
570,long,0.3,50,atr,3.2509773306346177,281.7676685405628,r,6.282168186028184,141.2863579868656,960,50.0,10.0,200all,75,state,state,through,0.5,0.9189717730858105,1.8713046339510848,1.3521330280728523,23.090918756232877,766,124.07161862527715,8.259359994999771,True,-0.09930181697973688,-0.1648889530244949,0.9703104999062657,-0.8388951202285293,313,-0.10365331844114105
570,long,0.5,21,points,3.537780958673066,199.65531622019444,points,5.295196744003553,250.79518573324742,960,50.0,10.0,cross,150,state,cross,behind,1.0,-0.1675636096222281,-0.24692329046598682,0.924155596603814,-3.0848055105516012,298,48.268070953436805,-0.2574890186830343,False,0.12670503819427353,0.19286901565842923,1.0541276804162176,0.9540820836722324,157,0.21492338542073877
570,long,0.0,10,atr,3.756782471128348,280.49130810054396,none,5.531778783588976,316.35391625455634,960,25.0,10.0,200all,300,state,off,behind,0.5,0.6893511375383641,1.2293039661035905,1.2747736711503526,18.18081387891486,820,132.8181818181818,2.7415397881313157,True,-0.1060492687701595,-0.16000709591035805,0.9629872641176325,-0.9309068894500825,341,-0.19510289301565142
570,long,0.0,30,points,5.0172138420438515,138.90062092237972,r,4.25688408832087,363.018125903291,960,25.0,10.0,200any,300,state,off,behind,0.5,0.20141778934258883,0.34603360332668787,1.0682280242990712,5.529776036986936,899,145.61407982261642,0.4091777867989526,True,-0.4745857036921269,-0.7891610881676634,0.857299585278565,-4.3994078063755655,374,-0.5026764510062306
570,long,0.0,14,atr,4.5326433810818845,243.70848557681964,points,5.252761059363966,197.15617423749808,960,50.0,10.0,200all,150,state,state,behind,1.0,0.9712312402446391,1.5307705824495081,1.3237058367419179,26.366359685408256,852,138.00133037694013,5.73018264024582,True,-0.16347368794328623,-0.226267785241724,0.9547384900091122,-1.5286291579864084,360,-0.28979846448661206
570,long,0.0,21,points,3.384653135631848,213.52250876479496,points,2.6339008061043767,227.4689980800534,960,50.0,3.0,cross,150,state,cross,behind,0.25,-0.2619095389005277,-0.37079784207180055,0.8618376401106552,-4.108924128289906,226,36.605986696230595,-0.3399755921788341,False,0.17111569175175093,0.26387251373835996,1.0794765085585436,1.1806897818094155,122,0.3750997545042365
570,long,0.1,21,points,4.8894811277884145,164.25510286402377,points,4.376733924070906,234.20379289053116,960,50.0,25.0,200all,150,state,state,behind,0.25,0.8881030297248893,1.475797219421148,1.2995734403935226,21.29946571670856,773,125.20543237250554,5.439106597288526,True,0.10020120446970651,0.150615532812793,1.0289512586827234,0.8271607403646507,315,0.17361078382870682
570,long,0.1,14,points,2.8349379099209875,298.8364756131913,r,6.094332291073311,186.64645822382317,960,25.0,10.0,200all,300,state,state,behind,0.5,0.5103052243292109,0.8690607643754634,1.2055236341176678,12.237389206822726,799,129.41674057649666,2.3013072910012284,True,-0.07189804709190795,-0.1095901900734102,0.9746027081956627,-0.5725040969883332,329,-0.0944178743770434
570,long,0.0,30,points,5.536939935988358,126.22650181704515,r,5.900010438066332,392.2936879771497,960,0.0,3.0,200any,300,state,state,through,0.5,0.43252208786302165,0.7984821878514939,1.12172923039733,15.089240012954107,898,145.4521064301552,2.50749994652019,True,-0.060888544655119725,-0.1068340693458165,0.9856970805013298,-0.7429220295784873,373,-0.07403199343430263
570,long,0.0,30,points,3.757324449212472,153.71458107872706,points,2.9137799003155997,201.70851469125304,960,25.0,10.0,200all,150,state,state,behind,0.25,0.7396627979949342,1.2599194372113836,1.271749151703085,15.660471244663139,791,128.1209534368071,4.0739177808961795,True,-0.20408722798807652,-0.3052488658096478,0.9389928420200514,-1.4479511877154319,324,-0.40367104602779674
570,long,0.0,21,points,3.1234245004427224,252.91319491626632,points,6.842071937323536,164.88475034269788,960,150.0,0.0,200all,150,cross,state,behind,0.25,0.7099282514452216,1.3581284553018653,2.0540009279608835,4.976502374732963,52,8.422616407982261,5.44711908475225,False,-0.2507203002867865,-0.31486904840893626,0.7920270442964251,-0.7486013114324247,23,-0.30456242225221425
570,long,0.2,21,points,3.3988200590339455,214.517301823006,points,4.614382183179403,187.01446881612807,960,50.0,10.0,200all,150,state,state,behind,1.0,1.1208055494166858,1.8306322200312797,1.3815723874536256,28.350818425467722,816,132.17028824833702,8.543521910880731,True,0.06442705014187859,0.09187707523376443,1.0185470799503145,0.5557930178592736,341,0.09639639612081294
570,long,0.0,50,atr,3.3782735645893216,240.12047853496398,points,5.498670107169531,141.23548544611555,960,50.0,10.0,200all,75,state,off,behind,0.25,0.9045666575910474,1.4250270381935635,1.2622626793735794,22.068293154577795,790,127.95898004434589,5.055593676950453,True,-0.2439934688314449,-0.341662840551276,0.940326859367623,-1.9777420407549766,322,-0.35843127893540294
570,long,0.3,21,atr,5.787882767457617,284.42343131266233,none,6.921262266220294,199.48089770475235,960,50.0,10.0,200all,150,state,state,behind,0.5,0.8799051907420984,1.5488673456563549,1.3384353162513993,24.209500696035217,773,125.20543237250554,6.954806584702128,True,0.2343345886050749,0.3577600453974674,1.080548553851016,2.197050944597144,315,0.35796626608347704
570,long,0.0,30,points,4.5381735762069155,100.39354779799191,points,5.442385962687493,359.67761939546125,960,50.0,10.0,200any,300,state,cross,behind,0.5,0.6810171280718801,1.291762056621777,1.2061911702912154,19.886667691497646,899,145.61407982261642,2.8235012581694696,True,-0.28410607253609393,-0.5110439384940529,0.9263420646680357,-2.799920515131266,374,-0.3675181928131422
570,long,0.0,30,range,5.726804851085386,131.53801830055505,r,5.2209774066445505,349.9915679747608,960,150.0,10.0,200any,300,state,state,behind,0.5,0.15507751346846294,0.2818387793854979,1.048061798285381,3.699233105078944,768,124.39556541019955,0.5893784581758151,True,-0.1847850428761331,-0.3094357226356361,0.9498240145713785,-1.927428412760388,328,-0.29338186419050427
570,short,0.0,21,points,3.24505342217581,171.81420234707,r,5.938860418117152,348.1982311133847,960,50.0,5.0,200any,300,state,state,off,0.5,-0.7179149452834039,-1.233563430878606,0.7481243236069076,-21.377559631547,623,100.90942350332594,-0.8301941826184381,True,-0.7513782716229741,-1.1706925991153563,0.7553682803739222,-5.999701226571572,268,-0.7780173921235023
570,long,0.1,30,atr,4.909080493767013,207.97478905975902,points,4.175197026677344,196.74108645355682,960,50.0,10.0,200all,15,state,state,behind,0.5,1.0924203660818905,1.828113818020031,1.3831078282389095,27.10272220009388,792,128.2829268292683,7.352540804657779,True,-0.15529038951640467,-0.2163931601540741,0.9551844342601167,-1.3615885925341242,324,-0.20752017037128065
570,both,0.0,21,points,3.789068527114704,257.27944372712636,none,5.770030774154857,276.4207363814578,960,50.0,10.0,200all,30,state,state,behind,0.5,0.015629055916415124,0.02542192859774633,1.0040845235835938,0.6090868702801948,1325,214.61474501108648,0.04550886007399156,True,-0.5034802263822155,-0.7546443130528293,0.8821749420842342,-6.346210825403302,558,-0.6985606070463801
570,long,0.0,10,atr,3.81040076233502,234.36686337821143,none,7.061141312836794,253.83155826580364,960,50.0,10.0,cross,300,state,state,behind,0.5,-0.28001960774109314,-0.40901261293060637,0.872010749339543,-5.676569310613133,350,56.690687361419066,-0.4516066253762389,False,-0.07742814038135985,-0.11190464195550053,0.9659575017762319,-0.7857910894509226,184,-0.11029382632760894
570,long,0.2,21,range,0.6960195651316669,152.93924917882262,points,4.062028747930425,378.0177902324238,960,100.0,5.0,200all,75,state,state,behind,1.0,0.28483934104948516,0.5446681823847069,1.0944866025652877,6.897839277746354,737,119.37439024390244,1.0216529130342131,True,-0.08714627658789517,-0.14442476096813667,0.9738116374163822,-0.8303448262144033,310,-0.12818288614811446
570,long,0.0,14,points,5.777352333840256,156.6305722823851,r,6.57645193664789,378.9901053989956,960,0.0,10.0,200any,300,state,state,behind,1.0,0.7386560878927196,1.3440618747344464,1.2138957711768594,27.818729898874764,928,150.31130820399113,6.009122260047208,True,0.19522739969702482,0.3289809604803731,1.0457906397153613,2.5943242175983157,395,0.35262344966671566
570,short,0.0,30,points,5.0063682863014325,204.99299431583592,none,6.205245631898153,317.15757053981594,960,50.0,0.0,cross,30,state,state,behind,1.0,-0.265466089639221,-0.49333677556324496,0.820349467654853,-4.099129109578365,208,33.690465631929044,-0.45835912025558895,False,-0.8395946659699781,-1.220203097158863,0.6078100868665424,-4.561852899439382,95,-0.7942025347854575
570,long,0.0,21,atr,1.6037598648085596,231.09622042424942,none,6.166775671456859,228.70292504489538,960,50.0,10.0,200all,300,state,cross,behind,0.5,0.6705815544068635,1.495023503299376,1.2354685254989115,17.17821424884877,811,131.36042128603103,3.770754264795324,True,0.0009708700965938554,0.0019486294376224432,1.0002860942881477,0.008174852425726908,337,0.0016063039673828374
570,long,0.3,50,atr,3.8690361903568418,200.89376554681706,r,5.625082598313369,186.49440525663408,960,50.0,5.0,cross,30,state,state,behind,0.5,-0.08471503262733873,-0.12993488432993125,0.9387593515527562,-0.887780672424094,140,22.676274944567627,-0.18632801195696236,False,-0.09647561706859274,-0.12602051865631805,0.9275150172168916,-0.676020137742491,72,-0.1383581177039532
570,long,0.0,30,points,3.802310581040605,274.3955396924693,none,7.528552714874984,292.89957941100863,960,50.0,10.0,200all,15,state,off,behind,0.5,0.8349220689951602,1.3187168973133967,1.3031707355157953,29.753211879140558,808,130.87450110864745,4.26376695493872,True,-0.12634844837128628,-0.17668251578768965,0.9614914493217303,-1.4307071087011594,332,-0.20855908126494155
555,long,0.0,50,atr,4.277171874523388,261.3204374957454,points,7.202002386089712,257.15690264060356,960,50.0,10.0,off,75,state,state,behind,0.25,0.3854925764718726,1.0325616521046337,1.8952525610360988,1.572511848407119,30,4.85920177383592,1.7813567863200255,False,0.17483607240105056,0.27517359562570964,1.3293173753624976,0.3585890218764215,16,0.6402886483171649
570,long,0.0,10,atr,3.735169569572917,222.87553022607,none,6.930828780169415,256.11812741766244,960,50.0,25.0,200all,300,state,state,through,0.5,0.7498325654878442,1.2702231413828415,1.2594704795220013,20.3490599592754,830,134.4379157427938,4.214170981574395,True,-0.20867805877927714,-0.2986116360159058,0.9400989100784078,-1.945632241175098,339,-0.26099525448460525
555,long,0.0,21,points,4.736084968579668,298.9526652050066,none,4.912982600381563,398.7641307862192,960,50.0,10.0,200all,30,state,state,behind,0.25,0.8990312523433717,1.5799977903259188,1.3448142374527154,25.637587206842568,802,129.90266075388027,5.906052727610504,True,0.3333286457861329,0.5325683714450509,1.1107535758465836,3.4146772860443564,331,1.054211151031814
570,long,0.0,30,range,5.675236623728438,285.5674917582332,none,5.691216853506987,374.05340400134577,960,50.0,10.0,200all,30,state,state,behind,1.0,0.3239261590544571,0.6388212162230905,1.120509473087148,6.97909820951691,719,116.45886917960088,1.2724264916854249,True,-0.15496420305146083,-0.27004857072365795,0.9494728173583459,-1.2237443769294145,310,-0.1858670186922537
570,long,0.0,30,points,5.703984623023269,277.67988162958653,none,6.724955121707031,280.3060959275904,960,50.0,10.0,state,30,state,state,behind,0.25,0.7010672473678258,1.1620271890151308,1.2489751505270472,22.656097404295572,786,127.31108647450111,4.977076488179191,True,-0.25083126576777026,-0.38701501526549115,0.9244289670907151,-2.804867138975112,333,-0.3781712074568046
570,long,0.3,50,atr,5.0302236109754555,251.45616399235328,r,6.712756177219059,140.1934548288444,960,50.0,3.0,200all,30,state,state,behind,0.5,0.9067406431877584,1.6961895992168097,1.354903292322485,24.667744531664745,772,125.04345898004435,7.158016732870953,True,0.08330982937018232,0.1315405718500461,1.0275031948862952,0.8016369667410745,315,0.11523259039351509
570,long,0.0,21,points,3.452809277683993,192.62652591699955,points,4.0408795790632634,71.55811267412815,960,50.0,10.0,200all,150,cross,cross,behind,1.0,-0.060322432225872094,-0.07425673857252797,0.9650126011222937,-0.5740568900270038,143,23.162195121951218,-0.1111144604332193,False,0.20409080321298775,0.2452331834002823,1.1208751878256955,0.7106978192408153,64,0.5303547708944619
570,long,0.0,21,atr,5.756842406952704,258.03645855969285,none,5.004968683438553,187.25783938684225,960,50.0,3.0,200all,15,state,state,behind,0.5,0.8818477264471974,1.555225118161496,1.3415647747613835,25.755218624606577,811,131.36042128603103,7.2515458105054345,True,0.2439667988828896,0.38653007285871477,1.0807661098196129,2.483601442294014,337,0.5387879400421965
570,long,0.1,21,points,3.6997598284659268,275.2873185236168,none,4.285097022003918,385.4649108881898,960,50.0,25.0,200all,30,state,state,confluence,0.5,0.9676549256733414,1.6700952199068688,1.3486285238926405,26.84988205187144,849,137.51541019955653,5.401293008424484,True,0.20280148525705907,0.30261944947179337,1.0616817248676156,1.8990289613419922,351,0.3345242155601801
570,long,0.0,50,atr,3.752075422992686,220.16286979910222,none,3.1156345375846293,160.1512454360407,960,150.0,10.0,200all,300,state,state,behind,0.5,0.7879627350348465,1.4467495473700889,1.258162877847881,26.96736412313391,807,130.71252771618626,6.984463161347867,True,0.012429357738007851,0.01975786071802429,1.003262458199212,0.14690521105563814,332,0.019123786818645953
570,long,0.0,21,points,4.149862561602143,209.59975421458566,points,4.714998130748006,180.8289559747877,960,100.0,10.0,200all,150,cross,state,off,0.25,0.19988506025386688,0.31458617170892483,1.3712435811925694,0.9710724841053948,17,2.7535476718403546,1.290319387614139,False,-0.21653454202472835,-0.2820818894656399,0.7071316119972615,-0.34846648387585527,6,-0.46450574591310906
570,long,0.2,21,points,5.788179448158307,285.4701547657397,points,5.543953971858111,386.95495407021144,960,50.0,10.0,200any,30,state,state,behind,0.25,0.8750042017536992,1.5290515300858205,1.3159762985451462,24.640109863116578,852,138.00133037694013,8.946102613021926,True,-0.3073109404241119,-0.450001466932093,0.9100114388640099,-3.1174249009934316,350,-0.39934551511223015
570,long,0.0,21,points,2.7517043949179127,195.53196589161047,points,6.022806979350932,92.2425450769017,960,50.0,0.0,200all,150,state,state,behind,1.0,0.5204266964404195,0.7084655782008326,1.1411645360039135,11.111301779903762,849,137.51541019955653,2.047618993346971,True,-0.5239312982069844,-0.6492389914170634,0.8790986450355165,-4.0036472674918215,356,-0.6208716900704028
570,long,0.3,21,points,1.8284837382859354,182.2861159851303,points,1.8295752573551396,232.32549836129607,960,50.0,10.0,200all,150,state,state,behind,0.25,0.9104107710972232,1.5610291513906147,1.32490368479976,22.46306912614893,751,121.6420177383592,8.619075955175678,True,0.2484691213849731,0.38465006238417443,1.0786365489949399,2.1477754762732633,304,0.41944768633786056
570,long,0.2,30,points,4.67614914526154,109.04021803561527,r,5.5448787360635015,311.4731021648216,960,0.0,10.0,200any,300,state,state,confluence,0.5,0.5628372536236383,1.07949865912899,1.158004429588028,19.0927391507877,905,146.5859201773836,2.551783087673271,True,0.22590015477715117,0.4206020233062717,1.0551691421808376,2.661959352822076,374,0.3320941171272475
570,long,0.2,21,points,5.912165101745807,225.66227642182767,points,6.263547133797968,389.5510435092555,960,50.0,10.0,200any,30,state,state,behind,0.25,0.8248859929348596,1.4486164688925118,1.293251496980235,23.21108803048908,852,138.00133037694013,8.634191621196125,True,-0.4503098400504317,-0.6637185720318075,0.8730641655809842,-4.491585397768994,350,-0.5104117922571794
570,long,0.0,50,atr,4.486918705188263,281.7108649369315,points,5.221897629140953,231.69412794855577,960,50.0,10.0,200all,15,state,state,behind,0.25,1.0409017374349108,1.8033733950965065,1.369001877452595,26.65833294751466,790,127.95898004434589,8.512679269275777,True,0.03794269402024353,0.05760300777217378,1.0111755975812469,0.3430105325759356,322,0.07959413085206743
570,long,0.0,30,points,4.765880449041564,289.20111651267376,none,2.62541118967901,373.6642497294584,960,50.0,10.0,cross,30,state,state,off,1.0,0.22345461897246421,0.35358281401374897,1.2366676134671266,2.099063236932177,88,14.253658536585366,0.638999145028966,False,0.07774356603197462,0.11803793341979495,1.060926033843477,0.3617896992684846,52,0.17181524272905582
570,long,0.5,21,atr,5.449883401361259,233.9935254299912,none,4.478820336405261,132.91432698256858,960,100.0,10.0,200all,15,state,state,behind,1.0,0.1970538783940076,0.29217353222478953,1.0604775990189692,6.452989383843683,773,125.20543237250554,0.7851508440724941,True,0.02869359340487171,0.04224234734707029,1.0080747732416804,0.3312632972590135,324,0.04572516490566724
570,long,0.0,30,points,4.3749986011820905,221.03571131122797,none,5.0093616243830095,342.8279396969229,960,50.0,10.0,200all,30,state,off,off,0.25,0.7232086814567942,1.1607834122881882,1.2610761159652735,24.160570881764386,760,123.09977827050997,3.0416193470435124,True,-0.0729225807119914,-0.10602755620785195,0.9774955109238823,-0.7499918497309659,309,-0.1241481125414008
570,long,0.0,21,atr,5.144476271294562,198.52119768532071,none,5.302352423891077,182.88539245077908,960,50.0,10.0,200all,15,cross,state,behind,0.25,0.15577811960094343,0.27533702230831336,1.312892413311905,1.0942451670855653,36,5.831042128603104,0.7073188228747813,False,-0.17146348532453617,-0.2565426538361039,0.7555284331941158,-0.4056189393885757,17,-0.36157012585315573
570,long,0.3,50,atr,4.221994661150929,202.33712354478268,r,6.103988490746207,215.5023697963572,960,75.0,10.0,200all,30,state,state,behind,0.5,0.469792732107128,0.7726391782427825,1.154779417658847,13.969947265158494,772,125.04345898004435,3.253173088048127,True,-0.07398461617060703,-0.1171916255708097,0.9784207780701976,-0.7463032238511229,315,-0.11770571522227319
570,both,0.0,21,atr,5.351581142335497,268.0722890775392,none,6.877565347564197,225.95668659514217,960,50.0,10.0,200all,15,state,state,behind,1.0,0.005179448858076296,0.008306425465108505,1.00134363140329,0.20535596395791123,1357,219.79789356984477,0.017817695717235654,True,-0.765745711136813,-1.0749009811485137,0.8255379135092026,-10.419964295037751,576,-0.838843641108721
570,long,0.0,10,points,4.450758326137768,285.890193574772,none,6.633877695082275,224.44066439071906,960,50.0,10.0,200all,15,state,state,behind,0.5,1.0722421674898055,1.942568179210424,1.4171863365371296,30.77359734651746,820,132.8181818181818,9.231120863065831,True,0.24201264630721722,0.3798593714845971,1.0781021042314947,2.3402714498309543,341,0.5404727134561436
570,long,0.2,30,points,5.17884201102928,287.3942921572495,none,5.071633633338085,311.6753828747981,960,150.0,10.0,200any,30,state,state,behind,1.0,0.7597590702909425,1.2954153026665092,1.235930417958959,27.792347823709854,890,144.15631929046563,5.54170843625308,True,0.2552046112065812,0.3903012087484503,1.0673125385588922,3.3843933776235895,375,0.4763554677329119
570,long,0.0,30,points,4.481309854381439,145.55131368594007,r,5.720706479925359,261.1200750171533,960,0.0,10.0,state,300,state,state,behind,0.5,0.5486562458954982,1.0133996091231268,1.1580834022619935,22.323009482819472,803,130.06463414634146,1.895783817100892,True,-0.3171161587260262,-0.526506703341596,0.929081270984579,-4.241765583744922,337,-0.3949664729067917
570,long,0.5,14,points,5.981033588774485,148.6871026950574,points,4.1398825179796725,301.1433840775956,960,0.0,10.0,200any,300,state,state,behind,0.5,0.7877724906944544,1.3872302286960752,1.2297333520227531,26.018705073147817,820,132.8181818181818,4.967964357864524,True,0.24745130411425786,0.4100019237820119,1.06074522235617,2.9649777221395004,335,0.3611514382015158
570,long,0.0,10,points,4.684190907465707,279.112568326078,none,6.228379269756966,291.67420849946825,960,50.0,10.0,state,150,state,state,behind,0.5,0.6810995044717167,1.1264561330706415,1.2379468047465332,22.074572797617087,810,131.19844789356983,4.594313305755605,True,-0.2026869685669936,-0.31276786690773095,0.9393430159887319,-2.2747609897800443,346,-0.32657469442024517
570,long,0.0,21,points,0.624898443633696,95.39718306237272,r,2.6330774660217013,381.36249475798815,960,50.0,3.0,200all,75,state,state,behind,1.0,0.7110588930692482,1.3446001967976144,1.2285619818776272,18.30475179188678,849,137.51541019955653,2.539634433571635,True,-0.010600583423111785,-0.019308907161094548,0.9970607608314288,-0.0909605154036972,356,-0.017387255263372644
570,long,0.0,50,atr,2.8515941525376522,211.03939069970426,none,7.4756404442118525,341.05861183443307,960,50.0,10.0,200all,15,state,state,behind,0.5,0.9487161768718039,1.9958347154039524,1.3566621228171947,24.655886940855897,807,130.71252771618626,9.3317199766222,True,-0.18650261590729486,-0.3263644808856654,0.9460565980545839,-1.5968778007966422,332,-0.2570689812296345
570,both,0.0,14,atr,4.005924126757012,211.8350493008574,points,6.776726417655677,107.49385582617161,960,50.0,10.0,state,75,state,state,behind,0.25,-0.43188225165760613,-0.5431389380743245,0.9168252078874641,-14.958517196677956,1395,225.95288248337027,-0.7185307828260632,True,-1.3131157723105715,-1.5512213732156008,0.7681383414264182,-15.835027504869466,579,-0.9101945688464874
570,long,0.0,10,points,5.051093731543713,277.86656821880973,points,5.613983704991396,256.9418318477097,960,50.0,10.0,200all,15,state,state,through,0.5,0.9232405900915024,1.5305084049979492,1.3238611796831918,25.60548764824374,830,134.4379157427938,6.6557052836519395,True,0.3495371677894977,0.5430445602137994,1.1101887789229905,3.367280643155445,339,0.8073539056655953
570,long,0.0,50,atr,2.7201581852333496,208.81128436548124,none,6.559614905996279,355.5199509577611,960,50.0,10.0,200all,15,state,state,behind,0.5,0.9754790027691927,2.092857549612746,1.3697044438868649,25.18877049802571,807,130.71252771618626,10.149142232559672,True,-0.10584800646686006,-0.1894756847619422,0.9689546887548623,-0.8967377063583144,332,-0.14781526122598623
570,long,0.0,10,points,5.731326180589491,290.6163866466458,none,6.92136714493678,218.41767877333484,960,50.0,10.0,200all,15,state,cross,behind,0.5,0.867648243472905,1.4686102907761072,1.3127374257775635,29.057490385877145,820,132.8181818181818,7.473469414460133,True,0.2241309128795302,0.3353319490698523,1.0714593276537066,2.3984710212549762,341,0.44575031547707494
570,long,0.0,30,points,4.920646093003266,152.20382201307692,r,6.4816483929139785,377.4669201535622,960,100.0,25.0,200any,300,state,state,behind,0.5,0.834475319151626,1.5996899027693396,1.2690084379595912,28.496944132691432,899,145.61407982261642,7.2686649510848405,True,-0.4570123028693272,-0.7343359272717804,0.889939802547721,-5.232828963732665,374,-0.6426792018356046
570,long,0.0,50,atr,3.318032828437582,206.19822002999842,none,5.637131106768686,381.7076538215052,960,50.0,10.0,200all,15,state,state,behind,0.5,1.0294986590942585,2.104199537432606,1.3918735054859066,27.464579575903585,807,130.71252771618626,10.759518261822443,True,-0.12246695416809163,-0.20644711780319228,0.9640139001299961,-1.0813949545908643,332,-0.18897908177948758
570,long,0.0,50,atr,2.910125151151739,232.52744834370284,none,5.780904356159991,339.30490062334496,960,50.0,10.0,200all,15,state,state,off,0.5,0.8840312527963118,1.8344232442819903,1.338260006001225,22.40751879600397,760,123.09977827050997,8.220535240108275,True,-0.2617203150289968,-0.4497364714985427,0.9233682931575253,-2.1507359551367924,309,-0.32934997271027816
570,long,0.0,21,atr,4.636925050775476,132.20068589751185,none,6.203023643665281,237.32785640345827,960,50.0,10.0,200all,15,state,cross,behind,1.0,0.9316876961520177,1.6380419193633686,1.3280593877376141,30.782942933056738,849,137.51541019955653,8.228152019195823,True,-0.1365965720310059,-0.20158910578294623,0.9604590407644301,-1.464742499014698,356,-0.19971317830949736
570,long,0.0,50,atr,3.644852163339719,176.04625759404877,none,7.9096211912473136,368.4417559310918,960,50.0,10.0,200all,30,state,state,behind,0.5,0.941440424857304,1.8417840467353652,1.3513609908034583,25.55725950264632,807,130.71252771618626,8.254415755729195,True,-0.18014357083854274,-0.2943543001616793,0.9471654356068697,-1.6192401762103776,332,-0.29276947797562514
570,long,0.1,10,points,3.614001850008674,288.2847104215824,none,6.070270958315945,267.92884815431376,960,50.0,10.0,200all,15,state,state,behind,0.5,0.960720289927613,1.6988945939466307,1.3702805986206157,26.505173387106662,804,130.22660753880265,7.738128051066953,True,0.23929835801960425,0.3703091795588473,1.0793773250024927,2.27160749568741,329,0.3991721877690092
570,long,0.0,50,atr,2.5689364126779437,240.81733266491352,none,6.225800711497117,209.84560546207035,960,50.0,3.0,200any,15,state,state,behind,0.5,0.7950194067980944,1.6921602258948052,1.2826030050831234,21.497467214305637,897,145.290133037694,6.510354824345959,True,-0.08782087582142366,-0.1687540381610098,0.9744180732500521,-0.8542255769052511,374,-0.13834666491994693
570,short,0.0,50,atr,2.65931964095992,200.59995004636468,points,7.406553519753459,258.54059106225907,960,50.0,10.0,200all,15,state,off,behind,0.5,-0.2430812325588029,-0.3978452576914435,0.9171499579043914,-6.316479874654247,565,91.5149667405765,-0.4864626318583744,False,-1.6579097609412004,-2.231664615853826,0.553729113529293,-12.810063335772256,243,-0.9121497234730858
570,long,0.1,50,range,2.7834759992033415,213.27186128809987,none,5.747423888827959,368.35515498939986,960,50.0,10.0,200all,15,state,state,behind,0.5,0.15604794912956965,0.29770831943531917,1.0568085646919108,3.20157149284848,697,112.89545454545454,0.7662382038827487,True,-0.08697118777845478,-0.15156447016159633,0.9705668534223083,-0.6826677872551365,292,-0.11353851343167852
570,long,0.0,14,atr,1.8518904474525038,149.50468571038374,none,5.925451331564867,349.1548196584333,960,50.0,10.0,200all,15,state,state,behind,0.5,0.6666176522917093,1.4135462760019977,1.2364550717829572,16.343293428874546,813,131.68436807095344,3.745694144612584,True,-0.15147323107042063,-0.2707968795445394,0.9563781058058551,-1.2865075375248542,339,-0.21745115983161786
570,long,0.0,21,atr,4.452127552128224,240.9722581858479,points,5.832000710693841,245.21032729235162,960,50.0,10.0,200all,15,state,state,confluence,0.5,1.1532298122964557,2.012094843697716,1.4014322832062007,31.54366281547707,867,140.4309312638581,11.08686799676386,True,0.05337180681369721,0.07969834778025199,1.015397515872815,0.5353970202061662,362,0.07220562099573818
570,long,0.0,21,atr,4.891620893941187,193.12042006416425,points,4.881372746086931,275.08033286004905,960,50.0,10.0,200all,15,state,state,confluence,0.5,1.0297679991546906,1.7610179864496187,1.3596998972903076,28.986904436572367,867,140.4309312638581,9.11793052489794,True,0.10611988652483412,0.1603365479968417,1.0316794166742205,1.0844156374933362,362,0.15411207855945283
570,long,0.0,21,atr,4.501923775292844,284.0434294773061,points,3.824562085881781,288.87917492943313,960,50.0,10.0,200all,15,state,state,confluence,0.5,1.1469393359108588,2.049400651761391,1.409811132714671,32.30112071624097,867,140.4309312638581,9.775955220126567,True,0.07928068067501545,0.12135724909646797,1.0234746076839392,0.8202238511647582,362,0.10498400116918713
570,long,0.0,21,atr,3.8790401415513323,229.53035915807,points,3.027186741257749,331.708645980914,960,50.0,10.0,200all,15,state,state,confluence,0.5,1.1160759699475746,2.0761581151065065,1.400516202590131,31.103063559173393,867,140.4309312638581,7.685713453567906,True,0.1026020792938476,0.16182844201125823,1.0305714829575352,1.0367674625850283,362,0.14263630212284262
570,long,0.0,21,atr,4.37406078520321,216.84209301207807,points,7.3697585910040315,227.33909697892082,960,50.0,5.0,200all,75,state,state,confluence,0.5,1.0838328736629557,1.876162555286357,1.3724638736765127,29.19980456569946,867,140.4309312638581,9.658522131726349,True,0.06621372142401566,0.09845547710597255,1.0189946884167216,0.6557281613028287,362,0.09664455784487842
570,long,0.0,21,atr,4.486293899343722,277.4157052106918,points,5.551516532814286,282.6613016032414,960,50.0,5.0,200all,75,state,state,confluence,0.5,1.0746046227316908,1.923737785208027,1.3843488389774214,30.27838546203361,867,140.4309312638581,8.703698683610938,True,0.12102986551925725,0.18729176317517754,1.0362146065484885,1.2634470125627302,362,0.1775811579328895
570,both,0.0,21,atr,4.622331421572853,162.36408734038108,points,7.7103941795190885,191.09857960874731,960,50.0,5.0,200all,75,cross,state,confluence,0.5,-0.04689873945065094,-0.07012023184723408,0.9772281533130228,-0.5907699121314947,283,45.838470066518845,-0.12573743835142534,False,-0.240519543019882,-0.3427317800429115,0.8823855422859935,-1.1572254050836812,118,-0.2246300288191096
570,long,0.2,50,atr,3.8549509087893856,240.16852438430598,none,7.4196010268344645,343.7033877882164,960,50.0,10.0,200all,15,state,off,behind,0.5,0.9665135643188942,1.820235639957545,1.3536268807346314,29.48837644703346,780,126.33924611973393,4.241057215361338,True,-0.04045923674240838,-0.06395988807097334,0.9879419690279514,-0.39149103273799923,320,-0.051647316572322424
570,long,0.0,21,points,4.7229641562817655,139.55912828676185,r,5.614442303693423,289.2334441240891,960,0.0,10.0,200any,300,state,state,off,0.5,0.6161869819814422,1.138167327774336,1.1833273043830463,21.702974601919525,860,139.2971175166297,4.341196063980255,True,-0.03469550160149068,-0.059467554720106224,0.9916337468832486,-0.42620543834577473,355,-0.05347677322703329
570,long,0.0,21,range,3.713201263795172,274.7304997472791,points,7.855994867581683,320.7016198131802,960,0.0,10.0,200all,15,state,state,confluence,0.5,0.3229961219788141,0.5476017095781596,1.1067205271651812,8.728742224648256,735,119.05044345898004,0.9725048951361064,True,0.47978388897109064,0.8369809928959118,1.139234485308385,5.229164150495148,319,0.6578814137290259
570,long,0.0,10,points,4.418554201219903,287.4730652278019,none,7.157739409678233,138.192084583132,960,50.0,10.0,cross,15,state,state,behind,0.5,0.5863087618012209,1.3179076957334321,1.6054859370842924,6.241261624836085,141,22.838248337028823,1.841355359669867,False,0.5781170435028173,0.9809956951432891,1.4758011206571748,3.0546896940593378,77,2.2267046961794628
570,long,0.0,14,points,5.7426676988888685,133.55646679412337,r,5.584132613902418,356.31641451942795,960,0.0,10.0,off,15,state,state,behind,0.5,0.5507390713901824,1.211659717141393,1.7122837229106822,5.186836886118939,70,11.338137472283814,1.9327294056322064,False,0.6895673889199738,1.4941410193701126,1.9016120789101314,2.282796413058902,33,4.3323324627121504
570,long,0.0,30,points,5.213185856001763,120.792076196991,r,7.80210777929859,397.79048178619115,960,25.0,10.0,200any,300,state,state,confluence,0.25,0.30825832808593034,0.5767694039585317,1.1066391682112289,7.42180076039979,903,146.2619733924612,0.8673730733298097,True,-0.618045857718168,-1.0663469090174558,0.822765609032622,-5.260281387858479,380,-0.6012091830684416
570,long,0.0,21,atr,4.069654253249395,207.30682984255338,points,3.7981765640591125,219.82170203989048,960,150.0,10.0,200all,300,state,state,confluence,0.25,0.8190080330427131,1.284856895693844,1.2428917539338467,26.028013414216154,819,132.65620842572062,4.627852695396621,True,0.03360936750442036,0.047370277023520806,1.0084256541316745,0.40157947577616415,341,0.040958793926064475
570,long,0.0,50,atr,3.461528820580756,263.3801158516763,none,3.583419783457292,390.29059389371844,960,50.0,5.0,200all,15,state,state,behind,0.5,0.9272442794033763,1.8663324957973373,1.3508711219645968,25.074107904951386,807,130.71252771618626,8.420795037765995,True,-0.03003853847764378,-0.05171861905910477,0.9908540388052427,-0.27675275464587323,332,-0.05498828187407788
570,long,0.0,50,atr,5.211990423661554,254.40271658502107,points,4.964117164922715,313.5269424790952,960,50.0,10.0,200all,15,cross,state,confluence,0.5,0.06789245259484866,0.10317688516892648,1.0568272740725146,0.5932306699512663,117,18.950886917960087,0.16335015753226753,False,0.16396211523708482,0.27264591443760117,1.1570281316699624,0.6420490471677472,47,0.3489021084703094
570,long,0.0,21,atr,4.2172955270390755,151.0729040598142,r,6.7012112840269955,279.05666549132087,960,50.0,5.0,200all,75,state,cross,confluence,0.5,0.8621896749285282,1.5475884291343476,1.299315831624681,28.55460156740028,867,140.4309312638581,6.171689463027809,True,0.04266145132861358,0.06631879584451887,1.0126722370232677,0.46871321924154996,362,0.07056086544435987
570,long,0.0,50,range,0.8778885714381782,196.3079112795043,points,4.731036311161598,355.232522875176,960,50.0,5.0,200all,75,state,state,behind,1.0,0.4033598664311121,0.806501197611091,1.1521318592480883,8.810999418957488,718,116.29689578713969,1.8541024105217196,True,0.018936567976797783,0.034093320356935124,1.0064357374600656,0.1539915035732875,303,0.026504763327295195
570,long,0.0,10,points,4.51881887131072,292.7816443894955,none,5.740606874935955,208.64335705140925,960,50.0,10.0,200all,15,state,state,off,1.0,0.9278509114057727,1.6349937952870193,1.3665858499869976,25.649513436613965,760,123.09977827050997,6.2662995162129596,True,0.12848907982383,0.19859159438901924,1.0425119612966973,1.1867821676037316,309,0.2234668710176774
570,long,0.3,21,points,4.138018363816895,227.10855148144054,r,5.4184861659796155,270.2642039287437,960,50.0,10.0,200all,15,state,state,confluence,0.5,0.8183923752234037,1.4441155983960567,1.2968915079634789,22.805460907030053,825,133.6280487804878,6.871795511842425,True,0.059672129851288766,0.09165160989168844,1.018594880526412,0.565838697037278,339,0.07370280982890959
570,short,0.0,21,atr,5.122011303669646,190.82657550516902,none,7.7279707128805475,245.2917846735579,960,50.0,5.0,200all,75,state,state,confluence,1.0,-0.6678807891715414,-1.0860084928076412,0.7735568959014968,-20.60881299602303,715,115.8109756097561,-0.8072501009986295,True,-1.1376283617066327,-1.5489129654697884,0.6664883785158702,-11.160323025909818,331,-0.928978551014377
570,both,0.2,21,atr,4.852688010408483,237.34255614184124,points,2.6080303541069787,260.2867599988809,960,50.0,10.0,200all,15,state,state,confluence,0.25,0.553284124928519,0.8744607039655907,1.1447163635894946,19.82134014543074,1286,208.29778270509976,2.09564906089985,True,-0.7396810060651602,-0.9895928340541805,0.8305759936199264,-9.247229885177754,535,-0.7970801395213797
570,long,0.0,10,atr,4.479757758143916,140.00249096928977,points,5.723656829136746,227.6289263156803,960,50.0,10.0,200all,15,state,off,confluence,0.5,0.6635302185374826,0.964405763883656,1.2023030602118236,22.634141312872657,890,144.15631929046563,3.893118006227538,True,0.33471464464499623,0.47356018501247343,1.0989689017297866,3.8102951129195337,371,0.7214563991423374
555,long,0.1,50,atr,3.2948386287388476,184.32368435453878,none,6.648286663929066,338.0633132017497,960,50.0,3.0,200all,15,state,state,behind,0.5,0.811320973447738,1.6498459543720678,1.3001427873762288,21.692792831052586,814,131.84634146341463,7.84072580669558,True,0.32291709581031597,0.5911368530604,1.1036917107346627,3.0099436141297122,331,1.1211400181678512
570,long,0.0,50,atr,2.0876537135879873,264.53044430601415,none,6.892806416494266,315.6627236899277,960,50.0,10.0,state,15,state,state,behind,0.5,0.33568724034285385,0.6301029190859788,1.112250682373021,9.349371743793608,800,129.57871396895786,1.1359269408744141,True,-0.9421946138189198,-1.5471756292325503,0.7420997798884446,-8.748313296846113,337,-0.7512374678750038
570,short,0.0,21,range,4.695352097255168,233.38071886784633,none,7.34172339767429,243.67046982250517,960,50.0,5.0,200all,15,state,state,behind,0.5,-0.7421469955210733,-1.3114559043674163,0.6902093303438128,-16.520316141007875,475,76.93736141906874,-0.9391212605538979,False,-1.027601862355641,-1.530031999392218,0.6185595319841326,-7.0051006350005895,225,-0.9483832420941296
570,long,0.0,14,points,0.5866390643991304,284.44768417462916,points,7.87116400947968,389.77338934006326,960,0.0,10.0,off,15,state,state,behind,0.5,0.6373273058720953,1.21738471779915,1.8880165167373106,6.2442020542538215,70,11.338137472283814,2.6675576929552096,False,0.5890671338268966,1.0527109152073961,1.7277894662573985,2.1026332891686543,33,2.785417354528465
570,long,0.0,21,atr,3.7486761990737953,267.2220528263996,points,6.2167960653574195,193.0073841272935,960,50.0,25.0,200all,15,state,state,confluence,0.5,0.9740535436632323,1.5773754005219927,1.3012257657363366,23.450017670410276,867,140.4309312638581,4.529355640431045,True,-0.014059872556968929,-0.019709810262620964,0.9962941001277639,-0.1235226767729749,362,-0.02057148856548531
570,long,0.0,10,atr,5.913750004893556,127.22304446622908,r,5.489687624590493,256.6948359171,960,0.0,10.0,200any,300,state,state,behind,0.5,0.7498954869613131,1.225047417548866,1.2371491875268201,32.398222228100906,907,146.90986696230598,6.483618842272272,True,0.07003264642205655,0.09786118924661892,1.0183127728118873,1.0685267436332677,379,0.11252651540603692
570,long,0.0,21,atr,5.426718986602504,220.28561010262777,points,6.269769568531971,143.5384489378303,960,75.0,10.0,200all,15,state,state,confluence,0.5,0.5309069904022737,0.731831620051821,1.1513740103978154,15.384980785616394,867,140.4309312638581,2.3416043962735404,True,-0.4920984640280096,-0.6035593030467317,0.8760021048946433,-5.268120744414843,362,-0.5033343252670031
570,long,0.0,21,points,5.8001296905678466,234.84933794911376,points,5.477997358320548,243.20724272514482,960,50.0,10.0,200all,15,state,state,confluence,0.25,0.9671723704712639,1.6065061976701402,1.3399197188533363,26.140185321587097,819,132.65620842572062,8.324959792204254,True,0.11011043669032579,0.1663802305230285,1.032829692377111,1.0443701139638963,341,0.19329830254133584
555,long,0.0,14,atr,3.3488716118542428,148.23149852207354,points,6.541983478766286,179.23227353372363,960,50.0,5.0,200all,75,state,off,confluence,0.5,0.9417319513187692,1.487234949377903,1.2754530691090329,28.100832836473195,896,145.1281596452328,6.019827436844679,True,-0.14266149176131232,-0.19761277808726596,0.9638319248041227,-1.5060234476663918,374,-0.2817828758793111
570,long,0.2,21,points,0.5101255588310822,148.8411855060207,points,2.513123224023345,325.122370634284,960,50.0,5.0,200all,75,state,state,confluence,1.0,0.8359939705555073,1.5308136353219204,1.2759637502212466,23.714246053619025,930,150.63525498891352,7.711561048470688,True,0.14149613417942472,0.23947380417591968,1.0408299577130864,1.4073189569016096,385,0.19741316673426804
570,long,0.0,50,atr,0.9502556825591701,224.939300459372,none,7.5104540919221146,316.4580544124545,960,50.0,10.0,200all,150,state,off,confluence,0.5,0.2411701738023246,0.6746938927833878,1.0882762194422964,5.277806485032313,855,138.48725055432374,0.8007112529526629,True,0.14538392353581647,0.39782352745247473,1.04884393401087,1.0198239123771127,354,0.18836261496125964
570,long,0.0,21,points,4.446045490167778,157.9674828750573,points,2.0488151887067922,365.8475177662117,960,50.0,10.0,cross,150,state,state,behind,0.25,-0.5656050442475955,-0.8190080913563823,0.7231153176753783,-8.335683216288633,226,36.605986696230595,-0.6847836982700319,False,-0.20755076291142996,-0.33343409003601293,0.908872027672872,-1.4121569474747218,122,-0.2896438756032687
570,long,0.1,21,points,5.458957273968688,176.56107211622262,r,7.933024666768532,238.23026929335447,960,50.0,5.0,200any,300,state,state,behind,0.5,0.6804284010758788,1.2325223874757818,1.2359376207097101,19.31162460323068,881,142.69855875831485,6.7891012493771115,True,-0.14520055688796696,-0.24242212793660722,0.9572957981916226,-1.5152795692201892,366,-0.20591786338785054
570,long,0.0,50,atr,1.758151993427635,215.68579219533234,none,6.970715635216466,325.5366125180852,960,50.0,25.0,200all,15,cross,state,behind,0.5,-0.05076444479941353,-0.10416879779263803,0.9418979748199041,-0.3284809514169553,59,9.556430155210643,-0.12282008789613243,False,0.21964532537296477,0.5276633530006793,1.3121204572583247,0.525461264974718,24,0.6048361065128266
570,long,0.1,21,atr,4.713037179792325,257.6059944580899,points,6.070659746026074,235.29159124824727,960,50.0,10.0,200all,300,state,state,confluence,0.5,0.9523025641556592,1.6099048873144661,1.3232481951152066,25.225051228970344,849,137.51541019955653,6.117166129377592,True,0.11732928115603936,0.17289756643147938,1.0348970823700352,1.1443222367903076,351,0.15624369506870758
570,long,0.0,50,atr,3.2734564748206507,158.1932018021387,none,6.738007072338758,263.65670108399354,960,150.0,10.0,cross,150,state,state,behind,0.5,-0.11635881516383544,-0.1984038719715658,0.9409790456119992,-2.631181359220852,245,39.683481152993345,-0.22134663999596643,False,-0.08314164368493622,-0.12483500873114457,0.9648463585064959,-0.840555647934168,129,-0.12384773680050015
570,long,0.5,50,points,3.234213657970156,165.26530787345206,none,6.9917114452403855,331.71267710696657,960,50.0,10.0,off,15,state,state,behind,0.5,-0.1263493648144288,-0.19039658916622534,0.8741774985351399,-0.8173152177980756,59,9.556430155210643,-0.2029968054275378,False,0.18148578143900984,0.33351375115327836,1.2781672298344633,0.471730196964455,23,0.4668870842752331
570,long,0.2,21,points,5.527426264732429,261.80891412401945,points,5.9821944002650165,374.5500736845721,960,25.0,25.0,200any,30,cross,off,behind,0.25,-0.0752115730106898,-0.09959723909083668,0.9247198112962522,-0.5631720385335697,78,12.633924611973391,-0.2193919087663335,False,-0.3630236289782312,-0.493668997276658,0.6739633158337153,-1.412508911550363,36,-0.5564892716580242
570,long,0.0,50,atr,2.811019103010877,198.65635062767717,points,6.4676921010397335,163.0332910479413,960,25.0,0.0,200all,75,state,state,behind,0.25,0.5285710556274889,0.9433086225367052,1.1779500127598685,10.248051003168726,790,127.95898004434589,2.004026888076025,True,-0.39466659620926037,-0.6112802572872821,0.8920903564212862,-2.5147228351788704,322,-0.5604039290208777
570,long,0.0,10,points,2.7907996297230353,227.48819882192188,points,7.7351172162400275,146.38747726096528,960,25.0,10.0,200all,15,state,state,behind,0.5,0.7891588073604896,1.206776556750342,1.275901647779826,16.491184679748503,820,132.8181818181818,3.8946712742826244,True,-0.20677060644968043,-0.27774773425141713,0.940033811173367,-1.3821208722255771,341,-0.3995574083157024
570,long,0.0,50,atr,3.9059531806931256,262.121576272074,points,6.452862586092237,266.0386865660814,960,50.0,10.0,200all,75,cross,state,behind,0.25,0.017176733607246825,0.025227770837156358,1.0228262541105553,0.08701334688439066,38,6.154988913525499,0.04237699099459251,False,-0.38614959821646616,-0.4911482067389397,0.5430808262474639,-0.7556532026961571,15,-0.6647547967444695
570,both,0.3,21,atr,5.090355842333917,188.52320406218857,points,6.1954698354398055,162.26337211214417,960,50.0,5.0,200all,75,state,off,confluence,0.5,0.5628160177310001,0.7810672810449862,1.1340624070737069,22.195116157487945,1325,214.61474501108648,2.537614574850073,True,-0.9578867743218082,-1.1778585987216192,0.7994206450364824,-13.243756264528457,548,-0.878750667037918
570,long,0.0,21,atr,5.943813717501402,207.121238867102,points,5.593298512945243,359.8149284091992,960,50.0,10.0,state,30,state,state,confluence,0.5,0.668705143421805,1.0498824792612667,1.2272483251521098,22.841483873772617,851,137.83935698447894,3.7428750614820974,True,-0.07610032936438689,-0.11526940897999065,0.9773628351801523,-0.8596829895707883,352,-0.139266556512128
570,long,0.0,21,points,3.822156313043756,233.29185806946413,points,4.939115881096088,168.82454970393303,960,50.0,0.0,off,150,state,state,through,0.25,-0.07247832008336569,-0.10112069666779354,0.9040834815457481,-0.26828095881227465,33,5.345121951219512,-0.19422758494736458,False,-0.18649481489203068,-0.24416277012950938,0.774374344025443,-0.3101488662611404,17,-0.38738332853660606
570,long,0.2,10,atr,5.287922861239686,195.0099912253026,none,5.470285700148907,321.92721192974966,960,50.0,10.0,200all,300,state,state,behind,0.25,0.9414738773121082,1.660082553693035,1.3719695905701004,25.79293228929204,759,122.93780487804878,6.7886426030270695,True,0.1553010497729646,0.23361632591002404,1.0529451336581126,1.4652258653918078,311,0.2395676094209626
570,long,0.3,21,atr,5.223703353661417,264.67138644771615,points,7.859277743274543,236.8466895055163,960,0.0,5.0,200all,75,state,state,confluence,0.25,0.4884636134979297,0.7100267052571163,1.144193509160832,16.718223308199544,775,125.52937915742794,3.5373683497466364,True,0.22590959713371733,0.3225888709453383,1.0589032812121626,2.776343011328322,318,0.28287651200290365
570,long,0.0,14,points,3.4677357432123337,292.9885050493013,points,6.95990182058855,355.1535893650671,960,75.0,3.0,off,75,state,state,behind,0.5,0.43291738826714476,0.9818527436540302,1.5730659697204141,3.2624193745552024,70,11.338137472283814,1.8882205952159559,False,0.16822201655554467,0.2659664422042195,1.1843084857528288,0.5312186141686397,33,0.7037202133991347
570,long,0.0,21,atr,4.56191462768055,161.4046049069118,points,6.445655640980132,176.91499644946344,960,0.0,5.0,200all,75,state,state,behind,0.5,0.7559219563578529,1.1071628188590563,1.216662266973909,24.025503404825606,811,131.36042128603103,5.288896205304681,True,0.042357564849169506,0.056752635292963025,1.0104219817962716,0.49860445619856275,337,0.049024514382180334
570,long,0.0,50,atr,2.7599450410530983,229.33829852037852,none,7.776296321165926,206.01417048053247,960,75.0,10.0,200all,15,state,state,behind,0.5,0.7495884447590777,1.4909206037261908,1.2566266044563243,21.197478190353678,807,130.71252771618626,5.011849678850189,True,-0.11349492248944484,-0.19750396457686856,0.9680112162346639,-1.1230951872446187,332,-0.14467315208757645
570,long,0.0,21,range,4.339833302738395,290.48150298408814,none,7.452573585944287,195.1619712922596,960,50.0,10.0,off,15,state,state,behind,0.5,-0.2600963328999947,-0.40898506808641716,0.7432655817899768,-1.3510071630464888,56,9.07050997782705,-0.6308845121971571,False,0.04812940770978659,0.09795169975323352,1.067298937786759,0.11059347322260771,24,0.16008149856223894
570,long,0.0,21,atr,5.654591212335653,276.50301485257324,points,5.995013245882974,345.9177656147202,960,75.0,0.0,200all,15,cross,state,confluence,0.5,0.042426620556466024,0.06918835175179264,1.0327422405390683,0.45728873491415545,136,22.028381374722837,0.1162322249211558,False,-0.012377751305876317,-0.01848599693089307,0.9906923706361258,-0.05008874098214475,55,-0.026691823598428133
570,long,0.0,21,atr,5.861680470187919,203.00863362517885,points,6.411635436361981,135.89239684102012,960,100.0,5.0,200any,75,state,state,confluence,0.5,0.2096159066559051,0.27837890890365824,1.0531265589824923,6.562440087178589,943,152.7409090909091,0.761450370607661,True,-0.6957658070853786,-0.8397541556181944,0.8418087189240437,-8.215693720482996,397,-0.7138200189076815
570,long,0.1,50,atr,4.075968039521801,192.62581551084003,none,7.690393099680807,265.6758514276665,960,50.0,10.0,off,75,state,state,behind,0.5,0.22971939784290693,0.4977467038389038,1.3324367016172356,1.5878053154182257,58,9.394456762749446,0.8489675015496724,False,0.17448321330031788,0.3124748234045044,1.2641418772806323,0.46015581846750614,23,0.4158781491504078
570,long,0.0,21,points,2.3353907685366737,283.73158817702966,points,7.1758588199222615,234.49278907084138,960,50.0,25.0,200all,300,state,off,behind,0.5,0.7660638998944156,1.0715683097787925,1.2492711128440082,24.69117130346376,811,131.36042128603103,3.025511814500944,True,0.2442000382751677,0.3287342132149616,1.0724567818018387,2.701075270289486,337,0.516648761994313
570,both,0.0,50,atr,2.1846756460878325,256.1094167917056,none,6.184713000404908,337.14143229781746,960,0.0,10.0,200all,15,state,state,behind,0.5,-0.24688157196150531,-0.4559792426622843,0.9437873403005396,-11.779819610943807,1323,214.29079822616407,-0.5685914073951522,True,-0.33382951078893575,-0.6211792411772289,0.9312777431716923,-4.979746039007053,553,-0.5998107766349972
570,long,0.3,21,atr,4.011765364755865,177.39860801753784,points,7.742164537794586,309.62898555265053,960,50.0,5.0,cross,15,state,state,confluence,0.5,0.18844965497762983,0.3492599009136875,1.1305476769141902,2.1513266969016893,191,30.936917960088692,0.6162066057074493,False,0.3471707489660931,0.5807200539902236,1.228311321741228,2.0938622357260863,91,0.5407699864085271
570,long,0.0,30,atr,4.258846458802241,170.68062422002498,points,7.419356274420302,280.1304142138131,960,50.0,10.0,200all,150,state,state,confluence,0.5,1.1352170696491728,2.043569594934755,1.4026925948729478,30.93451532121214,857,138.81119733924612,9.078016110432825,True,0.2101695533749844,0.3335768690094299,1.0636294961883215,2.0880081225214866,354,0.3341185552992315
570,long,0.0,30,atr,4.686279317271924,130.71987951363002,points,7.400835887732152,291.0668139182171,960,50.0,10.0,200all,150,state,state,confluence,0.5,1.1000780277605642,1.9524657314858085,1.3912629489760753,30.581167394282154,857,138.81119733924612,8.5584922216582,True,0.00989967176393428,0.015184784140992315,1.0029306023016793,0.1002740986700994,354,0.01375814951745654
570,short,0.0,21,atr,4.250107385678507,136.79031458439545,points,5.728095861256927,251.14544105075367,960,50.0,10.0,cross,15,state,state,confluence,0.5,0.01122383022150582,0.017520471034797695,1.006850903120422,0.12152454928442591,203,32.88059866962306,0.027410300393950343,False,-0.6979728020400989,-0.8757510214111408,0.6212825606934385,-3.453100270931257,91,-0.8102091245756032
570,long,0.0,21,points,3.8598092515714364,224.215037805798,points,3.6779608679279097,289.95384739137563,960,25.0,0.0,200all,150,state,state,confluence,0.25,0.6613354110711571,1.1825154254260513,1.2579320494545245,16.032405583158514,819,132.65620842572062,2.9822481883905385,True,0.2626712713611236,0.4466270626729197,1.0925450758976505,2.2313045079075025,341,0.683876242719292
570,long,0.1,21,atr,5.1289974314343,269.56917188405816,r,2.984546834483256,259.0453142651644,960,50.0,10.0,cross,150,state,state,confluence,0.5,-0.6708821342848448,-0.8743375869271992,0.7037300113012522,-11.105122731116616,303,49.077937915742794,-0.8215227278785606,False,0.10554282708812213,0.1515472837588679,1.0543099909654627,1.0324784642730642,148,0.14817643937984304
570,long,0.0,50,atr,5.7367062243136635,275.1300641943585,r,5.968809525853201,197.97019898843396,960,100.0,10.0,200all,30,state,state,confluence,0.5,0.49604430412885275,0.7841240255469725,1.1546904552241308,16.98146196538876,855,138.48725055432374,2.938547702339504,True,-0.05331515218580466,-0.07645551801827398,0.985158779275003,-0.6638719097956667,354,-0.06222861220772756
570,long,0.0,21,points,1.6929066075209072,105.02523811451678,points,4.719719045635102,356.7805283793393,960,25.0,5.0,200all,75,state,state,behind,1.0,0.4464966395885318,0.854859943487899,1.160063259566422,10.361333074173,849,137.51541019955653,1.242123158904275,True,-0.07229047073328207,-0.1334911251391342,0.9771912396700639,-0.5820223827059174,356,-0.14072935399878694
570,long,0.0,50,atr,3.7685450580555306,200.80591195235735,none,5.500649060988472,383.15797026496864,960,50.0,3.0,200all,15,state,off,behind,0.5,0.9349906470694307,1.793298580179973,1.3388732883759649,29.71100920257013,807,130.71252771618626,5.599518818780592,True,-0.15450528732983665,-0.25185911440423797,0.9552931649430241,-1.5873969108101147,332,-0.2736143307870717
570,long,0.0,7,atr,5.079480804369903,194.64059956087215,points,4.34623109149813,318.9173002654523,960,50.0,0.0,off,15,state,state,confluence,0.5,-0.24603352860562455,-0.33859247334738485,0.8348632227655619,-3.191702779600697,170,27.535476718403547,-0.400932420244644,False,0.29946476274315476,0.4966228845729219,1.233406506058135,1.2912310358530188,79,0.5774091306425759
555,long,0.0,7,atr,2.071819515168167,202.05543204336695,none,6.236448945847836,384.86677344431695,960,50.0,0.0,200all,15,state,state,behind,0.5,0.8178440167074534,1.6789476206739138,1.2955205184475809,22.07739079193025,837,135.57172949002216,5.227927300627812,True,0.23579219709168905,0.41207619954827907,1.0723341068767551,2.3547536666925986,352,0.5842275238685491
570,long,0.0,7,atr,4.866879314590119,209.965633061522,points,4.0063454349133005,276.27196080194864,960,25.0,10.0,cross,15,state,state,confluence,0.5,0.2809443539546701,0.4412024462720494,1.2077149415004285,3.6362946666893476,227,36.767960088691794,0.6535814105031399,False,0.6945864119302118,1.24877642002497,1.5222219334839748,3.3825694949431373,114,2.7069841702661646
570,long,0.5,50,atr,2.609092171882158,226.86710826463226,none,7.666510301427525,351.7132974421514,960,50.0,10.0,200all,15,state,state,behind,0.5,0.4260452602854306,0.7755375821385828,1.1533817635620902,10.721796661157763,749,121.3180709534368,2.2614531889228133,True,0.11248693456650181,0.20527970605001436,1.0356573416760182,0.9114470897197227,306,0.13980922973812038
570,short,0.0,30,points,2.9015979350109666,286.05945371551496,none,4.6001060438869885,208.12226707361714,960,50.0,10.0,200all,15,state,state,behind,0.5,-0.7453312904198287,-1.1748722225122312,0.7246921914880655,-21.515478676891448,566,91.67694013303769,-0.9050682652040993,False,-1.16893602064937,-1.6041423779214552,0.6282115802846234,-9.59880425156595,247,-0.9017551057572275
570,long,0.0,21,points,3.7124958914087247,270.6499724731148,r,4.784754766481046,202.82113931882995,960,50.0,10.0,200all,15,cross,state,behind,0.5,0.3655101272322134,0.7513146272216059,1.541231869393967,2.9919778966515196,69,11.176164079822616,1.5621758854066494,False,0.20520540121037634,0.36045482364050774,1.274026692020634,0.5924659808537035,29,0.8048277387329922
570,long,0.2,21,points,3.3514594289421273,278.88366865363867,points,4.6305728702215525,385.0952759130905,960,50.0,10.0,off,30,state,cross,behind,0.25,0.2396398391525934,0.49664320416736896,1.4248299177361698,1.8211279158982192,36,5.831042128603104,1.2916713299333236,False,0.18109552586846453,0.32044507083884666,1.3135261615892677,0.44006103588144996,16,0.38632309030169093
555,long,0.0,50,atr,3.3439476095954976,171.981978222501,none,5.146575924176493,350.93966854521716,960,50.0,10.0,200any,15,cross,state,behind,0.5,0.460580209175617,1.019983244163672,1.599150631236101,4.2687454337186015,86,13.929711751662971,1.6581078044828557,False,-0.05190099034410452,-0.1040687513663007,0.9494685868680475,-0.22800010307394553,41,-0.09184132045556287
570,long,0.0,21,points,3.198102952171848,245.89924952117653,none,7.942979838050652,110.16736594326788,960,50.0,10.0,state,300,state,state,confluence,1.0,0.445797910941933,0.7163803835468525,1.1405407027247545,14.806165672297906,924,149.66341463414633,2.0884181656457033,True,-0.09489720597714099,-0.14992393992570466,0.9724388479365151,-1.0778190994293713,382,-0.1395045188800014
570,long,0.0,50,atr,4.128787006723729,128.93357660594677,none,6.756070505452721,362.1729707784244,960,25.0,10.0,200all,15,state,state,behind,0.5,0.7392944023795336,1.424123037899701,1.3056283536610507,17.45445969579129,807,130.71252771618626,4.7940356801201505,True,-0.0878226434591275,-0.14419016464640844,0.9706973602380784,-0.6855321407553212,332,-0.16231018220733284
570,short,0.0,14,points,2.4458248699946004,275.6827772349885,points,7.948763411722072,372.4305305564767,960,50.0,25.0,200all,75,state,state,confluence,0.5,-0.8284145931910268,-1.1751218042322589,0.7433421971566246,-21.71538068877489,635,102.8531042128603,-0.9206413347153765,True,-0.8411594291262913,-1.1327530820455871,0.7552588549257334,-7.185993110906157,280,-0.7984786958839514
570,long,0.0,7,atr,5.434814715496809,190.926016239633,points,6.401188867725115,198.04673921376636,960,50.0,10.0,200all,75,state,state,through,0.5,0.735576451088839,1.111851957805452,1.242910732558693,19.85779738817393,833,134.92383592017737,5.01582987268691,True,0.020725781234715294,0.02909247243393161,1.0060424976255153,0.18938417407656472,342,0.03275310395448303
570,long,0.0,21,points,3.7080155027411665,242.59895098936556,points,7.687548547767796,76.03966770858423,960,50.0,5.0,200all,75,state,state,confluence,0.5,0.2336542678339304,0.29374838113611557,1.0613626661558402,4.927250888102339,867,140.4309312638581,0.679764118356949,True,-0.495637677594205,-0.5881509600281684,0.8853969396658271,-3.7586179440905343,362,-0.5224294562849671
570,long,0.0,50,points,1.7134985030137178,145.94622096148223,points,4.450014450911477,358.6509813158759,960,50.0,5.0,off,75,state,state,confluence,1.0,-0.06447507319768166,-0.10694954504025428,0.962990181824529,-0.8139549686770131,227,36.767960088691794,-0.12850757710710195,False,-0.01270937459029459,-0.020754118701484366,0.9919438976242233,-0.04827861487678839,83,-0.021429235925324572
570,long,0.0,50,atr,2.8254050727223414,232.10793039267764,none,5.255121849818375,356.07292048978843,960,150.0,10.0,200all,15,state,state,behind,0.25,0.8282368211543407,1.6880113259591827,1.2802644401793521,26.553661520900743,790,127.95898004434589,4.516368374906365,True,0.09209652893223576,0.16200173119155248,1.024810548182634,0.9877611797439085,322,0.1806126003369852
570,long,0.0,14,points,0.6397119048564057,297.32919536946645,points,7.0509597268747815,394.10203296909737,960,75.0,10.0,200all,75,state,state,behind,0.5,0.7291451841302309,1.2109160712535867,1.247539286175705,22.89376200836017,813,131.68436807095344,5.31236303739494,True,0.24417371810608432,0.38015916845789727,1.0736582964353405,2.7427938848016766,339,0.5545772866501375
570,long,0.0,50,atr,2.5010900563049527,279.31354909915945,points,4.564406211374633,220.29823499127968,960,50.0,25.0,200all,75,state,state,behind,0.25,0.9848621052118827,1.8523739375963542,1.3231232284825547,21.063560470005562,790,127.95898004434589,7.97954861696753,True,-0.338690891966552,-0.5394899608517953,0.912346017249762,-2.412392598073998,322,-0.5038344314784485
570,long,0.0,21,atr,4.778927435193777,248.36487453465645,points,0.7331602913366098,247.5170241691065,960,0.0,10.0,cross,15,state,state,off,0.5,-0.11869895876129197,-0.1590883119883457,0.8983190274041087,-1.41046364164648,69,11.176164079822616,-0.3222530828105364,False,0.4399077306363326,0.667618466204203,1.3101698694914632,2.5854042097272574,42,1.3057414203257154
570,short,0.0,21,points,5.196126970209624,100.69960179753981,points,4.706864804840453,215.34420990595638,960,50.0,10.0,200all,150,state,state,behind,0.25,-0.7257796186023953,-1.134366531291435,0.7834457564758198,-15.287896410192234,549,88.92339246119734,-0.8729074091798882,False,-0.6339097787340219,-0.9904528859494729,0.8076978041316146,-3.878230535510673,234,-0.5724031528351325
570,long,0.5,21,atr,5.141639928405535,163.41511063582624,none,6.093241085671023,324.87136284925487,960,50.0,10.0,200all,75,state,cross,behind,0.5,0.540100816579619,0.8575705375087332,1.1959724996820627,16.78550417064571,739,119.69833702882484,2.6842373201758076,True,-0.20328437579685119,-0.2908120733665774,0.9371695710634149,-2.0892038645665663,304,-0.21401317809812842
570,long,0.0,10,atr,3.8173735677803613,233.84264962807262,none,7.834898083864471,225.5347257687851,960,50.0,10.0,200all,75,state,state,behind,0.25,1.0049810799847834,1.8595109652447972,1.3895987299768833,28.03728276586554,794,128.60687361419068,8.69936601580713,True,-0.07425410004543696,-0.11245487606060234,0.9768774944970434,-0.7189401782485354,327,-0.12254894817390237
570,long,0.0,7,points,2.5450427259918094,282.2777383897271,none,7.0977809970367804,134.45583776749075,960,0.0,10.0,200all,300,state,cross,behind,0.5,0.8144194528851465,1.3886578413805548,1.2494015766878406,36.42574616443744,823,133.30410199556542,6.474222423821476,True,0.2569085212683135,0.3823853302795236,1.062949903765529,3.648436929680307,345,0.40492064143502
570,long,0.2,14,atr,5.7666362740321295,267.0550637627842,r,5.069862197587561,200.3647204611828,960,50.0,10.0,200any,30,state,state,behind,0.5,0.8535356748559897,1.4651202144383797,1.3094784240413515,24.86750229461908,869,140.75487804878048,7.6805230294560785,True,0.0008544988888165289,0.0012967527643833678,1.00026870909829,0.009139049201439597,359,0.0012035992134033766
570,short,0.0,21,atr,4.416495605032574,243.1991702347819,points,4.9771699219206536,286.9525099097072,960,25.0,10.0,200all,15,state,state,confluence,0.5,-0.19964651856382087,-0.32355856554841844,0.9284354252527677,-4.545572199109739,629,101.88126385809312,-0.4420390391690685,True,-1.0977822050528556,-1.4121142741213577,0.6499590330376219,-8.530485635329176,273,-0.9607943918432968
570,long,0.0,14,points,2.0806213490872563,286.9379173155982,points,5.0450155239495285,310.38484698825556,960,50.0,10.0,200all,75,state,cross,behind,1.0,0.8092656222785523,1.2793983661700237,1.2681300470774233,26.36846838902303,852,138.00133037694013,5.3945448597289385,True,0.33968778346670464,0.5118138289924281,1.106371726564922,3.8043397700629478,360,0.7822834032205581
570,long,0.0,21,atr,4.066944213907683,219.73917908834804,r,5.940222529509097,221.18091134338158,960,50.0,10.0,off,75,state,state,confluence,0.5,0.27205022458794037,0.5278387173408521,1.240314062301379,2.5909869603541047,135,21.86640798226164,1.1350658154973816,False,0.047608268855397554,0.07395022407859485,1.03830755528897,0.18147902973668317,55,0.08390830592947351
570,short,0.0,21,points,4.01042365461776,114.66714017917313,r,5.057215934387978,336.9630548043564,960,50.0,10.0,200any,75,state,state,behind,0.5,-0.490366966003163,-0.9473345419366471,0.8258824715332312,-14.557894061503964,661,107.06441241685144,-0.7858733900173442,True,-0.7640139268937344,-1.2933869768714021,0.7671588923431043,-5.918494191753708,288,-0.7173714657495197
555,long,0.0,50,atr,2.771445272941495,222.40732198872047,none,7.735196397530377,324.2466296434793,960,150.0,10.0,200all,15,state,cross,behind,0.5,0.8541845476932126,1.7155438647257497,1.2666595377086602,30.665624608571683,821,132.980155210643,6.885015523712489,True,0.2762055931682761,0.5219105488798046,1.0701895931338905,3.202467258618639,337,0.8250561168794956
570,both,0.2,21,atr,5.406057445798588,287.9826464503098,points,5.098418278000348,386.48304314408443,960,50.0,5.0,200any,30,state,state,behind,0.25,0.35345498131101594,0.5863529740368516,1.094998607477301,14.215760379158855,1383,224.0092017738359,1.778727840076942,True,-0.895886567007776,-1.2481746894076386,0.7976164496717639,-12.54611334088584,577,-0.8947751583821105
570,both,0.1,21,points,1.949745763699566,286.03699543322944,none,6.049486874183077,80.48494858249465,960,25.0,10.0,200all,300,state,state,behind,0.5,-0.007391782841323203,-0.0122170559104619,0.9978617080538881,-0.24928111067750436,1305,211.37527716186253,-0.015969339325282272,True,-0.48547534536048104,-0.7361804881967782,0.8739254081617038,-5.219810919951284,549,-0.6955612534858132
555,long,0.0,50,atr,3.599847668644747,132.9910730572357,none,6.2053120212946355,326.54154944319293,960,50.0,10.0,200all,15,state,state,through,0.5,0.7658063774404463,1.4484556948617477,1.2685966550251506,20.63155381648752,826,133.790022172949,6.147105729619558,True,0.20604087128673024,0.36204703097883917,1.0633813041629356,1.996992411917255,336,0.6540243471360858
570,long,0.0,21,atr,4.732398988827744,245.61374369776738,points,4.802392935951225,244.2340591575646,960,50.0,10.0,off,15,state,cross,confluence,0.5,-0.05669617326356356,-0.08274035372796144,0.9601990202101133,-0.7478524799986341,135,21.86640798226164,-0.13557128399708213,False,0.3764810601391029,0.6379097399170016,1.3408269639908252,1.6713707827635436,55,0.7349431377937119
570,long,0.1,21,points,1.6204087898513946,187.6529124174012,points,3.9923550068453197,384.0265174287413,960,150.0,10.0,200all,300,state,state,behind,1.0,0.8706052343106525,1.5133442211576624,1.2698133112655035,28.756752684078275,830,134.4379157427938,6.591663953924382,True,0.3405178756126987,0.5472955474172461,1.090324525256785,4.039269671581268,346,0.6174845568316466
570,long,0.0,10,atr,3.596674092085493,217.64363838729338,none,6.508524634721856,140.92417487390696,960,100.0,10.0,200all,75,state,state,behind,0.5,0.7176435384905084,1.1990923439197607,1.2349032226767875,23.70174998669957,820,132.8181818181818,5.303545561170446,True,-0.1551125047291106,-0.22274389110411388,0.9568401928257461,-1.8886489229100438,341,-0.208345704285345
570,long,0.0,10,atr,4.659861872223993,122.1962020474026,points,7.681622933091263,190.60413934599066,960,50.0,5.0,200all,75,state,state,confluence,0.5,0.8330553043680016,1.2886124068703984,1.2678013632401983,22.93323872419799,890,144.15631929046563,4.882415171320002,True,0.03235345652900102,0.045592997294518385,1.0091036630981118,0.3077706602615109,371,0.049564482466321017
570,long,0.2,21,points,5.684943092691617,283.3614458139528,points,5.795431997120303,378.51931971579126,960,0.0,10.0,200any,150,state,state,behind,0.5,0.8341516836672268,1.3791740243188162,1.2501840513167426,31.160457884851787,867,140.4309312638581,7.163434920387108,True,0.05226709960128018,0.0775545997695228,1.0129460662494862,0.6974014384085017,359,0.07181212232083294
570,long,0.3,21,atr,3.910282465907591,226.65840157191207,points,5.65816464243359,179.0598515827612,960,50.0,10.0,200any,15,state,state,confluence,0.5,0.861026800505989,1.390864361796733,1.2618921275880868,21.836160959188497,897,145.290133037694,5.386054929058301,True,-0.49353099222307745,-0.6639657828711,0.8764467054452257,-4.594884786871025,372,-0.5210543885497496
570,long,0.3,14,points,4.91287194108975,221.93296526783132,none,5.855777490011034,399.4443301709236,960,25.0,10.0,200all,30,state,off,behind,0.5,0.20081599815488216,0.307860805673359,1.076139561726691,5.397291625707983,772,125.04345898004435,0.4525631185342535,True,0.312193180962669,0.4939789562078992,1.126060317663867,2.567235218499257,312,0.5003343051117343
570,both,0.0,21,atr,3.192429476771746,242.71516613693245,none,3.747072422066897,315.471826277503,960,50.0,10.0,200all,15,cross,state,confluence,0.5,-0.06018076701393044,-0.11154470470633755,0.9654894066043943,-0.8665670754397814,276,44.704656319290464,-0.10112224410246311,False,-0.6899597601937034,-1.007064302249312,0.6887413762878328,-3.074572588042157,112,-0.555292835700027
570,long,0.1,21,atr,5.176423212478425,127.90887951696962,points,4.322156428050302,224.02019025593148,960,150.0,10.0,200all,15,state,state,confluence,0.5,0.7136462834202667,1.0836864793230856,1.207444725976342,23.667844409765152,849,137.51541019955653,4.52958165834239,True,0.15219849621178205,0.20910392050134696,1.039694628577863,1.9449389088234295,351,0.17748998979882888
570,long,0.0,10,range,4.0805993917492005,267.34366099189765,none,6.658633995582577,198.72510243698102,960,150.0,10.0,200all,15,state,state,behind,0.5,0.3264576504902681,0.6285428224194616,1.111198381166282,7.874689651920508,697,112.89545454545454,1.1229625310745288,True,0.35613641734680457,0.6355105529660732,1.110110113031542,3.7018321245548984,299,0.6532995491191469
570,long,0.0,21,points,1.0063720776357197,229.23287078324321,none,4.930369813982213,350.1697794937735,960,50.0,10.0,200all,75,state,state,off,1.0,0.8358766501689966,1.4670536620335337,1.3210818071897126,23.142860413803476,760,123.09977827050997,5.7189818580628975,True,-0.0766792294036284,-0.11726239417213934,0.9758497492869316,-0.7037817142396858,309,-0.11090176559699337
570,short,0.0,50,atr,3.4444884531032183,240.61855407650387,none,6.840744565738698,344.3314230077658,960,50.0,10.0,200all,15,cross,state,behind,0.5,0.12513563761235388,0.32096156494899936,1.190596511927275,1.3294934072593616,70,11.338137472283814,0.42618966482974524,False,-0.7962079396072982,-0.9153299867072201,0.4401564679763092,-1.0268487385791576,22,-0.5968538802530343
555,long,0.0,10,points,2.326439706039837,245.8047964586424,none,6.804110482736985,169.449151401739,960,50.0,10.0,200all,15,state,state,through,0.5,0.7103121626545328,1.1919970159544857,1.2485939351565434,20.708508465227446,848,137.35343680709533,4.5897221274423705,True,0.3631518749704552,0.5926637785648015,1.1169227820461094,3.7706087101409222,348,1.208519989190824
570,long,0.0,50,atr,3.7774480106751027,270.0808006274197,points,5.987780216095051,157.7341619657895,960,50.0,10.0,200all,75,state,state,behind,0.5,1.1173540904038968,1.8732885465674989,1.3633376342672108,25.954645243934387,807,130.71252771618626,9.515360093761823,True,-0.5889040393656179,-0.8083634273788662,0.8536026497200442,-4.5634445354846935,332,-0.7433705633268156
570,long,0.0,21,atr,4.666347874236601,124.68570850289481,points,2.642499457890355,245.77235836291476,960,50.0,10.0,200any,75,state,state,confluence,0.5,0.9176103873183383,1.518539890086419,1.2956706175346802,26.572279238359982,943,152.7409090909091,7.470689679808766,True,-0.2837231770595651,-0.4104971805610393,0.9257386692964612,-3.0195672650166787,397,-0.3909681957408585
570,long,0.0,50,atr,3.6380248850866064,259.5079823422378,points,5.599911359968902,87.73336642655107,960,50.0,10.0,200all,75,state,state,behind,0.5,0.5079311065477338,0.7043356060966814,1.13503438259458,9.735148622932492,807,130.71252771618626,1.9383365016354859,True,-0.8014109693355749,-0.9916797572882751,0.8220389512515843,-5.446918326572996,332,-0.854588086190216
570,long,0.1,7,points,0.6876772675550864,148.12128926707265,points,6.3786054517047095,365.0066260486725,960,50.0,5.0,200all,75,state,state,behind,1.0,0.6324919627514455,1.1271111154486932,1.2158215416780322,17.31690269746773,843,136.54356984478935,3.525443057097278,True,0.11862563695028724,0.20029773076895843,1.0355324851149765,1.1266708954770301,353,0.1648129510103193
570,long,0.0,50,atr,5.615776369495826,272.89165913971186,r,5.559821405942716,156.26726286264397,960,50.0,25.0,200all,30,state,state,through,0.5,0.8029312466674137,1.3447009461768125,1.2892422969000832,21.865899640044628,808,130.87450110864745,4.05166657005824,True,-0.21237147265639283,-0.3029751384822615,0.9385309704580275,-1.9840265515268376,331,-0.2480454156350579
570,long,0.0,14,points,2.8079263325533392,261.33526423027524,points,7.8960633112002965,326.3405014355094,960,25.0,0.0,200all,300,state,state,confluence,0.5,0.5466025679365192,0.9448464106050671,1.2038539314493546,13.774059813914661,878,142.21263858093127,1.8598125041517555,True,0.23025404295969823,0.3914119063147667,1.0786168331591572,2.040072951156042,367,0.5159317083960153
570,long,0.0,14,atr,5.504521077550264,182.03831927769338,none,4.735855433559847,255.28351301091124,960,50.0,10.0,200all,15,state,state,through,1.0,0.7006085746031099,1.2068054202418432,1.2551148710277837,22.27786998378044,889,143.99434589800444,5.95806052253971,True,0.08356772901221038,0.1273020980173641,1.0258605351192556,0.8286318901171996,362,0.11588515415743973
570,long,0.0,21,points,5.750756838949059,200.1492361544495,none,7.196943957974402,307.3274791051871,960,75.0,10.0,200all,15,state,state,behind,0.5,0.7409551318774656,1.2922928487488519,1.2491617071227594,22.42996150364144,811,131.36042128603103,5.40980725401648,True,0.08195331676508577,0.13094391154397647,1.023723422117055,0.8886146848396712,337,0.14569488826296578
570,long,0.0,14,atr,5.139012411870657,163.1275911190254,r,2.354395961950839,320.6241007593099,960,25.0,10.0,200all,15,state,state,confluence,0.5,0.6130778437492869,1.0957821424500942,1.247854902215097,16.19025370054248,878,142.21263858093127,3.168054338936564,True,-0.18345424349841152,-0.27721145829153254,0.9405808516173845,-1.5327760806130262,367,-0.31032940671465375
570,long,0.0,14,points,0.6412339709040759,175.09106784328586,points,2.728516843595673,371.90561878185974,960,50.0,5.0,200all,75,state,state,behind,1.0,0.9889730111322994,1.8272829474587196,1.3599254185880143,28.168495114441775,852,138.00133037694013,9.352311843969987,True,0.18198418533146035,0.30303879653232385,1.0552788464971503,1.791766001940207,360,0.37554974102374195
570,short,0.0,30,atr,4.4250276698084745,208.76538563204332,points,7.88044875108401,348.38824475216325,960,150.0,10.0,200all,150,state,state,behind,0.5,-0.4216952672023167,-0.6448137579525406,0.8646864912098169,-14.589955726418761,566,91.67694013303769,-0.713764092016617,False,-1.3400418874796802,-1.674553726869548,0.6275042535522813,-16.53840934105846,247,-0.9872008592081022
570,long,0.0,14,points,1.5146141207006207,148.9246489737128,points,1.4101139523582373,291.35354991272794,960,50.0,5.0,off,75,state,state,behind,1.0,0.3853678992919878,0.7302550299102948,1.352424238834919,3.996311463604739,136,22.028381374722837,1.5038495941654033,False,0.4256448306100938,0.7858238325569437,1.3640021596262946,1.6443913010081697,68,1.4060818852338124
555,long,0.0,7,points,1.1339114721413712,234.05332523647274,points,4.356411821520347,383.80336390125024,960,50.0,5.0,200all,75,state,state,behind,1.0,0.7298269404148543,1.2506070346152256,1.2577641930204067,22.42096798364988,872,141.2407982261641,4.341110023427404,True,0.21395948667066977,0.34583250808250315,1.0662358579951057,2.2645450561777976,363,0.5366773917804016
570,long,0.0,30,points,3.042287492397219,268.8795409056616,none,5.200265018403017,178.70930796323984,960,50.0,10.0,200all,15,cross,state,confluence,0.5,0.052994014417487745,0.08626146061724264,1.0458791360021868,0.524106595287777,123,19.922727272727272,0.16103953526703327,False,0.16151935005074067,0.26018614870796114,1.157456241288553,0.5645000366178777,47,0.3241196161432689
570,long,0.0,50,points,1.383048834133295,128.82879755916326,points,3.273310659421572,397.69787179177,960,50.0,3.0,200all,150,state,state,behind,1.0,0.6379746535120921,1.1803152647350947,1.2151898170112618,17.44866836817594,845,136.86751662971176,2.175253503468536,True,0.18527664016778397,0.3348988084625333,1.0569155018989127,1.7553172631403444,344,0.35329807766168214
570,long,0.0,30,atr,3.6769294960812213,225.76910076293376,points,7.812329917195136,352.08036379135524,960,50.0,10.0,200all,150,cross,state,through,1.0,-0.12667795732206663,-0.1878274531967655,0.9073226348217006,-1.4372316948385642,135,21.86640798226164,-0.3351012395291309,False,-0.0697028728172659,-0.11247044418365985,0.9461743504887719,-0.2582661452908079,49,-0.07412740444775019
570,long,0.0,21,points,4.03914313155509,146.59003502637492,points,3.9328659607757737,276.82483239379764,960,50.0,10.0,200all,150,cross,state,behind,0.25,0.26875184553359577,0.48636685338273844,1.3523261344199653,1.6493497776467867,52,8.422616407982261,1.0571499127218644,False,-0.2411312194151992,-0.3558181860128443,0.7479070490136992,-0.5477710804642976,23,-0.46359554822780863
555,long,0.1,21,atr,3.5602070715009546,186.78978496967147,points,6.62373346503095,226.6911478765482,960,50.0,10.0,200all,15,state,state,confluence,0.25,0.8737668406769482,1.5259752496743972,1.293112646229375,21.770316566002386,814,131.84634146341463,5.876547985569703,True,0.5144131388910059,0.820228784844692,1.1578550297520054,4.795348028960026,333,1.829025630689065
570,long,0.0,14,points,1.6516811293538334,254.70368888379244,points,2.9445243937621712,345.0007285490104,960,50.0,0.0,200all,75,state,state,behind,1.0,0.8370659309730965,1.4382605794247922,1.2986143181639764,24.859092385274444,852,138.00133037694013,5.8128715117270175,True,0.43263009923950124,0.7183857872735048,1.1388412952233897,4.545844855487384,360,0.9945429061026374
570,long,0.1,10,atr,4.543410789115144,203.54195928102044,none,4.288667193186235,243.46896088881851,960,50.0,10.0,200all,75,state,state,behind,0.5,0.9142647091881849,1.6084460449165308,1.3475775134832955,25.29103959485029,804,130.22660753880265,7.359604190683424,True,0.07162015809483527,0.10710035679674643,1.0233184729397973,0.6887298542109903,329,0.09014639284594582
570,long,0.0,10,atr,4.076208705432498,142.29187318179834,r,5.62283947776033,325.21885299724306,960,50.0,25.0,200all,15,state,state,behind,0.5,0.9859600061753937,1.7308406777604726,1.3636995861336203,27.106510659382245,820,132.8181818181818,6.468882023979891,True,-0.008945376042083007,-0.013071492439601125,0.9973278851878208,-0.08464112918027533,341,-0.01456599024610451
570,long,0.0,50,atr,4.788858300688408,244.96952630387986,points,6.223158640869793,291.1193323449886,960,50.0,10.0,200all,75,state,cross,behind,0.25,1.0796617483993363,1.8686468284002982,1.3799062936623654,32.07609425736463,790,127.95898004434589,7.370250691895366,True,0.22298852763891966,0.3496858883346354,1.0688564576713557,2.2476696864848633,322,0.5146588323798413
570,both,0.2,10,atr,3.259065466257537,278.3120456170526,points,6.86163014267191,173.99340044805894,960,50.0,10.0,200all,15,state,state,confluence,0.5,0.5280068140197767,0.7870453915698813,1.1220237117188818,18.023182534692577,1369,221.74157427937917,1.9972370492759022,True,-0.8046211712262781,-1.0323938689309078,0.8314884818259755,-9.639067887339458,569,-0.744641050787911
570,long,0.0,10,points,4.640411081392912,295.44491249545524,none,5.532423440199233,273.3574258779423,960,50.0,10.0,off,15,state,state,behind,0.25,0.3956453990095345,1.1903015439773998,2.042808355721981,2.433854357938935,39,6.316962305986696,3.2569156521553775,False,0.06121113292183857,0.10278016926787521,1.0916129090735658,0.164338331228213,19,0.14649175700289338
570,long,0.0,21,points,4.719431806305579,120.30058609016668,none,2.80514014300777,295.4259213344175,960,100.0,10.0,200all,150,state,state,behind,0.25,0.46728348712495155,0.8574749938928337,1.1439773064407097,13.689702800947419,792,128.2829268292683,3.1103102270969223,True,-0.12314863250924558,-0.2142359136621935,0.9668404695543775,-1.2404564157925042,325,-0.22170042053836883
570,long,0.0,14,points,1.3089173391904425,86.56161729920812,points,4.879687726536462,276.06037379132147,960,50.0,5.0,200all,75,state,state,behind,1.0,0.5860826871127612,1.125861216723336,1.1833681540914547,14.672499045051984,852,138.00133037694013,2.275912428995419,True,0.05671684914205866,0.10806700777835355,1.016035927625191,0.4853682482949626,360,0.11514081663226665
570,long,0.5,21,atr,5.557472028782562,171.29943952706503,points,6.112644303523037,200.0158550466629,960,50.0,10.0,200all,15,state,state,through,0.5,0.5137579139739908,0.7609118101127206,1.1730402282989632,13.12447068067399,738,119.53636363636363,2.2248872751099005,True,-0.061150769901266326,-0.08502481728753894,0.9817189329769821,-0.5557874330607717,305,-0.0640790568206083
570,long,0.0,10,atr,4.1511593026827605,220.26628669090493,r,7.515659495512154,171.35226445713846,960,50.0,0.0,200all,75,state,state,behind,0.5,0.9092915482833772,1.665662307056576,1.343518410556805,26.353246939750285,820,132.8181818181818,7.695056021266236,True,0.11326784748923913,0.17835533531550118,1.0359613270457757,1.1530846868273716,341,0.1964321336478975
570,short,0.0,14,points,4.941543972226577,282.2952552835411,none,6.31151640091155,348.82323402078384,960,100.0,10.0,200all,30,state,state,off,0.5,-0.44357613756276026,-0.7271900373472056,0.834179937224499,-14.707155291345838,517,83.74024390243902,-0.7163622221139874,False,-1.185175366857286,-1.621506410341229,0.6493176824353191,-11.278492266355727,227,-0.9459257540133739
570,long,0.0,10,points,3.9038698044676754,169.7474009693331,points,7.801250922721701,292.8026294482987,960,150.0,10.0,200all,150,state,state,confluence,0.5,0.8728597760350946,1.5078469478690368,1.2540329245875166,29.323148820040842,890,144.15631929046563,5.2602736223186355,True,0.39466095396274753,0.6460144455831688,1.099041772101606,4.792497963156044,371,0.663444358568306
570,long,0.2,21,atr,5.870239051664759,272.01815037052893,points,4.375507848543767,215.93285765670595,960,50.0,10.0,200all,15,state,state,confluence,0.5,1.1516271478398348,1.9215882020673183,1.4046107125159197,30.802896635148365,834,135.0858093126386,7.891106871701945,True,0.09086208670990545,0.12959780459081321,1.0271762263814137,0.8619023297761066,347,0.11669194775216238
570,long,0.0,21,atr,4.55472630723936,246.76501912572277,points,7.116302363419928,231.03621776618996,960,50.0,10.0,200all,15,state,state,confluence,1.0,0.9008643724124127,1.4572999129782358,1.2813045325892098,26.014994750533567,967,156.62827050997782,6.414540392252857,True,0.01877317041114754,0.027436582108834588,1.0051189412971422,0.1929376044986033,402,0.027650161106050383
570,long,0.0,21,atr,2.8498907289364754,247.44825735900307,points,7.19562876488194,131.98308947893352,960,100.0,10.0,200all,75,state,off,behind,0.5,0.6330268943501115,0.923794038632745,1.1585245681859673,18.126599826645183,811,131.36042128603103,3.7136592437871854,True,-0.5707791397475402,-0.7580975812301073,0.8824513936642767,-5.788707381676565,337,-0.7164276055409442
570,short,0.0,50,atr,3.467501039475207,261.04892958984726,points,4.873174678679175,308.4429076840519,960,50.0,10.0,200all,300,state,state,confluence,0.5,-0.8918728772827454,-1.3331435188827783,0.7276740872352264,-22.57150675919271,618,100.09955654101995,-0.9015856215660071,True,-1.2606218518627759,-1.6655328827038598,0.6266837483440345,-9.657050878292626,262,-0.9291815913861085
570,long,0.2,30,atr,3.4337921929550745,194.75909441991374,points,6.830799017550541,54.74397927842094,960,50.0,10.0,200all,75,state,state,behind,0.25,0.2604520496768554,0.32840898069052654,1.065125319855255,4.262411272103181,761,123.26175166297118,0.9976571933392817,True,-0.5213032627936843,-0.6018268012525528,0.8768497014581654,-3.2559152979771726,310,-0.6205410031205509
570,short,0.0,21,points,1.900988990044667,66.88043295797065,points,5.58588057495399,375.9905344450873,960,50.0,3.0,200all,75,state,state,behind,1.0,-0.8628204459273563,-1.6379312920380051,0.7233609911934364,-18.984336639643907,610,98.80376940133037,-0.8857581354090877,False,-0.6915313965403443,-1.3984328197647657,0.7791553295901371,-4.773905626705875,269,-0.6879517770961627
570,long,0.0,21,atr,4.744541827391796,48.36752623370842,points,4.304453389919756,289.74854866750223,960,50.0,25.0,200all,15,state,state,confluence,0.5,1.0248289803503876,1.721018023560708,1.3496520750012164,27.883154237475054,867,140.4309312638581,5.946388352852696,True,0.16100972406596553,0.239239170435054,1.0471187796332437,1.6105957527158226,362,0.23636085543747323
570,long,0.5,50,atr,4.721105846011522,175.09363806102138,points,7.867060580144177,306.4459454751037,960,50.0,0.0,200all,150,state,state,confluence,0.5,0.6978330554031913,1.1935021430426118,1.2467537810132916,18.91438588531821,789,127.7970066518847,3.78258767863507,True,0.31047420832128014,0.502389897825758,1.0994482381053312,3.0849540874016865,328,0.3909632883582609
570,long,0.1,50,atr,3.5918056146627144,280.9223855241996,r,6.006219577453718,216.9779770018023,960,150.0,10.0,200all,75,state,state,behind,0.5,0.8181591321511413,1.5362409249194495,1.2713869555130273,27.212449915397457,791,128.1209534368071,7.881263663145908,True,0.3315484699110849,0.5455356806229048,1.0923347650917612,3.8238645016070127,323,0.5474688986928355
570,long,0.2,50,atr,2.9474658852663342,245.85711422147529,r,7.385506584277346,343.84919881347463,960,50.0,3.0,200all,15,state,state,behind,0.5,0.8178969621980068,1.7153489327389946,1.311206033521642,20.626576753016863,780,126.33924611973393,7.588318477359935,True,0.1637332942728151,0.298496616026652,1.0524466221750135,1.4458774627801851,320,0.22334592051118674
570,long,0.0,14,points,1.5617516393707351,250.85065636131776,points,7.81275493299762,279.41873346410574,960,100.0,10.0,200any,75,state,state,through,0.5,0.5280072187419504,0.8399530012829018,1.152192675503408,17.924421107183115,910,147.3957871396896,2.7762014680103144,True,0.06385259898839578,0.09622484760348188,1.0163418798718487,0.7682825045331616,378,0.13548508707043924
570,long,0.0,14,points,1.161209688538178,135.326094683282,none,5.079745688682843,377.56520349454854,960,50.0,5.0,cross,75,state,cross,behind,1.0,0.016925678457885597,0.0288188106395369,1.0093081499224053,0.28149082356334776,257,41.627161862527714,0.03465285600531449,False,0.48809362017418473,1.0192033053009901,1.277076864688698,3.82090717457784,133,0.9849132892721273
555,long,0.5,30,points,5.197823847988729,214.1967035978978,points,3.294201727476606,216.07238287372988,960,50.0,10.0,200all,150,state,state,behind,0.25,0.8601623262729148,1.409680653932451,1.3038850663961596,21.178844164874867,748,121.15609756097561,6.565345245145278,True,0.36406038385950784,0.5584261226969685,1.1144093556721981,3.220316632205896,309,0.7695054129962892
570,both,0.0,50,atr,1.4418414139854914,171.0872300658931,none,7.36721480507144,372.6627525200677,960,50.0,10.0,200all,15,state,state,confluence,0.5,-0.10542915690440255,-0.22221880955767415,0.9724813815043075,-3.261557115192764,1380,223.52328159645234,-0.24238615707947755,True,-0.5387412953476377,-1.066099264606573,0.8743186551869403,-5.364439421354882,575,-0.635433708356708
570,long,0.0,10,atr,4.791573706717028,285.26980459386726,r,5.299530599912756,270.66624071401014,960,50.0,10.0,state,15,state,state,behind,0.5,0.5120862950341905,0.8303000677769575,1.1828449844913709,18.161118937641035,810,131.19844789356983,3.0190305321626068,True,-0.3051019313484747,-0.4304217362788489,0.9055059560296199,-3.7017710041251553,346,-0.4346193478986123
570,long,0.0,21,points,1.328503229509328,268.11029667062485,points,2.9023984072601685,385.78257013695884,960,75.0,5.0,200all,75,cross,state,behind,1.0,0.48427573484236053,0.869194451485505,1.444030087435601,5.6690772338395234,132,21.380487804878047,3.513176796946618,False,0.11256870247221522,0.16548409775673764,1.0875086192470276,0.499273241743875,60,0.19322295450656005
555,long,0.0,21,atr,3.8228195361628514,222.66514522553672,points,7.969600244661057,225.71148639058197,960,50.0,3.0,200all,75,state,state,confluence,0.25,0.9033319683490985,1.5861183698224128,1.3093808582624853,23.41058869135519,824,133.4660753880266,5.949511837844563,True,0.34862224341557657,0.5421718446734138,1.1046039469791986,3.392137719974053,343,1.0328040070691964
570,long,0.0,14,atr,4.742646626536515,294.6691516988072,points,3.2404788499718418,252.922707650404,960,50.0,10.0,200any,15,state,state,confluence,0.5,0.8244477428664598,1.323328070190437,1.2653096293606931,24.599213158941616,951,154.03669623059866,5.803886856577483,True,-0.15985376805009754,-0.23197978728773924,0.9570148921839959,-1.714598122585036,400,-0.255042124052064
570,short,0.3,21,atr,4.988531077448894,185.53154648019174,points,7.194171754775513,284.93484390501897,960,50.0,10.0,200all,75,state,state,confluence,0.5,-0.3638275310720865,-0.5420661714937779,0.8748102670350251,-9.627766892302756,600,97.1840354767184,-0.5627210393997404,False,-1.4210414069497015,-1.756353532805683,0.5738238654826593,-12.547710912457447,253,-0.9862891054717333
570,long,0.0,21,range,4.417753495364845,269.7218484835033,points,5.142103801759107,204.6153702712827,960,50.0,3.0,200all,15,state,off,confluence,0.5,0.3044915014210495,0.548540586403891,1.099849842148953,6.535272457501702,735,119.05044345898004,1.254103216263548,True,0.3056511159140162,0.5236259573607601,1.0950911373857075,2.5325791856720317,319,0.4940706928001572
570,long,0.0,21,points,4.850397368729746,83.05861083338101,r,7.044262365973824,369.68722196738224,960,50.0,10.0,200any,300,state,state,confluence,0.5,0.426109227605107,0.8617749477283029,1.130865004639235,11.51868681658815,943,152.7409090909091,1.8730324099825395,True,-0.21497788528252104,-0.4191244627561391,0.9422406345743326,-1.952197780337038,397,-0.26152938477834425
570,long,0.0,30,atr,2.6914251498236252,174.35405695582318,points,7.70415812880165,322.10669073075695,960,75.0,0.0,200all,150,state,state,confluence,0.5,0.7733024096059459,1.4903731276316179,1.249243081498144,22.27136837283566,857,138.81119733924612,3.754549878235119,True,-0.1648799302765943,-0.27888221812665603,0.9559202493823521,-1.721067761977611,354,-0.17613202574841197
555,long,0.0,21,atr,5.488771247194775,216.2112363453233,points,7.202417037001074,352.07349746397847,960,50.0,10.0,200all,15,state,state,confluence,0.5,1.1238189837544539,1.9764592642930123,1.4130347984270364,34.37024784475619,882,142.86053215077604,9.700592442356456,True,0.46686654921013426,0.7425111177035645,1.147398514679632,5.107639514677444,370,1.2637432003290263
555,long,0.0,21,atr,5.435537536157632,192.5342381311716,points,7.903003086099799,300.73231250326285,960,50.0,10.0,200all,15,state,state,confluence,0.5,1.1226668227205343,1.9322651238184827,1.403884929163479,33.546097084609784,882,142.86053215077604,9.48706097400861,True,0.4943121634805789,0.7790433715208156,1.1541522313868333,5.410334900720544,370,1.8422707868371926
555,long,0.0,21,atr,5.057589025289083,188.88586942057248,points,5.403904292219007,316.46209812556674,960,50.0,10.0,200all,30,state,state,confluence,0.5,1.0780905417638955,1.868781740422928,1.3829978230880613,32.08129203460101,882,142.86053215077604,8.457628100507451,True,0.42161315600176663,0.6602005755624956,1.1304943873039308,4.614463254888609,370,1.2211222615993682
555,long,0.0,21,atr,3.2487029277521033,181.56524108586197,points,7.302272637808442,342.60498364637965,960,100.0,10.0,200all,15,state,state,confluence,0.5,0.8195194692036156,1.4366270381820574,1.25356226197839,27.31333627403894,882,142.86053215077604,4.68547808145477,True,0.4850493991208835,0.8314700826610832,1.1325774762954293,5.6630451462625615,370,1.3599513012185005
570,short,0.0,10,points,4.224059493027404,277.6934015465023,none,7.091092485845609,319.52115407738313,960,0.0,10.0,200all,15,state,state,behind,0.5,-0.8138328200923486,-1.238589939284541,0.7552303230805204,-34.577386100814785,577,93.45864745011086,-0.8967122850300473,False,-1.1203064954562707,-1.6747250275407755,0.7088837383552561,-14.876786739991903,259,-0.854261285650027
555,long,0.0,21,atr,5.79659416736867,201.7833198523122,points,7.23596459183637,337.0503464168139,960,25.0,10.0,off,15,state,state,confluence,0.5,0.4970210947295199,0.8815566513350253,1.5329510695406816,5.0750364647506325,137,22.190354767184036,2.6361416350759015,False,0.3537976330556753,0.6136796700148114,1.3302679311519172,1.0928686172045834,63,1.024844069779727
555,long,0.0,21,atr,5.743307602534846,154.49400934285467,points,6.922984353121411,287.6951228998942,960,50.0,10.0,200all,15,state,state,confluence,0.25,0.967905575948274,1.629404703201061,1.3511029096191802,27.23546293142828,824,133.4660753880266,6.699095587288511,True,0.5023299974678309,0.7896635252529852,1.1631773291849512,5.278913357807246,343,2.004988451323393
555,long,0.0,21,atr,4.771719328753055,263.06170441175095,points,6.030776510665776,296.20743019052867,960,50.0,0.0,200all,15,state,state,confluence,0.5,1.039740835748716,1.854999105771875,1.367396255239154,30.919440197090772,882,142.86053215077604,7.912616448774562,True,0.49928632515848187,0.8022054550906139,1.1548445879825162,5.509210774148887,370,1.4538601148596126
570,long,0.0,10,points,4.7382120254481395,286.8741732389085,none,6.56281737791189,294.79894730791125,960,50.0,5.0,200all,15,state,state,behind,0.5,1.0054208849776738,1.827700129200574,1.3927036284867789,28.98194049745318,820,132.8181818181818,8.19008753852229,True,0.3278443231707119,0.5296452439238281,1.1089600682512326,3.2670956979006673,341,0.9076337489231381
570,long,0.0,50,atr,2.2702213516342615,227.55781719343486,none,4.063496214313648,371.7767281983238,960,50.0,10.0,200all,150,state,state,behind,0.5,0.6553054044799117,1.3593370702870478,1.2352690846576142,16.26060542939811,807,130.71252771618626,2.936326999888313,True,-0.10305649851179281,-0.19507972348758282,0.9693686956336397,-0.8346217337507151,332,-0.14015283484833832
570,long,0.0,14,points,0.8729610025055423,264.5794797242528,points,7.320752255785455,380.41363233212957,960,50.0,10.0,200all,15,state,state,behind,0.25,0.98134774497859,1.723530695856346,1.3767518784539547,27.771457524467337,794,128.60687361419068,7.86463512017819,True,0.2278844992215363,0.3617793582609524,1.0747028139955361,2.203858619393197,326,0.4721036138236787
555,long,0.0,21,atr,5.863255310327051,151.32797768007612,points,7.148313826150774,316.5845715175413,960,75.0,10.0,200all,15,state,state,confluence,0.5,0.7609013912954468,1.207658065263869,1.2469709137470333,25.710880731169212,882,142.86053215077604,4.869482275014344,True,0.7013018781423921,1.1257926696620022,1.2118186784947012,8.367186899859746,370,2.971519209590183
555,long,0.0,21,atr,5.57894015206135,223.36959424281267,points,7.316817739205362,302.6987447887333,960,50.0,10.0,200any,15,state,state,through,0.5,0.8549025309973614,1.4135727396599178,1.2871894798055339,26.12052976985801,926,149.98736141906875,5.750868625726773,True,0.14706685166186143,0.22543659532726582,1.0427337720088141,1.643908461419663,383,0.4594006391950706
570,long,0.0,30,points,2.29001263363525,234.21061751677186,points,7.676842678534203,381.9458620318927,960,0.0,10.0,state,75,state,state,behind,0.5,0.32001655386844935,0.4972518531489662,1.085033098198188,13.363281426113442,803,130.06463414634146,1.002054139850791,True,-0.1624773709055736,-0.24626795250600975,0.9626044832710419,-2.3170403851095864,337,-0.2121559047696979
570,long,0.0,14,points,1.0351838326965765,153.41047920361308,points,1.741813114037642,368.13526094019693,960,75.0,3.0,200all,75,state,state,behind,1.0,0.6595295638970324,1.1690707304821977,1.2087542052571094,19.97517946075381,852,138.00133037694013,4.020404209526309,True,-0.12868623328558257,-0.2108934441527536,0.9658113781566482,-1.4001409844086883,360,-0.18208542531929242
555,long,0.1,21,atr,5.664346998613266,260.9341235267391,points,6.5769865832572645,369.31123546082614,960,50.0,10.0,200all,15,state,state,confluence,0.5,0.9778847617182199,1.7029877535541218,1.3539664772204727,29.241478058548175,871,141.07882483370287,8.198688174208526,True,0.5881395041363097,0.9418024381553054,1.1920968576863997,6.237334264899992,360,2.3840308018298333
555,long,0.0,50,atr,5.454860968009564,276.6529132838979,none,5.320833592696774,348.1612413269867,960,50.0,10.0,200all,75,state,state,behind,0.5,0.9070235691259408,1.6037291481587401,1.3394673405675939,26.22242776151265,821,132.980155210643,7.269348323182271,True,0.1746239764704977,0.275074415239231,1.054972634605778,1.806562748720153,337,0.4283828729935665
570,long,0.0,21,atr,5.5735396963960415,190.4583788067353,none,7.688217010062778,218.94669777514792,960,100.0,5.0,200all,150,state,state,confluence,0.5,0.4351538441508005,0.6792616077066338,1.1347295332226544,15.10279525975631,867,140.4309312638581,2.655817618858433,True,-0.06046678136849118,-0.08561274203620413,0.9830205964316638,-0.773350858467925,362,-0.08340003722122379
555,short,0.0,21,atr,5.498827389176319,203.661838811227,points,7.789530179598365,396.0145916719045,960,50.0,25.0,200all,15,state,state,confluence,0.5,-0.5333968481754657,-0.7796421156222059,0.8179431866692504,-14.750304101383747,626,101.39534368070953,-0.8839611149430712,True,-0.4158992729464356,-0.5661082614374984,0.8614069779895229,-3.7825901911352853,275,-0.44818935677747324
570,long,0.0,21,atr,5.73034191088189,193.45035669754287,points,6.164553211861191,162.47376382678743,960,50.0,5.0,200all,15,state,state,confluence,0.5,0.8847887342935539,1.3456950849726517,1.284492536185961,23.049329891639957,867,140.4309312638581,5.335831818155434,True,-0.17900538314716857,-0.24033795510528938,0.9515162756925308,-1.6013308819076246,362,-0.2600136716752371
570,long,0.0,30,atr,5.551413130666226,180.64613201031474,points,5.240475872378853,286.3785386959439,960,75.0,10.0,state,15,state,state,off,0.5,0.43671088838578753,0.6453446708634699,1.135022500658359,16.043546807590086,774,125.36740576496673,1.8954884983395373,True,-0.47906783981755935,-0.6579668282853917,0.8738795283223028,-6.3860388348339026,326,-0.6053759049690607
555,long,0.0,21,atr,4.491320816808904,193.39650565558915,points,6.397380301543266,348.6014983413781,960,50.0,10.0,200all,15,state,off,confluence,0.5,1.0329780038052943,1.7228377998658242,1.3433864620921572,35.91927798745876,882,142.86053215077604,7.312031245702177,True,0.0203430776545999,0.030010318771560473,1.0057712858501024,0.24662947162892035,370,0.043870965589612634
570,long,0.3,30,atr,4.014645625586561,226.74558646515612,r,4.8267836657024965,391.409511305171,960,50.0,10.0,200all,15,state,state,behind,0.5,0.8033183730216545,1.4808607365514943,1.2985337358056859,21.366212639838714,771,124.88148558758314,6.3639662116890126,True,-0.029240151828983842,-0.04561234383627039,0.9907945819715546,-0.26444669764268336,316,-0.038058775853615764
570,both,0.0,7,atr,3.2820479357771353,285.9742449813342,points,5.27395594215341,162.61039820165868,960,0.0,10.0,200all,75,state,state,behind,0.5,0.2895249985033052,0.40254154882355375,1.0582968722409667,12.53667609410417,1332,215.74855875831486,1.4135913712713797,True,-0.7706597354886456,-0.9517175871833548,0.8574856986727782,-12.637707568017259,563,-0.8548695322621038
570,long,0.0,50,atr,2.4619954742284023,185.97295148932793,none,7.849032764163475,248.52540397882433,960,50.0,0.0,200all,15,state,state,behind,0.5,0.8233199436264498,1.8292202390911674,1.3077545126861065,20.772370220378683,807,130.71252771618626,5.715917208849942,True,0.04773462824681103,0.09261425739601147,1.0145810450552282,0.41513790988103394,332,0.07579126964795088
555,long,0.0,14,range,1.986771730880061,166.649616105801,points,3.9556319963772095,288.0573328550172,960,50.0,5.0,200all,75,state,state,off,1.0,0.4679729310280896,0.922980961298324,1.1943230680797614,9.327933813053505,614,99.45166297117517,2.213608643920037,False,0.023429636248920346,0.042667569933647266,1.0084258839559288,0.17580003702261937,259,0.039638088889836824
570,short,0.0,10,atr,5.678783604119049,254.93853830429288,points,6.160238929618756,271.54472640896086,960,50.0,3.0,200all,15,state,state,confluence,0.5,-0.4605451089466317,-0.6749898590056224,0.8469481196667492,-12.871976499753398,645,104.47283813747228,-0.7651873774898472,True,-1.196304581567607,-1.5226878573954008,0.6384860833286942,-11.025344321704095,290,-0.9675779586066082
570,long,0.0,21,atr,5.925231834360303,283.35421950984403,points,4.110665683631302,202.9802700889004,960,50.0,10.0,200all,30,state,off,confluence,0.5,0.7125034471325046,1.0178516468089622,1.220638126831998,23.44433430958677,867,140.4309312638581,3.523915534007752,True,0.6144931786557951,0.8638843879506318,1.188536834214768,6.768246679453734,362,1.9235424914045673
570,long,0.0,10,atr,5.115370534693986,188.97858707933767,none,4.225876678675803,326.95507020736005,960,50.0,10.0,200all,300,state,cross,behind,0.5,0.8280658182233701,1.380957242969993,1.2974623762104505,27.963619405703753,820,132.8181818181818,6.823893210087359,True,0.34386006977238,0.5260292803682445,1.111716512301629,3.6158235500281104,341,0.7795085138096052
570,long,0.5,14,points,1.0154295617731255,231.5914837404186,points,2.973142561646819,198.8600063616249,960,50.0,5.0,200all,75,state,state,through,1.0,0.4236211052117684,0.6406289873689275,1.1340350734482414,10.94211733506135,802,129.90266075388027,2.1879172331154293,True,-0.07252008531735207,-0.10565730829640341,0.9794247601455405,-0.6564649847765294,331,-0.07567055888741178
570,short,0.2,50,atr,3.3901551082496604,178.44274605084803,none,6.003864322078022,271.55437399596957,960,50.0,10.0,200all,300,state,state,behind,0.5,-0.7053630032693582,-1.1664188305349006,0.7390601483443558,-18.35932834889101,547,88.59944567627494,-0.8317175377574654,False,-1.3579355156745427,-1.8127985706524952,0.5692967218325923,-10.374566024700933,232,-0.9855885577790449
555,long,0.5,21,range,5.867128347587827,230.44278289530908,points,5.70704985265594,295.05420429604186,960,50.0,10.0,200all,15,cross,state,confluence,0.5,-0.08283402429349784,-0.14042374438064373,0.9358117893413688,-0.7243241027500239,116,18.78891352549889,-0.21889510647256774,False,-0.5349944182168178,-0.7878156998304965,0.656346122863904,-1.3469609460177165,50,-0.8395637128587413
555,long,0.0,21,atr,5.894168021706284,189.7756862834212,points,7.336024197932869,344.04908983465407,960,50.0,10.0,200all,15,state,state,behind,0.5,1.0800875937747465,1.8950284580605243,1.410279305169383,31.977227196834637,826,133.790022172949,8.882560889643802,True,0.5781414409369023,0.9361748051149728,1.1940012573649526,6.136864687013055,343,2.2322570465615024
555,both,0.5,21,atr,4.888757472263178,127.19392094498556,points,7.410188720776127,356.38240570874825,960,50.0,10.0,200all,75,state,state,confluence,0.5,0.48695842680928486,0.7850597896013329,1.1318983440144186,19.06391965224212,1317,213.3189578713969,1.804329205964178,True,-0.540557262516561,-0.7704587873670722,0.874469484003114,-7.208725301455226,553,-0.7282385905879503
570,short,0.0,21,points,3.5087556777685496,148.23836204555474,r,6.3498153501525625,384.9895632164317,960,50.0,10.0,cross,300,state,cross,behind,0.5,-0.38896996015570795,-0.7603620809951787,0.8065534560456262,-9.471357897153334,362,58.634368070953435,-0.6045877148039436,False,0.21037983534044633,0.3931873491552441,1.105587054048145,1.5149515765976134,159,0.48927712642446186
555,long,0.3,10,atr,4.253455708359887,195.3450720022656,points,7.380624573516857,283.82090818039643,960,50.0,10.0,200all,15,state,state,confluence,0.5,0.7847265775664173,1.2992647857115827,1.265630017362597,22.455607483531224,860,139.2971175166297,3.586222134800075,True,0.41967071813006623,0.6533041332393554,1.1315946067122487,4.491600916659221,363,0.8006844940193306
555,long,0.0,50,atr,5.916112171582131,261.3601971692092,r,4.068109208380837,331.42028008078427,960,25.0,10.0,200all,30,state,state,behind,0.5,0.47757478872097076,0.8172141954694867,1.1881929669585045,11.888306574789096,821,132.980155210643,2.332729168595495,True,0.05238309161994853,0.0828852789778686,1.0182820987990293,0.4643578124533806,337,0.1536952265506286
570,long,0.5,14,points,2.9827932960556467,271.2797756721182,points,7.899046897792953,334.3223134015479,960,50.0,5.0,200all,75,state,state,behind,0.5,0.6257340046052319,1.0278724288781633,1.2297369671311358,16.672554289472483,738,119.53636363636363,4.18723197747269,True,0.6188637789611755,1.0379382358250742,1.2248725517514654,5.7885899991879,303,1.2845117134380248
570,long,0.5,10,atr,3.60888247759045,227.8461795334255,none,6.991420247913221,284.59216781630096,960,0.0,10.0,200all,300,state,state,behind,0.5,0.7214440974744375,1.1797775851861436,1.237893622949109,25.756297477386,735,119.05044345898004,5.220169400553393,True,0.500912724482869,0.7833687636276417,1.1423660066311196,6.078889813009245,301,0.7126948957549278
570,long,0.0,10,atr,3.118249371216409,235.3915334386651,none,7.9336648677785675,186.67542991647227,960,75.0,3.0,200all,300,state,state,behind,0.5,0.6158824788055577,1.0540088856006695,1.209302108837113,19.310833122172802,820,132.8181818181818,4.084397488286486,True,-0.09420335020623186,-0.14132904280732003,0.9725548715323562,-1.0760801602316548,341,-0.1317395479756784
555,long,0.0,21,atr,4.985711942338062,260.1858768215485,none,7.962582869025254,265.56573718185325,960,50.0,10.0,200all,300,state,state,confluence,0.5,0.928487658938425,1.6231008143938797,1.3314974013909004,27.671577655041308,882,142.86053215077604,7.397614661182977,True,0.29409654748883957,0.4619035738106351,1.0911305157894322,3.2052129827318416,370,0.8443015625827632
570,long,0.0,7,atr,5.190381182885197,223.62667072333025,points,6.730024447683416,287.04089439597317,960,75.0,5.0,200all,150,state,state,confluence,0.5,0.5476042756442223,0.8311799537727047,1.1719102732478066,18.80371901934363,896,145.1281596452328,2.531304731433774,True,-0.04784823154227267,-0.06482617333556606,0.9860680933627815,-0.6218086814604362,378,-0.07004858960568086
555,long,0.0,21,atr,5.958343682469115,203.66695326604568,points,7.350242714756109,222.95712368415832,960,50.0,10.0,200all,75,cross,state,confluence,0.5,0.3431871120893749,0.5185816660363011,1.28540324451654,3.722484116824937,142,23.000221729490022,1.2725477274860324,False,0.5823668664035109,0.9969884340983212,1.5112483670126702,2.209139169766273,65,1.8833292275949662
570,both,0.0,21,points,4.662858555910402,114.26580121458824,r,7.433167417714303,231.8314574285614,960,50.0,10.0,200any,300,state,state,behind,0.5,-0.23219361675833514,-0.4230116001896316,0.9449405902726744,-8.662264489506999,1436,232.59379157427938,-0.48026520007637535,True,-0.8323506077891822,-1.447124481409262,0.8254056572879523,-9.928751736012558,610,-0.7546156715570004
570,long,0.0,21,range,5.584507155181403,178.61422089077666,points,2.873351813801723,166.15745341269445,960,50.0,10.0,state,15,state,state,confluence,0.5,0.21801314564103097,0.3410468091202007,1.0679270775616034,4.7242964179086835,735,119.05044345898004,0.7121910205140737,True,-0.992952552998059,-1.3894230047903582,0.751853087118442,-6.98998768686252,315,-0.841749656898505
570,long,0.0,50,atr,5.179708287985465,292.80429904817777,r,3.953427115213697,231.11921695173902,960,50.0,10.0,cross,150,state,cross,behind,0.5,-0.1943374306597665,-0.3040182480379467,0.8891860445617787,-3.5691510514474696,245,39.683481152993345,-0.3074684231342682,False,-0.1251883356304038,-0.17926817323654112,0.9373593538357397,-1.1931770093061738,129,-0.17777488909540798
555,both,0.0,14,atr,5.839168520702702,186.12937188210924,points,7.455125308851086,325.61586327657113,960,50.0,10.0,200all,15,state,state,confluence,0.5,0.2539510661245413,0.3877083911079068,1.064831962965916,10.386043860939399,1406,227.73458980044344,1.087289411173468,True,-0.07667638344239172,-0.11102524617885876,0.9816584107983091,-1.059734654662389,587,-0.19358438541865763
570,long,0.5,21,atr,3.7537025269366224,109.0326645135472,points,6.9226780560535826,170.12631072808546,960,50.0,5.0,200all,75,state,state,confluence,0.25,0.4985731152934867,0.7585481477899724,1.1602863739296998,11.97157292918684,740,119.86031042128603,2.4735401945898703,True,-0.336042222337948,-0.460900983233425,0.9066652899420214,-2.7842393294192855,307,-0.38402591548605736
570,long,0.0,30,atr,3.387761055545653,289.74080152953115,none,4.742898511679276,155.90203124159854,960,50.0,10.0,200all,300,state,state,behind,0.5,0.9824526710616707,1.9521671828602944,1.3701051625572924,26.65998799782826,808,130.87450110864745,9.089953128798292,True,-0.3037965170833595,-0.4827028903905806,0.9126418700956063,-2.778573695521204,332,-0.4465350754362496
570,long,0.3,10,atr,4.49383888304044,278.36060048034096,points,3.3042351956652527,296.2047806061799,960,150.0,10.0,state,15,state,state,confluence,0.5,0.2602122237964121,0.37991488445938937,1.0712894656543712,10.600319102402533,829,134.2759423503326,0.9471171402781281,True,-0.2359535054104318,-0.331614045560475,0.9433433626204503,-3.304556730947143,338,-0.26804161146510097
570,long,0.1,30,atr,2.841231669643755,257.16795947688854,none,5.304937334973534,129.4824476909158,960,50.0,10.0,200all,300,state,state,behind,0.5,0.9330080942461338,1.962415485123223,1.3549917093712864,23.84075948665256,792,128.2829268292683,9.965452910893157,True,-0.11061474134932801,-0.18766742228079647,0.9668270772158396,-0.9503450953929073,324,-0.1323285460376779
570,long,0.2,30,atr,1.7302554847080602,216.7004282743765,none,3.108172199487893,208.1928844995548,960,50.0,10.0,200all,300,state,state,behind,0.5,0.6088187717978605,1.3621945108767104,1.2239158907993248,13.718741982627737,780,126.33924611973393,3.5058785830095944,True,-0.003667447228985071,-0.007269316076332534,0.9988569444516906,-0.027956043915974504,319,-0.005471110484729282
555,long,0.0,30,atr,4.337780616442224,195.5108725852516,points,6.918047585213126,289.7992184672622,960,50.0,10.0,200all,15,state,state,confluence,0.5,1.1841556808680422,2.1550681807178402,1.4207851340967972,33.515672096426734,874,141.56474501108647,10.687692022607031,True,0.6477844860494271,1.0753509312016944,1.2048390737203971,6.835919937866503,362,2.4339623698931465
570,long,0.0,30,atr,3.6944668133833916,297.243664735761,none,1.7480935394893091,89.15425229072251,960,50.0,10.0,200all,75,state,state,behind,0.5,0.9848698567297001,1.9104398576728228,1.3731331100260464,26.972601185403647,808,130.87450110864745,8.392910709099128,True,-0.20970765051738965,-0.33144286678767443,0.9383863581921097,-1.9548377799239631,332,-0.32767943398689914
570,long,0.0,30,atr,4.140096858445505,274.2181121753131,none,5.95661774089112,103.32328557965312,960,50.0,5.0,200all,300,state,state,behind,0.5,0.997303734260043,1.9101254869687425,1.3853550415980593,27.823659517672926,808,130.87450110864745,8.288686083300938,True,0.07301081407390751,0.11843676482993486,1.0230740516280183,0.710102064279478,332,0.14108440319486415
555,long,0.0,30,atr,3.0169078778025025,157.80569326495765,points,6.207885709510034,359.1461210584585,960,50.0,10.0,200all,15,state,state,confluence,0.5,1.158736489544799,2.392775403498817,1.4193913377231535,32.29056617954261,874,141.56474501108647,10.42637174118148,True,0.31186244291351173,0.5551927606234781,1.0928900122615355,3.100476627208221,362,0.848960453859444
570,short,0.1,30,atr,2.7168575102984565,193.23326160789134,none,6.9106881536437,73.74821624443024,960,0.0,10.0,200all,300,state,state,behind,0.5,-0.9101996851896433,-1.4020861680702588,0.7199816548097265,-36.091341589385884,556,90.05720620842573,-0.9299743294888031,False,-1.2940548849611064,-1.9247239296085497,0.6537945167997916,-15.74190291239297,241,-0.9994160526749046
570,long,0.1,7,atr,3.2212084574616062,153.08543232611214,none,5.751553078242877,40.95476317199736,960,50.0,10.0,200all,300,state,state,behind,0.5,0.9333969395118108,1.7154503600830944,1.3493933368176918,25.31284270134305,807,130.71252771618626,5.624835201408876,True,-0.0011089182442512292,-0.001666286901315396,0.9996491412537587,-0.01062302753984623,333,-0.0014390176745654874
555,long,0.0,30,atr,3.7358084566873138,176.2813607862217,points,7.152260312226279,191.91567627826868,960,25.0,10.0,200all,15,state,state,confluence,0.5,0.7035281708260793,1.1761670519877847,1.2383042366236692,15.30108800896203,874,141.56474501108647,4.415268640383101,True,-0.06812279331269361,-0.10117036561023458,0.9806095527131313,-0.5201697133316943,362,-0.1847508765767256
570,both,0.0,50,atr,4.296975609513767,165.36185885499162,points,4.280967572873942,238.16594211836028,960,100.0,10.0,200all,15,state,state,confluence,0.5,0.29213750427523133,0.44562368851591205,1.0640174728760534,12.361856188442818,1356,219.63592017738358,0.85059912939697,True,-0.6955686322132113,-0.9749713666834715,0.8658160587927489,-10.06288800075798,568,-0.777946260579526
570,long,0.0,30,atr,4.670109404408838,288.455164057898,none,5.68166033156232,154.517395332612,960,50.0,10.0,200any,300,state,state,through,0.5,0.7130820788818092,1.2352701542156543,1.2420986377784615,20.656772454426747,898,145.4521064301552,5.952169359195731,True,-0.3491082524746309,-0.5358483835479876,0.9020763986929028,-3.6816003311706713,373,-0.4454634876026262
555,long,0.1,30,atr,2.137278078304207,265.1954302366899,points,5.071867292859999,128.10877490866378,960,50.0,10.0,200all,300,state,state,behind,1.0,0.635122266506252,1.0795471530235115,1.1761525451913744,12.487480931764177,844,136.70554323725057,2.598136894090211,True,-0.17357215206592036,-0.26088674462416417,0.9590625393275662,-1.153275810096095,348,-0.29329593075667215
555,long,0.0,30,atr,3.46422012407876,80.48759634221014,points,6.2872653272208225,302.9145510964233,960,50.0,10.0,200all,15,state,cross,confluence,0.5,1.0480396743006737,1.9202687953432358,1.3445923868490912,31.89028215817121,874,141.56474501108647,7.566776625385909,True,0.26226772764391987,0.4344332735999259,1.0750256588452116,2.8181652652693514,362,0.7384915172105522
570,long,0.0,50,atr,3.858175246501819,171.10639230943704,none,5.07619022627931,392.1511012612537,960,75.0,25.0,200all,300,state,state,behind,0.5,0.6463750959276489,1.1171025494079487,1.2125637236149005,19.3254992906214,807,130.71252771618626,4.364353089930621,True,-0.16313007121143677,-0.2467512519824802,0.9545816774914286,-1.7022716234069377,332,-0.24128344139414462
555,long,0.0,30,atr,3.451621670430412,219.13243938788742,none,3.1118928145557816,321.1955563053446,960,50.0,10.0,200all,15,state,state,confluence,1.0,0.7632314033095681,1.3976273754404427,1.2469153669327508,22.174602129476128,967,156.62827050997782,5.482528596897714,True,0.148385024100659,0.25121541653020285,1.0420917870782969,1.526589572072702,401,0.4046727980960408
570,long,0.1,30,atr,1.610653547376001,244.01803454574952,none,7.4551505006504195,175.87070491182504,960,50.0,10.0,200all,15,state,state,behind,0.5,0.517569973352488,1.1741980068967435,1.1898348165726371,11.691586035780292,792,128.2829268292683,2.7630697227110703,True,0.03298114374346617,0.06834829554360192,1.010373630078269,0.2504094960344485,324,0.04347802898003624
555,long,0.0,30,atr,2.5085962639078865,184.27447119481954,points,6.174117503318304,371.5446515732254,960,50.0,10.0,200all,15,state,state,confluence,0.5,1.1450621152489342,2.4963294470616817,1.4201538700117862,30.928963172825284,874,141.56474501108647,8.387091538936893,True,0.106979680217733,0.19693465981143754,1.0307536853137853,1.0239129949377,362,0.2688454258182425
555,long,0.0,30,atr,5.091009887201901,175.14671676759465,points,5.7201042317054664,199.00915438188702,960,50.0,10.0,200all,300,state,state,confluence,1.0,0.8131698478132692,1.2587292398397159,1.2460323642639235,23.074715485395455,967,156.62827050997782,4.543219971518089,True,0.22883727826915026,0.33123583383453215,1.0623691317468231,2.2821993029698255,401,0.4625495635011741
555,long,0.0,30,atr,2.1741398024436673,266.23076507746475,none,6.642460125494255,133.29164679375458,960,50.0,10.0,200all,300,state,state,off,0.5,0.6670308490916383,1.4049766387799096,1.24140821465174,16.0043493835078,777,125.85332594235032,2.8639224812833888,True,0.019497948705379325,0.03763127189906021,1.0060444477979724,0.16705564901974213,315,0.03816370076004343
570,long,0.0,10,points,5.329410444283001,279.2957500901005,none,4.337688919180465,182.65014597861585,960,100.0,10.0,200all,15,state,state,behind,0.5,0.7278549970933298,1.2148611938917113,1.2379708562148097,24.06332526946443,820,132.8181818181818,4.5387006944045245,True,0.26718459486972623,0.41557724076182134,1.077149902037398,3.084871396672021,341,0.6119913279139403
570,long,0.0,21,points,0.5531656533318949,161.76054234903143,points,4.948940946162724,359.97442891990903,960,50.0,5.0,off,75,state,state,behind,1.0,0.32982443607084777,0.6212638667638433,1.3088848948830611,3.1983038203334093,127,20.570620842572062,1.6341799898387896,False,0.10269010423336389,0.16653003526088234,1.0849906631359307,0.3397942291953257,58,0.2662500299800178
570,long,0.0,21,points,5.963567945456623,113.29337442668452,r,6.01271969442128,359.5635549180047,960,50.0,25.0,200any,300,state,cross,behind,0.5,0.5406054176833783,0.9734483555834461,1.1584963803167296,16.097768745395378,900,145.7760532150776,1.931285318922139,True,-0.35995265898897133,-0.6086104923503626,0.9096748049391405,-3.5762784119237083,376,-0.519594590278581
555,long,0.0,21,atr,4.733736599106884,221.7015547020356,r,7.107435655733558,336.74689757506775,960,50.0,10.0,200all,15,state,state,confluence,0.5,0.9782147069972215,1.7427231461922765,1.3511672745972507,28.886773384419755,882,142.86053215077604,8.122668431997484,True,0.32471640184234796,0.5145191837423375,1.1009127849892186,3.5177343816605355,370,0.914511707273594
570,long,0.0,7,atr,5.251706889185177,198.37625300703283,points,5.775329255892743,224.72411975125013,960,50.0,10.0,200all,15,state,state,confluence,0.5,0.8065481089644329,1.2383778705719581,1.2650090579239255,23.295866301520775,896,145.1281596452328,4.31966365320126,True,0.23763379163153384,0.34933879913742055,1.0698285513444399,2.3420992555748055,378,0.49308915709094536
570,both,0.0,10,points,4.94776461972043,284.8309033652181,none,4.313884423092071,263.7483818294284,960,50.0,10.0,200all,15,cross,state,behind,0.5,0.23041356542351302,0.48094353112452176,1.2171004863396608,2.9328907812596374,156,25.267849223946783,0.878969058113867,False,-0.18395987728893198,-0.27869147243798437,0.8806217836287868,-0.6965371112599809,77,-0.37747980728999014
570,long,0.0,14,atr,0.7559126751400507,258.1622802067479,points,2.1026996826511613,385.0654884696845,960,50.0,10.0,state,75,state,state,behind,1.0,0.27620639666297886,0.732544462424071,1.1010317490218315,5.92937641271326,838,135.73370288248336,0.6684265304579987,True,-0.6581211148289745,-1.319883033447491,0.8118245916295909,-4.670193849622786,358,-0.5695855558382451
570,long,0.0,50,points,1.5912546413128053,198.6009921508854,none,5.0069647953158425,391.4555725103608,960,50.0,10.0,200all,15,cross,state,behind,0.25,0.2555870254503551,0.5827691491565025,1.5635787095699325,1.6469013695783485,34,5.507095343680709,1.6093138770095403,False,-0.18829244347880203,-0.27306273513242996,0.7227344496438445,-0.4565711508194407,13,-0.3972069718209551
570,long,0.1,14,atr,2.4132159681908796,247.57157907216927,none,7.856184477290361,153.48744715857347,960,150.0,10.0,200all,300,state,state,behind,0.5,0.7417834515731978,1.4459984085120343,1.2435225536757375,23.837188695809306,799,129.41674057649666,5.110986869648347,True,0.04478282505475012,0.07274394609556141,1.0118540835874656,0.50132746944448,329,0.0658686373151233
555,long,0.0,30,atr,3.2856803775020227,229.17271286911966,points,6.707646568780646,268.64471421432705,960,75.0,10.0,200any,15,state,cross,confluence,0.5,0.7432326920636207,1.270528794373354,1.2053181034772165,25.32137096266206,955,154.68458980044346,4.350873744338047,True,-0.17974877254361515,-0.28571854249718615,0.9581823546200592,-2.161024450471411,397,-0.36079078560247807
555,long,0.0,21,atr,4.643204530845422,178.7117758363145,points,7.503980270302449,397.95211262457923,960,50.0,5.0,state,15,state,state,confluence,0.5,0.5035169877015995,0.8185224247561967,1.165652540412623,17.32849050044539,867,140.4309312638581,1.9207601277412105,True,-0.10792638361400454,-0.16918329428731765,0.968301339587789,-1.2751001328451383,360,-0.19022332200527667
570,long,0.1,30,atr,4.087186224956548,263.13703888888136,none,2.930334909587107,94.76239181206182,960,50.0,10.0,200all,300,state,state,off,0.5,0.8932098735625237,1.677663127269871,1.3486922124881733,23.15052613968312,742,120.18425720620843,7.231281161920318,True,-0.024744202626338523,-0.038732134375056224,0.9920608348903329,-0.21633873558661243,301,-0.03275799688985204
570,long,0.0,30,atr,3.2662018796039702,268.17499046774356,none,5.47439269089711,211.8022477137532,960,50.0,10.0,state,300,state,state,behind,0.5,0.717345214231396,1.3834012604537282,1.2591431290988746,23.088587761247254,803,130.06463414634146,4.617256894936969,True,-0.9303284288558593,-1.322128795839692,0.7466534986205253,-10.257882839033647,337,-0.805966909089114
570,long,0.2,10,atr,4.624504168146039,236.40224579110603,r,5.732763733376077,194.0446031163645,960,50.0,10.0,200all,300,state,off,behind,0.5,0.8422049472005894,1.3783862693803053,1.3104260593918584,28.139224730877512,786,127.31108647450111,4.493829595203468,True,-0.08746798000199954,-0.12192021617730275,0.9721350698170443,-0.943742004146328,324,-0.10635037449069126
570,long,0.0,14,points,5.120118369319895,164.85609051795112,r,7.464810076095944,387.8092016104666,960,50.0,10.0,200any,300,state,state,behind,0.5,0.8361307758926741,1.543477376597684,1.2881580917093536,24.001662523187996,901,145.9380266075388,7.044539392626969,True,-0.21392044070123942,-0.35189340992465595,0.9404005433213591,-2.2072164796161298,377,-0.36473076117625997
570,long,0.0,21,points,5.321717385438931,188.3563273816072,points,6.014806616813944,309.36517808759817,960,100.0,25.0,200all,15,state,state,confluence,0.5,0.8534762938331844,1.4417518688385818,1.2574692683062383,27.057362163565287,867,140.4309312638581,7.143375029314448,True,0.17916890989515816,0.2794668731413997,1.0464583755308756,2.0424666883749882,362,0.34260326454271267
555,long,0.0,30,atr,4.954756802700889,223.60234997650764,points,6.6015401708648715,167.2699614542114,960,50.0,25.0,200all,15,state,state,through,0.5,0.8628064521293602,1.29199369555015,1.267360748325677,20.779559946320717,828,134.1139689578714,4.089345024147285,True,-0.09517244521392926,-0.12664105039819873,0.974608446301096,-0.8189625379750103,340,-0.15810492031916412
570,both,0.0,50,atr,1.6350766969203887,250.72486130899586,points,7.253116390771516,155.97724203592182,960,50.0,3.0,off,75,state,state,behind,0.5,-0.10958840907249386,-0.18866065282643302,0.9272187009717727,-0.7619427581336538,125,20.246674057649667,-0.2534331621118736,False,0.04304735125160102,0.0778461246518913,1.0317346152803437,0.09476661319302404,44,0.06658463075405724
555,long,0.0,30,points,3.8772658059635425,226.90269489386014,r,4.8637975467888115,81.70610074698926,960,50.0,10.0,200all,300,state,state,behind,0.5,0.9086128971967271,1.6160097145891468,1.338419345280506,26.293312878928027,823,133.30410199556542,7.098347483986474,True,0.2917850767115791,0.47190676446846064,1.0935402122769287,2.967054367385373,337,0.8598290817549071
570,long,0.0,14,atr,0.6224586971362746,98.41536251197586,points,2.305733406517043,345.15844511185173,960,0.0,5.0,200all,75,state,state,behind,1.0,0.13957382463273182,0.37335781961880654,1.0480550839125564,2.937095842581572,852,138.00133037694013,0.37258738005843184,True,0.46676622755421165,1.3433223951214093,1.1530864749483158,3.78183097010863,360,0.8233784863633791
570,long,0.1,30,atr,1.3906642899956145,280.42546138029394,none,7.209874610722233,132.12185015340958,960,50.0,10.0,200any,300,state,state,off,0.5,0.35040923897619414,0.799664642965285,1.1212261278485731,7.603200021749341,840,136.05764966740577,1.885566078631737,True,0.04745634254119174,0.10855923156599978,1.0153417487810592,0.3822068611875329,346,0.06704069973485818
570,long,0.0,30,atr,4.437858299667894,296.67528037980543,none,4.668724224625295,141.38759854068613,960,100.0,10.0,200all,300,state,state,behind,0.5,0.6789882141992727,1.1327279418797949,1.2224788624295309,22.233191027100318,808,130.87450110864745,4.632665898863234,True,-0.15866334178451227,-0.2337126176086285,0.956049201021342,-1.8723956294794677,332,-0.2192046351156318
570,long,0.1,30,atr,3.6620403412328173,228.30565557001825,none,4.688245043284468,48.39055244229692,960,25.0,10.0,200all,300,state,cross,behind,0.5,0.45786858029819333,0.8335116261452095,1.1756481632287465,11.320338725085806,792,128.2829268292683,1.495216998168397,True,-0.06617184266792385,-0.10758599379960507,0.9769805240648978,-0.5387217342762078,324,-0.0880700163526831
570,long,0.0,7,atr,4.990334965890703,276.40643240184335,points,7.069030228157342,174.77791728942213,960,50.0,10.0,200all,75,state,state,behind,0.25,1.0076917717665934,1.5486507019984865,1.3485584449022008,25.679599541493253,797,129.09279379157428,6.0404111160702145,True,-0.19662744303410418,-0.26451299988792115,0.9438630896052237,-1.6849585122454738,329,-0.31211058846264955
570,long,0.0,14,points,0.5311525884995626,246.0937223715224,points,1.6977382174269637,356.6661999432903,960,50.0,5.0,200all,15,state,state,behind,1.0,0.9261915295061466,1.6079240416663438,1.3384705435781314,27.44163240004746,852,138.00133037694013,7.07247571133154,True,0.3219792216577358,0.5206072393473181,1.101806388145331,3.3231199704526033,360,0.7875384646981114
570,short,0.0,14,atr,4.997047124827112,293.84519186527126,none,6.700808152436042,166.9630257289974,960,50.0,10.0,200all,300,state,state,behind,0.5,-0.5988618676584061,-0.9713517512774592,0.7715324481972382,-17.156061909838833,572,92.64878048780487,-0.8511489731541183,False,-1.2102854674420924,-1.5701302423951087,0.6102967434340604,-10.94011152323742,254,-0.899603458718696
570,long,0.1,30,atr,4.216757914690635,273.45521675546314,r,5.275990878674652,200.22042027784136,960,50.0,10.0,200all,300,state,state,behind,0.5,1.04411918408872,1.9947003025258996,1.4052638581793515,28.15456233263924,792,128.2829268292683,8.36466788858129,True,-0.023764166950601417,-0.03711579755450184,0.9925706689125282,-0.21882558575595779,324,-0.03384976432922824
570,long,0.0,10,points,1.0251478019997606,96.58601410180222,points,2.8347898554300497,376.32883633218,960,50.0,5.0,200any,75,state,state,off,1.0,0.5897744700444325,1.1518180311554005,1.193510000498988,15.38162243812051,860,139.2971175166297,2.8810818633374033,True,-0.49926338221245303,-0.8933392440574905,0.8670176226924972,-4.37466827432522,355,-0.6214460655518735
570,long,0.1,30,points,2.6197193528241285,273.64106407011957,none,6.703350848085302,208.9079975497009,960,50.0,10.0,200all,300,cross,state,behind,0.5,0.3762112222160563,0.6460614090542919,1.3898544131446435,4.235188813386973,112,18.1410199556541,1.4670082783102525,False,0.006353928143516412,0.00962691095348133,1.0064972708426656,0.021221186387638313,35,0.01386304043022302
570,long,0.0,50,atr,4.52320519647261,234.87598897500962,r,3.5103407456451885,217.6897270250339,960,50.0,3.0,off,30,cross,state,behind,0.5,0.4139211476526809,1.0922421706229761,1.7357566067654817,2.9006218049371832,58,9.394456762749446,1.8637590222873441,False,-0.10934877381569932,-0.17258686617703337,0.86738621492355,-0.30635124535120883,24,-0.2686867843474026
570,short,0.0,14,points,0.8481262451191611,118.66892630003356,points,1.4607121875214342,386.2322123119716,960,50.0,5.0,200all,75,state,state,behind,1.0,-0.7392050321899214,-1.2654545154005021,0.7601298486969056,-19.02815502595122,618,100.09955654101995,-0.9264113325228297,True,-0.7217846545434904,-1.2296786631297982,0.7730410880000408,-5.686180695141168,271,-0.6997437577420951
570,long,0.0,7,points,2.9781147866792734,196.08140676388754,points,2.8670272759935305,169.58400901368321,960,50.0,10.0,200all,150,state,state,behind,0.25,1.0388258400606474,1.6700714838201969,1.3481317875233148,25.210936401567732,797,129.09279379157428,9.156447059695134,True,-0.42192933432681434,-0.5750085737769359,0.8880879667072894,-3.4378417593182196,329,-0.6167561352479887
570,long,0.1,30,atr,1.7693313596114248,276.8627947628187,none,5.794201657266367,45.111597775137355,960,50.0,10.0,200all,300,state,state,behind,0.5,0.6035038932840205,1.3223608950292656,1.2204974284928392,13.959670719945892,792,128.2829268292683,2.996986025998152,True,0.037711887595940935,0.07598530906137041,1.011803285002015,0.2899914732473097,324,0.05736490182729943
570,long,0.0,7,points,1.6658763123378755,155.1014556962499,points,3.8003957443793883,159.59162211106653,960,50.0,10.0,200all,150,state,state,behind,0.25,0.9484315518376851,1.5376162173489818,1.3039456207917357,22.297283898657625,797,129.09279379157428,6.922017031887338,True,-0.36321626917245303,-0.509871332394379,0.9068940844327379,-2.8158771643340326,329,-0.470147253501697
570,long,0.0,21,range,4.766190006053255,162.50121373871994,r,7.898842486658312,378.2082066806537,960,50.0,10.0,200any,300,state,state,through,0.25,0.0910907006324929,0.16681756254249025,1.031227816984725,1.9006855541678225,751,121.6420177383592,0.32212155252161495,True,-0.6367054891873807,-1.0248915254560493,0.8151603288089952,-5.012937313350879,323,-0.6478480351285081
570,long,0.0,21,atr,3.771623291676427,227.28528254223363,r,4.285164045975475,278.8585512671179,960,50.0,25.0,200all,150,state,state,behind,0.25,0.9182380211242707,1.677815392431027,1.3366084841135268,24.177207210672943,792,128.2829268292683,4.950408629693332,True,-0.11374579673974174,-0.1697321447474639,0.9663866536642375,-1.0242417753112365,325,-0.20523944086088491
570,short,0.0,21,atr,5.560224296616673,239.50598579020095,r,5.047471045025861,258.27727455613376,960,50.0,25.0,200all,30,state,state,behind,0.5,-0.8382442979737912,-1.2170677273008326,0.710861395687279,-21.553457502746,569,92.16286031042128,-0.8847714709489647,False,-0.7309611620700093,-0.9631220137559929,0.758336813305543,-6.55562433953558,251,-0.6856668772142244
570,long,0.3,21,range,5.260855672615068,191.7213877470852,points,7.093945884930216,268.456366229053,960,50.0,5.0,200all,75,state,state,confluence,0.5,0.2736511794093527,0.5096227321681404,1.0947546530517092,5.911314657794758,759,122.93780487804878,2.0234618786719842,True,0.18927020311743054,0.3294478401522371,1.0625050467132968,1.5617047929692716,311,0.3117439151754682
570,long,0.2,30,atr,5.9472221877042815,148.4250185718869,points,7.5708587473608215,320.0718175192458,960,0.0,10.0,200all,15,state,state,confluence,0.5,0.4701588239321613,0.6922619826131136,1.1408103526833895,17.703181898148845,827,133.9519955654102,2.795833533991712,True,0.48073510215522897,0.6900602647005964,1.1337096255489623,6.619736374450653,340,0.6724855727523665
555,long,0.0,50,atr,5.100042022334011,262.07530608895433,points,7.551374246811597,352.85395412459735,960,50.0,10.0,200all,15,state,state,confluence,0.5,1.104082129814289,1.9976711156515434,1.4020750722135256,32.62404816137313,870,140.91685144124168,9.710700796049167,True,0.5248529754566537,0.8651800843717242,1.1672662674708802,5.582598862549627,358,1.5339759863981075
570,long,0.2,50,atr,3.052081788429807,251.66301517762145,points,7.477584353512639,216.91665284990933,960,50.0,10.0,cross,75,state,state,behind,0.25,0.1525083432444376,0.2421515352948004,1.1042533012327622,1.5221579371850735,163,26.401662971175167,0.6888398734269112,False,-0.5153063976830493,-0.6096300118343019,0.709527593318869,-3.4495256804992556,82,-0.50810553615244
570,long,0.0,21,atr,3.1473083390787684,88.0545952958078,none,6.152214460386741,203.9090261646033,960,50.0,10.0,200all,15,state,state,confluence,0.5,0.9654459005464067,1.9019721824619262,1.3460509484402874,26.71071353628358,867,140.4309312638581,8.676540827596227,True,-0.21532617024861977,-0.34214928484383383,0.9400737285698642,-2.0715964150086776,362,-0.28224001440857766
570,long,0.0,50,atr,5.539255590601673,284.3326006871412,r,5.271460769764505,113.3689680777611,960,0.0,10.0,200all,300,state,state,behind,0.5,0.7371086774045706,1.2245211674602496,1.2426670176143304,29.04819886275021,807,130.71252771618626,5.514574191124241,True,0.12554946855707685,0.1823576099872835,1.033277528940309,1.685002888823382,332,0.1342876739520154
555,long,0.0,50,atr,4.945883225688415,178.17281132346483,points,7.179029680600858,373.4387477207199,960,50.0,10.0,cross,15,state,state,confluence,0.5,0.38742968489827156,0.6874351234070335,1.303277018317818,4.4110191816769735,174,28.183370288248337,1.6387856499420894,False,1.0070263546030676,1.9408750054542059,1.8878518160314974,5.998800107392819,88,4.864155626965447
555,long,0.2,30,range,4.1761069033277725,144.99631647831194,points,6.038788354732383,218.3456892984973,960,50.0,10.0,200all,15,state,state,confluence,0.5,0.513761857011624,0.9379694499736837,1.1842367653841028,10.1219797726276,707,114.51518847006652,2.315676775471963,True,0.04079713934977142,0.06777523760874314,1.0128778766047413,0.29912844547707595,290,0.09322829465400749
570,long,0.0,30,atr,2.9265041519712063,240.64232663583348,none,7.569582881185012,341.9577050931336,960,50.0,10.0,200all,15,state,state,behind,0.5,0.9921505251765794,2.0664567435666625,1.376182432075355,26.22480741248104,808,130.87450110864745,8.488945064705637,True,-0.19704776595621035,-0.33078935096053025,0.9427295843861743,-1.7374962992570349,332,-0.3028546486943356
555,long,0.5,50,atr,3.3994281943190465,291.22779358013975,points,7.182157197691043,332.65693608610536,960,50.0,10.0,200all,15,state,state,confluence,0.5,1.0205879794921167,2.0285918489132615,1.3730678450471356,27.165219756177606,816,132.17028824833702,7.850296683157023,True,0.23743131127389452,0.41535883996278805,1.0712257880091118,2.291972977249007,339,0.4250155287339929
570,long,0.0,14,points,0.8956120960152301,170.80766469261417,points,2.594300647464153,379.5715056536991,960,50.0,5.0,200all,300,state,off,behind,1.0,0.8231145673187148,1.3866585055578748,1.2731807541094577,27.50264480388944,852,138.00133037694013,5.142034351314824,True,-0.07179587663445747,-0.11196769469786609,0.9796185645408556,-0.7874111599836069,360,-0.11563429030240535
555,short,0.0,50,atr,5.32600156936942,288.65893091012356,points,7.693272213906033,351.03221429332837,960,50.0,10.0,state,15,state,state,confluence,0.5,-0.5061109736829286,-0.7876861696652934,0.8358622366776967,-15.531385257000252,712,115.32505543237251,-0.7329064129515339,True,-0.7212620318909032,-1.0150211865661893,0.7692812719911332,-6.966177651011592,283,-0.7329460825536194
555,long,0.5,30,atr,2.682595127048228,112.8192755720975,none,6.19777694822717,288.54822452888334,960,50.0,5.0,200all,15,state,state,confluence,0.5,0.5712579917550423,1.137542815102261,1.198962758934378,14.655997219261005,812,131.52239467849225,5.3937041636586525,True,-0.030223696468125654,-0.05396714755748784,0.9910851358901916,-0.2856238441923211,341,-0.04593708175838969
570,long,0.0,10,points,4.005568957963099,283.0408677544142,points,0.9040350695371957,111.03287717111714,960,50.0,10.0,cross,150,state,state,behind,0.25,-0.24871689145210957,-0.30853175756527784,0.8778029745941314,-3.3994414764478544,229,37.09190687361419,-0.5245068463327718,False,-0.5719853987533259,-0.6805086784667849,0.7859133413390919,-3.422603021468822,124,-0.6034554182704049
570,long,0.0,7,points,3.3723529827125693,211.8969435278937,points,3.3992586165779026,296.885076172572,960,100.0,10.0,200all,150,state,cross,behind,0.25,0.776294594345662,1.257308025480374,1.2309359116434493,27.33571136158016,797,129.09279379157428,6.882786668615504,True,0.14797070791860448,0.22653146219953177,1.0389326330969448,1.8044294577265276,329,0.29821050919848036
570,long,0.1,30,atr,2.951028203715824,134.21612073904424,none,5.2252266434941195,104.15052996515801,960,50.0,0.0,200all,300,cross,state,behind,0.5,0.28411434441578043,0.5602926177537398,1.2699989705526367,2.9821053433352045,112,18.1410199556541,0.8686985891208093,False,-0.17015229847040234,-0.29942822043836875,0.8413504626023334,-0.4889028098225453,35,-0.28955042483406784
570,long,0.0,30,range,3.6706065738348594,267.87362996196117,points,6.4682746414515,231.05105183182792,960,100.0,10.0,cross,75,state,state,behind,0.25,0.1905508252718391,0.3107270031421064,1.1298872271430456,2.427195985393137,149,24.134035476718402,0.9554506282382207,False,-0.10671703144357662,-0.1645654236922239,0.9460762649642099,-0.5838302137230004,83,-0.1672007717508441
570,long,0.0,50,points,5.4482890881832455,296.7078840438813,r,4.166571223522366,177.9995568368887,960,100.0,10.0,200all,30,state,state,behind,1.0,0.6599517056623875,1.0798813025800946,1.2101623670861699,22.215127423051097,845,136.86751662971176,4.17700858018172,True,0.26756727769931266,0.41424679006370335,1.0770698010790059,3.1396715737732945,344,0.5982109287061173
570,long,0.0,50,points,3.285271081228491,228.80390588504406,none,6.375300824636778,357.6008482470796,960,50.0,10.0,200all,15,state,state,behind,0.5,0.9477517376236057,1.6933696280721873,1.3601000195317021,27.036305929509517,807,130.71252771618626,7.7481471319207476,True,-0.03971013882794184,-0.06118911979845306,0.987727283170985,-0.3797162722831505,332,-0.06369937335795518
570,long,0.0,21,points,4.065038594570871,73.46339322880733,r,6.441190730395059,240.5449555105817,960,150.0,10.0,200any,150,state,state,behind,0.5,0.3525457056505239,0.7183030651355237,1.098799315072569,10.281655014227033,900,145.7760532150776,1.572555979988927,True,0.321615592517584,0.6925211612874339,1.0856368381553332,3.32463265625133,376,0.7477616374170031
555,long,0.0,30,atr,5.2815409966614,218.6869222998102,points,2.850395931871707,324.1349101000219,960,50.0,5.0,200all,15,state,state,confluence,0.5,0.9783071440487037,1.7105985844069997,1.3508067087506384,29.04908211134224,874,141.56474501108647,7.655391675126289,True,0.5036443369669588,0.8119639289174614,1.1607830534690886,5.492712651020892,362,1.2572842958026802
555,long,0.2,21,atr,5.522223750601975,154.14873280285664,points,7.810687075324585,247.47576432159315,960,50.0,10.0,200all,15,state,state,confluence,0.5,0.9894202227005574,1.6409537955728717,1.3420782985166237,27.680206192004746,862,139.6210643015521,6.755031248119433,True,0.5319798125263356,0.8187750959615434,1.165609408639322,5.505651860079059,358,1.3439747827083939
555,long,0.2,50,atr,4.268941808252208,262.1289723152153,points,6.53316279563454,337.5835786832704,960,50.0,0.0,off,15,state,state,confluence,0.5,-0.005297033381817382,-0.008629154986408143,0.9956803769849563,-0.046939440393426235,114,18.464966740576497,-0.015180370078998324,False,0.4943569741234396,0.8878535324707295,1.5078786740087573,1.8955163288662469,48,1.5766904350385265
570,long,0.0,50,atr,3.8236549565826263,237.90927827996902,none,6.376389222858355,353.7527817369333,960,50.0,10.0,200all,15,state,state,behind,1.0,0.9930831654612212,1.9169811200980678,1.3646681362685926,27.665046605907072,845,136.86751662971176,8.420813564171631,True,-0.20385830949669737,-0.32744979403216956,0.9412816727516915,-1.8740698123539186,344,-0.3375729937722759
570,long,0.0,50,atr,4.746795666265867,235.98439630627036,r,7.30478150862751,222.89398014913044,960,50.0,5.0,200all,30,state,state,behind,0.25,0.970538093843875,1.828987651997838,1.3803314598287615,27.15506236042429,790,127.95898004434589,7.203542939674489,True,0.02981203270972364,0.04777307668067464,1.0095117089893217,0.2881196847817431,322,0.06565959290931263
570,long,0.0,50,atr,3.2949716525423085,281.96342260582793,points,4.553812707050382,209.58239391161032,960,50.0,10.0,200any,75,state,state,confluence,0.25,0.9918467175550552,1.7982277904532644,1.313831708113761,25.029591540393458,900,145.7760532150776,9.280697810251807,True,-0.5532491704256086,-0.8364736497158217,0.8668658878230036,-4.819977924442892,375,-0.6709903922186512
570,long,0.0,50,atr,4.431536545738414,248.80280891889444,points,5.637726548908369,365.10088306809286,960,50.0,3.0,200any,75,state,state,confluence,0.25,0.8142089553135667,1.4792297653965447,1.282710745973676,23.679186712635428,900,145.7760532150776,6.344243639407064,True,-0.2797506112937607,-0.44292665853261,0.9229058032191911,-2.909381958199535,375,-0.4486149908985347
570,long,0.3,50,atr,2.100708989774356,248.38201593801,points,3.6994564021383045,174.01551714371814,960,50.0,10.0,200any,75,state,state,confluence,0.25,0.5807994674505655,1.0537512256190067,1.169837034075969,12.298698691939286,861,139.45909090909092,2.9890388433825525,True,-0.46180087445076795,-0.7439406096742833,0.8886773193279103,-3.1934284723286606,354,-0.5996919422433977
555,long,0.0,50,atr,4.38324486079793,221.33183600718482,points,7.610140674498083,268.8014534795923,960,50.0,10.0,200all,75,state,state,confluence,0.5,1.1100922265305602,1.9909046098846883,1.3848585138745375,30.655223062076285,870,140.91685144124168,10.088972480052702,True,0.5862672996172225,0.9769127335491951,1.179836440670596,5.977805521918576,358,2.1813529738929542
570,long,0.0,50,atr,4.439345239689603,205.93741685442774,points,5.086168192722366,236.81473409162925,960,50.0,10.0,200any,75,state,off,confluence,0.25,0.8288778929235672,1.3379711100557456,1.2502736658763183,25.873356696142622,900,145.7760532150776,6.827793207113999,True,-0.21954156578792985,-0.322735562570237,0.9442226640880854,-2.3768484813332327,375,-0.3768135442189949
555,long,0.0,50,atr,3.795918724350044,260.34502692866306,points,6.307391911482963,275.0553860082625,960,0.0,10.0,state,75,state,state,confluence,1.0,0.475772165835139,0.7467641546987478,1.1200464653450777,19.233499747618932,921,149.17749445676276,1.629380122128823,True,-0.3808496997770916,-0.5911638327893812,0.9206438135159294,-5.198986862187995,382,-0.680551380378945
570,long,0.0,21,points,1.2106466431613179,204.7066054378381,points,3.0816721685347357,338.95465552323157,960,50.0,5.0,200all,75,state,state,through,1.0,0.7152393635909141,1.2265807340828752,1.2434740446732122,20.66820881156837,878,142.21263858093127,4.305869681901117,True,0.26666872159020016,0.43947851293138906,1.0837259444464513,2.6646457165013206,355,0.44421078545531656
570,long,0.0,50,atr,3.254405798254252,92.8934404118899,points,5.059518872324002,357.97139327515106,960,50.0,10.0,200all,15,state,state,behind,0.5,1.123462828126665,2.2961727418306026,1.4246051290849358,29.604532740323897,807,130.71252771618626,11.494559270167182,True,0.08218924976324797,0.14342336967123234,1.0249227345653418,0.7413080045672324,332,0.1454860610428531
570,long,0.0,21,atr,3.0104013672461214,299.6285597458262,points,4.707074010582397,233.7684142463706,960,75.0,10.0,200any,75,state,state,confluence,0.25,0.6687309504903419,1.1309550248780587,1.1966233075790598,19.30135041599027,906,146.7478935698448,3.7472489523068977,True,-0.6622077819096557,-0.9513217814812196,0.8460080120813936,-7.100157824512062,383,-0.7598442464810415
570,long,0.0,50,points,3.9557570775699737,255.1082632412712,r,4.941123173684862,231.03409704973606,960,50.0,10.0,200any,30,state,state,confluence,0.25,0.7915040186249114,1.37361364326776,1.2767248958779194,23.42469770177427,900,145.7760532150776,6.836110539141296,True,-0.24103473455439725,-0.3731653585770346,0.9304262468107148,-2.566040336161409,375,-0.3789172497662373
570,long,0.0,50,atr,2.1863380074167185,116.00140395699114,points,3.9491985220909225,343.38852902884935,960,50.0,10.0,200all,15,state,state,behind,0.5,0.7388304120822299,1.5256210233958352,1.2607203888048535,18.01238209702797,807,130.71252771618626,3.2056719258379394,True,0.0926950959112755,0.18346959222337983,1.028508379436526,0.7633012394930097,332,0.1475632335958977
570,long,0.0,10,atr,3.9713145623941895,106.25748531315502,none,3.785204177792518,350.4169024167496,960,50.0,3.0,200all,15,state,state,off,0.5,0.8461428709603993,1.5344476818459565,1.3325346472488284,23.31864973398503,760,123.09977827050997,5.867519360417082,True,0.062022421121038944,0.09638651618399895,1.0205556371354814,0.6028669734276635,309,0.10004730257140239
570,short,0.0,50,atr,1.910596724418083,299.76894184380393,points,5.166248184576667,343.3328714395684,960,50.0,10.0,200any,75,state,cross,confluence,0.25,-0.3699946453536731,-0.7047246036627202,0.875143126446266,-9.909060083928267,665,107.71230598669622,-0.7560958921104811,True,-1.4169224915635277,-2.2070569846731805,0.6040937971904426,-10.787666946655861,282,-0.8423889734204678
555,long,0.0,50,atr,3.7406947132917527,205.62530452746836,r,7.417198656722155,202.55285012368142,960,150.0,10.0,200all,75,state,state,confluence,0.5,0.6962522398017097,1.2586946831031336,1.2143724640368436,24.367502624378375,870,140.91685144124168,3.9445012381036104,True,0.28384919549277615,0.4861899472351628,1.0735127022885824,3.3981381417557364,358,0.7610201257891346
555,long,0.0,50,atr,4.055226166090834,161.05700449224165,points,6.563669103473709,230.83263237120656,960,50.0,10.0,200all,75,state,state,off,0.5,0.9601030463085434,1.6820755143452066,1.3366890163663407,24.140246264250216,777,125.85332594235032,6.899992075884118,True,0.2660903242409424,0.42554143666653876,1.0802192475424226,2.400987575405021,315,1.1122458723719895
555,long,0.0,50,atr,5.263838073726149,190.0931043439398,points,7.832715990278018,193.6416633566056,960,50.0,0.0,200all,75,state,state,confluence,0.5,0.9762382592719913,1.5997747856520534,1.319813568269372,26.462112406622666,870,140.91685144124168,5.463384298752338,True,0.23532263391681432,0.3463338596798248,1.066253345544327,2.279292271981239,358,0.5674425873549549
555,long,0.3,50,atr,4.270177579768041,241.48064731166667,points,7.192405377362547,317.45325208187455,960,0.0,10.0,200all,75,state,state,confluence,0.5,0.6273146300689899,1.0166660380357548,1.1814563239843996,22.123228868871138,843,136.54356984478935,3.4949938779227376,True,0.542821261746857,0.8849508394735552,1.1398073435016314,6.933702331581754,344,0.9009408710974559
555,long,0.0,30,atr,4.545207062381482,227.824645364336,points,6.212078292026629,268.64030457744485,960,50.0,10.0,state,15,cross,state,confluence,0.5,0.6504770938426679,1.0266137742418013,1.205077822818005,20.766794288472347,857,138.81119733924612,2.80099288736439,True,-0.10020196315778473,-0.15151920056898155,0.9722529363400148,-1.0969052285502618,356,-0.21035810033911312
570,long,0.0,21,points,4.233549672047657,179.65487756845675,points,5.821993736289442,266.6987359573561,960,25.0,5.0,200all,75,state,off,confluence,0.5,0.42223353418236187,0.6697972604033668,1.1476362588619398,11.446140595880061,867,140.4309312638581,0.8951792509392564,True,0.024042941049164393,0.038004742665164466,1.0081120076347951,0.21173967072066424,362,0.04326164914188906
555,short,0.0,30,atr,4.823738977369762,201.2622334437274,points,7.963649112141795,303.92590322646697,960,50.0,10.0,off,15,state,state,confluence,0.25,0.20685019644133024,0.35305328949458703,1.2652730700155415,1.4402626903638525,56,9.07050997782705,0.7444202167582374,False,-1.3716020103648028,-1.4358970110893865,0.2331272376454955,-1.8620554101741162,28,-0.8733308569017967
555,long,0.0,7,atr,4.646239702491702,258.49777132074814,points,7.495243546013735,363.37033179307576,960,50.0,10.0,200all,15,state,state,confluence,0.5,0.9077053744371296,1.5181586707507981,1.3182126020206184,28.54987467753267,914,148.04368070953436,5.948086245111703,True,0.5949416029768004,0.9575579229853229,1.1901589723352888,6.53092903763029,389,2.142792304474202
570,long,0.0,14,range,1.7111482459198535,288.370658304466,r,4.782967043210405,398.1625282404552,960,50.0,3.0,200all,75,state,state,behind,0.5,-0.008539079828742116,-0.015149071743989146,0.9970835717206504,-0.1613843709313283,690,111.76164079822617,-0.03416381375619362,True,0.031240051071166383,0.05724184672258652,1.0109047040582657,0.257328863376834,298,0.04381957554642042
570,long,0.0,14,points,0.8656192339747288,241.0631444480137,points,3.3169301114677046,332.27426975343377,960,50.0,5.0,200all,75,state,state,off,1.0,0.8361078184355685,1.4378912421329721,1.31786698211289,23.056273954008255,760,123.09977827050997,5.116144052987098,True,0.30517488486724387,0.49530539247588434,1.1028018484329234,2.931575476480294,309,0.6628647722790179
570,long,0.1,21,atr,2.794615907749896,241.95079052024434,none,5.456630634121506,114.99228355428241,960,0.0,10.0,200all,300,state,state,through,0.5,0.4692855324787042,0.8242708194719434,1.1504553845636383,17.04304695719113,796,128.9308203991131,3.1866640480860515,True,0.07354522230574256,0.11809524894379271,1.0187770811514432,0.8615935241870893,324,0.07584120706301108
555,long,0.0,50,atr,5.363689950057907,272.54113846191626,points,5.773499184065987,369.29300209753467,960,50.0,10.0,200all,15,state,state,through,0.5,1.0029798504617482,1.7840291115237084,1.3732379726764825,28.935178833084017,826,133.790022172949,7.251211310331622,True,0.24309325051329164,0.3867377140826777,1.0767290466879362,2.5176752895440604,336,0.6157552088487678
570,long,0.0,50,atr,4.28943919439758,45.06158665563593,points,5.924144058400264,334.06209007773504,960,50.0,10.0,200any,300,state,state,behind,0.5,0.9556274837591743,1.7276194738893684,1.32834061962174,26.9828656577608,897,145.290133037694,8.666551588702756,True,-0.15738882915023739,-0.25035155687076016,0.9562857438808323,-1.5822967408898714,374,-0.28917541652120393
570,long,0.0,50,range,3.956888352963055,233.10305112481896,points,6.930890462818727,151.7526499594243,960,50.0,5.0,200all,75,state,cross,behind,0.5,0.37271154249295985,0.6427444826108808,1.120380305362786,7.253501581863678,685,110.95177383592018,1.6555051634236355,True,-0.3957219975314991,-0.5838339623681873,0.8908588957224398,-2.7218748458163198,294,-0.4640844239185097
570,long,0.0,50,atr,5.285872634952284,36.557566340820806,points,5.113802735690811,355.42383926375896,960,50.0,10.0,200all,15,state,state,off,0.5,0.9995495845919025,1.7804850546156774,1.3880180016282073,27.574145116181263,760,123.09977827050997,7.342088304528554,True,0.01397333791234208,0.021548057447591952,1.00445923770343,0.13303044006624765,309,0.020767007108220534
555,long,0.0,50,atr,4.69403573504615,291.5242458712195,points,6.817763706624243,322.1340376030622,960,50.0,10.0,200all,75,state,state,confluence,0.5,1.172960003981203,2.146549527914475,1.4240882877260548,33.60510150312963,870,140.91685144124168,10.191721331313673,True,0.6556386574247988,1.1078469835449491,1.210873398003635,6.8574763608214315,358,2.459811032207509
555,long,0.0,50,points,4.742408389071587,236.8995228531556,points,7.46615793488865,399.6748435312234,960,50.0,10.0,200all,30,state,state,confluence,0.5,0.966479542592347,1.7078104764441195,1.3511397452904252,29.187708661104118,870,140.91685144124168,7.722607456785134,True,0.6194529044098475,1.0432396193017424,1.2030923622128094,6.598539218336176,358,2.3826669401881237
555,long,0.0,50,atr,5.523188075063069,289.38168160775103,points,7.778949888943729,323.1130216466879,960,75.0,3.0,200all,75,state,state,confluence,0.5,0.6267358510079447,1.0033710146209414,1.202049108421145,20.740850870015393,870,140.91685144124168,3.6062328195457134,True,0.6071618330156237,0.9919891228344561,1.1820747045435587,7.200778894538885,358,1.617276097501144
555,long,0.0,21,atr,3.5290275168798235,291.6251187678488,points,5.729503155893985,362.5618818812204,960,50.0,10.0,200all,75,state,state,confluence,1.0,0.9098913565556681,1.6616791736925247,1.2982253485121522,27.460906097652853,980,158.73392461197338,7.065126807636192,True,0.19339174086936692,0.3177799044626063,1.0548232974902805,2.0702439546577356,405,0.3870989658786639
570,long,0.0,50,atr,4.575795396309714,200.0350456223886,points,6.2324718141397355,262.11207832314085,960,25.0,5.0,200all,75,state,state,confluence,0.5,0.8112098962292766,1.452928638975253,1.3108410906996377,18.679101220390486,855,138.48725055432374,3.1505179139162025,True,-0.004459336317336165,-0.007146016522350506,0.9985582211785003,-0.03643276638153081,354,-0.008250324547246845
555,short,0.2,50,atr,3.684081221658127,227.19621634389082,points,7.218823534151229,290.21550133666864,960,50.0,10.0,200all,75,state,state,confluence,0.5,-0.428783482349298,-0.6592286193108038,0.8539958008446648,-10.982601476454706,598,96.86008869179601,-0.8673566927725401,False,-1.2105459203338962,-1.611393956924475,0.6439526200263667,-9.48349777577038,264,-0.925064690689048
570,long,0.0,50,atr,4.005570675873532,286.8471211957051,points,3.00662391035903,190.82133800053458,960,100.0,10.0,200any,75,state,state,confluence,0.25,0.45250284411293273,0.6859765355767259,1.1219478960418225,13.814465921256495,900,145.7760532150776,2.4495911310135976,True,-0.6652150533655017,-0.9094558230330021,0.8516694567112424,-7.213818004921327,375,-0.7688342243363754
570,long,0.0,21,points,5.1066896412242695,150.4072288453943,points,2.747333313159736,218.36768724608734,960,50.0,10.0,200all,75,state,state,behind,0.25,0.9539764547694521,1.6523193987649487,1.3241917921905233,23.706444004210407,792,128.2829268292683,7.356544489583722,True,-0.22253804327521146,-0.33864458641529027,0.938847258108883,-1.8849708202982878,325,-0.3561031620979748
555,long,0.0,50,atr,4.152617107136291,276.21722760150976,points,4.787242188613699,311.43985265488783,960,50.0,10.0,off,75,state,state,confluence,0.5,0.15888552255773922,0.2586888450480937,1.1353920189201216,1.355369940915328,117,18.950886917960087,0.7535864374049649,False,0.624648091384533,1.214506307749646,1.6944754798031862,2.4445708766017433,50,2.6634267490376766
570,short,0.0,30,atr,3.229874065650209,248.475648342915,points,5.554262481920956,156.7252749567298,960,50.0,10.0,200any,75,state,state,confluence,0.25,-0.7449016140820326,-1.0001495090483208,0.7980615793542972,-18.064802659823393,668,108.19822616407983,-0.87047115694474,True,-0.4632283424321622,-0.6016507472146906,0.8653941467336673,-3.541470227876094,282,-0.594448299545432
555,long,0.0,50,atr,5.796037742094914,280.6105328130702,points,7.078858012050655,300.34420893753156,960,50.0,10.0,200all,150,state,state,confluence,0.5,1.0363293725826164,1.7714430219042758,1.3692560090832049,30.530730935947773,870,140.91685144124168,7.5601093855744,True,0.5233503893089474,0.8366028421970978,1.1654863752802673,5.6309667681541145,358,1.599817304280903
555,long,0.5,50,atr,5.9229903554710175,167.22811650970795,none,5.747768626371386,337.7657716998711,960,100.0,10.0,200all,15,state,state,confluence,0.5,0.3071442954618396,0.47334582195674607,1.0935212988838505,10.175927888638554,816,132.17028824833702,1.0944252474980827,True,0.012073790132623535,0.018450704238333435,1.0033266328326311,0.14384589383183322,339,0.015096787569577512
570,long,0.0,7,atr,3.172909275540966,207.76248921232343,points,7.041524299179571,191.0323984400293,960,50.0,25.0,200all,75,state,off,confluence,0.5,0.6410878589224787,0.9263544273817308,1.1781700837888964,19.08473218490934,896,145.1281596452328,2.0492906002642854,True,0.07683203691999786,0.10212511370176137,1.019945018056091,0.8228163853516337,378,0.1483302459279947
555,long,0.0,30,atr,2.3474528035230393,155.72683459147774,points,6.025797414110882,339.73275065550934,960,50.0,10.0,off,30,state,state,confluence,0.5,0.315452719331134,0.6291728997515863,1.2828433711933247,2.7144539848334084,125,20.246674057649667,1.5503603074812902,False,-0.09026498678717265,-0.15217025356878305,0.9329363796071335,-0.27727308863666067,54,-0.13781196243839636
570,long,0.0,14,range,0.500731202908941,209.05669021632792,none,1.9942715583725428,391.8033966604469,960,50.0,5.0,200all,75,state,state,confluence,1.0,0.033664620320917764,0.058185112680506426,1.0113625504436627,0.806557861067057,834,135.0858093126386,0.08891967532477724,True,0.03627355860106457,0.06617510691242084,1.0116017729211138,0.31991467988219413,359,0.05448811711657473
555,long,0.0,50,atr,4.345511541839527,256.22585706782826,points,3.987642699196851,174.0855867690626,960,50.0,10.0,200any,30,state,state,confluence,0.25,0.83723841962999,1.3461621463294973,1.251536439108124,21.21779210873364,910,147.3957871396896,4.723660007054034,True,-0.5330078678325185,-0.7396676478829587,0.8730376280027607,-4.7833039580009995,378,-0.7799380238758356
570,long,0.5,21,range,4.176129795025839,193.87676271580685,none,3.3612543557366465,222.69351753170145,960,50.0,10.0,200all,150,state,state,behind,0.25,-0.14004462587819308,-0.23780043112246962,0.9513510923703391,-3.053009868968009,681,110.30388026607538,-0.3845285237580699,True,-0.10195844067829586,-0.17472258123585274,0.9658219331055511,-0.8035113621461218,278,-0.1315638490578482
570,long,0.5,10,points,3.619619661553844,261.30306743313395,none,5.698966781451342,162.40611373380207,960,50.0,25.0,200all,15,cross,state,behind,0.5,-0.4228595992138276,-0.5196941602950452,0.6689035843849706,-3.153273483930532,77,12.471951219512196,-0.536767411947836,False,0.7748313255898783,1.6580410938063064,2.514633378263411,1.9826964214556706,32,4.06954355724751
570,long,0.0,21,atr,4.307884898040337,226.73923038755012,points,5.212854484730931,165.49731510254423,960,50.0,0.0,200all,75,cross,off,confluence,0.5,-0.24077909064226227,-0.3263886983348125,0.8553927520775995,-3.070542941239216,140,22.676274944567627,-0.4984740515419476,False,0.23541312718734878,0.33816236559476615,1.1737993098376174,0.9970000468170164,57,0.4345046283558985
555,long,0.0,21,atr,4.892890028970879,282.17451221619854,points,6.454802521434373,378.4477404115126,960,100.0,10.0,200any,30,state,state,confluence,0.25,0.4583222109395556,0.7242102045945386,1.136355578155949,16.15325333176127,916,148.36762749445677,2.8592667711316078,True,-0.18549685464898583,-0.2776049005206105,0.952648248302009,-2.3085503420615385,382,-0.31099996397631063
570,long,0.0,50,atr,2.419151334730677,228.463947510162,points,5.269534655322893,246.5028698237331,960,50.0,10.0,state,75,state,state,confluence,0.25,0.9341479906142042,1.7973440702514116,1.3080345527930552,24.5984207619975,802,129.90266075388027,3.745127244294372,True,-1.0539544293102512,-1.5266095693125958,0.7350348564104683,-9.733043389400176,336,-0.8012356794918537
555,long,0.0,50,range,3.0794919525499314,243.16569547376045,points,6.81016676472988,343.8282210177048,960,50.0,10.0,state,75,state,state,confluence,0.5,0.3297687611184829,0.6227167601070774,1.1232260084554593,7.566925388756234,681,110.30388026607538,1.2018052525575114,True,-0.4709054984019112,-0.7987598109957693,0.8528042334684828,-3.6600746609037316,290,-0.5941453638443464
570,long,0.0,50,atr,3.183596703022753,131.4592305060894,points,5.31903530667633,326.47350223940475,960,100.0,10.0,200all,300,state,state,behind,0.5,0.7953090439232465,1.4589515786776677,1.2535362548334779,23.706292722776062,807,130.71252771618626,4.31263626063235,True,-0.01145579270941665,-0.019035922511127963,0.9968770415077308,-0.12090317716277199,332,-0.016727798595223352
570,long,0.0,7,atr,3.442991859353504,238.05180464816226,points,2.7885905670481743,210.141436970699,960,50.0,10.0,200any,150,state,state,confluence,0.25,0.936586235257628,1.5318775820850563,1.298159560677111,25.63975790381808,917,148.52960088691796,6.00504077632448,True,-0.32582666776980884,-0.45459689727379726,0.9155761398110667,-3.27734928566155,389,-0.5311167316888805
555,long,0.0,50,atr,2.166852385667691,201.09033566183845,points,7.134911583265371,252.36518201393773,960,50.0,10.0,200all,75,state,state,confluence,0.25,0.7735846209002611,1.53813367532153,1.2606084147886596,18.159806776978936,815,132.00831485587582,3.2101039754638765,True,-0.058638063662471894,-0.10879819031258628,0.983535763034864,-0.4679367985862085,337,-0.13162233174432775
555,long,0.0,10,atr,4.622772389901313,255.21664226757068,points,6.252994050917583,220.3092958315213,960,50.0,10.0,200any,75,state,state,confluence,0.5,0.7136002036602763,1.0912935291256962,1.2171496870482081,21.354974530627917,975,157.9240576496674,3.044781854137225,True,0.0806256892739415,0.11616634985572195,1.021789970631149,0.8539475832487038,412,0.2381707089072779
570,long,0.1,50,points,3.4600654084204367,196.03268447559498,points,7.656149459713823,126.92995989902676,960,50.0,10.0,200any,75,state,state,behind,0.25,0.7008932672523389,1.0253282150323473,1.2017192807926043,16.226056870795333,867,140.4309312638581,4.248158146750479,True,-0.6561035892058353,-0.839976182431792,0.8462675317668681,-5.504988428860946,356,-0.7741296909146566
570,both,0.1,21,atr,5.081496943661238,236.7029919313547,points,5.052869571500136,218.7411079536756,960,50.0,10.0,off,15,state,state,confluence,0.5,-0.14355127212017826,-0.21604802287369604,0.9314034820845496,-1.7176682444780895,275,44.542682926829265,-0.3438803814948391,False,-0.04519838313708123,-0.06933020925743011,0.9759745736787615,-0.20862739286816656,107,-0.04902261880147448
555,long,0.0,50,atr,5.755073120085184,282.6889939767957,points,4.767278403497802,389.9605523635004,960,50.0,10.0,200all,75,state,cross,confluence,0.5,0.8098281080025747,1.3363552550151296,1.2712450996596587,27.363906312706433,870,140.91685144124168,6.367376972150893,True,0.3044802900582216,0.4765547383755521,1.093835910894448,3.4543910154998354,358,0.694248590246691
555,long,0.0,50,atr,3.5502099728496757,256.69561894474873,points,7.307866939232087,160.5716992614001,960,25.0,10.0,200all,75,state,state,confluence,0.5,0.5268047212874264,0.8475917536913197,1.167105556965413,10.7859837410777,870,140.91685144124168,2.6736449455995133,True,-0.15158869585911244,-0.2207503612558547,0.9594010790197097,-1.0500394490129894,358,-0.31553697415807835
570,long,0.0,14,atr,4.3001817631550825,287.9492284573647,points,5.2882976616176025,156.53739250832783,960,50.0,10.0,200any,75,state,state,confluence,0.25,0.8399710640755893,1.2715642779262462,1.2540819467898314,21.753041829612336,909,147.23381374722837,5.185834255485731,True,-0.8121193444615361,-1.0345333348420984,0.8063741291799852,-7.513027451974444,384,-0.7924048566229427
555,long,0.0,50,atr,5.148404427426489,263.9010114516092,points,7.602461675937959,308.43943882271304,960,50.0,10.0,cross,75,state,off,confluence,0.5,-0.16972675690666703,-0.23916148644798998,0.9108471500556381,-3.0495873465776513,242,39.197560975609754,-0.39862828033355846,False,0.4563223945477234,0.7284334161722357,1.2575080623741477,3.4288193013102006,120,0.9759853556700494
555,long,0.0,50,atr,4.8191100788912165,233.60086584002545,points,7.316843785829148,366.7973249527608,960,50.0,10.0,200all,75,state,state,confluence,0.5,1.1373417727258779,2.101250580861186,1.4174962145008376,33.32110841210205,870,140.91685144124168,9.850609967398643,True,0.4875550303739178,0.8088562060767162,1.1546511852416645,5.101361302632136,358,1.5076653258725614
555,short,0.1,50,atr,5.812262366113044,234.58826760392898,points,4.5429593377333815,259.6864022431331,960,50.0,10.0,200any,75,state,state,confluence,0.5,-0.3527046665819299,-0.5141656074066773,0.8866289718778512,-10.023441624690205,688,111.43769401330377,-0.7861641175720356,True,-0.9230200664886331,-1.2008481049281365,0.728788207031794,-8.305276467573306,305,-0.8834637567383581
570,long,0.3,30,atr,4.3628704297432686,186.16751111851158,points,6.186858288886134,168.235870943049,960,50.0,5.0,cross,75,state,cross,confluence,0.5,-0.1750278202355791,-0.2394513136646039,0.9107889750802375,-2.5791252654280683,239,38.71164079822616,-0.43485805547749784,False,-0.42662484838391473,-0.5608905661346424,0.8240291967409968,-2.637705184821207,112,-0.402571785937413
570,long,0.0,50,atr,4.113654842870862,261.3662086069744,points,6.810823132652271,220.26893171684893,960,50.0,3.0,200all,75,state,state,through,0.5,1.0745821796445356,1.9185719862124613,1.3801081828003678,27.498099219610268,808,130.87450110864745,7.775433801329438,True,0.1848600945133198,0.29213028017416026,1.0545968677487638,1.6814899085491692,331,0.3299456066240022
570,long,0.0,50,atr,1.8826420895827731,203.14112385336472,none,4.917929849953932,289.92099386274657,960,50.0,25.0,200any,30,state,state,confluence,0.25,0.5164206218622854,1.066894368126615,1.166250588858586,12.11624271498318,900,145.7760532150776,2.830439065925041,True,-0.4108341617056239,-0.7990781151529814,0.88912210406026,-3.38746267999187,375,-0.5207344615513525
555,long,0.0,14,points,1.0045478918764394,224.75913889205438,points,1.942090208024172,370.6316862227299,960,50.0,5.0,200all,75,state,state,behind,0.5,0.9611385724800194,1.7336332389572866,1.3601530070762613,28.482278408593245,831,134.59988913525498,7.009774369261897,True,0.37692546072382416,0.6195128051461904,1.1211227778404549,3.895380504688507,344,1.0238809814142824
570,long,0.0,10,atr,3.271499600260478,53.51554463977729,points,5.285480151648063,367.61073574100243,960,25.0,5.0,200all,15,state,state,behind,0.5,0.8332508366531131,1.603390128732725,1.345626018564913,19.721341319082498,820,132.8181818181818,5.274292550796578,True,-0.05417847728886807,-0.08693927485197891,0.9813696397165811,-0.45437900210682214,341,-0.1114241590356797
570,both,0.0,50,atr,3.034797019305862,226.17141981151542,points,4.6843703277758175,317.7380198094775,960,50.0,25.0,200all,15,state,state,behind,0.5,0.08915974752118659,0.14608902266885637,1.0208235595561492,2.909302862774969,1319,213.64290465631927,0.2476935974718825,True,-0.472065448488204,-0.7244196588779029,0.8980827914451853,-5.322151455566753,551,-0.6568328263146618
555,long,0.0,50,atr,1.9375670887414103,106.62890303535436,points,6.6983297660707874,307.38255281553256,960,50.0,10.0,200all,15,state,state,behind,1.0,0.8222906284832181,1.7674425823069173,1.2850838441824017,19.93104911575127,851,137.83935698447894,3.4373627118238663,True,0.0784423299299962,0.16097737543411453,1.0231138344973352,0.648019748221232,355,0.18176721441837412
570,short,0.0,21,points,5.926639126573166,85.64192878774071,r,5.011006792597605,345.9874084291537,960,100.0,10.0,200any,300,cross,state,behind,0.5,0.023766869362585475,0.05072304185246442,1.014269582566345,0.4132788772375455,215,34.824279379157424,0.1022618531913921,False,0.28807659560401,0.6712757852187342,1.18837225523838,1.6364426913431536,91,0.6993031364676776
555,both,0.3,30,atr,4.297396173477386,62.22617430921214,points,6.940042488172304,307.7896750643512,960,50.0,10.0,200all,15,state,state,confluence,0.5,0.3425361472272207,0.5514666288567078,1.086762935265985,12.736129031105259,1351,218.8260532150776,1.5695260361411267,True,-0.3176356659305411,-0.4640238893100586,0.9266322958034124,-4.147039685306078,562,-0.5185213849540768
570,long,0.0,21,range,2.6174277913978004,187.9815622058352,points,2.6646751600650975,293.3976515382648,960,50.0,10.0,200all,150,state,cross,behind,0.25,0.3543039638925006,0.6766274909577914,1.1278962613296761,7.591834983904738,672,108.84611973392461,1.427107519920487,True,0.014418004315385745,0.025234622686519395,1.0047885860926227,0.11555533376903004,287,0.023883243545431178
555,long,0.0,10,atr,4.989277494700273,294.646099372844,points,7.086713101891675,361.6616022939747,960,50.0,25.0,200all,75,state,state,behind,0.5,0.9745531498880864,1.617087236861861,1.3551262785369291,28.338295887739548,834,135.0858093126386,5.39943749768701,True,0.4726117728570095,0.7285486058878986,1.1518165582300355,4.8388449676754846,347,2.0035394062476737
555,both,0.0,50,atr,3.342229271544615,250.08442689623777,points,7.771922653939456,291.34075293619713,960,50.0,10.0,200all,75,state,state,confluence,0.5,0.29896151395655823,0.5089907435845842,1.0724018516145672,10.882982635367192,1384,224.1711751662971,1.1148693430660483,True,-0.16867176519310106,-0.26852316834310935,0.9620161055740883,-2.040983476162635,577,-0.27637215543656307
555,long,0.0,14,range,1.867737269943288,273.3004355016022,points,6.435711990808731,246.7574441164063,960,50.0,0.0,200all,75,state,state,behind,0.5,0.49959651936150573,0.9802230437468545,1.1967856749587429,10.180595496158126,650,105.28270509977827,2.780332764009959,True,-0.020468867094075208,-0.03626042757506455,0.9931273363044716,-0.15065688770482089,281,-0.03140267066978065
555,long,0.0,30,atr,4.878444139387393,169.03437081745807,none,6.198286777956814,298.176320888848,960,75.0,10.0,200all,75,state,state,confluence,0.5,0.5989909390028765,0.97880929677252,1.1934682669952836,19.570597637712225,874,141.56474501108647,3.8509898738788038,True,0.4864686533661069,0.7940432093732281,1.1459863471857397,5.654705975183515,362,1.351517507150079
570,both,0.0,14,points,0.8662364653615418,128.722150433172,points,3.5694595283095443,360.74510851970365,960,50.0,5.0,200all,30,state,cross,behind,1.0,-0.10123578182882817,-0.17439265953830757,0.9765848898550502,-4.035437962316072,1358,219.959866962306,-0.2144785057472314,True,-0.6956816911864522,-1.1470219894127665,0.8526937071826187,-8.725256609248211,577,-0.7865333922072871
570,long,0.0,30,points,2.314675512506023,254.14931621794332,points,5.0836016475428565,309.260501604778,960,50.0,10.0,off,30,state,state,behind,0.5,0.41435117048125825,0.9051875534138794,1.6104473402264647,2.64165852883929,62,10.042350332594236,1.6338622665361078,False,0.09228415030686116,0.1550598230720416,1.1317938454343528,0.2493962121018074,24,0.2223126462804675
555,long,0.0,50,atr,4.920315576864835,292.0418341010559,points,6.991488939699937,303.14924106418067,960,50.0,10.0,200all,15,state,state,confluence,1.0,1.0108453297122164,1.7598120938006545,1.3342301262749678,30.30680348493228,959,155.33248337028826,7.186839494888191,True,0.5339848722399188,0.8773128379490649,1.1605120306433732,5.743304583163836,398,1.6317942053240464
555,long,0.0,30,points,4.047891918803737,156.2687860633251,points,5.645530061702507,260.135227483721,960,0.0,10.0,200all,15,state,state,confluence,0.25,0.7657961869774589,1.2951890196029874,1.2199526823763605,24.258960026717823,819,132.65620842572062,5.088215608770303,True,0.5464930876553553,0.9092175091777752,1.1381898335992848,6.471617721118911,340,0.9904826277704208
570,long,0.2,14,points,2.0101238915145645,274.3530996285408,points,6.394006367447897,319.00653850664105,960,50.0,10.0,200all,75,state,state,confluence,0.25,1.0720329441107748,1.8776712071647375,1.410178871284276,28.810612689383383,789,127.7970066518847,8.39068577486535,True,0.2562254321580194,0.39562851776158076,1.0845268199320206,2.4210647262066347,326,0.38577705510387605
555,long,0.5,50,atr,3.8153075033490125,268.70354790119177,points,7.556764222371146,334.3792535878646,960,50.0,10.0,200all,75,state,off,confluence,1.0,0.8810443932861354,1.5650674250967533,1.2823366790019528,28.106584638612162,900,145.7760532150776,4.056812671574475,True,-0.022648558563319186,-0.0362821091003216,0.9939618746744148,-0.25140765855655656,378,-0.03244913892978495
570,long,0.0,21,points,1.1849103031112311,135.35718575180496,points,3.4351195589271684,367.7049808350424,960,100.0,5.0,cross,150,state,state,behind,1.0,-0.2862401776883444,-0.4594073142145358,0.8784455826288157,-5.317617390254557,300,48.5920177383592,-0.32708014458811857,False,0.21196334890689406,0.37521242763081575,1.0858057623404325,1.687863487642848,155,0.44861465826569447
555,long,0.0,7,atr,4.4660084282486405,178.8180462637122,points,7.570331685769747,189.54477984531803,960,50.0,10.0,200all,75,state,cross,confluence,0.5,0.5235511329574131,0.7388385076776235,1.1512009861178298,17.137294157836756,914,148.04368070953436,2.163363978086995,True,0.5310964465846645,0.7579653251130118,1.1515398758348763,5.611658647215312,389,1.7949023048653607
570,long,0.0,50,atr,3.394381949366896,250.60971621269198,points,4.152705177505284,245.17050011521752,960,100.0,10.0,cross,75,state,state,through,0.5,0.06834833326517697,0.10372312892922839,1.039047093298143,0.9991786701694734,189,30.612971175166297,0.16855337305245502,False,-0.05257918469422158,-0.08255823504626301,0.9766331010264702,-0.3366474831921136,95,-0.07794259869547858
570,long,0.5,30,atr,2.8864938917996783,220.88967117051155,none,4.505044952763695,131.21279113184025,960,50.0,10.0,off,300,state,state,confluence,0.5,-0.4548930304500512,-0.5862855375148996,0.6751363800041159,-4.121229907235634,117,18.950886917960087,-0.6737150927206639,False,-0.18386171911090027,-0.2996997831366963,0.8608791684870002,-0.6351243669588276,46,-0.24985588145435175
570,long,0.0,14,atr,2.8329906971460677,243.64631869991405,points,7.206518566748361,142.98940621324442,960,50.0,5.0,200all,75,cross,cross,confluence,0.5,0.05887007969040675,0.08697982323990784,1.0354158810742289,0.6885095542669342,153,24.781929046563192,0.27604452284216463,False,-0.39113757180030306,-0.5176909352055149,0.7843013433709333,-1.500162300485174,64,-0.43874986348274647
555,long,0.0,21,points,4.742999280276097,150.59210934030523,points,7.638042054180971,332.42999093921054,960,50.0,3.0,200all,15,state,state,confluence,0.5,0.93538210862348,1.747438865858694,1.324018169029245,26.652129510764773,882,142.86053215077604,6.144448511631971,True,0.46046981365427386,0.8189605376319339,1.1387924023164815,4.808701491668316,370,0.9439807155450916
570,long,0.0,50,range,3.0091374717412376,156.22062611789403,none,6.184372884963333,319.17703784847254,960,50.0,10.0,200all,15,state,off,behind,0.5,0.22298284353310133,0.4326649040051132,1.0809107757440153,4.901187806150384,685,110.95177383592018,0.8820719160778737,True,-0.20515575694144444,-0.35395177907733105,0.9338167855435483,-1.6517863840012632,294,-0.2676807884500829
570,long,0.0,50,atr,2.55550830231763,245.25075438073225,points,3.7639924448992357,175.4477823721054,960,50.0,10.0,200any,75,cross,state,through,0.25,0.39613812490467376,0.7052118317308707,1.37597102285189,3.06032321525147,91,14.739578713968958,3.1004077062889963,False,-1.6546536264488358,-1.9693297924941593,0.291920430188328,-4.41821028068915,46,-0.8898379897191546
570,long,0.3,21,atr,4.991922302898984,283.2574801090389,points,7.221372651904752,279.9000881652112,960,50.0,10.0,200all,150,state,state,confluence,0.25,0.9008025282754961,1.5349134073473696,1.3282798669374105,23.628027905827423,775,125.52937915742794,6.107343216317022,True,0.049476136631297025,0.07230829681048674,1.0158755401302118,0.4751996160915277,318,0.07218703857699584
555,long,0.0,50,atr,3.3888123187851007,275.22708704906245,points,7.019371703151112,257.6699042338003,960,150.0,10.0,200all,75,state,off,through,0.5,0.7549525315112221,1.2768453405301656,1.2071218211554107,27.442597600499965,826,133.790022172949,5.728819883774647,True,0.2660417494796082,0.442317146694857,1.0623963060985309,3.195875151167789,336,0.5690931142096921
570,long,0.5,50,atr,3.9328369134416343,285.77010132018154,points,3.787781870489454,294.63948583880153,960,50.0,10.0,200any,75,cross,state,confluence,0.25,0.06654811364348998,0.1107665522205507,1.0523607085895357,0.802812733974172,121,19.598780487804877,0.2597928029941652,False,-1.2050253789866487,-1.514764501935915,0.4348221695359522,-4.849825584989546,59,-0.8423936940730927
555,long,0.0,50,atr,5.96393075309932,221.79205307029463,r,6.325464431724667,241.00670225762977,960,50.0,10.0,200all,75,state,state,confluence,1.0,0.6753505258140847,1.1138639173745204,1.2220593834918319,20.896834447304364,959,155.33248337028826,4.445466978622322,True,0.2632781656858923,0.4151157960836532,1.0789475988736965,2.8749130059961576,398,0.603538223418292
570,long,0.0,50,atr,1.9825157582147188,298.831818266427,points,4.581637747362125,177.92476667449463,960,50.0,0.0,200any,75,state,state,confluence,0.25,0.47295386107719356,0.8683064529092367,1.1363938693081646,10.508280502755756,900,145.7760532150776,1.9820898107274638,True,-0.9704041877404278,-1.5642114647877896,0.7833422008019479,-6.887323383296063,375,-0.7512123218401773
555,long,0.2,30,atr,3.449694855559545,204.535629950863,points,5.312927819205719,331.1815435371135,960,50.0,10.0,state,15,state,state,behind,0.5,0.5906730006278037,1.0101317658371574,1.192466314369125,17.971585186243345,815,132.00831485587582,2.611313341142666,True,0.04215747462622298,0.07000794286468663,1.0123168110433656,0.42983570528046744,332,0.09062726970797443
570,long,0.0,21,points,5.651325650638275,238.30394188699267,r,6.259230504526533,322.74894870187813,960,50.0,3.0,200any,300,cross,state,behind,0.5,0.29077801517838786,0.5072101803761856,1.2066434940677009,4.754794687164728,210,34.01441241685144,1.4868306476001745,False,0.13169265412813247,0.2353120144644161,1.0882416783474085,0.8947558723211064,86,0.20594970965418047
570,long,0.0,14,points,1.5399944786156246,232.79330991029835,points,3.3953568497560953,374.98102429019343,960,50.0,5.0,200all,75,cross,state,behind,1.0,0.2552694967420139,0.42303847088423385,1.2226047160998539,2.819887500190989,141,22.838248337028823,0.8853318794281072,False,0.3837979801053384,0.6524253959339421,1.334435991694584,1.4951584054001517,69,0.9855758999676549
555,long,0.0,50,atr,5.634183861175741,286.60374099196895,points,6.9841460244556846,277.25706461760984,960,50.0,0.0,200any,15,state,cross,confluence,0.5,0.5015966765397837,0.7843412952051475,1.148120357348367,17.18463538864425,952,154.19866962305986,2.418274903214975,True,0.025820391185267876,0.03941863762891474,1.0069949433664456,0.31672151633890433,394,0.0524523555292084
570,long,0.1,50,atr,3.9359898075330406,268.0096885268108,points,5.672167098759239,223.7473625641963,960,50.0,0.0,200all,75,state,off,behind,0.5,0.929024205105986,1.589003653481082,1.3020195365443041,26.530970832993724,791,128.1209534368071,4.809623729261572,True,0.2780392071656719,0.4419778027940223,1.0810133160699449,2.730632931150749,323,0.46493623869175316
570,long,0.0,21,atr,5.127932275377816,202.08127913769619,points,4.951544269606079,208.62522537028067,960,25.0,5.0,state,75,state,cross,confluence,0.5,0.2561826551282834,0.37552596326648524,1.0861905555859077,7.247788433393138,851,137.83935698447894,0.8500309324864113,True,-0.4019828174383796,-0.5710317007335477,0.8782714042013491,-3.4785363860811076,352,-0.5758156584795854
570,long,0.5,50,atr,4.250908936556977,54.92664862058538,points,4.710684913896851,392.4632483028228,960,50.0,10.0,200all,15,cross,off,behind,0.5,-0.2962968789247206,-0.3464557334586864,0.6790522290635601,-4.278861203772479,62,10.042350332594236,-0.5825107296437178,False,0.06295249658752773,0.10484317044793391,1.0768531847085023,0.18789578753731895,23,0.14697592834187537
570,long,0.0,50,atr,1.394808667413973,230.1121606936958,none,4.540172320752351,374.74578831587945,960,150.0,10.0,off,15,cross,state,behind,0.5,0.11830319137631239,0.28513843450951076,1.1446787782334347,0.8698279545367291,58,9.394456762749446,0.3747078870060685,False,0.31180051380278834,0.8337204485542505,1.4234245440858107,0.7875042609046187,24,0.9609199891524588
570,long,0.0,21,atr,4.704744024708635,298.9316391684569,r,4.920832083917573,331.364280781287,960,150.0,10.0,200all,15,state,state,confluence,0.25,0.6975359342036229,1.1767193485252936,1.2270447173046004,25.033574391561224,819,132.65620842572062,5.803573790345485,True,0.04218262659280318,0.061249570165952234,1.0113935098166407,0.5415653580638793,341,0.051709053101369744
555,long,0.3,30,atr,3.850846767765834,294.5115858571647,points,6.337096919321363,343.3929140384789,960,75.0,25.0,200all,15,state,state,confluence,0.5,0.6449544071992123,1.0736343895766765,1.2033443989020447,19.682106835072787,846,137.02949002217295,3.9864258749159305,True,0.2558043697602896,0.410946046999166,1.0716169448607546,2.6740301139910345,348,0.5413801619542652
570,long,0.0,50,atr,4.312204464159901,171.52068313120418,none,5.945730298007948,331.75026593001724,960,50.0,25.0,200all,15,state,state,behind,0.5,1.0253604758318509,1.8784652107801725,1.378654437167028,27.35729972445287,807,130.71252771618626,5.974241770473882,True,-0.061150847755476745,-0.09369906509769331,0.9821581990220948,-0.5489627867650598,332,-0.11457249801916067
570,short,0.0,21,atr,3.4967131561428335,291.18408300945737,points,2.6211720895013686,188.46164338720828,960,50.0,10.0,200all,150,state,state,confluence,0.5,-0.6466747848889037,-0.8970197668061607,0.8107617464318038,-15.721692779301195,629,101.88126385809312,-0.7863154610321702,True,-1.0587074304056152,-1.3328368815822527,0.7028100769153485,-8.65846354269097,273,-0.7806562011693693
555,long,0.0,50,atr,4.685058835304641,243.03370756382222,none,7.452531411821407,251.8749075862874,960,50.0,10.0,cross,75,state,state,confluence,0.5,0.02490242877008495,0.03758997003835867,1.0144965280382197,0.3571698469480338,242,39.197560975609754,0.052272819775345876,False,0.008146386751308155,0.011519522775027092,1.0046265735189894,0.0718212310042694,120,0.013310561302972717
555,long,0.0,14,points,5.05802425028992,242.0115060317835,points,7.267900357852484,271.32008155535044,960,50.0,10.0,200all,75,state,state,confluence,0.25,0.910037815583008,1.5230225707179623,1.3203781137554889,25.30771020486714,831,134.59988913525498,5.850248433365766,True,0.5950597812128685,0.9630790335231773,1.1905254779929064,6.094414443367489,345,2.432646373322737
555,long,0.0,50,atr,5.8670466368013585,228.22929259478906,points,6.67548154531102,391.23894918269013,960,50.0,5.0,200all,15,state,state,confluence,0.5,0.9341109023344742,1.64059629249308,1.3427595898913351,28.481665952294726,870,140.91685144124168,7.317774457877259,True,0.4165629512930851,0.675763558436344,1.133859765539441,4.578137275956083,358,0.9356179428532088
555,long,0.0,21,points,3.470744246215025,193.77738767094377,points,3.537696947704335,323.854406648717,960,50.0,0.0,200all,150,state,state,behind,0.25,0.8587118633492326,1.5524610233086273,1.312617124034003,24.061973578698257,802,129.90266075388027,5.837936229975668,True,0.3861894267870098,0.6484023187177904,1.1226879199329738,3.93486920241734,331,1.0757403234492129
570,long,0.0,21,atr,4.031735184201636,199.1318194263378,points,3.261008871715997,222.73743311454493,960,75.0,0.0,200all,15,state,state,through,0.5,0.554109228876576,0.8616260539375714,1.171087303784756,16.40973359907192,816,132.17028824833702,2.621360017162496,True,-0.18249360763350184,-0.2554666072537341,0.9501978119691251,-1.9895295675404023,334,-0.21213942584515819
570,long,0.0,50,atr,4.391660397870654,260.1799816992366,points,6.791439259539285,393.87615971807486,960,50.0,10.0,200all,75,state,state,confluence,0.5,1.0535187581526713,1.9624014007115755,1.3844117147093653,29.456144995571208,855,138.48725055432374,8.874825041196104,True,0.002445181229052095,0.003913764440505506,1.0007233780820588,0.024026738523321267,354,0.003531552847109334
570,long,0.0,21,points,0.8205010613080226,132.48783415184167,points,2.9544459875385254,398.1999886460703,960,50.0,5.0,200all,75,state,off,behind,1.0,0.690397243738374,1.2005163522288214,1.2184003451097525,21.849276712012074,849,137.51541019955653,3.1466359685758287,True,-0.06397998832564161,-0.1070698500860788,0.982067220185105,-0.6554252952433717,356,-0.11440296401535241
555,long,0.0,50,points,3.037460721486043,297.40590538401005,points,6.009287824776298,293.82969955360625,960,50.0,10.0,200any,300,state,state,confluence,0.25,0.9296510246633667,1.5813661473455238,1.318773516732264,27.455139364229126,910,147.3957871396896,6.65422480103021,True,0.10005960689178459,0.15267446263929138,1.0290291992507492,1.0819429799103328,378,0.25307852941687514
570,long,0.0,50,points,4.409850418740741,290.0123378726745,points,4.491643997316903,156.00959969279165,960,50.0,10.0,off,75,state,state,confluence,0.25,0.36272639325159767,0.6761887054234809,1.4676893987668587,1.8085016332720956,58,9.394456762749446,2.47994259310363,False,-0.5564314679177573,-0.640280953410139,0.5323683512567878,-1.3649648170622575,25,-0.7190677875911948
570,long,0.5,14,points,1.112278291610954,147.22068785430542,points,2.208443939058338,379.6237388518483,960,0.0,5.0,200all,75,state,state,behind,1.0,0.5209147085754674,0.8936523456943622,1.1514124152670249,16.646406295708424,769,124.55753880266076,4.1835922359732765,True,0.4035092009788056,0.6821100610674993,1.103866981631599,4.742850829768312,323,0.6211161450689907
555,long,0.0,50,atr,3.9232251861957135,205.66488774185495,points,7.682250697657521,271.1904146344633,960,100.0,10.0,200any,75,state,state,confluence,0.5,0.6134243388147841,1.0094665598073393,1.1729486096192776,20.624213538767005,952,154.19866962305986,2.69127245373589,True,0.1457557146665409,0.23771137135041503,1.0359752916773983,1.701260616864598,394,0.4601920378789994
570,long,0.3,21,points,3.8940986217711204,65.192875330436,none,6.2242768773565205,274.18141438177247,960,50.0,10.0,200any,300,state,state,behind,0.5,0.1331212814665434,0.269751031348423,1.0406580063903008,3.0835878216257484,857,138.81119733924612,0.4483489531065473,True,0.08259556754034104,0.17429204641297885,1.024611840539274,0.6367535994149249,352,0.11397832685481607
555,long,0.1,50,range,5.576821506571636,172.2423494811436,points,7.882070068005653,392.40836026750947,960,50.0,25.0,200all,75,state,state,confluence,0.5,0.3920863030192389,0.7490706734111637,1.1481951140275717,8.015582498330282,695,112.57150776053214,1.813875109953376,True,-0.20282948215191615,-0.34599154119377656,0.9350863399600327,-1.4991167102175251,286,-0.32446156897571987
570,long,0.0,50,atr,3.4144313528861567,97.77923921353319,points,7.416183785095319,230.1441354759949,960,50.0,10.0,cross,15,cross,state,behind,0.5,0.46032833142510166,0.9345555689759678,1.4326662868036901,3.928028040392636,123,19.922727272727272,1.5155922043966583,False,0.5919530366322759,1.0316829730074364,1.4675785309320577,2.7237687603551963,64,1.7259268036076072
555,long,0.0,30,atr,4.151768437238823,284.80529992236063,points,5.4898344950000855,266.1344986358959,960,50.0,10.0,200all,75,state,state,confluence,0.5,1.1310343666937166,2.0313863898255815,1.3916056685257416,31.25425878413509,874,141.56474501108647,9.682869444270413,True,0.6332986540537211,1.0428277253179097,1.197308346302865,6.454043766918539,362,2.5772312206484873
555,long,0.0,30,atr,3.6726807059946363,207.04088868781878,points,5.696488212725983,226.89376235903978,960,50.0,10.0,200all,75,state,state,confluence,0.5,1.0426265466576314,1.8448132024639743,1.3432593488519353,27.34948765634398,874,141.56474501108647,8.898989889742662,True,0.2336910332226751,0.3665685088223276,1.0654215647373138,2.239890070643402,362,0.7350040105967278
570,both,0.0,50,atr,3.896371828366074,284.44567333072877,points,7.441068174540369,257.159942389606,960,150.0,10.0,200any,75,state,state,behind,0.25,0.3023410435127184,0.4745466040367475,1.0636508663173097,14.12654709821381,1422,230.3261640798226,1.0936422373154044,True,-0.8765289695986418,-1.2178415109864493,0.841381521066223,-14.269311439787625,595,-0.8634315406967904
570,both,0.3,50,atr,2.6982370371695947,194.3011591740941,none,5.781583237558765,346.25351176983264,960,50.0,10.0,off,15,state,state,behind,0.5,-0.26874154510809234,-0.4472467266529938,0.8098275403167028,-2.2896729515188365,125,20.246674057649667,-0.43098267705134885,False,-0.016976243611515427,-0.03195107286231954,0.9846085991498924,-0.04551762371436344,42,-0.029176887003384708
570,long,0.1,21,points,4.929696240679981,119.32741424717966,r,4.717808407639462,367.98250333641056,960,50.0,10.0,200any,30,state,state,through,0.5,0.37175755910787595,0.6842428112193156,1.117114779314318,10.054426463845665,882,142.86053215077604,1.8870200240648156,True,-0.3717738302793354,-0.6384831926585689,0.899639417134592,-3.4673173278608926,364,-0.4254013460303589
570,long,0.0,30,atr,4.769557731303217,191.67603226711725,points,6.864282261666262,228.39533310383993,960,50.0,3.0,state,15,state,state,confluence,0.5,0.5494398313950707,0.8412444578542375,1.1719634310482157,17.23127819466837,841,136.21962305986696,1.9204934141207364,True,-0.19869590797898756,-0.2929445374641582,0.9457768358895382,-2.130032117778854,348,-0.3133817756089626
570,long,0.0,50,atr,4.479526667577982,173.33565940407686,points,5.3396620485737625,219.3265759614155,960,50.0,10.0,200all,75,state,state,through,0.25,1.1052332918812457,1.9080972776815337,1.394461698584157,27.889390677417275,780,126.33924611973393,8.292710076431673,True,-0.1450366604995496,-0.21488875779831468,0.9586520123587985,-1.2725689459698488,320,-0.21253748163159095
570,long,0.0,10,atr,4.924525352202199,299.95588707326067,points,3.163112196616972,241.6256277823178,960,150.0,5.0,200all,15,state,state,confluence,0.5,0.6465190366754879,0.9735653382487283,1.1855361813655478,22.814706368980648,890,144.15631929046563,3.8608435438645308,True,0.2296794274705453,0.31579967627772104,1.0604165066144504,3.136447407927129,371,0.3498199985963114
555,long,0.0,50,atr,2.8848219169636167,237.43094790104067,points,6.009736521506256,113.38231677434757,960,150.0,10.0,off,75,state,state,behind,0.5,0.7073929231879138,1.312024390323923,1.866351584513448,4.223501441048832,59,9.556430155210643,4.418915120031468,False,0.2134039180301832,0.32081576840037834,1.1822800152405688,0.4521168851337258,27,0.4801742450888627
555,long,0.0,50,atr,5.6637418131717325,276.91529216837836,points,7.889887269897112,326.70123157720036,960,150.0,10.0,200all,15,state,state,confluence,0.5,0.7846823893941508,1.2602721528932335,1.2381811528840128,28.35880488937644,870,140.91685144124168,3.994172186995826,True,0.7387277269791386,1.2021227631784182,1.20273964525745,9.638293987050307,358,1.5636766253914172
570,long,0.0,21,atr,3.6007814466552572,226.6998332734367,points,7.5789368650212054,300.3503666748511,960,150.0,0.0,200any,75,state,state,confluence,0.5,0.8385842718903019,1.4177374305143673,1.2429414103377634,30.31070578265753,943,152.7409090909091,5.449860096789107,True,-0.07881803655578366,-0.11909002145542155,0.9814421626589942,-1.0405662410796848,397,-0.11706414838714722
555,long,0.3,21,atr,5.2267915658814115,174.70297630578062,none,7.05013402761741,312.9818396943416,960,0.0,10.0,200all,15,state,state,confluence,0.5,0.48827481617679175,0.7822942962563946,1.1488401837766837,19.360220358684693,851,137.83935698447894,2.349882303496904,True,0.12066407969389391,0.17454912724547575,1.03108985158437,1.6960737063658389,353,0.14252632850428879
570,long,0.0,50,atr,2.4169460528180045,139.04374454039697,none,7.46660964034165,322.2380711488361,960,50.0,10.0,200any,15,state,state,behind,0.5,0.766498775999974,1.6248817144700518,1.2635658690163725,19.644061055232925,897,145.290133037694,4.384105500508144,True,-0.3654050009053697,-0.6822003341816212,0.8990141648633835,-3.3559006831578833,374,-0.46608731441831486
570,long,0.0,21,points,3.7408281806182115,193.1676214189311,points,3.0230131274799743,209.39877297971464,960,75.0,10.0,200all,150,state,state,through,0.25,0.7805823251635512,1.264435439582823,1.244894161962453,21.687132801716086,787,127.4730598669623,6.290617566534768,True,-0.16740375022952428,-0.2438540918390487,0.9561321616395825,-1.6354250169576532,325,-0.24676050430312005
555,both,0.0,30,atr,3.944218231610659,211.58219548405236,points,6.886429704983043,241.26745880522137,960,150.0,25.0,200all,15,state,state,confluence,0.5,0.24170485692361202,0.3612481779703331,1.0503867753260225,11.13351654649232,1381,223.68525498891353,0.6442291538096606,True,-0.4770521036952501,-0.6618429660089172,0.9103779500554213,-7.714975494959468,579,-0.7379516765919052
570,long,0.0,21,atr,5.886819038509449,248.64080652932262,r,3.1091002383557647,351.83172553547865,960,50.0,10.0,200all,15,cross,state,confluence,1.0,-0.011889141724936367,-0.019929233091611768,0.9920734503750359,-0.2238382153751588,260,42.113082039911305,-0.037395608712435816,False,0.09049747693709424,0.13582153997259544,1.0581331371960565,0.43651912561667344,105,0.1398918850376796
570,long,0.0,30,points,2.7129650450950433,219.5529333475108,points,2.1425096938313763,298.4617734622675,960,50.0,5.0,200all,75,state,state,behind,1.0,1.1005242271128521,1.9743308213984199,1.4059320701909679,31.81408250094311,847,137.19146341463414,8.947717866868944,True,0.32683289531713156,0.5312620675351724,1.1031746142735452,3.2507421895019575,354,0.6972299808022177
555,long,0.0,30,range,4.81562649935762,238.86926818321635,points,5.858245900871368,247.57218414850874,960,50.0,0.0,200all,15,state,state,behind,0.5,0.4914965057980103,0.9688728845622566,1.1948543528384714,9.917893652645164,646,104.63481152993349,2.7636980987268003,True,-0.06422117995809354,-0.11254252648336896,0.9784099776283937,-0.4649295095741248,274,-0.09920615763261152
570,long,0.3,50,atr,3.294471133472095,95.5042645348233,points,4.050642617586214,335.27881807388013,960,50.0,10.0,200all,15,state,state,confluence,1.0,0.9592335045321807,1.8631852422671888,1.3237937068149623,26.180740180533622,904,146.42394678492238,7.204469701453277,True,0.11844592059294572,0.20118403172357846,1.0341521672757552,1.0818643888065615,362,0.15065017790281157
570,long,0.0,21,atr,4.598364892525275,196.16895904932207,points,7.770708004486528,106.58876267626573,960,50.0,5.0,state,75,state,state,confluence,0.5,0.11072721151946478,0.14241721600668517,1.0292247707383249,2.9297072776884807,851,137.83935698447894,0.32459980987831105,True,-0.7645867767229388,-0.930965455086712,0.8257138671899922,-6.960652867843916,352,-0.7390271668149005
570,long,0.1,21,atr,4.963314826690629,74.4201554607578,points,7.575216298252389,339.49511980662385,960,50.0,5.0,200any,75,state,state,confluence,0.5,0.6878055749588236,1.1635097522684383,1.2289909264795997,20.391512086604152,924,149.66341463414633,6.326909386248727,True,-0.24921357887300807,-0.36954269372309884,0.930124279495378,-2.7320545720955396,386,-0.2926262633214553
570,long,0.0,21,atr,0.7938861333616012,174.22181862443495,points,4.574242308484854,362.89421228417615,960,50.0,5.0,200all,75,state,state,behind,1.0,0.18070748644983384,0.49782884031734986,1.0659793118418288,3.526547326005071,849,137.51541019955653,0.5101683536945376,True,0.29575889358890756,0.801589235438583,1.1014598846445034,2.048448086234337,356,0.5520422906460918
570,long,0.0,21,points,0.7487593887688146,206.40744999036716,points,3.856342446166247,345.52409745373893,960,50.0,10.0,200all,75,state,state,behind,1.0,1.064825732632076,1.9037167981935739,1.3870010924931104,30.577798053050337,849,137.51541019955653,9.132088169681305,True,0.1438425656281018,0.2305070480512622,1.0437555844664217,1.423164767792899,356,0.2396018029863414
570,long,0.0,14,points,1.0059570412300942,172.87022710529203,none,3.637698151359982,359.03102452372246,960,50.0,5.0,200all,75,state,state,behind,1.0,0.9334729870945437,1.7432577386534074,1.3426662018574032,26.71565393507234,852,138.00133037694013,8.950642817821988,True,0.1808700147344766,0.30356987595301516,1.055254091777311,1.778443050393076,360,0.3818001800050882
555,long,0.0,30,range,4.225641210357456,128.31454666560754,points,7.521578112023172,352.08659755556926,960,50.0,5.0,200all,15,state,state,confluence,0.5,0.5119087847359624,1.0426222571054367,1.2081779297742692,11.106988486464775,684,110.78980044345897,2.76615600835772,True,-0.05104217500905279,-0.09251323008471245,0.9824092060811301,-0.3971496263002786,288,-0.08042385441086006
555,long,0.0,50,atr,5.438805668993638,288.81850950081775,points,6.082924297415507,338.1144456459618,960,100.0,10.0,200all,75,state,state,confluence,0.25,0.6405260804419155,1.028484648967507,1.20472491826288,21.63248518830331,815,132.00831485587582,3.8752569276256734,True,0.36509315244589463,0.5806122834276708,1.1034632012212726,4.310071500168769,337,0.9415445330162441
555,short,0.5,30,atr,2.9033085185699847,156.18650366501717,points,6.040460471786599,367.21600612566647,960,50.0,0.0,200all,15,state,state,confluence,0.5,-0.43915850466178874,-0.6934528593317437,0.8415777045349524,-11.77545285056492,574,92.97272727272727,-0.6329555565440315,False,-1.0993651141370784,-1.5691886132592054,0.6516813008270135,-8.88176383716851,251,-0.7542407180498512
570,short,0.1,14,points,3.194511508057012,290.23475263582594,points,5.6342945734625545,317.68136169003253,960,50.0,10.0,off,75,state,state,behind,0.5,-0.23379268342596943,-0.34481341790078635,0.7950789945765419,-1.5343673781795704,82,13.281818181818181,-0.5738428891602864,False,-0.5758715283625493,-0.7359266007434399,0.5927806347871859,-1.347357718911833,36,-1.0
555,long,0.0,21,points,5.339190374694605,207.67903363695257,points,5.286168222217257,393.307974042508,960,50.0,10.0,200all,150,state,state,confluence,0.5,1.0509809876555363,1.9097315001155475,1.380280291200585,31.604236209607294,882,142.86053215077604,9.878578369460758,True,0.5988126669629106,1.023973771970129,1.1918330116733125,6.372414147268692,370,1.9687929082873894
570,long,0.1,30,range,4.113683855130076,227.30665057980866,none,4.420395824581769,86.21720421573221,960,50.0,10.0,cross,300,state,state,behind,0.5,-0.4504580211150946,-0.6920561777001404,0.8001223419106241,-6.070186717891981,310,50.211751662971174,-0.6487849475644042,False,-0.29892000692584403,-0.40803543014784016,0.858345221440215,-2.42285995802355,152,-0.40868231447917314
570,long,0.1,21,atr,4.541075538260814,188.5275371401649,points,5.714062574834269,290.1119886465971,960,50.0,3.0,200all,75,state,state,confluence,0.5,0.9808708488740361,1.7733580543745466,1.352869613929128,27.22133536092778,849,137.51541019955653,6.239657525164433,True,0.19171143501884816,0.2980604632384668,1.0591349434061477,1.9978042684722164,351,0.2704842136488412
555,long,0.0,10,points,5.391802027158417,240.61825800901528,points,4.0351973744764,366.26641129160635,960,50.0,10.0,200all,150,state,state,confluence,0.5,0.9708797555459392,1.6919542340447513,1.3405673718736661,29.951155319345993,905,146.5859201773836,7.289020930292237,True,0.5350668601140235,0.8804058728943149,1.1681237897662067,5.716476139232448,380,1.964781513413361
555,long,0.0,21,points,5.674145899756288,197.7453117150102,points,7.236901547626924,391.57707797899724,960,50.0,0.0,200all,150,state,off,confluence,0.5,0.7931094263996428,1.3121741281471346,1.2566772119065357,28.548062249543147,882,142.86053215077604,4.128403727393904,True,0.16157913124728593,0.2550313220698885,1.047269668873356,1.938176409016473,370,0.31808806445712173
570,long,0.0,14,range,4.370654293779382,88.57908284786177,points,5.235907378903991,379.30511355395396,960,50.0,10.0,200all,15,state,state,behind,0.5,0.38466291999698077,0.762981374810067,1.1466117602309036,8.133976516056084,690,111.76164079822617,1.9222732048309765,True,-0.16045731633724505,-0.2762467348028148,0.9473743587504083,-1.2418582269520153,298,-0.19099179905194405
555,both,0.0,30,atr,2.012238948236152,107.84813157920935,points,7.023675074054793,327.9142413357132,960,50.0,25.0,off,15,state,state,confluence,0.5,0.05025141539739521,0.08606082026946305,1.027309476094424,0.5024677007025211,232,37.57782705099778,0.1107617877753176,False,-0.9888296664661119,-1.4111730619537237,0.6041839201529678,-3.3176329224557546,102,-0.8008164392320296
570,both,0.0,21,range,2.931303135634586,205.1067125720602,points,4.47499307121141,162.82556749778593,960,50.0,10.0,200all,75,state,state,confluence,0.5,-0.033487049418375214,-0.0523831800368373,0.992093459859354,-0.8793383663048786,1196,193.72017738359202,-0.09380026674485023,True,-0.93462574728415,-1.278115898720443,0.8044898167757174,-8.169365974102963,527,-0.8182888432241274
570,long,0.0,50,atr,2.645502740526153,103.41347454732157,points,6.474697584986794,323.6404241554436,960,50.0,25.0,off,15,state,state,off,0.5,0.772127955791557,1.348618422601647,1.1930665564588567,23.32656153966476,1378,223.19933481152992,3.814792486892667,True,-0.6859634782434176,-1.0048262833258623,0.8561239894601765,-7.501240535897417,585,-0.6837648133338191
555,long,0.0,21,points,5.106070416092165,242.65162244690612,points,4.981651545221857,302.0550606383032,960,50.0,25.0,200all,150,state,state,confluence,0.5,1.0084028073366018,1.6708330670398115,1.343235690283646,28.79142354557363,882,142.86053215077604,6.847423458852415,True,0.6349522965187252,1.0114703443621758,1.1942240775695168,6.590227837766093,370,2.779509887776741
555,long,0.0,21,points,5.588262442061572,96.08623830703453,points,2.7595650773718794,351.90739934415905,960,50.0,10.0,200all,150,state,state,confluence,0.5,0.9325409624561507,1.8715072077213424,1.31163372954257,25.106848815681587,882,142.86053215077604,4.658014530165233,True,-0.056218719488741374,-0.10473260364761362,0.9846000487966146,-0.5159161506924183,370,-0.1214149734618119
555,long,0.0,21,atr,2.8307171219809737,297.47099057782253,points,6.192814249171054,283.5116609905778,960,50.0,3.0,200all,75,state,cross,off,0.5,0.940429631653695,1.805925095593728,1.3271931268653858,26.0140328061721,777,125.85332594235032,7.745221143464955,True,0.23683594650750817,0.40417044415057773,1.0715952106285485,2.3644861198149716,315,0.7004935253268505
555,long,0.0,14,atr,4.571079436924759,283.9404690372798,points,5.48886050302652,238.97864654662044,960,50.0,0.0,200all,75,state,state,off,0.5,0.884961338999712,1.5005239523426557,1.3186270729860612,23.895165535014527,777,125.85332594235032,5.353037508295674,True,0.2788551913486725,0.4243441044599972,1.0883900796067916,2.743432509507466,315,0.6379301634776414
555,short,0.0,21,points,5.661783919126053,189.61082945988744,points,6.357390965185381,318.28388574176614,960,50.0,10.0,200all,150,state,cross,confluence,0.5,-0.6075145273309039,-0.9360048137558247,0.8063515656218257,-17.981459016960848,626,101.39534368070953,-0.7134017779123032,True,-1.176614837572221,-1.6231781473991649,0.6632161668462888,-10.096686448918339,275,-0.8863673882940564
570,long,0.0,50,atr,4.460692550337269,204.52385843099847,points,2.426425705255163,128.7368889594487,960,75.0,10.0,200all,75,state,state,behind,0.25,0.48727585587722794,0.6800285349937905,1.1383679931092592,12.622193942435942,790,127.95898004434589,2.144790534989897,True,-0.692652409433777,-0.8578284650822764,0.8312757639778697,-6.370479501127047,322,-0.821660353843353
555,long,0.0,30,atr,4.387239009518176,165.09370846928357,points,5.941943503564719,365.890286459576,960,150.0,10.0,200all,15,state,state,confluence,1.0,0.8776965164813834,1.491446406872157,1.2591155411370176,33.46207671777545,967,156.62827050997782,5.020120566809076,True,0.5002752156350216,0.8131561261182835,1.1257551653835958,6.613870511259745,401,0.9875994311376438
570,short,0.0,7,points,0.7155611844925607,153.18716146344045,points,2.2365308473813075,259.0900660514881,960,75.0,5.0,200all,75,state,off,behind,1.0,-0.30663344661519193,-0.4805191298767327,0.9092520232345029,-9.963180782361356,628,101.71929046563193,-0.6014249391809414,True,-0.9480628860667537,-1.3976398616796015,0.7496317113765012,-9.585579863707196,273,-0.857451256198477
555,short,0.1,30,atr,2.759217215038081,219.72292759026084,none,4.734920847619458,138.20196758319997,960,50.0,10.0,200any,300,state,state,behind,0.5,-0.6430192157173986,-1.1150814994735556,0.7785629384878341,-18.390336248418627,657,106.41651884700666,-0.897880724040316,True,-0.6753894939661041,-1.0009775823066147,0.7793530729648682,-5.405224063530232,285,-0.7465591903762233
555,long,0.1,50,atr,4.303193339219665,268.48890786641755,points,7.8663220705928625,284.38305960384497,960,50.0,10.0,200all,75,state,state,confluence,0.5,0.9956219507762392,1.7974837220089048,1.3425446411610678,27.287171531600855,861,139.45909090909092,8.520253977209947,True,0.7614224634453334,1.3112283733284653,1.2451229706173907,7.80995581061579,351,2.776844262258862
570,long,0.0,30,atr,3.9873269344231344,87.74260189181564,points,5.197713305838762,308.94381848563467,960,50.0,10.0,off,15,state,state,behind,0.5,0.24958375778674927,0.49096541443175273,1.325846135004723,1.5230113228688267,62,10.042350332594236,0.9533838364336822,False,-0.05741699124642049,-0.09091160434821124,0.9298231843327501,-0.16067637698199366,24,-0.13725877436564454
555,long,0.0,30,points,2.889451213581599,156.63708025132496,points,5.381057340265881,386.7065637401477,960,50.0,10.0,200all,15,cross,state,off,0.5,-9.0,-9.0,0.0,0.0,0,0.0,-9.0,False,-9.0,-9.0,0.0,0.0,0,-9.0
570,both,0.0,50,atr,3.43379687227782,222.78742731314762,none,6.645936697599094,264.19453591135886,960,75.0,10.0,200all,75,state,state,behind,0.25,0.008628073720048904,0.015311550199084525,1.0021741194031153,0.3630730690666839,1300,210.56541019955654,0.02703046884207297,True,-0.8802848157098826,-1.3274374774924151,0.8137750306677889,-11.7766943599092,542,-0.8854210979383643
555,long,0.3,50,atr,5.0771116493725374,264.2695136550099,r,7.988053870344547,344.8936134688553,960,50.0,10.0,200all,15,cross,state,confluence,0.5,-0.13983268253572595,-0.19451177424359067,0.8943948847810412,-1.2580470694470067,116,18.78891352549889,-0.3985575241899394,False,0.39293510896267264,0.6868575383352615,1.3944769772860415,1.5094997533627046,48,1.2148596664893423
570,long,0.0,14,points,1.361201341459176,241.0341894914306,points,4.15111773342945,383.732496752344,960,50.0,10.0,200any,75,state,state,behind,0.5,0.8443564112962545,1.4544463382292994,1.291801985999579,24.992090615018025,901,145.9380266075388,8.312391955705454,True,-0.08948737462380708,-0.13830339866391958,0.9743245224789638,-0.9353093620590658,377,-0.1774032266189328
