p_range_end,p_side,p_buf_atr,p_atr_n,p_stop_mode,p_stop_atr,p_stop_pts,p_tgt_mode,p_tgt_r,p_tgt_pts,p_flat_m,p_be_pts,p_be_off,p_ma_mode,p_cross_min,p_m200_form,p_x_mode,p_conf,p_conf_tol,r_sharpe,r_sortino,r_pf,r_tot,r_n,r_tpy,r_retdd,ok,h_sharpe,h_sortino,h_pf,h_tot,h_n,h_retdd
570,both,0.0,50,range,0.6369457515269141,190.1509523026337,none,7.318462811650485,74.9385421597188,840,100.0,3.0,200any,15,state,off,confluence,0.25,-0.18628291781545667,-0.3453317968365623,0.9530624970277057,-6.687318344893244,1227,198.74135254988914,-0.4573889094520045,True,-0.8542988386990955,-1.3704573461635479,0.822471722385187,-11.184940223314978,542,-0.7960431766967363
555,long,0.1,7,range,4.761952066977094,244.00744271520082,points,7.154667138895511,278.0945387000454,840,25.0,3.0,off,300,cross,off,confluence,1.0,-0.1785052181304784,-0.33418589744749533,0.902140345717115,-2.3308575199816315,286,46.324390243902435,-0.464741506421544,False,0.19315601018177933,0.38717632658733886,1.1236187059979958,0.8157545660546205,122,0.24484927587211888
555,both,0.3,10,atr,2.488891562416315,42.49612856710176,points,5.725219266420597,185.14505988014787,0,75.0,5.0,cross,300,state,off,confluence,0.25,-0.33889766521093484,-0.49839627096127703,0.901505965357469,-10.45605535033748,612,99.12771618625277,-0.6729601205565223,False,-0.4464568059276457,-0.6117135515884066,0.8877847331074525,-4.994420842939638,313,-0.4983256538824868
570,both,0.3,10,range,5.754608985014834,141.77202151880135,points,6.6405874446747415,263.6883784111252,720,25.0,0.0,off,150,cross,cross,behind,1.0,-1.079158956978721,-1.490802322240932,0.5590549502025195,-10.350679626542052,254,41.141241685144124,-0.8263163229593917,False,-0.6095053898318059,-0.9436139092708412,0.7164148015246199,-2.326438663098017,123,-0.9185252756165215
570,both,0.2,14,points,1.380184037949303,106.9536435302347,none,1.5114847354767265,385.52264253922135,900,0.0,3.0,cross,15,state,state,off,1.0,-0.36087423758884524,-0.5624479712375445,0.8030288016499909,-4.4793729094298556,140,22.676274944567627,-0.9453375639568034,False,-0.013359880508004362,-0.023706337593908257,0.9935485557608574,-0.08349394032426571,84,-0.025332799390171395
570,short,0.3,7,points,2.385813809693441,287.00663356872076,points,1.32445982402909,339.54840929161674,720,150.0,3.0,cross,30,state,off,off,1.0,0.1088731933426318,0.1746002272344039,1.0848977051897213,1.5791031409437009,115,18.626940133037692,0.4470343769302329,False,-0.5241591628433108,-0.6877658942309206,0.7153902972852446,-2.7330784320121824,55,-0.7709031564644835
570,both,0.2,10,atr,2.569360777562599,294.8287233388293,r,2.182913044529708,156.00952531299217,960,75.0,25.0,state,15,state,cross,confluence,0.25,-0.035203988006013,-0.05533235370971775,0.9923045596760112,-1.5433571050321024,1360,220.28381374722838,-0.08459958673024248,True,-0.8310473447196317,-1.211725415740507,0.8400301556826274,-12.572801144590352,556,-0.8443879096298299
570,long,0.1,30,atr,2.5179551722113445,49.44941695007465,none,6.490720334387071,282.33155359148725,720,150.0,25.0,cross,15,state,cross,off,0.25,-0.06574213051025496,-0.09762715043097943,0.9442504521201384,-0.4972317601441458,71,11.500110864745011,-0.19924720957559028,False,-0.2587637198727924,-0.3103527989092528,0.8007545768922222,-1.664728157525167,43,-0.3100479212130414
570,both,0.0,10,atr,1.7459681107707359,91.65951668888418,none,3.263059696110103,306.22942905120726,0,50.0,25.0,off,75,cross,state,confluence,0.5,0.09057821306692053,0.20478628085532444,1.054594071213756,1.6188300392733699,315,51.02161862527716,0.19847747374612112,False,-0.5595376217158069,-0.8973525932468654,0.7727074290010236,-2.5136817845674866,141,-0.6287424500086416
570,short,0.1,10,range,5.774542779922459,66.82828881575578,points,6.4450345798768485,109.32897626475582,900,75.0,5.0,200any,150,cross,state,behind,0.5,-0.10966749532640548,-0.15171205441766278,0.9401779651697643,-1.03105693730935,167,27.049556541019957,-0.2335280375729343,False,0.4160552011511727,0.6198664940722385,1.2395070685790817,1.3116793309938823,76,1.0145115003674803
570,both,0.0,30,atr,2.961411947171503,256.5915887065694,r,0.9868652640158202,333.0027949341623,960,100.0,25.0,state,30,state,cross,confluence,0.25,-0.17353367688761448,-0.252936998182019,0.9675953830603948,-7.041255472799249,1404,227.41064301552106,-0.4386993874107618,True,-1.2269339110500987,-1.6052803484759124,0.8082450436390696,-16.158597825007988,582,-0.9507619656220209
570,both,0.3,30,atr,2.363553872156748,246.2835105474462,r,1.5883956810375601,263.6838116598809,960,75.0,25.0,200all,30,state,cross,confluence,0.25,0.5014712901758015,0.8528705491606355,1.1138493724493812,18.26436063789432,1266,205.05831485587584,2.7000332530096065,True,-1.1674894840171401,-1.6253178607350407,0.799353728215489,-13.05973621190402,527,-0.9748153061362667
555,both,0.2,14,atr,0.5708749564887694,254.15865259741025,r,3.3222316922129287,191.4935432668962,960,75.0,25.0,state,15,state,cross,confluence,0.25,-0.2646475193292375,-0.5680408150944909,0.9427310981337115,-5.569182137176943,1430,231.6219512195122,-0.43805133573624616,True,-1.1207894558045886,-1.7237919966933157,0.8054432873249782,-7.364629081071391,590,-0.9129491627701053
570,both,0.0,10,atr,4.175408304285414,292.2863531903858,r,3.537208718410462,105.83741941946518,960,0.0,25.0,cross,15,state,cross,confluence,0.25,0.2663719685593657,0.5250989364919194,1.1774552590543512,10.78848232939102,266,43.08492239467849,1.7288146203471717,False,-0.5402954534553978,-0.6707179249051267,0.7891342246710905,-6.610879969715305,137,-0.5441209901915226
570,both,0.3,50,atr,1.4437459037212457,219.62471218605864,points,3.877543515881671,331.71359739743235,960,75.0,25.0,200all,30,state,cross,behind,0.25,0.3884389899873248,0.8429504817731744,1.099175179570107,12.80164437768014,1251,202.62871396895787,2.0386187046914617,True,-0.47623292107719156,-0.9260795549295012,0.8974571929182136,-4.924839121801252,517,-0.7912324173443258
570,both,0.1,50,atr,1.2575948227807638,202.31280682609997,points,4.052159025731301,308.08496194344366,960,150.0,25.0,200all,30,state,state,behind,1.0,0.11102003565338037,0.2305038227598396,1.0263660526241403,3.6467800793110126,1348,218.34013303769402,0.4319799957298946,True,-0.18629936185012083,-0.3878682308709998,0.9600432560772268,-2.055109505499896,567,-0.3590345583601804
570,both,0.3,30,points,2.4002063966853777,164.72253146817707,none,1.7703024891603005,235.01257808452814,0,50.0,25.0,200all,30,state,cross,behind,0.25,0.6150004747041983,1.2490705756883191,1.1964958543776087,28.551874248900596,1128,182.70598669623058,3.0012354242008525,True,-0.7285197251585164,-1.1175257680167314,0.8344972761579227,-9.053638738935174,492,-0.89814988572227
570,both,0.2,30,points,3.348621687766287,174.758086793925,none,3.332696673885656,337.3360434861122,720,50.0,25.0,200all,30,state,state,behind,0.25,0.23404234381767988,0.3643030219262444,1.0569782040003166,7.009018386868294,1267,205.22028824833703,0.8699982740915239,True,-0.7205686747178814,-1.0206347083201186,0.849973160683497,-7.352756382843303,524,-0.757736737892941
570,both,0.3,30,points,4.633867172438158,44.87676827189094,points,2.286622768311797,359.13876476812266,0,50.0,0.0,200all,30,state,cross,behind,0.5,0.6034288322813344,1.6711865809942257,1.1887882904021017,21.485373616286473,1200,194.3680709534368,2.244729574081686,True,-0.32342795427832727,-0.8521127837876183,0.9139657062043675,-3.24344394734896,520,-0.615944896688976
570,both,0.3,30,points,3.071721394301382,83.1961817611804,r,2.7043745397398924,210.7384684008996,720,50.0,0.0,off,30,state,cross,behind,0.5,-0.8753086091708127,-1.235413015721408,0.5629387662265485,-7.028513487538587,133,21.542461197339247,-0.977731485696152,False,-0.5009408213175223,-0.7811387305330764,0.709904117862542,-1.3666853648040733,47,-0.6006283244366332
555,both,0.3,30,range,4.64746324115642,50.41819628693805,points,2.075595950267037,328.64541283231046,0,50.0,25.0,200all,30,state,cross,behind,1.0,0.08238139396597956,0.15563117650970604,1.0233011315638012,2.5452540658119167,1112,180.11441241685145,0.240327065258953,True,-0.10215545146669677,-0.17626438856673346,0.9731841979432668,-1.1600336433404017,495,-0.18318768974726105
570,both,0.3,30,points,3.9935495447574128,121.74953200278334,points,2.8542808678805125,387.2375478658531,840,100.0,5.0,200all,300,state,cross,behind,0.5,-0.07124834814191534,-0.12103820918332567,0.9845652439482041,-2.7591000596989383,1264,204.73436807095342,-0.19391489822953872,True,-1.2190961626634589,-1.9302042784781122,0.7800977530325389,-16.178213930116655,525,-0.8864859809307859
570,both,0.5,14,points,3.7692167884868684,47.06661624182729,points,2.0694261859648386,359.8038948155812,0,50.0,0.0,200all,75,cross,cross,through,0.5,0.05868978407588901,0.1556438243493584,1.0474301643032171,0.7393042927403797,148,23.972062084257207,0.19071139914896096,False,-0.8137354469187618,-1.6920188596153989,0.5259704010353272,-2.3086353332262157,67,-1.0000000000000004
570,both,0.3,14,range,2.484630567704425,235.14997565025575,r,1.5410968934538976,161.82804468875435,960,75.0,5.0,200all,30,state,cross,confluence,0.25,-0.04980894723590289,-0.08004302153861814,0.9883269366052101,-1.5822575075041314,1185,191.93847006651885,-0.11163787561359567,True,-0.7032706629794436,-1.0261696119198784,0.8556079581144249,-7.513542962727304,498,-0.7435513886202696
570,short,0.3,30,atr,1.0435975175269017,285.68197428235635,none,3.6114244317612387,275.12081098255214,960,75.0,25.0,off,30,state,off,confluence,0.5,-0.025323663408995434,-0.07939623713623305,0.9745083618069108,-0.2926972878271905,130,21.056541019955652,-0.0716657048306707,False,-1.7641315512597762,-1.9537967559974905,0.2643510367753014,-2.9733843818259085,43,-1.0000000000000002
570,long,0.3,14,points,5.641252734933996,30.77993042379748,points,3.5815401902393256,358.8773012521683,0,50.0,3.0,200all,150,state,cross,behind,0.5,0.8180253072507765,2.89843744105986,1.3864391344695763,20.77050489319865,720,116.62084257206209,4.656745165028265,True,0.6600345885245522,2.363834070460351,1.3044632249169503,4.921469831757171,305,1.6018370213573783
570,both,0.3,10,atr,5.0296552666330525,56.26008599946363,none,3.583678042912412,323.0590284491602,0,0.0,25.0,200all,30,cross,cross,behind,0.5,0.3262146390285393,0.666840535870647,1.2666557648017678,10.883615454138784,156,25.267849223946783,1.1701601919546856,False,-1.0448241287986406,-1.405794865593425,0.5580209238506921,-7.47333268320042,69,-0.9999999999999996
570,long,0.3,30,range,2.488769234222174,201.3150780633553,none,1.7052003404206324,138.45650543380884,0,50.0,0.0,200all,30,state,off,behind,0.25,0.3577009920728946,58.969086959953536,70.57162183128113,100.12289796828163,16,2.591574279379157,69.57162183128115,False,-9.0,-9.0,0.0,0.0,0,-9.0
570,both,0.3,21,points,1.3118099074871992,173.4983067045722,none,3.089462419074346,119.47957774815535,0,50.0,25.0,200all,30,state,cross,confluence,0.25,0.6921704800811094,1.4068678805341097,1.2238174041887,32.56508266923485,1143,185.13558758314855,3.2102889687645346,True,-0.6110843297394839,-0.9330653503581776,0.8589045722252796,-7.636292980132829,501,-0.7504710245736448
570,long,0.3,50,points,5.965539148050233,41.29363709469761,points,2.1480891829752333,355.715469871324,960,100.0,3.0,cross,150,state,state,behind,0.5,-0.7068729521570419,-1.3695359145345676,0.7002953621530678,-7.639911423917123,243,39.35953436807095,-0.7460637090214911,False,0.5521953171063368,1.5948530755948955,1.3199880616801496,2.838679676451628,125,1.7901810983743502
570,both,0.3,21,points,2.97943177219714,187.1716476291368,none,3.405512687007156,121.82161130180305,900,100.0,10.0,200all,30,state,cross,confluence,0.25,-0.04364239964965815,-0.07077993746152322,0.9900419233254121,-1.9320337132314034,1259,203.92450110864743,-0.14263199064030502,True,-0.904600441849872,-1.3557859585037393,0.8239684033840676,-13.700111954287923,523,-0.8708102872696794
570,long,0.3,10,points,5.950876576822724,125.46026135086616,points,4.7615526627647915,339.3576054606685,0,50.0,3.0,200all,150,state,cross,behind,1.0,0.613519317176511,1.2301246063280393,1.22800586821023,20.61193531874438,730,118.24057649667405,1.9296870922267204,True,0.2030387891081071,0.3924445887817038,1.0678862933424702,2.1672595350531223,322,0.26417391021932374
570,long,0.3,10,points,5.148957660786031,173.65323825251454,points,4.856247687782468,254.21056511644014,720,0.0,3.0,200all,150,state,cross,behind,1.0,0.48406721536636316,0.7195107610392875,1.132848156911453,12.978113383281373,807,130.71252771618626,2.825603784445974,True,-0.7054493176948071,-0.9920720123862898,0.8454049882051522,-7.228562643275915,334,-0.8347823065043083
570,long,0.3,21,atr,0.8653454225408344,194.44056818837447,none,4.503327376333824,104.29892763298025,0,50.0,25.0,200all,30,state,cross,confluence,0.25,0.5576169468845019,2.0178933500305476,1.289034990372319,14.820151741349862,736,119.21241685144123,2.8917083813854485,True,0.2217788585884432,0.5756865421078416,1.0794195155286952,1.5229005917396667,310,0.42812133284200543
570,both,0.1,30,points,2.1911384436666177,171.84132674915116,none,2.940849534230084,113.11201107671019,840,50.0,25.0,off,30,state,cross,off,0.25,0.07241740414972692,0.11712906033875903,1.0152225476326016,3.2697883035609348,1775,287.5027716186253,0.17222691208904245,True,-0.9501720287801779,-1.387215026669498,0.8323495259612761,-13.86838496409441,761,-0.8390408590631584
570,long,0.2,14,points,5.484015623573448,42.52801294743045,points,6.162715238102461,302.88347030980935,0,50.0,3.0,200all,150,state,cross,behind,0.5,0.7964621462802906,2.3212784989725352,1.3292739079447247,20.812487627596347,726,117.59268292682927,4.403944251860195,True,0.43211058487088455,1.22904427411369,1.1634698072737575,3.325717288565246,320,0.9230189495606828
570,both,0.3,50,points,1.6078969998273807,198.54106650029235,none,1.8158902657381388,238.8624490811881,0,50.0,5.0,200all,15,state,cross,through,0.25,0.6643374190699146,1.3935705191568935,1.2389459414952186,32.94279317912125,1081,175.09323725055432,2.7957976448871182,True,-0.6072347010487376,-1.032065747568804,0.836174298885127,-8.706688296265034,480,-0.6256341935528643
570,long,0.1,14,points,4.050139709602726,30.363654696842126,points,6.933775475063515,215.13653641273856,840,100.0,3.0,200all,150,state,cross,confluence,0.5,-0.03479019382104847,-0.07760925250113397,0.9909815860881664,-0.6213061692928532,864,139.9450110864745,-0.07564036216305114,True,0.13795311801984414,0.350106148804438,1.0384425704758682,0.8513972432143928,356,0.24452325572022465
570,long,0.5,14,range,4.579556682275676,42.20164317939644,points,5.017709681517056,320.54560033614877,0,50.0,3.0,200all,15,state,off,behind,0.5,0.33695319245960004,0.7317920729303343,1.1573096575928516,9.818264506335904,587,95.07838137472284,1.628498649668262,False,-0.07421248146846583,-0.13931732681395623,0.9729404738992525,-0.7295065651859858,270,-0.0958988637049012
570,both,0.1,50,points,1.620761703338621,190.38187896294255,r,1.9346822659601517,310.23730022053047,0,150.0,5.0,200all,15,state,state,through,0.25,0.488376639231417,0.9115164862338851,1.1270026071735306,24.354377890869472,1158,187.56518847006652,2.073260481620593,True,-0.381508836184426,-0.6411493404261247,0.919420009575917,-6.334051304636512,501,-0.45755607119258634
555,long,0.3,50,points,1.2422626734687408,212.28504142260587,none,2.3181301766207056,305.0739999684456,0,0.0,5.0,200all,15,state,cross,through,0.25,0.5599993084098517,1.152783578107193,1.2115985966254692,26.587042416379763,608,98.47982261640799,3.0487333082500396,False,0.624956702619412,1.1979317977299988,1.2047936311993364,9.577630414951145,254,0.7451861269891306
555,long,0.2,14,points,5.240487237179901,48.131532650002626,points,6.8393446711658425,394.52254865678975,0,0.0,3.0,cross,150,state,state,behind,0.5,0.011244269355979454,0.029777256892039285,1.006192680527831,0.19821170844926028,259,41.95110864745011,0.025011919179912002,False,0.6820644749125407,2.1063956089610887,1.3826026459902878,4.751125696258103,137,2.561064884461001
570,short,0.2,14,points,2.050355266491136,200.85575926840127,none,1.8579552175103056,226.91728571531027,0,50.0,5.0,200any,15,state,cross,through,0.25,-0.3144910042917759,-0.5715640506356351,0.8701539524207436,-10.9950775773111,582,94.26851441241685,-0.43059424493006426,False,-0.9152729000357199,-1.455255966557894,0.6782599691416036,-9.031735410680756,254,-0.8079397962662893
555,long,0.2,14,range,5.72828310094674,27.500023835942432,points,6.218090329041123,319.75531811966465,0,50.0,25.0,200all,150,state,cross,confluence,0.5,0.4601445471930592,0.9399311441803354,1.1762530743766204,10.836297572391892,699,113.21940133037694,2.7647390130846845,True,0.011269413678444725,0.0202351103544992,1.0036783029102088,0.09740538709499003,300,0.01677948567726261
570,long,0.2,14,points,4.847495985133682,66.76575538804326,points,3.8334983970544503,292.66099526447977,0,25.0,3.0,200any,150,state,cross,off,0.5,0.15306429452965797,0.3436534717725402,1.0567997197725427,3.789392253505262,785,127.1491130820399,0.3959484322759503,True,0.18241494261660646,0.42308063314036476,1.066046668377054,1.4194592493677702,333,0.25672075130702277
570,long,0.3,14,points,5.888608056916903,32.883998673225626,r,2.361271303152247,361.61416779080685,0,50.0,3.0,200all,300,state,state,behind,0.5,-0.07092583535329323,-0.12416717379513276,0.9830605340024337,-0.9203802143459141,767,124.23359201773836,-0.1311041884252213,True,0.002525122114683289,0.004426089674203032,1.0005837673104008,0.009530624893212325,312,0.0037460565636383758
570,both,0.5,30,atr,3.239439363847242,132.55098544770345,none,0.9189711789699809,277.9786849509605,0,50.0,25.0,200any,150,state,cross,behind,0.25,0.264444087344107,0.4614763232359862,1.0797841939890411,12.510641657277866,1232,199.55121951219513,0.9033194518232335,True,-0.7020542443408887,-1.0812421730574215,0.8405304398646173,-9.54164295820205,538,-0.6327924164562286
570,short,0.3,30,points,1.7859371693362172,219.22293494142005,none,1.3321246856898294,198.7913970278486,0,50.0,25.0,200all,30,cross,cross,behind,0.5,-0.9840073464343151,-1.083370420653789,0.3933942932105031,-7.655166251584633,74,11.986031042128603,-1.0,False,-0.34710137884470826,-0.4875420160783515,0.6604101309283031,-1.0110213241872539,25,-0.40276205620014705
570,long,0.3,14,range,5.614257817211754,34.79865196824221,points,4.856198991427397,362.65792244280215,900,75.0,3.0,200all,150,state,cross,behind,0.5,-0.0958690069691988,-0.17001882857090866,0.9700054769245793,-2.1546502530391143,716,115.97294900221729,-0.40323585945038043,True,-0.024024567184793073,-0.04155537150756444,0.9925379288228721,-0.20889340348100482,289,-0.03201076698001001
570,both,0.3,50,range,1.781288153033512,259.8183079546012,points,4.456326714489191,263.1334034227299,0,50.0,5.0,state,15,state,cross,through,0.25,-0.2080273491140888,-0.28057699766865724,0.9353641992861429,-8.7875195825942,1193,193.2342572062084,-0.42898880467085065,True,-0.8578861552863634,-1.340663851919424,0.7995179796539622,-9.690841044333265,512,-0.8972898259584251
570,short,0.2,30,points,4.98715264473472,94.73501090705437,points,7.309478346579307,388.62813749669,0,50.0,3.0,200all,15,state,cross,behind,0.5,-0.41588633727166086,-0.8254761719714288,0.8406434442761479,-11.550546717016108,536,86.81773835920177,-0.6600371672309056,False,-1.8348975581930607,-2.9606028799833872,0.4782344164626477,-12.895958995812489,234,-0.93237822651072
570,both,0.3,21,points,2.129862620155523,175.8874367868034,none,1.5864431939078494,145.94953786773368,0,50.0,25.0,off,30,state,state,confluence,0.25,0.042755365196492576,0.08148410358547846,1.035693625133564,0.45656314758996563,135,21.86640798226164,0.07894326319912355,False,-0.5103734932215126,-0.6354110462710595,0.6831050173042157,-1.3646052880329413,55,-0.6819338119136296
570,long,0.3,10,points,5.5107938021012695,115.033524476919,points,3.906262224227396,333.88113353452945,0,50.0,3.0,cross,150,cross,off,behind,0.25,-0.10703186374254711,-0.20349813445223244,0.9348145981046605,-2.111085736884769,214,34.66230598669623,-0.2108708726577437,False,0.33798630533408996,0.7179929419712848,1.1964034880191803,2.423118346946033,116,0.703735083483218
570,long,0.0,10,points,5.782991234813534,37.45717216957918,points,2.9853513135305603,305.4061517045221,0,50.0,3.0,200all,150,state,cross,behind,0.5,1.0264451483865822,3.2507224602003095,1.4395513566553853,27.25794426242266,754,122.12793791574279,6.10765156963317,True,0.4984156010085703,1.4892754995408037,1.1857338015630734,3.854978969710207,336,1.3066836364294945
570,both,0.5,30,points,1.3035992614958882,99.6110866316332,none,3.1829386958026435,78.42203814701409,0,50.0,25.0,200all,15,state,cross,confluence,0.25,0.3054559549638799,0.6677409977804286,1.0928254588540263,12.777769674802645,1128,182.70598669623058,0.8940769540050395,True,-0.40024029764564256,-0.7241346621018965,0.9055837106595925,-4.408089727865946,496,-0.47291992421814466
570,long,0.2,21,points,5.332716218551674,64.6653637066791,points,4.319333604476379,302.57320979005516,900,50.0,10.0,200all,150,state,off,behind,0.5,0.25898885254161863,0.48546113829345383,1.0756494829918117,5.625887973884456,781,126.50121951219512,0.8307744452373469,True,0.29315433447272865,0.6083873791950679,1.0883507747969874,2.193405924014069,323,0.4361629048621612
570,both,0.0,10,points,4.908749087674299,46.99099376681957,points,2.919548479100738,218.6290608217409,0,50.0,5.0,200all,150,state,state,behind,0.5,0.6011298545933876,1.3696150087194727,1.1544987871729173,17.605234742754263,1305,211.37527716186253,1.9573460850127555,True,-0.8074079934578113,-1.6184461615676329,0.8335742279415793,-6.389014474423965,570,-0.7061994677111119
570,both,0.3,7,points,2.847616722588545,134.0851902864857,none,1.4362055981347446,271.36082204818985,0,50.0,10.0,200all,15,state,cross,behind,0.25,0.3841481287392466,0.8436314431523118,1.1278984887400711,17.664581229128046,1100,178.17073170731706,1.3818148124170035,True,-0.7181730109990124,-1.2624307762116416,0.8194679900348958,-9.091618191061063,483,-0.8590235823286457
570,short,0.0,10,points,5.808078299890129,95.865281427882,points,1.0995168983620207,314.6766659148209,0,100.0,3.0,200all,75,state,cross,behind,0.5,-0.6787854398909485,-1.237098365958688,0.7944455834083629,-19.80925038163761,559,90.54312638580932,-0.8215609761960092,False,-1.5336734023323642,-2.551529619159694,0.6131577577442892,-13.428049346004746,255,-0.9359026244664104
570,both,0.3,50,points,1.889638694112867,168.51491394393202,none,3.6767141661854668,272.59172291270716,840,50.0,5.0,off,300,state,cross,through,0.25,0.08076140774098464,0.17119777838673364,1.1276807016687895,0.7001298938384224,48,7.774722838137472,0.33689158515580064,False,-0.7656107432866855,-0.928665449260643,0.40636226392302177,-1.5110160406294373,23,-0.7930733794313483
555,both,0.3,14,points,1.06534467480169,196.98456150412252,points,4.461541317999807,163.28052675028135,0,50.0,25.0,200all,30,state,cross,confluence,1.0,-0.022246370081366554,-0.030809112599301886,0.9955364707571527,-0.8531451780391177,1388,224.8190687361419,-0.06969673227743226,True,-0.37948354592693395,-0.4993364028632559,0.9286081206035549,-4.748453867080807,597,-0.5427002436062157
570,long,0.3,50,points,5.147089584505249,43.627704184243484,points,4.416347612050827,330.4109143696342,0,50.0,3.0,200all,30,state,cross,through,0.25,0.7287913091554752,2.1216839325663157,1.3139594176535518,18.725831103402907,683,110.62782705099778,4.2132243878525255,True,0.43151739018307245,1.2544286979567318,1.170538511392338,3.396347760467968,297,0.7978331786793464
570,long,0.5,30,points,4.03321644742737,45.09468759334203,none,4.379868167407221,316.9705515884448,0,25.0,3.0,200all,30,state,cross,through,0.25,0.6805087831723182,2.379445555382054,1.4092655537421135,18.83067931747574,651,105.44467849223946,4.395154994079966,True,0.2907029546932176,0.8315457557333947,1.129801471795727,1.952129424183668,284,0.40830845961832424
570,long,0.2,50,points,4.543542083433649,47.0940022961465,points,5.148967782217058,276.6520187816305,0,150.0,5.0,200all,30,state,cross,through,0.25,0.7720070029496813,2.0423841837006744,1.274000614585672,21.385424546307426,681,110.30388026607538,3.7932487091735796,True,0.21898985677288482,0.5488827336721344,1.0656751872121308,1.8387827542244168,302,0.37947397630237356
570,long,0.5,30,points,2.9154107261203333,82.02383590247771,none,6.1416212151454195,320.6597591513018,0,25.0,5.0,200all,30,cross,cross,through,0.25,0.0591886225120979,0.1595748878696871,1.1359643277915514,0.415013466168329,27,4.373281596452328,0.1893745657558117,False,-1.4059648913672826,-1.4020358972950238,0.025050735993664492,-1.217709367143513,15,-0.993469911578878
570,long,0.3,50,points,5.200829374291622,44.903830830634355,points,5.427537320779751,364.0350329802756,0,50.0,3.0,200any,30,cross,cross,through,0.25,0.09588595990231648,0.26563043244509266,1.1247845566455905,0.7904134931701631,63,10.204323725055433,0.3324638240201178,False,-2.0636814464326285,-2.362195371703607,0.15501143051207433,-2.5226686074703206,33,-1.0
570,long,0.2,50,points,3.393610355379886,68.26113979101474,points,6.038020101316675,279.56053619388985,960,150.0,25.0,200all,30,state,cross,through,0.25,0.41014107797160826,0.798337524765936,1.1123567338912588,10.8610865064566,751,121.6420177383592,1.7912158089622614,True,0.512373734984049,1.0964352712618395,1.1388944885506742,4.866565117063235,308,1.118965576642039
570,long,0.5,50,points,5.30630032351709,101.71800261877185,none,4.241364529268803,258.5206830329462,0,0.0,3.0,state,30,state,cross,through,0.25,0.6043534272437171,1.450353010031591,1.2219939543049396,25.86970445545964,624,101.07139689578713,3.366318319692953,True,0.09517429641339992,0.21789417626638494,1.0290020510496463,1.3272193987340835,276,0.1264602515027997
570,long,0.0,10,atr,4.903928801109963,77.8105955233309,points,3.8267247198736474,359.8546867148588,840,50.0,0.0,200all,150,state,cross,behind,0.5,0.4012200098383866,0.6126445619088724,1.1290047046501677,11.339706163205879,820,132.8181818181818,2.0347656717078006,True,0.3133964571996338,0.48587865688652077,1.0976034972088697,3.2779119310184575,341,0.7400571142698221
570,long,0.3,50,range,5.432249725763047,30.793835270715007,points,5.797608845601507,276.4642832554041,0,150.0,5.0,off,30,state,off,through,0.25,0.2754744890477772,0.7756746295654658,1.6879276429746322,1.5746989953146766,23,3.7253880266075385,1.303499485602983,False,-0.12022886973245861,-0.20301904501002158,0.8437535504613196,-0.275068132848446,10,-0.23449299406223617
570,long,0.0,50,points,5.36228532262016,30.492308192324753,points,1.7355457347863394,250.74313396085753,900,50.0,3.0,200all,150,state,cross,confluence,0.5,0.11770405830214091,0.2798069292621841,1.034770841274359,2.1128751381792763,855,138.48725055432374,0.2912562078165721,True,0.5033324326602143,1.4403942535977874,1.1708860995750368,3.2217789850218645,354,0.9740209716846453
570,long,0.0,21,points,5.337407654811818,43.59155667361919,points,3.069240211834624,360.70257764681025,0,25.0,3.0,200all,150,cross,cross,behind,0.5,0.2299283289478186,0.6626492617173292,1.285183036480341,1.923832602756779,85,13.767738359201774,0.900574568332079,False,-0.4526380730391034,-0.9550407126068442,0.6012671867210123,-0.8260155499987135,35,-0.4033372278272596
570,long,0.5,10,points,5.439220748867363,42.825691564867775,points,0.7576885562276447,268.41871563512353,0,50.0,3.0,off,15,state,cross,behind,0.5,-0.015006730255752755,-0.03607074211621715,0.9843843153084137,-0.10617809904457061,74,11.986031042128603,-0.034710866688489085,False,0.01610790892203931,0.04134510812188028,1.019540979906696,0.03236415137701043,32,0.03309906794689119
570,long,0.3,50,points,3.900165392728673,75.8112469645631,r,3.365776509298847,348.52044461566186,0,50.0,25.0,200all,30,state,state,through,0.25,0.878187205722072,1.8787007693654687,1.3195246625147983,21.1641582133391,710,115.00110864745011,6.27401043061662,True,0.2975037668396275,0.5769660600801383,1.0901246268115738,2.1738665699644084,302,0.40041322595963785
570,short,0.3,50,points,2.8775618034900416,32.3430500862115,none,3.8529006150143172,324.92706155818564,0,150.0,25.0,200all,30,state,state,through,0.25,-0.5019708673868791,-1.2157297584507942,0.8026219610478877,-9.162969764250413,498,80.66274944567627,-0.7184469443280783,False,-0.6911322700191956,-1.8677427365285808,0.736035838773003,-4.1642185752746315,217,-0.8534987693458532
570,long,0.3,50,points,2.140707071944316,135.9591322714068,r,3.115634837121614,288.62064597624453,900,50.0,25.0,200all,30,state,state,through,0.25,0.5896817294462299,1.0040379478646067,1.1968212310919857,13.499319622351088,742,120.18425720620843,2.952267529330763,True,-0.4061900623009255,-0.6000665914302578,0.8899898591746174,-3.1051557856804606,303,-0.4640906786695809
570,long,0.5,30,points,3.550646339735915,69.18941255004383,none,2.3415795782227495,370.46486828837993,0,25.0,3.0,200all,30,state,state,behind,0.25,0.27743522051027464,0.7745306932067791,1.1424955993583796,7.5502785973766215,671,108.68414634146342,1.266384427287524,True,0.6882862912959228,1.73801013045532,1.3153130899652024,5.073638994407231,282,1.5479066251848381
570,long,0.3,7,points,4.099385047934703,25.751525293175753,points,3.441247312461755,335.9157117456991,0,100.0,3.0,200all,30,state,off,through,0.25,0.6405572891514503,2.6589773550199043,1.3381970055805994,17.052757979052632,624,101.07139689578713,2.9828551685636127,True,0.762401415816727,3.2527179035831133,1.3950437447731403,6.138844931099634,284,1.5140519678644448
570,long,0.5,10,points,3.851802960212488,46.584553579038186,none,5.4274825708337,299.9589232022681,720,25.0,3.0,cross,30,state,cross,through,0.25,-0.21013940618900268,-0.4062975258065609,0.8453445975487669,-1.3700032810732827,117,18.950886917960087,-0.379194236886953,False,0.3986754093495606,1.266223061615978,1.4041611323625582,1.4885941423478493,80,0.6445680063432128
570,long,0.2,50,points,5.158616333973893,57.81098476533917,r,5.799706484230245,239.97283484966937,0,150.0,5.0,200all,30,state,cross,behind,1.0,0.8372528993477005,2.1932547556856146,1.2906310881901255,27.50381192464989,727,117.75465631929046,4.655634832993393,True,0.4464673467194878,1.1377770106608271,1.1365848235293063,4.606142521694624,318,0.8044430993689391
570,long,0.1,50,points,4.5873028748110825,95.34747058368183,r,7.093691918165243,180.07936506410206,840,100.0,5.0,200all,30,state,cross,behind,1.0,0.1687893459876526,0.28827458323422606,1.0443264810551958,4.386628798782302,829,134.2759423503326,0.5518738367500541,True,-0.048128520286096446,-0.0868690796363671,0.987917494858518,-0.4694958650360319,335,-0.07134848514575091
570,long,0.2,50,points,5.09030974151832,96.57450325612729,r,3.946306589898357,345.72176429058993,0,150.0,5.0,200all,75,state,cross,off,1.0,0.8906306830463762,2.0731987687563773,1.331675962769697,32.156648560121866,629,101.88126385809312,5.509802929346126,True,0.06631564102551613,0.1387917788324294,1.0191396654622393,0.7783669908380197,278,0.07962950725853706
570,both,0.2,50,points,5.998472422975127,67.16094866904751,r,4.794348362882375,290.8708829988921,0,150.0,3.0,200all,150,state,cross,off,1.0,0.4582384602121678,1.0562282090922055,1.1150429766806549,19.357398583909664,1128,182.70598669623058,1.9278327631918937,True,-0.3238555189685518,-0.7118776486363428,0.9315016350273954,-4.189870892229048,499,-0.4174019326629946
570,long,0.2,10,points,3.838770939461977,173.59552673605555,r,4.32115426723634,304.8709829103737,0,25.0,5.0,200all,75,state,cross,off,1.0,0.6834690814689315,1.5810230357861186,1.379990078498481,22.229851871547496,657,106.41651884700666,2.7364054824490247,True,-0.31685028946556315,-0.5073630078359528,0.8819594970088803,-2.4193571303900923,281,-0.4981594415757203
570,long,0.2,50,points,5.220318137071295,41.751098110288396,r,5.95179099411096,228.40207604619283,0,0.0,5.0,off,30,cross,cross,behind,1.0,0.01206106979384815,0.029491178354830512,1.0089710145305435,0.11997695561623123,113,18.302993348115297,0.041362143135588655,False,-0.23521696130460024,-0.5733816542830406,0.8327762826344811,-0.7244938711411236,44,-0.2907419016667737
570,long,0.2,50,points,4.844958228756361,60.87972034516721,r,7.037481192898571,216.4355685076819,0,150.0,5.0,200all,30,state,cross,behind,0.5,0.8715961036684889,2.424890720378726,1.3354102376151131,30.33646741801547,679,109.979933481153,5.144920681761559,True,0.508272916424492,1.368068252485283,1.1710271693197305,5.55967434956985,299,0.9432503670577538
570,long,0.2,50,points,5.802989256495297,60.60384270595963,r,4.5328974520660426,208.48814804688652,960,150.0,5.0,200any,30,state,off,behind,1.0,0.45484919385563854,0.9455421551668891,1.1189002517318114,13.424240178625988,892,144.48026607538802,1.726234189212658,True,0.2329411730734884,0.5078025001391104,1.0570379099657499,2.305724292918258,368,0.5397771470746877
570,long,0.2,50,range,4.797608687104814,126.23313510179749,r,7.967599799963983,211.60910844649266,0,150.0,3.0,200all,30,state,cross,behind,1.0,0.44307876866110085,1.019497528685477,1.1721751440338994,14.311120021695064,672,108.84611973392461,2.4862199972595675,True,0.5481651136781706,1.0886813163490905,1.1878271923181405,6.525249603785512,274,0.732817477538837
555,long,0.1,50,points,5.081180468889697,136.75804438433101,points,2.3969354251483126,286.0852374956072,0,50.0,3.0,200all,30,state,cross,through,0.25,0.6657841047794703,1.2811157277695093,1.2428143013399022,21.13414656212186,709,114.83913525498892,1.3871398583120351,True,0.35661381411439813,0.6535570815388588,1.1167649452874537,3.6527007556864524,309,0.681386342338103
570,long,0.3,50,range,4.9999881683568885,133.30788139922439,r,2.8322191584886043,347.55113941150097,960,150.0,5.0,200all,75,state,cross,off,1.0,-0.0021983548421528245,-0.0037599194361593253,0.9993304871532054,-0.051599777011675396,659,106.74046563192904,-0.007583649585181657,True,0.4486173783502399,0.7784176871492521,1.1333398937107038,4.432365889067411,267,0.7815285475321382
570,long,0.3,21,points,5.271851480810424,66.23413138932776,r,2.2564449020407804,349.199846611303,0,50.0,25.0,200all,30,state,state,off,0.25,0.7363754308067119,1.3495569334185955,1.2247185665285008,14.217793553560394,704,114.02926829268293,4.90228041902869,True,0.12481948733972974,0.21034195712115952,1.032974139974972,0.7071219805988198,289,0.1618001078034179
570,long,0.3,21,points,5.600368777533793,66.40380747709204,r,3.578580096237327,366.30069390459226,0,0.0,25.0,200all,30,state,state,off,0.25,0.5181887815636927,1.1539203532119033,1.1651219652752778,14.15201720119343,668,108.19822616407983,1.4054135424482046,True,0.674072921397253,1.4921682016274072,1.2034893872851773,5.904792596876952,284,1.1119144809790642
570,long,0.2,14,points,4.535466860760606,124.29305020235915,none,4.860958720576685,256.7274197552139,0,150.0,5.0,200all,30,state,cross,through,0.5,0.7597320394279862,1.808802042470767,1.2988669146945728,32.592612171332206,646,104.63481152993349,4.874044873203748,True,-0.30307067700974555,-0.5729248493483855,0.9182784784764062,-3.855839824701624,284,-0.2800629600205836
570,long,0.2,14,points,5.346016339962026,41.035888993841844,points,6.894184383903625,290.31181533280915,720,50.0,0.0,200all,300,state,cross,behind,0.5,0.42252840519741064,0.8637218747836092,1.1214301679932106,7.356599519336648,785,127.1491130820399,1.8003905670149847,True,0.13999327969948056,0.3304228847310209,1.0429633731462338,0.8641952053018689,323,0.2086638997226591
570,long,0.0,14,points,5.5530077310626025,125.16315626815857,r,4.677306680203838,254.2578107939775,0,150.0,5.0,200all,30,state,cross,through,1.0,0.613395043001658,1.3585691275310539,1.2071979028344124,26.950048837114906,743,120.34623059866962,2.62529353055319,True,-0.013555027164564262,-0.02740217104869209,0.9963130546399698,-0.19645524379962342,321,-0.017617518796168758
570,long,0.3,14,points,3.7144089750022635,53.17313683239469,none,3.1014136113415924,305.2273508577825,720,50.0,3.0,200all,150,state,cross,behind,0.5,0.24874827507322564,0.4559613268479907,1.0695038499232015,4.431218388941431,772,125.04345898004435,1.0199367034274158,True,0.2117816087360606,0.4577780451684735,1.065140836185438,1.4114106511570652,312,0.3699685672169224
570,long,0.2,14,points,3.0581415132512806,183.0990517845597,none,5.052914838818403,318.03763771481124,0,150.0,5.0,200all,30,state,cross,through,0.5,0.6145712200149577,0.9746677199898277,1.2664773797532645,31.66078281746261,636,103.01507760532151,2.563838949724325,True,-0.12180547487484496,-0.21192143474500102,0.9657469828594556,-1.675671248100671,276,-0.111722422618197
570,long,0.3,50,points,3.504646004039401,82.29073728820627,r,6.5552547790494735,317.16760059719115,0,150.0,5.0,200all,30,state,cross,behind,0.5,0.8215422829835616,2.214406659011538,1.326559554020404,32.288157267328295,654,105.93059866962305,4.277183366351688,True,0.46288921484417933,1.1299141152982821,1.1517948725648828,5.596096537671314,286,0.7649842558267342
570,long,0.5,50,points,4.6136380717468635,61.80115666917641,r,2.1019676034242902,316.95547507917627,0,50.0,25.0,off,75,state,state,through,0.25,0.049849286800894566,0.07879961533355984,1.0788771204599952,0.1294350656970353,22,3.5634146341463415,0.1184955217127889,False,-0.7127195032897762,-0.922710977745159,0.38865003461429837,-0.6671961678700412,12,-0.9999999999999999
570,long,0.3,50,points,3.415206080098676,60.662936597775186,r,7.628371847682553,380.05412548188883,0,150.0,5.0,200all,30,state,cross,behind,0.5,0.7527002900501126,2.093106983721107,1.2907505696157395,26.04657315873407,668,108.19822616407983,5.211266716236173,True,0.7633249821127714,2.195873881323744,1.2787682121083759,8.739493580761136,292,1.5527883813664582
570,long,0.2,50,points,3.6986217114877427,35.934327122507476,r,3.752009001164738,360.17213014185836,0,150.0,25.0,off,75,state,cross,off,1.0,0.38202451130148735,0.8175325573376016,1.075512878359721,9.878347287174925,1300,210.56541019955654,1.7036166913271922,True,-0.46440475254881647,-0.951231117922072,0.9195067789994972,-3.5582064578880956,565,-0.5602941137740495
570,long,0.3,50,points,3.945033508338771,84.88876965151036,r,7.508291146629269,328.2716609953036,900,150.0,5.0,200all,300,state,cross,behind,0.5,-0.0544694105805751,-0.09508362528363525,0.9860876570358948,-1.4109577427370161,772,125.04345898004435,-0.15773633481861463,True,0.15731111979189347,0.30311143473773394,1.0399015864987107,1.5802534188492516,315,0.27357390515479035
570,long,0.2,10,points,5.14747548373136,40.60945218988405,r,7.678190557168587,260.8199575888137,0,25.0,5.0,200all,30,state,cross,behind,0.5,0.6403916187816733,1.828379674756779,1.2833236626148694,14.665558626076113,746,120.83215077605321,2.2808949995121295,True,0.16938012762959181,0.4690570629380038,1.0669451203019265,1.110263886903922,321,0.24219895069131014
570,long,0.3,50,points,3.5497995158283135,149.60787437200005,r,4.708768391311249,347.9950388243082,0,0.0,0.0,200all,30,state,cross,behind,0.5,0.8992757190507867,2.0994034430684727,1.3520199880361554,42.5191257160291,622,100.74745011086475,6.390594627541888,True,0.10367871874071871,0.19545839332103632,1.0294680463986943,1.4337775864902405,269,0.10593190079115213
570,long,0.3,10,points,5.465675557733835,93.10766026074603,none,5.8584683375051565,182.16501101122788,960,150.0,5.0,200all,30,state,cross,through,0.5,0.19631704741385045,0.36094018410960527,1.0536232145300766,5.902392669733532,773,125.20543237250554,0.6367048092405487,True,-0.17067332861048257,-0.31357588600929154,0.9588566727265875,-1.7845517132779753,315,-0.1995593739266471
570,long,0.2,50,points,3.3770102050447792,28.768499878538524,points,4.341314195575053,314.6677280040857,0,0.0,5.0,200all,15,state,cross,through,0.25,0.4322024578535525,1.371557276618454,1.1676642846832002,10.439859617511695,693,112.24756097560976,1.1532434357792352,True,0.28703166603120783,0.9402555228323163,1.1044509843692742,2.1360235053462304,304,0.40928119824030024
555,long,0.3,50,points,3.0538382280545013,158.1854796701536,r,4.625540715845717,312.4478901247955,0,0.0,0.0,200all,150,state,cross,behind,0.5,0.7808428699911741,1.7493865893183225,1.2943847953145464,37.20843970656757,639,103.5009977827051,4.656842789877181,True,0.5637054388622762,1.1031331432479219,1.1709134722879007,8.134519418550713,271,0.7115785840859453
570,short,0.2,50,atr,5.703887216212978,155.54563443381147,r,4.552269422046436,338.4532954801359,0,150.0,5.0,200all,75,state,cross,confluence,1.0,-0.028972088237223633,-0.05736891129847513,0.9887320110401218,-1.62471700233393,604,97.83192904656319,-0.09378196735925148,False,-1.2157130331158454,-1.7204162801542973,0.6522679739079202,-20.6437723625669,265,-0.8350865118318368
555,long,0.3,50,points,2.585393533766335,183.5686031367267,r,5.652268298841876,286.9055623008921,960,0.0,0.0,200all,300,state,cross,behind,0.5,0.41951635430903544,0.7003685552946997,1.1164745408874774,16.155196221394608,796,128.9308203991131,2.1716230665492806,True,0.27638821428800336,0.4421841674767573,1.066993915864036,3.704343499344296,324,0.44990347418509674
555,long,0.3,50,points,2.6641781335088326,119.18392584256605,r,4.371837751624839,356.79168174855215,0,50.0,0.0,200all,150,state,cross,behind,0.25,0.8177638734686491,1.9599745713009384,1.3592703830224906,29.831864133218485,665,107.71230598669622,4.219622792072607,True,0.6492723260792416,1.5236295408773164,1.26017896274045,7.873935291474475,292,1.3204777054488277
555,long,0.0,50,points,2.030463195619311,172.3264794834618,r,4.705506923280202,334.49995203828644,0,50.0,0.0,200all,150,state,cross,behind,0.25,1.0518946912581368,2.575109696648869,1.5268721212688938,43.99931728163915,672,108.84611973392461,9.048461073504606,True,0.5311505894804716,1.0825456093523582,1.2087197006393922,6.528784311394244,293,1.0660338818477157
555,long,0.3,50,points,3.41721439612642,140.95901174954633,r,4.962073403778621,293.69842344248946,0,50.0,0.0,off,150,state,cross,behind,0.25,0.11448550456594639,0.32099379094058617,1.270292633792537,1.1666208447705444,28,4.535254988913525,0.3403263303895376,False,0.5360460175890572,2.619630483341163,5.019442115415096,2.009078839187775,15,4.363015791064498
570,long,0.3,50,points,4.713257404860665,160.47251990382284,r,4.138972011181505,364.22243534880585,0,0.0,0.0,200all,15,state,cross,off,0.5,0.8519538874594573,1.9699119981146131,1.3479948717370218,39.493525331771515,582,94.26851441241685,5.904326433886227,False,0.594937658254497,1.1860538191776981,1.1930608908032083,8.419428273368275,246,0.7767499925169379
570,long,0.2,14,points,4.835258414712279,111.33769030782065,points,5.9634710573950525,255.9803112219808,0,50.0,3.0,200all,150,state,cross,behind,0.5,0.9085622067005439,1.8654834414789663,1.3378803343196506,28.088942097065352,724,117.26873614190687,3.6908867337067734,True,0.20140314121431338,0.37177898195784775,1.0613128710524387,1.917835040143347,320,0.27076827517722313
570,long,0.2,14,points,3.72702181979496,93.77885367630553,points,6.130390491847334,240.76026885620357,0,50.0,3.0,200all,150,state,cross,behind,0.5,0.9209167718941345,1.947124463358236,1.3412524657822336,26.881654095012863,727,117.75465631929046,4.032196082032794,True,0.38285653043285733,0.7480532804863116,1.1176096105665294,3.479364311859677,320,0.508921511832454
555,short,0.0,50,points,2.959273264268801,210.0229193749227,points,2.2085365563226294,332.88383467702516,0,50.0,0.0,200all,150,state,cross,behind,0.25,-0.2885158138904457,-0.47578303937727706,0.8917352236848287,-9.171630971984982,534,86.49379157427938,-0.5691581141986133,False,-0.752559987515982,-1.1360076358373652,0.7412001535864052,-6.868378793333931,235,-0.6616479028492138
570,long,0.5,50,points,4.323067113283866,98.467124539966,r,4.942190506999354,318.3928314308144,0,150.0,5.0,200all,75,state,state,off,1.0,0.6150577738519669,1.5033234247959306,1.252222870950495,21.15780144602665,606,98.15587583148559,3.28004512377855,False,0.7623231498372744,1.871371071389761,1.2872097552599964,9.192364256842746,263,1.2802119107745944
570,long,0.3,7,points,4.223194965450383,56.205492405754526,r,3.9547548706463025,325.0866916754402,840,0.0,0.0,200all,30,state,cross,behind,0.5,-0.04608491875563074,-0.08414386087946789,0.9886404230654074,-0.979550671416809,773,125.20543237250554,-0.07140664294972462,True,0.45546809566377733,0.9547889045742874,1.1170698307251155,3.654066798905172,319,0.9622112120873852
570,long,0.2,50,points,5.049820025182351,87.53390096446854,r,6.613329997220857,281.620618380939,840,150.0,0.0,200any,30,state,cross,confluence,0.5,0.016832031360649372,0.029849639245322294,1.0041314712597225,0.4750379095120776,903,146.2619733924612,0.05580929437334151,True,0.030534357881727245,0.057214649179220534,1.0069811738040735,0.32925327566268425,376,0.046126146379767745
570,long,0.3,50,points,2.668260711780338,137.81839801384774,r,4.63650282173649,247.13851514873045,720,0.0,0.0,200any,30,state,off,behind,0.5,0.36939364847647144,0.5698807453331041,1.0956650156175276,10.403500953806073,859,139.1351441241685,1.9996050096033409,True,-0.7759357829174424,-1.1448789834018478,0.8371431056796557,-8.239611364807965,353,-0.7616039025627866
570,long,0.0,10,points,4.917372636583098,93.8503731149068,points,1.1564083688845619,289.4236614780385,0,50.0,3.0,200all,150,state,cross,behind,0.5,1.0069732973536498,2.266006710343707,1.3802724364657009,32.189276132937394,747,120.9941241685144,4.843266234637393,True,0.2273813573126599,0.460943750794209,1.06953337273115,2.257886142977024,333,0.34158389802858885
555,long,0.0,21,points,1.205857436786809,90.21577785983605,r,4.154341153712451,336.7726187308499,720,50.0,0.0,200all,150,state,cross,behind,0.25,0.33427233883651436,0.5728164547956011,1.095676636932335,7.398503126523076,802,129.90266075388027,1.1922987835675263,True,-0.5289206262562849,-0.9205355675319007,0.8645313724223422,-4.347124223951106,331,-0.6277193321658718
570,long,0.2,50,points,5.955014308071807,61.41993690917692,r,4.368610067390644,371.7122822551048,0,75.0,5.0,200all,75,state,cross,off,1.0,0.7529732178999518,1.7850101302927743,1.2703879890498284,20.799272121729416,666,107.87427937915743,3.552111321259801,True,0.10427532617040808,0.2332646662731813,1.0318382390343919,0.8719756435980415,295,0.13914228993523178
570,short,0.3,14,points,5.828907949460983,53.425615636781686,points,3.287558618164443,397.89074340147897,900,50.0,5.0,200all,150,state,cross,behind,0.5,0.043263135485592845,0.10462260005677082,1.0182390236492957,1.0240674800225786,548,88.76141906873615,0.12557377925718632,False,-1.3736018534679806,-2.7196279952144624,0.589672292447808,-8.147300919378146,234,-0.8243467490868484
555,long,0.3,30,points,2.9199032918369796,115.07612715688086,r,4.238848653650533,365.2288917080718,0,50.0,5.0,200all,75,state,cross,behind,0.25,0.7478297465528422,1.719351969006004,1.3163788385382624,25.963118852524172,674,109.17006651884701,4.356332949312648,True,0.4520748283315175,1.002832753687387,1.1728391883079845,5.093947703162623,296,0.8847408519507413
570,long,0.0,10,points,5.884811703476617,141.8411334896991,points,2.5741714422107513,264.2826119185314,0,50.0,3.0,200all,30,state,cross,behind,0.5,0.988970664202848,1.9354421853341492,1.3633694928403293,32.49080167766407,746,120.83215077605321,4.196714609400397,True,0.30078532601985425,0.5295143965200387,1.0912689575616685,3.1744506157507937,333,0.5090105987536196
570,long,0.0,10,points,4.599984218800823,61.5073899898519,points,3.784934937961999,211.5892673242604,960,50.0,3.0,200any,150,state,cross,behind,0.5,0.27654741537065264,0.5345717303999463,1.074798615955664,6.609789499510862,907,146.90986696230598,0.7780717437269126,True,0.004206806398548126,0.008457438852161308,1.0010981605294909,0.03314324828424842,379,0.00645334066744864
555,both,0.0,10,points,5.782910125023394,199.87998447787197,points,1.0289651685556351,319.40673972255314,0,50.0,3.0,200all,30,state,cross,behind,0.5,0.38911665816415664,0.676681707817553,1.1054096530866915,18.088556926330313,1241,201.0089800443459,1.2001004677662304,True,0.005883744306381323,0.009795784690962976,1.001496137166938,0.0852777554724371,546,0.015127672118276049
570,long,0.2,50,points,4.180776128129533,83.50879516475591,r,3.048556300309172,326.0499185822424,0,50.0,25.0,200all,30,state,off,through,1.0,0.7674420337795423,1.5315879784247954,1.2542006539604702,22.251499108140465,725,117.43070953436806,2.745129700169957,True,0.012155598961545258,0.022095594003602937,1.0033049181607425,0.10070718962444047,329,0.014488762098577461
570,long,0.0,14,points,3.932471567413278,134.31476505776658,points,1.0568938519327231,240.9254955185561,0,50.0,5.0,200all,30,state,cross,behind,0.5,0.9044077264845252,1.719154285988547,1.3181091524819402,28.502300441301223,750,121.48004434589801,3.926093150207591,True,0.42831110410826884,0.7473873141235342,1.1276633229962536,4.358530220273607,332,0.9798956464958534
570,long,0.0,14,points,3.678684949709008,177.1267667939467,points,1.6299677249797175,195.96747959151077,0,50.0,5.0,200all,30,state,cross,behind,0.5,1.1079452633283369,1.9105518000912607,1.3872360492624514,33.53767199443415,760,123.09977827050997,6.223833941488142,True,0.2866353693101296,0.43798119538151736,1.081112146868719,2.8826668933836945,332,0.572051184878022
570,long,0.0,21,points,3.9643421352763566,116.61634610066307,points,0.6164866091628458,319.012809726947,960,50.0,5.0,200all,30,state,cross,behind,0.5,0.5907289026543686,1.0701035967000971,1.1853944294056529,17.02717039438828,811,131.36042128603103,1.9140360818267252,True,0.04030244197842019,0.07183998592422948,1.0115752758988168,0.3926466839242231,337,0.07243757624605823
570,long,0.0,50,points,5.781543862050425,181.20773163017137,none,3.3668005399952783,315.0103097560265,0,50.0,10.0,200all,30,state,cross,behind,0.5,1.0766481556350178,2.5257211796871255,1.5314166066608426,43.41029812345724,681,110.30388026607538,10.280908228616441,True,0.1024184558153868,0.17731289348622975,1.0346245996199215,1.1322029715848951,301,0.13890311151949822
570,long,0.0,14,points,5.455686504599947,245.55431823407827,points,1.8732031731274994,177.33809113114137,0,50.0,5.0,200any,75,state,cross,behind,0.5,1.0248237613229083,1.5912528110981194,1.3319908332100596,32.94626511202995,847,137.19146341463414,7.291159786050778,True,-0.021064105780890286,-0.029324114683316586,0.9944330630496608,-0.2276446838695243,370,-0.039806677699101005
570,long,0.0,10,points,5.362326566196972,180.5225778525377,points,3.173620273431349,129.442124011041,0,50.0,3.0,200all,30,state,state,off,0.5,1.0404746036788532,1.6460358156919497,1.3470738863740288,23.907226503440846,731,118.40254988913526,6.348724207714335,True,-0.29396187017856135,-0.3967637544999734,0.9230510173454467,-2.2555242343768893,308,-0.3735294563221831
570,long,0.0,10,points,4.664355246259421,236.11786971026393,points,2.0015640862410287,179.17240558052123,0,75.0,3.0,200all,30,state,state,off,0.5,0.6473064095942312,1.020600634921328,1.2090963911800123,18.80751379271114,721,116.78281596452328,2.3072826961928565,True,0.06854263518357989,0.09895649915679956,1.019009650945085,0.6622801161221918,304,0.09858032391015822
570,long,0.0,14,points,5.973759841241005,249.80016856790448,points,1.830933346772166,191.71916037770958,0,50.0,5.0,200any,75,state,cross,behind,0.5,1.053513021863096,1.683322130114845,1.3536552900618593,34.429036429490836,841,136.21962305986696,7.125165886493221,True,0.27282047087360367,0.3943038052490893,1.076108435472755,3.009887586907667,369,0.5901297588352475
570,long,0.0,14,range,5.463434065754178,294.50561663366716,points,3.2972522622557126,182.8742635761556,0,50.0,5.0,200any,75,state,cross,behind,0.5,0.32785938597671926,0.6066260408054674,1.107837136436176,7.306471295105018,746,120.83215077605321,1.4288095734617543,True,-0.34920056351680806,-0.5447642596835851,0.9044836236684765,-2.7966764085019555,329,-0.4677842843774424
570,long,0.0,50,points,5.823930980617305,94.11403764832993,none,4.502237946181321,300.70462119198913,0,50.0,10.0,200any,30,state,cross,behind,0.25,0.8597350380174791,2.28419979486403,1.3762578939176493,32.994169803820164,766,124.07161862527715,7.276245553761662,True,-0.25872021885726715,-0.5229319329105743,0.9226095474007817,-2.6483040389858132,340,-0.30475943548843226
570,long,0.0,14,points,3.3074634937777683,172.50510019334106,points,2.55864265750582,139.79309906790812,0,50.0,5.0,200all,30,state,cross,behind,0.5,1.1137832928662343,1.7391578490290271,1.349790179483033,30.273424405917687,774,125.36740576496673,5.622470451431801,True,-0.03871003081585425,-0.05353308841516791,0.9901183681900527,-0.3449389065063859,334,-0.06055135143815292
570,long,0.0,14,points,2.5728218197249193,264.72978660116274,points,2.0218316806746057,153.63491088353138,0,50.0,5.0,200all,30,state,cross,behind,0.5,1.0731760715962755,1.613318228395424,1.3597156878227037,32.0751774689707,767,124.23359201773836,7.268349497331652,True,0.15158047807832065,0.20509037832522944,1.042547669288703,1.4861814007013914,332,0.24868710660807464
570,long,0.0,14,points,4.185552887208043,223.51606522521885,points,2.09540089268452,169.9831192005375,0,50.0,5.0,200all,30,state,cross,behind,0.5,1.0259785200779012,1.6083772907240745,1.3438211868806378,30.882454658269133,765,123.90964523281596,6.285374658799321,True,0.02880848923066535,0.040336666805886254,1.007946705896569,0.2855442844551086,332,0.04283562725575849
570,long,0.3,14,points,2.0258764233609297,188.97848744768464,points,2.6929605657579048,122.25301613722343,0,50.0,5.0,200all,30,state,cross,behind,0.5,0.7234310990957491,1.0542119924298783,1.2168394332988293,18.377256456223087,744,120.50820399113081,2.7508661032543533,True,0.11967409641271345,0.15881160520836277,1.0320996734324845,1.0285684097011598,309,0.16080044283315706
570,long,0.0,7,points,5.110308095540295,165.27987288508746,none,1.0368111345335327,296.3328361442252,0,50.0,3.0,200all,150,state,cross,through,0.5,0.8424175661893379,1.9317810872427597,1.3901568496876975,33.34947334040896,702,113.70532150776053,5.481297962939175,True,0.31778937309895683,0.5985537988232418,1.1139034233320935,3.6005289590883383,309,0.44810441629375025
570,long,0.0,50,points,5.705478546677201,228.54095982629215,none,2.789309116658676,218.9309923127489,900,25.0,10.0,200all,30,state,cross,behind,0.5,0.26825967446060967,0.41285074782262954,1.0957003951505988,6.372729777858736,807,130.71252771618626,0.7799012207768716,True,-0.0345466032675636,-0.05264267477268459,0.9880250463861943,-0.2934020219771931,332,-0.05765935593986153
570,long,0.0,10,points,4.555650740073717,86.08663972964035,points,3.192900042554785,373.4363949846386,0,50.0,3.0,200all,150,state,cross,off,0.5,0.8278088122907211,1.9924176397359854,1.3418594717114647,25.896862420807658,677,109.6559866962306,4.4093626701158435,True,0.20806336055090882,0.46059948948676505,1.0718932230284457,2.013211771540181,296,0.27895714609049094
570,both,0.0,14,points,5.829075276321993,232.88422486296085,points,0.7275459437561322,173.5842068998209,0,25.0,5.0,200any,150,state,cross,behind,0.5,0.32118529371554827,0.4730553196233094,1.0817017954413868,11.195147403329015,1391,225.3049889135255,1.4851168268811497,True,-0.8117409506062999,-1.097166985626573,0.8209545431628464,-8.909064572390015,608,-0.8096910527367535
570,long,0.0,50,points,4.85257859649499,200.8328871602039,none,3.2565354990752087,359.3751291404007,0,50.0,10.0,200all,30,state,off,behind,0.5,0.35021943180022935,10.188478938062039,27.183502659135854,98.08600288042827,11,1.7817073170731708,27.2429648096701,False,-9.0,-9.0,0.0,0.0,0,-9.0
570,long,0.0,14,points,4.517925113888499,142.31422446721987,points,0.981367691864821,262.8227210020463,0,50.0,5.0,200all,15,state,cross,confluence,1.0,0.9194712867594043,1.731040609794721,1.296843741164229,32.65011501436743,898,145.4521064301552,3.447052858591775,True,0.24581021901512767,0.4272047567021912,1.0680478957899846,2.779964107400067,405,0.3626245459492572
570,long,0.0,14,points,4.829445788431803,239.4873833917249,points,0.7638051411743101,223.52624125960665,0,50.0,5.0,200all,15,state,cross,confluence,1.0,0.8806878693511999,1.4120964669992002,1.2812360063439532,32.14142681822887,909,147.23381374722837,4.061556009420913,True,0.2662136746775006,0.4002113490218251,1.0738238951391326,3.156684535712901,404,0.41012353085686337
570,long,0.5,14,points,5.358781301986356,208.42988040790735,points,2.0324101306954128,117.1328209135248,720,50.0,5.0,cross,75,state,cross,behind,0.5,-0.6539764203546315,-0.7877260365975733,0.6928156853048395,-8.024748971048293,197,31.908758314855877,-0.9373056809705336,False,-0.4820778416677976,-0.5960210805463213,0.7979495179143593,-2.2724832687763157,102,-0.5476909288053092
570,long,0.0,10,points,5.875946542463485,88.3770645517854,points,2.8757776318514088,139.15562439453774,0,50.0,3.0,200all,30,state,off,behind,0.5,0.8217356997690478,1.4143600217391965,1.2390860988262102,21.167136508292412,731,118.40254988913526,4.5522332857392485,True,-0.4327006383813849,-0.6703816540095965,0.9005102410395655,-3.266872569626293,337,-0.4434734862405376
555,long,0.0,14,points,4.441761365523268,221.44102838128765,points,0.7522271631851372,189.51557901062387,0,25.0,5.0,200all,30,state,cross,behind,0.5,0.17672175076443686,0.26497629004505086,1.0613089355117062,4.601609429249203,802,129.90266075388027,0.40140524568525165,True,-0.020421363084038316,-0.029539135132282145,0.9934230036691762,-0.16933453250963604,341,-0.0400599363614367
570,long,0.0,10,points,5.484150304394259,189.14293540300002,points,4.628764143638684,118.32182102843757,960,50.0,3.0,200all,75,state,state,off,0.5,0.7797961164683112,1.1500634978801343,1.2430300422540739,17.048932800445815,760,123.09977827050997,4.9010592692161286,True,-0.24487952963805382,-0.3226027584045185,0.936089569827927,-1.8466626401173976,309,-0.32713170754909204
570,long,0.3,10,points,4.755558438901277,151.80361883503159,none,1.9403005464374066,129.44676406174054,0,50.0,3.0,200any,30,state,state,off,0.5,0.7262024426573185,1.7664701983708437,1.3503288923006498,25.581685405030086,717,116.1349223946785,5.846350211916123,True,0.1911796895712584,0.383399167836473,1.0702750928602769,2.141343829929281,302,0.27306080858484194
570,long,0.0,21,points,4.916345704610551,173.26552510765032,r,2.602865794545403,112.93277822608633,0,50.0,5.0,cross,30,state,cross,behind,0.5,0.7189718883930026,1.7568016990334496,1.8188714685428449,12.28598273184235,146,23.648115299334812,2.733612199171166,False,0.12818669037490735,0.2507373253740844,1.0902819827802246,0.8440142036797463,79,0.24893108764072516
570,long,0.0,10,points,5.651168787224599,42.669442942214246,none,2.5871888154592693,366.8823547580482,0,150.0,10.0,200all,150,state,cross,behind,0.5,0.9015217809303036,3.3377421994262737,1.430336459695302,33.5142000628443,706,114.35321507760531,7.586206017089309,True,0.40545512062175165,1.2247997534402078,1.1422590564203605,3.863930183443645,318,0.8089960979061553
570,short,0.5,14,points,5.748984954615017,201.8116105781191,points,2.7888800785315757,226.3647556908028,0,50.0,5.0,200any,75,state,off,behind,0.5,-0.4137699872156611,-0.5707126957892433,0.8592292967961871,-13.15128810321777,535,86.65576496674058,-0.6061846147478489,False,-0.4114419674440589,-0.581893448641729,0.8614046381649383,-3.865411239119595,251,-0.42333617147317504
570,long,0.0,14,points,4.101103411233747,79.17835847957176,points,1.4874502147116888,243.92908725604542,0,50.0,5.0,200all,30,state,cross,behind,1.0,0.8153512530882225,1.7729385299629683,1.2759147102522488,23.938957737636397,792,128.2829268292683,3.661780516739736,True,0.024322466645431008,0.04780061148562522,1.0067336460482852,0.2177061367476143,357,0.041119443909102674
570,long,0.2,7,range,3.6861322961527896,132.78715218459067,points,7.787537678486421,190.24604604177512,960,50.0,3.0,200all,150,state,cross,behind,0.5,0.30488933265804485,0.5376677467503824,1.0982846702222953,6.453961605797918,726,117.59268292682927,1.3171796505592175,True,0.33689657222293506,0.5613806304913045,1.1083374578663185,2.598831669401492,297,0.6295172253815773
570,long,0.0,14,points,5.125942518892212,232.7041946104216,points,3.8258733648753194,156.92135042206502,0,150.0,25.0,200any,75,state,state,behind,0.5,0.8056304511740954,1.2297308253345174,1.2140477829290306,26.470401773667277,861,139.45909090909092,4.178835798315732,True,0.029244830546924488,0.04050191639319383,1.0064652442380646,0.3377893066134736,368,0.048555997751640524
570,long,0.5,50,points,5.4482572800028946,47.315696410055246,none,1.8680197021601779,358.8824852432242,0,150.0,10.0,200all,150,state,cross,behind,0.5,0.7678745122248161,2.6795435732341306,1.3655554691605998,27.17450366951123,644,104.31086474501109,3.416116212848307,True,0.3551262539728546,1.0044669694341601,1.1250091557964215,3.2313547210245863,286,0.606219955395369
570,long,0.0,10,points,3.5953195952904666,135.8793437162118,none,1.7679175973403103,269.0542480288052,0,150.0,3.0,200all,150,state,cross,behind,1.0,0.8033343250536764,1.8649429416972598,1.3040803147952151,37.79410273297764,692,112.08558758314855,5.6320705487825675,True,0.1687846484069362,0.338278106561528,1.0488026383905438,2.4391344488750395,311,0.24022164452874317
570,long,0.0,10,points,5.4309462692540675,32.774934157413945,none,5.5257566183733235,259.33443301949336,0,150.0,10.0,200all,150,state,cross,behind,0.5,0.9150965027906106,3.8468490976644465,1.4772129331434738,32.117798342860866,720,116.62084257206209,8.261352226189182,True,0.6173303053281157,2.208393723191107,1.2481467680170335,5.624442435205587,319,1.2401201921056237
570,long,0.2,14,points,0.877063930736703,64.9757551852315,points,6.0132023985185725,115.27085324234399,0,75.0,3.0,200all,150,state,cross,behind,0.5,0.3383963597892543,0.5754171819701446,1.0821693609051448,7.376572540532036,763,123.58569844789356,1.1530226346084849,True,-0.22497732318380984,-0.36664112166876583,0.9513413134034613,-1.4841586689954935,323,-0.23105799658817677
555,long,0.0,50,points,0.5278289335367055,195.8365577464993,r,5.503286840789107,283.269854124341,0,50.0,0.0,200all,15,state,cross,behind,1.0,0.881603005213732,2.045541413479123,1.4152421933242623,38.389871443694226,717,116.1349223946785,7.887176096907962,True,0.37228438136160363,0.719880439210239,1.1391649763538243,4.69567797104006,317,0.6615744387461849
570,long,0.0,10,points,4.259150576632535,273.175888203425,points,0.5344001302784622,55.02242524356933,900,50.0,5.0,200all,30,state,cross,behind,0.5,0.03901703748270317,0.0456011133297664,1.0099448422969632,0.8370198821520625,820,132.8181818181818,0.11500121923609419,True,-0.2866420590121714,-0.32308865002741155,0.9303386036615191,-2.266675005741306,341,-0.4734039721775731
570,long,0.0,14,points,5.251897265318004,271.47971926325425,points,2.7048079974155583,87.35052790576675,0,50.0,5.0,200all,30,state,cross,off,0.5,0.4793721552808866,0.6074946317778055,1.140209972722653,11.829511055925522,735,119.05044345898004,1.6537845493836394,True,-0.22684772103895337,-0.2720685346849707,0.9416492691821753,-1.882097710359703,308,-0.3590455045862483
570,long,0.1,14,range,4.562961408805435,217.39740367378977,points,1.0992033566083415,130.7530299887775,0,50.0,25.0,200all,30,state,cross,behind,0.5,0.22211150480716857,0.35109703714776946,1.0644818216544516,4.034892109923171,698,113.05742793791575,0.8575204456295337,True,-0.06996491240890426,-0.0975454799270838,0.981494578827238,-0.46628540199201396,298,-0.07745509768963488
570,long,0.1,30,points,5.838274117063866,144.7319646743589,points,1.5604751288626566,274.3157251120444,0,0.0,3.0,200all,30,state,cross,behind,0.5,1.0206190042064587,1.9547984761554653,1.3137786109956746,39.9983280024115,699,113.21940133037694,4.863703674653675,True,0.06314028528057308,0.10761802092915404,1.0152403953470626,0.809344704335011,303,0.06915896804828994
570,short,0.1,30,points,4.769781237438937,146.87786450400125,r,1.3275138878401767,283.700333209865,0,0.0,3.0,200all,30,state,cross,behind,0.5,-0.25632135032405307,-0.3943669904354045,0.9335976484672208,-8.43973792516527,543,87.95155210643016,-0.71379319777713,False,-0.9609092274235491,-1.4039849991381665,0.7899927943350634,-10.629330737092886,240,-0.880975430449913
570,long,0.0,14,points,5.839463638729195,252.6812173497611,points,1.797506099057189,277.8897559303105,840,0.0,0.0,200any,75,state,cross,behind,0.5,0.5444138894216907,0.8087844397254578,1.1454657117684222,19.381168931871258,901,145.9380266075388,2.540034786364265,True,-0.0991284728053711,-0.1413568594473454,0.9780601239024129,-1.3274708438729412,377,-0.1353066946455905
570,long,0.0,10,points,5.7223507690028805,32.404380343607976,none,7.272037777298345,204.46549630309391,960,150.0,10.0,200all,150,state,cross,confluence,0.5,0.3747560865318467,0.9888696764269329,1.1145440991094382,9.154652732836407,890,144.15631929046563,1.5218157298846484,True,0.5264774330675287,1.6049210984236255,1.1669200665072048,4.382480336504531,371,1.1405704639872216
570,long,0.0,10,points,5.933999246089521,37.952861136182186,r,3.4982996068987178,288.13790972397277,0,100.0,3.0,off,150,state,cross,behind,0.5,-0.1353205850339038,-0.2648568973999399,0.9004383078415392,-0.7926223361556679,79,12.795898004434589,-0.36583213503571405,False,-0.2795686005548703,-0.5286398892435965,0.8190570905987493,-0.5218383932967054,37,-0.46914430444346755
570,long,0.3,30,points,5.642890852923461,131.155691343142,points,0.9204608014845284,202.5302909162667,0,75.0,3.0,200all,30,state,cross,behind,0.5,0.7362025772179865,1.3010539971257455,1.2256736722749155,23.058783485314425,713,115.4870288248337,3.4049998807376096,True,-0.2381978098878442,-0.37305595112630546,0.9405659837169629,-2.394797316291432,309,-0.32683448125183584
570,long,0.1,30,atr,4.1549873311649534,110.34627978535983,points,2.427593442475207,285.843622281817,720,0.0,3.0,cross,30,state,cross,behind,0.5,0.07395317090568403,0.10663560683168698,1.0476660992707294,0.9247885904529429,144,23.324168514412417,0.23413329571177122,False,0.0666321672791118,0.0979155096153448,1.0367674609292445,0.36082175348472223,72,0.11320315755214187
570,long,0.3,14,points,4.536653622978169,153.72387229174927,points,1.6615770448647527,183.39809619129247,900,50.0,5.0,200any,75,state,cross,confluence,0.5,0.39065668923078456,0.6006604491304558,1.1071854986710525,10.32541557057393,899,145.61407982261642,2.0141758293256826,True,-0.3532712868832125,-0.5128311130864689,0.9140203148826805,-3.3852349512691404,370,-0.43922627562789557
570,long,0.2,14,points,5.061956397324992,169.4302266723496,points,1.1050473928262738,187.0295820860545,0,50.0,5.0,200any,75,state,cross,behind,0.5,0.939478117625836,1.5789417828123706,1.303574183700313,28.447600846160036,821,132.980155210643,5.040378452730677,True,-0.06295391112422188,-0.09294196677291393,0.9835437799690122,-0.6327151552013375,354,-0.09202597160116319
570,long,0.1,30,points,5.477584886853749,157.87910107672448,points,0.94969446435251,274.83578945018434,0,0.0,3.0,200all,300,state,off,behind,0.5,1.1216365933735537,2.0786350713891744,1.3577242689130253,53.500778509904244,465,75.31762749445676,5.551852695994741,False,0.46458352520520885,0.7947753575674922,1.1172949395457419,6.996802913463262,239,0.7895333965469535
570,long,0.2,14,points,1.7035585636289818,120.83599917323332,points,5.4998673394702,330.23713401350255,0,50.0,25.0,200all,150,state,cross,behind,0.25,1.0047253726377119,2.0245626943349215,1.3795802636058347,30.671957440495824,702,113.70532150776053,4.15119077403786,True,0.2889064688283415,0.5242153693923204,1.0914539936415943,2.7512369357576842,304,0.4332504043242638
570,long,0.2,14,points,2.3931309945576875,92.07623808146157,points,5.075429710987427,283.72615958999165,0,50.0,25.0,200all,15,state,cross,behind,0.25,1.1475063195759003,2.4231133576272588,1.429007089237273,32.39806033286177,712,115.32505543237251,4.949334096473764,True,0.28642153484047955,0.5421823747886816,1.0866171902606743,2.4459343102111184,307,0.45368456434420323
570,long,0.2,14,points,2.973072873923549,107.54684767047202,r,5.821669481921426,357.22073299658723,0,50.0,25.0,200all,150,state,cross,behind,0.25,1.0873932554985926,2.746524067351854,1.5044538149526594,39.5498819425852,681,110.30388026607538,5.179299751276454,True,0.05193993055519144,0.0970980622907901,1.016640667423246,0.4693828758866614,294,0.0730215434434561
570,long,0.2,14,points,2.880017097931761,43.7720693700775,r,5.995930626178424,337.847460470739,0,50.0,25.0,200all,150,state,cross,behind,0.25,0.8471325035062723,2.1215859629058764,1.3064473491392607,19.28777351780723,722,116.94478935698447,4.412135223634746,True,0.5043692114135973,1.2377365548117842,1.1676942629412745,3.3735901167401483,310,1.1385695716829052
570,long,0.2,14,points,2.261272052156498,223.3441192569906,points,7.407052513742775,264.4421211826429,900,50.0,0.0,200all,150,state,cross,behind,0.25,0.6315247331478745,1.0157012591317258,1.2141095388847292,16.693888649451978,762,123.42372505543237,3.229943730087562,True,0.23068877528934742,0.35131422800126716,1.0718595664594208,2.284720857643098,311,0.3948154560512394
570,long,0.0,10,range,5.669368487774564,93.69333578338657,points,0.7854748091265794,295.54029473978113,0,50.0,3.0,200all,150,cross,cross,behind,0.5,0.0307697607388195,0.060324630197091174,1.031153926014193,0.2824771664084228,82,13.281818181818181,0.07660582239684208,False,0.3349190629312233,0.7602593428957798,1.4185044035998429,1.1553103080636251,35,0.7797322976528956
570,long,0.2,14,points,5.845150628282576,156.49631940662155,points,1.3525151886414504,156.16120654733663,0,50.0,5.0,200any,75,state,cross,behind,0.5,0.8823823761486311,1.4145850780923954,1.2656204695071258,25.2596157165523,830,134.4379157427938,4.776269740282504,True,-0.0885026296142136,-0.12709580427538775,0.9778794249764906,-0.8244169901198699,355,-0.11203189168061706
570,long,0.0,14,points,1.6949602103751347,38.77943100152808,points,5.189174436079714,215.7313090444576,0,50.0,25.0,200all,15,state,cross,behind,0.25,0.7750372691885713,1.8841681022358512,1.2576237876128928,16.33791239277725,761,123.26175166297118,2.634404847260801,True,0.1108696863594375,0.25121270766714593,1.031833823845484,0.6594409310044331,325,0.17178241004699288
570,long,0.1,30,points,4.813387511071155,122.59979853387483,points,2.2309088044790886,316.2112848648221,0,0.0,5.0,200all,30,state,cross,confluence,0.5,0.6810008326690946,1.3565146146446847,1.200067097585971,27.37395776040005,735,119.05044345898004,2.686424814710226,True,-0.08553178217202675,-0.15593498609467144,0.9797603945284685,-1.1231363528391274,325,-0.07774073608896306
570,long,0.2,14,points,1.2971232512775281,125.88904074461402,points,6.44344894397316,354.70210230065356,0,0.0,25.0,200all,30,state,cross,behind,0.25,0.8662201184905566,1.8137595865022975,1.2872617350666913,34.6154745786136,652,105.60665188470067,4.615084005732639,True,0.07884855802970059,0.14744770193397091,1.0208188684937312,1.0095792021551855,284,0.09864770439472259
570,long,0.0,10,points,5.872272883485889,137.08237044997404,points,3.727599279474053,269.637566577154,840,50.0,5.0,200all,30,state,cross,through,0.5,0.2547845750739916,0.4078031105720613,1.0740164948741404,6.603711129417521,830,134.4379157427938,0.5710899315198731,True,-0.07792372910455177,-0.12535864462176505,0.9787792673270986,-0.7228766970982465,339,-0.1261522558318601
570,long,0.5,30,points,5.14196016942588,208.5598664209121,points,5.044025727373291,207.3458972436054,0,50.0,3.0,state,30,state,state,off,0.5,0.4497434639731573,0.573398421533824,1.1904705773919206,17.850052051454817,693,112.24756097560976,1.6033840401642654,True,-0.24675517453970078,-0.36330361857028026,0.9301339642803896,-2.5143924717800776,308,-0.24865336226212406
570,both,0.0,10,points,4.768822997507063,85.80638098529619,none,4.707338222803819,129.27548579957474,0,25.0,10.0,200any,150,state,cross,behind,0.5,-0.2822737210665118,-0.6149135819953306,0.9184770884259658,-10.965089060122407,1356,219.63592017738358,-0.38825344525324723,True,-1.1988328377472717,-2.2412470639155546,0.7275161243870901,-12.243883306344546,603,-0.8272014982373229
570,long,0.0,50,points,5.549032670714733,253.11367014138798,points,0.8306283210634351,153.14485550970625,0,50.0,5.0,200any,15,state,cross,behind,0.5,1.013929943130199,1.5169659932282735,1.3192267179464328,31.281360422843008,849,137.51541019955653,7.3119760222292856,True,-0.08414998287118008,-0.11260317680604245,0.9781608460660415,-0.8616537402016125,367,-0.13794503565764007
570,long,0.0,50,points,5.950985433342112,272.2731909219933,points,0.9113626920208091,163.8284942645835,0,50.0,5.0,200any,15,state,cross,behind,0.25,0.8881909508041522,1.3248218742052398,1.28431646469085,27.905098860509764,833,134.92383592017737,6.926728549503653,True,-0.0824366212035137,-0.11086510782811462,0.9778180357832227,-0.8578261405444241,357,-0.1552979525272261
570,long,0.2,14,range,3.4540070141820776,121.15028554632846,points,5.308733610266753,296.27649337847544,840,50.0,25.0,200all,15,state,cross,behind,0.25,0.11278628915725031,0.19436254308344575,1.0363794899369188,2.1720714298112638,689,111.59966740576496,0.5504566985567194,True,0.179467414952892,0.2933704015586308,1.0576105931254318,1.3115261596231178,283,0.30450099281905507
555,long,0.2,14,atr,3.357462353686985,61.95876116023825,points,5.308197228220433,239.26077997151017,0,50.0,25.0,cross,15,state,cross,behind,0.25,0.44254600274855976,0.8680911796311556,1.4457690979830593,4.37614277013213,101,16.35931263858093,2.8284421407846616,False,0.83559415622508,1.3942782863237575,1.779581473047871,4.019577555058607,61,3.3950220311945807
570,long,0.0,14,points,5.8170057730913305,255.68605249635024,points,1.0305070791577626,235.76687249483743,0,50.0,25.0,state,300,state,cross,behind,0.5,0.7471551138748553,1.1634699899304708,1.2451134630506706,23.796878867663665,765,123.90964523281596,3.5087102333894764,True,-0.2804224004495115,-0.3919401231657621,0.9262608153718909,-2.931547063753587,339,-0.4516854273619465
570,long,0.2,30,points,1.4227256393065968,99.70613788105891,points,5.359308030101067,314.06682315057395,0,50.0,25.0,200all,150,state,cross,confluence,0.25,1.182352505974768,2.513623814079351,1.4478246452026187,35.424887825263994,726,117.59268292682927,4.670019576701437,True,0.15208834634510887,0.28018800976776687,1.0453403410810602,1.3455627727445822,317,0.22991794806532825
570,long,0.2,50,atr,2.5091985496458826,86.2806518918487,points,6.429972183632145,249.1597934844078,0,50.0,25.0,200all,30,state,cross,confluence,0.25,1.4192730015158421,3.1424418229115942,1.539787162745304,38.05797870723628,744,120.50820399113081,12.739473920402288,True,-0.09107140130979235,-0.15372047703109532,0.9751206397612396,-0.7324367256525237,319,-0.10748702151895034
570,long,0.2,50,atr,2.7714590208328045,109.49797489476347,points,6.936896890283548,323.73731067987524,0,75.0,25.0,200all,30,state,cross,confluence,0.5,1.014433731433826,2.142558928427581,1.3585998301486721,33.56648386807194,758,122.77583148558759,8.036703706678196,True,-0.3535879608912868,-0.6101417812725553,0.9081691920912256,-3.7913190754358146,335,-0.3489136896896843
570,short,0.0,14,points,2.3073410582314677,214.6102320618772,points,3.3557991569114,191.0665551602757,720,50.0,10.0,200all,30,state,cross,behind,0.5,-0.21343665868843692,-0.3057040014935559,0.9315872883834924,-5.198836383540244,572,92.64878048780487,-0.47971933596007466,False,-1.2622873880302166,-1.6278760109482708,0.6732411752472554,-9.819691848408278,254,-0.8408567591710802
570,long,0.2,50,atr,3.6727650772885507,57.443226653186585,points,6.508150490072819,237.97881560409073,0,50.0,25.0,200all,30,cross,cross,confluence,0.25,0.08023303020962441,0.13467904792776492,1.081562706143915,0.6548735090590612,59,9.556430155210643,0.27909468946632615,False,0.044622755822545955,0.06754354965536613,1.0445619322687012,0.13055324502958332,24,0.14251433637222985
570,long,0.2,50,atr,2.1411845311977165,110.9644706563777,points,6.063820951522456,360.65860537968035,720,75.0,25.0,200all,30,state,cross,confluence,0.5,0.48374819666704394,0.8451698264141848,1.1343187441563476,10.981196017841608,825,133.6280487804878,3.096693380997629,True,-0.3417682188805493,-0.5639516655491392,0.9173473886723105,-2.7478378060199793,341,-0.3481926875392106
570,long,0.2,50,atr,0.7313084088496293,157.16172038474957,points,6.751334851703421,259.58842181172093,0,50.0,25.0,200all,150,state,off,confluence,0.25,0.25151689920309234,0.7283539060708304,1.0989063542728577,4.502808941706602,761,123.26175166297118,0.695186717517905,True,0.16540061394819774,0.46420655914308107,1.0586035043060684,0.9403020363317588,318,0.23549030597022877
570,long,0.2,30,points,1.8640535319532388,30.290550176169162,points,1.4654665920254604,259.64349177453107,0,50.0,25.0,200all,150,state,cross,confluence,0.25,0.8340020897614305,2.4159563311795953,1.3178445988975827,17.377725755670678,750,121.48004434589801,3.5106730303358864,True,0.5554000601583093,1.5751839742314706,1.1975466216820632,3.3104044525397907,322,1.501105260693253
570,long,0.2,30,points,1.1301202539782875,133.08977093959712,points,7.342382602527525,369.5430569011818,0,50.0,25.0,200all,150,state,cross,confluence,0.25,1.1404228788140374,2.340097730402887,1.4492641116484501,37.00766828944073,716,115.97294900221729,5.630727415739736,True,0.11239784492334068,0.19509776550006444,1.0348866057963584,1.0961295792030938,311,0.1725521166439726
570,long,0.2,30,range,0.9562040878613614,161.04104586032548,points,6.793027518137924,323.88187493534514,0,50.0,25.0,200all,150,state,cross,confluence,0.25,0.7319488038438261,1.5844767729966498,1.3011480572390381,17.737459089626586,671,108.68414634146342,5.937662217496991,True,-0.05445090487840498,-0.09230230747780194,0.9822091171812486,-0.4465187342385766,291,-0.07084409541545178
555,long,0.2,14,points,1.709244679927148,159.62673313076084,points,5.02299278552344,329.6465112293773,0,50.0,5.0,200all,15,state,cross,behind,0.25,0.824873614031713,1.6225817513043428,1.3252526249458243,27.797715741881294,707,114.51518847006652,3.1131646544091685,True,0.6320103597401859,1.1730534191520114,1.228920131380128,6.725746375568756,305,1.3812587838420822
570,long,0.3,50,atr,5.172631706556938,173.52857929361238,points,7.121245465917326,391.4353707517341,0,75.0,25.0,200all,30,state,cross,confluence,0.25,1.0194483520319897,1.9157089887406227,1.3967166772336534,40.11328243562379,683,110.62782705099778,4.786790435112715,True,-0.10407187845631,-0.1641627358291815,0.9689536082901857,-1.223426722858994,298,-0.15146711079799616
570,long,0.2,30,atr,4.199322097357973,147.92282808554123,points,7.250267729503906,391.7443045021562,0,75.0,25.0,200all,30,state,cross,confluence,0.25,1.0297436388118353,1.962179853183639,1.4003715709380786,39.82743339686593,696,112.73348115299335,7.123066007265859,True,-0.04774973835877833,-0.07453914764291344,0.985634618587618,-0.5768727697508567,306,-0.07161495255922022
570,long,0.2,30,atr,4.118252647448932,201.03028172064012,points,5.138231446061621,370.81754310107596,0,75.0,25.0,200all,30,state,cross,confluence,0.25,1.0230949362518114,1.9158423435129202,1.389498547872041,38.743546200219555,699,113.21940133037694,6.604599352592567,True,-0.08287713938890322,-0.1277902292645115,0.9754373535860972,-0.9747919453491125,306,-0.12367435894375257
570,long,0.2,30,atr,4.785917307697245,218.59050395884717,points,6.771125555926075,297.75280330344435,0,75.0,25.0,200all,30,state,cross,off,0.25,1.0208391005558126,1.7931705207075865,1.3832592440652127,36.36198721972725,661,107.06441241685144,4.895616129266555,True,-0.14034948134073044,-0.20049113259960832,0.9581854267274628,-1.6120686903536092,286,-0.1879592354883279
570,long,0.2,30,atr,3.8775055608372666,151.7886914924242,r,4.54596672990756,323.5950588538826,0,75.0,25.0,200all,30,state,cross,confluence,0.25,0.9998019256679458,2.152984687062286,1.435602889937866,42.63568472413614,684,110.78980044345897,7.85474100781008,True,-0.009600370855180281,-0.016277252840579497,0.9969141464419566,-0.12238292552344454,299,-0.013599452863790598
570,long,0.3,7,atr,4.850562946532125,177.5007220214512,points,5.066953254768573,386.64526458268523,0,75.0,25.0,200all,30,cross,cross,confluence,0.25,-0.052405720324891415,-0.07802297438236433,0.953279237837762,-0.7930142952386623,84,13.605764966740576,-0.183978859732602,False,0.4012060635625098,0.693717752742312,1.4220395451723797,1.8963474925118324,38,1.1344969557962132
570,both,0.2,30,atr,4.519771341868918,202.40145098914917,points,7.334636811734629,391.96573205149605,0,75.0,25.0,200all,30,state,cross,confluence,1.0,0.6263359122029355,0.9486271561063474,1.1785807988485197,37.11532989170904,1282,207.649889135255,4.084562306929025,True,-0.38438559306490255,-0.5799511111953868,0.9181658338692708,-6.687291882914885,570,-0.5705638474141757
570,long,0.2,30,atr,4.339907310259227,160.81302143384744,points,6.90721497986113,397.24662332156515,0,75.0,3.0,200all,300,state,cross,confluence,0.25,0.9760840283238575,1.9221286743092119,1.4005507033033582,39.07679366518508,679,109.979933481153,6.815169467003174,True,-0.12572080331315252,-0.20446347658197664,0.9600388677149472,-1.6123297896091584,298,-0.16225895367535015
555,short,0.3,50,atr,4.524129284679317,116.9027039678974,points,5.645077605468128,329.4770920530221,0,75.0,25.0,200all,15,state,cross,confluence,0.25,-0.25887385421338965,-0.39642809170361604,0.9116537338705235,-8.3845105570528,531,86.00787139689578,-0.5382190641623555,False,-0.6553960303948421,-0.9276019898659293,0.805027222023905,-7.006614683275341,237,-0.6972147824063829
570,short,0.2,50,atr,2.919482244455009,219.7829489891562,points,5.1214745620718745,374.34589628050514,0,75.0,25.0,200all,30,state,cross,through,0.25,0.11301419024533743,0.20482693472432534,1.0433302767338202,3.557305802393042,513,83.09235033259424,0.32684085014400854,False,-1.1346227377245188,-1.6522603789328099,0.6772443229882505,-10.423228853099282,226,-0.8076451703466674
555,long,0.2,14,atr,5.497243972417406,223.3279510368173,points,7.714701723722604,296.65366930295755,0,75.0,25.0,200all,30,state,cross,off,0.25,0.8718553994979323,1.426094071039981,1.317285137723415,32.89564067615748,677,109.6559866962306,4.154602041600398,True,0.4627983859293841,0.7080576287727732,1.14663292444387,5.469006925890527,290,1.1700028588511835
570,long,0.2,30,points,1.5559389600943347,146.44178209126824,points,4.603911029050271,372.2151176780405,0,50.0,10.0,200all,300,state,cross,confluence,0.5,0.7501395468133314,1.0732268781525285,1.351426224139676,32.360384327245654,737,119.37439024390244,2.02102409034047,True,0.12271294059728595,0.22102006918601666,1.039902771148167,1.3073269743769353,324,0.1357703830570883
570,long,0.2,30,atr,5.424731487399774,262.03679309907534,points,6.9749626313392445,358.11664568661485,0,75.0,25.0,200all,30,cross,cross,behind,0.25,0.37483471390952544,0.7854100207185873,1.655057458648283,3.944738815560059,36,5.831042128603104,2.912724512640889,False,0.22637661330275322,0.3854209172661403,1.376202556499417,0.6323460747648298,15,0.46720568752022723
570,long,0.2,30,atr,3.7883740984780165,105.60203421111845,points,7.807950986631923,395.29508275864,0,75.0,25.0,state,30,cross,cross,confluence,0.25,0.36222384429293614,0.5057789957950196,1.1427639314528493,16.72437507057659,705,114.19124168514412,1.6231429425489907,True,-0.2782559744508814,-0.44527420168593795,0.9213668268087879,-3.564493249556027,309,-0.3167193402500317
570,long,0.3,50,atr,5.7277408670077286,164.68741131936048,points,7.359196111724049,361.48754527042297,0,75.0,25.0,200all,30,state,cross,confluence,0.25,1.0322891982257272,1.8566063241241648,1.3945196985119717,40.340654200701074,685,110.95177383592018,4.7764027901372,True,0.11133142620482703,0.17304655404681757,1.034507080069666,1.3161504238722195,296,0.15209191307565967
570,long,0.3,50,atr,5.932805299946489,191.23094784075766,points,7.9628629885299675,380.4552606214966,0,75.0,25.0,200all,30,state,cross,confluence,0.25,0.9622412078792747,1.723690788236237,1.3693638846702572,38.055530551618304,681,110.30388026607538,4.238357730406809,True,-0.03610471920330815,-0.05545985635091321,0.9889282518600507,-0.42760569855231445,295,-0.046636939817610246
570,long,0.2,30,atr,3.984923598130454,222.52559776018512,points,6.487087612114337,334.9326596403904,0,25.0,25.0,200all,30,state,cross,off,0.25,0.34824951045750785,0.5907719264219206,1.1319094979530062,8.031634175878393,720,116.62084257206209,1.1910011733826142,True,-0.040389144512050425,-0.06128941390613604,0.9857761492207026,-0.3138292759776782,294,-0.05282165392473814
570,long,0.0,14,points,3.9132314427612727,206.8768894370777,points,2.5657155584721343,63.12846561377994,0,25.0,5.0,200all,150,state,state,confluence,0.5,-0.09538503509278427,-0.11692586913031812,0.9742824415446528,-1.637506216408993,875,141.72671840354766,-0.15484736633782278,True,-0.6242452227963081,-0.7324297427916188,0.8502980792918068,-3.751413962076944,367,-0.728617758477957
570,long,0.5,30,points,0.7122797999960356,119.94017296573692,points,5.227508817182057,373.37638389291817,960,50.0,25.0,state,150,state,cross,confluence,0.25,0.27344432079259556,0.4504653581502419,1.0814233199215308,7.2270586116589755,759,122.93780487804878,0.7855855640199366,True,-0.21395394608287194,-0.3497254496163943,0.9421054705686744,-1.9228483770360043,321,-0.21224202796567657
570,both,0.2,50,atr,0.7609257648413772,76.35535596153183,points,7.235859311769568,346.3347514278043,0,75.0,10.0,200all,30,state,state,confluence,0.5,0.07653388750614429,0.2127658177816287,1.0227282664735688,2.141180142615017,1330,215.42461197339244,0.1636951669262789,True,0.0168284476826025,0.0456220074090412,1.0047286914746574,0.14940824947957232,556,0.029244431240189234
570,long,0.0,50,points,1.6546056424896793,201.1731117793589,r,7.361552537125505,249.3513952767516,0,50.0,10.0,200all,150,state,cross,behind,0.25,1.0562296789625143,2.582558394629675,1.5643689995226582,45.60909801828066,666,107.87427937915743,10.78136354886222,True,0.14507823777900986,0.2486777172211938,1.0507485729410844,1.6053226130567921,292,0.21271016881218477
570,long,0.3,50,atr,1.868604021973766,90.29481065979004,points,5.674576461015634,270.41729061587785,0,0.0,10.0,200all,30,state,cross,confluence,0.25,0.7909808997835512,1.7430181312751674,1.2568430581158663,25.69608487254851,714,115.64900221729489,4.869375617740566,True,-0.1494412223798322,-0.29039248439170784,0.9621039165785881,-1.5019122307150798,308,-0.16746508616333033
555,long,0.2,30,points,1.7481200026042483,152.9432571346869,points,5.8359117992714005,293.79588242345346,960,50.0,3.0,200all,150,state,cross,confluence,0.25,0.6558252734689195,1.1287167289348292,1.2148757643757844,19.283767477410038,803,130.06463414634146,2.1927551341534333,True,0.434741285254018,0.736864979451122,1.1343624530609158,4.379386750941595,328,1.332709591676654
570,long,0.0,50,atr,0.7447396269170367,135.4670806291129,r,6.97791661857699,348.8217214509604,0,50.0,10.0,200all,150,state,cross,off,0.25,-0.1392308200400567,-0.3587015739747729,0.9508200440995414,-2.273602907440055,754,122.12793791574279,-0.3430383163345818,True,-0.465554058359832,-1.061196127870191,0.8655505523779938,-2.1649128874563894,309,-0.40002768407337325
555,long,0.0,50,points,5.818190457353022,182.028136602005,points,1.3321321146230027,210.86694039674086,0,50.0,0.0,200any,15,state,cross,off,0.5,0.7458065953377542,1.2514340685564371,1.2378044462393825,24.34729503842165,818,132.49423503325943,2.914882389239857,True,-0.13117852060191326,-0.19864359163260242,0.9657144005479656,-1.4312043512249433,351,-0.2299305381393854
570,long,0.0,50,points,1.1529197689492605,226.22752688844173,r,6.199983819374577,227.0039950902571,0,50.0,10.0,cross,150,state,cross,behind,0.25,0.34361927906471085,0.7294847279906547,1.274794165783418,8.33730263125377,225,36.4440133037694,0.8581470343739804,False,0.11167686831583482,0.21407068918902433,1.0645584340335779,1.0020112483159922,119,0.25924330224496817
570,long,0.0,14,atr,2.855358355342925,260.69972635635935,points,3.4277892896813995,150.79895756944347,0,50.0,0.0,state,30,state,cross,behind,0.5,0.6414449666396664,1.007510774194305,1.1879583229211166,17.968183404225957,783,126.82516629711752,2.141977857027791,True,-1.037416849101977,-1.3997990756018275,0.7681097205398885,-9.53057155043168,342,-0.8394617625203306
555,long,0.0,30,range,2.070000088229815,183.02274981238827,r,5.158845265968649,217.30883419029243,0,50.0,0.0,200all,150,state,cross,confluence,0.25,0.07122418833335165,0.15300457662183428,1.0300034391876924,1.6368455595096862,621,100.58547671840354,0.2890547146972618,True,0.09846786328458502,0.20880682167441772,1.0400279306308255,0.9020564036999845,265,0.11324830468526441
570,long,0.2,21,atr,2.975837015018771,98.97828499109934,points,7.23189320617431,266.4217245649446,0,75.0,25.0,200all,300,state,cross,confluence,0.5,0.6776420832307348,0.9219515091273678,1.2603205146415875,28.86661988301136,772,125.04345898004435,2.3282071514637837,True,-0.32031305258138126,-0.48434174923560025,0.9207856445563832,-3.634581429720038,342,-0.34928859199501966
570,long,0.5,30,points,1.1740576518039536,175.35469431175625,points,7.538682058107138,392.5618405670269,0,50.0,3.0,200all,150,state,cross,off,0.25,0.9863702297400172,2.095321682297299,1.4698308480738338,33.27943281242884,615,99.61363636363636,7.323798308315888,False,0.35529712607384484,0.6646221358284449,1.1390115027406449,3.8418593860910906,268,0.553341287948757
570,long,0.0,14,points,0.8837180284463317,254.17067504921147,points,2.2458078137873296,150.9224841780341,960,25.0,5.0,200all,30,state,cross,through,0.5,0.32109671109335863,0.45723282440747737,1.1060005417185095,7.7438907609464405,825,133.6280487804878,0.66278337926565,True,-0.18914202649145836,-0.2537069563391556,0.9412644148056524,-1.442427508528217,337,-0.4126274439473256
570,long,0.0,50,points,5.859614051541527,271.9839131468775,r,2.4190841340462312,318.24657298977746,0,50.0,5.0,200any,75,state,cross,behind,0.5,1.1175150670632168,2.416031387622078,1.5333475803536332,49.70685771577543,761,123.26175166297118,11.641256836990324,True,0.1008976141513361,0.17316633941971704,1.035264188152369,1.352997052385545,342,0.19458078741413307
570,long,0.0,50,points,5.1448338031057625,288.2403248078969,r,4.072093913385024,348.2337835790868,0,50.0,5.0,off,75,state,cross,behind,0.5,0.7501018333620092,2.8070507043020267,3.173374377902231,12.334538375119964,58,9.394456762749446,4.977250629056955,False,-0.48834991231717945,-0.6071989304094441,0.5328390248498642,-1.237651052005695,24,-0.7376160875437858
570,long,0.0,50,points,4.7772443973157825,167.71195427405272,r,2.4368915198411627,216.17480914321084,0,50.0,5.0,200any,75,state,cross,confluence,1.0,0.9576593440608073,1.9705009964342133,1.3523758176526615,38.86574516091798,886,143.50842572062083,6.152846287220969,True,-0.07174903932728176,-0.12675410229784936,0.9789453081554848,-0.9112229965158396,390,-0.09469440113306583
570,long,0.1,30,points,4.835241593096423,295.32470688370466,points,1.7869893463969633,199.8115515606267,840,0.0,3.0,200all,30,state,cross,behind,0.5,0.5411291581809404,0.772146767010932,1.151907563260438,16.466963516914454,792,128.2829268292683,2.069442192393288,True,0.38405483047059147,0.5388330640342984,1.095091883395797,4.520600730735479,324,0.6337884327173452
570,long,0.5,10,points,1.9575085634893028,162.51179557046737,points,4.983376897909329,338.62716159791387,0,50.0,10.0,200all,15,state,cross,behind,0.25,0.7949292657461132,1.5447331467275485,1.3253726607159404,25.579453229841725,639,103.5009977827051,4.687594791461757,True,0.12401594120137645,0.21359968826593292,1.0426099932554853,1.230407461536366,277,0.15154207490643137
570,long,0.0,7,points,5.0252502413047955,206.70627410109694,points,2.3963523806018134,162.21550945707318,0,100.0,5.0,state,75,state,cross,behind,0.5,0.3989947748980449,0.5888919892294262,1.1027655008698445,13.779071155361503,769,124.55753880266076,1.235984913300135,True,-0.7493669717359647,-1.0111917161901165,0.8423577181284135,-8.629502750273506,343,-0.7210503676670237
570,long,0.2,30,points,3.5922000350145473,58.27812079052745,points,6.143286525531852,382.58072119909485,0,25.0,25.0,200all,150,cross,cross,confluence,0.25,0.23421520823104677,0.5759849940407629,1.2858587143774844,1.87999206179737,78,12.633924611973391,0.8613261650688468,False,0.1356588164424768,0.31215887177317747,1.1634583284801114,0.2685738526255016,34,0.39172015202875066
570,long,0.2,14,points,1.1996342375168965,29.541040292002428,points,5.156649403089467,273.93181945545325,0,150.0,10.0,200any,15,state,cross,behind,0.25,0.5580902222421439,1.6984413471273767,1.1975290708524908,13.902802707646394,798,129.25476718403547,2.762263152084704,True,0.23414152475540123,0.6966299690771268,1.074218669152166,1.7089363692751163,347,0.4599577560832011
555,long,0.1,50,points,5.584493394199937,217.15319996444157,points,1.2905693724754936,134.16370302846133,0,50.0,5.0,state,15,state,cross,behind,0.5,0.5415101559129777,0.773153388448658,1.1547876097517273,15.483544717115336,788,127.63503325942351,1.6217501101051852,True,-0.5024210817658352,-0.6552452712810761,0.876709763315232,-4.6289937714035325,334,-0.5486901510647016
570,short,0.0,10,points,4.3761184495605,109.63120816709008,points,4.25951297234163,234.45036844380837,0,50.0,3.0,off,30,state,state,off,0.5,-0.7487404321710186,-1.2168026458234478,0.8386234151696248,-21.64672932653541,1364,220.93170731707318,-0.845336271865608,True,-1.1099562488194026,-1.7580300678729721,0.7730073534129975,-10.07989145115703,559,-0.8400891143329458
570,long,0.2,50,atr,3.3932606887542853,125.60580061915262,points,6.544894450995944,299.5997325171569,0,50.0,3.0,200any,30,state,cross,confluence,0.25,1.1954560997618047,2.629950329693121,1.4756706390043337,40.9002817352021,802,129.90266075388027,8.219655440123637,True,-0.14946057342061111,-0.26000118708862585,0.9566359099229746,-1.6028834243132182,353,-0.18509858038852559
570,long,0.0,10,points,5.849087188193108,161.9707753111437,points,3.109967976511876,124.5759091805803,0,50.0,0.0,200all,30,state,state,through,0.5,0.8720412112186112,1.3529306100006155,1.2601916265383706,20.431745556593413,804,130.22660753880265,4.8879521766282075,True,-0.3138849604811258,-0.4278066037757888,0.9237039908465055,-2.4482133482274824,338,-0.33193034715121017
570,long,0.2,50,atr,3.581019429015533,182.8946841614969,points,7.062398347243581,319.95680346776805,0,50.0,3.0,200any,30,state,cross,confluence,0.25,1.054378713456422,2.258945235128998,1.4166127207438581,36.083988878573805,795,128.7688470066519,7.23441603472561,True,-0.11808281248653768,-0.2066750891662964,0.9646954548945672,-1.3018648734117235,350,-0.15196700376822897
570,long,0.2,50,atr,4.503037633411284,266.43340272019753,points,5.473958531719182,362.6527528720454,0,50.0,3.0,200any,30,state,cross,confluence,0.25,1.0730212956031282,2.2269578274298394,1.4412384541715115,38.54831278686691,785,127.1491130820399,7.898937705497083,True,-0.280222942992675,-0.4622039062828384,0.9163087760464312,-3.307591963465894,346,-0.37388488152263016
570,long,0.2,50,atr,5.795774645158141,248.24053400191048,points,7.626752389311074,328.2242458832919,0,50.0,3.0,200any,30,state,cross,confluence,0.25,1.0225990286165472,1.9565268703710808,1.4081546783986498,37.533464809384384,787,127.4730598669623,6.6727543991445515,True,-0.1926316768232075,-0.29951836636187995,0.9405652532252251,-2.360454115693023,346,-0.23196505825204194
570,long,0.2,50,atr,3.8658501404913497,231.1895800003411,points,6.607485634353743,351.94513554242843,0,50.0,3.0,200any,30,state,cross,confluence,0.25,1.0826966634224915,2.3269597897813563,1.4388644520895868,38.39773870983393,790,127.95898004434589,7.122017084993876,True,-0.1790261289228183,-0.309004425603366,0.9459723935161459,-2.044602927214327,347,-0.22137176289753366
570,long,0.2,50,atr,3.0181494838421106,167.07163456429066,points,5.993003243244891,325.02862154828904,0,50.0,3.0,200any,30,state,cross,confluence,0.25,1.0284631391473222,2.33646914984856,1.4075993503129203,33.77540750452619,797,129.09279379157428,10.071761994619434,True,-0.30682939096480893,-0.5609150561671504,0.9110490859942787,-3.257347396034394,351,-0.3039896494724315
570,long,0.2,10,points,1.0540523438947527,114.1730458198713,points,7.902616375928522,388.81457236399547,0,50.0,25.0,200all,150,cross,cross,confluence,0.25,0.12703021877118678,0.24869423125080017,1.1160693938358792,1.4813683249269258,96,15.549445676274944,0.30922801565481717,False,0.4328401209179669,0.9561562671005002,1.474722677490063,1.6483742369570094,41,1.4724866556376441
570,long,0.0,50,points,5.370776487145075,153.25426240580651,none,2.9967031776235435,318.3974178299229,0,50.0,5.0,200all,150,state,cross,behind,0.5,0.9763320349318569,2.37316115121425,1.477217480393567,39.24453599476875,680,110.14190687361419,7.64357934194946,True,0.12331663328464627,0.2300204871749127,1.0426093145162085,1.3655870571282027,300,0.16113120821576635
570,long,0.5,50,atr,2.247074055857852,147.36398329322753,points,3.802891751200448,311.10628204323984,0,100.0,3.0,200any,30,state,cross,confluence,0.25,0.40351925040956527,0.8170822688877788,1.1306047549660256,13.722948861463857,764,123.74767184035477,2.021480392140032,True,-0.35929163492661725,-0.6961317714870483,0.9048937709201498,-3.7593005468835816,335,-0.45629391435584393
570,long,0.2,10,atr,1.3469055526941416,74.77101378775413,points,7.133029227413841,192.874145573087,960,50.0,3.0,200any,30,state,cross,confluence,0.25,0.3386242614773678,0.6517063314334917,1.0975467800456622,7.629264505486541,873,141.40277161862528,1.7788011398776,True,-0.05894534660707542,-0.10466456486063642,0.9848547218179496,-0.48648048843950065,367,-0.07785655098136053
570,both,0.2,30,atr,2.1652409385150544,131.55477516214182,points,6.622799584705539,310.31540438101206,0,50.0,5.0,200any,30,state,cross,confluence,0.25,0.5408961666281384,1.1192582018049042,1.1488065571558215,21.596137691233857,1339,216.88237250554323,2.6856309829849936,True,-0.7737508874411348,-1.3343343010251012,0.8254767083032584,-9.803678525838555,586,-0.7717400111194765
570,long,0.2,50,atr,4.020429471714664,39.243457682008426,points,5.33791778531259,297.94816388677424,900,50.0,3.0,200any,75,state,cross,confluence,0.25,0.5684709910843135,0.9613666408265622,1.1791040985377341,15.736292210230735,869,140.75487804878048,3.2014132130244213,True,-0.3719145547217766,-0.5647472626324198,0.901444293306162,-3.8443625281383498,360,-0.4664520826809676
555,long,0.1,30,points,1.995502175520873,156.33110818336178,points,5.515831165375136,331.3192297149118,0,50.0,25.0,200all,30,state,cross,confluence,0.25,0.8972991466965518,1.6686631188752972,1.32193424697494,29.227111909968187,746,120.83215077605321,2.6134266640876556,True,0.5416251450326268,0.9331955893337415,1.1749089593949114,5.473847212723151,321,1.2093030632895285
570,long,0.2,30,points,1.5500549276549662,97.8120050522535,points,7.539233960575055,319.06667329929434,0,50.0,5.0,cross,150,state,cross,confluence,0.25,0.06549768532943091,0.13222733540492362,1.038757149547548,1.1088352436703772,240,38.87361419068736,0.11835296783711108,False,0.05209073936888865,0.10339596004550879,1.0263737558626593,0.3146430912025544,128,0.0974531526548181
570,long,0.2,30,points,1.6969957100560285,116.06319384162556,none,7.733889409211484,358.84164593303313,0,50.0,25.0,200all,75,state,cross,confluence,0.25,1.0544722059869691,2.6618976972788495,1.4966345662413356,39.91537377710543,685,110.95177383592018,5.702298309006079,True,0.03564314757158206,0.06431794541440235,1.0111309776000552,0.33126515703810666,305,0.05165959473625216
570,long,0.2,50,atr,1.9136947091465477,164.207549184647,points,7.4938250687270775,179.06581014817687,840,50.0,25.0,200all,30,state,cross,confluence,0.25,0.5944213795690939,1.0616897371546403,1.1705190281854192,11.521030845524423,781,126.50121951219512,3.3454556403735882,True,-0.41741602799856903,-0.6669718586109533,0.9001178812838867,-2.6675251662253725,320,-0.46270059313044165
570,long,0.2,50,atr,3.69779362267509,245.6417516292262,none,2.5176221809101436,335.287832653034,0,50.0,3.0,200any,30,state,state,confluence,0.25,0.8892466613175478,2.2752549537847133,1.4346923716531461,32.03362049166037,776,125.69135254988913,11.28414564667087,True,0.06067177089051553,0.11830338100185749,1.020756192242053,0.6954023426472062,335,0.08445572146912536
570,long,0.2,30,points,2.9849365996284094,169.83740507805902,none,7.3774007166001985,342.5121594506357,0,50.0,0.0,200all,75,state,cross,confluence,0.25,1.0993346390987158,2.758989079404298,1.573147758823281,44.697814505559805,657,106.41651884700666,7.423185983693295,True,0.38595210552683173,0.7483669261749284,1.1485807803609036,4.425974693370138,290,0.5362079435273615
570,long,0.0,30,points,2.725472080107215,72.74257630136418,points,7.999924499687106,360.61189343778244,0,150.0,25.0,200any,150,state,cross,confluence,0.25,0.8149507690575454,1.9654274887919778,1.2574049265431293,30.853403342714415,807,130.71252771618626,4.068911252151732,True,0.4617546129129637,1.0650652926210697,1.1242427710216918,5.530574338592455,364,1.110387019043331
570,long,0.2,30,points,2.6510941460978423,222.0666405696889,none,6.720812359719764,235.98784478846878,0,50.0,0.0,200all,75,state,cross,confluence,0.25,1.1611145562709508,2.781055044221993,1.621857742054002,48.38334896163136,652,105.60665188470067,9.851060744956339,True,0.39430709743414954,0.7543887284525526,1.1598838557489806,4.887652124423431,289,0.5487311890174952
570,long,0.2,30,points,3.5859768107022534,203.9088847654087,none,6.737841328207608,163.19718498462493,0,150.0,0.0,200all,75,state,cross,confluence,0.25,1.0848316971719831,2.4714136665325657,1.470829482173368,50.88707801338416,619,100.26152993348116,10.74093522300695,True,0.20984874722009372,0.3880550018263315,1.066183672341808,3.0753215705256025,273,0.25070256957679865
570,long,0.2,30,points,4.116592780853434,254.22033855005134,none,6.698662312823468,153.16705269792345,0,50.0,0.0,200all,75,state,cross,confluence,0.25,1.1441744308131336,2.6492534967607404,1.6131827251114585,48.04158108594018,651,105.44467849223946,9.48430484939862,True,0.5215122862081879,0.9884631238313749,1.220535382654187,6.522885772397032,288,0.826718049931399
570,long,0.2,30,points,2.3524323407753376,249.46891918026552,none,4.895890258424146,198.7554078994054,0,50.0,0.0,200all,75,state,cross,confluence,0.25,1.1278980684450495,2.6110890144483903,1.6007889583742452,47.3593246577213,652,105.60665188470067,9.034601324917473,True,0.5259635261581346,1.000182743306088,1.22248990962731,6.570174527463403,288,0.8242130120582433
570,long,0.2,30,points,2.6570879922396835,223.39292035534007,none,6.488946049059008,236.25387106800602,0,50.0,0.0,200all,75,state,cross,confluence,0.25,1.156455036875995,2.7622582396061923,1.6184278164516104,48.218458229657564,652,105.60665188470067,9.798667318856761,True,0.3859649436135656,0.7362636278863669,1.1561770191019223,4.789641131327832,289,0.534393303376469
570,long,0.2,30,points,2.486107874425016,255.45409761066463,none,5.95304383491899,258.3686897840525,960,50.0,0.0,200all,75,state,cross,confluence,0.25,0.7869282168271184,1.3651657122582008,1.2907499897118682,25.379107430998438,782,126.66319290465631,4.27177508398273,True,0.2671046672394384,0.4157101527245771,1.0883256785630084,2.8038152032771317,323,0.5110895883726657
570,long,0.2,10,points,2.7124981618455983,118.56603962089676,none,7.223931208672071,224.6413425643549,0,50.0,0.0,200all,75,state,cross,off,0.25,0.8834621771071921,2.2860819727091783,1.4368395590851621,32.900685102756405,612,99.12771618625277,5.493939528309499,False,0.28541302446883504,0.6189586666711636,1.1087488264006595,3.1080982441918845,267,0.3938468631006954
570,long,0.2,30,points,4.690869200214926,227.2086759205407,none,6.319659348408388,86.89767472520711,0,150.0,0.0,200all,75,cross,cross,confluence,1.0,0.24990359200735662,0.34532680038345026,1.1808015803622023,10.069569117706557,234,37.901773835920174,0.7506015595700525,False,-0.18464821495803538,-0.31145016725689956,0.9107843220620923,-1.6283632470523215,98,-0.24119631305705566
570,long,0.3,30,points,1.5765814237251763,118.30429202682328,none,6.734070366395378,278.4943177496465,0,0.0,25.0,200all,75,state,cross,confluence,0.25,0.6678431119666546,1.609803940022152,1.2531078241732339,29.354235192173388,623,100.90942350332594,4.713615145942228,True,0.0816182307221785,0.16394359100232098,1.0229778883469305,1.075923539992301,277,0.0923729906075982
570,long,0.2,30,points,4.536796588280836,271.9716326553075,none,6.170490411873109,116.07611337502674,0,75.0,0.0,200all,30,state,cross,confluence,0.5,0.6430314670252018,1.0006613057628293,1.3013960624425727,33.36605765065167,673,109.0080931263858,2.4775377014783846,True,0.05679771083670266,0.09809378975688308,1.0194570470243727,0.792856438218351,298,0.06820661546189395
570,short,0.2,50,points,3.6458318958477562,285.1141966040863,none,7.304140530583319,73.92332109433637,0,0.0,0.0,200all,75,state,cross,confluence,0.25,-0.17768050332206548,-0.3609029253821981,0.9269832083916909,-10.691509585737098,476,77.09933481152993,-0.4200409488010407,False,-0.9801982616711209,-1.6460434201060676,0.7078416120771414,-16.74720934723497,206,-0.8272775525377764
570,long,0.2,30,points,1.6569369571777692,44.74971069388641,none,7.19828134722092,333.5689786963261,0,50.0,25.0,200all,75,state,cross,confluence,1.0,0.8141262759283399,2.7168448113849375,1.360978800142437,27.182952005621793,835,135.24778270509978,5.513137013610768,True,0.11080627033061301,0.26831835925677505,1.033819235614164,0.8106911681384572,369,0.19715198203220505
570,long,0.2,30,points,4.083273542813005,105.84507635495773,none,7.298293273367575,130.7009398209742,0,150.0,0.0,200all,75,state,off,confluence,0.25,0.3456300801760758,10.905478728975252,21.294569719509575,96.79264569116258,9,1.457760532150776,20.294569719509575,False,-9.0,-9.0,0.0,0.0,0,-9.0
570,short,0.2,30,points,1.6296003160466532,150.63084011543685,none,6.0544089141462045,183.51873326409617,0,150.0,0.0,200all,75,state,cross,through,0.25,-0.17158241507048902,-0.3532839505249312,0.9339559376235824,-6.851748808579219,469,75.96552106430156,-0.4283920905852327,False,-1.0437594890134825,-1.8483551517730221,0.691776143934235,-12.999093048203525,209,-0.8092392185202277
570,long,0.2,30,points,2.4892856735545235,271.4430956022845,points,5.761040315703436,87.96753299013135,0,50.0,0.0,200all,75,state,cross,confluence,0.25,0.6989584516732626,0.9073136188867247,1.2045055774011262,17.38571658921827,760,123.09977827050997,2.923746558815766,True,0.01635861833450267,0.01983272000900701,1.0042498690744777,0.13939753373338437,321,0.023756563600927077
555,long,0.0,50,points,3.5076793902945287,154.24711185349497,r,7.486629217223005,224.7415291009185,900,50.0,10.0,200all,150,cross,cross,behind,0.25,0.5474090502092523,1.3012046583656094,2.0022475661041508,4.442067310669259,48,7.774722838137472,5.37876645283812,False,0.13019700639916001,0.20148063775076558,1.1588021468602374,0.29075527836064,22,0.27086011142071087
570,long,0.2,21,points,3.9487024767772922,247.02553583666568,none,4.964549769860023,164.71582352792578,0,150.0,0.0,200all,75,state,cross,confluence,0.25,0.9702295152673187,2.079486912959799,1.410166878041204,46.28452073133859,621,100.58547671840354,7.475656203162748,True,0.11005346370501712,0.1924100291782419,1.0341651379533028,1.6622632729188869,274,0.1236949287576275
570,long,0.2,30,points,2.0052378538660802,217.08981004203054,none,5.966829611440228,327.34187964697725,0,50.0,25.0,200any,75,state,cross,behind,0.25,1.1933638394336021,2.6300504863597483,1.5604102836322118,48.31225409122652,748,121.15609756097561,12.730262012427033,True,-0.10923811318211409,-0.16826056329800818,0.966529988987153,-1.2225737531701704,328,-0.16780594715662508
570,long,0.2,30,points,3.5988250020348937,217.51493333626385,none,3.151446525912177,262.0471889076874,0,50.0,0.0,200all,75,state,state,off,0.25,0.9963561764870494,2.4938340059202195,1.5576465916112194,35.07655836967974,638,103.3390243902439,10.814550677923641,True,0.6333483819704038,1.3401933828225472,1.2877563742744569,7.416751465407483,269,0.9977585753753913
570,long,0.2,30,points,1.7100858502450298,218.72656315691108,none,5.404892880460463,265.62409510829343,0,50.0,25.0,200any,75,state,cross,behind,0.25,1.186394613339031,2.6060654009097126,1.5560946419843447,48.07316455318662,748,121.15609756097561,12.587414229282457,True,-0.12405551334930712,-0.19046828614993613,0.962075875167972,-1.3916844966289021,328,-0.18883864327749825
570,long,0.2,30,points,3.169497266183958,211.569511712206,none,7.483840929834165,390.27541747237376,0,50.0,25.0,200all,75,state,cross,confluence,0.25,1.3158833193471027,3.038774960465444,1.6853725685465828,52.40563323532275,676,109.49401330376939,8.810983179621923,True,0.1666716986799226,0.26089226140823785,1.0554994880501418,1.6903105298522871,302,0.24169569130492188
570,long,0.2,30,points,3.2944849032814485,197.99775288179765,none,4.1838366013699035,312.2093509493171,0,50.0,25.0,200any,75,state,cross,behind,0.25,1.215429909905065,2.7458557962680725,1.5718934809381124,48.894542009652746,749,121.3180709534368,11.598304144661402,True,-0.093086065126164,-0.14594002201252423,0.9716059123385875,-1.0287230187477503,328,-0.14034158158339186
570,long,0.2,30,points,3.122904632178928,200.89563977007697,none,5.127103932127215,306.74673432276614,0,50.0,25.0,200any,75,state,cross,behind,0.25,1.200728169249396,2.694030958283619,1.5626462516286717,48.38860530328341,749,121.3180709534368,11.299665761264217,True,-0.10947775073107435,-0.17093624654995287,0.9666811295808809,-1.2132986556465246,328,-0.1616511313779422
570,long,0.2,30,points,1.1300421037923636,223.15284049307837,none,4.4819772129355835,263.15461597640586,0,0.0,10.0,200any,75,state,cross,behind,0.25,0.7802067332623734,1.616975768423648,1.2828751941684489,40.74447343064604,676,109.49401330376939,5.746134757210573,True,0.19528873357270918,0.3482558054260986,1.0552498291254269,3.2558066177599496,288,0.27565708338589634
570,long,0.2,10,points,3.2390717052067357,118.8715619618507,none,4.188613368647119,378.16642356029365,0,50.0,25.0,200any,75,state,cross,behind,0.25,0.8650630805783847,2.0761202235276066,1.3653958483905146,33.14198210291631,754,122.12793791574279,6.089004539387002,True,-0.19286798507790862,-0.3465333973066526,0.9439642481441461,-1.9616415624301269,333,-0.23092419246921933
570,long,0.2,30,points,2.688003829527114,232.7676676508815,none,5.477807909399409,333.2810053583649,0,50.0,25.0,cross,75,state,cross,behind,1.0,0.6779720898607258,1.5071875141606426,1.5737617202184082,16.386815258932714,237,38.38769401330377,3.3320616818720374,False,0.1493119764729584,0.2418874419344954,1.0829062317972709,1.0518487320884873,117,0.22964011671318355
570,long,0.2,30,points,3.9764693694663666,259.8975412029916,points,4.0236271096059095,301.27307394418534,0,50.0,25.0,200any,75,state,cross,behind,0.25,1.3075737713317424,2.3015937966509057,1.5031581505754366,45.4401258140725,788,127.63503325942351,9.703016430525373,True,0.1492618913573667,0.21607358753054176,1.0449313320004747,1.6216979177894988,341,0.24239079186817006
570,long,0.5,7,points,5.5868337899417515,264.94990706225957,r,1.5466803065937964,282.70211650171393,0,50.0,5.0,200any,75,state,state,behind,0.5,0.7501935419430221,1.4882810557680504,1.324579810357566,25.40227252982344,740,119.86031042128603,5.182145575247302,True,0.20104164136129887,0.357186067909839,1.0723639167168255,2.342722253007155,319,0.25590824862439154
570,long,0.2,14,points,2.3726740219611893,291.5763921543296,none,3.0733081184860476,165.45300056269062,0,50.0,0.0,off,75,cross,cross,confluence,0.25,0.6064980859939998,2.1958779008388905,2.4122344205466035,10.487076889498836,74,11.986031042128603,4.780279127446001,False,-0.5966652664940671,-0.720989055251893,0.5198084704136638,-1.7298464884598597,33,-0.7808513526859495
570,long,0.2,21,points,4.987530947858985,259.46346588481526,points,4.947418949462481,308.05346063870957,0,100.0,25.0,200any,75,state,cross,behind,0.25,1.1255683389783664,1.960740007843747,1.3803788996541946,47.364081445009006,750,121.48004434589801,9.400197345894043,True,-0.16608779063935056,-0.2446618611218562,0.9571901543458191,-2.296801476353468,328,-0.2078131973464378
570,long,0.2,21,points,5.389054157999709,237.9985005333056,r,5.460293893225408,396.83655650724825,0,100.0,25.0,200any,75,state,cross,behind,0.25,0.9753995284110201,2.090992115323022,1.4036947552061907,47.62785619220358,703,113.86729490022172,8.626254780193648,True,-0.19989359062387396,-0.3299273547098228,0.9426023543624296,-2.988028432105142,310,-0.25936521227841414
570,long,0.2,30,points,3.09764174239722,279.83721204524596,points,3.2068533839999604,270.46216348129786,0,50.0,25.0,200any,75,state,cross,behind,0.25,1.2488085236173712,2.0935683610268816,1.4614913635825275,41.80258358676575,795,128.7688470066519,7.533516550428331,True,0.08632857114024771,0.12060500224970537,1.0252809557345823,0.9297463117570954,344,0.1483488504225947
570,long,0.2,30,points,4.306785716498458,297.09588890471736,points,5.956334530470939,386.25110973300184,960,50.0,25.0,200any,75,state,cross,behind,0.25,0.8148664000286403,1.2785340266396,1.2696868704936366,25.53120282215395,854,138.32527716186252,5.4700236057796845,True,0.24362156717096026,0.34782389222922755,1.0747819712328615,2.5732358786071283,350,0.4718536022993814
570,long,0.2,14,points,3.194459869465618,293.0664549196819,points,4.133473233402126,242.03728653640545,0,50.0,25.0,200any,75,state,cross,behind,0.25,1.1776986657226272,1.8979956913615834,1.4195975279873834,38.77721322579235,800,129.57871396895786,8.171795159458712,True,0.09523834095613748,0.1305059159288615,1.0271976536420617,1.0346989944317948,345,0.14470997055769005
570,long,0.5,30,points,1.0671021685604865,239.73026476328877,none,6.761877925112481,299.4556492471903,0,50.0,25.0,200any,75,state,cross,behind,0.25,0.8229043225297976,1.641820124121252,1.3583094087261205,32.702829143196894,724,117.26873614190687,6.855861613088889,True,-0.08351146393029972,-0.12696913571351684,0.9735491508874969,-0.9392086992883941,312,-0.10602002303719199
570,long,0.2,30,range,3.2693004809147626,245.0665252667142,points,4.0816914625880205,318.18803959438753,0,50.0,25.0,200any,75,state,cross,behind,0.25,0.5174201538485707,1.0648698302963822,1.1909444061966599,12.780379359641447,741,120.02228381374722,3.1926892011024464,True,-0.19557597564427104,-0.3196064180691727,0.9403689289248637,-1.624750490769906,315,-0.26487169133655536
570,long,0.2,14,points,2.916967198358712,265.3174702050842,points,2.1691727901546862,176.19063491661518,0,50.0,25.0,200any,75,state,cross,behind,0.25,1.0816566599180057,1.5995438742703516,1.3459936562859212,32.26199419175691,812,131.52239467849225,6.72395996071649,True,0.03241179900118547,0.04240342272157098,1.008645280415449,0.3274437790645006,345,0.042792870105027817
570,long,0.2,30,points,2.8847005428448744,155.34936471443442,none,5.914367206218181,343.0621521403901,840,25.0,3.0,200all,15,state,cross,confluence,0.25,0.12450651073794447,0.22570066454523233,1.0485529891760867,3.045994347021307,782,126.66319290465631,0.3390624153700752,True,0.22344364844392037,0.3835253328562594,1.081479890967628,1.8138218851368002,323,0.3845178153562493
570,both,0.1,30,points,3.226881893471717,143.4694153840902,none,7.418445946859004,224.40787019663713,0,100.0,0.0,200all,75,state,cross,confluence,0.25,0.3704037644769828,0.8111763159094435,1.1080192374890012,20.488426954904675,1095,177.36086474501107,1.1682175127794765,True,-0.6377487318897255,-1.16655738627628,0.8572746424725052,-10.41152074819969,485,-0.7823918736807933
570,long,0.2,30,points,4.043329537307167,263.10037492758045,none,6.798202347799763,109.49543287813701,0,150.0,25.0,200all,75,state,cross,behind,0.25,1.0242200431384862,2.1327327406002676,1.4391557547925342,48.44686309030567,601,97.3460088691796,8.327038065375827,False,0.4811728925418494,0.8511041688593929,1.1607709681325633,7.150275106405091,260,0.6690273738070243
570,long,0.2,30,points,2.359307845636811,287.16824755578523,points,2.2098236899030868,277.0360941848503,0,0.0,25.0,cross,75,state,cross,confluence,0.25,0.23144968584028972,0.36052478143383426,1.128359910434773,5.309067359259741,185,29.965077605321508,0.8247632418645165,False,-0.34563754453593054,-0.49320512703249697,0.8630030124396162,-3.1151829613924438,95,-0.4597311641223962
570,long,0.0,21,points,3.712357785172709,217.68001309894152,points,4.181758051594677,197.06780829761925,0,75.0,25.0,200any,75,state,cross,confluence,0.25,0.8705143191003085,1.3456141334926297,1.2465437984410757,30.429526304364714,846,137.02949002217295,4.487736970079113,True,-0.4716421874334009,-0.6370750564839807,0.8955640211652636,-5.663817652591767,375,-0.8037787167818325
570,long,0.3,30,points,1.1381806484400867,110.33708043262544,points,7.937019151258642,347.28703663542893,0,75.0,25.0,200all,150,state,cross,confluence,0.25,0.8919844109498964,1.8723236745740874,1.3129141947807743,30.49033909135845,697,112.89545454545454,5.883178261255139,True,-0.1873888449847695,-0.3404317128395607,0.9484574225141061,-1.9725143830054845,308,-0.24162948331791478
570,long,0.2,30,points,1.4600912340721204,178.94902147369368,none,3.5803719096024067,165.11191677447331,0,50.0,25.0,200any,75,state,state,behind,0.25,1.0370735044841182,2.449525406269883,1.4849418025879826,36.09896416937572,778,126.01529933481153,9.879761619270663,True,-0.061132468536440186,-0.10307273226381913,0.9808854097702333,-0.6357545754682774,333,-0.08486417359403645
570,long,0.2,30,points,2.254997743189338,194.6058440267187,r,7.877685731980698,281.3925813319933,0,50.0,0.0,200all,75,state,cross,confluence,0.5,0.8104002205246948,1.36009631648642,1.4577026242642674,41.67847992349449,693,112.24756097560976,2.929885924916027,True,0.28749377430799333,0.5284418143934402,1.10522359401823,3.397160984903085,307,0.3500275149824517
570,long,0.2,30,points,3.9828022092080704,157.61684153005953,none,4.679024998814115,179.70329601543068,0,50.0,0.0,off,75,state,cross,behind,0.25,0.5187858103118855,2.034313554860914,2.6514263408885768,7.67634716359765,34,5.507095343680709,4.844436728979891,False,-0.07336334565753826,-0.11179213041319705,0.8768645966506701,-0.12755972013962433,15,-0.12640124309610135
570,long,0.2,30,points,2.134047914484918,196.60418024250706,none,5.1475016263761715,311.62866800389486,0,50.0,25.0,200any,15,state,cross,off,0.25,1.20827713844397,2.7355391148906456,1.5837863959719762,47.61979289091798,726,117.59268292682927,10.871128306594544,True,-0.18076069817968518,-0.2832857487542631,0.9448963774705611,-1.972961352884386,317,-0.24688527251367476
570,long,0.2,30,points,3.6790949203848786,252.85166283118855,none,3.036815328707302,278.02776430291755,0,50.0,25.0,200any,75,cross,cross,behind,0.25,0.6992204372860585,1.8063693843875304,1.9874047859229071,13.50429007103787,101,16.35931263858093,6.985815480130482,False,-0.9895148834695353,-1.331609974394714,0.4494216481761743,-5.333469103606162,50,-0.7216784667508291
570,long,0.5,30,points,2.7441266043290264,115.64837674126001,none,5.097023496574655,363.5662366815028,0,50.0,25.0,200any,15,state,cross,off,0.25,0.71148557720779,1.6731857732749658,1.3029235996720951,25.90857014924268,710,115.00110864745011,3.339192258877363,True,0.045945484618987176,0.08577837253605672,1.014720554610107,0.4477767343882624,303,0.04859773040807211
570,both,0.2,50,points,3.1628696833423895,181.08546930905229,none,6.4143736740255966,370.9774269266602,0,50.0,0.0,200all,75,state,cross,confluence,0.25,0.6356349770420606,1.4016816379233326,1.2230682483187807,32.73590302020149,1112,180.11441241685145,2.2572679444997923,True,-0.5613768207000263,-0.9734152559393257,0.8544612238760442,-8.065978563220098,493,-0.6670367980653283
570,long,0.2,21,points,5.098062565572444,273.65599826723206,points,4.520581546913373,298.0741376515705,0,25.0,25.0,off,75,cross,cross,behind,0.25,0.20484794317667393,0.35235475402731475,1.404561181346011,0.9742178069670977,36,5.831042128603104,0.9514894782292346,False,0.24718552704733568,0.41724167291934605,1.532704150584216,0.4197598919188009,16,0.6266532734325013
570,both,0.2,30,points,2.670185722210415,254.9658239733568,none,5.82418343357,331.5349614787859,0,50.0,25.0,200all,30,state,cross,off,0.25,0.7313826019214027,1.3560831981351424,1.246996161228581,34.137346096369,1101,178.33270509977828,3.885713255520136,True,-0.3723264203172244,-0.5590250024442799,0.9055242576767537,-5.201821473269749,488,-0.5506714739949363
570,long,0.2,30,atr,2.2321700666617637,204.54061626242822,none,3.8409313079298615,292.1348034308605,0,50.0,0.0,200all,15,state,cross,confluence,0.25,1.041574193040169,3.3928703037894823,1.5797803890298856,39.07869044646244,680,110.14190687361419,10.90850874748119,True,0.12105350924583347,0.2603621522949185,1.0429836180393517,1.204454720101114,299,0.15257493237342584
555,long,0.2,30,points,2.89801520509233,212.21923472322183,none,6.496946695277821,136.0373930151733,960,50.0,25.0,200any,75,state,cross,behind,0.25,0.6257070748838947,1.0183437604229495,1.198368928464611,19.88706335340575,879,142.37461197339246,3.5115752528802164,True,0.13214735383161139,0.2026589027297248,1.039016347544655,1.4550344145881342,358,0.3561256361143505
570,long,0.2,30,points,1.934743177300407,258.8736122556628,none,5.155130531830604,342.1794764326775,0,50.0,25.0,200any,15,state,cross,off,0.25,1.1982808576765798,2.554611436945592,1.5846598761067634,48.22297900754063,722,116.94478935698447,16.243073556590396,True,0.04580942601601755,0.07014087457546848,1.0149618912494904,0.5133193110812897,316,0.06832158725965992
555,long,0.3,21,points,4.465701361739716,286.95722707020525,points,4.974630456394279,304.03872335034765,0,100.0,25.0,200any,75,state,cross,behind,0.25,1.0893583211762645,1.8468880892918662,1.3616233713447623,47.01300016623158,760,123.09977827050997,6.620192779273107,True,-0.04574050688803932,-0.06710523577832062,0.9879958863441659,-0.6466356373686803,331,-0.05873144070742046
555,long,0.3,21,points,5.210633629466747,273.94602740364337,none,4.4757124281644804,239.96211318198527,0,100.0,25.0,200any,75,state,cross,behind,1.0,0.9162597989408758,1.7973949097193298,1.3534062257950712,44.65237763510943,730,118.24057649667405,6.079775111353183,True,0.23092023639854503,0.40332355332854375,1.0724569727778874,3.8028358125857418,326,0.3467493433424339
570,short,0.2,30,points,2.1876535856024297,256.2117830746145,none,5.917912439099374,271.5197210809273,0,50.0,25.0,200any,15,state,cross,off,0.25,-0.42224612000228035,-0.6421530025020946,0.8451088078710983,-12.970566776646153,575,93.13470066518848,-0.5213590234825909,False,-0.30911446008534793,-0.4744942636493437,0.8867216102503822,-3.2839347590766987,249,-0.5301575161256906
555,long,0.3,21,atr,3.055612243917444,221.97208630496888,points,3.7934081609426133,325.46830019805674,0,100.0,25.0,200any,75,state,cross,behind,0.25,1.0807937871193236,2.088870746155683,1.3611406750766264,42.89074489429954,774,125.36740576496673,5.497859623389625,True,-0.031381676070570234,-0.052625665600277025,0.9919266400602569,-0.39694185874224264,339,-0.05501767498428461
555,long,0.3,21,points,5.86892443607613,272.1659379279941,points,4.594710390651046,275.8091565784535,0,100.0,25.0,200any,75,state,cross,through,0.25,0.9441114672720955,1.5553080252582459,1.300193767705272,38.98458954692521,766,124.07161862527715,4.110996847059565,True,0.06670496773189376,0.09776452303652926,1.0173800553933112,0.910977490716645,332,0.08132221930922388
570,short,0.2,50,points,5.195129942328027,255.3611129364783,points,3.4960607557991463,286.7594074400285,0,100.0,25.0,200any,15,state,cross,behind,0.25,-0.061235396137409255,-0.09224588447615566,0.981465314067083,-2.3357540873252907,601,97.3460088691796,-0.1710553446658348,False,-0.6338975468482565,-0.8789146336438695,0.8260469351334924,-7.686890986292041,254,-0.8588007400162665
570,long,0.2,14,points,1.9135747283945137,123.12436395474914,none,4.927464271614942,318.37311588869403,960,75.0,25.0,200all,15,state,cross,behind,0.25,0.46446357772546154,0.8114255108561823,1.138946819803834,13.852065951923484,762,123.42372505543237,2.043415786444617,True,-0.2510705282629593,-0.409473823912411,0.935326439692023,-2.4906623542938626,311,-0.39881828444940465
570,long,0.2,50,points,1.8194152304997675,70.74421271974771,points,6.627790991569121,246.01719551645687,0,50.0,0.0,200all,30,state,cross,confluence,0.25,0.7773009741311754,1.7802675425410464,1.2779017349566564,21.621065353516848,724,117.26873614190687,3.370439547546522,True,0.4589699666554221,1.0080072446347084,1.1465760885831313,3.8926878842813304,318,0.7252001842007952
570,long,0.3,14,points,2.856489215803204,264.6246280373051,points,4.842643243087558,362.13778287114405,0,100.0,25.0,200any,75,state,cross,behind,0.25,0.9401107871713322,1.6500777945708391,1.3264712985302278,40.26162807013473,726,117.59268292682927,4.885063097987765,True,0.18823355171517908,0.2933836337109397,1.0542133393936286,2.583741730102478,314,0.26170287785338064
570,long,0.0,30,points,1.8943727210162338,297.4011849294719,none,4.71678363631387,399.4135882974583,0,50.0,25.0,200any,300,state,cross,off,0.25,0.9916218731615682,1.9662252846739197,1.447908210957715,41.03621680825709,745,120.67017738359202,10.318523491112368,True,-0.019427111358276565,-0.02900444099741862,0.9937923072998504,-0.22160536712208967,333,-0.052281750439737595
570,long,0.2,30,range,1.8743627548098194,261.9918519945136,none,5.061797634577784,344.87793227836073,840,50.0,25.0,200any,15,state,off,off,0.25,0.0654005596472652,0.12621286191453887,1.0229163846046463,1.4951041471629964,749,121.3180709534368,0.3080246890373743,True,-0.3349609047302546,-0.5051299079387918,0.9055290618701884,-2.4372216558443864,307,-0.3485552815052302
570,long,0.2,30,atr,3.166571313780836,216.7646533376866,none,3.443678781478429,335.92780912121,960,50.0,25.0,200any,15,state,cross,off,0.5,0.9775785078079644,1.8704352246176537,1.3393791809990916,28.1442255183013,827,133.9519955654102,9.570396692722843,True,-0.12373622554670083,-0.19781089696695114,0.9652245412315948,-1.2039695384315543,338,-0.15119417395014398
570,long,0.0,50,points,5.435549138123808,197.458606687658,r,1.5094914569794065,338.60776589742386,900,50.0,5.0,200any,75,state,cross,through,0.5,0.4228303236316405,0.667099797743633,1.127384994055426,12.434431362630072,898,145.4521064301552,2.4729604243720718,True,-0.06062795152980832,-0.09190699558617373,0.9833667993199136,-0.660619185965866,373,-0.1199467788384143
570,short,0.0,50,points,5.87137333750262,253.14296897647625,r,0.5146098665227681,294.0061392471933,0,50.0,3.0,200any,75,state,cross,behind,0.5,-0.4012784738491795,-0.5164664657591924,0.884367784032835,-11.104525466269154,648,104.95875831485587,-0.5821913180245559,True,-0.325266729259794,-0.41163705025084285,0.9075110779829104,-2.9200361714640057,283,-0.4990261374836319
555,long,0.5,21,points,4.775745475231936,207.76546065918706,points,6.354664381269522,274.101202058148,0,100.0,25.0,200any,300,state,cross,behind,0.5,1.1166299848734362,1.9628489810183143,1.3611058627536037,43.92321332862538,757,122.61385809312638,7.2807911596926544,True,-0.40197354765245696,-0.5923009665134455,0.9055131801118106,-5.235329884515069,342,-0.42691352846948494
555,long,0.2,30,points,2.738158839773579,200.17879310041613,none,6.957941985029204,295.97106234987433,0,50.0,25.0,200any,15,state,cross,through,0.25,0.9385931522983593,1.993938935250845,1.4059397508946612,37.70582237428739,767,124.23359201773836,6.58575836583037,True,-0.11863613608581658,-0.1877381578859756,0.9641722599587532,-1.3310732291727891,331,-0.2283043570622154
570,long,0.5,21,points,4.296373902425857,125.55926227135612,points,4.927483317527006,322.1423887767254,0,100.0,25.0,200any,300,state,cross,off,0.5,0.6465559458447636,1.2518090577081655,1.2083771894657265,23.12689438591279,698,113.05742793791575,2.289713677287166,True,-0.2886805365576434,-0.49466743203133445,0.9259029767989834,-3.22607375689147,309,-0.29681477130796724
570,long,0.0,30,points,2.239502775404058,298.8622823368174,points,1.6665014867255932,202.44976542172543,840,25.0,25.0,200any,75,state,cross,behind,0.25,0.14023991167678265,0.189702895186118,1.0422665661522696,3.04525924403782,886,143.50842572062083,0.4182954719266765,True,-0.3168069983066863,-0.41266159864053714,0.908648451265672,-2.450643069157186,367,-0.4304042169990904
555,long,0.2,10,points,4.44443642389971,298.4196807945251,none,5.476615843863452,132.7888264783645,0,50.0,0.0,200all,75,state,state,confluence,0.25,0.9678010894337477,2.369124675254741,1.511855840726004,35.11709315549101,708,114.67716186252771,7.439887884447299,True,0.5586913298072048,1.1113462349545622,1.2327989325903375,7.211630658319997,308,0.9143346769826199
570,long,0.2,21,points,3.344780939587491,158.68645421150308,points,5.878078747675677,199.25655850279446,0,100.0,10.0,200any,150,state,cross,behind,0.25,1.0078237190155648,1.718012437399597,1.2891063541676278,35.43297257053625,785,127.1491130820399,5.897214422493776,True,-0.13446954902815522,-0.2025367889630212,0.9693496206181689,-1.5689492465647732,341,-0.17647699061126138
570,long,0.2,21,atr,2.3488692883933213,253.77699441354468,none,4.518054287844943,258.62964258438035,0,50.0,25.0,200any,75,state,cross,behind,0.25,1.006321436409684,2.769111408890946,1.4709607791994581,36.888430175190635,771,124.88148558758314,11.828027955718705,True,-0.36438996034558574,-0.6251664997959462,0.897664754515882,-3.532723924376744,333,-0.38501437742159256
570,long,0.0,30,points,4.158179798264593,237.43882351569235,points,5.265555180848353,265.54696652297093,0,50.0,10.0,200any,75,state,cross,behind,0.25,0.9041399108290243,1.5343467645876498,1.3177386887833316,32.004584044427844,810,131.19844789356983,5.532815579389203,True,-0.06958129979713369,-0.10325482653063188,0.9803410036743292,-0.7958812492309969,358,-0.13283460558651525
555,long,0.5,21,points,4.913093681065735,214.80368974279705,points,5.950527074016975,236.1894961590301,0,100.0,25.0,200any,300,state,cross,behind,0.5,1.1103842449129036,1.8735137631811898,1.3445416677226056,42.190933517358985,768,124.39556541019955,6.788881598219668,True,-0.23672498762419433,-0.3408696871089182,0.9452309560028577,-3.0625515896179696,346,-0.3013355080350567
555,long,0.5,21,points,4.427702874685755,158.0961549116438,none,6.19065661913205,310.5435493684875,0,100.0,25.0,200any,300,state,cross,behind,0.5,0.8593789341668825,1.8879616120280158,1.3325739117532438,38.440248259527735,704,114.02926829268293,5.574866580479377,True,-0.11730997486960841,-0.21293515114009334,0.9668661607173186,-1.605768753095946,322,-0.16998789915006302
555,long,0.5,21,points,5.14968413304187,246.690517148633,points,7.34373921452051,218.69962197669005,0,100.0,25.0,200any,15,state,cross,behind,0.5,1.0883423961784446,1.752510707998161,1.3308470119800835,41.41917997532762,774,125.36740576496673,5.972322963050659,True,-0.28517460480265583,-0.39574340787778745,0.9343118120708461,-3.7634356174079024,344,-0.3501528750431592
555,long,0.5,30,points,5.3796780960679165,232.65727266696837,points,5.78428445078025,270.7821270508129,0,75.0,25.0,state,300,state,cross,behind,0.5,0.8366668618397498,1.4147217609056473,1.2756423474003216,30.099942417240133,718,116.29689578713969,4.993991562645514,True,-0.5355345016445796,-0.7744097611668697,0.867081509266823,-6.482203144695173,321,-0.49972532050860247
570,long,0.2,30,points,1.6910417490122192,265.6609300031173,none,2.7740710672241926,370.2747187050302,0,50.0,25.0,200any,15,state,state,off,0.25,1.0316326176100818,2.2971348003330703,1.5003830151939928,36.20049354266553,751,121.6420177383592,13.440497215660264,True,-0.03551549342689668,-0.056749267642519335,0.9883920692974537,-0.3803741816510584,320,-0.04441951781080576
570,long,0.2,30,points,3.138207777600563,232.59617149663725,none,6.443731976457094,363.9300613614768,0,50.0,5.0,200any,75,state,off,behind,0.25,0.3497599609969245,10.26502630742872,27.36485358591396,97.9563282682734,12,1.943680709534368,26.733296892035042,False,-9.0,-9.0,0.0,0.0,0,-9.0
570,long,0.2,21,points,4.932008673741339,171.6585267575274,points,2.314551096086155,279.8924606358203,0,100.0,25.0,200all,75,state,off,behind,0.25,0.9586044580560591,1.6774357953016463,1.3402351510952966,39.803083002662916,543,87.95155210643016,6.253306445191944,False,-0.042109376642173596,-0.06503885369412339,0.9886159458631241,-0.5260946180468931,272,-0.09440463970979869
555,both,0.2,30,points,1.9450767016098036,234.4221621175156,none,3.487988267582026,304.1761879440076,0,50.0,25.0,200any,75,state,cross,behind,0.25,0.3419416507890874,0.6114040258399598,1.0986094171786709,16.63314712982571,1274,206.3541019955654,1.3328832551452552,True,-0.34761875739483583,-0.5469971093848952,0.9155344954624787,-5.32835799855086,556,-0.7364003515591362
570,long,0.2,30,points,3.323878384450798,233.1303615178701,points,5.262423698782079,209.44799699676918,0,50.0,25.0,200any,30,state,cross,behind,0.5,1.184434406295053,1.8792081515798784,1.3915698025760277,37.234145182630385,825,133.6280487804878,7.16563555353323,True,-0.0589061659789752,-0.08019815895619603,0.9845409041530484,-0.6113688234488803,353,-0.08063176988310061
570,long,0.2,50,points,3.8459815324412436,231.01088610437122,points,5.850931458038313,58.7282264351571,0,50.0,25.0,200any,30,state,cross,behind,0.5,0.4643254960233329,0.5546930969539002,1.116869833873956,10.987924637152181,854,138.32527716186252,1.4311224046121804,True,-0.7625897843429414,-0.8521206453550938,0.8335576488115874,-6.577007082446485,357,-0.8022664765262202
570,both,0.2,21,points,0.6533386678282775,70.6048407658339,points,6.804924136224591,358.4958979953288,0,50.0,25.0,200all,150,state,cross,confluence,0.25,0.6107802401327833,1.325121099513949,1.163386425802076,22.10306548169617,1221,197.76951219512196,1.9697571207443536,True,-0.029991783207624502,-0.06258784341336908,0.9929503720770868,-0.3190693075564036,528,-0.06551194079695923
570,long,0.2,7,atr,1.7563062436774124,62.69937673852286,points,5.182191879985962,284.39710415420114,900,50.0,25.0,200all,30,state,cross,confluence,0.25,0.6116496844125798,1.0924084992221197,1.1873832708652532,13.800979394700889,793,128.44490022172948,2.9871233345044783,True,-0.1614984925838766,-0.2543825649972479,0.9572187278893383,-1.4292752721726494,330,-0.20308530045739048
570,long,0.2,30,points,3.164259277958976,290.9925255295093,none,5.988654605338093,301.52901528851055,0,50.0,10.0,200any,15,state,off,off,1.0,0.36361292071109275,180.91903952187766,394.19792416332797,101.77525016942154,15,2.42960088691796,456.0670700344388,False,-9.0,-9.0,0.0,0.0,0,-9.0
570,long,0.0,50,points,4.812265622547798,239.11637464515675,r,2.412800948983059,317.93464451244364,0,50.0,10.0,200any,300,state,cross,behind,0.5,1.118979913167318,2.370974172954766,1.5048303375941943,48.160509394794694,772,125.04345898004435,10.969625842946291,True,-0.040113215452057996,-0.06637043580974848,0.9871543491979192,-0.5123912218532292,346,-0.06896061521393515
570,long,0.0,14,points,4.794629276128048,216.24004552851937,r,3.7789105637886804,331.21092970092064,0,50.0,10.0,200any,300,state,state,behind,0.5,0.9692697189114626,2.226894615378681,1.4541291394294174,36.083330472807916,802,129.90266075388027,9.446939558581972,True,-0.07764469047712728,-0.13812810242960555,0.9747144413618908,-0.9235633573882325,354,-0.12883658532845213
570,long,0.0,50,points,4.006235286991361,197.80098906897666,r,3.4168628787933137,303.5411678299887,0,25.0,10.0,200any,300,state,cross,behind,0.5,0.6315754751492453,1.3564801117596916,1.2993778614775482,22.18764308979124,827,133.9519955654102,2.8662899817985417,True,-0.6652277356678751,-1.040237026241121,0.7909318228539698,-6.288168296197801,362,-0.6484055173975266
570,long,0.2,30,points,2.1373078424111602,256.24216341388484,none,4.79461509857085,324.57824647967055,0,100.0,25.0,200all,15,state,cross,off,0.5,0.8854118836146865,1.7631466401055822,1.3833088196798864,38.19284782982864,596,96.53614190687361,7.2307306688555455,False,0.20261990095704954,0.34762876246235624,1.069283518246962,2.7722080478010724,260,0.31323567567257354
570,long,0.2,30,points,4.124472521138669,202.8162817080733,points,6.272512113055946,262.61385713855054,0,50.0,0.0,200any,30,cross,off,behind,0.5,0.8084445113397802,1.5810942689762808,1.9828898798877173,13.696985360317859,100,16.197339246119732,4.541046096021375,False,-0.9381844453028184,-1.2108964172058982,0.4823638628692921,-4.475618851229339,42,-0.8351035630280884
570,both,0.2,30,points,3.9760456994667006,238.40118342444762,none,7.105911293136322,108.04484830110044,900,50.0,0.0,200all,75,state,state,confluence,0.25,-0.06216217804709378,-0.09823468011189349,0.9840533238351437,-2.210475394278177,1288,208.62172949002218,-0.150011575102591,True,-0.6096287918935508,-0.9289055898355815,0.8557945794732176,-7.6892182124247945,534,-0.7806830672727257
570,long,0.2,14,points,4.5870685443729835,266.33025336991193,none,6.714907372018276,398.74664103992956,0,150.0,25.0,200all,75,state,off,confluence,0.25,0.3543878852142563,12.77397355005027,35.41375141271527,99.23266991709868,8,1.2957871396895786,35.21389507535348,False,-9.0,-9.0,0.0,0.0,0,-9.0
570,long,0.2,30,points,4.356414560968373,271.44007427372105,points,5.776511067198535,340.59691914658424,0,50.0,25.0,off,150,state,cross,behind,0.5,0.565297268686031,1.2704593999676579,1.8561042870278006,6.043533964110113,64,10.366297117516629,2.3529065093403805,False,0.0036253234293713537,0.005307832134681971,1.0040919991462736,0.011298426930584471,24,0.00742996087654977
570,long,0.2,14,points,2.547800156943904,216.8837453561139,none,4.10787834730297,189.91301222874012,840,50.0,25.0,200any,15,state,cross,off,0.25,0.6685656696821233,1.115698363548982,1.2292503053627866,18.834987107534232,825,133.6280487804878,4.285915030350421,True,-0.3304345539752734,-0.46350464334156066,0.911083692000053,-3.179521853079823,336,-0.35650344932112854
570,long,0.2,30,points,2.4021695935755307,217.68900392442575,points,6.2151023055625965,281.0587533185051,0,75.0,25.0,200any,30,state,cross,behind,0.5,1.1245539121103987,1.9766823910441345,1.3752226301572572,42.10848562976215,789,127.7970066518847,9.578706606228653,True,-0.3569637611264331,-0.5142357859318626,0.9105644863894876,-4.379161886543246,344,-0.5639042955449934
570,long,0.3,50,points,5.200516237074264,263.99031774201654,r,1.5635528473810165,225.84056830798443,0,50.0,10.0,200any,300,state,cross,off,0.5,1.0359787818946637,1.9739321552863158,1.4481691453522632,38.653373255008546,727,117.75465631929046,6.493170973810594,True,-0.05265927138154433,-0.08310394537558792,0.9823474744706936,-0.6334311260387162,314,-0.06619636508852636
570,long,0.2,30,points,1.2134645940737383,123.45661709540508,points,6.26396007183859,268.4380317819276,0,100.0,25.0,200all,150,state,cross,off,0.25,0.7590783945450629,1.437838436722093,1.2449173909706777,25.13331357251542,659,106.74046563192904,5.098078707230285,True,-0.4929249707906597,-0.7899546006792632,0.8797960707221864,-5.018268575605358,290,-0.6079788891677089
555,long,0.2,30,points,2.2436677119686483,212.12826611665645,points,6.72974837360863,326.8139102794004,900,75.0,25.0,200any,30,state,cross,behind,0.5,0.26923921909347703,0.406308882254006,1.0737220287912834,8.419254158792095,894,144.80421286031043,1.0846224122986137,True,-0.016722984645801398,-0.02436533393791831,0.9957899872186716,-0.19554930981641316,363,-0.04215696780557816
570,long,0.2,30,points,0.7641800366788974,144.34479690178912,points,6.933321990449775,370.9716639867806,900,150.0,25.0,200all,150,state,cross,confluence,0.5,0.6653365170393707,1.1305028068191418,1.1873783100598099,20.942847386197453,827,133.9519955654102,3.5158791426783753,True,-0.021773656117318522,-0.03502887771048197,0.9949606948242274,-0.26033427613217697,340,-0.02878433501446443
570,long,0.5,30,points,1.4389979538510076,193.62006973044254,points,6.490101597575471,336.8079686614276,0,150.0,5.0,200any,30,state,cross,behind,0.5,1.141948633400568,2.2210056772457345,1.3903827134295401,49.5538966112585,714,115.64900221729489,6.313258572775674,True,-0.31347727983238227,-0.5055519163857338,0.9230944798697327,-4.4730382970045435,314,-0.28352681444629946
570,long,0.2,30,points,2.738524826382969,240.40938975397484,points,4.420990556051469,249.0286606643627,0,75.0,25.0,200any,30,state,cross,behind,0.5,1.0228928471881709,1.6947729382181504,1.3260614483843067,37.98841930864258,795,128.7688470066519,7.026809544995146,True,-0.5134748124408238,-0.7027124761944066,0.8767166646022572,-6.303242325011386,348,-0.728832082166385
570,both,0.3,30,points,1.6440156004130275,224.80425160302033,points,7.276407067114311,305.0468175110453,0,150.0,5.0,200any,30,state,cross,behind,0.5,0.8518317227620018,1.481523394835989,1.1989606352252626,49.41625448237842,1223,198.09345898004435,5.073664366247524,True,-0.8716121790965391,-1.3095929085099747,0.8443341596022027,-16.86179563360542,534,-0.8505538567254021
570,long,0.2,30,points,3.3714594597315193,190.19423515337942,none,6.178390476599313,348.5563146812288,0,50.0,25.0,200any,30,state,cross,behind,0.25,1.1493280198073745,2.5923017954675105,1.5293868625915044,46.23631604536249,750,121.48004434589801,9.868630649486482,True,-0.09445324153111781,-0.14902596663825232,0.9712700052941099,-1.0392325935256093,328,-0.15154731173233701
570,long,0.2,30,points,3.3230479743728036,258.87889552883445,none,5.282613440145944,207.34967443479078,0,50.0,25.0,200any,30,state,cross,confluence,0.25,1.269781034794858,2.73897477655176,1.6057894194199143,52.765872091569115,757,122.61385809312638,16.51830835533571,True,0.018887046093918586,0.028609386182238558,1.005927233794062,0.2162938960890748,339,0.030690836490671385
570,long,0.2,30,points,3.659050874236568,270.7899730629277,none,5.872607656006735,245.80608880365287,0,25.0,25.0,200any,30,state,cross,confluence,0.25,0.3757948018117656,0.6644491591216191,1.1558719689651864,11.837379814320382,832,134.76186252771618,1.541932775888315,True,-0.3007449668862884,-0.42889495214938367,0.9013104808297078,-2.6093777341256743,355,-0.44045276481765566
555,long,0.5,50,points,1.9165073646919448,172.45874139771695,points,5.539034926003708,370.5232621306819,0,150.0,5.0,200any,30,state,cross,behind,0.5,1.0042344048891105,2.0120756316817885,1.3379852369533136,44.467876991137224,738,119.53636363636363,4.008315405881086,True,-0.17072978124926472,-0.28931134877900283,0.9572917160617052,-2.454727123871357,322,-0.21059401587689144
570,long,0.2,30,points,3.5609867679039238,255.32193528054398,r,6.7063349592211745,366.95620791712156,900,0.0,25.0,200any,30,state,cross,behind,0.25,0.437082510470284,0.6777981803755927,1.1207664400286346,16.452164862203862,854,138.32527716186252,1.993750601306244,True,-0.029336011650819702,-0.042924139137181495,0.9931135938253538,-0.4130195911757708,350,-0.04498898127772502
570,long,0.2,7,points,1.1340001773349881,283.1219495446084,none,4.449243617615471,206.38121953641814,0,50.0,0.0,200all,150,state,cross,confluence,0.25,1.1425000635210436,2.5945342404750193,1.6074071215301744,48.56431034178598,659,106.74046563192904,8.226227714815312,True,0.43159731702935367,0.7816013424008028,1.1752697534653445,5.5356995162131035,295,0.6263197694322599
555,long,0.2,7,points,1.4020534810715737,285.2677636986037,none,5.438673536625077,263.8746830779438,0,50.0,0.0,200all,150,cross,cross,confluence,0.25,0.49626413395139535,1.4420286145035681,1.8558938429140475,8.372130246557719,98,15.873392461197339,3.797820542388249,False,-0.17976416511982435,-0.3192435513491902,0.8311937048215121,-1.0885026316227637,51,-0.3478746410875579
570,long,0.5,30,points,0.7648286920894585,249.90644138315417,points,6.396947608090801,381.78052776217237,0,150.0,5.0,200any,30,state,cross,behind,0.5,1.0317303796601165,1.939267873839862,1.3638290178363608,47.33188283399305,702,113.70532150776053,7.234616065163892,True,0.22192328522868138,0.369792873857658,1.0623166058700866,3.3886821477218394,299,0.2614567826615729
570,long,0.2,30,range,5.301119507626281,277.9930037248885,none,7.965958700466988,387.86997921177675,0,50.0,25.0,200all,75,state,cross,through,0.25,0.7067125172923239,1.8568971525344766,1.3657416582179056,19.687845198118595,626,101.39534368070953,5.3077834043144065,True,-0.3299409018155546,-0.5504699670380881,0.8911716981581097,-2.569521374828539,272,-0.348989738253858
570,long,0.2,30,points,2.091579882429375,218.67183559645227,none,4.3779114190381465,187.95523376083773,0,50.0,25.0,state,15,state,cross,confluence,0.25,0.6912508270551402,1.04080623065247,1.3468386859443957,32.620869767691744,690,111.76164079822617,2.9725524562919428,True,-0.06458264147040796,-0.10984398264437267,0.978582076182728,-0.7565821878013921,303,-0.0804114678755681
570,long,0.2,7,points,0.8129480274445591,273.35234983140145,none,4.030646630321828,139.65558907534677,720,50.0,0.0,200all,150,state,cross,confluence,0.25,0.5405456805837494,0.849598180880633,1.17993632633176,13.629360988064725,793,128.44490022172948,3.1148626966142134,True,-0.2543415654239179,-0.36017512624333314,0.9277938833137297,-2.468442859648257,330,-0.31119572503786785
570,long,0.2,30,points,3.539267709218361,260.86344925102463,none,7.606170613920876,157.96278101740512,0,50.0,3.0,200all,15,state,cross,confluence,0.25,1.2034399800650686,2.7824590629092447,1.6655497174834861,50.51174702303064,651,105.44467849223946,10.307547672485878,True,0.44014580479844617,0.8041090250560479,1.1849873576350125,5.373740090364558,289,0.6968353676442929
570,both,0.2,30,points,3.3390356008453956,185.02516950523398,points,3.63054606377407,362.19137329232075,720,50.0,25.0,200all,150,state,cross,confluence,0.25,0.5933515260889075,0.9393852028467704,1.1475232457155158,20.112221296230118,1286,208.29778270509976,2.1255297115041625,True,-0.7019312874294277,-0.9686902372084419,0.8594338690876697,-7.729136350784849,534,-0.7952633273377221
570,long,0.2,30,points,2.0560213647851038,233.4530074011371,none,7.719440997345097,158.4385455110729,0,50.0,3.0,200all,15,state,state,confluence,0.25,1.0499046718412584,2.6086005691398237,1.5804387311582644,38.0465629728617,685,110.95177383592018,11.779960743204262,True,0.3686025118393365,0.7092452182192621,1.1510357978765384,4.317873036120878,297,0.5512874511815352
570,short,0.2,30,atr,3.137498903635351,289.18836308410357,none,7.218109414822573,380.77060729513664,0,50.0,25.0,200any,30,state,cross,behind,0.25,-0.5283122029233779,-0.8571190750110529,0.8152661947738307,-14.99952432245675,603,97.669955654102,-0.5771634175670667,False,-0.7617438230671529,-1.1170256460479933,0.7518086750705654,-7.168870178725282,255,-0.8503200098487576
570,long,0.2,7,points,1.1183964164791926,294.30294142661904,none,3.8572531612226877,311.79292418199265,0,25.0,0.0,200all,150,state,cross,off,0.25,0.5305399596124712,1.0658919855833844,1.2834316664223815,17.93260414551692,641,103.8249445676275,2.4787567321031956,True,0.06437276383860974,0.1052364905991381,1.027374583328581,0.6086761832540852,275,0.09096128032218066
570,long,0.2,30,points,3.0397664634448276,136.24204180650963,none,5.775484080279639,398.7812969639299,0,50.0,25.0,200any,30,state,state,behind,0.25,0.8970433427783562,2.1411819722098855,1.3983893262833482,30.80699859984844,780,126.33924611973393,9.431777958398847,True,-0.012609672808096804,-0.02287046586088516,0.9960440420668594,-0.12584493769818472,334,-0.016692599665501056
570,long,0.2,7,points,3.0540275227879032,292.638879559897,points,3.7965283163504515,238.3570388930327,0,50.0,25.0,off,75,state,cross,off,0.25,0.7442743547750078,0.9627783758515748,1.2268491001970283,36.15612126700165,1228,198.90332594235034,3.1588174725802167,True,-0.30914344343970407,-0.4093030180029363,0.9324140228450556,-4.284124404490743,550,-0.42118811362689706
570,short,0.2,14,points,4.323401825185647,219.0570485639061,none,4.807289566877274,311.2738728587599,0,150.0,0.0,200any,75,state,cross,behind,0.25,0.013878453202748678,0.028969212018076194,1.0054824232484816,0.6951005847080545,550,89.08536585365853,0.054442089582655735,False,-0.715120913459402,-1.2157303510010204,0.7880350837853614,-10.824285402458374,237,-0.8409462356566835
570,long,0.2,30,points,4.573841305019102,208.44677972445106,none,7.011813549624326,186.42708978996933,960,50.0,10.0,off,15,state,cross,confluence,0.25,0.4329567451467267,1.1163221784619037,1.7699167944938885,5.037451408853674,60,9.71840354767184,2.147571321001599,False,0.0725827581264857,0.11216200472204008,1.0851590124101318,0.20724185562568836,29,0.1373996911347411
570,long,0.5,50,atr,2.100718724441507,43.628399371003894,points,6.227747410954307,201.8763066354725,0,50.0,25.0,200all,30,state,cross,confluence,1.0,0.015710179666156062,0.01915712773007601,1.0057335073928595,0.557665729547562,856,138.64922394678493,0.03765299316134118,True,-0.05090210150491038,-0.08543716305611185,0.9874384685869286,-0.40097145247075394,355,-0.06974983101253455
570,long,0.2,14,points,1.9072786572922584,63.19367159407516,points,3.846935512681931,206.91024070626986,0,50.0,25.0,200all,15,state,cross,through,1.0,0.6058892800741366,1.192932921010649,1.1735268901158813,14.375427837112062,821,132.980155210643,2.227070194153952,True,0.045823703792342914,0.08531665626711049,1.0117937166328415,0.32008043427720123,344,0.054226941335527405
570,long,0.3,30,points,3.086858061443061,276.1632608087114,none,7.582826538149524,114.58958894891987,840,50.0,3.0,200all,15,state,cross,confluence,0.25,0.4934294806783276,0.8356990241853062,1.1831626762627174,13.804997424966501,772,125.04345898004435,3.284267934375602,True,0.2275750480804704,0.3408634432242591,1.0724209862618646,2.256611629946694,320,0.44583920736667804
570,long,0.2,7,points,1.3641373271244415,223.88433315986427,none,5.792058279919991,269.3307805127188,0,50.0,25.0,state,75,state,cross,behind,0.25,0.6127660829261082,0.9169506057431038,1.3026957009636158,28.811223612796447,681,110.30388026607538,2.6351795911832805,True,-0.22640079967831475,-0.3737527225083006,0.9270341415673078,-2.666302968410296,298,-0.2547369821492107
570,long,0.1,14,points,4.261371172459871,224.3840380010667,none,7.779157457774601,321.4994421976945,840,50.0,25.0,200all,75,state,cross,confluence,0.25,0.5788504971838254,0.9486453755659784,1.199231432455913,16.382882969478167,803,130.06463414634146,2.5257890797869718,True,0.1936138097815342,0.2850516738963155,1.0565595188114476,1.891796373648198,331,0.2856278772556318
570,long,0.2,30,points,3.029705075934139,240.1011784594568,none,5.600370933618994,351.5607401169756,0,150.0,10.0,200any,15,state,cross,off,0.25,0.936267360811741,1.9906720824666706,1.3804326404590959,46.74374375287336,662,107.22638580931263,4.905986735132621,True,0.08233200406656635,0.14338931701685426,1.0243316619316807,1.3273616864185787,285,0.10749460668601492
570,long,0.0,30,points,3.4325401559977147,199.8062028592152,none,6.742507789027359,163.22740108835563,960,50.0,25.0,200any,30,state,state,confluence,0.25,0.8446992305481869,1.4698141089616308,1.2846111084453802,23.70069128667567,903,146.2619733924612,6.481862407058995,True,-0.3724217252562372,-0.5617502422119048,0.9003305117543985,-3.8049328420593556,380,-0.5733465414749254
570,long,0.2,7,points,3.8696447209895943,132.08310995508924,points,2.3861068954763325,303.3232347123315,0,50.0,25.0,200all,15,state,cross,behind,0.25,1.0703412241114931,2.0895534849325337,1.4007386882989457,32.55424365571258,704,114.02926829268293,4.922217344003,True,0.194470012171346,0.32882929115427856,1.0595856482637684,1.8014993445931147,304,0.33308170971738926
570,long,0.2,30,points,4.285999704651293,218.39581681629147,r,6.5609542202060736,200.3456661855438,0,50.0,3.0,200all,15,state,cross,confluence,0.25,1.1856845496733408,3.0046046883844304,1.6876521132814841,51.90186423799122,654,105.93059866962305,9.850578833908457,True,0.35422753993681944,0.6640396319770309,1.144063906746473,4.253225017040615,290,0.5009984935218093
570,long,0.2,30,points,3.936987139706573,276.00273071210285,r,6.545185590252604,98.40640152036568,0,50.0,3.0,200all,15,state,cross,off,0.25,1.1052490935304258,2.4593396110279344,1.6199974548851488,43.119521123455826,612,99.12771618625277,10.980697064247975,False,0.5611144481011175,1.0472933331031669,1.254148321627381,6.727103717708329,264,0.931296423886054
570,long,0.2,30,points,1.2461692606021813,204.82494820823172,r,7.476759545191683,372.3814405600512,0,25.0,25.0,200any,75,state,cross,behind,0.25,0.27097244792611924,0.5489082260124707,1.1203734420943934,9.16340141527738,824,133.4660753880266,1.015847540597124,True,-0.2788236621746107,-0.4174379255584114,0.9094585248458699,-2.3129457923266035,343,-0.3703314334513932
570,long,0.2,30,points,4.128195307462292,152.07376684702018,none,6.10190558089132,226.9504069016804,840,50.0,25.0,200any,150,state,cross,behind,0.25,0.5461878293451046,0.9408197234110528,1.1746672192851348,15.21063113311541,854,138.32527716186252,2.9515052595384503,True,-0.32041141308238485,-0.47625812202455053,0.9178523206084901,-3.0106132548647766,350,-0.4277181347276878
570,long,0.5,30,points,2.639505760688148,100.58277623724801,points,5.396578004181482,300.7984198298252,960,150.0,5.0,200all,30,state,cross,behind,0.5,0.3730455152211874,0.6584965465902805,1.102388925708934,10.86713147094424,740,119.86031042128603,0.9728825505345717,True,0.36853856039883104,0.6877001628535407,1.0956682370027147,3.96217928454978,304,0.8289616604876137
570,long,0.2,30,points,2.4160815904043873,230.55371111877213,none,6.448328001569893,297.0493077615308,900,50.0,25.0,200any,30,state,cross,confluence,0.5,0.5674432554466939,0.8533918538496654,1.1686635317593987,15.946262934743608,905,146.5859201773836,3.6967147821866115,True,-0.10186092972480071,-0.14829526861770054,0.9719157551014381,-1.131237773411725,374,-0.13768388272808357
570,long,0.0,30,points,5.481176458839717,242.01267042462945,none,6.331414604401376,163.34467538401145,0,50.0,10.0,200all,75,state,cross,confluence,0.25,1.092222201912156,2.407752146751415,1.5489680131231465,45.662494574531664,681,110.30388026607538,10.718416770656878,True,0.20076086888880457,0.33390356692813755,1.0705222142402588,2.2798231014284123,307,0.29901788579814276
570,long,0.2,7,points,1.8944839369481006,287.8394417348806,r,4.916727041261966,265.50714273502973,0,50.0,0.0,200any,150,state,cross,confluence,0.25,1.0200749398066624,2.337392375082006,1.5132309713979986,47.15878174775298,737,119.37439024390244,8.086856137483185,True,0.0749869096547363,0.12861419402090346,1.0265542799835117,1.0401003098056618,332,0.09264196112464551
570,long,0.2,30,points,4.09092829881452,221.58907548797015,none,4.75599733092262,152.67360295109825,720,50.0,3.0,200any,30,state,cross,confluence,0.25,0.5823211890201382,0.9304559212968686,1.1859714207188945,15.533419580038924,870,140.91685144124168,3.6261536594914814,True,-0.3608422587362723,-0.5191872042311673,0.9026081762813168,-3.5844977611451494,362,-0.5046116730172
570,long,0.0,14,points,2.7935284146368207,284.02515884324026,none,3.819395930731218,133.8773333823058,0,50.0,0.0,200all,150,state,cross,confluence,1.0,0.9116684325618576,1.8360543429923735,1.3907493747980004,42.49265608757342,816,132.17028824833702,5.391283302485016,True,0.1658614624637008,0.2924311259921995,1.058314126015386,2.317516674479732,372,0.233055668742099
570,long,0.5,14,points,3.1577622541631283,257.2462080973903,points,3.4638207840257067,353.48336423960853,0,50.0,25.0,200all,75,state,cross,through,0.25,0.9448257603842536,1.6503468156715106,1.3929842390214886,30.982581155377712,646,104.63481152993349,4.315898926114887,True,0.07957272109864087,0.12026093973155803,1.026528210913762,0.8249111430473111,281,0.07704375099125774
570,long,0.2,30,points,2.2228997367690027,184.0933634863666,none,3.274601540106284,267.29454458107546,0,75.0,25.0,200any,15,state,cross,off,0.25,1.0007076853366748,2.1882561364656823,1.4228044254094097,42.37058856457914,703,113.86729490022172,9.743379715695625,True,-0.46039751235757914,-0.7372925909631767,0.8724953870856459,-5.659553611963073,309,-0.5302270646377902
570,long,0.2,30,points,5.018622202636704,297.40359928051254,r,6.718730754157197,324.34060228749115,0,25.0,3.0,200all,15,state,cross,confluence,0.25,0.6301792553342835,1.2794313536400233,1.3411162491569728,22.034100035017957,699,113.21940133037694,2.03309320279276,True,-0.04423825375067922,-0.06984531875003101,0.9818680153971227,-0.3912249614215799,308,-0.07288518999369423
570,long,0.2,30,points,5.0705411805428,239.0068618741509,r,7.80428726374933,97.20962084408517,0,50.0,10.0,200any,15,cross,cross,confluence,0.25,0.7260652928289372,2.2775532271898267,2.370281125967376,13.694149478393266,86,13.929711751662971,6.903976429177359,False,-0.7153533181140554,-1.029390129191744,0.5133865894911648,-3.585202358242367,46,-0.6585446603508073
570,long,0.2,14,points,3.9229365052831957,141.71171962573095,none,6.501147495016754,182.7318121662539,0,50.0,25.0,200any,30,state,cross,confluence,0.25,1.038296081775866,2.4455147003162843,1.4520728789505293,41.30069832869201,773,125.20543237250554,8.703548435903876,True,-0.12297263804108668,-0.2087488795929619,0.9641934051013497,-1.295243429413765,342,-0.17262891631582747
570,long,0.2,21,points,1.2708740979291493,248.946479905554,none,5.369226374744432,249.7155684569426,0,50.0,25.0,off,150,state,cross,off,0.25,0.5464563945008085,0.8151946016447545,1.1890895954988496,30.28058161440077,1167,189.0229490022173,1.715833094080511,True,0.04941129188634643,0.0861178042979906,1.014024677744156,0.8374284165178487,531,0.10399910251302937
570,both,0.2,50,atr,1.9731760732538182,37.12856233352383,points,6.568603904688108,243.19755062224593,0,50.0,25.0,200all,30,state,state,confluence,0.25,0.6002753825146511,1.1051278214541325,1.1524818233967167,18.18229594267364,1265,204.89634146341464,3.101511117229814,True,-0.7193661678075561,-1.1252519322565813,0.852992353602808,-6.665633979409062,533,-0.6875221045474085
570,long,0.2,14,points,3.7323450714140183,112.0221814182722,points,5.560368660279544,273.4481450214012,0,50.0,25.0,state,15,state,cross,behind,0.25,0.9456670578621612,1.8106587091019086,1.326173739842107,28.131222109639108,725,117.43070953436806,4.022537140782835,True,-0.32384342323160703,-0.540320389963967,0.9139143087283423,-2.885811063907654,315,-0.3682281419233321
570,long,0.2,30,range,3.9525485824184696,285.05913877464815,r,7.403946386716413,184.58540729239752,720,50.0,3.0,state,15,state,cross,confluence,0.25,0.48490548014370555,0.8983320931634038,1.1755616307576824,10.763457672117237,712,115.32505543237251,2.3901855236175016,True,-0.6245577700858668,-0.8385861263675443,0.8060011469668913,-5.491993495472946,298,-0.5788283308905632
570,long,0.2,30,points,3.24981580379064,295.0086500608641,none,7.355677714239132,387.71577850747263,0,50.0,25.0,off,75,cross,cross,confluence,0.25,0.7906978274135354,3.1294581131206547,3.28385699776985,13.202185905411097,60,9.71840354767184,8.250715611210495,False,-0.20290156635686635,-0.24702687311635876,0.8070412185614918,-0.5065025056779904,29,-0.3540773377789708
570,long,0.2,30,points,3.1324685474818827,210.20374835543078,points,3.871850987270717,242.6697499373498,720,150.0,25.0,200any,75,state,cross,behind,1.0,0.6487421578000215,0.9741323948481748,1.176797145224418,18.668771364461616,890,144.15631929046563,3.6998203073469957,True,-0.7262600053632112,-0.9949971306772224,0.8456523032326477,-7.939980401326492,375,-0.7100481361477292
570,long,0.2,10,points,3.696573327261225,269.756718786786,none,6.051367810546646,131.79587172204276,0,50.0,3.0,200all,15,state,cross,confluence,0.25,1.071667818220673,2.385884749324253,1.5669732186148757,45.28110529706214,658,106.57849223946785,8.453353116971938,True,0.2889559722382639,0.5093375395303372,1.1146156140791448,3.6008893337037096,294,0.4151735006770247
555,long,0.0,30,points,3.4739329119280997,159.8164392715153,none,5.9124913229305,364.1158192651183,0,50.0,25.0,200any,30,cross,cross,behind,0.25,0.6814494370097572,2.198867223675578,2.288355863454759,10.975678702110566,74,11.986031042128603,3.8836978572191785,False,0.20523727473843695,0.5398174299646437,1.2781719704514933,1.2690207646130849,35,0.7106267652469441
570,long,0.2,30,points,3.74870749666443,221.32197522095694,r,4.064806847402806,160.5396152780344,0,50.0,25.0,200any,75,state,off,behind,0.5,1.0524131722567658,2.9017331528786263,1.8056256345516504,62.49813877093239,493,79.85288248337028,8.215074549412906,False,0.16748348073859562,0.3553009662510556,1.0791006375902723,2.749695231085921,281,0.24551924767606523
570,long,0.2,30,points,4.069455034689229,211.89398089556323,none,3.1571237623060324,298.4460863724697,0,50.0,5.0,200any,300,state,cross,confluence,0.25,1.0682130441786009,2.4773727633513953,1.5282493298154962,45.096221134043574,738,119.53636363636363,11.70543910709599,True,-0.04096483085714692,-0.07265797593563897,0.9857363754892579,-0.5218403883805562,330,-0.05975997559953435
570,long,0.3,30,points,3.765875642320379,200.6406663161176,none,6.815577449580104,320.27863041469715,0,50.0,25.0,200any,30,state,cross,behind,1.0,1.1463815693587625,2.536695919968672,1.5137576086843572,46.647900937132974,773,125.20543237250554,8.286605143485751,True,-0.2689985073937751,-0.4123099324815221,0.9227756037169915,-3.030230907010589,351,-0.3046145515036746
570,long,0.3,30,points,3.0963074240877377,145.8469466126361,none,7.443525766390417,208.80053119746555,0,50.0,25.0,off,30,state,cross,behind,1.0,0.5188825840531874,1.3044768658379295,1.6255163594727322,9.597516749200766,118,19.112860310421286,2.9175521888157343,False,0.16840871258417173,0.23958514762297328,1.126762790998175,0.4676878762012203,53,0.33190667726151507
570,long,0.2,30,points,3.8594057877314416,154.93654096403537,points,4.927795705364278,209.1033240825682,0,50.0,0.0,200any,30,state,cross,behind,1.0,1.0101378800056444,1.8096239353973471,1.3302917863301282,32.58901882787559,832,134.76186252771618,4.228587629068822,True,0.09008616081039798,0.14307231627359118,1.0238557715592778,0.9490413727463469,369,0.12299854843544554
570,long,0.3,30,points,2.676249222481741,211.06978517495367,none,6.343446062665576,359.50165888146455,0,100.0,5.0,200any,30,state,cross,behind,1.0,0.9852395963684005,2.1617427631721413,1.4003063105134266,47.707625471195556,717,116.1349223946785,7.195415780950716,True,0.15190716403235283,0.2811489456366,1.0482157098687064,2.3140157979610834,324,0.19317186282594506
570,long,0.2,21,points,3.738857740797611,164.00160248990528,none,5.555194853810672,371.8462532414519,0,50.0,25.0,cross,30,state,cross,behind,0.25,0.5787454855714994,1.6858101148413567,1.7779574203468573,11.473179149228933,118,19.112860310421286,2.966865355276567,False,0.008379779389010288,0.013331206314090214,1.0056055000227742,0.03728791414816727,66,0.013868106576187441
570,long,0.2,30,points,3.6743413612432447,203.97330842241195,points,6.123767467118768,243.0822484948303,0,50.0,25.0,200any,30,state,cross,behind,0.25,1.2049529992684078,2.0477373131611896,1.4170478401536335,38.21487362024402,804,130.22660753880265,7.989759355880148,True,-0.07339918815874662,-0.1037561269373746,0.9803489528655862,-0.7504099829416422,346,-0.10339285633390083
570,long,0.2,30,points,2.7574224924378017,212.7427947442451,r,7.094945969446689,321.30133956605687,0,50.0,5.0,off,30,state,cross,behind,0.25,0.6505112670507734,2.868656593725686,3.483821847939205,10.030240674113074,34,5.507095343680709,6.59117732649044,False,-0.08192133252341517,-0.11574130386403116,0.8644749958767782,-0.15222832662631697,15,-0.13922258955070924
570,both,0.2,30,points,4.287780066009624,279.20229960670935,none,7.27182567333502,114.37643887267775,0,50.0,0.0,200all,75,state,cross,behind,0.5,0.6720106197028775,1.3711322119752933,1.2409833544372015,35.75111016117094,1107,179.30454545454546,2.495176983245925,True,-0.399418793409875,-0.662597271766289,0.8882062059177392,-6.320314952855952,489,-0.5557287801650219
570,long,0.2,30,points,2.4903318210136476,219.71659394614636,points,6.224516294116216,212.89919316075293,900,50.0,25.0,200any,30,state,cross,behind,0.25,0.7851778466683006,1.1752592022954573,1.2365339807751174,20.805220014296303,854,138.32527716186252,5.1460121797830025,True,-0.2626361178533138,-0.35029315702195446,0.9324817687991896,-2.562285269102944,350,-0.402748909425305
570,long,0.3,21,points,4.69788751282855,236.7259713249583,r,4.832351961983988,323.28571247388095,0,50.0,25.0,200any,30,state,cross,off,1.0,1.0501035224679895,2.2921414104088678,1.5068081497296808,43.4862913900877,717,116.1349223946785,10.00530360775458,True,-0.20948245236558186,-0.31747338369508643,0.9349986890616298,-2.3542447427861326,311,-0.26519943773981003
570,long,0.2,30,range,2.266740360592777,106.02804309080055,none,6.675627851229077,224.6646118007023,960,50.0,25.0,200any,30,state,cross,behind,0.25,0.18426624649434548,0.3394683814227081,1.0599252511574473,4.1480216060311905,774,125.36740576496673,0.8250350108767787,True,-0.13213985864731262,-0.21259260352584636,0.9602017708479429,-1.05798922113864,318,-0.18215286917647552
570,long,0.2,30,points,3.084101749070601,178.26005222426718,r,4.409258090978877,270.50998931508354,900,50.0,3.0,200all,15,state,cross,confluence,0.25,0.6753447181691673,1.2027720802664903,1.2461226215038417,18.92948252856542,782,126.66319290465631,3.3180347119452516,True,0.1664464037775525,0.26535573955630515,1.0520209719605653,1.6104302566089832,323,0.275856051514451
570,short,0.2,30,points,5.082481209951549,156.3382582602644,points,6.362985390486353,374.10305042243135,0,25.0,25.0,200any,30,state,cross,behind,0.25,-0.041474745892383584,-0.06937241300562759,0.9842113115193014,-1.0535670234458099,621,100.58547671840354,-0.08922139725106801,True,-0.611963654029582,-0.9247551862522243,0.7986949471790624,-4.328731342450512,261,-0.623741691379471
570,long,0.3,30,points,4.375301528057119,161.0124680284825,none,6.627576408593752,320.9953340831566,0,50.0,10.0,200any,150,state,cross,through,1.0,0.6439492272668322,1.0072483919778523,1.3126643766009554,30.915419930446596,769,124.55753880266076,2.5474515205062715,True,-0.14201506840640157,-0.2507204620535951,0.9555353910514985,-1.6369401726278605,340,-0.16878332341304372
570,long,0.2,50,atr,2.257449881503145,50.49520046557163,none,6.026359290123242,215.1600846642806,0,50.0,3.0,200all,30,state,cross,off,0.25,0.8482210585496718,2.564517376061576,1.468147242423005,29.05187221634928,643,104.14889135254988,6.8570979585889695,True,0.2776995365251204,0.641292017538309,1.108459689335129,2.657004797398634,275,0.37117145769922993
570,long,0.3,7,points,3.519457116779271,150.0732807228474,none,5.651400998325408,354.98176202916216,0,50.0,25.0,200any,30,state,cross,behind,1.0,0.9093549659711444,2.0162758393793774,1.378352554979768,36.157129169644136,776,125.69135254988913,6.893363581380744,True,0.04822596136953546,0.08724238273431911,1.015397973792189,0.548853092246933,340,0.058385173948182156
570,long,0.0,30,points,2.4807706252335877,196.13192738229023,none,4.416110715772792,213.24502857013002,0,50.0,25.0,200any,30,state,cross,confluence,0.25,1.118365276693196,2.4577588675033075,1.4938109008363294,46.19516402110833,786,127.31108647450111,12.659195873651171,True,-0.3962544635507655,-0.6025310968366411,0.8901286815541403,-4.471468600362746,358,-0.6386773857917846
570,long,0.0,50,atr,3.1568270949639885,48.11803537950601,points,6.090295183110647,273.7898909665128,0,50.0,25.0,state,30,state,cross,confluence,0.25,1.0619872883904715,2.0250222205576063,1.3741442105354413,32.56955513815173,762,123.42372505543237,6.4804140020012575,True,-0.6352853779401301,-0.9943106856032219,0.8415266215506542,-5.7938079247174805,333,-0.729920551611013
570,long,0.2,21,range,3.8013434917935287,197.04738567632523,points,5.736100503003576,260.12111159665335,0,50.0,25.0,state,30,state,cross,behind,0.5,0.13408930938676314,0.1653744289200604,1.0618909076425078,4.682299598483937,696,112.73348115299335,0.4271618572868286,True,-0.5173023780121255,-0.790223708168997,0.8541585692622926,-4.222588378472042,298,-0.5098689850042769
570,long,0.3,30,atr,4.574582715839557,258.8734312438337,r,6.662993970312373,307.62908580216646,0,50.0,25.0,200any,30,state,cross,behind,1.0,1.1818143593296784,2.5639384988331466,1.5141794811278289,46.04760524773134,783,126.82516629711752,7.1046703585433075,True,-0.41515097694755926,-0.621567437537576,0.8830884031738074,-4.758859187774196,352,-0.48674173993693287
570,long,0.3,30,atr,5.049832573502141,259.200397631901,r,6.301770676532149,360.16984377259297,0,50.0,10.0,200any,30,state,cross,behind,1.0,1.1086831892374311,2.4594196938574,1.512840112793831,46.02837698405851,761,123.26175166297118,5.766275331132914,True,-0.212930219978866,-0.3497484961331434,0.9302755079770039,-2.7476592472372285,341,-0.2398057893236828
570,long,0.2,30,points,3.3600170698626037,278.92828863361024,points,2.7263447316553853,184.8668934828163,720,50.0,25.0,200any,75,state,off,behind,0.25,0.6368581510575928,0.8959008332080739,1.18788783185674,15.516063626079491,854,138.32527716186252,3.1123628981150513,True,-0.5358878202127102,-0.6737025847946159,0.8658932280205016,-5.104079905541957,350,-0.7693518220281911
570,long,0.2,30,points,3.596304138756415,219.8635353048328,none,7.44695674698661,128.9054156695151,0,50.0,3.0,200all,30,state,cross,through,0.25,1.1143518084995778,2.587379154917451,1.610376903147491,43.746037220999334,630,102.04323725055433,11.009179218802393,True,0.3352291074765086,0.6306796212086719,1.1380753728450705,3.985905048687995,278,0.4657734295646002
570,long,0.3,30,atr,3.662434970546186,195.3106491018565,none,7.22280482766271,350.5844758305468,0,50.0,25.0,200any,30,state,cross,behind,1.0,1.0997569928050583,2.5877819296326137,1.4881314427539865,43.66416647089754,782,126.66319290465631,8.86010010412152,True,-0.4401938629658144,-0.6889240613994032,0.8784571463737851,-4.864576048800794,353,-0.45487728488456564
570,long,0.3,30,points,4.421838451035105,237.4547253589827,r,7.974176486947964,176.06723785038244,0,50.0,0.0,200all,15,state,cross,confluence,0.25,1.0712393151529964,2.4795547173782078,1.562399802899861,44.717526189744454,644,104.31086474501109,8.470131183668352,True,0.2791814334181445,0.5118314512614149,1.109895402108828,3.5340778174351315,286,0.4358126335351462
570,long,0.2,30,points,4.395739683703736,153.19655370918792,points,7.270185315466461,287.6140286892254,0,50.0,25.0,200any,30,state,cross,through,0.25,1.3084335657150667,2.4830145625539775,1.4803105921674207,42.14407244817237,787,127.4730598669623,10.526109697214354,True,-0.24160396987479182,-0.37026145460898263,0.935885732735235,-2.3950278259966016,343,-0.3633709801205659
570,long,0.2,30,points,4.508569489993304,182.1787231021259,points,7.503293384440954,172.37295229187683,0,150.0,25.0,200any,30,state,cross,off,0.25,1.1840550110261618,1.9098793826938183,1.3233121846581797,42.22945705073863,764,123.74767184035477,7.840920878681252,True,-0.19756877499716044,-0.2801752444726332,0.9584402657451828,-2.4531744428998232,326,-0.23628714311987126
570,long,0.2,21,points,4.141367063034598,159.76686588685695,points,6.364201671129284,71.17700493312843,0,150.0,25.0,200any,30,state,cross,off,0.25,0.46521678270153644,0.5980967113745634,1.107297204285777,11.426558719486495,807,130.71252771618626,2.68365136918641,True,-1.1302860634667702,-1.3265860512819747,0.7861169228691649,-9.772059898981652,334,-0.8749437087959503
570,long,0.2,30,points,3.8248684721815005,114.32219570168238,points,7.877950804511637,224.70654580810557,0,50.0,25.0,200any,30,state,cross,through,0.25,0.9790690458174829,1.7563558721595862,1.3060699946784338,27.813433449995188,807,130.71252771618626,6.912809067399608,True,-0.2082673304205832,-0.3264712493071841,0.9488932596039207,-1.843876020547568,348,-0.29063059253425083
570,long,0.0,30,atr,4.43153214500661,145.61027099671554,r,6.897271455263881,194.96559482963522,960,50.0,25.0,200any,30,state,cross,behind,1.0,0.8702129948362497,1.495938616413924,1.279583131601197,28.17628105442097,923,149.50144124168514,6.03544392758053,True,-0.21146400141739125,-0.31614092934834,0.9445082763742663,-2.345158759471544,391,-0.38576804031481515
570,long,0.3,30,atr,5.679250975362639,204.18483035113553,r,5.367593787302953,326.1530652287187,720,50.0,25.0,200any,300,cross,cross,behind,1.0,-0.07271659028358042,-0.0945575104359967,0.9624231450442269,-1.0815719265304726,250,40.493348115299334,-0.2681012868641485,False,-0.561671996596935,-0.7425745456921125,0.7516302548875596,-3.37133805194822,108,-0.4411480857728299
570,both,0.2,14,points,2.9549601478785448,279.6685843108673,points,6.478427642703552,322.34592809983826,0,50.0,25.0,200any,75,state,cross,behind,0.5,1.060246011818093,1.7591633096836283,1.2969592193931287,48.5314185470053,1298,210.24146341463415,8.431915316969043,True,0.050721865018816654,0.07412399349958401,1.0120479376577898,0.7530999448125719,571,0.1397187094726027
570,long,0.2,30,points,5.18711427935906,207.478506643908,none,4.233867694431811,345.330810224299,0,50.0,3.0,200any,30,state,cross,behind,0.25,1.0451560327509335,2.41613376415537,1.5155046276545703,43.99530066195403,723,117.10676274944568,10.422943719350759,True,0.1488207931779332,0.275030018952705,1.0548358697300582,1.9025335030885238,316,0.2153636572143771
570,long,0.2,30,points,5.151734835389733,232.75951254924448,points,6.686678501644519,173.43032364182628,0,50.0,3.0,200any,30,state,off,behind,0.25,0.6407053789275533,0.8974170974956505,1.2208194649424917,22.96486203759083,683,110.62782705099778,1.6430400665168943,True,-0.4906124273218622,-0.6343246111824296,0.8661216322398114,-5.435554486696425,323,-0.6116011715557915
570,long,0.2,30,points,1.8053353371744005,197.8782749345502,r,6.705726073532747,337.18540083375296,720,50.0,25.0,200any,150,state,cross,off,0.25,0.6030348627313197,0.9431012832738692,1.1897606634700857,14.998459617360801,827,133.9519955654102,3.0331583322245286,True,-0.42345492762003906,-0.5909121434434449,0.8893422703560997,-3.8132187058186897,338,-0.4758722042698822
570,long,0.1,30,points,2.369676588193695,288.1236353881099,points,2.714512675281059,223.71849010009882,0,50.0,5.0,200any,75,state,cross,behind,0.25,0.9186025663296644,1.4916065537968044,1.3251016402342097,31.133242419103148,808,130.87450110864745,4.0237372708683665,True,0.03337551969343477,0.04757847883804181,1.0098041004105764,0.378513937681382,350,0.06856993407691883
570,both,0.2,30,points,1.4187619867002623,204.94266519656102,none,5.085858985464932,323.2697368287921,0,50.0,0.0,200any,75,state,cross,off,0.25,0.737499850397168,1.5956726178918634,1.2562982363613202,39.5989341406684,1184,191.77649667405765,3.643884950815903,True,-0.550279553167882,-0.9644617321531151,0.8580646449632244,-8.948224304296442,526,-0.5259905696354735
570,both,0.3,30,atr,4.628305729769562,195.316775907809,r,7.821860340647028,288.216839838305,0,50.0,25.0,200any,30,cross,cross,behind,1.0,0.061150830165750326,0.11547254118196427,1.0372778658670934,1.3903429784446217,266,43.08492239467849,0.3008903194564331,False,-0.3418837972727323,-0.5227322258116192,0.835770866208823,-2.3397962295615327,126,-0.4426869661168805
570,both,0.2,14,points,1.3979386971794021,77.35620825559367,points,4.614654276991714,337.3131749789854,0,50.0,25.0,200all,15,state,off,behind,0.25,0.638794042158182,1.3703879027503814,1.183909510254105,23.93664775461299,1096,177.5228381374723,1.9357355640865006,True,-0.4413938688200798,-0.8591677933174926,0.8993387826859451,-4.656818118996504,505,-0.6182170469192169
570,long,0.2,30,points,1.2964320430011873,268.5586575333618,none,7.341430806280412,377.2056318866683,900,50.0,25.0,200any,15,state,cross,off,0.25,0.5895445340949624,0.8791459880372919,1.1875817685723982,16.103147813612512,827,133.9519955654102,4.656667905259414,True,-0.18092408893081421,-0.2533491921598253,0.9478375620952056,-1.869622054912015,338,-0.23884893405533764
570,long,0.2,30,points,3.3521107178921885,278.83342360160736,r,7.806543564192196,357.98318958170034,0,0.0,25.0,200all,75,state,cross,confluence,0.25,0.8916327332362277,1.8386984932042305,1.3589432963899364,45.26071868954838,612,99.12771618625277,6.834944559045181,False,0.19552412113432519,0.33581066041664936,1.0590547950174671,3.1215289200591716,265,0.19956659784253922
570,long,0.2,30,points,4.986880938914617,99.9583704731068,points,7.320530157102817,197.06821908684924,720,150.0,10.0,200any,30,state,cross,off,0.25,0.4884714771180732,0.7888179126155236,1.1252032091303579,11.877236723327899,827,133.9519955654102,2.1703679233436657,True,-0.7106973232247784,-1.0902526640364365,0.8528978036328768,-6.259325966865121,338,-0.7132970329048799
570,long,0.2,30,points,5.265870763377804,242.33037321083526,r,6.805325560229534,135.66823636511737,0,150.0,25.0,200any,30,state,cross,off,0.25,1.0121857922583128,2.2719793267848023,1.4342192489702503,53.55717843312536,664,107.55033259423503,6.06952865340085,True,0.1994641065716253,0.3465835232896755,1.059543191460274,3.154948704019656,286,0.25562336173659905
570,long,0.2,7,points,3.249720661373224,155.9691212283884,points,3.532617188377565,260.43377678653883,840,50.0,25.0,200any,30,state,cross,behind,0.5,0.4873042066903462,0.7489957543263102,1.1374845677214513,12.37365860126009,872,141.2407982261641,1.8067676705356959,True,-0.29251463681146433,-0.4229820752783637,0.9279371562439122,-2.715506083006393,365,-0.3512125346258847
570,both,0.2,30,points,3.5048185495529207,273.0782177723778,points,3.7047117554604614,326.9134370489023,0,50.0,25.0,200any,300,state,state,behind,0.25,0.6750089487931984,1.1290431714400802,1.182127406185378,27.07543944906591,1331,215.58658536585367,4.859737438808127,True,-0.4372562165831061,-0.6276673811910848,0.9025778857139639,-5.806049940189368,571,-0.6271514466633394
570,long,0.3,30,atr,5.968197106002745,294.32109286003174,r,5.915217876973681,220.27272292662346,0,50.0,25.0,200all,75,state,cross,behind,1.0,1.1963172507821354,2.5379512865364333,1.5692466816699584,47.586181746565174,710,115.00110864745011,7.071862264621836,True,0.058040416979077775,0.08507577591433,1.0191414436894535,0.6276203943276157,314,0.08571666210010857
570,long,0.3,30,atr,3.702051569301585,268.2790928310776,r,5.057017457738087,316.55711522552156,0,50.0,25.0,200all,75,state,cross,behind,1.0,1.1921028904945,2.8559100478988477,1.5637211924509435,45.73767605576579,727,117.75465631929046,9.357315585911017,True,-0.06852376691080062,-0.1145006482938098,0.9781885635107077,-0.757223222793683,318,-0.08904616027616585
570,long,0.3,50,atr,3.8753922953433837,295.686859512604,r,5.672436920483742,266.37310511524686,0,50.0,25.0,200all,75,state,cross,behind,1.0,1.1974029771112904,3.0632651379902445,1.6046864805432581,48.247929116495,724,117.26873614190687,10.043693482763175,True,0.11162498463418487,0.18947781288441268,1.0368291244321328,1.1465713974589034,307,0.14176476978606992
570,long,0.3,30,atr,3.504449859476647,271.13851247254337,r,5.124655919094061,111.62008001896183,0,50.0,25.0,200all,150,state,cross,behind,1.0,1.2418020439495236,3.079522877996775,1.5982622363271102,47.86734051789624,729,118.07860310421286,10.295997632805364,True,0.03444323008216989,0.05915060870632714,1.0111767653989294,0.37809888106943434,319,0.04600862147168091
570,long,0.3,30,atr,5.377452768671532,249.50117714721776,r,5.196849719003535,317.78776549761415,0,50.0,25.0,200all,300,state,cross,behind,1.0,1.2003902847404082,2.5530997634552386,1.5564612419590922,46.32016244300506,711,115.1630820399113,6.491211746170938,True,-0.15285661843723414,-0.2222585127902185,0.9519795819589527,-1.647044458922052,315,-0.1853546521887216
570,long,0.3,30,atr,5.8864960071640935,228.18212084734432,r,5.780550532217798,344.5287666835326,0,50.0,25.0,200all,300,state,state,behind,1.0,1.1084171315721894,2.3726466211702713,1.5211315337399036,37.87531040527087,735,119.05044345898004,6.250497452384873,True,-0.04035713269399659,-0.06098922906289066,0.9867288864478312,-0.4141506510047268,319,-0.04764621085673012
570,long,0.3,50,atr,4.140524252811611,239.08702449960106,r,5.537745930213845,329.13174767680675,0,100.0,25.0,200all,75,state,cross,behind,1.0,0.9138242268197939,1.8763534012576297,1.3584759207553518,39.91990425527884,687,111.27572062084258,6.283588044399716,True,0.039616449549777465,0.07018966947338581,1.011925183688528,0.510433294941742,294,0.05326208217460286
570,long,0.3,30,atr,1.2757183736705482,229.48279075372557,r,6.2985198812064365,89.92661376451203,0,50.0,25.0,200all,150,state,cross,behind,1.0,0.6037207226746817,1.557611340009545,1.2247233185361142,14.57691398625067,792,128.2829268292683,4.504386869967954,True,0.08346696030154951,0.17895492031293447,1.0252765089358535,0.6107626047334058,331,0.13634206778265148
570,long,0.3,50,atr,2.537509392461231,254.4933971008672,points,5.230779260055103,226.58564730072754,0,50.0,0.0,200all,75,state,cross,behind,1.0,1.1319721324086738,2.4815531829693103,1.417939858524305,32.233873078601164,763,123.58569844789356,8.436514347915487,True,0.3329035281828987,0.6234335969801557,1.0993140221706934,3.0332651125099033,324,0.43359800449201563
570,long,0.5,30,atr,3.4899766951912703,292.3154488568688,r,6.119108105403432,262.64700654710475,0,50.0,25.0,200all,30,state,cross,behind,0.5,0.8918564772309628,2.001730232986391,1.428527681832298,33.82252930633298,672,108.84611973392461,5.405814489046127,True,-0.1551510559337898,-0.25654960691023593,0.950026800169778,-1.6037192274164251,287,-0.1622348557332178
570,long,0.1,30,points,4.199629587489696,186.65339520060857,none,2.5537531869551,304.912167133974,720,50.0,25.0,200any,75,state,state,behind,0.25,0.5282969676501776,0.8582943708821646,1.1675856126010038,12.463883356675591,867,140.4309312638581,2.707879752940465,True,-0.6253817414976709,-0.8834736046055196,0.8418309883251741,-5.309714919418609,358,-0.6092249589276363
570,long,0.3,30,atr,5.841807231352859,286.36749222505205,points,5.713361996366515,273.89470853523585,0,50.0,25.0,200all,75,state,cross,behind,1.0,1.2204583294670925,2.1061364286066127,1.461253974596198,39.8014099727766,751,121.6420177383592,4.912902076835661,True,0.009045786596535847,0.012624882011795032,1.0027016102693662,0.09715075666566086,330,0.011838561208264571
570,long,0.3,30,atr,5.635853037792919,214.2356542808116,r,5.827258683380998,101.03155934111851,0,50.0,25.0,200all,75,state,cross,through,1.0,0.7409020022911296,1.0764011975543446,1.3645416527610295,34.095949149167524,723,117.10676274944568,2.919038399629879,True,-0.10577619373300377,-0.15332796713824062,0.9662115654692642,-1.153647732794072,314,-0.1365584497957266
570,long,0.1,30,atr,4.222322929537424,255.02194063499041,points,4.236246624919816,373.26907583705395,0,50.0,25.0,200all,75,state,cross,behind,1.0,1.256475267980986,2.5243640119093746,1.5050901858612802,42.56359480981318,760,123.09977827050997,6.221846534606638,True,0.01749899341190293,0.027548273230705328,1.0053058144803062,0.18043109338914176,335,0.0275093867777918
570,long,0.1,21,atr,4.977836394890062,203.9981203399789,points,4.657969532093085,256.8137348061193,0,50.0,25.0,200all,75,state,cross,behind,1.0,1.1318023424438541,1.9271989752146217,1.4008029821207644,36.765255958422344,780,126.33924611973393,4.789039962624763,True,0.1048500986341608,0.14786679898973354,1.0304543642713266,1.0893166814886752,341,0.16273011396394385
570,short,0.3,7,atr,4.814571740037252,207.3327618309527,r,5.8370763403918176,286.37084812637346,960,50.0,25.0,200all,75,state,cross,behind,1.0,-0.49176216127493205,-0.7140033029379219,0.8230282181633041,-14.44208538248768,587,95.07838137472284,-0.6512093622340954,False,-0.9406573057575981,-1.1769148927175856,0.7015197975464292,-8.96187043636748,248,-0.8941437861414037
570,long,0.0,30,atr,5.43194575603453,265.4364488917839,r,5.094438818545376,315.581645484874,720,50.0,25.0,200all,300,state,cross,behind,1.0,0.45615140586582886,0.6861938861043239,1.141137754555965,11.871253268534444,847,137.19146341463414,1.6279896425830012,True,-0.5318954469599289,-0.7117950357678913,0.8659873265684229,-4.789537550177464,354,-0.7234973525176563
570,long,0.3,30,atr,4.675650831522626,285.0176498069319,points,3.891953179676169,128.65196436674535,0,50.0,25.0,200all,75,state,cross,behind,1.0,1.0868658809707814,1.5903384199527668,1.3220220182509523,27.67754655490785,786,127.31108647450111,3.4544099261108787,True,-0.3002278073788754,-0.37392208024574564,0.9264728602483948,-2.716848368292191,335,-0.33541272043142734
570,long,0.3,50,atr,4.154687921289479,277.42225698038243,r,6.4673446948972915,58.59124444574161,840,50.0,25.0,state,75,state,cross,behind,1.0,0.4519862112221191,0.7456310167016452,1.149727844488039,13.211008860138932,803,130.06463414634146,2.568455777304328,True,-0.5861154144907683,-0.7806187540817532,0.83783310286251,-6.185661681567968,332,-0.5169964933536936
570,short,0.3,30,atr,5.222872363961092,259.36365239124433,points,6.166689902788665,386.5245829901734,0,50.0,25.0,200all,75,state,cross,behind,1.0,-0.2002886597371986,-0.31301224200034566,0.9254211510416939,-6.156491635112484,564,91.35299334811529,-0.3656000073535147,False,-0.6841524997938155,-0.9340019759212814,0.7771105992823908,-7.183820470072293,246,-0.6850779409707574
570,long,0.3,50,atr,2.345942839992773,280.91918839893594,r,3.2229491088232107,172.79226974324794,0,50.0,25.0,state,150,state,off,behind,1.0,0.20667383431018835,0.28082261043481765,1.0878485712477464,8.093409427703508,786,127.31108647450111,0.5899630822649872,True,-0.44685967850051594,-0.705723760456596,0.8732166038755937,-4.354284110058503,326,-0.465297781272439
570,long,0.2,30,points,4.0523719167759875,176.65327792143302,points,7.633139019054541,194.15709759818287,0,150.0,25.0,200any,30,cross,state,off,0.25,0.2948344376907458,0.539408604061058,1.3408228569464693,2.5467978161161136,44,7.126829268292683,1.1682090085601946,False,-0.9034134015549294,-1.1284144855256286,0.4327080398886691,-2.96000711197836,20,-0.836106597073102
570,long,0.1,30,atr,2.5165472564404836,245.3198738974958,points,3.4371470622841596,350.9074764002382,0,25.0,25.0,200all,75,state,cross,behind,1.0,0.5984299140386098,1.2142080105321371,1.2227890375544963,13.888353537762866,817,132.33226164079824,3.232125692453054,True,-0.07659035091799933,-0.12988539896350093,0.9762209173242783,-0.5643456380197307,342,-0.08268527910399474
570,long,0.3,30,atr,5.34369365919186,262.3687351836938,points,6.247536576066107,334.6181187647722,720,100.0,5.0,200all,75,state,cross,behind,1.0,0.30747565402522953,0.43926706059685167,1.0874299637240121,8.335281276686139,807,130.71252771618626,1.099514471118782,True,-0.6277774865693253,-0.8599921093586974,0.8493228906577478,-6.526099687837421,336,-0.7723578333325044
570,long,0.2,30,atr,3.7413755302464704,244.52894714552107,r,7.481325087379086,293.5444094109601,0,50.0,25.0,200all,75,state,cross,behind,1.0,1.3257256311648062,3.143644631934199,1.631620057402983,49.206486004908,723,117.10676274944568,13.765085593063077,True,-0.0735144352587089,-0.1160804567641873,0.9774770378220861,-0.7424130036371954,320,-0.08876054096792856
570,long,0.3,30,atr,4.314426943728095,277.5281974768865,r,3.0748102450052777,126.25317711182957,0,50.0,5.0,200all,150,state,cross,behind,1.0,1.2508801582057802,3.0129124604765614,1.6256440545939423,49.628260333056126,723,117.10676274944568,8.307320590949733,True,0.10270372660009855,0.18340938448626523,1.0368637128924605,1.2478947216967313,316,0.14993807548907004
570,long,0.1,30,atr,4.759840860472471,278.55678932386894,points,4.808020092580263,380.35660525960805,0,50.0,0.0,200all,75,state,cross,behind,1.0,1.110607152424579,2.32103715575491,1.4669728344733977,41.49123731807877,735,119.05044345898004,8.434422803899293,True,0.11081977950034598,0.19232935724049213,1.037288225498055,1.3257459367092501,326,0.15426900973858448
555,long,0.3,30,atr,4.644228649144771,266.1120867994014,r,2.3078241394502235,163.97304695538614,960,0.0,5.0,200all,150,state,cross,behind,1.0,0.5827725246707794,0.9881193193569682,1.174243194707624,25.560539594479742,824,133.4660753880266,2.2923640651952724,True,0.0016867691325130557,0.002499218764553996,1.0003927475946541,0.024452720262751804,342,0.0021726377632926247
570,long,0.2,30,atr,3.403324390100201,232.94310669369946,r,7.633887606580091,275.4635480483925,0,50.0,25.0,200all,300,state,cross,behind,1.0,1.3700481963694693,3.364377205660959,1.659423809544962,50.63932824516347,726,117.59268292682927,15.035854651066899,True,0.08937442654154967,0.1465828174550351,1.0281190450407094,0.8812188730548076,320,0.1099964256857426
570,long,0.2,21,atr,4.635679912007112,286.9067093830647,r,6.204300698907087,212.17801347642617,0,50.0,25.0,200all,300,state,cross,behind,1.0,1.3014107716533994,2.8886269756643403,1.6162575812177007,49.7847613602905,720,116.62084257206209,11.102967576120461,True,-0.09454434052418012,-0.13926678426380612,0.9703540710191595,-1.0106595542632073,319,-0.10778868568451225
570,long,0.2,30,atr,3.2289693443190117,245.30567874424756,r,7.360253914897936,292.7568048098576,0,50.0,25.0,200all,75,state,cross,behind,1.0,1.3362803513403487,3.698375886828174,1.7117928835237048,54.011742175830555,727,117.75465631929046,15.449339042472559,True,0.1987282852319734,0.3351483513178134,1.0636990070508883,1.9284692495475846,320,0.2575928862761227
555,long,0.2,30,atr,3.905300339539555,196.75594349687225,r,6.767423548888685,329.4375235680868,0,50.0,25.0,200all,150,state,cross,behind,1.0,1.0917893003965615,2.450243309783332,1.4841509850883436,40.54689366908303,742,120.18425720620843,9.78939162550377,True,0.4180755562468294,0.7545240655322584,1.1503769493500127,4.646794032230514,321,1.0099687484751085
570,long,0.2,21,atr,4.31786703119824,261.22024080130075,r,5.815835607421796,276.502847267383,840,50.0,25.0,200all,300,state,cross,behind,1.0,0.7612417191064014,1.3018380901898408,1.2636372143543846,20.86507182303481,816,132.17028824833702,3.986123655650577,True,-0.11889691671013879,-0.16690557482404036,0.9669928195687508,-1.1558216465217304,341,-0.14913165392603706
570,long,0.2,30,atr,2.5756584407752694,219.21991242176992,r,7.316073499186491,328.2063390539596,0,50.0,25.0,200all,300,state,cross,behind,1.0,1.260776616362234,3.5323405261492673,1.6265500105649415,45.908832042639666,742,120.18425720620843,14.452436714222006,True,0.03035115978042942,0.056570501862972876,1.0096058979772726,0.29607032647432874,323,0.03770072066603018
570,long,0.2,30,atr,3.495995249079197,244.05541018457765,r,6.209049204315901,264.59986984001466,0,50.0,0.0,200all,300,state,cross,behind,1.0,1.1332688474396482,3.084023240440007,1.595822020665013,47.78605928062538,708,114.67716186252771,11.366960988846971,True,0.35466112621555396,0.7086856915357185,1.13513700974844,4.233292857779485,309,0.4649441923834217
570,long,0.2,14,atr,3.327713457447633,191.62119728937165,r,6.916996427021326,259.52603252409943,0,50.0,25.0,cross,75,state,cross,behind,1.0,0.43738944218837666,0.8915605805890628,1.3201959561047107,10.021544625687861,253,40.979268292682924,1.7327830844519314,False,0.19325086221245355,0.30403041615924187,1.1254937607159283,1.9034679310253895,125,0.2697635468597598
570,long,0.3,30,atr,3.7340235769190686,254.5022158093455,r,4.814020008147906,118.10357570647413,720,50.0,5.0,off,150,state,cross,behind,1.0,-0.02513836559506927,-0.037965455862354225,0.980890093535511,-0.21887942834978982,118,19.112860310421286,-0.07708871300471226,False,-0.04236552469775684,-0.06141525908418826,0.9686115334190684,-0.13622939786615254,53,-0.0929578241968282
570,long,0.2,30,atr,3.698152802000801,172.65567705145062,r,6.001414866013944,391.0793302459806,0,50.0,5.0,200all,75,state,cross,behind,0.5,1.1259534786195637,3.0064965773771437,1.6167464107010197,45.612061843896,675,109.3320399113082,8.935672125492653,True,-0.009421147000021782,-0.016666637449619076,0.9966913252389576,-0.10409760558442116,293,-0.01156118881950106
570,long,0.3,30,atr,4.603562890250034,265.06071264722107,r,2.0892080861061655,133.316911376157,0,50.0,5.0,200all,150,state,cross,behind,0.5,1.1321612908757428,2.37884756742669,1.497359325962848,38.81780350956404,721,116.78281596452328,5.538407572485735,True,-0.25365363567559757,-0.3917732265209478,0.920163375754388,-2.7752534720258013,303,-0.3172210666133152
570,long,0.2,30,points,2.849768866263917,221.46548293879079,points,1.8662920124144453,309.84784355968213,0,50.0,25.0,state,150,state,cross,behind,0.25,0.6437039294999379,0.8524262429002003,1.278675476696815,26.866498753079277,714,115.64900221729489,2.2232037546437353,True,-0.10255105524639586,-0.15647619292683237,0.9697726169223938,-1.0959243180156992,311,-0.12596079625047865
570,both,0.3,30,atr,4.105077941052209,256.03897735793066,r,3.796887008638781,93.0758748078944,0,0.0,5.0,200all,150,state,cross,behind,1.0,0.19251899487514817,0.3580252296286104,1.0531417802508878,15.107034800208355,1106,179.14257206208424,0.9535086432213059,True,-0.4006985741420389,-0.7108266513702635,0.909048205028424,-9.58650449828367,470,-0.6016889846285367
555,long,0.1,30,atr,3.40623555330892,245.37888630970792,points,4.685066183422712,320.6051833382064,0,50.0,25.0,200all,300,state,cross,behind,1.0,1.2056418119054992,2.4285193466123656,1.4482141898045156,38.89075497036318,784,126.98713968957871,7.193515668891753,True,0.4976663397086142,0.8516929877103419,1.15570495328788,5.140592354968436,340,1.4406593705935646
555,long,0.2,50,atr,1.1820634852138157,82.82852163052156,points,7.241112983818711,318.7211852523633,0,50.0,25.0,200all,30,state,cross,off,0.25,0.38432749407021605,0.9520009255564524,1.1439939664011203,8.37445091726455,738,119.53636363636363,1.5087715761855736,True,0.5409118028113236,1.4159059655917738,1.198206129104315,3.9705398329821184,302,1.601673998633498
555,long,0.1,10,atr,3.2828751313666698,229.6564892521707,points,4.214204998873704,309.932427931274,0,50.0,25.0,200all,30,state,cross,behind,1.0,0.988722407454588,1.787971564044826,1.3498323932280811,32.749478462701546,796,128.9308203991131,4.043032089592044,True,0.4131714885096939,0.6457398805024898,1.128845856878032,4.50163054588966,340,0.951161612732156
555,long,0.1,30,atr,3.749956737189853,223.9478617621321,points,4.920810857026008,267.2365499831781,0,75.0,25.0,200any,300,state,cross,behind,1.0,0.9577988915520792,1.6595407331083303,1.2952648178577744,36.037238439745416,850,137.67738359201775,4.961154494901804,True,-0.18670700411942776,-0.28710945367568363,0.9556535928126388,-2.2736411379196,379,-0.459948902812515
570,long,0.1,30,atr,3.959584239760965,215.57579974923829,points,1.3807576804010657,348.69176727442493,0,50.0,25.0,200all,30,state,state,behind,1.0,1.2435828984761128,2.5679431931627485,1.511168397155322,37.60912595748931,780,126.33924611973393,6.764346252734927,True,0.15745526075782582,0.2567429414380214,1.0493568663958002,1.4950687802361937,339,0.2423608184935512
570,long,0.1,30,atr,5.100291095217157,214.9298047561502,points,1.454642493184053,378.9199147182478,0,50.0,25.0,200all,30,state,state,off,1.0,1.1731573601265977,2.4047571504896417,1.5338696582001408,35.36693970349896,691,111.92361419068736,8.303312294842522,True,-0.13721325402083287,-0.2105972722174284,0.9547932865563169,-1.3067452315222408,293,-0.15496701325481427
570,long,0.2,30,range,2.911373410113616,206.9546572001129,r,6.109947831114799,370.38423456355514,0,50.0,25.0,cross,300,state,cross,behind,1.0,0.05316734140410907,0.1037411711884248,1.028002712847057,0.9684669296648314,342,55.394900221729486,0.139897228733583,False,-0.3745117474826846,-0.48752192930257554,0.8311886698805417,-2.880609024973273,166,-0.47469370877702066
555,long,0.1,30,atr,3.575342096989921,280.2498002757542,none,5.229919255022379,312.03141503085885,0,50.0,25.0,200all,300,state,cross,behind,1.0,1.009265696960918,2.3822892802218365,1.4530512189147695,38.69299762355546,747,120.9941241685144,9.685957847756331,True,0.16464242200818371,0.2938234317609761,1.055560541732971,1.7698483060532286,327,0.37677306015247497
570,long,0.2,50,atr,1.4327550567214684,178.8142773872745,r,5.04905144675797,325.70899531315746,0,50.0,25.0,200all,300,state,state,behind,1.0,0.6336828664558717,1.5252385558636188,1.2278654838364529,13.898500043293307,812,131.52239467849225,4.100483719376433,True,-0.20281097670130652,-0.3871816828637753,0.9442323186699534,-1.275733900672631,331,-0.24677031138990194
570,long,0.2,30,atr,3.650163157494394,202.39287498124622,points,5.852567700929447,372.8675599254965,0,75.0,25.0,200all,75,state,state,behind,1.0,0.7910482044212978,1.5224112477260674,1.2957211198116096,27.043661720342534,750,121.48004434589801,4.690254931136499,True,0.1814950308842919,0.30024252876022295,1.0572778748597138,2.0113929533402377,327,0.23735970398996228
570,long,0.2,30,points,3.9816657202165153,273.2882035037077,none,7.864847511248369,201.00741789864875,0,75.0,3.0,200all,15,cross,cross,confluence,0.25,0.6394208114464409,2.062403951402969,2.3218828587793623,11.566255736702814,62,10.042350332594236,4.76226527508797,False,-0.5299724755270052,-0.6558050249332746,0.555384551984327,-1.5272141561513164,29,-0.882396391326832
570,long,0.3,50,points,2.451793662302588,259.505692132164,r,4.797386794114217,204.3511108416745,0,50.0,25.0,off,75,state,cross,behind,1.0,0.37970363165222265,0.8262247171129431,1.4472938221819218,6.947631059413355,113,18.302993348115297,2.022866187450897,False,0.19017822540937598,0.25594296668625965,1.1735481299687711,0.5559337423333577,43,0.4091632179497667
570,long,0.2,30,atr,2.5463494128579853,234.81143322813335,r,7.973830678693754,346.81912156039954,0,50.0,25.0,200all,300,cross,cross,off,1.0,0.4432365041295533,1.182161523268403,1.8026012651105792,4.54010689965258,47,7.6127494456762745,1.5737712605455745,False,-0.9467692665080852,-0.9765172820434389,0.2660221785386114,-0.9669358097711502,12,-0.8884627430835575
570,long,0.2,30,atr,3.4716795104912883,176.8967094840377,r,6.737351588010502,271.77271329667644,900,50.0,25.0,200all,75,state,cross,behind,1.0,0.7824991287438471,1.301021310629152,1.2470433193860988,19.619480812992926,816,132.17028824833702,3.648064418891814,True,-0.03837240721400127,-0.0567068361516429,0.9894279787805348,-0.34461768746751065,339,-0.049616877968585237
570,long,0.3,50,atr,3.6927990818209824,273.39288199861653,r,4.384101745608193,359.4862033294679,0,50.0,3.0,200all,75,cross,cross,behind,1.0,0.37033096871169474,0.9998878354575307,1.4668426224605435,7.616555809828537,119,19.274833702882482,2.913155037828004,False,0.4618490987559414,1.2483670591241232,1.7026346204772358,2.4895707550671196,45,1.3980831449544362
555,long,0.2,21,atr,3.2738818313173845,282.6447169763645,r,6.183261827809202,170.77757186792758,0,50.0,25.0,200all,300,state,cross,behind,1.0,1.1021670382849744,2.674893061509101,1.5110714028139227,42.141011143789214,749,121.3180709534368,10.442283250877587,True,0.13624996992319194,0.2367625173235226,1.0449116184741092,1.4821131181044516,324,0.2609250916694791
570,long,0.5,30,range,4.070489382771227,236.49198187160272,r,3.58002361350155,176.75550625462847,0,100.0,25.0,200all,150,state,cross,behind,1.0,0.11740736227862225,0.2223327627937414,1.0392731138517233,3.497934651515654,700,113.38137472283813,0.2975514896011865,True,0.3234024110455989,0.6281547578640437,1.1087849835490133,3.610861223548679,287,0.4412784601424229
570,both,0.1,30,atr,3.3006022134837503,195.40050573895405,points,2.6597264479263076,264.6049136108796,0,50.0,25.0,200all,150,state,state,behind,1.0,0.6272368933065686,1.0761631909002831,1.159858866577295,22.26474600254153,1295,209.75554323725055,1.8887096918692166,True,-0.5154910517434143,-0.7390328622173169,0.8903872208932215,-6.068032217030108,564,-0.7602545831575173
570,both,0.2,30,atr,2.3655989036973297,159.6951640319398,r,7.933730653538707,341.58435532343276,0,0.0,25.0,200all,75,state,cross,behind,1.0,0.19879929202356061,0.4535457289225645,1.0598870543083103,14.99235450460328,1150,186.26940133037695,1.1633416047025997,True,-0.7209312593746887,-1.40994180535662,0.844028993769235,-14.2629835344686,502,-0.7390524754364639
570,long,0.1,30,range,2.8443973206722832,174.39246850139028,points,0.5069429073809077,258.9511272301088,0,50.0,25.0,200all,30,state,state,behind,1.0,0.5289132237391718,1.0380825042476478,1.1949838789011848,11.400072328854185,717,116.1349223946785,2.743486020370903,True,-0.17584874247198864,-0.2799171244816629,0.9467202886159696,-1.3022534216271553,309,-0.23218328457211898
555,long,0.1,30,atr,2.2966905600382765,236.4959691773308,points,3.4354225305179735,279.89630507560344,840,50.0,25.0,200all,300,state,cross,behind,0.5,0.5431633147517831,0.9666885716104653,1.1597737745594587,12.361469697898396,816,132.17028824833702,2.771082150472025,True,0.0706644934259323,0.12020745661897031,1.019307679533869,0.5742668247986005,330,0.16746860968304583
570,long,0.2,30,atr,3.2017980995091877,175.09217644463956,r,6.835124260003573,218.68496028386153,0,100.0,25.0,200any,300,state,cross,confluence,1.0,0.616840861883811,1.011116691957301,1.243168341940149,33.34859648638145,836,135.40975609756097,2.672305737872906,True,-0.4725819624030519,-0.7753165122915877,0.8848768638782164,-6.24661539833621,379,-0.47295313077461576
570,long,0.3,30,points,4.316625681946464,247.12159087157457,r,5.773765552279041,106.40594176917799,840,50.0,25.0,200all,150,state,off,behind,1.0,0.6261077426617646,0.980825910869054,1.2199391350995978,18.447805305525527,807,130.71252771618626,2.8251495930586414,True,-0.0318078122168011,-0.04374009118874272,0.9908082823144468,-0.31693963047064866,336,-0.03883031472714654
570,long,0.2,30,points,4.902837543445121,148.83980349114685,r,2.4480231962866226,264.6473414650102,0,50.0,25.0,200any,75,state,cross,off,0.25,1.1347771540664695,2.246139726172469,1.4356922041401934,37.53587520180527,761,123.26175166297118,12.286953237886927,True,-0.14924844679412574,-0.24391496609005575,0.9572391729660011,-1.530936348064222,326,-0.20891266658261684
570,long,0.2,30,atr,3.934004228242009,228.43562349078152,r,7.7829619340406655,386.96431175415654,0,50.0,25.0,200all,300,state,off,behind,0.25,0.9174115301738353,4.063072684536822,1.986335808609924,61.786179486568145,485,78.55709534368071,10.917259855441195,False,0.720121751808463,2.6985184368119204,1.640278015427216,15.61131446062396,220,1.7971875574875624
570,both,0.2,30,points,3.073102224558753,197.5551245244893,none,6.754922650714232,198.48206842403224,840,50.0,25.0,200any,30,state,cross,confluence,0.25,0.2883655316492067,0.46229528234041206,1.0706194560927207,11.005865580506574,1391,225.3049889135255,1.2024243587125003,True,-0.8353216490109178,-1.1898640821190942,0.8311754765989087,-10.962954389196003,586,-0.7383457987134991
570,long,0.1,30,atr,4.0947476111186765,223.51040119374292,points,3.7798497785234657,268.44438066679743,0,50.0,0.0,200any,30,state,state,behind,1.0,0.9603624772179837,1.8935900225616997,1.3576369532257533,30.146397494071678,848,137.35343680709533,7.738767239675412,True,0.035964576570484665,0.05918528929460964,1.010334934110387,0.3843028854133905,381,0.06080633458352979
570,both,0.2,50,atr,4.516999358309499,233.3325285099169,r,6.596588467018309,182.93070502998603,0,50.0,25.0,200all,15,state,cross,behind,1.0,0.7394985488737746,1.5003414373347452,1.243607290459263,35.64981903496712,1196,193.72017738359202,3.8901927435737873,True,-0.9956280326870842,-1.413733689885041,0.7814007617300571,-13.36231134786108,529,-0.9435799071982728
570,long,0.3,30,atr,1.939641423983491,256.05433768148316,r,3.173703859681579,48.42949073923474,960,50.0,5.0,200all,75,state,cross,behind,1.0,0.2889607055133673,0.5591255509795583,1.0903250248909477,6.566269227138384,807,130.71252771618626,1.513462910095876,True,0.37232138822584987,0.7230414790807872,1.1120406255730722,3.1381017466888808,336,0.7818094737338168
570,long,0.3,14,atr,5.0402700270000595,171.29280267447604,r,4.976714105833409,284.6223577049086,0,50.0,25.0,state,300,state,cross,through,1.0,0.33508720028473354,0.45716839384491537,1.1419578240224428,15.403384398714753,755,122.28991130820398,1.3749656873499327,True,-0.483752363253705,-0.697052995007035,0.8475432333827155,-6.3892795765378505,318,-0.4205399650493779
570,long,0.3,10,atr,3.063704258255604,281.28370755521365,points,3.298519144429114,103.69712097399676,0,50.0,5.0,200all,150,state,cross,off,1.0,0.580692845046547,0.813357795713401,1.1748112840415814,13.12095199478561,690,111.76164079822617,2.17041420865316,True,-0.46460256484120366,-0.5730861881509621,0.8812721860603402,-3.8319570506340104,286,-0.4537736890898986
570,both,0.2,30,atr,1.260990137511944,177.93984956468535,none,6.561053482760447,307.8815526887341,0,50.0,25.0,200all,300,state,off,behind,1.0,0.3558338506682685,25.912424986772923,31.580357349846643,99.60879925759733,29,4.697228381374723,34.68323913620077,False,-9.0,-9.0,0.0,0.0,0,-9.0
570,long,0.2,50,range,2.8658277751065966,75.1714068555955,points,6.658271787506576,181.4648142587873,0,50.0,25.0,200all,15,state,cross,confluence,0.25,0.627324287964014,1.124878584088974,1.2104415081757558,12.843903452738829,687,111.27572062084258,3.1855314092840374,True,-0.1788037870217073,-0.26251556181795566,0.949521631065338,-1.2704306308505697,291,-0.20710159425386776
570,long,0.2,21,points,4.618842609992253,296.0508118502697,r,6.554476607010218,206.82629548836115,0,50.0,25.0,200all,15,state,cross,behind,1.0,1.1666871037606523,2.4153383385520666,1.5660359793396104,47.96670677148392,708,114.67716186252771,11.458988621998262,True,0.1800613511031439,0.2673161179342916,1.0602081923803528,1.9328752764477795,319,0.26413618493147933
570,long,0.3,30,atr,1.538786544249569,239.75862468359853,r,0.8183878818232695,364.90528486995083,0,50.0,25.0,200all,30,state,state,behind,1.0,-0.41277565331200794,-0.5747153787503044,0.9043169449776425,-5.489178789332669,807,130.71252771618626,-0.8521294960058641,True,-1.3367379012842324,-1.6319694176472161,0.7467161953699774,-6.134337714275455,336,-0.9327388567583724
570,long,0.2,30,atr,3.754874534501896,225.60388118666734,r,6.551787209480732,327.2577227705293,0,50.0,3.0,state,75,state,cross,behind,1.0,0.5101945768783259,0.7793852750292863,1.2477098457861762,24.33919909186484,709,114.83913525498892,1.444883775161451,True,-0.3838897903626875,-0.6318827895009931,0.869002712167885,-5.129692247206359,309,-0.356476915335736
570,short,0.3,50,atr,2.4554163538729386,281.59743811284136,r,5.404073915706025,292.7690677690796,0,50.0,25.0,200all,15,state,cross,through,1.0,-0.09313923499454432,-0.19588031141002765,0.9602340564601455,-2.8230664634573497,579,93.78259423503326,-0.2199091138065006,False,-1.3050686524008868,-1.916496330552609,0.6168301926128552,-11.00314574713278,254,-0.9999999999999993
570,long,0.1,50,atr,5.921482037249589,175.87423439885512,r,5.249553723915964,343.00298150409,0,75.0,25.0,200all,300,state,cross,behind,1.0,0.8961923041685429,1.713789426178461,1.3613358049164663,38.76086997528128,705,114.19124168514412,6.510467881675431,True,0.0683325258521264,0.10613890577219974,1.0227455052767305,0.9347083528745053,302,0.08585843702382562
570,long,0.3,30,points,4.410119006226238,246.482666300838,r,1.7239542446483955,66.89306578091191,0,50.0,5.0,200all,15,state,cross,behind,1.0,1.044061945680609,2.073704402253943,1.4631520485949405,39.88173958627344,709,114.83913525498892,6.025485330446705,True,0.24175080067479401,0.4138553172715722,1.089360728109041,2.9085437841596984,315,0.40910739103222515
570,long,0.3,30,atr,3.919511752795378,256.5192235685177,r,4.435927246583454,104.5952396007102,0,50.0,5.0,200all,150,cross,cross,behind,1.0,0.5480114176492752,1.4355203538201378,1.6369174648388574,11.466528346716013,136,22.028381374722837,4.852833373394611,False,-0.0058412500810956875,-0.010596516939754597,0.9945261826134384,-0.028580499025848347,59,-0.009548805485343061
570,long,0.2,30,points,3.768448061309977,287.3427116683787,none,7.26453453015612,383.7136607474151,0,50.0,25.0,200all,75,state,state,confluence,0.25,1.26500858577503,3.0547671740022833,1.6842183777497255,43.774803282526875,704,114.02926829268293,15.331788443055256,True,0.16380236084467667,0.257553188896633,1.0565005192855226,1.6453190774268602,306,0.25050363101122247
570,long,0.1,30,atr,3.811840219377345,223.4073176845181,points,4.459768307695855,378.10853424328667,0,50.0,25.0,off,300,state,cross,behind,1.0,0.422496786207906,0.8655162858921103,1.4132470627163964,6.203266516390791,119,19.274833702882482,1.874771466381875,False,0.2948172907577571,0.5040467350167092,1.2605680188903583,1.241061295522365,54,0.7188314571849249
570,long,0.2,30,points,2.3702816140864855,246.23364433153927,none,5.14280143024118,163.69740442745808,0,50.0,0.0,200any,15,cross,cross,off,0.25,0.33060508906365105,0.8300121851918425,1.778706533396629,3.1609465249386357,30,4.85920177383592,2.575173257454157,False,-0.6137791722664461,-0.9319221900900273,0.44482798807021745,-2.720362366211338,17,-0.5940577485670641
570,long,0.2,30,points,3.473381090134668,296.5948755563062,none,6.0797905703645005,275.6860152636809,0,50.0,25.0,200all,75,state,state,confluence,0.25,1.2627350076899244,3.044418233374812,1.6825424519399421,43.711077052506276,704,114.02926829268293,14.85656380187397,True,0.14166035215501058,0.22122774437119086,1.0487326719216052,1.4296273050548054,306,0.21233701287475712
570,long,0.2,30,atr,3.0997682410814322,271.5380315120022,none,4.059559698679157,281.2779313956245,0,50.0,25.0,200all,150,state,state,confluence,0.25,1.2313841530859835,3.4123781845307133,1.6585994748419912,41.19976008420862,708,114.67716186252771,18.711702340816437,True,0.09904804295347461,0.17343797395191007,1.032634879815655,0.9208373177829969,308,0.13866562993617554
570,long,0.2,30,atr,2.452411863198339,274.8055301671467,none,2.314690783632878,215.3345972505815,0,50.0,25.0,200all,150,state,state,confluence,0.25,1.175859227425082,3.4698954844153547,1.6318391105670398,38.318566041480594,712,115.32505543237251,20.120623932598587,True,-0.11991846918053424,-0.21216030885263146,0.9632276779548181,-1.0152976076482805,309,-0.1345925283180482
570,both,0.2,21,atr,3.789917245119426,275.3664234845602,r,5.845232645474363,213.4811947875336,0,50.0,25.0,200all,300,state,cross,confluence,0.25,0.891547719448606,1.9324759776937546,1.3154301941549797,43.88364823498167,1174,190.15676274944568,4.9628835798549815,True,-0.7648418186896557,-1.088344186484049,0.8234837878790112,-10.235815412918562,511,-0.8800188089540714
570,long,0.2,30,points,2.5050883511826587,253.1984845081236,none,6.814146163985196,356.0440847153129,900,50.0,25.0,200all,75,state,state,behind,0.25,0.67807582667077,1.0704528197310366,1.2359515366971197,16.09953384556125,761,123.26175166297118,3.082724086445732,True,0.057794191291287315,0.08257770912619726,1.0178165241305446,0.4928299965861913,310,0.0843844269367532
570,long,0.3,7,points,2.948882607754312,271.62719829761426,none,5.939845111208857,233.8853668907003,0,50.0,25.0,200all,75,state,state,confluence,0.25,0.9854503084692493,2.1893465800423875,1.491194240595341,34.32998255927588,700,113.38137472283813,6.4524210999027565,True,0.203695072085825,0.3206102716354878,1.0688435086163302,2.0655032249197296,307,0.2754915479781563
570,both,0.2,30,points,4.3385316742834235,293.1565596963496,none,6.680105467656052,290.8639190810735,0,50.0,25.0,200all,75,state,state,confluence,0.25,0.6483071238929801,1.2286382775985107,1.2114019092834771,27.16502112794773,1194,193.39623059866963,3.1883240454203787,True,-0.42603903259189096,-0.6284413007523549,0.8950940248865435,-5.495165330370359,512,-0.5614683475542194
555,long,0.3,7,range,4.199193650460493,225.2754823125123,r,4.6290534996568145,112.13588751653879,0,50.0,5.0,200all,150,state,cross,behind,1.0,0.026545489298416148,0.057594665848870075,1.010634431101903,0.6727129963781504,700,113.38137472283813,0.07241329621662916,True,-0.3597971050545547,-0.6432702216953272,0.8817811275703907,-3.0852726706835507,293,-0.37315786155719943
570,long,0.1,30,atr,3.660780742156944,160.77421844225358,points,2.5137746152348033,359.40220621768617,720,50.0,25.0,200all,75,state,cross,through,1.0,0.6823514046072287,1.097674541602244,1.2076859612447783,17.020507177297702,845,136.86751662971176,3.4850635620101995,True,-0.09610423242304915,-0.14080644924829513,0.9742941767214636,-0.8424833758400748,343,-0.13975213450206822
570,long,0.0,50,atr,3.2911810341368617,105.05928721059072,points,7.881700600802473,233.47269285606814,0,0.0,25.0,200all,300,state,cross,confluence,0.25,0.9419408642364686,1.6737785605046938,1.2747326597114348,35.822542569229995,744,120.50820399113081,6.236150767221264,True,-0.08603423052850516,-0.13719346652983663,0.9804321472225701,-1.0772181634787836,319,-0.09125084636220215
570,both,0.2,30,atr,5.5304727316522,265.81310581297015,points,6.33714235639518,261.39354903527186,0,0.0,25.0,200all,300,state,cross,behind,1.0,0.3211773399385571,0.4660836606459002,1.0700658519822057,20.524633211409544,1183,191.61452328159646,1.245561960200606,True,-0.8221598882700856,-1.0944542337077325,0.8497095770667508,-17.58187513476442,515,-0.7138757955487711
555,long,0.1,30,range,2.398270475773219,176.14687900141078,points,4.46079976334309,399.5621639152836,0,50.0,25.0,200all,300,state,cross,behind,1.0,0.43205664886147777,0.9661230162084821,1.186178176004327,10.527384007168058,657,106.41651884700666,2.541973356479171,True,-0.33917126036979817,-0.602435697731616,0.8856605271406525,-2.6730476704678257,283,-0.39584470134450755
570,long,0.2,21,points,4.104290269952121,285.3392480088436,none,4.139595699233425,317.8139032387826,0,50.0,25.0,off,30,state,state,confluence,0.25,0.21866944379586162,0.4865334808665969,1.3163376923340089,1.8247792442181887,67,10.852217294900221,1.0259520505050965,False,-0.3678889998575066,-0.44892443899354345,0.675250489783155,-0.921308709492666,31,-0.5044482534077017
570,long,0.2,30,points,2.54060984478786,246.5369103305723,points,2.723069501059019,136.72350644857173,0,0.0,25.0,200any,300,state,cross,behind,0.25,0.8869476502562393,1.2631674154977468,1.224956241658347,31.387556040673292,802,129.90266075388027,5.059235296354762,True,-0.10346504678449993,-0.13477296880650746,0.9783317908015882,-1.3153271049243038,340,-0.12454381640228664
570,long,0.2,30,points,2.6475259689167046,288.632468477863,none,7.87684346110087,277.713487082441,0,100.0,25.0,200all,150,state,state,confluence,0.25,0.8934806822585478,1.9386464111945754,1.398114048775938,35.914766666086265,673,109.0080931263858,9.309639510428948,True,0.4028456257677018,0.7265323122351974,1.1458025136021133,5.344509444931584,291,0.6447506383401649
570,long,0.3,21,atr,4.923038853227071,213.24774288020544,none,3.8717246108302144,173.40582627372993,0,50.0,3.0,200all,150,state,cross,behind,1.0,1.1043270958288938,2.6034934015891813,1.5742725618707882,46.74425936077424,683,110.62782705099778,6.928333856264483,True,0.15818409467180666,0.2833636617562617,1.0634314363465778,2.1040727882313206,300,0.2183780798265846
570,long,0.2,30,atr,1.2681355087613775,189.37380128672578,r,7.342433842204205,383.3234315329821,0,50.0,25.0,200all,300,state,cross,behind,1.0,0.6533803231766406,1.7547453628828014,1.2532501900601418,16.264157798710144,795,128.7688470066519,4.644923494390753,True,0.1322756144224284,0.2880709739414458,1.0408134470529333,0.962530133244951,334,0.2266401888838955
570,long,0.2,30,range,3.7476516290229966,297.6065052980633,none,6.35392299057027,309.1188598223553,0,25.0,25.0,200all,75,state,state,confluence,0.25,0.4781904952386548,1.2296283816831257,1.2480852794316264,11.244832337721109,685,110.95177383592018,3.331641110174067,True,-0.2612749124724091,-0.4164368720179725,0.9126651543328929,-1.624300773586851,289,-0.3101126894582579
570,long,0.1,30,points,2.8008555323005684,289.65486273287945,none,7.236576412500798,351.9986348080116,0,50.0,25.0,cross,75,state,state,confluence,0.25,0.3236091659059927,0.623614505202992,1.2702154921926143,5.573027161833695,189,30.612971175166297,1.127155209754671,False,-0.25072914107019245,-0.38106942296941876,0.8644398872481892,-1.790069340963125,97,-0.35268750165230467
570,long,0.5,30,atr,3.7407133296408044,253.21725482123296,r,6.867706076583897,273.0220949177954,840,100.0,25.0,200all,15,state,cross,behind,1.0,0.23332353512549475,0.3699987765256406,1.0704251707404462,7.048392783360894,775,125.52937915742794,0.7749998729086772,True,-0.03744318168307781,-0.05628681011025382,0.9905187197709003,-0.3954893487498299,324,-0.06128987360973743
570,long,0.2,30,points,2.43422878758106,299.1763952779198,points,7.709767247527114,369.66555687580757,0,50.0,25.0,200any,75,state,state,confluence,0.25,1.201971720632184,2.358385567976715,1.4958864918023205,38.1052357729832,817,132.33226164079824,13.159501011009747,True,-0.1455511247193115,-0.21857389798044302,0.9564231825893679,-1.596283132161095,352,-0.1843765439395789
570,long,0.2,30,points,1.1014892363387965,283.4052496477625,points,7.628578438064863,359.0815069367185,0,50.0,25.0,200any,75,state,state,confluence,0.25,1.2805377087675616,2.5392008721805785,1.530929702253007,40.5961068833809,818,132.49423503325943,14.595606945411324,True,-0.09260243557750579,-0.13961677660446023,0.9723792673515581,-1.0036461662001877,353,-0.12122189774920543
570,long,0.2,21,atr,3.9041158256801562,271.907724247468,r,7.319695162514201,204.60778626314234,0,50.0,25.0,off,30,state,cross,behind,1.0,0.49399869656528583,1.2181004764849277,1.577912689683166,8.914601943689597,127,20.570620842572062,4.034049712140264,False,-0.17194538753935704,-0.21457283845238012,0.88404495479949,-0.5709492535712946,56,-0.27451176278413564
570,long,0.3,30,atr,4.59164628075822,269.52208408117076,r,7.2413187378880295,82.91767758786642,0,150.0,25.0,off,150,state,cross,behind,1.0,0.6852427894273116,1.7779665957151858,1.7408864299064633,16.108900885323106,118,19.112860310421286,7.117341835606326,False,0.40669841067102847,0.8586202253250599,1.3535551442720033,2.6075209428136845,53,1.0615969016024387
570,long,0.1,30,points,4.46653415523922,138.33728010533957,none,6.86004299151061,397.4750233993513,0,0.0,3.0,200all,75,state,cross,confluence,0.25,0.7880667282586806,1.841307198928913,1.300620078096398,36.44625046654295,633,102.52915742793792,4.044223183594241,True,0.18326860000953807,0.35502741747706396,1.0521489147054042,2.5090601028757638,277,0.1966890399486056
570,long,0.3,30,atr,5.155198056066126,294.7998268536551,points,5.698293518827453,337.92513113448626,0,50.0,25.0,200all,75,state,off,off,0.5,1.238983241053801,2.404271655946568,1.594032199060948,43.068209194844314,576,93.29667405764967,5.049652385589624,False,0.18597660900878488,0.2788570015679837,1.067492425967727,2.0300656033450086,264,0.25378451740810554
555,short,0.5,50,atr,2.778432249083915,203.04972325107897,points,4.550149093018439,358.1311903211228,0,50.0,25.0,200all,300,state,cross,behind,1.0,-0.4797719506821255,-0.6779581438739627,0.8242730446068529,-13.716442950445858,564,91.35299334811529,-0.7771509379517932,False,-1.0426879118895271,-1.4614388513486698,0.691913459291875,-8.174477404621394,244,-0.7218152640165323
570,long,0.2,30,points,0.7716178673983949,261.04062671042084,points,5.663059447134577,339.07726001821624,900,50.0,10.0,200any,15,state,state,confluence,0.25,0.6186901953280094,1.0111585925104043,1.2066928992847363,16.275507683688783,870,140.91685144124168,3.766319006899763,True,-0.21290150384052384,-0.30836853775160117,0.9399137603081898,-2.0942383431095983,362,-0.31431483029566976
570,long,0.2,30,points,4.33378385549528,249.8917824982321,none,6.77526807539048,354.37806551222553,0,50.0,25.0,200all,75,state,cross,confluence,0.5,0.8760131962649935,1.334541203249761,1.4576412489404504,42.148231017910305,716,115.97294900221729,2.78126720888748,True,0.31493468329184776,0.4836377094155726,1.1059391965823937,3.3118775769137234,318,0.46511349804226987
555,long,0.0,14,atr,3.7252512543643763,282.5603638704026,points,4.273372591820486,326.19521913920846,0,50.0,25.0,200all,300,state,cross,behind,1.0,1.1730293758566588,2.1909132319180644,1.4345481420199213,40.1129025703678,793,128.44490022172948,8.382897453300053,True,0.28095985336892704,0.4405891589670882,1.0851539118258893,3.241213153579972,348,0.6945781635679983
570,long,0.2,50,atr,1.7770887591444748,29.150291134311708,points,4.817606306246665,247.35981967064214,0,50.0,5.0,200all,300,state,cross,confluence,0.25,0.8743085384884379,2.142852737744953,1.3428842961514416,22.462147091590783,742,120.18425720620843,7.009071490233911,True,-0.005575974386703422,-0.011347828207471029,0.998301661457607,-0.043791459015505296,318,-0.008878375750014928
570,long,0.2,30,points,3.305118955377479,282.4416968904321,r,3.3114181213116978,379.5805573143708,0,50.0,25.0,200all,75,state,state,confluence,0.25,1.324055723975772,3.4093675035252455,1.7615938055621583,48.625509983260564,706,114.35321507760531,17.310245211316953,True,0.17766567315183102,0.2805912638074329,1.0613805518044692,1.7792094297707308,306,0.27425174037392497
570,long,0.2,30,points,5.053425363619864,235.97505998377017,points,6.670161550070294,391.7336404417494,840,50.0,25.0,200all,75,state,cross,confluence,0.25,0.6434826510158115,0.9783206081388277,1.211558955241508,16.576178688654416,782,126.66319290465631,3.3682379146883648,True,0.032762432680243765,0.04635624228526343,1.0094942704969065,0.3095064339136655,323,0.046446619772021025
570,long,0.2,30,points,3.5925901863755745,286.12975646438616,r,1.0051399056376193,319.05369098281807,960,50.0,25.0,200all,75,state,state,confluence,0.25,1.1942136929410025,2.0473275947752745,1.4478372161084712,30.878549502827195,782,126.66319290465631,8.216114478422273,True,0.3666441513138858,0.5436046069248491,1.1180852994592925,3.4019650376999686,323,0.8206097246839954
570,long,0.2,30,atr,1.5301820380623865,278.5693809821405,r,7.564874080968753,305.4145506838222,0,25.0,10.0,200all,75,state,cross,behind,1.0,0.6781875537006702,2.043496984021514,1.3343714616354048,18.418472610494888,786,127.31108647450111,3.9928570503713425,True,-0.0397959133973649,-0.08832177488809094,0.985739109160886,-0.3036897633383182,332,-0.04922358564594895
570,long,0.2,30,atr,4.014041043858499,250.8805998141168,r,6.639145111174202,223.79020611010185,0,75.0,25.0,200all,75,cross,cross,behind,1.0,0.3519042610069448,0.8308041371983618,1.349882258162895,7.130874240570711,124,20.08470066518847,2.697732623759444,False,-0.2847959885310282,-0.3654279449983157,0.8230416431493144,-0.9732671060963779,55,-0.43669908307715644
570,long,0.2,30,points,3.2519170208662853,259.3931554324755,r,3.878896628354209,373.2105466929134,0,50.0,0.0,200all,75,state,state,confluence,0.25,1.106047367078371,2.93474619356752,1.6466243433689327,43.27387281128743,686,111.11374722838137,13.51968235149118,True,0.5692204041502542,1.132227195081689,1.2439166939955786,6.901654224226676,295,0.9475090534572004
570,long,0.0,30,atr,4.32789604158145,261.43614288755236,points,2.537745758366759,272.06426762622726,0,50.0,25.0,state,30,state,state,behind,1.0,0.9124080089753368,1.5396724451978703,1.3166085332437163,29.432028504015705,784,126.98713968957871,4.843991963178745,True,-0.3073389939480994,-0.4519341500452967,0.9187618713119121,-3.190233684622237,351,-0.4427068698031094
570,long,0.2,21,points,5.088360519534926,283.8475323864902,none,6.598326847855167,347.7425564028706,0,50.0,3.0,200all,75,state,state,confluence,0.25,1.149041414550506,2.9267410841677544,1.6590391156518027,41.44834385232433,687,111.27572062084258,10.485203581828094,True,0.3470169566658991,0.6474471474832911,1.141944170322412,4.137221875909486,298,0.4991912668925355
555,long,0.1,30,atr,1.8901287186271272,251.2250202443359,points,3.3519811824270755,309.3197541701751,0,50.0,25.0,200all,300,state,state,through,1.0,0.7880261144786106,1.738651723320362,1.2809834004922327,20.4098134268785,841,136.21962305986696,4.424817685858764,True,0.04391763216010403,0.08599826867295894,1.0125593367560737,0.36829751899443175,351,0.0922808275226309
570,both,0.1,30,points,1.7930471216073576,283.593521533605,r,2.4188000467858304,277.3931380483044,0,50.0,25.0,200all,75,state,state,confluence,0.25,0.7521316109799073,1.5210405096144977,1.2564790348468313,34.760280482708126,1216,196.95964523281597,3.0735817663001623,True,-0.3031747184895728,-0.4741026189868757,0.9222416755538142,-4.106766434465326,523,-0.6135627960746974
570,long,0.0,30,points,3.209950970501893,250.95315943572845,points,5.4094046449628985,195.63973379670978,0,50.0,25.0,state,30,state,cross,behind,0.25,0.7822200591612802,1.17606491630711,1.2506923441302698,23.420787439351933,750,121.48004434589801,3.517390693246397,True,-0.41820257673959693,-0.5606420934642167,0.8935579697743243,-4.036291087219894,329,-0.5601327554017304
570,long,0.2,14,points,4.127353828702176,243.24024217616972,none,7.357809156597899,346.36848382392066,960,50.0,25.0,200all,75,state,state,confluence,0.25,0.9883231097527103,1.706338027774763,1.3703265285152784,26.539258019111163,789,127.7970066518847,6.662280795161607,True,0.15608325325648978,0.23232478039418836,1.0485267083213619,1.4263864507003774,326,0.23458748611773497
570,long,0.5,21,atr,5.7002676890302935,190.3402027378396,r,6.2091007059203704,122.67820973246992,0,50.0,25.0,200all,300,state,cross,behind,1.0,0.7137437528916754,1.320955658285611,1.3094972322170513,28.192656422141734,692,112.08558758314855,3.2018041355974023,True,-0.12422383375882246,-0.17934850044759074,0.960059302340816,-1.3456346570265163,303,-0.13781433212970207
555,long,0.5,30,points,3.5321933349208106,283.0808979841465,r,3.3102889437924325,328.4072998753849,0,50.0,25.0,200all,75,state,state,confluence,0.25,1.1225167898097832,2.758460354134845,1.6210296538304685,40.82866956315854,689,111.59966740576496,8.815159959888334,True,0.29406216052126777,0.5151842688496736,1.1102006941466276,3.3116721274075376,299,0.4565730733202358
570,short,0.3,30,atr,3.9639439815985535,236.39401096786665,r,2.8359720429172657,126.8196079332159,0,50.0,25.0,state,150,state,cross,behind,1.0,-0.6543364517196891,-1.0316316342155256,0.78370129714313,-18.998749854870816,640,103.66297117516629,-0.616619483581289,True,-0.6128494172599118,-0.89862426334337,0.7999212076395716,-6.6172202709046815,266,-0.8909517380840926
570,long,0.0,30,atr,5.20882088641842,218.13549479386305,points,2.611207466975327,84.57770816766347,0,50.0,5.0,200all,150,state,cross,through,1.0,0.3638932260632847,0.4609351542723377,1.0949961578709728,9.551544405707165,844,136.70554323725057,1.1439996859257877,True,-0.36575289406343175,-0.43641616327893634,0.9137815326011736,-3.193811763600419,350,-0.5105504118045342
570,long,0.1,14,atr,3.6210507142055355,290.9740995636163,points,0.9251286239820901,327.7028546476648,0,50.0,25.0,off,30,state,state,behind,1.0,-0.020077502217411648,-0.029459440468991717,0.9839584586082136,-0.2079554564642203,137,22.190354767184036,-0.05726469147724702,False,0.5641032488468529,1.0501332566528438,1.559788071158844,2.3362981338365394,66,1.550348661717227
570,long,0.2,21,atr,4.216803077674505,287.51327442602826,none,7.079392774902999,291.8441269655251,0,50.0,25.0,200all,300,state,cross,through,1.0,0.7993287727283864,1.195887326530631,1.403778180171579,36.7400839879268,742,120.18425720620843,3.0814136508585386,True,-0.011660820499552855,-0.01772892568306001,0.9963185996106577,-0.12258417907703922,320,-0.014585695189201331
555,long,0.2,30,atr,3.5613183187672552,258.8655361240593,none,6.098860664994448,204.44325295422033,0,50.0,25.0,200all,75,state,state,behind,0.25,1.0137120154874564,2.543656420765016,1.5059929299880237,33.98329520225779,708,114.67716186252771,8.70302569884597,True,0.40970299780464825,0.7980483749103006,1.155814241501207,4.361232420497709,300,1.0505641308162237
570,long,0.2,30,points,5.3186014640972195,106.26257072899415,points,7.9163924446309295,323.9320496726303,900,0.0,25.0,200any,30,state,cross,through,1.0,0.17628617621115028,0.30553891010109346,1.0425110643106537,5.692489105671264,907,146.90986696230598,0.7338408564666589,True,-0.39454939883524437,-0.6726715617601039,0.9187352640357979,-4.710731799349563,373,-0.42807676115626403
570,long,0.2,30,points,3.7549213712324234,244.02829957096895,r,4.997985161468614,368.2399284347841,0,50.0,25.0,cross,75,cross,state,confluence,0.25,0.38037194171788763,0.7487026140599742,1.3305599645197623,6.472454672951721,185,29.965077605321508,1.643274049816391,False,-0.0993012479429065,-0.1592690084994934,0.9438270820467037,-0.6831457529396604,95,-0.15670802599151556
570,long,0.2,7,range,4.056624971431397,269.1114431667303,r,7.077300023527914,202.06044940006595,0,25.0,5.0,200all,75,state,cross,behind,1.0,0.3411018185689646,0.8282521042271549,1.1603662887440416,8.504973511963255,726,117.59268292682927,1.3421285170226815,True,-0.35771607183832355,-0.6400351148183051,0.8632092872517703,-2.589336238536194,306,-0.39593137476103213
570,short,0.1,30,atr,5.411810178386184,258.3454184983947,points,2.323337386598847,269.71171228613855,0,50.0,25.0,200all,30,state,state,behind,0.5,-0.3662145281203967,-0.5142870822059051,0.8737461764748835,-9.10909420264546,551,89.24733924611974,-0.62923452903468,False,-0.906036319223849,-1.1295199311222277,0.7176290203372149,-7.851143883354075,239,-0.8742064791886692
570,short,0.2,30,atr,4.126837399338888,283.14685378430073,r,7.823166559835457,391.24164467532665,0,150.0,25.0,200all,75,state,cross,behind,1.0,-0.0732289161117434,-0.1449925494429099,0.9703362232930338,-3.5883770630067886,529,85.6839246119734,-0.1960374043313715,False,-1.228387143910132,-1.7844934003373547,0.6442806782861729,-18.75350170357357,236,-0.8546036738106736
570,short,0.2,21,atr,5.942881302747927,287.37167266542133,r,5.93762002969514,210.26985103211663,0,50.0,3.0,200all,300,state,cross,behind,1.0,-0.4063292402370317,-0.704816054809106,0.825760939621692,-13.860223737664223,553,89.57128603104212,-0.542787551528272,False,-0.8459906322072057,-1.2376291371270938,0.6789303265054657,-9.464492376560013,246,-0.9316411866447774
570,long,0.1,30,points,4.09094346966573,235.46870669610843,points,1.8941918232791464,390.77936265945795,0,50.0,25.0,state,75,state,cross,behind,1.0,0.8942440439607033,1.624045673306269,1.3372690180031832,33.1290109737373,757,122.61385809312638,3.597470445561186,True,-0.379465423860756,-0.5766988035742234,0.891205388842301,-4.258828968787252,333,-0.41342206058935155
570,both,0.1,21,atr,4.241296887984618,266.37743421501517,r,6.204431799947572,366.0491934065812,0,50.0,25.0,200all,300,state,cross,behind,1.0,0.6117473085279886,1.1856998921008695,1.1884776617276847,28.977145687565038,1215,196.79767184035475,3.0834636299421576,True,-0.8039586224090438,-1.1391163772580144,0.8175645405668023,-11.286432729290107,539,-0.9338817224176261
570,long,0.1,30,atr,3.2400404046725892,193.8897505152206,none,5.754562588754611,269.80503141289927,0,50.0,25.0,200all,30,state,state,confluence,0.25,1.1744574035302446,3.119898350556296,1.6066071348391637,39.41201949559794,719,116.45886917960088,13.060693576857783,True,-0.18827917684251422,-0.3152608379361681,0.9413108204066283,-1.7206519839882866,315,-0.2753755327100324
555,long,0.1,7,atr,3.6925110349592662,233.20639993430495,points,6.709522002954515,335.6184798030268,0,0.0,25.0,200all,300,state,cross,behind,1.0,0.7873056848468034,1.3478477730552894,1.243098605789424,38.10512571704451,736,119.21241685144123,2.392873031575118,True,0.11974787428128959,0.18912521446308656,1.0302087471848516,1.9140746609820143,319,0.13041278233783585
570,short,0.2,30,atr,2.2418543089599408,211.04136988504322,none,5.567405160492895,330.6374602558114,0,50.0,25.0,200all,150,state,cross,confluence,0.25,-0.5947729629554115,-1.0269745273140956,0.7815133980894718,-15.215248494267364,542,87.78957871396895,-0.6208071279461399,False,-1.7555156493789776,-2.322513530052787,0.5074963666821286,-13.052759915776766,229,-0.9662225640772534
570,long,0.5,30,points,3.53448637984426,286.21655135547076,none,5.946544475365167,336.25091765531465,960,50.0,25.0,200all,150,state,state,confluence,0.25,0.8128845757361187,1.359229689360003,1.3044992263948174,21.125922886554942,740,119.86031042128603,5.700404948726473,True,0.24715725610843842,0.3644200961361487,1.0798593348760126,2.2331611522457755,310,0.36391032084931124
570,long,0.2,30,atr,3.827609841105851,218.21161095629554,points,1.620765388910237,269.25715880271144,0,150.0,25.0,200all,30,state,cross,behind,1.0,1.0191585642032055,1.8099390234756674,1.3202262480064388,40.90645267936072,729,118.07860310421286,7.248459035507248,True,0.17302208488296147,0.27357191747205367,1.0425424257028424,2.341423723506008,327,0.22282639013678138
570,long,0.3,30,range,4.865450366015098,295.4921939322094,r,1.963766978292475,53.88359313093872,960,50.0,5.0,200all,150,state,cross,behind,1.0,-0.025515738306230377,-0.04720807174478132,0.9913667574701356,-0.5716260349336251,740,119.86031042128603,-0.08503480865749849,True,0.2073998784692831,0.34294105567488165,1.0652243736952711,1.6108765445113116,305,0.32918349992116674
570,long,0.5,30,atr,5.04182650987669,287.1671679485054,r,1.393367746974073,124.64716835447467,0,50.0,3.0,200all,150,state,cross,behind,1.0,0.7495012993227541,1.3042806126810014,1.2888503601356431,25.153993406476502,742,120.18425720620843,2.807457466599323,True,0.42896152682171124,0.6961324419173087,1.1460577925374462,4.959467464004318,316,0.5986172967504856
570,long,0.2,30,points,5.121005035747119,299.79239304286597,points,4.581670098588837,261.5143312082882,0,75.0,25.0,200any,15,state,cross,through,0.25,0.9919442060184863,1.5876178271452674,1.3314831411457713,37.658618723078916,769,124.55753880266076,7.0424427387775745,True,-0.4943929261919986,-0.6651377153482942,0.8754739965556325,-6.203356469797758,341,-0.6593988688606737
555,long,0.2,30,points,5.53875080109362,250.10270056078622,points,7.643932346837696,305.1331914744798,0,50.0,25.0,200any,30,state,cross,behind,0.25,1.1092178260499168,1.904761782608939,1.4018278068177088,38.505190392936974,806,130.55055432372507,6.190009620881161,True,0.39766937629901605,0.5991632454176322,1.1228820507165722,4.456568833944745,345,1.354093203683547
570,long,0.2,10,points,3.7724080417417767,285.0380403353022,points,7.077573671827739,214.78602435732705,0,50.0,0.0,200any,150,state,cross,behind,0.25,1.0969525205200894,1.8276154484543268,1.393341659188387,37.37453624460107,788,127.63503325942351,4.773286060172362,True,-0.13920488064196115,-0.19669966179962353,0.9606608933835953,-1.5876053998478072,345,-0.17816635935110195
570,long,0.3,21,atr,4.104150823675178,291.4527198333438,r,1.655676103258076,52.20745940658696,0,150.0,5.0,200all,150,state,cross,confluence,1.0,0.5925182112084707,0.8810525189008489,1.1984438521737935,31.21887978162379,854,138.32527716186252,3.016077245590398,True,-0.18725215206694346,-0.2937622098240305,0.955873551613602,-2.8110576413453074,352,-0.19342769157093975
570,long,0.3,30,range,4.9749593539425145,257.78260624980686,points,7.160719700852195,232.57285507638858,0,50.0,25.0,200all,75,state,cross,off,1.0,0.6029662623424533,1.1528798645055731,1.2253764777820657,13.105002448333227,638,103.3390243902439,3.0462556423858156,True,-0.31993162442444756,-0.4832141205094808,0.9032560173218119,-2.2806236032030265,267,-0.35920737996814156
570,long,0.2,50,atr,2.856178758587031,58.48385028279864,points,5.908505961548208,269.78253093341675,0,0.0,25.0,200all,30,state,off,confluence,0.25,0.8538330551654806,1.6535137586522888,1.268318915459176,36.80669608657014,588,95.24035476718403,4.352871820770944,False,0.32071521645371004,0.5850533915391458,1.0819899015826246,4.259418020652325,266,0.5932646589122207
570,long,0.3,50,atr,3.8810024866737973,243.4696076247442,r,3.3732468176249935,75.9373300521383,0,50.0,0.0,200all,150,state,cross,behind,1.0,1.1181008309935854,2.7184402054955297,1.5233928229417888,43.4654040335641,729,118.07860310421286,7.878923996334983,True,0.2967089560223756,0.567176340497929,1.106234849024327,3.4634900490875395,309,0.37067248812470205
570,long,0.1,30,atr,4.946371955484615,229.87665949277422,points,5.094918282726478,327.35519711163124,0,50.0,25.0,state,75,state,cross,behind,0.5,0.8514338487481675,1.4526018577760267,1.3088005823369424,29.52471457807531,748,121.15609756097561,3.4455296362721297,True,-0.3462825114035668,-0.5130495347579206,0.9016402487032688,-3.8370180286344375,321,-0.34719517167996117
570,long,0.2,50,atr,2.772193367149308,111.99894410736543,points,6.249667212948814,294.46494048234547,0,50.0,25.0,200all,75,state,cross,through,0.25,1.3325277789521555,2.9765705622058465,1.5441533748118728,37.39540978172758,703,113.86729490022172,11.22475451829962,True,-0.29869420824436926,-0.5014833476472214,0.9157974434808743,-2.5086615857109544,304,-0.3145448992265151
555,long,0.1,30,atr,3.3788370518124236,262.211911835662,points,5.796845090423932,300.12109645905053,0,50.0,0.0,200all,300,cross,cross,off,1.0,0.6067569904479645,1.4870303703852268,2.096803370534628,6.558802274777596,48,7.774722838137472,4.735960125516248,False,-0.06790883389535451,-0.11406276519282724,0.9143336449405842,-0.14654953567621087,13,-0.14040871464063853
555,long,0.2,30,atr,2.637281946142174,277.0061575503525,none,2.5778095865863797,337.9098683304258,0,50.0,25.0,200all,15,state,off,confluence,0.25,0.36101871295150145,58.06453110977567,74.86114174254841,101.0516346229414,15,2.42960088691796,102.22871313969895,False,-9.0,-9.0,0.0,0.0,0,-9.0
570,long,0.2,7,points,3.0043228762825605,225.97151587884878,none,7.260216775824262,398.1561244955419,0,50.0,25.0,200all,75,state,state,off,0.25,1.1299673345438557,2.6653812283400744,1.6109172230610933,38.33190077554944,650,105.28270509977827,9.438786158156642,True,0.15263659759578813,0.24928080395695956,1.0548715994362672,1.4486092680042235,276,0.22103287407031644
570,long,0.2,50,atr,4.081860220855014,159.1617216594653,points,7.092207057828914,197.45440689124564,0,50.0,25.0,200all,75,state,off,through,0.25,1.2897091290135825,2.2147098750432077,1.4619454797177298,36.2313565528059,682,110.46585365853659,6.906759582488211,True,-0.22079335757260293,-0.3080843156618859,0.9414971927545294,-1.9739068309757337,303,-0.2660107783721682
570,long,0.2,50,atr,3.383988813344393,158.34180064597018,points,4.974225772324416,171.68705373228374,0,50.0,25.0,200all,75,state,cross,through,0.25,1.4070688269684613,2.4618491537532767,1.4780734330220577,34.66734916240604,723,117.10676274944568,9.049678637729494,True,-0.15647615259160383,-0.2230303055850239,0.9597992456868981,-1.238480417678296,306,-0.16211209216183436
570,long,0.2,50,atr,3.8858981171778733,246.9050766988218,points,7.768498500677635,201.5351169608327,0,50.0,25.0,200all,75,state,off,through,0.25,1.2384798381685418,2.1596217731293175,1.4404447450304654,34.83821735695331,684,110.78980044345897,5.237377659049474,True,-0.15400144757553347,-0.21979775285515327,0.9588054641663071,-1.3598711023579666,302,-0.18499467273775555
570,long,0.2,50,atr,3.170838811681316,77.09017832968777,points,7.347683649721501,326.5808792932018,0,25.0,25.0,200all,75,state,cross,through,0.25,0.5249061575522672,0.9854104381889458,1.199437258527379,11.816838420176188,740,119.86031042128603,2.873535675576755,True,-0.20232321125435898,-0.32938166506226946,0.9343578443971375,-1.445665333699054,307,-0.19585246311064838
570,long,0.2,50,atr,3.364937463401988,130.91868374332788,points,6.521887436952023,232.83478244339182,0,50.0,25.0,200all,75,state,off,through,0.25,1.3191253583685472,2.5603490529024926,1.50467378432295,37.636678735277215,677,109.6559866962306,8.727809344017714,True,-0.07509206867655159,-0.11559520175548128,0.97925619419267,-0.6607596024108839,301,-0.0883503653776342
570,long,0.2,50,atr,3.2567627215149297,285.2163788941114,points,7.880773465889656,131.58132483386942,0,50.0,25.0,200all,75,cross,off,through,0.25,-0.13229064068217974,-0.17698016560674354,0.8449400751268208,-0.5847910008046242,30,4.85920177383592,-0.31128554696852445,False,-0.39994998881329485,-0.49567260154778187,0.6337381377555301,-0.6930772541834762,14,-0.6938773282181615
570,long,0.2,50,atr,4.248537339026874,151.87631319135767,points,5.494112052702176,143.56538040993152,0,50.0,25.0,200all,75,state,state,through,0.25,1.3057190376242518,2.1279099653911953,1.4389545668808923,28.630323277075618,736,119.21241685144123,7.667025921559733,True,-0.3623135826914779,-0.47301423207775584,0.9071545198812615,-2.7778054348433097,308,-0.3595113313038177
570,long,0.2,14,atr,3.596240861084868,164.90199069311888,points,4.208896397501302,123.2079733162792,0,100.0,25.0,200all,75,state,cross,through,0.25,0.6416286689939517,0.8935417875746621,1.170391388346047,19.2789352547337,726,117.59268292682927,2.5511484352709064,True,-0.07493979203333462,-0.09734803506210565,0.9830881205646541,-0.7745101052799379,305,-0.09010107086112674
570,long,0.2,50,atr,5.077638374171841,153.8800198405229,points,6.3456807203299626,220.63744104896264,0,0.0,25.0,cross,75,state,off,through,0.25,-0.026025310343514855,-0.036089846371305516,0.9871380048547325,-0.6689427883652304,147,23.810088691796008,-0.07231252586353758,False,0.004017917012632424,0.005528278760187493,1.0016265009323677,0.03776600342234404,82,0.005307232721204892
570,long,0.2,50,atr,4.582921574478518,90.15765667701999,points,6.32743527318276,189.873595246764,0,50.0,10.0,200all,75,state,state,through,0.25,1.3844518236848005,2.5880572175027994,1.5483541491814945,34.872218650588955,720,116.62084257206209,10.432249107216064,True,-0.14362397175238123,-0.20556747864703506,0.9590486414360255,-1.2517699993891354,307,-0.17405628478853075
570,long,0.2,50,atr,5.212855220723277,87.37860304047615,points,5.324042036003119,217.175579086173,0,50.0,10.0,200all,150,state,state,through,0.25,1.3851808243697254,2.651689604028896,1.5798747216179923,37.47544806791224,714,115.64900221729489,10.56408489632772,True,-0.11610383311571318,-0.16710021654268853,0.9652447905601722,-1.069345032163178,307,-0.14164511360927762
570,long,0.2,50,atr,5.398929369058344,48.42793327600625,points,3.9271735142030666,115.61104466656629,0,50.0,10.0,200all,150,state,state,through,0.25,1.0002569596964819,1.4954138679346576,1.3240095205279172,21.694290825982623,732,118.56452328159645,5.013217440299748,True,-0.4833655915601838,-0.5998844773138886,0.8748648480473992,-3.9063812740081483,308,-0.430650984784927
570,short,0.2,50,atr,4.64210944859652,141.36130317025734,points,5.093693371751126,119.21163101620259,960,50.0,25.0,200all,75,state,state,through,0.25,-0.49540611284092356,-0.6131706566325698,0.8472666878284749,-10.315642544536702,522,84.55011086474501,-0.6209836939894658,False,-1.133586138761357,-1.2977954397262295,0.6799825756950821,-8.53274863307188,227,-0.9270160439838181
570,long,0.2,7,atr,3.1567079258830666,132.4144056674465,points,5.305886210081938,288.96814804461997,0,50.0,25.0,200all,75,cross,cross,through,0.25,-0.19663237120447363,-0.2731658790651995,0.799710615647705,-1.3899970778404218,48,7.774722838137472,-0.4142198248297291,False,0.0776642129781611,0.11881733055666226,1.0972823888059284,0.22550423554115626,22,0.14434897005894468
570,long,0.2,50,atr,3.3199664630175336,160.94601913625758,points,3.659661846401022,152.0458046918813,0,50.0,25.0,200all,75,state,cross,through,0.25,1.4577893593023856,2.5013551079487875,1.482905672676493,34.97870273831266,728,117.91662971175167,9.684105855024598,True,-0.1605328409663113,-0.2241067362622501,0.9598712557825346,-1.2303519105163163,306,-0.16418096695910403
570,long,0.2,50,atr,2.6027354889366334,188.11136901118786,none,3.5045489816672206,170.97559378172448,0,50.0,25.0,200all,75,state,cross,through,0.25,1.1913280207426382,3.4455389009939887,1.6280934014652277,40.92751540855046,670,108.52217294900221,15.91994756660888,True,-0.307262670734977,-0.5377980046037711,0.9087128907860071,-2.5458820681761076,294,-0.297525460551645
570,long,0.2,50,points,3.1758515235661444,121.527774129791,points,5.180786516565995,113.23106112356064,0,50.0,25.0,200all,75,state,state,through,0.25,0.6181085499490109,0.9163545610646888,1.1746470875156874,12.297161774180514,741,120.02228381374722,2.4074600617194566,True,-0.6590800272916366,-0.8647475448694927,0.8499113895864007,-4.3518914043241494,308,-0.5963402447750256
570,long,0.2,10,atr,4.041571524435759,106.80266731530367,points,6.040317486528727,264.337730868596,0,50.0,25.0,200all,75,state,cross,confluence,0.25,1.203628860917277,2.110422990021969,1.4494691983223091,37.33715642774345,739,119.69833702882484,5.500494374895323,True,0.1465657708020779,0.20832150989110157,1.0444431213641117,1.5343078868809776,323,0.18274699804834382
570,long,0.1,30,atr,4.9710218881119905,270.475725834217,points,3.710905174075714,297.4831093760722,0,50.0,25.0,200all,150,state,cross,through,1.0,1.1067743068524345,1.9452339279062396,1.406208301172556,37.49512851891807,784,126.98713968957871,5.187616937297778,True,0.263202741348519,0.3965033741798297,1.08063064855939,2.75343993567383,337,0.4809516271303587
570,long,0.2,50,atr,5.4867796738690995,135.90424812874923,points,6.031224503595622,192.2046841925557,0,50.0,25.0,200all,30,state,cross,through,0.25,1.2469537027296698,2.0047534308102737,1.4418665727192024,34.49419356711995,715,115.8109756097561,7.986464101331195,True,-0.07278141762134933,-0.09732886434849974,0.9795357458582915,-0.6727376080421088,305,-0.10234714916805146
570,both,0.2,50,atr,2.641067875653274,170.31890334590332,points,5.27939636522869,214.84486819955436,0,50.0,25.0,200all,75,state,cross,off,0.25,0.9476888549481469,1.6485008797984555,1.2397439158611752,31.799728437528888,1201,194.530044345898,6.200904416291257,True,-0.9691122726557551,-1.379910771391756,0.8111401031044786,-9.970526110594177,513,-0.7755384068209331
570,long,0.2,50,atr,4.374773110631283,151.03290755586534,points,3.5684085750859165,291.16382684628024,0,50.0,3.0,off,75,state,state,through,0.25,0.21195903014966613,0.5074199282115538,1.5233055551330654,0.7905157325304707,24,3.887361419068736,0.7589352579510334,False,-0.8180460578168518,-0.8674859694729709,0.25266080770823984,-1.3898971259146609,12,-0.8350513107511237
570,short,0.2,30,points,2.678603948606922,188.1899620826638,none,7.933656324148275,384.7468154505689,960,50.0,25.0,200all,75,state,cross,through,0.25,-0.602079128794994,-0.9280553142905739,0.7853821797651412,-16.27456168086184,525,85.0360310421286,-0.6551645657982906,False,-0.912009712515351,-1.3217538614968702,0.7108618014294321,-7.92032307241991,227,-0.8727699100689128
570,long,0.2,50,atr,3.022346025678746,91.95294054375142,points,5.934525292151289,209.33517962348307,0,50.0,10.0,200all,75,state,state,through,0.25,1.3606696620798515,2.8997544690357984,1.5498627018703948,34.17617444559173,720,116.62084257206209,12.777662582436491,True,-0.18209366417385398,-0.2918089175137001,0.9492214307221165,-1.4661680103419,307,-0.18807430828470328
555,long,0.3,21,atr,5.361458221068755,103.34265763092976,points,5.001828347381944,222.65050311950122,0,50.0,10.0,200all,150,state,state,through,0.25,1.1531715222457755,2.066652498601927,1.4609646757739174,32.28938504947177,729,118.07860310421286,7.127985518179504,True,0.10257680017124998,0.14947950909169916,1.0316133703124504,1.0215461457592676,309,0.14490527657171665
570,long,0.2,21,atr,4.5726875214795015,67.58039564024166,points,6.360807772859474,218.20307821384245,0,50.0,10.0,200all,75,state,state,through,0.25,1.4286117129803548,2.759505073190095,1.597213859209726,39.02522454874787,717,116.1349223946785,11.369889172448431,True,-0.20686262635856392,-0.2916679440581262,0.9384140928283456,-1.9507137275469342,308,-0.20403575058745288
570,long,0.2,21,range,5.594268674415173,91.73745173917882,points,6.544086897666996,203.76611001632327,0,50.0,10.0,200all,75,state,state,through,0.25,0.7285634248674071,1.454574883018661,1.2889120315268667,15.413737203897195,657,106.41651884700666,4.44503577009767,True,-0.0641797645014648,-0.10146741243830691,0.9799972387659645,-0.48252443754996976,281,-0.0686113949931522
570,long,0.2,30,atr,3.3173369896177887,97.7768165982993,points,7.09719721113982,194.78605524520526,0,100.0,10.0,200all,150,state,state,through,0.25,0.8841306331843071,1.5453632451040873,1.2868400403260747,25.978447875159972,714,115.64900221729489,4.976471378895786,True,-0.027772443133581622,-0.04123604319229611,0.9927231107348633,-0.27559632040084514,305,-0.041849755446613915
570,long,0.1,14,atr,3.121692955877233,65.0457561817223,points,5.811597646213004,94.10123971753507,0,50.0,10.0,200all,75,state,state,behind,0.25,0.5120891005856467,0.7302525184361468,1.1431965428634652,9.979317682122335,764,123.74767184035477,1.9688074639913915,True,-0.5629272172024897,-0.690942567839571,0.8635951748479792,-4.1082966980637945,316,-0.5408217035588098
570,long,0.2,50,atr,3.4277168860919884,125.25078475208858,points,5.553451064147081,233.00433997955682,0,50.0,10.0,200all,75,state,state,through,0.25,1.3061185001433748,2.775813684657574,1.5479794667331344,34.5316284752753,715,115.8109756097561,14.429726648871233,True,-0.024018144161887262,-0.038697204409517266,0.9929401604021733,-0.20474596321793825,307,-0.0309298407591751
555,long,0.5,50,atr,2.9905560804627314,75.2811754222436,points,3.9223965842839643,47.382451111016564,0,50.0,25.0,200all,75,state,cross,through,0.25,0.4092360218871512,0.5173446468866784,1.0972198035412979,6.646233459002411,740,119.86031042128603,1.8728056927689463,True,-1.6170068400691677,-1.817292933126091,0.6847709535563218,-10.03619452338433,305,-0.9407425095968559
570,long,0.2,50,atr,3.433341097781755,198.99587501988066,points,5.624247812533085,86.54847623788982,960,75.0,25.0,200all,75,state,cross,through,0.25,0.21701585194636858,0.2869026271423744,1.0530070400739722,4.9491247459186685,751,121.6420177383592,1.0920073424299788,True,-0.7900664869691285,-0.9630561500058904,0.8344854540114751,-6.4525085603328,308,-0.6960613583714156
570,long,0.2,50,atr,3.1403103603507967,203.22934014215014,points,5.413062517102953,233.50884394983956,0,50.0,10.0,200all,75,state,state,through,0.25,1.260592202922522,2.7388076105277634,1.5247201957499876,32.8667309819876,716,115.97294900221729,14.914273609823875,True,-0.0650155676831439,-0.10667284508926776,0.981116105746714,-0.5427218597499355,307,-0.08132973817843754
570,long,0.0,50,atr,3.476227765225185,76.4576330332172,points,5.0452151637935625,153.23082022327742,0,50.0,10.0,200all,75,state,off,through,0.25,1.0657296678310897,1.8042058985732177,1.3436654519012607,28.387946817901188,716,115.97294900221729,6.379378341111695,True,-0.18083162176941142,-0.25887859092564514,0.9541825849153481,-1.5214416469504286,311,-0.2468403206629
570,long,0.2,50,atr,3.90564431933478,82.78822579119844,none,7.602044874123602,133.32593600451565,840,0.0,10.0,200all,75,state,state,through,0.25,0.33979524121136534,0.5668911581363305,1.1114656244745005,10.272552777385043,751,121.6420177383592,1.8228539335680938,True,-0.02700600871101905,-0.04015912526856381,0.9930105954258487,-0.29139962723879087,308,-0.03202692766046963
570,long,0.2,10,atr,5.418874905954894,94.63312587246763,points,6.446935120483056,248.88562778369743,0,50.0,10.0,200any,75,state,state,through,0.25,1.0023231150837995,1.7608720944979999,1.38336879059254,30.6794561670254,797,129.09279379157428,7.411307655039178,True,-0.3180798154953327,-0.4480698675188601,0.9092696447019945,-3.368355885756172,350,-0.34085350253945523
570,long,0.5,14,atr,5.347612356855322,95.45296352983881,points,5.64017473379735,283.3077268252104,0,50.0,10.0,200all,75,state,state,through,0.25,0.6899459892872789,1.1731733735529735,1.2925095380166076,20.720390488487872,656,106.25454545454545,2.7868451967036783,True,0.0723581558323056,0.1113214426946148,1.0243564493138584,0.7161622808873469,289,0.07084461993113803
570,long,0.2,21,atr,3.69077933619298,91.95253365319718,points,6.687856343350089,205.73811327410016,960,50.0,3.0,200all,75,state,state,through,0.25,1.0724863302352166,1.904665295314938,1.3894971137447074,26.161196973964117,753,121.9659645232816,8.055504164039206,True,0.010627753542115925,0.015703311957945925,1.003207415058786,0.092660206727051,310,0.013095369451060124
570,long,0.3,50,atr,3.856137660580992,128.93024080515232,none,5.2307455538174175,211.8747134866145,0,50.0,25.0,state,75,state,state,through,0.25,0.5475231276743967,0.8005479597138908,1.2703593454134543,24.46930691113765,684,110.78980044345897,2.287098322522189,True,-0.47032483493489746,-0.7309677358191838,0.8493002680824583,-5.695729336514111,298,-0.4814012300381768
570,long,0.2,50,atr,3.3866488506642773,194.28265712361446,points,5.323357672888804,156.11483827586983,0,50.0,25.0,off,75,state,cross,through,1.0,-0.5266218430126497,-0.5393815458058034,0.4447389838854669,-14.23428859324361,112,18.1410199556541,-0.9615571762631682,False,-0.5123017121837712,-0.6510529627152026,0.6831229574777121,-1.4556178324107867,38,-0.6203962619177146
570,both,0.2,14,atr,5.390710717403031,89.67330932777841,points,6.045436017475473,181.31315902560925,0,50.0,10.0,cross,15,state,state,through,0.25,0.2136177982574847,0.33515461742060965,1.1362210757947881,2.5458329743376797,193,31.260864745011087,0.6647400306956203,False,-0.41864688257544097,-0.520674730637124,0.7992673722397601,-2.4898069122950597,112,-0.5246694085233278
570,long,0.2,21,atr,5.280151297050106,220.92784120615076,r,5.436166878379452,238.28129956912028,0,0.0,25.0,200all,300,state,cross,off,1.0,0.7228931578990623,1.3818154321906604,1.2845904088073883,33.721454212160936,579,93.78259423503326,2.9641863639563484,False,0.2576083765974417,0.43046333235077294,1.0846210202597018,4.154026180264669,242,0.24185335841036157
555,long,0.2,30,atr,4.281848423526813,151.16368409059362,points,3.9831102820891777,62.05147652546022,900,50.0,25.0,200all,75,state,state,through,0.25,0.21095923311664605,0.26257917501010586,1.0540568937237245,3.6485488870774274,780,126.33924611973393,0.6220009290810332,True,-0.5138047472520108,-0.5935874385888492,0.8761112395580798,-3.387535100253596,314,-0.6236628729930643
570,long,0.2,50,atr,2.4523059677764363,166.42205333984373,r,3.6971206550669926,108.34210328163526,0,50.0,25.0,200all,30,state,state,through,0.25,1.1119393688296029,2.6251232795896913,1.4670968031209148,27.961335916544396,734,118.88847006651885,12.630227850637299,True,-0.2574827280267098,-0.4358167988243907,0.9272534765680267,-1.9229139740383552,305,-0.24932087038422215
570,long,0.2,50,atr,2.9900104058511956,50.949735125107516,points,6.841549188727633,127.71067072506513,0,50.0,10.0,off,75,state,state,through,0.25,0.13137796688100548,0.21252878461587132,1.2195842683130271,0.34461706730098196,24,3.887361419068736,0.35936050355084975,False,-0.644535110993584,-0.7688609247929726,0.42447919191522765,-0.9439021829790726,12,-0.7611706065607793
570,both,0.2,7,atr,3.818379239231769,79.20113752927905,points,6.783515866058132,248.30142344783172,0,50.0,10.0,200all,75,state,state,off,0.25,0.6663813144602373,1.1016492982447181,1.1905677793970535,24.752866657379187,1167,189.0229490022173,2.544000876254865,True,-0.9312215946129296,-1.2304866424940004,0.7846326536519022,-11.79381593070056,502,-0.8011493499011298
570,both,0.0,21,atr,2.8678166754257495,144.5447169322673,points,7.233884424295064,138.35423783560495,0,50.0,25.0,200all,75,state,state,through,0.25,0.3013105075053528,0.4366087329440134,1.064381383896915,8.883443158117702,1284,207.97383592017738,1.2411832700423135,True,-0.9034127295084542,-1.1434580723109333,0.8320065744355593,-9.076180939133433,547,-0.8438983646056175
570,long,0.2,21,atr,4.491154790756738,270.38920443944295,r,6.75643229407215,382.8000435248074,0,50.0,25.0,200all,75,state,off,off,1.0,0.9158212338521697,3.773619890322688,2.0429389369067614,58.33336832780431,446,72.24013303769401,8.540983333409832,False,0.32759056291167293,0.8404688964877228,1.2143797907774754,5.270293831374679,222,0.607370134951893
570,long,0.1,21,atr,3.952434161143527,94.91136314581964,points,6.366869468366647,174.26322189224558,0,50.0,10.0,200all,75,state,state,through,1.0,0.9483045372478828,1.5904379435793876,1.3100508330163447,24.223581501600485,828,134.1139689578714,6.112956435143332,True,-0.10131235260673864,-0.14239317258668974,0.9725237219431745,-0.8909779277032817,344,-0.12431804801590753
570,long,0.3,50,atr,3.365151702433016,124.88059714220218,points,7.948328161647069,255.48996529158845,0,50.0,25.0,200all,300,state,cross,through,0.25,1.4477021808564052,2.935683644104271,1.5750386559439795,41.143307925594016,701,113.54334811529934,12.657920229444018,True,0.023513960612524826,0.03704957983735544,1.0066932746870194,0.21016855303987514,301,0.029259320122961348
570,long,0.5,30,points,3.6342028652218468,283.4366514784004,none,6.207665770528819,194.12791921509168,0,50.0,25.0,200all,30,state,cross,confluence,0.25,0.9789449228032188,1.9929142058530371,1.4807359368330475,38.48878944884755,651,105.44467849223946,7.656009109498477,True,0.022101754703755763,0.032684755008672045,1.0074516747701043,0.23299806462715367,290,0.027678138523580084
570,long,0.3,50,atr,3.1220943998276014,132.43383487023294,points,6.650190980892676,377.5513957670858,0,50.0,25.0,200all,300,state,cross,through,0.25,1.3543681337682245,3.154180706073951,1.6000765575335967,41.58770218884909,685,110.95177383592018,12.163110781065592,True,-0.25837450481034696,-0.4421980925291876,0.9223142725922315,-2.4083275203938563,294,-0.26046972818235065
570,long,0.3,50,atr,2.1432608070083017,129.0530372821809,points,7.580454321941318,200.1687956763474,0,50.0,25.0,off,300,state,cross,through,0.25,0.08481739406053858,0.15117134996923748,1.1365547419501303,0.24263377591574709,24,3.887361419068736,0.22163263039433834,False,-0.3704923730098156,-0.5269940036325083,0.6007158427645999,-0.48180499266554266,12,-0.70316222783904
570,long,0.3,50,atr,2.980726385946343,169.1322991115355,points,6.989729879033861,352.56983610266315,0,50.0,5.0,200all,300,state,cross,through,0.25,1.2109662791409943,2.9619378631633864,1.5602541770035594,37.92325997108637,676,109.49401330376939,10.513174717971028,True,-0.23004738362055746,-0.4241643087148184,0.9265945679559677,-2.2485165368363873,292,-0.22097351452539346
570,long,0.2,50,atr,3.9102840407811237,138.7667528350376,points,2.7567415372577826,81.519429561355,0,50.0,25.0,200all,75,state,off,behind,0.25,0.6433813227625484,0.8453976730620124,1.1666948683290497,14.029171821258146,735,119.05044345898004,2.0008941548725474,True,-0.4670634392265898,-0.5609616686178316,0.8925530730544231,-3.4338550260157445,305,-0.47145573273456476
570,short,0.3,50,atr,3.747730971711271,86.14547242263427,points,6.1632153298280965,318.42442446156883,0,50.0,25.0,200all,30,state,cross,through,0.5,0.05196064333087579,0.08357758798968944,1.019693205870538,1.4097222248324783,533,86.33181818181818,0.1282178525061386,False,-0.9633900743756058,-1.2850742375589874,0.7052417325646649,-8.266340600935322,231,-0.9536805897941468
570,long,0.3,10,atr,3.7461366697604896,120.61213582009118,points,2.9287745622786336,148.63610249500337,0,50.0,25.0,200all,75,state,cross,through,0.25,1.0360725891689206,1.5407899635044058,1.3358567856038357,27.07797096710074,713,115.4870288248337,4.389232387599283,True,-0.3034642876295619,-0.37788731167925943,0.9180539307514625,-2.695775934094699,301,-0.30586282042728574
570,long,0.2,50,atr,5.8451600194735995,108.2179457887954,points,6.008303917745923,355.1509365174316,0,50.0,0.0,200all,150,state,state,off,0.25,1.1645377891282034,2.549390305229625,1.5716940450416754,36.99914714050384,667,108.03625277161862,7.973309987110836,True,0.2981137435457975,0.5108248779002392,1.112498274105165,3.1899067239024532,285,0.33241812648110725
570,long,0.2,50,atr,4.007541838229171,79.03553600817204,points,5.306194962810486,334.90732050085353,840,50.0,10.0,200all,15,state,state,through,0.25,0.714534461706311,1.2454290010497142,1.2541327936056357,16.12680053143896,751,121.6420177383592,6.164995071850132,True,-0.12401630626255439,-0.1899957588571412,0.9632922073866441,-1.0525950684112058,308,-0.14911322793926038
570,long,0.2,50,atr,3.393569996026256,69.10088401626105,r,6.4638183622465215,245.24024915848443,0,50.0,0.0,200all,75,state,state,through,0.25,1.0708074285801121,3.2651024394121064,1.6444763070345512,39.18586556441575,671,108.68414634146342,14.08849034735621,True,0.354010458056903,0.7422476977569369,1.1390222818205555,3.766122748278838,285,0.5073407755054206
570,long,0.3,50,range,5.228018057945791,121.52843131372718,points,7.177086143091286,133.54377421581376,0,50.0,25.0,200all,300,state,cross,through,0.25,0.4023268855836995,0.6469344437424573,1.1236766231529292,7.404717874831146,667,108.03625277161862,1.9048258704538592,True,-0.45602600902274676,-0.6124619877094079,0.8801630861261648,-2.99117805967081,276,-0.4151585361746045
570,short,0.2,30,points,3.6598490821059175,259.10193906467356,r,1.836621610239307,376.0118110242512,0,100.0,25.0,200all,75,state,state,confluence,0.25,-0.15062784740876362,-0.2592382404263524,0.9435979088042424,-5.266880612089976,539,87.30365853658536,-0.26434168912769634,False,-1.3673739648344632,-1.8894111728346539,0.608694864037051,-13.73633005557078,227,-0.9575072653573435
570,long,0.1,50,atr,4.047808884096563,80.82989060176614,points,6.733436543803641,131.57321274144155,0,150.0,10.0,200all,75,state,state,through,0.25,0.5696236368038675,0.8278074608592145,1.1557030717098478,15.956428156270526,738,119.53636363636363,2.4001497258457434,True,-0.19392238682303356,-0.25635719807636476,0.9549881709545748,-1.8957284288815748,310,-0.2493634424885454
570,long,0.2,21,atr,3.0835489906155065,77.09543437325057,points,7.158525545223727,292.2627155251266,0,100.0,10.0,200all,75,state,state,confluence,0.25,1.0087808388656312,1.9802445691018318,1.3730798401718352,34.5175028241461,726,117.59268292682927,10.155587074832379,True,-0.14963249189347588,-0.23905697976283694,0.9575920811773594,-1.6602457673432776,316,-0.17366200555732794
570,long,0.0,21,points,3.4328330650223426,119.74373516967222,points,7.540360117428912,227.63383247877013,0,50.0,25.0,200all,300,state,cross,through,0.25,0.7065524112261312,1.238361397033263,1.220704546784819,19.488370297738317,747,120.9941241685144,1.750440630171312,True,-0.22410274816683803,-0.3481441148037816,0.9431169605352347,-1.928386678537077,324,-0.39553062475071576
570,long,0.3,50,atr,4.462745056725892,128.67021236204818,none,5.905018679228939,360.86339754252253,0,50.0,25.0,200all,300,state,cross,through,0.25,1.2789332528130162,3.061388522967908,1.67138643670519,47.42105951715058,651,105.44467849223946,10.823393883732745,True,-0.1910852890983344,-0.29904417407312145,0.939712782493516,-1.9001490135561216,285,-0.2715043402620117
570,long,0.3,50,atr,4.912155474506621,215.05386701790326,none,5.137213572811033,288.6160833524291,0,25.0,25.0,200all,300,state,cross,through,0.25,0.44974099975965043,0.8887891165341093,1.2030571503545542,12.609301842051408,710,115.00110864745011,2.0038285702368808,True,-0.4768383309613229,-0.6563618985758222,0.8441092689588975,-3.4451646692074585,297,-0.5391270847381374
570,long,0.2,50,atr,2.7924053561589024,95.31713587841988,points,5.184860235564438,272.20011056889615,840,50.0,25.0,200all,75,state,cross,through,0.5,0.7018007222598577,1.2252328555243104,1.2173306881411525,15.7420777329808,777,125.85332594235032,4.145883456211896,True,-0.09650242682806914,-0.1551077161649783,0.9741834454062488,-0.778146194993993,318,-0.11356297847445136
570,long,0.2,30,atr,3.0396978166245057,206.6329698733842,r,7.336460632783993,304.6012238769545,0,150.0,25.0,200all,75,state,cross,through,0.5,0.6525742328186288,1.0650261390228835,1.2941563398122469,33.48286046626744,648,104.95875831485587,2.9129430988373444,True,0.18078035682958657,0.3285182297140529,1.0530600472888674,2.346302821383805,278,0.19517055633466845
570,long,0.0,50,atr,1.210088013871572,136.97555259161908,points,5.063514638567792,288.7413319716159,0,50.0,25.0,200all,75,state,cross,through,0.25,0.5048677862543371,1.28897245139245,1.1857601795243882,10.932535003157602,760,123.09977827050997,2.168560266235842,True,0.127304669503433,0.2973237868718359,1.0403296016036474,0.8523550862384842,318,0.23234041795637342
570,long,0.2,30,atr,4.914371232721833,252.2540573906597,r,7.930595996367932,195.86673865693723,840,50.0,0.0,200any,75,state,cross,behind,1.0,0.32367906898173243,0.5380366643665071,1.103924004584828,9.629931514608403,890,144.15631929046563,1.8215803088274833,True,-0.17926645526400256,-0.2677961858703762,0.9502151365168806,-1.9631863721708367,375,-0.22063890288263854
570,long,0.3,50,atr,3.962481929485188,54.50376176973933,none,5.3323818706807735,333.5903676776037,840,50.0,25.0,200all,300,state,cross,through,0.25,0.7677299022485318,1.3883591851158796,1.2830322806740253,19.997432972306754,742,120.18425720620843,6.569850518331206,True,-0.3035639487576376,-0.4371012751075685,0.9171575364004786,-2.6050921542268526,303,-0.3285009753477401
570,long,0.3,7,atr,4.968044792176402,187.80313926606593,none,5.652315828518125,363.7775320855542,0,50.0,25.0,200all,150,state,cross,through,0.25,1.0202749345098843,2.0476880477872053,1.5045917636334136,40.09082869234413,645,104.47283813747228,6.254400562587111,True,-0.09541711021173759,-0.13750108937827482,0.9679524323708475,-1.0185042996453264,288,-0.11699355969412473
570,long,0.2,21,atr,4.661101229869243,98.17961254984408,points,7.375109063492551,233.22892963783465,0,150.0,10.0,200all,75,state,state,through,0.5,0.4970230173291205,0.6614722464744637,1.1859023429232365,21.448670158809662,723,117.10676274944568,2.093056899911282,True,0.024625288519808358,0.035253511877464956,1.0065142037269366,0.312400509364938,311,0.024656249552966997
570,long,0.3,50,atr,3.070147577564246,28.22976663163071,points,6.248705349478125,384.55047170807796,0,50.0,25.0,200all,300,state,state,through,0.25,1.304175003092541,3.1600739172805468,1.6074754403275073,37.65489369932105,694,112.40953436807095,12.651497535000635,True,-0.21900241025035533,-0.3872182709110689,0.9317596565353108,-2.004562217474491,295,-0.20993612072906587
570,long,0.3,50,atr,3.698172810418527,61.89333894825051,points,5.975522075840221,315.3176260903612,0,50.0,25.0,200all,300,cross,state,through,0.25,0.6463146944892313,1.56415827246781,1.9977577801669888,7.068488735464028,68,11.014190687361419,4.033946757926217,False,-1.2652722933603717,-1.3357264437289023,0.2633099321499441,-2.4272258399612694,24,-0.958038574588978
570,long,0.1,50,atr,3.9082255213787818,33.85167395376595,points,5.7939810821839774,336.77564975123994,720,75.0,25.0,200all,300,state,state,through,0.25,0.5859120739446275,0.9292945257406817,1.1872144085841774,13.26513421124922,763,123.58569844789356,4.269920808532048,True,-0.9731296376270695,-1.2808736190978327,0.7574609385712631,-8.439239377828407,312,-0.8015557096758458
570,short,0.1,50,atr,3.9098992027207378,101.47569606722901,points,5.931491317771685,352.67010319845747,900,50.0,25.0,200all,300,state,cross,through,0.25,-0.15050631998752104,-0.23566885633631418,0.9443096881054537,-3.907238922676047,530,85.84589800443459,-0.33676091863122926,False,-1.0216418585459262,-1.3675599431655616,0.6907027133902047,-9.056624501886663,232,-0.8745706784485139
570,long,0.2,21,atr,2.324374433509963,36.15402330102516,points,7.136556042059343,232.53592007468745,0,50.0,10.0,200all,75,state,state,through,0.25,1.2605434717103887,2.8594692817060157,1.5234533432870512,31.77170680759047,718,116.29689578713969,11.990784081592729,True,-0.2784439003106329,-0.45186182001294006,0.921805367395932,-2.2809498907177597,309,-0.27289369232543403
570,long,0.2,30,points,1.7391597115310702,299.29496742025646,r,3.936604926881277,357.22813589618573,0,50.0,25.0,state,75,state,off,confluence,0.25,0.7697676259868902,1.5796460688507445,1.6957362554518292,55.23100265458238,457,74.02184035476718,3.377229549192974,False,0.25441060333887866,0.5737546901314464,1.1426577654187835,5.246873353454221,244,0.3604714908073228
570,long,0.2,7,atr,4.72848062364889,249.8245884022767,none,7.998990810076782,351.13472435811144,0,25.0,25.0,200all,75,state,cross,behind,1.0,0.28555018740349597,0.4961002587530839,1.118487298066975,8.68847261491233,793,128.44490022172948,1.065033679115042,True,0.06004991444701161,0.09151557425713584,1.0231129359855105,0.5452017598928363,338,0.08439927504850933
570,long,0.2,50,atr,2.79470393084767,51.87373959143845,none,7.8860315837077275,249.29249419344987,0,50.0,25.0,200all,75,state,off,through,0.25,0.3596018774028182,52.10767166102061,58.1076627800901,100.65570611059175,17,2.7535476718403546,72.78509946420952,False,-9.0,-9.0,0.0,0.0,0,-9.0
570,long,0.5,50,atr,2.393600052681296,34.97792216926909,points,7.46052483122818,339.8969607791302,960,50.0,25.0,200all,300,state,state,through,0.25,0.5927339340384634,1.069656348175825,1.211885350116311,13.653103697474627,717,116.1349223946785,3.9397775173748633,True,0.04715923334874041,0.08362787918906062,1.0141032609899485,0.35802071530757207,295,0.05154868560972665
570,short,0.3,14,atr,3.720167136019895,69.68894324713042,points,6.540510245772423,393.8589663997031,0,0.0,25.0,200all,300,state,state,through,0.25,-0.12217263738992015,-0.18741886478459147,0.9565511295457765,-5.4294695911532,496,80.33880266075388,-0.22254653106150254,False,-1.327415829085257,-1.73606664389634,0.6300538761810042,-18.45060739207317,211,-0.9617649866812167
570,long,0.3,50,atr,3.9543062394904376,26.273706555130403,points,6.339157777472206,300.26387206648974,0,50.0,0.0,state,150,state,state,through,0.25,0.5897618765428547,0.8196804712404813,1.2635589139957493,25.35028406673755,709,114.83913525498892,2.126144415496583,True,-0.2674629976006639,-0.4531347174665495,0.9211748080555279,-2.9461022022843713,312,-0.27954941716480325
570,long,0.2,50,atr,4.766051841923621,67.6010873365981,points,5.634879394700305,224.89043807934098,0,100.0,5.0,200all,75,cross,state,through,0.25,-0.3018390054649229,-0.38315370506480967,0.637444851666633,-1.594375712791907,30,4.85920177383592,-0.5507895014673883,False,-0.4644970729034835,-0.5927135775592252,0.5682839028158829,-1.0817749656681637,14,-0.5775325241064007
570,short,0.2,50,atr,5.30656159767713,63.627062531906795,points,7.2874780246796655,238.03200266549146,0,50.0,10.0,200all,75,state,state,through,0.25,-0.44020974574063,-0.6191118336016047,0.8436337249107273,-10.856610321151614,517,83.74024390243902,-0.6125927065807117,False,-1.3133892149462743,-1.6093583992926133,0.5922224264432714,-10.920221219583288,226,-0.885002720748333
570,long,0.3,10,atr,4.369810136781375,30.150312315458713,none,6.374361363201177,384.72283958990926,0,50.0,10.0,200all,300,state,state,through,0.25,0.8851992507199341,2.042657737436652,1.4685121233054188,31.02878839932439,652,105.60665188470067,5.033042103392116,True,0.08518665919758182,0.1405684140747624,1.0318918375621686,0.9100729569421091,282,0.09732721670186409
570,long,0.3,50,atr,3.304410272766179,40.83659364097585,points,5.190824645564682,360.8535594705167,0,50.0,10.0,cross,300,state,off,through,0.25,0.45905348100568194,0.9659790709308232,1.2987453762170973,11.38999434742134,303,49.077937915742794,1.5608226113402848,False,-0.19589822819242605,-0.3536724402127348,0.9127340459265465,-1.5769817591292552,152,-0.29900040723144017
570,long,0.3,50,atr,3.320349001641686,163.55682797111496,points,5.916381817258109,293.67302556411016,0,100.0,25.0,200all,15,state,cross,through,0.25,1.0988479258644563,2.150692860366559,1.3916483777161064,38.94405617043731,668,108.19822616407983,7.71888034817716,True,-0.21055482016562185,-0.3491963106877183,0.944681178581315,-2.2460777634986018,295,-0.25055809992689787
570,long,0.5,30,atr,3.683513625264826,170.8267861742928,r,7.095045328332637,329.40868932703114,900,50.0,25.0,off,300,state,cross,off,1.0,-0.09054423062675328,-0.1293131080551024,0.9791303358342974,-3.016483721509247,1252,202.79068736141906,-0.21383545341944526,True,-0.4365321351445986,-0.6343323285789596,0.8992584587490496,-6.0583501625553104,536,-0.4798650126369641
570,long,0.2,50,atr,5.152153262644434,120.86542233538194,points,5.145565754988952,149.8361846135985,0,50.0,25.0,200all,75,state,state,off,0.25,1.2664180231887403,2.0332004539491613,1.440667323633355,28.930874648544226,715,115.8109756097561,7.22189547458361,True,-0.3386085206385592,-0.4329756481564652,0.9081963994617407,-2.6637587598319703,297,-0.332903784134159
570,both,0.3,50,atr,3.0873604220277975,81.17319020403983,points,7.666347429023144,314.907597460407,0,0.0,25.0,200all,300,state,cross,through,0.25,0.5277095085861646,0.9111689795727026,1.1231623800619523,30.370800107814887,1115,180.60033259423503,2.6569363525651344,True,-1.3405586298791965,-2.082811934115048,0.7672097224483231,-22.74257001886431,492,-0.9426737550074267
555,long,0.3,50,atr,2.1130317121989117,124.09439763569381,points,5.7158419926372375,245.8342706092777,0,25.0,25.0,200all,300,state,off,through,0.25,0.058925351779085366,0.10514514019791642,1.0186987652902484,1.069396747235252,761,123.26175166297118,0.16919504086247145,True,0.19187993119962587,0.3496245766297872,1.0604930161291064,1.3147413413990054,309,0.2973399112168029
570,short,0.5,50,atr,4.214635596136677,123.7678324567286,none,7.135010114335188,328.8382306587566,0,50.0,25.0,200all,300,state,cross,through,0.25,-0.7010917728890741,-0.9266571080404733,0.715648292888979,-20.21237304101965,479,77.58525498891352,-0.6008747513704076,False,-1.6498894370600399,-2.033958254751826,0.506920135871519,-13.801370122187805,210,-0.9646004629049033
570,long,0.2,14,atr,3.7182448136384965,276.35843387751436,r,7.828248523214336,114.8902905654567,0,25.0,25.0,200all,300,state,cross,behind,1.0,0.49808193060181044,0.9799287984298363,1.211569800243808,13.964653460572041,791,128.1209534368071,2.3830200025765036,True,-0.3587437729113138,-0.4841459598556929,0.8856656778235322,-2.811178669944411,337,-0.3689963327630849
570,long,0.3,50,atr,2.9339219078754724,54.25358938321381,points,7.260713362668094,324.5222450317065,0,100.0,25.0,200all,300,state,state,through,1.0,0.49791023410647406,0.6927268516687431,1.2036087563411793,20.724990450992884,756,122.45188470066519,1.9265949757673537,True,-0.2689388827251488,-0.46906876086237587,0.9280869682855308,-2.7508256548304013,322,-0.2539331313668502
570,long,0.2,30,points,3.237020729315437,240.69943271436122,r,5.7279822463341,356.1279132915834,0,50.0,25.0,200all,75,state,cross,off,1.0,1.1381625002314404,2.5758706062486945,1.6214116025800263,45.343391411559764,636,103.01507760532151,9.07609166055041,True,0.1535505276915254,0.23748535575431964,1.053443829243769,1.5612813089367994,277,0.23067014374949232
570,long,0.2,50,atr,2.686392320016794,151.8175556724354,points,7.383736294292855,342.828997463338,0,50.0,0.0,200all,15,state,cross,through,0.25,1.0027611354218735,2.4670012570991378,1.43620323923692,30.45385107643426,684,110.78980044345897,9.038577197444235,True,0.06587928964109935,0.1334003151907461,1.0221105052659902,0.6436065630637611,298,0.06817995258019895
570,long,0.0,50,atr,4.086844975186996,49.9966401163576,points,7.653261870843188,236.17632070264253,0,50.0,10.0,200all,150,state,state,through,1.0,1.067778419273775,2.0192075397602407,1.3910185016359533,30.71198266621297,819,132.65620842572062,8.08424150127406,True,-0.1012852456743981,-0.1582976935659791,0.9718614147300445,-0.9477290736163775,346,-0.16138244073824057
555,long,0.3,50,atr,4.98019616779041,167.7003897836497,none,6.3954393326452985,376.8225836024804,0,50.0,25.0,200all,300,state,cross,through,0.25,1.1495459455274597,2.6126062434479027,1.5688281884645934,42.63660423217216,672,108.84611973392461,10.450135626663084,True,0.11349773703177382,0.1813762207787099,1.0374671563047335,1.1792059495594125,291,0.2600739893451008
570,long,0.2,30,atr,2.6235723161544335,230.6003637113807,points,7.823234355274164,321.5277293261914,0,50.0,25.0,200any,75,state,cross,behind,1.0,1.2022106718395167,2.6051613642850353,1.4352490957710338,36.78030482858746,833,134.92383592017737,11.181576422545394,True,-0.08133646051856397,-0.14027387488692497,0.977927407432108,-0.807339112627536,370,-0.08945007909597809
570,both,0.1,50,atr,4.098545979536471,34.31913222168661,points,5.866353643933015,375.464312175382,0,50.0,25.0,200all,300,state,state,through,0.25,0.7667906236648865,1.4121689383243967,1.226675191346138,29.445842226731234,1213,196.47372505543237,2.818634049826806,True,-0.5131888819960714,-0.7656134264311537,0.8808909954546293,-6.43606188341289,525,-0.9306280561584785
570,long,0.3,50,atr,5.447193033589051,150.74970041901335,none,5.418480419154977,345.06567417692924,0,50.0,3.0,cross,300,state,cross,through,0.25,0.14133527450324598,0.26387547266367206,1.086137480194212,3.928078237016342,316,51.183592017738356,0.33657421889868644,False,0.20146960560887722,0.3548923141352157,1.1115002437993204,2.5260802171723267,157,0.2752193298143716
570,long,0.3,21,atr,3.985702324348812,92.49216371751665,points,6.168718692364745,262.0334407329029,0,75.0,25.0,200all,300,state,off,through,0.25,0.8025208548978624,1.3504491769515816,1.2906180189066132,29.643136601293456,605,97.9939024390244,3.130365669954731,False,-0.0038568594017418826,-0.005624857309656204,0.9989036781023843,-0.04566630612615663,283,-0.006280291233563995
570,long,0.2,50,atr,3.744004229014375,99.66842300708015,r,4.820417261267916,104.59614727293346,0,150.0,25.0,200any,75,state,cross,through,0.25,1.0636983873346202,2.4891714467042596,1.4332074479750445,53.19374218890615,712,115.32505543237251,7.599257135368327,True,-0.22106847620753312,-0.3854836981438517,0.9420268420705363,-3.2662138332560122,312,-0.21457526557168846
570,long,0.2,50,atr,0.8919579123138985,87.82400514709187,points,6.414927725496883,266.6453584636085,960,50.0,25.0,state,75,state,off,through,0.25,0.3923005180384816,0.9945818381059086,1.1382821264557468,7.293930162149064,769,124.55753880266076,1.1681795579465906,True,-0.3648184570531544,-0.7642401309852742,0.891206392683209,-2.19580940144568,319,-0.3917602844533298
570,long,0.3,50,atr,1.9698960757296329,129.22841610876674,points,6.061458977868277,337.79345523504105,0,150.0,25.0,200all,300,state,cross,behind,1.0,0.8971212975305567,2.1351193674586377,1.3141123338800893,31.047099481717996,731,118.40254988913526,6.695394000016204,True,0.26820624573623547,0.5877269059387629,1.0762512402148166,2.927927630159973,314,0.4154065321536698
555,long,0.2,50,atr,1.9990411080966157,171.84122708331267,points,4.658244272514433,257.98764142645405,0,75.0,25.0,200all,75,state,cross,through,0.25,0.9137303958168441,2.005934064727327,1.3143338597842988,25.3113605769921,733,118.72649667405764,5.813158222352832,True,-0.01597846218722369,-0.03084642981280505,0.9956596296332144,-0.13522319010435258,312,-0.029433870088050415
555,long,0.2,50,atr,4.081880286837198,43.609218794576606,points,4.501466771132285,139.78307805607233,720,50.0,10.0,200all,75,state,state,through,0.25,0.6465261826853848,0.9706105136586853,1.195412669397355,12.567099118667626,780,126.33924611973393,3.541215185623169,True,-0.2288444905503074,-0.31194134092583536,0.9412431938787322,-1.6689860792212334,313,-0.3869749860529995
570,long,0.3,50,atr,2.074965252494528,60.443057855785284,points,7.8430973543482425,345.6128856228861,0,50.0,25.0,200all,300,state,off,through,0.25,0.8039468389328547,1.987100543672833,1.350664189215075,22.46383576331567,651,105.44467849223946,5.969817534672685,True,0.03167680155972371,0.06601498961529256,1.0105816466395412,0.27274011273699195,288,0.03701054746426134
570,long,0.3,21,points,0.7614826657979201,281.0666713695214,points,7.810601489129505,252.75260131069152,0,150.0,25.0,200any,75,state,state,confluence,0.25,1.1046558474737433,1.9542525662194423,1.3569603178191738,41.43533414966004,793,128.44490022172948,8.023422780480523,True,-0.09447063960556838,-0.1386060832616019,0.9768328292841642,-1.2535906523933615,345,-0.11003670263329669
570,long,0.2,14,atr,4.577636319670857,145.20623540247541,points,7.618797136507578,173.41388397730947,0,50.0,10.0,200all,150,state,off,through,0.25,1.1437005097448556,1.7897919454700753,1.4241891054632836,34.3727786302633,652,105.60665188470067,6.061521578117606,True,0.20620599957960534,0.267565658510322,1.0674149883358786,2.136431405505463,292,0.3116731235237796
570,long,0.2,50,atr,3.7759943330995824,135.77210004554865,points,5.663435990974798,196.31829663823942,0,50.0,3.0,200all,75,state,off,through,0.5,0.8960659090760716,1.623663794033167,1.327081813180047,26.591990583571345,684,110.78980044345897,3.693110198433873,True,0.12182114628896422,0.1902524677028886,1.0357167680185162,1.1585782899432964,307,0.15821689497503894
570,both,0.2,50,atr,1.9085920031128063,83.48490482656695,points,4.401539137901791,225.14475389580699,0,0.0,10.0,200all,75,state,state,through,1.0,0.06989128951588329,0.09478852868503983,1.01776127032781,3.491363076604191,1294,209.59356984478936,0.20447362983460632,True,-0.36345187495326203,-0.6178477426580685,0.9318771241156415,-4.61990528362329,545,-0.34172946065927984
570,long,0.2,14,atr,3.1004138908642376,188.88387839643204,points,3.122084915359954,137.40200068318944,900,50.0,5.0,200all,75,state,cross,through,0.25,0.7899952813028666,1.200406434009653,1.2413197860306147,17.618202094608264,755,122.28991130820398,5.294843417641259,True,-0.18600298654332761,-0.24868961938703424,0.9505816999466535,-1.5653535519314592,310,-0.19493211921783776
570,long,0.2,50,atr,3.435679314406761,174.40206135857818,points,5.415421270675075,140.79225394168515,0,0.0,3.0,200all,75,state,cross,through,0.25,0.9351390846433337,1.463688540769045,1.2499237908689051,28.243780295905403,716,115.97294900221729,6.201738509491862,True,-0.16332109412556137,-0.2289117110366415,0.9647958509190294,-1.679975799094466,304,-0.1724314446140316
570,long,0.3,14,atr,2.062957490259272,61.07241688658624,points,5.137148039325444,373.10002361797495,960,50.0,25.0,200all,300,state,cross,through,0.25,0.6371663575347534,1.219489039317658,1.212014755250182,15.150961476767407,743,120.34623059866962,3.5238127407962687,True,-0.19207029304809597,-0.3135045290036375,0.9455135371483573,-1.6362714873092727,301,-0.2119129306537118
570,long,0.5,30,points,0.8867864158257355,242.50752386737722,points,5.579308714764529,309.8165571325632,840,0.0,25.0,200any,75,state,state,confluence,0.25,0.23149233947146705,0.34432179467203117,1.0658876156685395,6.917585062029753,827,133.9519955654102,0.9852002658139541,True,-0.06570116668469995,-0.09429816822571428,0.9838823974686466,-0.7657238510792217,345,-0.09157473637597288
570,long,0.3,50,atr,4.805696174235544,156.30975604094866,none,7.328541106902323,304.17966825852693,0,50.0,25.0,200all,300,cross,cross,confluence,0.25,0.8061123155605935,2.4804545799082933,2.300031072192714,16.76625065033769,100,16.197339246119732,5.89560692153252,False,-0.3591294100081738,-0.4351116040813087,0.7186907994974411,-0.9670025635901329,36,-0.548381454257252
570,long,0.2,21,range,4.476396245852667,246.11342797453062,r,6.548581039259087,170.1002326601492,0,150.0,25.0,200all,300,state,cross,behind,1.0,0.3320479540270508,0.7120563962918351,1.118674469466064,10.129680839628815,683,110.62782705099778,1.7271998648210298,True,0.6207840569662415,1.212223974441159,1.208120075956862,7.581271632362988,282,0.8895799169403015
570,long,0.5,50,atr,3.3974650963848356,124.98672131258881,points,5.528000788317897,277.08390358502237,0,150.0,0.0,200all,75,state,off,through,0.25,0.7671727469859336,1.4211157331542894,1.2730804626350491,31.568812254608833,542,87.78957871396895,3.9071037291437825,False,0.4732220279950741,0.8522227477257825,1.1386805365827148,6.060547044722607,241,0.7465089838924229
570,long,0.3,50,atr,4.189721393854143,101.22476478993295,none,4.514808803918089,375.1283608805409,0,150.0,25.0,200all,300,state,cross,through,0.5,0.7504687712817336,1.537551654216744,1.2974198345571895,33.368356835379956,625,101.23337028824834,4.320212211045505,True,0.12307083795222686,0.22079192488947744,1.0362375025579567,1.7207541630657435,270,0.13691956550183296
570,short,0.2,50,atr,1.9850136986765068,68.51461329141051,points,5.999373689052138,337.0947132813176,720,50.0,25.0,200all,75,state,cross,through,0.25,0.14937540446489608,0.26541953965196363,1.056596111263566,3.3129118656394296,522,84.55011086474501,0.47114706937661277,False,-1.3584951016193774,-1.8570051148610163,0.6323357663498448,-8.830177871089859,227,-0.8507883808728012
570,long,0.3,7,atr,3.9718530855517233,89.47614619745876,points,6.285527950260088,392.49385700506866,0,50.0,25.0,200all,150,state,state,through,1.0,0.5980441971167316,0.8126800462415837,1.2808757916488334,24.66292426169592,796,128.9308203991131,2.59286092436607,True,0.08259103649872493,0.12877134784417793,1.0260660264005397,0.9175586036363867,347,0.08637716463525087
570,long,0.1,7,range,0.5420596001635946,232.88987490462716,points,5.879612692548965,317.6050446967442,0,50.0,25.0,200any,75,state,state,confluence,0.25,0.3643137369061291,0.7257798651925358,1.1318209387468088,8.365790491753831,777,125.85332594235032,1.9535408338420523,True,-0.3883849299171654,-0.6244824623111094,0.8878295261791488,-3.277564857633077,335,-0.4278874893855947
570,long,0.3,50,range,4.802367993371804,99.45368394677935,none,7.689642143970847,369.24361972183004,0,50.0,25.0,200all,150,state,state,through,0.25,0.6984126761820613,1.8144452360827554,1.3708279603066114,19.05791332093589,631,102.20521064301552,5.964834104738387,True,-0.36375771410731883,-0.6033109135779148,0.8788651960044608,-2.8316372824806106,267,-0.377889155183722
570,long,0.5,50,atr,4.353995060863966,128.9247042828906,points,7.897164754864804,173.12047411439536,0,50.0,5.0,200all,75,state,state,through,0.25,0.8866598771255029,1.460417807075395,1.323091465977657,22.37275255756137,693,112.24756097560976,6.0996767578389495,True,-0.3540618799864211,-0.49529280959612937,0.9008755013461832,-2.9635867624673535,294,-0.38401447873001304
570,long,0.2,50,atr,3.9110255756935697,188.663615724943,points,3.246452950834677,162.8043810907766,0,75.0,25.0,off,15,state,state,through,0.25,-0.06320136075765331,-0.09312300663854339,0.9109408146505591,-0.17602966734373426,24,3.887361419068736,-0.14660428670535908,False,-0.8232714163726413,-0.9432530180365722,0.3312456687630758,-1.510185420025722,12,-0.846168599005974
570,long,0.3,14,atr,3.8570867418930597,32.217105415637334,points,5.835077964595275,302.6852485448385,0,150.0,25.0,state,300,state,state,through,0.25,0.4183148000932338,0.5819468885544251,1.1435179913752873,20.747563581972287,682,110.46585365853659,2.0471986054021234,True,-0.42627939511815577,-0.6390783031485062,0.8958598276921601,-6.1231470254477935,301,-0.37543980488523243
570,long,0.1,50,atr,3.555460072996035,183.8196549001111,points,5.936494712379304,185.74612630702777,0,75.0,25.0,200all,75,state,off,through,1.0,0.6875329074343244,1.0927274292360898,1.1936772098417372,22.733781555792326,747,120.9941241685144,2.858864274526192,True,-0.38750361653039667,-0.5432522378299637,0.9107149041359518,-4.10137761427517,328,-0.39522017829055966
570,long,0.2,21,atr,3.4425656361428394,205.03784990731586,points,6.290141175472663,86.14030193011041,0,50.0,25.0,state,75,state,state,through,0.25,0.0010193116759883414,0.0011214439007975812,1.0003635061855574,0.03432489212941192,766,124.07161862527715,0.002938320720799988,True,-1.2805741822814507,-1.4924255407137972,0.7324841485432315,-10.191147972654452,320,-0.808283800579546
555,long,0.3,21,atr,1.4455382309469498,136.790599137021,points,7.3568713312741005,385.4725292684638,0,50.0,25.0,200all,300,state,cross,through,0.25,0.5501192936381324,1.3905828963270714,1.2165553845379724,14.205670925472607,731,118.40254988913526,3.2523169640432616,True,-0.16909720150927882,-0.34953615046874503,0.9473878035937305,-1.3921092220639264,305,-0.22455395636298187
570,long,0.2,7,atr,2.28125147699039,281.89444026539167,r,7.483932341903417,262.4540703557796,0,50.0,25.0,200all,75,state,cross,behind,1.0,1.0597439788515792,2.58402914741387,1.496043103681966,40.79439548343157,746,120.83215077605321,8.122648608091106,True,-0.10173031979449469,-0.17056143617757455,0.9681293742463425,-1.109612218513047,327,-0.12468187298585087
570,long,0.2,30,points,3.6285605914957513,255.1249422580666,r,3.0388623387221227,299.7829616771761,0,75.0,25.0,200all,75,state,state,through,0.25,0.9523924117832254,2.1113638904939194,1.454302518609991,36.59266157262539,663,107.38835920177384,9.643336673586672,True,0.3145276944441977,0.5455647048466622,1.1138370869121392,3.5699670186841512,285,0.49192062447980717
570,long,0.2,14,points,5.116113056849622,242.30115160473412,r,2.8870599486596658,351.53436208502006,0,50.0,25.0,200all,75,state,state,confluence,0.25,1.2866062482267397,3.0933825473256094,1.6858188650525963,46.780897544797554,715,115.8109756097561,14.185029130032618,True,0.12827573855960622,0.20543447998691286,1.0431426662129781,1.2828237733072432,310,0.18481135448295044
555,long,0.2,14,points,5.851692668381073,260.3518081827652,r,6.64383420501293,348.776981054799,0,50.0,25.0,200all,75,state,state,confluence,0.25,0.993929560951678,2.2326129600535207,1.4882075433726354,34.26886838275131,729,118.07860310421286,7.68507991698211,True,0.5008152644031177,0.8986938251151494,1.1875499242068472,5.669197985110387,314,1.0925312783170913
570,long,0.2,14,points,5.826159751423828,260.66915996938036,r,1.6555479892052374,397.85668056188626,0,50.0,25.0,state,75,state,state,off,0.25,0.5651752191014658,0.7701500887902146,1.260386293943155,24.38206880384972,690,111.76164079822617,2.6212250218663593,True,0.036874865014418334,0.05982716390308916,1.0121961262237062,0.428404512528358,298,0.04334222286818981
570,long,0.2,14,points,4.194018462372243,287.6868898466495,r,3.8613715574247722,262.85713389012744,0,50.0,25.0,200all,30,state,state,confluence,0.25,1.261282978886653,3.136453911220741,1.6999507314250044,45.29184211030193,712,115.32505543237251,12.584334561130463,True,0.1408435941774,0.22090455123609096,1.0480357065503114,1.4221202486418303,309,0.1968967910360357
570,long,0.2,21,atr,5.4115336648922225,40.69544940188609,points,6.088875806541065,161.21973310427535,0,25.0,25.0,200all,75,state,state,through,0.25,0.36747980142372794,0.5183632914302505,1.1215936994834441,6.912040719147582,751,121.6420177383592,1.9110055574095957,True,-0.4161292585518283,-0.5139979907378813,0.8759116256912896,-2.9385978254681318,310,-0.42999234757840055
570,long,0.2,21,atr,5.491330963326592,68.19113587008063,r,6.649931316347921,346.1225871763822,0,0.0,10.0,200all,75,state,state,through,0.25,0.7324940483904862,1.5121924720224746,1.3119286030955692,32.22473887941213,630,102.04323725055433,3.809703343090942,True,0.5676507079251947,0.9826059322936571,1.208962834269397,9.021730791591253,261,0.5727757844702808
570,both,0.2,50,atr,3.3299200258896624,164.58578612383602,points,7.970602827458312,184.42212391809343,0,50.0,25.0,cross,75,state,off,through,0.5,0.030756255635420594,0.04531757589483225,1.012226955567351,0.5650400948194214,363,58.796341463414635,0.08682918315124802,False,-0.5265005178894014,-0.6683392152333152,0.8175334522317076,-3.7516944360491395,172,-0.7118651876919937
570,long,0.2,50,atr,2.5991981746141932,105.27216989722555,points,7.81618396515857,194.68669456267787,0,50.0,5.0,200all,75,state,off,behind,0.25,1.1213917175573052,2.3864347573873905,1.4283215936114764,29.62885049268762,683,110.62782705099778,7.406400261045658,True,0.018780134937707284,0.032042525703806155,1.0053857841096787,0.15384590194403636,302,0.02602350937750189
570,long,0.2,14,points,4.831116778102296,198.15549362768843,r,4.236843730795417,368.43728067005605,840,50.0,25.0,200all,150,state,off,confluence,0.25,0.8411135698331318,1.3808553045800582,1.3031798597418984,23.587567964528798,789,127.7970066518847,3.88954536636501,True,0.23752415493471804,0.35069783607852406,1.0705978287202342,2.3016152447643985,326,0.31414568187415115
570,both,0.2,21,atr,4.631172872184725,73.80919075155722,points,4.852607998966935,244.5517825733858,840,50.0,10.0,200all,75,state,state,through,0.25,0.4334885379446606,0.6587425344526134,1.1113908686927405,14.189536757191009,1249,202.30476718403548,1.9464144196063868,True,-1.2057731364286033,-1.5551115908334296,0.7431941823477928,-14.029636631397231,525,-0.8647355342316372
570,long,0.3,14,points,4.42711796897763,183.42649043760275,r,2.4398502895243834,317.32188579876265,0,50.0,25.0,200all,75,state,state,confluence,0.5,0.6366523449811375,0.884291233870005,1.3060833091956268,26.056679363365845,771,124.88148558758314,2.506127003030691,True,0.3264077088929351,0.5706375030769661,1.110076264122715,3.437378117155384,328,0.4410832786528548
570,long,0.3,50,atr,2.039830991867488,52.19128076596241,points,7.470457286880735,358.155106197339,0,50.0,10.0,200all,300,state,state,behind,0.25,0.8085130240681255,2.0272276652186387,1.3511401089125554,21.483542691160423,708,114.67716186252771,6.116959535676757,True,-0.04733085888760886,-0.09885008382440849,0.983945998462601,-0.3911494718361348,297,-0.0716391571494252
570,both,0.2,50,atr,2.12567609786307,75.2842349755543,points,6.112876991968049,295.16321208167625,0,50.0,25.0,200all,75,cross,off,through,0.25,-0.005089861072902337,-0.009603603367142294,0.9949033060238771,-0.03646329504182083,62,10.042350332594236,-0.009342277830907495,False,-0.9044747158654134,-1.2225544276509381,0.45583309682647843,-1.830044370251854,33,-1.0
570,long,0.2,7,points,5.983890076292875,118.67276855372553,r,2.9893246306567796,206.46940634953305,0,50.0,25.0,200all,300,state,state,confluence,0.25,1.0454491357569533,2.248216095804793,1.415148511808644,30.441039431695,744,120.50820399113081,7.549197854594827,True,0.1683112453268323,0.30626642786780717,1.052270956046156,1.535869568847387,323,0.2049821837014834
570,long,0.3,30,atr,1.9168412119320293,136.1369257578448,points,6.099312197625414,385.0420818789554,0,50.0,25.0,state,300,state,cross,confluence,0.25,0.33662171699466176,0.45501985107197357,1.1554182650942304,12.846902096595423,733,118.72649667405764,1.2002257990767278,True,-0.31282895656546283,-0.5321170149316066,0.9034436516320812,-3.0879622084034306,318,-0.3601234573945361
570,long,0.2,30,points,5.806562701425662,181.79018587331183,points,7.123261301521292,300.3987211157464,0,50.0,25.0,200any,30,state,state,through,1.0,0.6901710236555193,0.9205078686997673,1.2994739488965914,27.478671313844217,862,139.6210643015521,2.7442412053027705,True,-0.03696260045466507,-0.0575608167325239,0.9898088748536623,-0.37095678722481606,370,-0.04583130371689299
570,long,0.3,7,atr,4.275208746906972,162.53292586843875,points,7.889700110813036,277.9297081553942,0,50.0,25.0,200any,300,state,cross,behind,0.25,1.0101552386644577,1.6426277379685261,1.3670845106635054,34.527328129168026,780,126.33924611973393,4.573685617306134,True,0.0182161571940522,0.02522106858546308,1.0054874756272203,0.1981949455852372,332,0.02552339510216203
570,long,0.2,50,atr,1.9593021864568179,129.00343705258706,points,7.29324364173512,279.296363211264,720,0.0,10.0,200all,30,state,state,through,0.25,0.4519255099562086,0.7914717192915564,1.1356532648268647,9.992836862788312,751,121.6420177383592,2.833933225588887,True,-0.6220265465863444,-1.0027429541778468,0.848667517393148,-4.775354893869107,308,-0.5098344474471517
570,long,0.3,50,atr,2.663660720269143,62.4990501866922,points,5.895808720541243,393.55615527077094,900,50.0,25.0,200all,300,state,cross,behind,0.25,0.5964938794152712,1.1050035275512533,1.194019866679991,14.05427717119931,753,121.9659645232816,3.398648721283788,True,-0.11447378196689727,-0.1895965023332585,0.9678443275591265,-0.8893586882878506,304,-0.14468117167409483
570,long,0.5,14,points,5.340711439164108,251.62580805272756,r,3.3303259425112293,367.2994718382202,0,50.0,5.0,200all,75,state,state,confluence,0.25,0.7844011843605789,1.827933151776624,1.4195375301012065,28.931494348325835,654,105.93059866962305,5.669242903000462,True,0.385726046460344,0.7419010844839787,1.1577315185090244,4.430002209587283,285,0.5897362820394786
570,long,0.2,50,range,5.949655470066315,262.63838048296685,r,2.4005763741761728,302.59117712766033,0,50.0,25.0,200all,150,state,state,confluence,0.25,0.5175821067383665,0.963288891530073,1.1872682088695696,10.304245964151644,692,112.08558758314855,2.4766421628924338,True,-0.18549827253394457,-0.29198506102428595,0.942768136977209,-1.3770609345044234,291,-0.2126110227902761
570,long,0.1,50,atr,4.232444201316825,176.52351039542754,points,4.667156090960795,179.2639427887138,0,50.0,25.0,200all,75,state,cross,through,0.25,1.2419661895804845,2.039229557118138,1.4171415749792924,32.37155541613167,731,118.40254988913526,5.05924489619165,True,-0.01694290790650895,-0.023734898815662406,0.9954898362801555,-0.1449175077368241,310,-0.029610809202742703
570,long,0.2,50,atr,4.154030208760943,136.49476279319748,points,3.257346911553328,249.25811718792386,0,150.0,10.0,200all,150,state,state,off,0.25,1.0359867054661454,1.9080475078221995,1.3689236044206625,35.48454718279153,673,109.0080931263858,4.631971772993077,True,0.23794511925840228,0.3748037035212771,1.066597419261026,2.7587980879013276,290,0.31884264687700165
570,long,0.3,50,atr,5.120681362445653,131.78864584557516,points,5.472840599578154,109.31070839579303,0,50.0,25.0,200all,15,state,off,through,0.25,0.7270437275175983,0.9677685879361824,1.2126295684009143,18.360383859276013,694,112.40953436807095,2.6128599382402236,True,-0.38323404412125023,-0.46056850090641754,0.903681471874312,-3.2975015905952176,297,-0.46590840591416194
570,long,0.2,14,points,5.184227696356288,238.00146198922445,r,2.4324209702661523,397.81352095025665,900,50.0,3.0,200all,75,state,state,confluence,0.25,0.5550197084669942,0.9496688425379904,1.2042301757339313,14.399867323552732,789,127.7970066518847,3.130861907727749,True,0.16180896338148992,0.25067856240707953,1.0521211774044295,1.514241233766645,326,0.2506261631278183
570,long,0.0,14,points,5.558831814553497,181.4234152153117,r,3.901927770340322,320.792987011733,720,50.0,25.0,200all,75,state,state,confluence,0.25,0.5718914782251656,0.9608235576966208,1.1921404130506728,13.25284201567363,823,133.30410199556542,3.4430406421849034,True,-0.43063758738498187,-0.604737398142895,0.8881761946322031,-3.4535299370441934,342,-0.5992022911402831
570,long,0.2,14,atr,4.486725719354439,110.75181104110962,points,5.807514274105002,139.4980628143087,0,75.0,10.0,200all,30,state,state,through,0.25,0.6335546407649301,0.9101939905456797,1.1915068315144177,17.50212897196032,730,118.24057649667405,2.535939617597083,True,-0.5675195218720969,-0.7184230028681822,0.8564597028874744,-5.245961740766005,307,-0.4684482332725526
570,long,0.3,50,atr,3.161563585954293,71.2729276130413,points,6.235275384541952,336.17334806686455,720,50.0,25.0,cross,300,state,state,through,0.5,-0.01511144411283093,-0.02191261546885841,0.9934093149532,-0.23734594645428198,337,54.585033259423504,-0.06872993823914046,False,-0.2919956379231833,-0.4449770425544121,0.8938176035880965,-1.8215887921907037,164,-0.45486653083260237
570,long,0.2,50,range,2.546685027634532,134.47050600954273,points,5.743947427107855,263.92306774634994,900,50.0,25.0,200all,75,state,cross,through,0.25,0.33308347423976753,0.5873674428436936,1.1124464763691897,6.416176674435149,676,109.49401330376939,1.536354268944866,True,-0.30573974383526586,-0.46514372317792263,0.909306256937909,-2.142220216386477,281,-0.3390857375443823
570,long,0.2,50,atr,0.9791551981074089,70.61530897687472,points,5.727858225147482,268.1489283366162,0,50.0,25.0,200all,30,state,cross,confluence,0.25,0.6024525726542673,1.6728152989785574,1.2310667535310036,12.00972238321811,765,123.90964523281596,3.2903749298922897,True,-0.12226736873627984,-0.28316106049603457,0.9621831932159132,-0.7202176292434967,320,-0.15049906013484934
570,long,0.3,30,points,3.8455653765776776,263.38362791424197,r,3.703439995926277,344.59290012511536,0,50.0,25.0,200all,15,state,state,confluence,0.25,1.208803129783105,3.0143052485439608,1.6766353746555405,45.420994882730824,696,112.73348115299335,11.232026945703684,True,0.0927278736678363,0.1468854301653763,1.0315157154157097,0.923101141589727,303,0.13476547212816453
570,long,0.3,7,atr,3.2958404153074397,152.28481449260968,points,6.590555827459136,197.39959932124947,0,150.0,25.0,200all,300,state,cross,through,0.25,0.8757210396041282,1.390436924458243,1.260263982506486,31.236162268201156,677,109.6559866962306,2.5907464443011854,True,0.13484385475256144,0.192496176050103,1.0328540195475817,1.6956428210674748,293,0.15185391170337845
570,short,0.3,50,atr,2.7986905259252786,56.53790743290986,points,6.626805297718215,378.0894317069513,0,50.0,25.0,200all,300,state,cross,off,0.25,0.12867628875540296,0.23285878145014238,1.0543721749334567,3.406630012740679,489,79.2049889135255,0.4503747849533906,False,-1.085907950570025,-1.5178326043727124,0.6630065023419669,-8.36165901145394,214,-0.8925212756684998
570,long,0.2,30,points,0.7247228034642312,231.6998016224942,points,5.901566569040188,398.8895677777571,0,50.0,5.0,200any,30,state,state,off,0.25,0.9852357294277981,2.0979088129749033,1.4475836152055999,33.250502775649956,754,122.12793791574279,7.656731150618079,True,-0.02846825940338827,-0.04907870652844741,0.9903725456952405,-0.32202386458548027,326,-0.036519049257955155
570,long,0.3,50,atr,2.3433626736197892,107.5140430927696,points,7.219504373352535,351.995717515301,0,25.0,25.0,200all,150,state,state,through,0.25,0.52902092783356,1.140017380889713,1.2129742343805001,10.994570962107401,734,118.88847006651885,3.0389855102509347,True,-0.15554437761436712,-0.2737681931053635,0.949652140945214,-1.0311577680592172,300,-0.159630384278911
570,long,0.5,21,atr,3.2425197910986894,211.05735517272038,r,7.901544306715125,328.30106355520996,720,50.0,25.0,200all,75,state,cross,behind,1.0,0.40852065637636115,0.6287131738760363,1.1302109258576851,9.72028482469152,773,125.20543237250554,1.395032845436184,True,-0.6007155099474891,-0.8235562883579411,0.8517204523661277,-5.160608483937666,324,-0.57187094810685
570,long,0.2,50,atr,5.047391349370055,182.6399780252322,points,5.781666060455571,136.02587812035046,0,25.0,25.0,200all,75,state,state,through,1.0,-0.1188128263979671,-0.13004410046037276,0.9482686470393528,-3.743396195197508,830,134.4379157427938,-0.32371602798154003,True,0.01748458250992486,0.022618539958397573,1.004975128748138,0.11376456428924775,334,0.022911618089541026
570,long,0.3,7,atr,3.2322775692080628,108.43874002128884,r,5.828954461444894,352.8371584093548,720,50.0,25.0,200all,300,state,state,through,0.25,0.6147768544368396,1.0027854461253631,1.2156391227164212,13.700996861336275,738,119.53636363636363,3.094744987653623,True,-0.058221738413018184,-0.08079831026359507,0.9831401939527953,-0.4629628103777055,306,-0.06229955333934267
570,long,0.2,7,atr,4.350295544145566,144.64575403945864,points,3.3541997353358957,223.95209005795925,0,50.0,25.0,200all,300,state,state,through,0.25,1.282363365280279,2.205919698000138,1.5001915995141324,34.85791438852078,727,117.75465631929046,5.606683629923346,True,0.2163350783726053,0.3027571512868269,1.0672292380527342,1.999673190131892,309,0.2646797547721303
570,long,0.2,7,atr,2.8130461256451254,177.22433804353167,points,5.038550291049448,137.64609836297637,0,50.0,25.0,200all,300,state,state,through,0.25,1.2228933351943727,1.9571413347775104,1.3964545159495534,26.93492303200391,743,120.34623059866962,5.91515778483829,True,-0.21000495071191402,-0.2681416601681384,0.9440919555656032,-1.6776352237737076,310,-0.18529726595830914
570,long,0.2,30,atr,4.3853296061875024,261.4237179710571,r,7.576901878066978,344.5736127129636,0,50.0,25.0,200all,75,state,cross,confluence,1.0,0.8419327069171694,1.2747688994385704,1.394579348691759,39.811566803514815,813,131.68436807095344,3.4251856300304078,True,0.05256400875782738,0.08067182808975723,1.0156927599945138,0.5608942758627582,360,0.06988922451636399
570,short,0.2,14,points,5.268810556603446,213.3791147557847,r,3.8432065018066712,323.58263706102974,0,50.0,25.0,200all,75,cross,state,confluence,0.25,-0.3265929978028423,-0.5535197355545954,0.7029465049095904,-2.847513698303269,82,13.281818181818181,-0.5058532194554115,False,-0.751905818597937,-0.8149269630699676,0.5383510894103907,-1.0607435335132878,36,-0.6790385739499107
570,long,0.2,50,atr,5.524015144269333,114.35871027847642,points,5.583203120936735,230.94729359066568,0,50.0,10.0,200all,150,state,cross,confluence,0.25,1.2931015821350207,2.3223064991121856,1.5015781560905108,40.754924480101465,729,118.07860310421286,8.66868319428153,True,0.11750316059682617,0.17166010045755992,1.0356911829872273,1.2111921410542086,314,0.1756916229717957
555,long,0.2,50,atr,5.34779741640887,46.44730291706432,points,6.702726928487785,164.1585689177704,0,50.0,10.0,200all,150,state,cross,confluence,0.5,1.01286495884145,1.5708693217475136,1.3212874256821228,30.144681726389454,813,131.68436807095344,5.222309905442296,True,0.20623892335842428,0.2866478498747976,1.0562232791533486,2.0257939111198384,343,0.43592305519338465
570,both,0.2,14,points,4.699215096974232,240.6056357376414,r,0.6297658304148861,395.8292519316883,0,50.0,25.0,200all,75,state,state,confluence,0.25,0.6893637119346033,0.9819751291892742,1.1614051971543171,22.480481991382185,1266,205.05831485587584,3.9811050331731654,True,-0.31197524532108095,-0.403239319182896,0.9358716755685189,-3.3999010494583715,535,-0.33982688389802
570,long,0.1,30,atr,3.4608736437589753,153.4301033889601,points,7.426969360219402,399.0039136778926,0,50.0,25.0,200all,300,state,cross,through,0.25,1.3254298836060718,2.922828549706465,1.5860925582721466,43.25665956945718,696,112.73348115299335,8.432909583346781,True,-0.15309529387959728,-0.24910709458118663,0.9534607278897813,-1.4823546499090838,307,-0.20686504373098402
570,long,0.2,50,atr,5.430466053046563,123.80732244575495,points,4.895309456447071,197.95813448442635,0,50.0,10.0,200all,150,state,cross,confluence,0.25,1.248121181959392,2.1299547240203376,1.457170335406415,37.068315593743904,734,118.88847006651885,7.724699958346597,True,0.08264188656957855,0.11712137304796023,1.0242686934263066,0.8179854028835662,315,0.13254753191707996
570,long,0.1,30,atr,3.5199426647556713,202.81097468614092,points,6.324637522501737,381.75932194840055,0,50.0,25.0,200all,300,state,cross,through,0.25,1.309327663918108,2.8130902307315058,1.5653813954433424,42.07203765190782,699,113.21940133037694,7.958486627455028,True,-0.1836530558190787,-0.2955830580702703,0.9446996918025907,-1.7843510959465245,307,-0.25156900848683295
570,long,0.1,30,atr,4.265021336118197,176.33539452895334,points,7.562010465246952,379.32082333020645,0,50.0,25.0,200any,300,state,cross,through,0.25,1.2412239963979244,2.4631253236824606,1.4897308246618322,42.5731022392509,788,127.63503325942351,11.366314179317678,True,-0.4772980644171086,-0.710122915891234,0.8702796239797981,-5.109785944301295,349,-0.6365554003344893
570,long,0.1,30,atr,4.739874135198925,194.36934743434037,points,4.571565634806796,380.41183825357103,0,50.0,25.0,200all,300,state,off,through,0.25,1.1757810991199638,2.358923047684525,1.5661782040400036,42.45669483485628,602,97.50798226164079,5.759565369838093,False,-0.4067583469483229,-0.6073356459930641,0.8714714782876435,-4.49454496436684,287,-0.5215789698852111
570,long,0.1,30,atr,2.83816017535271,212.05379460700559,points,7.364698801647105,390.36899167822065,0,50.0,0.0,200all,300,state,cross,through,0.25,1.0747032835385673,2.6749213802893133,1.4890942474133648,35.0727158235713,681,110.30388026607538,10.060538082768243,True,0.05368172156123315,0.10581197783385508,1.0181408982336648,0.5697899970498295,300,0.05923750727236742
570,long,0.1,14,atr,4.324532425805131,105.12001509592147,points,7.942794470408366,337.1334137452647,0,50.0,25.0,200all,30,state,cross,through,0.25,1.1786158681684196,2.2089214310439536,1.4774116944818052,38.32128184199004,704,114.02926829268293,6.093540954591461,True,0.334020861415596,0.5100852609878864,1.1122155766004773,3.5582831994174873,305,0.42895981975465675
570,long,0.1,30,atr,3.4031990811549946,70.97111731115076,r,6.613797197049313,389.21804940264843,0,50.0,25.0,200all,300,state,cross,through,0.25,1.2448005535199518,3.2300895773632474,1.6576900772293077,46.7926201767478,678,109.81796008869179,11.747192610348433,True,-0.2808074402231589,-0.4486469909040405,0.9147858206485826,-2.653068516580566,299,-0.3669996232061779
570,long,0.2,14,atr,3.3507910162995245,199.62191171151926,r,7.047388636247738,292.26450153978277,0,100.0,25.0,200all,75,state,state,behind,1.0,0.7825437962821079,1.5777036507035698,1.3108405695680616,30.774702278457127,720,116.62084257206209,5.593732294381796,True,0.46117530829426573,0.9088264985599991,1.1686052192139693,6.310975980358473,310,0.69143366463011
555,long,0.2,50,atr,2.2749270414661256,94.96106246708867,points,5.852805408295748,185.0708494920557,0,75.0,10.0,200all,30,state,cross,confluence,0.25,0.9869159425902683,1.9169477800652257,1.3072815469845493,26.94855528351547,759,122.93780487804878,5.297283488958576,True,-0.11092418545724132,-0.19011888721873563,0.9727556461954938,-0.9326968165579452,326,-0.18283124832449224
570,long,0.3,50,atr,2.461161117135531,246.04702378435513,points,6.449370884206688,304.31132803086143,960,50.0,25.0,200all,30,state,cross,through,0.25,0.8620523302592659,1.6912101826200965,1.294936279375814,20.30615705405446,742,120.18425720620843,6.817326385616874,True,0.058565701932836264,0.10335593125692437,1.0170658408112105,0.4620972656230018,303,0.07124191318583858
570,long,0.2,10,atr,4.245453630255976,276.514919126893,r,5.535314172960914,142.41711896306487,0,50.0,25.0,200all,300,state,off,behind,1.0,0.9135151696703155,3.52314678931257,1.9532085053915458,65.81625083954026,479,77.58525498891352,5.676770614427159,False,0.8463253256593567,2.605330584329283,1.7402513573983445,19.1511522037233,232,2.2043264632057498
570,long,0.3,50,atr,2.962728277959769,43.63181968573947,points,5.111885828404267,328.9636839142938,960,50.0,25.0,off,30,state,state,through,0.25,0.33617472845285906,0.868792048529669,1.8976798443947351,1.4008661163842093,24,3.887361419068736,1.684531780049592,False,-0.6497752677940277,-0.7660357655038664,0.4269550609917149,-0.9333679660215374,12,-0.7727093221339941
555,long,0.3,30,points,2.108586588933683,239.15788455786472,none,7.13351787144311,374.17921572503496,0,50.0,25.0,200all,75,state,cross,confluence,0.25,1.0082690544599973,2.133020795768843,1.4804027831713211,40.18149883568189,687,111.27572062084258,10.488035284736997,True,0.2600181990659339,0.4315501522379726,1.0926235831984739,3.0080838960569416,301,0.5926822792070836
570,long,0.2,50,atr,3.9547429210816825,128.4935809930782,points,2.0052717597394816,72.58338493098,720,50.0,25.0,200all,75,state,cross,through,0.25,0.4457430650645425,0.575076556408911,1.1186865210266803,7.880898025478939,751,121.6420177383592,2.4217476681401338,True,-0.806608410259957,-0.9504121473383602,0.8200242741305327,-5.474788383335832,308,-0.822811580899765
570,long,0.2,50,atr,4.588876977632265,111.8023909319556,points,6.337579287043305,221.87947809515197,0,50.0,5.0,200all,150,state,off,through,1.0,0.562062853953909,0.7459410007797379,1.237123394489722,23.785833186937783,712,115.32505543237251,1.5046273156221142,True,-0.33431487650717207,-0.4908278447750088,0.9057141363101366,-3.4877912093073005,321,-0.4507204034607715
570,long,0.2,30,points,2.93949570709065,297.4795422339241,r,3.9041327123815437,341.5331868943478,0,50.0,10.0,200all,30,state,state,behind,0.25,1.1175705253843884,2.845160859872923,1.64920049841364,40.40598448951928,672,108.84611973392461,12.928838762679055,True,0.22292429176949574,0.37950283844773536,1.086231598817771,2.3727143704429654,288,0.32504321226212257
570,long,0.0,50,atr,3.486477756278943,74.13635032629809,points,6.318649147593871,350.48716300984364,0,50.0,25.0,200all,15,state,state,behind,0.25,1.131592879375876,2.415397269232078,1.467345084707031,32.25825700026651,741,120.02228381374722,7.788044431768775,True,-0.013852334135155325,-0.02380590460622667,0.9957520411612344,-0.1272398047832255,317,-0.02623118925749894
570,long,0.2,21,atr,3.173999968511534,166.30426321950887,points,7.536559549889861,295.0680145816276,0,50.0,25.0,200all,75,state,cross,through,0.25,1.4867489228815522,3.0975979236710236,1.6231078984101253,44.91039682314812,701,113.54334811529934,10.711800292389729,True,-0.07230351321730008,-0.11184720753743431,0.9787018134103823,-0.6973474143379841,305,-0.08766388119936065
570,long,0.2,21,atr,4.015369808796373,245.43443204349688,points,7.3204225972663055,397.3781444853453,0,50.0,25.0,200all,75,state,state,through,0.25,1.4026289105356953,3.190382258914103,1.6781265820402167,42.996625190567315,699,113.21940133037694,14.447882440606657,True,-0.043807094904651935,-0.07001447396985751,0.9855686882684027,-0.44398299388031326,301,-0.04780702022839575
570,long,0.2,21,atr,3.1493517359797876,164.63598697815556,points,7.510173754292967,319.24273815049855,0,50.0,25.0,200all,300,state,cross,through,0.25,1.4413251761805517,3.0286948462676344,1.6098965254697695,43.586186574992226,697,112.89545454545454,11.06726248374477,True,-0.04585397110407819,-0.07266967880374335,0.9862170552203658,-0.453753066104003,304,-0.054272955389128234
570,both,0.1,30,points,3.5977142581207944,208.0759803653846,points,5.973279344540695,276.35919398894055,0,50.0,25.0,200all,300,cross,cross,through,0.25,0.31324660228143497,0.5309093867695498,1.2426612310313543,4.546600731511058,133,21.542461197339247,1.0178617170138022,False,0.30058761484396057,0.4766134363927545,1.2481969628279752,1.1376472232600277,55,0.8800519801565398
570,long,0.2,10,range,3.8808851250216305,241.23309275149538,points,6.539128324433141,391.6254637096394,0,50.0,25.0,200all,75,state,state,through,0.25,0.7488797777407928,1.726695072196843,1.3466836457404574,18.324504359845044,655,106.09257206208426,5.181024050911193,True,-0.13885488261373968,-0.24436926896763825,0.9519698985298183,-1.165812677336917,277,-0.14682103734463214
570,long,0.2,21,atr,4.122107573665902,167.0624980299925,points,7.64354422628451,334.340960524153,0,0.0,25.0,off,300,state,cross,through,0.25,0.03788357450940018,0.0674930496171426,1.050684627610197,0.2994973999640377,31,5.021175166297118,0.1033100707264459,False,-0.09344838796973795,-0.14043054593716894,0.896607070164361,-0.3598263684907989,15,-0.1327759961277788
555,long,0.5,21,atr,3.6572190146976706,127.36055770555328,points,7.912109935595794,243.22993407642707,0,50.0,25.0,state,75,state,cross,through,0.25,0.9430335057565914,1.5973662044509818,1.3278525642241006,28.220819067557763,726,117.59268292682927,3.8992165162096284,True,-0.5582564926926414,-0.7843938735632628,0.8572625892785832,-5.7247861048924396,323,-0.4699257800168718
570,long,0.2,21,atr,2.292940495978678,189.78019586990789,points,5.6330895224215105,343.52286203357045,0,50.0,25.0,200all,75,state,cross,through,0.25,1.261125027473688,2.9346749374575047,1.5269366627200138,35.076917251999674,702,113.70532150776053,11.853716870000003,True,-0.07342051347759809,-0.13039962880469277,0.9777764994811177,-0.6819827962947214,303,-0.07200497830220427
570,long,0.2,50,atr,4.825119125015628,129.3047382670302,points,6.951041574525114,332.27505957533583,0,50.0,10.0,cross,150,state,state,through,0.25,-0.17960672047003384,-0.2764332021933335,0.8929330116552905,-3.12044629907884,215,34.824279379157424,-0.3319377477630394,False,-0.147087212649662,-0.2289947304304379,0.9289780384625185,-1.0692355645468306,118,-0.21733131797925923
570,long,0.2,21,atr,2.4941736739207663,226.10705207549626,r,6.822361105417136,393.45738500194767,0,50.0,3.0,200all,300,state,cross,through,0.25,1.1340108640719404,3.3862475449747045,1.637348326385453,41.70425086869078,666,107.87427937915743,12.383097375976643,True,0.18335738521068853,0.37654360654277486,1.0686254398655632,2.0127191409848972,287,0.20611123461279315
570,long,0.3,21,atr,4.706441369608394,295.59298996660647,points,7.060389182822499,342.31176668722253,0,50.0,25.0,200all,300,state,cross,through,0.25,1.290116717657665,2.478927707072393,1.5477825927907938,41.43869233557845,682,110.46585365853659,6.297766816086851,True,0.03670218419827439,0.054449975465683934,1.0120817269615279,0.39055335204122343,293,0.04743332528060952
570,long,0.2,21,atr,4.554516736159135,228.85728089871344,points,4.965498828688144,392.7224096106604,0,50.0,25.0,200all,15,state,state,through,1.0,0.779043781866672,1.0769466576401499,1.3848010667925161,31.824641525315982,789,127.7970066518847,3.2290206800580563,True,-0.027884534111072085,-0.043400751270138836,0.991166330360122,-0.2973956758124183,330,-0.027002207800787926
570,long,0.2,21,points,1.17642388282622,190.76280385522938,points,6.904646867244244,386.5271846028637,720,50.0,25.0,200all,300,state,cross,through,0.25,0.787941596671113,1.2341815669954703,1.261640224653645,18.158835419196095,753,121.9659645232816,6.724944231527668,True,-0.02917950118505047,-0.041833777871078025,0.9917006901952574,-0.2439276038306475,310,-0.035042758388355806
570,long,0.1,21,atr,4.438603044318338,259.4484342822269,points,6.824419849517271,372.5949168326172,0,50.0,25.0,state,75,state,state,through,0.25,0.7927559280945502,1.3778255407693902,1.298223447521504,27.34936292554861,730,118.24057649667405,3.3054253625424135,True,-0.40844287401044155,-0.6176236520149075,0.8809844323132241,-4.594534834971678,315,-0.4490247554834868
570,long,0.2,21,atr,4.761364704404699,276.00171142009685,points,6.5758414649002885,375.6235340923307,0,50.0,25.0,200all,75,state,state,through,0.25,1.3609181540314328,2.888280943547581,1.6347406432585112,40.98954999346569,703,113.86729490022172,12.100546189752508,True,-0.08273003805115021,-0.12626874128158497,0.9727555119294921,-0.8395981835428632,300,-0.08021530261559344
570,long,0.5,21,atr,4.7157390177762055,173.77334461465014,points,6.4053470867814335,328.0128120513156,0,100.0,25.0,200all,75,state,state,through,0.25,0.6158558873729025,1.067874877054875,1.2272559947425237,21.208456004984384,642,103.98691796008869,2.1083923580312565,True,0.1070079487525586,0.1701405649693591,1.0325586653699574,1.2368834842149177,283,0.09907858193064131
570,long,0.2,21,atr,4.157862171671265,278.0602715209843,points,7.03946023893331,329.37999853928545,0,50.0,0.0,200all,75,state,state,through,0.25,1.265720741753263,2.904911512528175,1.6061128418253257,38.76289206531867,692,112.08558758314855,10.264162012921657,True,0.18429670351497437,0.31170042126523045,1.0644218863032344,1.96546270268622,301,0.18364076222989115
570,long,0.2,50,atr,1.1063610626411557,81.74798368388159,points,5.61925615254503,224.82357016998665,960,50.0,5.0,200all,75,state,cross,through,0.25,0.46346836964541194,1.1479303447340545,1.1649906468525044,8.801319465141798,751,121.6420177383592,2.4852792996326265,True,0.14307850732193783,0.33588390368914034,1.0465444983739267,0.9049390358536191,308,0.2047358095277561
570,long,0.2,21,points,5.397987584269076,145.01220962710045,points,7.3013492875025525,373.3824766368722,0,50.0,5.0,200all,30,state,cross,through,0.25,1.1269645670626312,2.4746171716016163,1.5112260542120808,37.846005112372325,673,109.0080931263858,8.434818947303123,True,0.08367298588901485,0.15508167589161462,1.0289764078725783,0.8814622122677402,295,0.10966655150350028
570,long,0.2,50,atr,1.7683997644958296,170.5487853449457,points,7.446331837925261,314.48981314421036,0,50.0,25.0,200any,75,cross,state,through,0.25,0.32805670223815003,0.7822992911504885,1.3629436732488394,2.8713714407862554,89,14.415631929046564,2.451119477472988,False,-1.2087877763814112,-1.7097057461315484,0.415651803818074,-3.200020540081886,47,-0.7595832013333133
570,long,0.2,21,atr,4.729221636077845,236.559531176291,points,6.054119282736583,368.03511735785435,0,25.0,25.0,200all,75,state,state,off,0.25,0.5139733893002304,0.9392716056895669,1.2163392066166745,11.850458397438723,718,116.29689578713969,3.300873272054019,True,-0.28063905977060977,-0.40177015089947377,0.9022077646081245,-2.1636719697298785,293,-0.28637818291250927
570,long,0.2,21,atr,2.6011036542267365,184.1805115778456,points,7.263549276179139,265.07328684000925,0,75.0,10.0,200all,300,state,cross,through,0.25,1.0188826796118817,2.0579251721579443,1.3715580714683246,32.37341295003543,689,111.59966740576496,8.134834044401803,True,-0.5066807181774386,-0.800686780242507,0.8683697766008425,-5.255563325010328,307,-0.48174111856803625
570,long,0.0,30,atr,4.0213501187712,184.52821456951904,points,7.5995631510782085,355.38555862039215,0,50.0,25.0,200all,300,cross,cross,through,0.25,0.6018098625496081,1.3635199093367325,1.8580082949663923,7.711672758476432,73,11.824057649667406,2.836954374734091,False,0.0182437054543953,0.028004770197075073,1.0184136941443471,0.05515672229155549,27,0.03149046688705567
570,both,0.2,21,atr,5.648343524693866,273.2072855110205,points,7.123055292543712,348.6864977243535,0,50.0,25.0,200all,75,cross,state,through,0.25,0.13636040567243157,0.2176172696765694,1.1535791682737018,1.1374788461780536,73,11.824057649667406,0.3405194456319622,False,-0.9647572599490012,-1.0184851421215522,0.403489626511249,-2.242791976850495,38,-0.8995409535908931
570,long,0.1,30,atr,3.53186467878646,282.2764563310423,points,6.886277067910777,385.0853099721361,0,50.0,25.0,200all,300,state,cross,confluence,0.25,1.3243110629195847,2.8643688320123832,1.5590142092124546,44.151627506608314,728,117.91662971175167,6.842300168072933,True,0.012934395639608898,0.021171529253810363,1.0039647900524358,0.1293969188978603,320,0.019300198190985423
570,long,0.1,30,atr,3.5583761680292247,293.79733996761365,points,7.291003634996117,389.7874745741387,0,50.0,3.0,200all,300,state,cross,confluence,0.25,1.1360153241786788,2.5863236574964343,1.5098544243535759,39.87613003603431,707,114.51518847006652,7.0058118012297514,True,0.2964695390538577,0.5556363687333549,1.1054378853637452,3.3740467649131074,313,0.4456245564350747
570,long,0.3,50,atr,3.292157874189204,137.29094543732165,points,6.976366036362407,249.99791703077062,720,50.0,25.0,200any,75,state,cross,through,0.25,0.6875852784664758,1.094439008406137,1.199699348717992,15.095493935852684,835,135.24778270509978,3.7346785943400973,True,-0.3707377967308142,-0.540695918902519,0.9094497620518273,-3.1018617831384017,344,-0.36632983247299494
555,long,0.2,50,atr,1.9000147967250787,132.1611769227655,points,5.212230423141156,104.41914620613528,0,50.0,25.0,cross,75,state,cross,through,0.5,0.5760369773669375,0.9236471009003737,1.3283008517133448,5.56164522443651,189,30.612971175166297,3.2103473779980365,False,-0.9666313917602496,-1.1055963903905173,0.6090151302607953,-4.279044934040005,95,-0.8607592371008792
570,both,0.1,30,atr,3.8098282570518758,139.83927388572806,points,6.816084091076387,384.32195746253313,0,50.0,25.0,200all,300,state,cross,through,0.25,0.9794700082723685,1.8555260853888305,1.2945631487259304,41.816782954663275,1191,192.91031042128603,3.726045097996387,True,-0.6585147763411885,-0.9717005759811087,0.8525978514901368,-8.88159904294135,525,-0.918888079648661
570,long,0.2,30,range,4.204041412633411,261.76819511998696,points,1.3884381021790215,379.86439340560736,0,50.0,25.0,state,75,state,state,confluence,0.25,0.13961577155197105,0.17757936811423738,1.0701781052139483,4.9853656388451295,678,109.81796008869179,0.48453244594066,True,-0.32970776501859056,-0.5645512357274192,0.8949226235917785,-2.938918409517803,292,-0.4100028955086846
570,short,0.3,50,atr,4.729802277196022,206.77773214892687,points,6.261858469943387,398.60377196758174,0,50.0,25.0,200any,300,state,cross,through,0.25,0.09431407094643392,0.15706342584701685,1.0363089982444778,3.09378765815314,597,96.69811529933482,0.22644095545804735,False,-0.43846125885820586,-0.6311982621817436,0.853448518090054,-4.7054621882679255,259,-0.6105689156012991
570,long,0.1,21,atr,3.447916517921694,131.39512000778367,points,7.071284335081047,356.343941995664,0,50.0,25.0,200all,300,cross,cross,behind,0.25,0.6632027166948656,1.613420140435904,1.8704706288041457,9.65991581743237,83,13.443791574279379,3.377126213834664,False,0.04397411377179287,0.07399646777135699,1.045694809982762,0.14535798972764147,27,0.11323660475444779
570,long,0.1,30,atr,4.073020816793789,75.22956086121663,points,7.993291255985964,362.0079944635919,0,100.0,25.0,200all,300,state,cross,through,0.5,0.8235172831811939,1.4905145484041875,1.2891856636379844,32.4520732117017,696,112.73348115299335,5.586672487998742,True,0.036352302839450866,0.05839937702104889,1.0103427552800774,0.4697372807187863,304,0.049554989416326384
570,long,0.1,50,range,1.2654279485933841,186.34648312028781,points,5.584591538386219,357.60052013792216,0,50.0,25.0,200all,300,state,cross,through,0.25,0.6021906297994871,1.316784795448272,1.2546709506411036,14.186224826680753,643,104.14889135254988,3.2104763754873566,True,-0.4546401486986236,-0.7431336916668977,0.8574130474837245,-3.551778542346334,277,-0.4556439797634923
570,long,0.2,21,atr,5.473420389512472,78.37674332500126,points,4.835422740802185,256.03816931881784,0,50.0,10.0,200all,30,cross,state,through,0.25,-0.2735723714561107,-0.33946041083287065,0.6428682813040653,-1.4073632612669709,33,5.345121951219512,-0.6434478182906082,False,-0.26574205538300666,-0.3436617790565759,0.6775238497140772,-0.535600658506787,15,-0.4550383138719894
570,long,0.1,30,points,4.452807796224351,221.5005511805092,points,5.853940483706834,347.8189715356994,840,50.0,25.0,200all,300,state,cross,through,0.25,0.6418799956955239,0.982038710066495,1.2124976645181238,16.491638370222844,764,123.74767184035477,3.007312178315709,True,-0.07386168028048483,-0.1051121731019941,0.9788223577695889,-0.671226136880317,315,-0.10299265847534299
570,both,0.3,30,points,3.776110630797187,179.44187577684716,none,7.890236434221846,389.2076712520108,720,50.0,25.0,200all,75,state,cross,confluence,0.25,0.3115339268390644,0.4893913267818647,1.076164750743175,10.42101269308058,1270,205.7062084257206,0.9560467143178454,True,-0.9735644274115973,-1.338432452974547,0.8086461404720533,-10.767132874080875,528,-0.904111237480481
570,long,0.1,30,atr,2.6312931514593036,206.84281508758298,points,5.006903962136584,336.610625012649,0,0.0,25.0,200all,300,state,cross,through,0.25,0.9753666647958409,2.0229988662806937,1.3364531829783668,39.119944995859015,669,108.36019955654102,6.915947353908794,True,-0.333730161977459,-0.5853862940770499,0.9169362738809758,-4.19257911416885,297,-0.2627393805811274
570,long,0.2,14,atr,4.141456230954872,166.12212550461305,points,6.1475762619387755,383.87444787545604,0,50.0,25.0,200any,75,state,state,through,0.5,0.668611646398322,0.9107149176725318,1.3108744538783752,27.3491919613937,819,132.65620842572062,2.698029376705826,True,-0.35206032994803776,-0.523849986039396,0.8976807052117365,-3.885969828817199,348,-0.3240803690331396
555,long,0.2,21,points,5.451762687959949,85.03108446823441,points,4.572497438980971,249.56761628680246,0,50.0,10.0,200all,75,state,state,behind,0.25,0.7343670192091484,1.5659739063033933,1.2666623299109885,18.90279886319585,735,119.05044345898004,3.3685875780428773,True,0.371744308930022,0.7420386913907527,1.1151458772848817,3.106969811714971,319,0.684710695733691
570,long,0.1,10,atr,2.9611129805166745,180.26859381054354,points,6.697567351051061,398.7939444271083,0,50.0,25.0,200all,300,state,cross,through,0.25,1.2520285334828145,2.667956623933485,1.5430094997558856,41.09354143856692,703,113.86729490022172,7.735743611829376,True,0.24406127042579503,0.39845362642170434,1.081442656516189,2.5863327167395296,305,0.3311779681502965
570,short,0.2,21,atr,5.094675664107018,109.70430240240728,points,7.308180509900594,268.4710132266131,0,50.0,25.0,200all,300,state,cross,through,0.25,0.06646203488725232,0.0973629414548075,1.0249871875219578,1.8503939635532376,515,83.41629711751663,0.16326615566672772,False,-1.0768151781432898,-1.3161210933956438,0.6673866170626874,-9.784083127337075,227,-0.9443404787427441
555,long,0.2,21,atr,3.5836284975569273,255.18062351545808,points,5.314434614180709,393.81946454852266,960,50.0,25.0,200all,75,state,state,through,0.25,0.9509947575837169,1.7641480233964006,1.349567757328654,24.841646749277523,781,126.50121951219512,6.332545387350257,True,0.30336335143605436,0.4865182661657982,1.0950526490061576,2.813295828916279,316,0.6467612524150839
555,long,0.1,30,atr,3.174238239075632,166.40233668733444,points,7.726265613784962,311.67409797512397,0,150.0,25.0,200all,300,state,cross,confluence,0.25,1.169065809897848,2.328224287954457,1.3982220496534588,46.16626607786643,716,115.97294900221729,7.9140030746282735,True,0.7282179007553929,1.3459106648560653,1.2020834310735533,9.506992721226645,316,1.759323506192911
570,long,0.1,50,atr,4.651834189289938,274.10865337073903,points,6.915655163663325,323.27882246475957,720,50.0,25.0,200all,300,state,cross,confluence,0.25,0.8531370351171107,1.3472750953789374,1.274313296949599,19.576014014100696,793,128.44490022172948,6.552482920614252,True,-0.050094706280020614,-0.07155834481971636,0.9861948939590471,-0.4234578368562816,324,-0.08508102835300915
570,long,0.1,30,atr,2.630168853871788,242.1366296238267,none,5.609473663718305,344.298791718701,0,50.0,25.0,200all,300,state,cross,confluence,0.25,1.1659291495354158,3.2875325274696685,1.592910207647638,42.80036582316052,706,114.35321507760531,11.849467477448664,True,-0.4958314438318303,-0.8096508298989435,0.8623302531836831,-4.260582266420197,314,-0.5894091729194959
570,long,0.5,30,atr,1.8762772588546466,272.46226705337125,r,7.146142298015024,311.7019104219839,0,0.0,25.0,state,75,state,off,behind,1.0,0.43189946223232795,1.0126760426127461,1.2430256877316426,32.64481731103436,569,92.16286031042128,1.6642201192786221,False,0.34148990548883,0.9596257993073386,1.1366896643994728,6.689992720490477,248,0.9984398661159724
570,long,0.2,21,atr,2.0706867970381175,179.12258581531145,points,6.835834598812195,280.58204855519386,0,100.0,25.0,200all,300,state,cross,off,0.25,0.8674526309553158,1.831672231311782,1.3054546427610767,26.623541185034735,666,107.87427937915743,5.22568108306402,True,-0.3150602715330138,-0.5423704873245938,0.9176026322188926,-3.1032277472596705,292,-0.42234794641686485
555,long,0.2,7,points,3.714794538638758,250.51059584177517,none,5.816302401015246,383.9442967866613,0,50.0,5.0,200all,75,state,cross,confluence,0.25,1.0114156419263614,2.267384463648701,1.5165573878400525,41.90261166209241,682,110.46585365853659,8.688908358352991,True,0.1869117532101656,0.33378242392906504,1.0708011129009531,2.4017716839975876,308,0.2838535508219701
570,long,0.5,30,atr,4.1229949920510975,149.8432858024451,points,7.090098372940101,391.72946051453806,0,50.0,25.0,200all,300,state,cross,off,0.25,1.03558398462736,1.9656738694450373,1.4587043303146585,33.50904918430171,636,103.01507760532151,5.632038959726781,True,0.016955106741345233,0.02718596675179372,1.0056826181745915,0.16961173783777284,273,0.022518784744157534
570,long,0.2,30,atr,4.877737570744458,225.71516572474826,points,6.941897575435461,277.1721967136834,0,50.0,25.0,200all,300,state,cross,through,0.5,0.7468271709918656,0.9733557418738389,1.3397775977712927,29.84841656083167,723,117.10676274944568,2.4479053816538676,True,0.3916386890473402,0.5865382304304237,1.1259487454128623,3.973953177822035,311,0.6092829035339369
570,both,0.2,21,atr,4.047858732090243,152.54586248470187,points,7.605808964733639,337.6645436458794,0,50.0,3.0,200all,75,state,cross,confluence,0.25,0.9792980323062607,1.8855589489615516,1.3104670723400123,44.10242371617769,1191,192.91031042128603,3.40001242446998,True,-0.43660853062738125,-0.6703948424723443,0.8891497118413783,-6.320083205340621,517,-0.6183526777482712
570,long,0.2,30,atr,4.087278629702635,186.52414377408948,points,2.5843420727896564,57.87157202152794,0,75.0,25.0,200all,300,state,cross,through,0.25,0.7422973018062534,0.9336375461115459,1.1900739232822648,15.30217363781356,740,119.86031042128603,2.8126077062493535,True,0.004772979099999355,0.005572233445700874,1.001132834257439,0.035434650379591925,309,0.008543842572903422
570,long,0.2,50,points,4.539147819867141,205.11416431846163,points,6.0143365144695515,384.468206646517,960,150.0,25.0,200all,75,state,state,through,0.25,0.7024340779913095,1.189559373829968,1.224341171873152,22.166962723383985,751,121.6420177383592,5.564074333689501,True,0.32810347261083317,0.5159884091803659,1.0908553122182958,3.683992090534497,308,0.5095595866057515
555,short,0.0,30,atr,2.2065223033479127,199.57949459235226,r,5.957016733793688,291.16667316774766,0,50.0,25.0,200all,75,state,cross,behind,1.0,-1.0006790116398303,-1.6195657703452029,0.6811488096313932,-24.631598896696556,601,97.3460088691796,-0.797768658103047,False,-0.6743480310960933,-1.0709287107744196,0.7800848837907512,-5.824647000427097,264,-0.618104794252766
570,long,0.2,21,atr,5.784478472299042,265.8477055062182,points,6.202989543216485,381.9224664424465,0,75.0,25.0,200all,75,state,state,through,0.25,0.8500616023976318,1.5497216782323058,1.3467267481788974,30.045656957352993,685,110.95177383592018,4.475384374128308,True,-0.15114034644912935,-0.2153584153658307,0.9501819480017447,-1.8433039411257628,295,-0.14907287169285555
570,long,0.2,21,atr,1.903512399774439,153.90135505151187,points,7.516437215512702,337.27240057551643,0,50.0,25.0,200any,300,state,state,through,0.25,0.9574608626180825,2.2573922975909437,1.3692675006757116,25.095069106317823,806,130.55055432372507,7.316954281920142,True,-0.24042589876693507,-0.4378768978750702,0.9322541556715995,-2.038098425035135,345,-0.23110350724088355
570,long,0.1,50,atr,1.6780234267924112,251.94005615879976,points,7.195089769572221,373.10511827377707,0,50.0,25.0,200all,300,state,off,confluence,0.25,0.6396786850633237,1.6884314104920972,1.27474004456174,17.69970531736842,699,113.21940133037694,3.342880577321149,True,-0.10824028199229221,-0.23907231817861804,0.9642872620319339,-0.8740269310574735,305,-0.15170000980078258
570,long,0.2,21,atr,2.5027441821962184,80.56651365304344,points,5.753417631536027,266.2156041635361,0,50.0,25.0,off,30,state,cross,behind,0.25,0.16695478575479364,0.33715016523248587,1.2487916508586347,1.111060882271209,36,5.831042128603104,0.9232839476159542,False,0.3410556091861965,0.6198925963224146,1.5958389326290296,0.68805990606639,16,0.9861534177466319
570,short,0.2,21,points,5.356984247714399,261.2318979634784,points,7.622998118939963,347.03732220377395,0,50.0,25.0,200all,75,state,state,through,0.25,-0.3565294464627535,-0.5248182735504918,0.8692286795701766,-9.05764601335356,517,83.74024390243902,-0.5535900507168856,False,-0.8410375324911955,-1.12984643485904,0.7313260390019354,-6.902362187994456,227,-0.9228573140763975
570,long,0.1,30,atr,2.8089560340285797,158.2496841358985,points,7.095359842555495,336.46265539736095,720,100.0,3.0,200all,300,state,cross,through,0.25,0.7738251588859658,1.3125673346477291,1.2341975884285767,19.169202434800397,764,123.74767184035477,5.121967620791353,True,-0.7530560082493514,-1.0891448604875702,0.8226415302632383,-6.928036085399878,315,-0.6655100776869136
570,long,0.2,30,atr,3.5654877386792205,273.2527868336144,points,5.587569473751182,339.4994710724792,720,50.0,25.0,200all,15,state,cross,behind,1.0,0.7482495223191282,1.1861886466806817,1.2293055908943689,17.0223217940205,816,132.17028824833702,4.269654549595347,True,-0.15948772674359876,-0.22716858157849903,0.9576742474104971,-1.3514431466031454,339,-0.19154101849958033
570,long,0.2,30,points,3.0913308333979748,255.23311372526078,points,2.3845614686305048,374.71671655379237,0,50.0,25.0,200all,300,state,state,confluence,0.25,1.2460208674315754,2.506215638274839,1.5578220169693462,38.49229109766874,730,118.24057649667405,13.303042558313031,True,0.32379461433668105,0.526116330366737,1.1122078027692615,3.280657405183259,313,0.5075372857327975
570,long,0.0,30,atr,3.901783217815378,252.6301193970931,points,5.416239362330017,399.41053990077825,0,50.0,25.0,200all,300,state,cross,confluence,0.25,1.2919540555703948,2.7487533323249584,1.5445697528335276,44.96427034203504,738,119.53636363636363,9.138775724240862,True,0.036379012241484945,0.059218158866916885,1.0111511967252287,0.3867468438073114,326,0.05150955752717812
570,short,0.2,30,atr,3.5457412653383575,228.20192449710268,r,7.3268090216101935,119.61754770184754,720,50.0,25.0,200all,300,state,cross,behind,1.0,-0.28319784398633624,-0.43148186247643944,0.9036982038150743,-6.793135001226532,584,94.59246119733925,-0.46608274738124805,False,-1.0514383832133536,-1.3827174829959359,0.701617276690303,-9.157020161469065,255,-0.8301265702572069
570,long,0.1,30,atr,3.1638057198376455,272.9941706440865,points,6.682703869955512,318.53841272278675,720,50.0,25.0,200all,150,state,cross,through,0.25,0.9166378081349226,1.5216873248865828,1.2941681719704046,19.796022426985015,764,123.74767184035477,7.973187440378405,True,-0.2600129513805274,-0.37873992507108956,0.9313821977596948,-2.0890575237457067,315,-0.3471615065374199
570,long,0.2,50,atr,2.616811968672629,187.40928135619026,points,2.7001012040197145,190.44246075592156,0,50.0,25.0,200all,75,state,cross,confluence,0.5,1.255454263213125,2.4090925210075795,1.4047746798256338,31.42971344249321,797,129.09279379157428,7.847989813514304,True,0.19481999587897528,0.31464449161353386,1.0500592666829038,1.5976452020946872,340,0.2267450685902649
570,long,0.2,21,atr,4.852237416991809,259.3292398442403,points,5.181218164330018,300.39072361637477,900,50.0,25.0,200all,75,state,state,behind,0.25,0.8068766059545165,1.3181564080328294,1.279477438964387,18.9189841171276,760,123.09977827050997,4.411047751347168,True,-0.17191583199142824,-0.23535340992173137,0.9487362786513805,-1.5127016039275223,311,-0.20400688259364552
570,long,0.2,14,atr,1.8003404031072938,44.295066123555884,points,6.429832558999106,214.13616517599746,0,75.0,25.0,200all,75,state,off,through,0.25,0.9234692959235637,1.8562304423883536,1.3085456940589506,25.450023466218205,677,109.6559866962306,5.964927338480297,True,-0.405871037551605,-0.6573487078335402,0.9004256784184751,-3.576191359326198,304,-0.39596531629434023
570,long,0.2,30,points,4.675303912606124,218.05239442861807,points,5.226791319303304,243.48085811677086,840,50.0,5.0,200any,30,state,cross,through,0.25,0.4585146351914696,0.7007305189465275,1.1427307830047857,12.030143313796104,843,136.54356984478935,3.5315571065733593,True,-0.28259939081874624,-0.4009795012647862,0.9238490168051168,-2.79876560985083,350,-0.4036103149566846
570,long,0.2,21,atr,3.934886423200901,140.13517809507945,none,7.4702750279680625,324.65468612221946,0,75.0,5.0,200all,75,state,cross,through,0.25,0.8198275619266662,1.7307673202603604,1.3738475971071853,33.90502065169849,625,101.23337028824834,5.291906650339472,True,-0.07318740102030982,-0.12699886905982824,0.9744331305271711,-0.980114271288711,276,-0.0881796413687337
555,long,0.1,30,atr,1.2651783630508908,280.41862074636737,points,7.654215292061003,308.1986740454092,0,50.0,25.0,200all,300,cross,cross,confluence,0.25,-0.15482729003894233,-0.3318881685036887,0.8740391178099229,-1.2814683978759334,102,16.521286031042127,-0.3945593249839581,False,0.24376663534778983,0.6028767687776829,1.2401477880048732,0.707104891461124,40,0.36797726106863554
570,long,0.2,30,atr,5.04034506342173,183.86024838962058,r,4.604205229552335,242.11542342203387,0,150.0,25.0,200any,75,state,cross,behind,1.0,1.0637676130045124,2.293979164580859,1.4250521895239112,56.49600162433839,731,118.40254988913526,6.853583269844113,True,0.2232882252397747,0.3802131737028047,1.0656696609716516,3.781464992557545,318,0.2860202859634023
570,long,0.2,21,atr,4.195533353626572,230.7443338743052,points,6.537078081399629,297.07412863086813,0,50.0,25.0,200all,75,state,state,confluence,0.25,1.4431202962750782,3.0000445014815567,1.6185424774797699,41.38857446059577,744,120.50820399113081,12.200629431185847,True,-0.135994123667516,-0.19940079275797665,0.9590191765230464,-1.3064505274598677,321,-0.1560052808646049
570,long,0.1,21,atr,3.9296410837052185,159.244066892435,points,5.7713320555661,232.08569997605184,0,50.0,25.0,200all,75,state,state,confluence,0.25,1.1329410057412914,2.069779281965985,1.415277754819822,29.409833036142743,772,125.04345898004435,5.689048306881728,True,-0.11224259106201721,-0.15991695225043137,0.9684889450389084,-1.0029206154633434,329,-0.18819751440317944
570,long,0.2,21,atr,3.1881892301948866,154.3008028902982,points,5.213990631826562,281.2045364307857,720,50.0,25.0,200all,75,state,state,confluence,0.5,0.739586889299341,1.2097575252618453,1.2283479609716403,15.672884870751789,834,135.0858093126386,5.08324405173265,True,-0.4753011040175261,-0.6576965585077481,0.8791913083878657,-3.765897678421939,347,-0.41310461565306367
570,long,0.2,14,atr,4.64969954144304,273.39758293981384,points,4.332556719385442,327.7062442799646,0,50.0,25.0,200all,75,state,state,through,0.25,1.3632498813261744,2.7519099923676658,1.6118889297401635,40.068430278590995,707,114.51518847006652,10.162260757016881,True,-0.08411945582490192,-0.12311357211857824,0.9729817455968959,-0.8271933115536347,304,-0.07879045172384484
570,short,0.2,14,atr,5.219266381327182,278.3332934159131,points,5.746170100121639,324.0088941375952,0,50.0,25.0,200all,30,state,state,off,0.25,-0.12073444517970212,-0.1775202018198096,0.9523130081224477,-3.0434530104619046,492,79.69090909090909,-0.25552110189946436,False,-0.628463734511969,-0.8086364385837906,0.7774418665442,-5.527374485032836,212,-0.8470639131216554
570,long,0.2,7,points,3.0025445990904402,242.99287650269787,r,3.5676028059739227,315.0077895585411,0,150.0,25.0,200all,75,state,state,confluence,0.25,0.9713280634979989,2.207483829243541,1.43126981804852,41.92527154885087,670,108.52217294900221,8.693120181718768,True,0.8034968574019472,1.5740384488309602,1.291109763719317,11.395060792133538,290,1.257369389315447
570,long,0.0,21,atr,5.847071153037714,243.91320651473364,points,4.9750061931191665,220.9814775733799,0,50.0,25.0,200all,75,state,state,through,0.25,1.0589205551627119,1.7520172188014882,1.3916764882546064,28.618423130031267,752,121.80399113082039,5.435553391984448,True,-0.11925851521164649,-0.16461441197885288,0.9657817030103404,-1.082049072820773,323,-0.17371761222687804
570,long,0.2,21,atr,3.2045075058247927,202.4281552189148,points,4.80307928405088,358.7533369987202,0,50.0,3.0,200any,75,state,state,confluence,0.25,1.010539395033747,2.2587335182538593,1.4251924586559137,32.31006680583445,810,131.19844789356983,10.993288230056763,True,-0.24201299948670243,-0.4165669625826108,0.9268989499514555,-2.6599995863557515,353,-0.261999146060548
570,long,0.2,14,atr,3.9362644819450927,279.4543928365152,points,2.466829387941426,358.9362100478659,0,50.0,25.0,200all,150,state,state,through,0.25,1.451272391459037,3.157059090692765,1.6745442253262468,43.09427916680669,708,114.67716186252771,12.343677641527327,True,-0.08941259979679825,-0.13522273925484438,0.9711171259831092,-0.8941061264819812,301,-0.0871596891553205
570,long,0.2,7,atr,2.8459273634338382,285.70888647895794,points,4.9011168804386624,310.3004826564183,0,50.0,25.0,state,150,state,state,through,0.25,0.5587925572089513,0.7357138781764416,1.2388257251272128,22.80810694053637,730,118.24057649667405,2.027953819368915,True,-0.2543486187767998,-0.37783966818318476,0.9271846623994283,-2.7543992834126136,315,-0.25531767899372165
570,long,0.2,14,atr,2.7980185218915152,285.86266936541955,points,3.5394763347638354,283.04470588716845,0,100.0,25.0,200all,150,state,state,through,1.0,0.4599467775681469,0.623789653360147,1.1748157106618677,19.628507789296147,799,129.41674057649666,1.7458033675301095,True,-0.084533040962698,-0.13469971659193883,0.9778165136578852,-0.9353477752745185,337,-0.09712685883069208
570,long,0.3,50,atr,3.6956497594512343,45.91987861870213,points,7.700771690661293,199.50461914707614,960,100.0,25.0,cross,300,state,cross,through,0.25,-0.3852941111312706,-0.5236568126991715,0.8560679459513827,-8.218721395392045,317,51.345565410199555,-0.6567396079231075,False,-0.26802078491266035,-0.38643624132965126,0.9143781835841576,-2.095855693489579,157,-0.35385734973301886
570,long,0.2,50,atr,5.094471543316143,274.54057568926646,points,7.744825523401645,380.5041022629238,0,50.0,25.0,200all,75,state,state,through,0.5,1.309659841417388,2.7925017076222125,1.599156741858307,39.76225749623336,726,117.59268292682927,12.412007815025994,True,0.00806388036211951,0.012648319723886378,1.0026262273585638,0.07956524729504366,310,0.009394948239228972
570,long,0.2,14,atr,4.285249504258658,236.8550544835286,points,3.541233068590399,314.6168684076092,0,50.0,25.0,200all,75,state,state,through,0.25,1.3705708802902323,2.769145196777222,1.6030602190819194,39.22830130592722,710,115.00110864745011,10.430866410021753,True,-0.11271499403782508,-0.16358162648560332,0.9643384118345708,-1.0976253502030549,304,-0.10918364368952131
570,long,0.2,21,atr,4.38222321310446,252.01541105705508,points,6.91613440262817,306.7517271508853,0,50.0,25.0,200all,150,state,state,confluence,0.25,1.3484526202118496,2.7288273872795568,1.568586694866393,38.31343259946226,741,120.02228381374722,10.72771591396724,True,-0.12596285348335165,-0.18454735905200192,0.961597666989352,-1.2324302669468548,320,-0.13925742169681965
570,long,0.2,14,atr,5.134431547283368,288.70286296043963,points,0.758838229510906,341.8114346724166,0,50.0,25.0,200all,150,state,state,through,0.25,1.3790878139673486,2.762922902767206,1.6301241166562017,41.208798578700396,705,114.19124168514412,9.977100993921658,True,0.1078345544125532,0.16248419845999898,1.036187588847226,1.0752589423473564,302,0.11522119708853595
570,long,0.2,14,atr,3.7141201247224016,268.44002001487246,points,2.869278029849878,310.8225639025845,0,50.0,25.0,200all,30,cross,state,through,0.25,-0.13552179720473265,-0.18986223251544376,0.8223537745432246,-0.7139826625286614,36,5.831042128603104,-0.3427322296897116,False,-0.7369252365189228,-0.7781156693701068,0.3473424419860456,-1.393432353390848,16,-0.784238677969598
570,long,0.2,14,atr,3.6349542941585895,228.9122697645667,points,2.2007377077206787,350.6496042310355,0,50.0,25.0,200all,150,state,state,through,0.25,1.4464647284997643,3.1634732335651736,1.6633284524695477,42.30307048091821,708,114.67716186252771,12.621981008907385,True,-0.0172530886597436,-0.02646863529593516,0.994395829808176,-0.16742157691569481,301,-0.017449020612296688
570,short,0.2,14,atr,4.7753686471814065,292.3337275797087,points,0.8312602456184448,278.4789278938484,0,50.0,25.0,200all,150,state,state,through,0.25,0.01783560699380919,0.026307329658284764,1.0068069626995217,0.4460608444857339,521,84.38813747228382,0.044895508074656816,False,-0.8265059882671724,-1.0268498617176434,0.7279877584163688,-6.965463325814145,226,-0.8476778303315414
570,long,0.2,14,atr,4.882625388501515,183.32672165198952,points,2.076076723991265,328.48103748199406,0,0.0,25.0,200all,150,state,state,behind,0.25,0.8111120650045879,1.4269827875556078,1.2893637066164705,32.920127429105364,677,109.6559866962306,3.720063431920642,True,0.48156590019079254,0.7906121376882119,1.145028645912571,6.755651032921129,290,0.4832432083098361
570,long,0.2,21,atr,4.7801279494245055,268.4765291989938,points,7.777188573659361,262.9305097900287,0,50.0,25.0,200all,150,state,state,confluence,0.25,1.2742808133593735,2.390500413285395,1.506172967492206,35.08162550518948,748,121.15609756097561,9.64279662841014,True,-0.15488484903529903,-0.21775043489481383,0.9542583394376377,-1.4855275677055566,323,-0.1688922855501461
570,long,0.2,14,atr,3.8009520580248584,248.08985735250636,points,1.1610187834950465,342.5127865237293,0,50.0,25.0,cross,75,state,cross,through,0.25,0.4263890169687578,0.7623362632387262,1.3449638302152402,6.318344397490412,165,26.725609756097562,2.7045934331283394,False,0.024987531417447494,0.038601224746998,1.0142845091712687,0.16936477867886507,87,0.0383595613875154
570,long,0.5,14,atr,3.484863989105209,237.50543024715964,points,2.4199670612583826,349.49985708874937,0,50.0,25.0,200all,150,state,state,through,0.5,0.3059712542415249,0.3914189691623391,1.1427951247534274,12.094639520970944,699,113.21940133037694,0.9938845056978036,True,-0.014589344260652561,-0.023094014424014726,0.9953938730783614,-0.13867342644250336,296,-0.012441548715153327
570,long,0.2,14,atr,5.36147108970382,286.72443194253935,points,1.3543582337975906,355.0409812699797,900,50.0,25.0,200all,150,state,state,through,0.25,0.8998561880110871,1.4963439499695412,1.3317121481555085,22.099427072461424,755,122.28991130820398,5.689438746713576,True,0.026408305968680598,0.03674425381617011,1.008173498418418,0.229763852841542,310,0.029523083043016974
570,long,0.2,10,atr,3.7817064600497985,213.88212697452536,points,2.5178946781616567,337.9593815397876,0,50.0,25.0,200all,150,state,state,through,0.25,1.3128968722609105,2.6803212380598365,1.5786985136382798,38.5883494331022,707,114.51518847006652,7.55567859906926,True,-0.11349069668232331,-0.16756745310334162,0.9639311345407177,-1.1246574556059192,303,-0.11106108675071545
570,long,0.2,14,range,3.0526082032195623,154.70806098452275,points,3.133813786958498,361.47441900526155,0,50.0,25.0,200all,150,state,state,through,0.25,0.7764288011111009,1.7604744256494378,1.3516862531584735,18.326526310553838,651,105.44467849223946,5.735921205942847,True,-0.16257129662090292,-0.2778673099913747,0.944812799462161,-1.3185550501179204,275,-0.16464561158892066
570,long,0.2,50,range,5.123640132651187,44.742941743043154,points,6.887669651617413,203.0532572279544,0,50.0,0.0,200all,150,state,state,through,0.25,0.7308044257792765,1.512650742147689,1.2957841911751782,15.762462152183302,651,105.44467849223946,4.875310539188692,True,0.20853745940512203,0.34863777277806035,1.067983526311341,1.6173963476307645,280,0.25710459581404493
570,long,0.2,21,range,1.6108718902591068,63.27651607474607,points,7.94413448984496,292.3335418844469,0,50.0,5.0,200all,300,state,cross,through,0.25,0.5537946879540085,1.2321683014126572,1.2393859970452636,13.551350053295685,639,103.5009977827051,3.6048106246911455,True,-0.1243321923194132,-0.22029653768339155,0.9570450366318853,-1.0707934817384022,280,-0.13584002124545927
570,long,0.2,14,atr,5.429655630497271,285.29292672461474,points,0.7408090698421579,349.8562466691378,0,50.0,3.0,200all,15,state,state,confluence,0.25,1.2231849947680187,2.620977200543517,1.5860230807245685,39.147334182064725,724,117.26873614190687,8.62736094015924,True,0.3197792339966345,0.5293340006205748,1.1178238558884874,3.5576809272430117,314,0.40215651023321575
555,long,0.2,14,atr,4.615728237231972,258.10799773830877,points,1.066370467071722,250.4812802862998,0,50.0,25.0,200all,150,state,off,through,0.25,1.0790831638584688,1.78085267661021,1.4112384681686267,35.84159658179547,661,107.06441241685144,6.046631161408675,True,0.17818580844611293,0.2420228303185417,1.0560674094591112,2.0885579025777368,298,0.307237134908042
570,long,0.2,50,atr,5.231325471924631,100.66115525308828,points,5.252396139549483,185.86950577537584,960,25.0,10.0,200all,300,state,state,through,0.25,0.6775363016788196,1.0976079874618805,1.252097831345973,13.80431319877709,751,121.6420177383592,3.02249539529475,True,-0.20496946770828753,-0.28258652480519225,0.934050982347871,-1.4039047727006047,308,-0.30125985187021503
570,long,0.2,14,atr,5.233828744613476,217.2663298885072,points,4.562082254927582,393.43004252544324,0,50.0,25.0,200all,75,state,state,through,0.25,1.3825005476822059,2.9316827587458816,1.668395784418726,43.71161157432119,701,113.54334811529934,11.014753717501923,True,0.1548234112346023,0.24237215453453834,1.0540218813103677,1.6088452958438504,300,0.17988814428459968
570,short,0.2,50,atr,4.114646025533368,177.1226650445018,points,5.4219634047801595,82.96989899960127,0,100.0,25.0,200all,75,cross,cross,through,0.25,-0.21607057144949168,-0.2765744685894799,0.7932324141313979,-1.0973894174772143,32,5.183148558758314,-0.6158563632499803,False,-0.4525131912612647,-0.523335552207387,0.6640136320103693,-1.0589683345500385,19,-0.6166009314266847
570,long,0.2,14,atr,3.570090675445202,190.6477711191118,points,4.923570959742404,357.3992645981748,720,50.0,25.0,200all,150,state,state,confluence,0.25,0.8174197956555913,1.3450920243880817,1.2728191555462918,17.210139941344632,789,127.7970066518847,6.145471412602362,True,-0.20706062660389102,-0.2843172660220596,0.9420088734754389,-1.6834013343360856,326,-0.2273551227179951
570,long,0.2,14,atr,5.20156243263027,167.79009544174428,points,5.93571256895398,388.29292434398565,0,50.0,25.0,200all,75,state,state,through,0.25,1.368231141264928,2.8712615271184623,1.6562044101244622,43.102971675072936,701,113.54334811529934,9.865730101323845,True,0.13647276946780054,0.21233866961667133,1.0473158760352357,1.4083347550071732,300,0.15678078974824655
570,long,0.2,14,atr,4.461369297329337,195.76367177054422,points,4.972066145110011,391.0612584029059,0,50.0,25.0,200all,75,state,state,through,0.25,1.3735277679428617,2.96980117214831,1.6546984803325313,42.48029347532477,702,113.70532150776053,11.025215114191656,True,-0.06123824686252947,-0.09341796917008595,0.979584587628765,-0.6327393190286656,300,-0.06193836172483132
570,long,0.2,14,atr,5.340637497294821,227.39765381675457,points,4.083038449211752,377.4936539881995,0,50.0,25.0,200all,75,state,state,through,0.25,1.3445619483167937,2.7688297584836463,1.6306162424131123,41.358684453310765,703,113.86729490022172,10.367345608628773,True,0.1172895687493741,0.181162775765059,1.0404214470247652,1.2070922718879462,300,0.13194651353496883
570,long,0.2,14,atr,4.837094882148738,208.25144345229842,points,4.129545939094691,399.91761062842295,0,100.0,25.0,200all,30,state,state,through,0.25,0.7587246906964663,1.4103482379788517,1.2974892542986085,28.30394345412911,674,109.17006651884701,3.607533588788425,True,0.06233235086809681,0.10035692033645466,1.0197242186676425,0.7533872017910035,288,0.06292736866705344
570,long,0.2,14,atr,3.02376799619916,200.16764387808732,points,5.344443867649829,308.5925160842401,0,150.0,25.0,200all,75,state,state,through,0.25,1.0466451456807515,2.0259443047041494,1.3888174131754814,37.53850644251032,683,110.62782705099778,6.448922373332275,True,0.24098912272177325,0.40798054167481945,1.0686514272841148,2.9052877084512527,296,0.26847002383778074
570,long,0.2,14,atr,5.82752799115551,174.44426973556202,points,4.142326372355316,393.243734214857,0,50.0,25.0,200all,75,state,state,off,0.25,1.3376326346461063,2.804383232866569,1.6578001302375138,41.858440105008384,674,109.17006651884701,9.21638845939747,True,0.252768068820862,0.39835715653360104,1.0928020779100662,2.6057438092219716,285,0.31767319859700355
570,long,0.2,21,atr,3.929396431577206,255.67134348327107,points,0.6052005642616702,279.4531554942016,0,0.0,25.0,200all,75,state,state,through,0.25,0.7936840986469073,1.3913501143438889,1.2702203574194735,29.72033803053519,685,110.95177383592018,3.643278187073373,True,0.1870433853364411,0.29130673953354325,1.0510785509351712,2.4724704725200572,296,0.1953247222954762
570,long,0.2,14,atr,3.4121227916995647,211.69295934863072,points,1.6092650019263504,295.54807562372264,0,50.0,0.0,200any,150,state,state,through,0.25,1.2163148580764258,2.635813212419961,1.5116944505263237,39.10064137879516,791,128.1209534368071,12.08767598505967,True,-0.16337925546108598,-0.2617890188451745,0.9510709068003647,-1.7672631543768116,345,-0.15902204585732796
570,long,0.2,21,atr,3.0647368969142454,107.46694197197888,points,7.232183237509238,289.27479754807365,0,50.0,0.0,state,300,state,cross,through,0.25,0.7439705526900013,1.0473359178554755,1.339222411655725,31.588657899527476,713,115.4870288248337,3.1360761284161387,True,-0.16360640478539573,-0.27869608059262513,0.9518325695219004,-1.8186470718826122,317,-0.1687928949142894
570,long,0.2,14,atr,4.7652781351997895,221.36963037101793,points,1.6469301221872548,340.30128917114183,0,50.0,25.0,200all,75,state,state,through,1.0,0.6744515686207212,0.8988797790010591,1.311382243184044,27.086655355849025,805,130.38858093126385,2.695475259152162,True,0.00850225774545874,0.012612059370547088,1.002652382667846,0.08763294963167745,337,0.00802351143064306
570,long,0.0,21,atr,4.748529005229838,127.36853023853007,points,6.358812775349667,114.7119591167112,840,50.0,10.0,cross,75,state,state,through,0.25,0.26372502694753686,0.356013977739993,1.169228266819133,2.8481533176477853,170,27.535476718403547,0.9791514377034132,False,-0.400163388169776,-0.4779605869998423,0.8189630199559121,-2.0565543655207073,90,-0.5724465265264282
570,long,0.2,14,atr,5.337096442054971,197.13999118595595,points,5.768658708102005,314.6229433778834,840,50.0,25.0,200all,75,state,cross,through,0.25,0.7247556358960654,1.0927403387628023,1.2440223004562896,18.18039729779995,755,122.28991130820398,4.556038215772665,True,0.24091914745587872,0.3428807199181143,1.0753875165308935,2.226835830487564,310,0.2943949858705518
570,long,0.3,14,atr,4.792591412610868,208.14694687271302,points,4.782277406038743,345.347035730627,0,50.0,25.0,cross,75,state,state,through,0.25,0.14760673001831767,0.23374054678476258,1.1091446766739899,2.2335442390614686,163,26.401662971175167,0.7389740299535155,False,-0.28351023543445875,-0.40438125963548194,0.8547734054897567,-1.949500011782514,91,-0.41548711787502807
570,long,0.2,14,atr,5.482171829010524,223.6854349029003,none,5.651206344398504,369.1711971894313,720,50.0,25.0,200all,15,state,state,through,0.25,0.8437205563894447,1.4130757601768178,1.3079993725188093,18.75866572949933,755,122.28991130820398,5.931865112581377,True,-0.20550006518482405,-0.27941869300779665,0.9405205700977834,-1.654982260547746,310,-0.2042261571497575
570,both,0.2,50,atr,3.8410309466808843,114.84847555927686,points,2.752933977940908,223.22723187150928,0,50.0,25.0,cross,300,state,cross,through,0.25,-0.06980396184050577,-0.10531630643657372,0.9779647925931337,-1.7050560130523955,619,100.26152993348116,-0.13850665348225516,True,-0.01419300458555824,-0.020154786525083276,0.9958380072746477,-0.12730288082393693,297,-0.03260741568385754
570,both,0.2,14,atr,4.64239107731126,160.43281929532992,points,6.389421676897659,399.02190688510166,960,50.0,25.0,200all,75,state,state,through,0.25,0.7015543923719573,1.1619486538843804,1.1971362109040617,25.490947143467363,1251,202.62871396895787,3.31326628367438,True,-0.39778425928013267,-0.5414524209624748,0.9055412428673781,-4.921770761844332,523,-0.5278196673363776
570,long,0.2,14,atr,3.5811352788573334,276.56294662856396,points,3.841443301456276,312.5858085650491,0,50.0,25.0,200all,75,state,state,behind,0.25,1.3459139532902136,2.803950067160226,1.5818545714799999,37.81716397071746,718,116.29689578713969,11.871940245133061,True,0.28269854130461874,0.4422893401359408,1.0949962989598678,2.732560212463521,305,0.34773059093931874
570,long,0.2,14,atr,3.857735377139355,279.82836668521065,points,3.511998938717041,183.7951116680883,0,25.0,25.0,200all,75,state,state,behind,0.25,0.652933491659831,1.022552240982434,1.2247839343640192,12.390247272978733,760,123.09977827050997,3.32861647925719,True,-0.06656317409678057,-0.08774984910170247,0.9792259173946553,-0.47774964173755907,311,-0.08277418597634914
570,long,0.2,50,atr,4.337470285821186,295.2809009711309,points,1.0179290094903248,318.40770382383323,0,50.0,25.0,200all,150,state,cross,through,0.25,1.3918555417745835,2.7695753115554402,1.5876158430447376,42.466766953883166,694,112.40953436807095,9.071194117545224,True,-0.007216829125117194,-0.011222973612567149,0.9977909713258656,-0.06930960097782002,301,-0.010706829993894001
570,long,0.2,30,atr,2.7389126741673357,262.2816590247937,points,1.097557354459891,305.6655195156345,0,50.0,25.0,off,150,state,cross,through,0.25,0.1150681130858448,0.2272459760495197,1.2053698350307709,0.47243864377909434,26,4.2113082039911305,0.2919241538730924,False,-0.29327195948779783,-0.421203318631575,0.6770027805042824,-0.5482751751658878,14,-0.3938313555428578
570,both,0.2,14,atr,5.064161997060016,141.80490889626518,points,5.636411619825231,328.1780826868767,0,50.0,25.0,cross,75,state,state,through,1.0,-0.16353815928863716,-0.19303473744927876,0.9096139969286717,-5.5832606988821,488,79.0430155210643,-0.33637724089660476,False,-0.43325554522488774,-0.5970370479084518,0.8430170737267827,-3.7512138929528382,228,-0.42270306222993836
570,long,0.2,50,atr,4.5088372126173315,268.8223076834656,points,1.2496359992131543,268.9995826804299,0,50.0,5.0,200any,30,state,cross,through,0.25,1.170061736608621,2.277245201830629,1.4576407202601236,38.58623558692126,779,126.17727272727272,9.899599381847937,True,-0.49811768576883686,-0.7537507580786732,0.8654775301385834,-5.4019974704160765,346,-0.5785584448516395
570,short,0.2,50,atr,4.196810459541288,261.4508990506692,points,1.554295560088292,387.81879172434594,960,50.0,25.0,200all,150,state,cross,through,0.25,-0.10252880082116932,-0.16651307196224766,0.9598459731083933,-2.880840144041569,522,84.55011086474501,-0.19892367890599671,False,-1.078187144145255,-1.4381129738938627,0.6707165631058432,-9.84256498594459,227,-0.9091070562078787
570,long,0.2,50,atr,2.9601284215450727,260.6019177870895,points,0.7940059358646145,359.2859337916103,0,50.0,25.0,200all,150,state,cross,through,0.25,1.4256026888032218,3.352597688379076,1.6252189859540938,43.03546497492482,696,112.73348115299335,14.991426809414722,True,-0.30318338099065534,-0.520091833726959,0.9112311495440564,-2.7056917157932325,301,-0.29279949057816684
570,long,0.2,14,atr,3.62989041434885,276.6220651809294,points,1.0009772474231455,297.3771480188022,960,50.0,25.0,200all,150,state,cross,behind,0.25,1.219345481185073,2.1368542304471743,1.4384093680556769,33.46056270997934,762,123.42372505543237,4.867309228051521,True,0.3116827439518167,0.46345649139669093,1.0977250887921128,3.065958977491283,311,0.46900646506206195
570,long,0.2,50,atr,5.305647081959481,285.46116275124473,points,0.7193187052613521,251.47133420888497,0,50.0,25.0,200all,150,state,cross,through,0.25,1.3664073942391695,2.4338727197025696,1.5352149939598638,40.934893000024026,705,114.19124168514412,10.875702013036626,True,-0.0025941891380596794,-0.003690649398244245,0.9992346461684483,-0.025058123775280716,306,-0.0038332806136262294
570,long,0.2,50,atr,5.87286075162503,286.3020419967372,points,0.7316834363987599,244.8217784040551,0,50.0,25.0,200all,150,state,cross,through,0.5,1.118449905299896,1.8477248746970412,1.4116725153976921,34.62250247554942,732,118.56452328159645,8.256898319728748,True,0.2394094559811634,0.338817099269528,1.0733077458296583,2.3742909151721063,314,0.3469034650082893
570,both,0.2,14,atr,3.5732910056177225,241.7084274780183,r,3.1641013946194176,345.52391283584666,0,50.0,25.0,200all,150,state,off,through,0.25,0.7542209188099847,1.53840270301199,1.2732496315949449,37.49045465368846,1055,170.8819290465632,2.6057850112482495,True,-0.644040655455776,-0.9820812885429628,0.82740054271155,-9.828792018821716,465,-0.5789631632918467
570,long,0.1,7,atr,4.640983237330849,264.82236767653353,points,0.9298510364552734,244.5802985954456,0,50.0,25.0,200all,150,state,cross,through,0.25,0.9802310767262181,1.5744472833235226,1.3555784580447348,30.267098133897186,727,117.75465631929046,4.324916493821707,True,0.5922206562659773,0.8565302572329277,1.1928332172006544,5.974094997687619,314,1.0841635596664267
570,long,0.2,50,atr,3.4345713692343054,204.60535346660765,points,0.7468290478158739,324.304689000589,0,150.0,25.0,200any,150,state,cross,through,0.25,1.1772863359368457,2.38155062448772,1.3934316298149694,48.85364286914569,746,120.83215077605321,7.43854891643876,True,-0.2742125212809828,-0.45635107909335765,0.934499900886589,-3.6860285250694673,332,-0.2729839709761946
570,long,0.2,50,atr,4.655700247447095,283.5944426262654,r,2.0206010390733784,190.12984170917898,0,50.0,25.0,200all,15,cross,cross,through,0.25,0.06355974213508081,0.1059072456319373,1.111519325541149,0.4089841981543307,26,4.2113082039911305,0.15670079854249186,False,-0.4011925094082496,-0.45547694476139156,0.5304656698860445,-0.6644935782372345,12,-0.6283711714537416
570,short,0.2,50,range,5.488331514742041,135.36804491682062,points,4.581118918704472,149.83118167221704,0,50.0,10.0,200all,150,state,state,through,1.0,-0.3524581202175601,-0.5034004817676212,0.8836320069389283,-6.560381011005736,520,84.22616407982261,-0.7467341262582036,False,-0.49455450723450173,-0.6563126790058008,0.8393005958719272,-3.0337216077446936,231,-0.9144058520728526
570,long,0.2,21,atr,4.977952078952545,265.72982085950645,points,5.794458896809341,362.927369251121,0,50.0,25.0,state,75,state,off,confluence,0.25,0.6424344129419913,0.9030084964642187,1.290260933735961,30.54241927507162,668,108.19822616407983,2.3026237001166745,True,-0.3632819470866023,-0.524793329351129,0.8889972289405159,-4.732419862207266,307,-0.35158883477391256
570,long,0.2,50,atr,4.392622897788,236.5141638011144,points,3.0748809230996192,354.79168676776453,0,50.0,0.0,200all,150,state,cross,through,0.25,1.219318745196431,2.6741166202143822,1.5585017362501443,41.15683528212281,673,109.0080931263858,10.297409877058623,True,0.09806563685887747,0.1716398178970238,1.0334998937701472,1.0571379419470777,294,0.13678918931383027
570,long,0.5,50,atr,3.51098668144182,79.30568675546844,points,6.9229392450592915,98.17850165646902,0,100.0,25.0,200all,75,state,cross,confluence,0.25,0.084309766805271,0.11190098877860136,1.020152184170778,2.264103702842814,725,117.43070953436806,0.2703369352873085,True,-0.5292054788302958,-0.6760964133230177,0.8918938599535642,-4.704459404338069,305,-0.4925428860563575
570,long,0.3,50,atr,1.064062746619045,250.75406587335576,points,0.5419756357577035,393.87373928764333,0,100.0,25.0,200all,150,state,cross,through,0.25,0.5377295873389848,1.6935073159782303,1.2306429123774327,14.220969447387903,706,114.35321507760531,3.966523584593234,True,0.33327635536236444,0.970788263461924,1.1246518770448295,2.7129486983355546,297,0.7279984768044375
570,long,0.2,50,points,4.401750531448489,137.48902168140862,points,1.1121170068192685,235.73235618424397,0,25.0,25.0,200all,150,state,cross,through,0.25,0.013616732972461198,0.020244631814375125,1.0043028777047243,0.2898207891437692,746,120.83215077605321,0.027481307462143903,True,-0.21091814137310264,-0.31069278395813066,0.9369230375343163,-1.473457842222655,308,-0.3094123782330014
570,long,0.2,50,atr,3.3012560639741575,216.05565415898954,points,0.6602021523208842,235.34380763569413,0,0.0,25.0,200all,150,state,cross,confluence,0.25,0.8811732534482073,1.566870469020484,1.2615833032275239,33.17465580499657,712,115.32505543237251,5.57587484059908,True,0.05472992907478855,0.0881681779055243,1.0129056352615315,0.6823288813669182,308,0.06054887910268366
570,long,0.2,50,atr,4.213054724568055,277.4637223392893,points,1.8180307197421313,339.2412872410734,0,25.0,25.0,200all,150,state,cross,through,0.25,0.5387886872953145,0.9489261653260258,1.2088155336460435,12.794318594434449,740,119.86031042128603,2.0761600087423915,True,-0.018426062988322233,-0.029058386596584534,0.9936232428723664,-0.14087983411809812,306,-0.02715282560577863
570,long,0.0,14,atr,1.8632304973480436,242.52376839938069,points,4.152019666702719,396.65469339805026,840,50.0,25.0,200all,150,state,state,through,0.25,0.38134247272870886,0.6901854894334937,1.118811550290206,7.704417712596253,789,127.7970066518847,1.9317690930192712,True,-0.4508299438305149,-0.7341579887094922,0.8804600047620423,-3.505299310406164,325,-0.5492167253595052
570,long,0.2,14,atr,4.029927465424252,219.79276540442694,points,2.870706199847872,324.9620071774725,840,50.0,10.0,200all,75,cross,state,through,0.25,-0.10270941520392789,-0.1385409461573294,0.8700834699306804,-0.5806928954165131,40,6.478935698447893,-0.31522754698213734,False,-0.44721002432246293,-0.5390203428124565,0.5557401706954727,-0.8113680094215386,18,-0.6960218140355664
570,long,0.2,14,atr,4.8494715335856595,285.47766838870376,points,3.1666582358641877,249.66872400936953,0,150.0,10.0,200all,150,state,state,through,0.25,0.8615487788355649,1.4762233501904483,1.295103422224318,30.83805134471568,690,111.76164079822617,3.127260930821057,True,0.1457808254627968,0.2205202603588128,1.0397694672582813,1.7968240680470302,300,0.15590486073078297
570,both,0.2,50,atr,3.9872299746093516,286.6098478559287,points,1.7910803384623193,391.8808857691849,840,0.0,25.0,200all,30,state,cross,through,0.25,0.15735784880464693,0.24361441129151815,1.0348861687928648,7.8095201492903366,1245,201.6568736141907,0.5922745031412364,True,-1.190749840575118,-1.633240614012942,0.7916200806653971,-20.660835489647233,522,-0.893133599674286
570,long,0.2,50,range,1.6765483303043838,274.54900330542966,points,3.967613540215722,251.35092062016503,0,50.0,25.0,200all,150,state,cross,through,0.25,0.7644735709148658,1.5542766076210361,1.3006099430369578,17.01545654255229,653,105.76862527716186,5.400559789070872,True,-0.31349401101586316,-0.4840755611108753,0.9054427665902999,-2.2997710874911212,280,-0.3324980198593019
570,long,0.2,14,atr,1.6540299199147217,139.45356001248524,points,2.919024885168751,370.92525454297436,960,50.0,25.0,state,150,state,state,through,0.25,0.4721003492623971,0.9011094616954719,1.151946591321886,11.1310220910317,773,125.20543237250554,2.599233703665828,True,-0.8604566549703716,-1.209516515770131,0.7681412946682401,-7.812888536315374,320,-0.7403097369277223
570,long,0.2,21,atr,4.142740658695511,198.71106457586592,none,6.727533521097197,304.6515748520749,0,50.0,25.0,200all,75,state,state,through,0.25,1.3099021735149048,3.3932651708935553,1.7340870965811273,44.341688791957225,678,109.81796008869179,14.333377993602314,True,-0.0991592730916106,-0.15489891629157743,0.9670222461976584,-0.9738703451271009,293,-0.10920073719272125
570,short,0.2,7,atr,4.463371638914186,48.205699889038414,points,3.2137239924973042,217.44531938536798,900,50.0,10.0,200all,150,state,state,through,0.25,-0.20043436849150112,-0.2773738463562967,0.9272947325529577,-4.842706437296816,535,86.65576496674058,-0.44556335384947515,False,-1.4758593889985627,-1.7360448122051355,0.549455659376111,-12.379775987286703,228,-0.9402930164171635
570,long,0.5,14,atr,2.9376218746133995,281.78353554917663,points,5.147446720532976,338.08080593921244,960,50.0,25.0,200all,75,state,state,through,0.25,0.5298183426882654,0.8448044903466954,1.1880852237485675,13.510638851686718,707,114.51518847006652,3.650321614249131,True,0.03360448782445766,0.052395814876670777,1.010164751532599,0.2839327634198261,292,0.031632446423284256
570,long,0.2,50,atr,4.710069915365087,292.8013163441097,points,1.7187298493434748,303.3778674722898,840,50.0,0.0,200all,150,state,off,behind,0.25,0.7269762296990784,1.1883166187470653,1.246684099239337,18.389124704515567,762,123.42372505543237,4.147992210609158,True,0.055457991622917466,0.08377433897895499,1.0168008016914631,0.5290836827343925,309,0.09641604855339862
570,long,0.2,10,range,4.134423207084458,205.18347374756678,points,4.778522491080483,124.4882686301587,0,50.0,25.0,200all,75,state,cross,through,0.25,0.29364188184036044,0.4582324098029362,1.0865626545434237,5.28074249039931,682,110.46585365853659,1.0641448986501194,True,-0.36196383086880257,-0.48513523838096884,0.9058238439432342,-2.3655847693985397,283,-0.3034355423208818
570,both,0.2,14,atr,4.381880790351715,127.13874921246115,points,1.9250904784955711,316.5258514978725,960,75.0,25.0,200all,150,state,state,through,0.25,0.35795115379578324,0.5451641354156808,1.0888268267423222,14.318885632452892,1247,201.98082039911307,1.2457718192185825,True,-0.6332340751338801,-0.8539904965688448,0.8644510944159034,-8.744918126596492,521,-0.8690539483312472
570,long,0.2,50,atr,1.6768367584363415,251.37678400415788,points,1.418302011035863,300.99130347617836,0,0.0,25.0,cross,150,state,cross,through,0.5,-0.0822796249474594,-0.1521281727074876,0.9576429785072896,-1.6052935244008082,238,38.549667405764964,-0.14817635335044563,False,-0.0060110342148188165,-0.010959803457136416,0.9974115062879106,-0.04466876168563022,126,-0.010536208916850148
570,long,0.2,50,atr,1.366509614446609,244.59488876700397,r,1.3304156065558013,398.8846256191421,0,50.0,25.0,200all,150,state,cross,through,0.25,-0.02025105630038365,-0.03347575461989902,0.99479740357939,-0.293431443837469,751,121.6420177383592,-0.05639126276083363,True,-0.85172939758727,-1.1486910214114536,0.8318029574562567,-3.6100924129247467,308,-0.6968492138146264
570,long,0.2,7,atr,5.5846710828027835,239.68863432741233,points,1.7530003443412117,142.45386537914717,840,50.0,10.0,200all,150,state,cross,through,0.25,0.5376920603774202,0.7339436466368843,1.1677769059723415,13.148247620689643,756,122.45188470066519,1.6560479905408936,True,0.11984595706448464,0.15662009052757467,1.034772516435714,1.0471060244108719,311,0.1462508347598195
555,long,0.2,50,atr,2.7861435519773616,186.09487052795646,points,1.2835765566066788,377.56921983131616,0,50.0,5.0,200all,150,state,cross,through,1.0,1.038363973105149,2.488552492078768,1.427337652953141,35.03234805480177,787,127.4730598669623,9.488841323031393,True,-0.3171281796982955,-0.6128934685924521,0.9052063104372392,-3.332174878592893,335,-0.40521024202619854
570,long,0.2,50,atr,4.58129505796839,127.2401538622428,r,5.981791897402678,226.71775637338214,0,50.0,10.0,200all,150,state,state,through,0.5,1.1023293900733864,2.6481133959197063,1.5654255609343461,35.39506789772169,696,112.73348115299335,11.181273266938259,True,0.05478314332765556,0.0954534209231004,1.0194996671293663,0.5704566883406046,298,0.07284175700357706
570,long,0.2,50,atr,3.623920809437802,270.1444230452566,points,0.7624182386710647,302.3270674388824,0,50.0,25.0,state,150,state,cross,through,0.25,0.6016886102664976,0.7974880607136323,1.260398227565842,24.382161745929587,722,116.94478935698447,2.146825561195758,True,-0.4679226098605099,-0.7337957143116307,0.8740080608779008,-4.481073763229249,316,-0.4954364835415873
570,long,0.0,50,points,5.442599396220233,292.52448589759365,points,0.9656598931001983,172.25024661716276,0,50.0,25.0,200all,150,state,cross,through,0.25,0.9719781112791767,1.4075888571335617,1.3255580871100354,27.901977901090966,741,120.02228381374722,3.9357557999750448,True,0.009738508982366492,0.01265690998212309,1.0027458508914324,0.08970274401356804,315,0.014363191092229347
570,both,0.2,21,atr,3.956714417233713,279.023265029144,points,1.1758972445003475,167.83179730258138,0,50.0,25.0,200all,150,state,cross,through,0.25,1.145983840050129,1.717311153307115,1.2825264728597796,40.07059408493893,1213,196.47372505543237,7.732138293621715,True,-0.5100910320682107,-0.6486629360001279,0.8960066819834367,-6.184051377308688,523,-0.6391462080091966
570,long,0.2,14,range,4.242853015359732,283.2922024252147,none,2.3726753205722027,326.4243063293132,0,50.0,25.0,200all,300,state,state,through,0.25,0.7283288385946595,1.9324223505339293,1.389954202986708,19.804453942340423,636,103.01507760532151,6.198489850996534,True,-0.30325120433863456,-0.5063563321508673,0.898456810005756,-2.361723688910179,272,-0.3060252729011866
