n,pts,sd,t,mde,pf,win,be,total,R,dd,ret_dd,sharpe,amb,med_min,sh_stop,sh_target,sh_chan,sh_flat,sh_eod,outside_mde,ctl_pts,ctl_pf,pf_ratio,edge,p_pts,p_pf,excess_total,stop,tgt,policy,arm
421,2.7812589073634206,50.70324170703343,1.12550321612476,6.924091683420347,1.1401587470688292,0.3515439429928741,0.24838461538461537,1170.91,0.09270863024544725,621.9999999999998,1.882491961414792,0.4610949351783533,0.0166270783847981,30.0,0.5961995249406176,0.18052256532066507,0.0,0.22327790973871733,0.0,False,-2.1735536247958827,0.8957247957415685,1.2728895666273192,4.954812532159304,0.03333333333333333,0.03333333333333333,2085.976076039067,30,100,flatten,+adx<=20
422,2.776350710900473,50.587290616559166,1.1274288174325366,6.900067278445833,1.1404693822497978,0.34834123222748814,0.24838461538461537,1171.6199999999997,0.09254502369668238,621.9999999999998,1.8836334405144697,0.4625866874719811,0.016587677725118485,30.0,0.5829383886255924,0.18009478672985782,0.016587677725118485,0.22037914691943128,0.0,False,-2.362344086021505,0.8859642396635186,1.287263448333917,5.138694796921978,0.02,0.02,2168.529204301075,30,100,+chan10,+adx<=20
423,0.7927423167848693,46.67839205033745,0.3492901493996181,6.359366204427042,1.0445543107388473,0.2718676122931442,0.24838461538461537,335.3299999999997,0.026424743892828926,634.2300000000006,0.5287198650331889,0.14387353338359604,0.026004728132387706,15.0,0.6879432624113475,0.15130023640661938,0.0,0.1607565011820331,0.0,False,-2.050626166286543,0.8796019964750885,1.187530627402834,2.843368483071412,0.11333333333333333,0.11333333333333333,1202.7448683392074,30,100,+be1R,+adx<=20
445,2.979139286323325,40.38358952485242,1.5562017351978255,5.364052803357664,1.2237008736897836,0.35730337078651686,0.24838461538461537,1325.7169824138796,0.09930464287744409,500.96606535308126,2.6463209269065224,0.6372222049065155,0.033707865168539325,15.0,0.8179775280898877,0.1101123595505618,0.0,0.07191011235955057,0.0,False,-1.8220239195327155,0.8722665567096171,1.4028978461651158,4.8011632058560405,0.006666666666666667,0.006666666666666667,2136.517626605938,30,100,+trail1atr,+adx<=20
418,3.75306220095694,59.33260362928779,1.2932440728856158,8.131551118279486,1.1814713619085737,0.3253588516746411,0.17938888888888888,1568.7800000000009,0.1251020733652312,721.3699999999999,2.174723096330595,0.5269583251636,0.0,30.0,0.6220095693779905,0.10047846889952153,0.0,0.27751196172248804,0.0,False,-1.4162414056531683,0.934613950218834,1.2641276771355057,5.169303606610108,0.04,0.04,2160.768907563025,30,150,flatten,+adx<=20
419,3.67420047732697,59.19371456932515,1.2705573320356716,8.102829740847246,1.1783600730359989,0.3221957040572792,0.17938888888888888,1539.4900000000005,0.12247334924423221,755.37,2.0380608178773323,0.5183222311150458,0.0,30.0,0.6085918854415274,0.10023866348448687,0.021479713603818614,0.26968973747016706,0.0,False,-1.6589165803770245,0.9231793041142604,1.2764151750201662,5.333117057703994,0.04,0.04666666666666667,2234.5760471779736,30,150,+chan10,+adx<=20
420,1.7266666666666672,53.82999144822365,0.6573684240531593,7.359830230617767,1.0964755558452723,0.24523809523809523,0.17938888888888888,725.2000000000003,0.057555555555555554,781.3700000000001,0.9281134417753435,0.2681483969087486,0.002380952380952381,30.0,0.7142857142857143,0.08333333333333333,0.0,0.20238095238095238,0.0,False,-1.1425390487209501,0.9331423476068181,1.1750356830952389,2.8692057153876176,0.09333333333333334,0.11333333333333333,1205.0664004627995,30,150,+be1R,+adx<=20
443,4.329693994020188,45.932551900109694,1.9839854912943304,6.114864561499344,1.3254247327723794,0.35665914221218964,0.17938888888888888,1918.0544393509433,0.14432313313400616,610.8589320048998,3.1399302504355595,0.810233782109518,0.009029345372460496,15.0,0.8645598194130926,0.05417607223476298,0.0,0.08126410835214447,0.0,False,-1.4326561520417385,0.899317234939571,1.473812222515051,5.762350146061927,0.0,0.0,2552.7211147054336,30,150,+trail1atr,+adx<=20
418,3.1071291866028736,63.4923299537959,1.0005209501915302,8.701642858347569,1.1464105307181642,0.30861244019138756,0.1403913043478261,1298.780000000001,0.10357097288676231,868.74,1.4950157699656987,0.40461226337150097,0.0023923444976076554,30.0,0.638755980861244,0.05502392344497608,0.0,0.3062200956937799,0.0,False,-1.5585225974568968,0.9278462786970849,1.2355608434707472,4.66565178405977,0.05333333333333334,0.05333333333333334,1950.242445736984,30,200,flatten,+adx<=20
419,3.029809069212412,63.352117398795976,0.9789514138878438,8.672059605305197,1.143325516884771,0.3054892601431981,0.1403913043478261,1269.4900000000007,0.10099363564041361,902.7399999999999,1.4062631543966158,0.3962793617016586,0.002386634844868735,30.0,0.6252983293556086,0.05489260143198091,0.021479713603818614,0.29832935560859186,0.0,False,-1.6515043234900995,0.9214526241716362,1.2407860012473166,4.681313392702512,0.06,0.06,1961.4703115423524,30,200,+chan10,+adx<=20
420,1.0266666666666668,56.483610805067705,0.37250461280500563,7.7226426226992055,1.0572417748136194,0.22857142857142856,0.1403913043478261,431.20000000000005,0.03422222222222222,978.7400000000005,0.44056644256901717,0.1499871686924293,0.002380952380952381,30.0,0.7309523809523809,0.04285714285714286,0.0,0.2261904761904762,0.0,False,-1.1497364346939536,0.9350815675504303,1.1306412312063898,2.1764031013606204,0.22,0.23333333333333334,914.0893025714606,30,200,+be1R,+adx<=20
443,4.380412004309969,47.643908234231226,1.9351268733463416,6.342692360450619,1.3292367562013085,0.35665914221218964,0.1403913043478261,1940.522517909316,0.1460137334769989,610.8589320048998,3.1767113751456955,0.7812216630587219,0.002257336343115124,15.0,0.8939051918735892,0.022573363431151242,0.0,0.0835214446952596,0.0,False,-1.2292427273667073,0.9118757727896618,1.4576950017378272,5.6096547316766765,0.006666666666666667,0.013333333333333334,2485.0770461327675,30,200,+trail1atr,+adx<=20
418,1.8296172248803844,70.6152478955129,0.5297242967838628,9.677840898067355,1.0840709521108427,0.291866028708134,,764.7800000000007,0.060987240829346,973.9899999999992,0.7852031335023987,0.21534889278332178,0.0,30.0,0.6555023923444976,0.0,0.0,0.3444976076555024,0.0,False,-1.46094033091263,0.9346023261583529,1.1599275133059799,3.2905575557930145,0.15333333333333332,0.16,1375.45305832148,30,none,flatten,+adx<=20
419,1.5405489260143213,70.21738237088118,0.44909463990022963,9.61182278116502,1.0710624412390928,0.28878281622911695,,645.4900000000006,0.051351630867143915,1007.9899999999989,0.6403734164029418,0.18275666361133236,0.0,30.0,0.6420047732696897,0.0,0.02386634844868735,0.3341288782816229,0.0,False,-1.906843020934343,0.9109046438430357,1.175822791637513,3.447391946948664,0.16,0.16,1444.4572257714901,30,none,+chan10,+adx<=20
420,-0.3590476190476184,58.83890465297132,-0.12505818375496117,8.044666877160815,0.9800177561053177,0.21428571428571427,,-150.79999999999973,-0.011968253968253987,1216.989999999997,-0.123912275367916,-0.050782650397621636,0.0,30.0,0.7452380952380953,0.0,0.0,0.25476190476190474,0.0,False,-1.165503487572452,0.9294868672901804,1.0543642848472456,0.8064558685248335,0.4066666666666667,0.4066666666666667,338.7114647804301,30,none,+be1R,+adx<=20
443,4.48384106736094,49.01325824408373,1.9254777279116222,6.5249898706291445,1.3370106024016972,0.35665914221218964,,1986.3415928408965,0.1494613689120312,610.8589320048998,3.251718995614136,0.7767841078260465,0.0,15.0,0.9142212189616253,0.0,0.0,0.08577878103837472,0.0,False,-0.9003119901775599,0.9361234163133579,1.4282418098962992,5.3841530575385,0.02666666666666667,0.02666666666666667,2385.1798044895554,30,none,+trail1atr,+adx<=20
403,4.449454094292804,63.152418535361136,1.4143902901182177,8.814660606278899,1.1770502972017616,0.45409429280397023,0.3486,1793.13,0.08898908188585607,797.9100000000005,2.2472835282174666,0.5784611944134089,0.01488833746898263,45.0,0.42431761786600497,0.23325062034739455,0.0,0.3424317617866005,0.0,False,-3.2904709095618196,0.8802244559793264,1.3372160807463485,7.739925003854624,0.006666666666666667,0.006666666666666667,3119.189776553413,50,100,flatten,+adx<=20
407,4.1694594594594605,62.6225120658784,1.3432179132963296,8.697639667963571,1.1669876257718519,0.44717444717444715,0.3486,1696.9700000000003,0.08338918918918917,775.910000000001,2.1870706654122234,0.550803045896789,0.014742014742014743,45.0,0.39803439803439805,0.23095823095823095,0.04668304668304668,0.32432432432432434,0.0,False,-2.5712129006727347,0.9002272407691303,1.2963256086038994,6.740672360132195,0.013333333333333334,0.013333333333333334,2743.4536505738033,50,100,+chan10,+adx<=20
404,2.3708910891089103,60.06345986633354,0.7933995347518724,8.373129225190146,1.1004457895382598,0.4034653465346535,0.3486,957.8399999999997,0.04741782178217822,1050.2899999999984,0.9119766921516925,0.3247137080481675,0.024752475247524754,45.0,0.48267326732673266,0.20544554455445543,0.0,0.3118811881188119,0.0,False,-2.661304508499631,0.8892124671502648,1.2375510130497298,5.032195597608542,0.013333333333333334,0.013333333333333334,2033.007021433851,50,100,+be1R,+adx<=20
440,4.39289652504709,44.28317703471774,2.0808392952263555,5.915351604239564,1.3133996350993895,0.3886363636363636,0.3486,1932.8744710207193,0.0878579305009418,313.0201401933764,6.174920469419749,0.8391149663462131,0.031818181818181815,15.0,0.7886363636363637,0.12954545454545455,0.0,0.08181818181818182,0.0,False,-0.9853088448433958,0.9333282691693924,1.4072215301784852,5.378205369890486,0.0,0.0,2366.410362751814,50,100,+trail1atr,+adx<=20
400,6.260000000000002,73.23935080450717,1.7094635414531172,10.260833047711454,1.2362618543724953,0.4275,0.26145,2504.0000000000005,0.12520000000000003,1116.7900000000002,2.2421404203117863,0.7019104852384058,0.005,60.0,0.45,0.135,0.0,0.415,0.0,False,-1.579461398594524,0.9449277650518808,1.3083136088234415,7.839461398594525,0.02,0.02,3135.78455943781,50,150,flatten,+adx<=20
404,5.885742574257429,72.67816343231208,1.6277511157615476,10.131678321936556,1.2236312713606687,0.4207920792079208,0.26145,2377.840000000001,0.11771485148514854,1128.7900000000006,2.10653886019543,0.6698052419123663,0.0049504950495049506,60.0,0.42326732673267325,0.13366336633663367,0.05198019801980198,0.3910891089108911,0.0,False,-1.950009708892388,0.9282312231140282,1.318239723994236,7.835752283149817,0.0,0.0,3165.643922392526,50,150,+chan10,+adx<=20
401,4.308503740648379,68.74151509645108,1.2551035578583911,9.618670432180263,1.1806591191180515,0.3690773067331671,0.26145,1727.71,0.08617007481296761,1090.7899999999993,1.5839070765225214,0.514618491543295,0.007481296758104738,45.0,0.516209476309227,0.12219451371571072,0.0,0.36159600997506236,0.0,False,-1.3071289355322335,0.9464583948744918,1.247449571488683,5.615632676180613,0.04666666666666667,0.05333333333333334,2251.8687031484255,50,150,+be1R,+adx<=20
438,6.089840452761127,50.82601551282881,2.5075921713460363,6.804827811963192,1.4324887965016277,0.3858447488584475,0.26145,2667.3501183093736,0.1217968090552225,416.496297105911,6.404258901805055,1.0235941974420688,0.0136986301369863,15.0,0.8401826484018264,0.0684931506849315,0.0,0.091324200913242,0.0,False,-1.0366689815608248,0.9346868168136866,1.5325869272286625,7.126509434321951,0.0,0.0,3121.4111322330145,50,150,+trail1atr,+adx<=20
399,4.537067669172934,77.55984992750318,1.1684893123955948,10.87974316423922,1.1638904807559118,0.40601503759398494,0.20915999999999998,1810.2900000000009,0.09074135338345868,1296.9999999999998,1.395751734772553,0.4757008694258272,0.005012531328320802,60.0,0.47368421052631576,0.07268170426065163,0.0,0.45363408521303256,0.0,False,-1.840827752214707,0.9360275018189217,1.2434362008532855,6.377895421387642,0.03333333333333333,0.03333333333333333,2544.780273133669,50,200,flatten,+adx<=20
403,4.178982630272955,76.97858399411166,1.089815978340139,10.744483071223794,1.1519948231887929,0.39950372208436724,0.20915999999999998,1684.1300000000008,0.08357965260545908,1309.0000000000005,1.2865775401069521,0.4444598144986052,0.004962779156327543,60.0,0.4466501240694789,0.07196029776674938,0.052109181141439205,0.4292803970223325,0.0,False,-2.344715479506565,0.9179951510466375,1.2549029500595557,6.52369810977952,0.006666666666666667,0.013333333333333334,2629.0503382411466,50,200,+chan10,+adx<=20
400,2.345,70.70881214734285,0.663283664025778,9.906304581842734,1.0980396255680653,0.34,0.20915999999999998,938.0,0.046900000000000004,1405.289999999999,0.667477887126501,0.2680942412032633,0.005,60.0,0.5475,0.06,0.0,0.3925,0.0,False,-2.124309375924282,0.9160806692277229,1.1986276563326437,4.469309375924283,0.16666666666666666,0.16666666666666666,1787.7237503697131,50,200,+be1R,+adx<=20
438,5.898446801544473,51.913009902445054,2.3779269678559265,6.950359771910781,1.418896386238201,0.3858447488584475,0.20915999999999998,2583.5196990764794,0.11796893603088943,454.5658661439463,5.6834881179977605,0.9574296483367324,0.0045662100456621,15.0,0.8789954337899544,0.02511415525114155,0.0,0.0958904109589041,0.0,False,-0.7762726802052913,0.9484939974327322,1.4959466165085877,6.674719481749765,0.0,0.0,2923.527133006397,50,200,+trail1atr,+adx<=20
399,5.336566416040101,91.7375730414077,1.1619866008886306,12.86852971136586,1.1874462452913737,0.39097744360902253,,2129.2900000000004,0.106731328320802,1328.7899999999993,1.6024277726352558,0.47481920449819376,0.0,60.0,0.48872180451127817,0.0,0.0,0.5112781954887218,0.0,False,-1.6294642566357274,0.9441027228761544,1.2577511075001322,6.966030672675829,0.04666666666666667,0.04,2779.4462383976556,50,none,flatten,+adx<=20
403,4.747220843672457,90.92244852613914,1.0481437191293808,12.690733685852758,1.1679079719710161,0.38461538461538464,,1913.13,0.09494441687344911,1340.789999999999,1.426867742152016,0.4289599755217986,0.0,60.0,0.46153846153846156,0.0,0.05459057071960298,0.4838709677419355,0.0,False,-2.2525524438204547,0.9217430733176544,1.2670645495249928,6.9997732874929115,0.04666666666666667,0.04666666666666667,2820.9086348596434,50,none,+chan10,+adx<=20
400,1.9450000000000016,79.12912435255433,0.49160154770175113,11.085990321792861,1.0811804344718419,0.3225,,778.0000000000007,0.038900000000000004,1605.289999999997,0.48464763376087944,0.1998323938018977,0.0,60.0,0.565,0.0,0.0,0.435,0.0,False,-1.6364666612391114,0.9344409824196523,1.157034478167065,3.581466661239113,0.21333333333333335,0.21333333333333335,1432.5866644956452,50,none,+be1R,+adx<=20
438,6.101151150453881,53.576352931194066,2.383283426002339,7.173056018875281,1.4332920605724482,0.3858447488584475,,2672.3042038988,0.12202302300907758,454.5658661439463,5.878805257789787,0.9587853923491055,0.0,15.0,0.9018264840182648,0.0,0.0,0.09817351598173515,0.0,False,-0.5431366438172298,0.9662145778184852,1.4834096829800771,6.644287794271111,0.006666666666666667,0.006666666666666667,2910.198053890747,50,none,+trail1atr,+adx<=20
389,3.0313367609254454,71.32922133855918,0.8381881251787745,10.133531302774639,1.103109757910366,0.5012853470437018,0.4416571428571429,1179.1899999999982,0.04041782347900593,1285.1000000000001,0.9175861800638068,0.3397110030459389,0.012853470437017995,60.0,0.3213367609254499,0.2570694087403599,0.0,0.42159383033419023,0.0,False,-2.4921274792337735,0.9214036270412933,1.1972057907483462,5.523464240159219,0.03333333333333333,0.03333333333333333,2148.627589421936,75,100,flatten,+adx<=20
393,2.5547837150127175,70.53873468771188,0.717997197759398,9.970100150536327,1.087045215343775,0.4860050890585242,0.4416571428571429,1004.029999999998,0.03406378286683625,1233.1000000000004,0.8142324223501726,0.2914283843636727,0.01272264631043257,60.0,0.2875318066157761,0.2544529262086514,0.08651399491094147,0.37150127226463103,0.0,False,-2.899800836333477,0.9005260886011904,1.2071224022307998,5.454584551346194,0.03333333333333333,0.03333333333333333,2143.6517286790545,75,100,+chan10,+adx<=20
389,2.183007712082258,69.70628672303422,0.6176722954517839,9.902965786704884,1.0766129323286562,0.4755784061696658,0.4416571428571429,849.1899999999983,0.029106769494430088,1363.9300000000005,0.6226052656661251,0.25035310424574614,0.02056555269922879,60.0,0.34704370179948585,0.2416452442159383,0.0,0.41131105398457585,0.0,False,-2.3093948386413055,0.9209969407929769,1.1689647214264296,4.492402550723563,0.08,0.08,1747.544592231466,75,100,+be1R,+adx<=20
438,4.558435808625848,45.91219222419383,2.077901079524782,6.1469418643792055,1.3199983945905562,0.3972602739726027,0.4416571428571429,1996.5948841781214,0.060779144115011285,433.7707557503346,4.602880341078829,0.8364620924383867,0.0319634703196347,15.0,0.7831050228310502,0.1324200913242009,0.0,0.08447488584474885,0.0,False,-0.8650436950317142,0.9477112579081275,1.3928275976210032,5.423479503657562,0.006666666666666667,0.006666666666666667,2375.4840226020124,75,100,+trail1atr,+adx<=20
385,5.229480519480518,81.45247374325783,1.2597507794732603,11.631669258987301,1.1693028927009754,0.4805194805194805,0.34351111111111116,2013.3499999999995,0.06972640692640686,1523.6800000000003,1.3213732542266086,0.5092049841216144,0.005194805194805195,75.0,0.34025974025974026,0.14805194805194805,0.0,0.5116883116883116,0.0,False,-1.5193654601346942,0.9549459109049956,1.2244702860634642,6.748845979615212,0.04666666666666667,0.04666666666666667,2598.3057021518566,75,150,flatten,+adx<=20
389,4.648303341902313,80.65358850262676,1.1366992339352695,11.458216540640317,1.150804148679935,0.4652956298200514,0.34351111111111116,1808.1899999999996,0.06197737789203079,1505.6799999999994,1.2009125444981672,0.46005612622655395,0.005141388174807198,60.0,0.3059125964010283,0.14652956298200515,0.09254498714652956,0.455012853470437,0.0,False,-1.4497086018492584,0.950942478600072,1.2101721971386628,6.098011943751572,0.04,0.04666666666666667,2372.1266461193613,75,150,+chan10,+adx<=20
386,3.1892746113989623,77.3335889825824,0.8102469447829738,11.029165267057577,1.1106760801180247,0.4274611398963731,0.34351111111111116,1231.0599999999995,0.04252366148531945,1461.9199999999996,0.8420843821823354,0.32827497911195863,0.010362694300518135,60.0,0.39378238341968913,0.12953367875647667,0.0,0.47668393782383417,0.0,False,-1.5459604138551533,0.9493861746328494,1.1698886183460067,4.7352350252541155,0.11333333333333333,0.12,1827.8007197480886,75,150,+be1R,+adx<=20
436,6.378602136391685,52.53498270220318,2.535246343557968,7.049746164345802,1.4457279302700443,0.3944954128440367,0.34351111111111116,2781.070531466775,0.08504802848522244,409.3874006020714,6.793248955333637,1.0310413397520428,0.013761467889908258,15.0,0.8348623853211009,0.07110091743119266,0.0,0.09403669724770643,0.0,False,-0.1038340113845901,0.9931412082264526,1.455712358217236,6.4824361477762755,0.006666666666666667,0.006666666666666667,2826.3421604304563,75,150,+trail1atr,+adx<=20
384,4.267291666666664,87.6276054179736,0.9542825795232917,12.529780493292714,1.1312273615103032,0.4609375,0.2810545454545455,1638.6399999999992,0.05689722222222216,1812.97,0.9038428655741679,0.382822886748759,0.005208333333333333,75.0,0.3619791666666667,0.08854166666666667,0.0,0.5494791666666666,0.0,False,-1.4757886089813825,0.9567546125099966,1.1823589316623062,5.743080275648047,0.14666666666666667,0.14666666666666667,2205.3428258488498,75,200,flatten,+adx<=20
388,3.6945360824742246,86.8151070341156,0.8382633337212739,12.34944877898583,1.1139006861152054,0.44587628865979384,0.2810545454545455,1433.479999999999,0.049260481099656306,1794.97,0.7986094475116571,0.3366078055097511,0.005154639175257732,75.0,0.327319587628866,0.08762886597938144,0.09278350515463918,0.49226804123711343,0.0,False,-0.9281975622626506,0.969753092778462,1.148643602593463,4.622733644736876,0.11333333333333333,0.12666666666666668,1793.6206541579077,75,200,+chan10,+adx<=20
385,2.2762337662337635,80.93999450851824,0.5518029979225643,11.558485613523334,1.0787731045151503,0.4,0.2810545454545455,876.349999999999,0.03034978354978348,1625.5500000000002,0.5391098397465467,0.2222658629093095,0.005194805194805195,75.0,0.42337662337662335,0.07272727272727272,0.0,0.5038961038961038,0.0,False,-1.562137309833683,0.946138499668356,1.1401851894762616,3.8383710760674465,0.18666666666666668,0.19333333333333333,1477.772864285967,75,200,+be1R,+adx<=20
436,6.560917228199175,54.20901044883143,2.5271808607038615,7.274386396031002,1.4584678577323196,0.3944954128440367,0.2810545454545455,2860.5599114948404,0.087478896375989,409.38740060207147,6.987415605091698,1.0181988193548581,0.0045871559633027525,15.0,0.8738532110091743,0.027522935779816515,0.0,0.09862385321100918,0.0,False,0.2107735937409613,1.0129793750854255,1.4397804077791077,6.350143634458214,0.013333333333333334,0.013333333333333334,2768.6626246237815,75,200,+trail1atr,+adx<=20
384,3.5589583333333317,100.95046014561716,0.6908443543431391,14.434801684789988,1.1055257718266946,0.4453125,,1366.6399999999994,0.04745277777777768,1748.9299999999978,0.781414922266758,0.27796455308451434,0.0,75.0,0.3776041666666667,0.0,0.0,0.6223958333333334,0.0,False,-0.804750821202437,0.97691938066934,1.1316448354921973,4.363709154535769,0.21333333333333335,0.21333333333333335,1675.6643153417353,75,none,flatten,+adx<=20
388,2.761546391752576,99.92212690205767,0.5443854843500966,14.213922325516075,1.0821114729073058,0.43041237113402064,,1071.4799999999996,0.03682061855670096,1730.9299999999967,0.6190198332688217,0.21921553697389445,0.0,75.0,0.3427835051546392,0.0,0.09536082474226804,0.5618556701030928,0.0,False,-0.7054548925020411,0.9786074042913011,1.1057666927126526,3.4670012842546174,0.24666666666666667,0.26,1345.1964982907916,75,none,+chan10,+adx<=20
385,1.6346753246753227,92.0376793252873,0.3484947276839305,13.143269885834371,1.056477832888074,0.37922077922077924,,629.3499999999992,0.02179567099567091,1627.6499999999983,0.3866617516050747,0.14080923969494066,0.0,75.0,0.44415584415584414,0.0,0.0,0.5558441558441558,0.0,False,-1.4293737652566931,0.9524000440632137,1.1092794876203853,3.064049089932016,0.2733333333333333,0.2733333333333333,1179.658899623826,75,none,+be1R,+adx<=20
436,6.949133190595191,56.56964546141586,2.565018037121757,7.591163460938832,1.485595854386843,0.3944954128440367,,3029.8220710995033,0.09265510920793589,438.81099507620274,6.904617489298217,1.03193757996492,0.0,15.0,0.8990825688073395,0.0,0.0,0.10091743119266056,0.0,False,0.5301342506813971,1.0344259197292551,1.436154901044702,6.418998939913794,0.02,0.02666666666666667,2798.6835378024143,75,none,+trail1atr,+adx<=20
383,3.4671801566579616,77.92969743822317,0.8707085424747885,11.157624308293622,1.1098287887346772,0.5326370757180157,0.5114500000000001,1327.9299999999994,0.03467180156657961,1633.2200000000003,0.8130747847809843,0.3528607628498986,0.005221932114882507,75.0,0.2454308093994778,0.27676240208877284,0.0,0.47780678851174935,0.0,False,-2.5401864801864846,0.9256430568584642,1.1989813789575867,6.007366636844447,0.08,0.08666666666666667,2300.821421911423,100,100,flatten,+adx<=20
389,2.9902056555269896,75.9624577918068,0.7763844906567574,10.791761488819871,1.0962419639089531,0.5115681233933161,0.5114500000000001,1163.189999999999,0.029902056555269896,1385.2200000000012,0.8397149911205425,0.31575715483348993,0.005141388174807198,60.0,0.1953727506426735,0.27249357326478146,0.12596401028277635,0.40616966580976865,0.0,False,-2.685995575619147,0.9115616280952017,1.2025977510699515,5.676201231146137,0.04,0.04,2208.042278915847,100,100,+chan10,+adx<=20
383,3.4671801566579616,77.92969743822317,0.8707085424747885,11.157624308293622,1.1098287887346772,0.5326370757180157,0.5114500000000001,1327.9299999999994,0.03467180156657961,1633.2200000000003,0.8130747847809843,0.3528607628498986,0.005221932114882507,75.0,0.2454308093994778,0.27676240208877284,0.0,0.47780678851174935,0.0,False,-2.5401864801864846,0.9256430568584642,1.1989813789575867,6.007366636844447,0.08,0.08666666666666667,2300.821421911423,100,100,+be1R,+adx<=20
438,4.307831436923694,47.60222775915275,1.8939498650225024,6.373211830565947,1.2924439780094095,0.4018264840182648,0.5114500000000001,1886.830169372578,0.043078314369236925,522.3859900252626,3.611946348869982,0.7630787883441439,0.02968036529680365,15.0,0.7808219178082192,0.13470319634703196,0.0,0.08447488584474885,0.0,False,-0.16561651053068083,0.9895336331927251,1.3061142488298711,4.473447947454375,0.02666666666666667,0.02666666666666667,1959.370200985016,100,100,+trail1atr,+adx<=20
378,5.564497354497354,88.91952367503711,1.2166753592810053,12.815022075005711,1.1648720571578621,0.5105820105820106,0.40916,2103.38,0.055644973544973546,1741.6299999999997,1.2077077220764458,0.48906893097512993,0.0,75.0,0.2671957671957672,0.164021164021164,0.0,0.5687830687830688,0.0,False,-1.4908304216496715,0.9596732587783181,1.2138215236306218,7.055327776147026,0.04666666666666667,0.04666666666666667,2666.913899383576,100,150,flatten,+adx<=20
384,4.970416666666667,87.0111477857316,1.1193953834366086,12.44163385527192,1.1496639179978732,0.4895833333333333,0.40916,1908.64,0.04970416666666666,1605.6299999999992,1.1887172013477583,0.4511460949570465,0.0,75.0,0.21614583333333334,0.16145833333333334,0.1328125,0.4895833333333333,0.0,False,-1.7935322105034657,0.9456886799045852,1.2156896264359092,6.763948877170133,0.06666666666666667,0.06666666666666667,2597.356368833331,100,150,+chan10,+adx<=20
379,5.41184696569921,86.5965117261691,1.2166473488506357,12.463755592131593,1.1696078682690088,0.48021108179419525,0.40916,2051.0900000000006,0.05411846965699208,1587.6299999999994,1.2919194018757527,0.48968631439159976,0.0,75.0,0.29815303430079154,0.158311345646438,0.0,0.5435356200527705,0.0,False,-2.045930844119513,0.9423301404713054,1.241186945038212,7.457777809818723,0.04,0.04666666666666667,2826.4977899212963,100,150,+be1R,+adx<=20
436,6.2415271024340155,54.28074761162767,2.4009785752886192,7.2840129108264975,1.421781202846248,0.39908256880733944,0.40916,2721.305816661231,0.06241527102434016,470.1823259301167,5.78776714177406,0.9772932355809164,0.013761467889908258,15.0,0.8325688073394495,0.07339449541284404,0.0,0.09403669724770643,0.0,False,0.6493503596023571,1.0429704225308032,1.3632037612305894,5.592176742831659,0.013333333333333334,0.02,2438.189059874603,100,150,+trail1atr,+adx<=20
377,5.280291777188328,95.95716557773324,1.068442574982258,13.847611379514133,1.148819674067517,0.493368700265252,0.3409666666666667,1990.6699999999996,0.05280291777188327,1878.3900000000006,1.0597745942003518,0.4253142592076404,0.002652519893899204,75.0,0.2838196286472148,0.10079575596816977,0.0,0.6153846153846154,0.0,False,-1.9478598484848515,0.9478263653924,1.2120570982343435,7.2281516256731795,0.04666666666666667,0.05333333333333334,2725.0131628787885,100,200,flatten,+adx<=20
383,4.741331592689295,94.02249402272645,0.986888184528681,13.461718694160036,1.1360086222005181,0.4725848563968668,0.3409666666666667,1815.9299999999998,0.04741331592689293,1695.3899999999994,1.0710986852582594,0.3936104453298115,0.0026109660574412533,75.0,0.2297650130548303,0.09921671018276762,0.13577023498694518,0.5352480417754569,0.0,False,-1.5157677760283774,0.9533113902735281,1.1916448641975943,6.257099368717672,0.06666666666666667,0.08,2396.469058218868,100,200,+chan10,+adx<=20
378,5.3898941798941795,91.67787955656901,1.1430403955906827,13.212554473421793,1.1684477012458834,0.4523809523809524,0.3409666666666667,2037.3799999999999,0.05389894179894179,1549.6299999999997,1.3147525538354319,0.4567492675510971,0.0026455026455026454,75.0,0.328042328042328,0.09523809523809523,0.0,0.5767195767195767,0.0,False,-0.7881842716250281,0.9753095161642585,1.198027581891344,6.178078451519208,0.08666666666666667,0.08666666666666667,2335.3136546742608,100,200,+be1R,+adx<=20
436,6.538521093324076,56.243715965913914,2.427441471706858,7.54742650524615,1.441851048039561,0.39908256880733944,0.3409666666666667,2850.795196689297,0.06538521093324073,479.69353401463786,5.942951060504194,0.9773290329869276,0.0045871559633027525,15.0,0.8715596330275229,0.02981651376146789,0.0,0.09862385321100918,0.0,False,0.8485520584757609,1.0561110947179198,1.3652456216499362,5.689969034848315,0.006666666666666667,0.02,2480.8264991938654,100,200,+trail1atr,+adx<=20
377,8.240503978779842,129.02541704084695,1.2400784974027612,18.619702056685064,1.2220615533951429,0.47745358090185674,,3106.67,0.0824050397877984,2003.6299999999987,1.550520804739399,0.4930826740622435,0.0,90.0,0.29973474801061006,0.0,0.0,0.7002652519893899,0.0,False,-1.910701499758106,0.9480818594031231,1.2889831624502417,10.151205478537948,0.02666666666666667,0.02666666666666667,3827.0044654088065,100,none,flatten,+adx<=20
383,7.420182767624021,127.00423407097905,1.143393686539219,18.18389620272698,1.203499096332916,0.45691906005221933,,2841.93,0.07420182767624019,1867.629999999999,1.5216772058705426,0.4551827350708906,0.0,75.0,0.2454308093994778,0.0,0.13838120104438642,0.6161879895561357,0.0,False,-1.8882781336604428,0.9448508399813855,1.2737450668474042,9.308460901284464,0.05333333333333334,0.08,3565.1405251919496,100,none,+chan10,+adx<=20
378,7.162380952380952,119.89437927878413,1.1614606293010006,17.279097476295433,1.223461575286159,0.42857142857142855,,2707.3799999999997,0.0716238095238095,1749.6299999999997,1.547401450592411,0.46300879438354814,0.0,82.5,0.35185185185185186,0.0,0.0,0.6481481481481481,0.0,False,-0.1482840236686422,0.9958832651322372,1.228519062546656,7.310664976049594,0.06666666666666667,0.08666666666666667,2763.4313609467467,100,none,+be1R,+adx<=20
436,7.384030033652995,60.75314606529497,2.537861553358358,8.15255352559185,1.4989876705385832,0.39908256880733944,,3219.437094672706,0.07384030033652994,459.3874006020714,7.008109256921987,1.018988130623571,0.0,15.0,0.8990825688073395,0.0,0.0,0.10091743119266056,0.0,False,1.5710833196465113,1.0967114831670406,1.3668022023530428,5.812946714006484,0.013333333333333334,0.03333333333333333,2534.444767306827,100,none,+trail1atr,+adx<=20
381,2.885853018372705,86.04547784453364,0.6546492053302118,12.351897919744022,1.0857545749006168,0.5511811023622047,0.6091599999999999,1099.5100000000007,0.019239020122484702,1863.0699999999986,0.5901603267724785,0.26344069063504655,0.0,75.0,0.14173228346456693,0.29133858267716534,0.0,0.5669291338582677,0.0,False,-3.139641340254837,0.915194317302148,1.186365075016259,6.025494358627542,0.08,0.08,2295.7133506370933,150,100,flatten,+adx<=20
387,3.071757105943152,81.73487015964109,0.7393242936999055,11.64179708985236,1.094729728975932,0.5271317829457365,0.6091599999999999,1188.7699999999998,0.020478380706287685,1417.0699999999993,0.8388929269549142,0.30113151690080314,0.0,75.0,0.082687338501292,0.2868217054263566,0.1834625322997416,0.4470284237726098,0.0,False,-2.485845697329379,0.9199280835001501,1.1900166421821747,5.55760280327253,0.1,0.1,2150.7922848664693,150,100,+chan10,+adx<=20
381,2.885853018372705,86.04547784453364,0.6546492053302118,12.351897919744022,1.0857545749006168,0.5511811023622047,0.6091599999999999,1099.5100000000007,0.019239020122484702,1863.0699999999986,0.5901603267724785,0.26344069063504655,0.0,75.0,0.14173228346456693,0.29133858267716534,0.0,0.5669291338582677,0.0,False,-3.139641340254837,0.915194317302148,1.186365075016259,6.025494358627542,0.08,0.08,2295.7133506370933,150,100,+be1R,+adx<=20
438,6.025235446976209,46.85529666654974,2.6912397310106515,6.273209156319682,1.44766633531409,0.4063926940639269,0.6091599999999999,2639.0531257755797,0.040168236313174725,395.73191429931103,6.668790235046692,1.0824568931704008,0.02511415525114155,15.0,0.771689497716895,0.13926940639269406,0.0,0.08904109589041095,0.0,False,0.6608648162789484,1.0445799032145684,1.3858837709389888,5.364370630697261,0.013333333333333334,0.013333333333333334,2349.5943362454,150,100,+trail1atr,+adx<=20
376,4.289787234042557,97.76591916590674,0.8508288100592706,14.12738225090181,1.1168395882334614,0.523936170212766,0.5076333333333333,1612.9600000000014,0.028598581560283724,2178.069999999998,0.740545528839754,0.3396221653621683,0.0,75.0,0.15425531914893617,0.17819148936170212,0.0,0.6675531914893617,0.0,False,-3.8338334358733945,0.9074609371020096,1.2307302083989486,8.123620669915951,0.11333333333333333,0.10666666666666667,3054.4813718883975,150,150,flatten,+adx<=20
382,3.932513089005238,93.48940016533481,0.8221280857488951,13.402901404779659,1.1105517283504511,0.5,0.5076333333333333,1502.220000000001,0.026216753926701582,1766.069999999998,0.8506004858244592,0.3309150601408724,0.0,75.0,0.09424083769633508,0.17015706806282724,0.19633507853403143,0.5392670157068062,0.0,False,-2.6192280782244657,0.9253534456398718,1.2001378863213903,6.551741167229704,0.06,0.06666666666666667,2502.765125881747,150,150,+chan10,+adx<=20
376,4.289787234042557,97.76591916590674,0.8508288100592706,14.12738225090181,1.1168395882334614,0.523936170212766,0.5076333333333333,1612.9600000000014,0.028598581560283724,2178.069999999998,0.740545528839754,0.3396221653621683,0.0,75.0,0.15425531914893617,0.17819148936170212,0.0,0.6675531914893617,0.0,False,-3.8338334358733945,0.9074609371020096,1.2307302083989486,8.123620669915951,0.11333333333333333,0.10666666666666667,3054.4813718883975,150,150,+be1R,+adx<=20
436,7.270666436894766,53.78998088349144,2.822383829793353,7.218156205802364,1.5241918640038665,0.4013761467889908,0.5076333333333333,3170.010566486118,0.048471109579298434,438.1427107934978,7.23510967635425,1.1466245843824947,0.013761467889908258,15.0,0.8279816513761468,0.07339449541284404,0.0,0.09862385321100918,0.0,True,1.5698153479719847,1.1043661790330552,1.3801507986584631,5.700851088922781,0.0,0.0,2485.5710747703324,150,150,+trail1atr,+adx<=20
373,3.2515549597855262,105.67543388925888,0.5942531265486714,15.331609696752407,1.0825860619039673,0.5040214477211796,0.4351142857142857,1212.8300000000013,0.021677033065236852,2581.3899999999976,0.46983601857913854,0.23576687470730517,0.002680965147453083,90.0,0.16890080428954424,0.10991957104557641,0.0,0.7211796246648794,0.0,False,-2.2930386423575264,0.9435722766388138,1.1473271191904317,5.544593602143053,0.16,0.16666666666666666,2068.133413599359,150,200,flatten,+adx<=20
381,2.6233858267716568,100.88083305684411,0.5075934342110658,14.481525156130424,1.0690011059396267,0.48031496062992124,0.4351142857142857,999.5100000000012,0.017489238845144382,2169.3899999999976,0.46073320149903996,0.2026923352179757,0.0026246719160104987,75.0,0.10761154855643044,0.10236220472440945,0.1994750656167979,0.5905511811023622,0.0,False,-1.3112353975171192,0.962579149782913,1.1105591744644736,3.934621224288776,0.15333333333333332,0.17333333333333334,1499.0906864540236,150,200,+chan10,+adx<=20
373,4.096058981233248,102.80104502819505,0.7695256280551953,14.914587438005828,1.110705820890223,0.4932975871313673,0.4351142857142857,1527.8300000000013,0.027307059874888323,2281.3899999999976,0.6696925996870342,0.3060384479435603,0.002680965147453083,90.0,0.1876675603217158,0.10455764075067024,0.0,0.707774798927614,0.0,False,-1.9712345986787203,0.950192884060695,1.168926687962099,6.0672935799119685,0.13333333333333333,0.14,2263.1005053071644,150,200,+be1R,+adx<=20
436,7.5676604277848245,55.764732278997194,2.8336438172476957,7.483150983756663,1.5456041836356136,0.4013761467889908,0.4351142857142857,3299.4999465141836,0.0504510695185655,438.1427107934978,7.530651235846485,1.1409052279462946,0.0045871559633027525,15.0,0.8669724770642202,0.02981651376146789,0.0,0.10321100917431193,0.0,True,1.9630288441512755,1.1259662745231096,1.372691366169237,5.604631583633549,0.0,0.0,2443.6193704642274,150,200,+trail1atr,+adx<=20
373,6.168445040214482,139.08478312732706,0.856545618437343,20.17870692539806,1.1474948699917107,0.4879356568364611,,2300.8300000000017,0.0411229669347632,2603.0699999999974,0.8838909441544038,0.34006001455838375,0.0,105.0,0.18498659517426275,0.0,0.0,0.8150134048257373,0.0,False,-1.23753086419753,0.9719193670713961,1.1806482192544034,7.405975904412012,0.09333333333333334,0.09333333333333334,2762.4290123456803,150,none,flatten,+adx<=20
381,5.124698162729663,134.50412317775448,0.7436955473925382,19.30817564030583,1.1267932796334341,0.4645669291338583,,1952.5100000000016,0.03416465441819775,2191.0699999999974,0.8911216894028963,0.2963817669049357,0.0,90.0,0.12335958005249344,0.0,0.2020997375328084,0.6745406824146981,0.0,False,-0.9082924662402282,0.973151112694248,1.1578810987677086,6.032990628969891,0.09333333333333334,0.13333333333333333,2298.5694296375286,150,none,+chan10,+adx<=20
373,6.621528150134053,130.58627190388452,0.9792985741883531,18.945725405607636,1.178695821413429,0.4691689008042895,,2469.8300000000017,0.04414352100089367,2453.069999999998,1.0068322550925999,0.38930039629428725,0.0,105.0,0.21179624664879357,0.0,0.0,0.7882037533512064,0.0,False,-0.864619713084344,0.9770429859649483,1.2063909555108512,7.486147863218397,0.09333333333333334,0.09333333333333334,2792.3331529804623,150,none,+be1R,+adx<=20
436,8.413169368113744,60.2955242421445,2.913518640678486,8.091144583844152,1.6065626819121814,0.4013761467889908,,3668.1418444975925,0.05608779578742496,438.1427107934978,8.372025265134296,1.1695983879084804,0.0,15.0,0.8944954128440367,0.0,0.0,0.10550458715596331,0.0,True,2.2313138745072303,1.1466197718134103,1.4011294078518801,6.1818554936065135,0.013333333333333334,0.02,2695.28899521244,150,none,+trail1atr,+adx<=20
735,2.2406122448979597,49.504700203795764,1.2270547466911006,5.116475468705848,1.1142462908197137,0.34829931972789113,0.24838461538461537,1646.8500000000004,0.0746870748299319,898.6300000000002,1.8326229927778952,0.48592130970454045,0.009523809523809525,30.0,0.5863945578231292,0.1619047619047619,0.0,0.25170068027210885,0.0,False,-2.3437167152637723,0.8890865000562606,1.2532484642936377,4.5843289601617325,0.006666666666666667,0.006666666666666667,3369.481785718873,30,100,flatten,+ema align
736,2.1936956521739135,49.444833608186606,1.2036337639228907,5.106815213755576,1.1119140930963112,0.3451086956521739,0.24838461538461537,1614.5600000000004,0.07312318840579703,898.6299999999999,1.7966905177881893,0.47706080800555645,0.009510869565217392,30.0,0.5760869565217391,0.16168478260869565,0.014945652173913044,0.24728260869565216,0.0,False,-2.5046540219193587,0.8786603801340553,1.2654651538136599,4.698349674093272,0.013333333333333334,0.013333333333333334,3457.9853601326486,30,100,+chan10,+ema align
751,1.8378295605858859,44.70701255004161,1.126547611498511,4.571132525780921,1.1153161688773925,0.27030625832223704,0.24838461538461537,1380.2100000000003,0.06126098535286278,757.0800000000005,1.823070217150102,0.4508077492934394,0.013315579227696404,15.0,0.6737683089214381,0.13448735019973368,0.0,0.19174434087882822,0.0,False,-2.0868445339919406,0.8806179799239124,1.266515327081737,3.9246740945778265,0.0,0.0,2947.430245027948,30,100,+be1R,+ema align
860,1.2453788044662644,36.31098183254468,1.0058024831042682,3.469420158264535,1.0977483065601912,0.3581395348837209,0.24838461538461537,1071.0257718409873,0.04151262681554208,822.8826483433236,1.3015534766679553,0.39589266155930875,0.023255813953488372,15.0,0.8244186046511628,0.0755813953488372,0.0,0.1,0.0,False,-1.8640266789179427,0.8703401736362313,1.2612864944219015,3.109405483384207,0.0,0.0,2674.088715710418,30,100,+trail1atr,+ema align
707,3.106039603960399,56.63254538476649,1.4583125529461172,5.967940790686321,1.1531203936000936,0.32956152758132956,0.17938888888888888,2195.970000000002,0.10353465346534647,695.6000000000012,3.156943645773431,0.5763672207353513,0.008486562942008486,30.0,0.6067892503536068,0.08062234794908062,0.0,0.3125884016973126,0.0,False,-1.6141666666666645,0.9268698353088505,1.2441017602173363,4.720206270627063,0.0,0.0,3337.1858333333334,30,150,flatten,+ema align
708,3.008022598870059,56.553564715953364,1.4152649094332872,5.955407546569434,1.1483753247504231,0.326271186440678,0.17938888888888888,2129.6800000000017,0.10026741996233514,729.6000000000009,2.9189692982456124,0.5597541275930289,0.00847457627118644,30.0,0.596045197740113,0.08050847457627118,0.01694915254237288,0.3064971751412429,0.0,False,-1.3754658518857492,0.9363062430494489,1.2264954263364602,4.383488450755808,0.03333333333333333,0.03333333333333333,3103.5098231351117,30,150,+chan10,+ema align
729,2.3917558299039796,50.65846868648992,1.2747603526481954,5.257223305909065,1.1485866462141547,0.24554183813443073,0.17938888888888888,1743.590000000001,0.07972519433013256,893.0399999999972,1.952420944190637,0.5170436509976727,0.009602194787379973,30.0,0.6982167352537723,0.06584362139917696,0.0,0.23593964334705075,0.0,False,-0.8764191216584818,0.9492990162435522,1.209931356254006,3.2681749515624614,0.04666666666666667,0.03333333333333333,2382.4995396890345,30,150,+be1R,+ema align
850,1.8125659975805628,39.75878962500402,1.3291381902981505,3.8211300843605023,1.1421891157076072,0.3552941176470588,0.17938888888888888,1540.6810979434783,0.06041886658601873,800.7701324325641,1.9239992046946444,0.5375632708609523,0.009411764705882352,15.0,0.8576470588235294,0.03411764705882353,0.0,0.10823529411764705,0.0,False,-1.2304058245750527,0.9128391254689989,1.251249079755179,3.0429718221556152,0.02,0.006666666666666667,2586.526048832273,30,150,+trail1atr,+ema align
695,4.679784172661873,61.744550979027835,1.9981109042852199,6.562576293276057,1.2304717781994787,0.3294964028776978,0.1403913043478261,3252.4500000000016,0.15599280575539567,691.3100000000007,4.7047634201732915,0.7838445426588228,0.004316546762589928,45.0,0.6071942446043166,0.04028776978417266,0.0,0.35251798561151076,0.0,False,-1.3175696767001102,0.9408245686917651,1.307865269622448,5.997353849361983,0.013333333333333334,0.013333333333333334,4168.160925306578,30,200,flatten,+ema align
696,4.577816091954025,61.66637831512614,1.9584591543434955,6.549557421816639,1.2255846604469973,0.3261494252873563,0.1403913043478261,3186.1600000000017,0.15259386973180075,725.3100000000006,4.39282513683804,0.7687659203761434,0.004310344827586207,45.0,0.5962643678160919,0.040229885057471264,0.017241379310344827,0.34626436781609193,0.0,False,-1.8035440715790825,0.9166098341090928,1.3370843458582522,6.381360163533108,0.0,0.0,4441.426673819043,30,200,+chan10,+ema align
718,3.3562395543175496,54.43443389922032,1.6521195210425217,5.692193035322008,1.2094100614644225,0.24373259052924792,0.1403913043478261,2409.7800000000007,0.11187465181058492,916.7899999999981,2.6284972567327367,0.6566339751554378,0.004178272980501393,30.0,0.7005571030640668,0.02924791086350975,0.0,0.27019498607242337,0.0,False,-1.0099092237864435,0.9414984794913315,1.2845586985098874,4.366148778103993,0.02666666666666667,0.02666666666666667,3134.894822678667,30,200,+be1R,+ema align
842,2.292242165579534,41.93452256680448,1.5861521344646676,4.049335753106429,1.180881478022209,0.35629453681710216,0.1403913043478261,1930.0679034179677,0.07640807218598443,826.2008588134779,2.336075886183141,0.6316101981267644,0.004750593824228029,15.0,0.8729216152019003,0.015439429928741092,0.0,0.11163895486935867,0.0,False,-0.7652056416335642,0.9456925787827221,1.2486948766608887,3.057447807213098,0.02,0.013333333333333334,2574.3710536734284,30,200,+trail1atr,+ema align
689,3.415370101596517,65.81838549657616,1.3620722915268508,7.025961165354775,1.1648632194143165,0.3164005805515239,,2353.1900000000005,0.11384567005321716,1070.4999999999982,2.1982157870154175,0.5411883950826909,0.0,45.0,0.6197387518142236,0.0,0.0,0.3802612481857765,0.0,False,-1.9611906867079267,0.9121642658368011,1.2770322879790674,5.3765607883044435,0.013333333333333334,0.013333333333333334,3704.4503831417614,30,none,flatten,+ema align
690,3.314347826086957,65.73672019236679,1.324386048549849,7.0121567792595965,1.1600858495281214,0.3130434782608696,,2286.9000000000005,0.11047826086956514,1070.4999999999982,2.1362914525922507,0.5265091935047084,0.0,45.0,0.6086956521739131,0.0,0.017391304347826087,0.3739130434782609,0.0,False,-2.0775882101567267,0.9026190035548445,1.2852442115214484,5.391936036243684,0.006666666666666667,0.006666666666666667,3720.4358650081417,30,none,+chan10,+ema align
714,2.6427731092436995,55.668029923403395,1.2685369824425083,5.837472895620882,1.1652015181162751,0.23669467787114845,,1886.9400000000014,0.08809243697478988,1116.7899999999981,1.68961040123927,0.5000022503332516,0.0,30.0,0.7072829131652661,0.0,0.0,0.2927170868347339,0.0,False,-1.4136242693005445,0.919462281965099,1.267264074852506,4.0563973785442435,0.05333333333333334,0.04666666666666667,2896.26772828059,30,none,+be1R,+ema align
841,2.7871643272476407,45.501544045045435,1.7763741250223077,4.396390566007494,1.2196759640533184,0.356718192627824,,2344.0051992152657,0.09290547757492132,826.2008588134779,2.8370887953100583,0.710882998074697,0.0,15.0,0.8846611177170036,0.0,0.0,0.11533888228299644,0.0,False,-0.5042712355442739,0.9635744026713994,1.2657828608480122,3.2914355627919147,0.03333333333333333,0.03333333333333333,2768.0973083080003,30,none,+trail1atr,+ema align
701,2.046661911554921,59.61498550567003,0.9089702592245054,6.309058649586104,1.0811389804282627,0.43366619115549215,0.3486,1434.7099999999996,0.040933238231098436,1004.6300000000003,1.428097906692015,0.3589354732057363,0.008559201141226819,45.0,0.44365192582025675,0.20114122681883023,0.0,0.35520684736091296,0.0,False,-2.5396738261247744,0.9075672243804397,1.1912494759452268,4.586335737679695,0.02,0.02,3215.0213521134665,50,100,flatten,+ema align
705,2.1128368794326238,59.148234363371486,0.9484593939507434,6.241879171558573,1.0847869099552827,0.4269503546099291,0.3486,1489.5499999999997,0.04225673758865249,956.6300000000005,1.5570805849701546,0.374897193513282,0.00851063829787234,45.0,0.41702127659574467,0.2,0.03971631205673759,0.3432624113475177,0.0,False,-2.4933663714738143,0.9038640221752563,1.2001660463756638,4.606203250906438,0.02,0.02,3247.3732918890387,50,100,+chan10,+ema align
710,1.71281690140845,55.633877645211,0.8203530235058961,5.85030202879722,1.0775769406196076,0.3732394366197183,0.3486,1216.0999999999995,0.034256338028169006,750.7900000000002,1.6197605189200697,0.3260184496931054,0.014084507042253521,45.0,0.5112676056338028,0.17746478873239438,0.0,0.3112676056338028,0.0,False,-2.6282764776924026,0.8909601860708314,1.2094557730708073,4.341093379100853,0.013333333333333334,0.013333333333333334,3082.1762991616056,50,100,+be1R,+ema align
849,1.4622752663612577,39.84840942100167,1.0692320998719906,3.8319980262795847,1.105718906743585,0.3828032979976443,0.3486,1241.4717011407079,0.029245505327225144,706.4621295780771,1.7573082111027756,0.4209431779865264,0.024734982332155476,15.0,0.800942285041225,0.08362779740871613,0.0,0.1154299175500589,0.0,False,-1.4870463801454428,0.9067215080246283,1.2194691500728707,2.9493216465067005,0.03333333333333333,0.02666666666666667,2503.974077884189,50,100,+trail1atr,+ema align
668,2.7938323353293435,67.35899599098383,1.0719955079252637,7.30256623812139,1.1056426564745667,0.4116766467065868,0.26145,1866.2800000000013,0.055876646706586826,1225.85,1.5224374923522466,0.42816141182176926,0.005988023952095809,60.0,0.468562874251497,0.10029940119760479,0.0,0.4311377245508982,0.0,False,-2.1737008419168777,0.9239940144353569,1.1965907129281712,4.967533177246221,0.04,0.04,3318.3121624004757,50,150,flatten,+ema align
672,2.808214285714287,66.86703577777784,1.0886864296937881,7.227624239593595,1.1075159525979947,0.40476190476190477,0.26145,1887.1200000000008,0.05616428571428572,1177.85,1.602173451627967,0.43523401075896495,0.005952380952380952,60.0,0.44047619047619047,0.09970238095238096,0.043154761904761904,0.4166666666666667,0.0,False,-1.583704429363342,0.942200486451547,1.1754567828435833,4.391918715077629,0.013333333333333334,0.013333333333333334,2951.3693765321664,50,150,+chan10,+ema align
681,2.1652129221732763,61.93135293582686,0.9123544584784414,6.649747312078137,1.096164469148991,0.3406754772393539,0.26145,1474.5100000000011,0.04330425844346551,908.0099999999998,1.6238918073589514,0.3695174699592633,0.010279001468428781,45.0,0.5491923641703378,0.08516886930983847,0.0,0.3656387665198238,0.0,False,-1.4747024969831974,0.9360529871699586,1.1710495924628261,3.6399154191564738,0.08666666666666667,0.07333333333333333,2478.782400445559,50,150,+be1R,+ema align
838,2.107299086619788,43.09077173574101,1.4156761517192835,4.170905919081617,1.1532954857707374,0.38066825775656327,0.26145,1765.9166345873825,0.04214598173239576,702.1357535115753,2.515064395674974,0.569317116006491,0.011933174224343675,15.0,0.8365155131264916,0.03699284009546539,0.0,0.12649164677804295,0.0,False,-0.8075862230742826,0.9484453493963154,1.215985176694481,2.914885309694071,0.03333333333333333,0.03333333333333333,2442.6738895236313,50,150,+trail1atr,+ema align
654,4.031100917431193,72.47195759944725,1.4224681542233726,7.940525583723195,1.1505427920944393,0.40825688073394495,0.20915999999999998,2636.34,0.08062201834862384,822.9799999999989,3.203407130185428,0.5658593311783305,0.0030581039755351682,60.0,0.47553516819571867,0.05198776758409786,0.0,0.4724770642201835,0.0,False,-1.9968389384885037,0.9298726970294073,1.2373121565672267,6.027939855919696,0.013333333333333334,0.013333333333333334,3942.272665771481,50,200,flatten,+ema align
658,4.0382674772036475,71.97474500233099,1.4392223453344994,7.862041266802852,1.1527267669295664,0.4012158054711246,0.20915999999999998,2657.1800000000003,0.08076534954407295,821.5599999999993,3.2343103364331305,0.5729736909937131,0.00303951367781155,60.0,0.44680851063829785,0.05167173252279635,0.044072948328267476,0.4574468085106383,0.0,False,-1.570908485552754,0.9437110863492124,1.2214827012247365,5.609175962756401,0.02,0.02,3690.837783493712,50,200,+chan10,+ema align
668,3.010898203592816,65.73768369560024,1.1837770237981675,7.126795500218704,1.1337905481588892,0.3338323353293413,0.20915999999999998,2011.280000000001,0.06021796407185629,845.3000000000004,2.3793682716195437,0.4722967866274367,0.004491017964071856,45.0,0.5583832335329342,0.038922155688622756,0.0,0.4026946107784431,0.0,False,-2.321109596647987,0.905061067984143,1.2527227037664974,5.3320078002408025,0.04666666666666667,0.04666666666666667,3561.781210560856,50,200,+be1R,+ema align
829,2.5776382868760015,44.836295244401846,1.6552725722095556,4.363355377891316,1.1893105746944441,0.38118214716525933,0.20915999999999998,2136.8621398202054,0.05155276573752002,814.2985238990887,2.624175381760872,0.6543325491261895,0.007237635705669481,15.0,0.856453558504222,0.015681544028950542,0.0,0.1278648974668275,0.0,False,-0.1126710810957711,0.9924841611808404,1.1983169316066697,2.6903093679717727,0.04,0.02,2230.2664660485993,50,200,+trail1atr,+ema align
642,4.674174454828662,82.34113599584671,1.4383201917339234,9.105786665374678,1.1723851295263863,0.40031152647975077,,3000.8200000000006,0.09348348909657321,1117.7299999999987,2.6847449741887615,0.5745984701237719,0.0,60.0,0.48130841121495327,0.0,0.0,0.5186915887850467,0.0,False,-1.8155058486545976,0.9390843823589221,1.2484342744380723,6.48968030348326,0.05333333333333334,0.04666666666666667,4166.374754836253,50,none,flatten,+ema align
646,4.67749226006192,81.83778924072922,1.4526983647714142,9.022061035193508,1.1747262583787834,0.3931888544891641,,3021.6600000000003,0.0935498452012384,1117.7299999999987,2.703389906328008,0.5807190735699436,0.0,60.0,0.4520123839009288,0.0,0.04489164086687306,0.5030959752321982,0.0,False,-2.068226362058037,0.9277821423772215,1.266166058519758,6.745718622119957,0.04,0.04,4357.734229889493,50,none,+chan10,+ema align
659,3.4763125948406683,72.54098529331283,1.2302066747985632,7.91787923955014,1.155517434266799,0.3262518968133536,,2290.8900000000003,0.06952625189681336,1121.7299999999987,2.042282902302696,0.48523207282955794,0.0,60.0,0.5644916540212443,0.0,0.0,0.4355083459787557,0.0,False,-1.1041680379186682,0.9550078313066235,1.2099559777283106,4.580480632759336,0.09333333333333334,0.09333333333333334,3018.5367369884025,50,none,+be1R,+ema align
827,2.8730518294554286,46.49969131508462,1.7768310938253105,4.53070145727964,1.2110228355079353,0.38210399032648124,,2376.0138629596395,0.057461036589108554,814.2985238990887,2.9178658602776557,0.7023229286455424,0.0,15.0,0.8681983071342201,0.0,0.0,0.13180169286577992,0.0,False,-0.06518985915901541,0.9958106173768559,1.2161176175224833,2.938241688614444,0.07333333333333333,0.05333333333333334,2429.925876484145,50,none,+trail1atr,+ema align
679,2.0516789396170787,68.15575960319501,0.7844074778307156,7.328849547311065,1.0710033868415216,0.49189985272459497,0.4416571428571429,1393.0899999999965,0.027355719194894386,1286.3999999999978,1.082936878109452,0.30975829412120726,0.0014727540500736377,60.0,0.3136966126656848,0.22974963181148747,0.0,0.4565537555228277,0.0,False,-2.6384136867323695,0.9179210962526196,1.1667706420670088,4.690092626349449,0.05333333333333334,0.04666666666666667,3184.5728932912757,75,100,flatten,+ema align
685,1.9552554744525503,67.01207446711668,0.7636524225954657,7.174240108864648,1.0687971251446595,0.4759124087591241,0.4416571428571429,1339.349999999997,0.026070072992700664,1280.3999999999978,1.0460402999062788,0.3016216852337654,0.00145985401459854,60.0,0.27007299270072993,0.22627737226277372,0.08905109489051095,0.4145985401459854,0.0,False,-2.5591222570532945,0.9115896136215424,1.1724542592127247,4.514377731505845,0.03333333333333333,0.04666666666666667,3092.3487460815036,75,100,+chan10,+ema align
680,2.6114705882352895,65.89949055172613,1.0333740183667348,7.081018545250888,1.0978702554998971,0.4602941176470588,0.4416571428571429,1775.799999999997,0.03481960784313718,1190.3999999999978,1.4917674731182797,0.406234648209879,0.0058823529411764705,60.0,0.3558823529411765,0.21911764705882353,0.0,0.425,0.0,False,-2.4740668377080497,0.9166345233589959,1.1977186408785534,5.08553742594334,0.013333333333333334,0.013333333333333334,3458.165449641471,75,100,+be1R,+ema align
842,2.6502107270411117,41.7650027735398,1.8412973947258398,4.032966362978466,1.195455605688014,0.3978622327790974,0.4416571428571429,2231.477432168616,0.03533614302721482,951.7474371437002,2.344610917856031,0.7006888397155775,0.020190023752969122,15.0,0.7850356294536817,0.09144893111638955,0.0,0.12351543942992874,0.0,False,-0.673771125778959,0.9569716427584405,1.2492069276391,3.323981852820071,0.0,0.0,2798.7927200745,75,100,+trail1atr,+ema align
644,3.0826708074534137,76.4544463218038,1.0232160313453942,8.441661719399669,1.101288323556918,0.4704968944099379,0.34351111111111116,1985.2399999999984,0.04110227743271215,1235.8899999999985,1.6063241874276843,0.396475097635505,0.0,75.0,0.33229813664596275,0.11645962732919254,0.0,0.5512422360248447,0.0,False,-1.0515913339540992,0.9686683958807667,1.13690952263965,4.134262141407513,0.1,0.08666666666666667,2662.4648190664384,75,150,flatten,+ema align
650,2.9192307692307673,75.2961645464177,0.988444414576515,8.275310674793058,1.0975681241467612,0.45384615384615384,0.34351111111111116,1897.4999999999989,0.038923076923076866,1235.8899999999985,1.535330814231041,0.3829185237184755,0.0,60.0,0.28615384615384615,0.11538461538461539,0.09538461538461539,0.5030769230769231,0.0,False,-1.5125607898104707,0.9513717103430945,1.1536690782522256,4.431791559041238,0.03333333333333333,0.03333333333333333,2880.6645133768047,75,150,+chan10,+ema align
645,3.7782170542635627,72.68308429706447,1.3201808023445352,8.019026005563491,1.139746993686311,0.4263565891472868,0.34351111111111116,2436.949999999998,0.05037622739018081,1398.2699999999977,1.7428322140931307,0.5103725822503724,0.006201550387596899,60.0,0.3953488372093023,0.10542635658914729,0.0,0.4992248062015504,0.0,False,-0.8964945759192324,0.9704119688144655,1.1744980794895996,4.674711630182795,0.06666666666666667,0.06666666666666667,3015.189001467903,75,150,+be1R,+ema align
831,3.691817649690009,45.58823797587023,2.334468117108159,4.431190547697736,1.2758066356285167,0.39590854392298436,0.34351111111111116,3067.900466892397,0.0492242353292001,824.1246047648801,3.722617246414647,0.8659157583801044,0.007220216606498195,15.0,0.8206979542719615,0.04332129963898917,0.0,0.13598074608904934,0.0,False,0.05634945241537685,1.003412026723273,1.2714683516349425,3.635468197274632,0.02666666666666667,0.013333333333333334,3021.0740719352193,75,150,+trail1atr,+ema align
629,4.667074721780602,82.31862750763781,1.4219095007366855,9.19688866531522,1.150890124208757,0.46740858505564387,0.2810545454545455,2935.5899999999983,0.06222766295707466,1260.8899999999985,2.3281888190087967,0.5494659259131291,0.0,75.0,0.3386327503974563,0.06518282988871224,0.0,0.5961844197138315,0.0,False,-1.4359341087887447,0.9577624394195439,1.2016446634786169,6.103008830569347,0.02,0.02,3838.792554428119,75,200,flatten,+ema align
635,4.484803149606297,81.1675137891799,1.3923486709225001,9.025338758624997,1.1475324570369383,0.4503937007874016,0.2810545454545455,2847.8499999999985,0.059797375328083935,1260.8899999999985,2.2586030502264287,0.5379279111245967,0.0,75.0,0.29133858267716534,0.06456692913385827,0.09763779527559055,0.5464566929133858,0.0,False,-1.7220746835084557,0.9445930386350854,1.2148432288841506,6.206877833114753,0.02666666666666667,0.02666666666666667,3941.367424027868,75,200,+chan10,+ema align
633,4.563080568720377,76.62337342619595,1.4982998073829217,8.533506905995905,1.1687363192333688,0.41706161137440756,0.2810545454545455,2888.4299999999985,0.060841074249604984,1618.9799999999977,1.784104806730165,0.5795904353672435,0.001579778830963665,75.0,0.4060031595576619,0.052132701421800945,0.0,0.5418641390205371,0.0,False,-1.304803005724304,0.9572052774979694,1.2209881691086353,5.867883574444681,0.02666666666666667,0.02666666666666667,3714.370302623483,75,200,+be1R,+ema align
821,4.256784378846076,47.88498703695536,2.547146102826718,4.68269559264388,1.3201188363429206,0.3946406820950061,0.2810545454545455,3494.8199750326285,0.056757125051281,805.0325768833654,4.341215592246727,0.9687677199417879,0.0048721071863581,15.0,0.8428745432399513,0.020706455542021926,0.0,0.1364190012180268,0.0,False,0.3239016691475828,1.0205730015137726,1.2935075044948714,3.932882709698493,0.006666666666666667,0.0,3228.896704662463,75,200,+trail1atr,+ema align
613,5.5843882544861305,98.73001847892571,1.400414580953827,11.173445422435265,1.1777233112357923,0.4567699836867863,,3423.2299999999977,0.07445851005981505,1577.4399999999987,2.170117405416371,0.55584785950473,0.0,75.0,0.3442088091353997,0.0,0.0,0.6557911908646004,0.0,False,-0.4772743522408296,0.9866615350543297,1.1936446992138412,6.06166260672696,0.08666666666666667,0.06666666666666667,3715.7991779236268,75,none,flatten,+ema align
619,5.3885137318255225,97.60150325312429,1.3735921865270486,10.992065639766068,1.1745449807243784,0.4394184168012924,,3335.4899999999984,0.07184684975767361,1577.4399999999987,2.1144956385028917,0.5453209421835106,0.0,75.0,0.2956381260096931,0.0,0.10016155088852989,0.6042003231017771,0.0,False,-0.7494625622957996,0.9765011564672263,1.2028096156830295,6.137976294121322,0.04666666666666667,0.06,3799.4073260610985,75,none,+chan10,+ema align
620,5.774516129032256,92.84570746543652,1.5486369374735236,10.448022904545377,1.2135227496376875,0.4032258064516129,,3580.199999999999,0.07699354838709668,1808.4999999999982,1.979651645009678,0.6107269979150658,0.0,75.0,0.41774193548387095,0.0,0.0,0.582258064516129,0.0,False,0.04852899575671728,1.0016277501208184,1.2115506479241513,5.725987133275539,0.06,0.06,3550.112022630834,75,none,+be1R,+ema align
819,4.2898893416960835,48.92285220917091,2.5094368549617196,4.790026858681722,1.3230282824544688,0.3956043956043956,,3513.419370849092,0.057198524555947754,774.8548020588996,4.5342938593313695,0.9909677579897207,0.0,15.0,0.8595848595848596,0.0,0.0,0.14041514041514042,0.0,False,0.9263627945365773,1.057540226655274,1.251042985512584,3.3635265471595064,0.06666666666666667,0.05333333333333334,2754.728242123636,75,none,+trail1atr,+ema align
669,2.4319730941703996,73.88782449953932,0.8513319745773112,8.004384674085363,1.0800140652509616,0.5216741405082213,0.5114500000000001,1626.9899999999973,0.024319730941704004,1146.6399999999999,1.4189196260378125,0.3296319724142616,0.0014947683109118087,60.0,0.22869955156950672,0.242152466367713,0.0,0.5291479820627802,0.0,False,-2.615124434540098,0.9254848232401144,1.1669711248962913,5.0470975287104975,0.04666666666666667,0.04666666666666667,3376.508246707323,100,100,flatten,+ema align
679,2.2107363770250332,71.3428895567905,0.80746024520034,7.67156447050495,1.0748752113065267,0.49779086892488955,0.5114500000000001,1501.0899999999974,0.022107363770250348,1053.85,1.4243867723110477,0.31202297217819763,0.0014727540500736377,60.0,0.16936671575846834,0.23564064801178203,0.13402061855670103,0.46097201767304863,0.0,False,-3.1291691767068306,0.9022135758405982,1.1913755679247662,5.339905553731864,0.03333333333333333,0.03333333333333333,3625.7958709839354,100,100,+chan10,+ema align
669,2.4319730941703996,73.88782449953932,0.8513319745773112,8.004384674085363,1.0800140652509616,0.5216741405082213,0.5114500000000001,1626.9899999999973,0.024319730941704004,1146.6399999999999,1.4189196260378125,0.3296319724142616,0.0014947683109118087,60.0,0.22869955156950672,0.242152466367713,0.0,0.5291479820627802,0.0,False,-2.615124434540098,0.9254848232401144,1.1669711248962913,5.0470975287104975,0.04666666666666667,0.04666666666666667,3376.508246707323,100,100,+be1R,+ema align
841,2.902240005982588,42.67891380555744,1.9720501922083946,4.123666085626619,1.2150903763172687,0.40190249702734837,0.5114500000000001,2440.7838450313566,0.029022400059825884,729.6145538899982,3.3453058632371335,0.7392715526001399,0.020214030915576695,15.0,0.7812128418549346,0.093935790725327,0.0,0.1248513674197384,0.0,False,-0.16470571908529696,0.9890076836079014,1.2285954866241457,3.0669457250678853,0.04,0.02666666666666667,2579.3013547820915,100,100,+trail1atr,+ema align
634,2.6137854889589884,82.55002916911181,0.7972551630524977,9.186302302542538,1.0798744866678236,0.4952681388012618,0.40916,1657.1399999999987,0.026137854889589883,1293.9500000000003,1.2806831794118771,0.30788052820559453,0.0,75.0,0.24921135646687698,0.12302839116719243,0.0,0.6277602523659306,0.0,False,-1.4548058252427207,0.9599249137335408,1.124957245320105,4.06859131420171,0.08666666666666667,0.08666666666666667,2579.486893203884,100,150,flatten,+ema align
644,2.4770807453416124,80.06341831299963,0.7851433719291562,8.840143719730042,1.0780339766050693,0.4704968944099379,0.40916,1595.2399999999984,0.02477080745341614,1212.37,1.315802931448319,0.302665235573853,0.0,75.0,0.18478260869565216,0.12111801242236025,0.14440993788819875,0.5496894409937888,0.0,False,-1.5326204399888612,0.9533199536887537,1.1308207411727302,4.009701185330473,0.10666666666666667,0.11333333333333333,2582.2475633528247,100,150,+chan10,+ema align
634,3.135867507886433,80.91677521682094,0.9758066370687685,9.004551130634047,1.1006108083215675,0.4794952681388013,0.40916,1988.1399999999985,0.031358675078864334,1082.0499999999984,1.8373827457141552,0.3756410386071446,0.0031545741324921135,75.0,0.27287066246056785,0.11987381703470032,0.0,0.6072555205047319,0.0,False,-1.7848777348777354,0.9482988860461907,1.1606159455806404,4.920745242764168,0.07333333333333333,0.06,3119.7524839124826,100,150,+be1R,+ema align
831,3.791165805965726,46.369938129805334,2.356876217515886,4.507172039570366,1.28308460556182,0.39951865222623345,0.40916,3150.4587847575185,0.037911658059657266,655.5824885327011,4.8055871532028736,0.8699381463800315,0.007220216606498195,15.0,0.8170878459687124,0.04332129963898917,0.0,0.13959085439229843,0.0,False,0.5460730092984523,1.0365353437393108,1.2378590014432893,3.245092796667274,0.04,0.04,2696.672114030505,100,150,+trail1atr,+ema align
619,4.2608885298869135,88.04714413672475,1.204010358328474,9.91603567042234,1.1285636015687988,0.4927302100161551,0.3409666666666667,2637.4899999999993,0.04260888529886912,992.0499999999984,2.658626077314655,0.46047237598639607,0.0,75.0,0.25363489499192243,0.06785137318255251,0.0,0.678513731825525,0.0,False,-1.1576090865167574,0.9688966568234612,1.1647925437877014,5.418497616403671,0.08,0.06666666666666667,3354.050024553872,100,200,flatten,+ema align
629,4.094737678855325,85.57948677399013,1.2000013367806992,9.56120182910213,1.127434114337878,0.46740858505564387,0.3409666666666667,2575.5899999999992,0.04094737678855324,955.1499999999987,2.696529340941216,0.45805093349794607,0.0,75.0,0.1875993640699523,0.06677265500794913,0.1478537360890302,0.5977742448330684,0.0,False,-1.6422230991844258,0.9512117462816226,1.185260925072809,5.736960778039751,0.006666666666666667,0.006666666666666667,3608.5483293870034,100,200,+chan10,+ema align
620,4.4406451612903215,85.07016981761561,1.299764336356383,9.573033659944809,1.1430320700011378,0.47258064516129034,0.3409666666666667,2753.1999999999994,0.0444064516129032,1445.0499999999984,1.905262793674961,0.4930768807603067,0.0016129032258064516,75.0,0.28225806451612906,0.06129032258064516,0.0,0.6564516129032258,0.0,False,-0.6166829006238718,0.9820836175249499,1.1638846729587147,5.057328061914193,0.06666666666666667,0.06666666666666667,3135.5433983867997,100,200,+be1R,+ema align
821,4.418243962116626,48.51941212976733,2.6091902137758973,4.744736323357257,1.3336158410731247,0.3982947624847747,0.3409666666666667,3627.37829289775,0.04418243962116624,706.9338229399391,5.131142654644112,0.979296814979682,0.0048721071863581,15.0,0.8392204628501827,0.020706455542021926,0.0,0.14007308160779536,0.0,False,0.8990825880464244,1.0565059082471597,1.262289051734425,3.5191613740702015,0.02,0.013333333333333334,2889.2314881116354,100,200,+trail1atr,+ema align
602,4.866146179401992,104.31576696917848,1.1445464987104055,11.91296431385468,1.143249532879832,0.48006644518272423,,2929.419999999999,0.0486614617940199,1352.539999999999,2.1658657045262997,0.45390264627740673,0.0,75.0,0.26245847176079734,0.0,0.0,0.7375415282392026,0.0,False,-1.7049331904889466,0.9547615700576366,1.1974188831362544,6.571079369890938,0.07333333333333333,0.06,3955.789780674345,100,none,flatten,+ema align
612,4.685490196078429,101.93329734174513,1.1371419245739836,11.545386943965047,1.1423379294803007,0.4542483660130719,,2867.519999999998,0.04685490196078428,1305.539999999999,2.196424468036215,0.45079818576448705,0.0,75.0,0.19444444444444445,0.0,0.15196078431372548,0.6535947712418301,0.0,False,-1.290775430644403,0.962906617699083,1.1863434194792204,5.976265626722832,0.09333333333333334,0.09333333333333334,3657.4745635543727,100,none,+chan10,+ema align
605,5.035619834710743,100.81338780349635,1.2286053821867358,11.484409055531023,1.1611505745308515,0.45289256198347105,,3046.5499999999993,0.05035619834710741,1644.6299999999983,1.852422733380762,0.4849018886489918,0.0,75.0,0.2975206611570248,0.0,0.0,0.7024793388429752,0.0,False,0.09467656415694416,1.0028381210837147,1.1578644151222102,4.940943270553799,0.11333333333333333,0.1,2989.270678685048,100,none,+be1R,+ema align
819,4.456847542036326,49.536740898874875,2.5747928757160783,4.8501325798148756,1.3371039997985177,0.3992673992673993,,3650.158136927751,0.044568475420363254,706.9338229399391,5.163366100871746,0.9969075952895915,0.0,15.0,0.8559218559218559,0.0,0.0,0.14407814407814407,0.0,False,1.7466177279927257,1.112889249591172,1.2014708564124532,2.7102298140436,0.14666666666666667,0.10666666666666667,2219.6782177017085,100,none,+trail1atr,+ema align
667,-0.6468215892053988,83.40921838984622,-0.20027805841901825,9.049389170538433,0.9811071392443644,0.5367316341829086,0.6091599999999999,-431.430000000001,-0.004312143928035973,1968.3399999999933,-0.21918469370129268,-0.07854597777552773,0.0014992503748125937,75.0,0.1454272863568216,0.24887556221889057,0.0,0.6056971514242878,0.0,False,-3.7563685115649585,0.9010376676687488,1.0888636229634872,3.1095469223595598,0.2,0.20666666666666667,2074.0677972138265,150,100,flatten,+ema align
678,0.14510324483775583,77.77071785828626,0.048582053015294,8.368919524817066,1.0045174319239818,0.5073746312684366,0.6091599999999999,98.37999999999846,0.0009673549655850543,1538.3999999999996,0.06394955798231831,0.019028215585597856,0.0014749262536873156,60.0,0.08259587020648967,0.24041297935103245,0.18436578171091444,0.49262536873156343,0.0,False,-2.634926919926922,0.9175044739514986,1.0948365489682428,2.7800301647646775,0.18,0.18,1884.8604517104513,150,100,+chan10,+ema align
667,-0.6468215892053988,83.40921838984622,-0.20027805841901825,9.049389170538433,0.9811071392443644,0.5367316341829086,0.6091599999999999,-431.430000000001,-0.004312143928035973,1968.3399999999933,-0.21918469370129268,-0.07854597777552773,0.0014992503748125937,75.0,0.1454272863568216,0.24887556221889057,0.0,0.6056971514242878,0.0,False,-3.7563685115649585,0.9010376676687488,1.0888636229634872,3.1095469223595598,0.2,0.20666666666666667,2074.0677972138265,150,100,+be1R,+ema align
840,3.6228663620558996,42.66217868843872,2.4612114508758625,4.124501997936071,1.2806610730758137,0.4035714285714286,0.6091599999999999,3043.2077441269557,0.024152442413706007,641.9913421375295,4.740262904472362,0.9370027766120138,0.02023809523809524,15.0,0.7773809523809524,0.09523809523809523,0.0,0.12738095238095237,0.0,False,0.8258080262401835,1.0586375735379168,1.2097256937479604,2.7970583358157164,0.04,0.04,2349.5290020852017,150,100,+trail1atr,+ema align
630,0.10682539682539856,92.06060761695271,0.029125336554695732,10.277126286340136,1.002929649665267,0.5126984126984127,0.5076333333333333,67.30000000000109,0.0007121693121693268,2064.7499999999964,0.03259474512652922,0.011317174052475048,0.0,75.0,0.15555555555555556,0.13174603174603175,0.0,0.7126984126984127,0.0,False,-2.508866995073889,0.9380969674856736,1.069110853596895,2.6156923918992874,0.22,0.22,1647.8862068965511,150,150,flatten,+ema align
641,0.7880031201248053,86.42952421485519,0.23083137023758887,9.565358210701959,1.023002120288097,0.48205928237129486,0.5076333333333333,505.11000000000024,0.005253354134165375,1402.3399999999997,0.3601908239086101,0.089518696957032,0.0,75.0,0.08892355694227769,0.12636505460218408,0.1996879875195008,0.5850234009360374,0.0,False,-1.0372304118645568,0.9694855657987773,1.0552009811979268,1.8252335319893622,0.31333333333333335,0.31333333333333335,1169.9746940051812,150,150,+chan10,+ema align
630,0.10682539682539856,92.06060761695271,0.029125336554695732,10.277126286340136,1.002929649665267,0.5126984126984127,0.5076333333333333,67.30000000000109,0.0007121693121693268,2064.7499999999964,0.03259474512652922,0.011317174052475048,0.0,75.0,0.15555555555555556,0.13174603174603175,0.0,0.7126984126984127,0.0,False,-2.508866995073889,0.9380969674856736,1.069110853596895,2.6156923918992874,0.22,0.22,1647.8862068965511,150,150,+be1R,+ema align
830,4.642027329943515,46.326637547104546,2.8867951008241985,4.505675021683444,1.364362142876505,0.40120481927710844,0.5076333333333333,3852.8826838531177,0.0309468488662901,623.6553032183865,6.177904146682044,1.080148756792444,0.007228915662650603,15.0,0.8132530120481928,0.04457831325301205,0.0,0.14216867469879518,0.0,True,1.874219005772082,1.1258753773963015,1.2118234133796653,2.767808324171433,0.05333333333333334,0.04666666666666667,2297.280909062289,150,150,+trail1atr,+ema align
613,1.8258238172920087,98.25003763997493,0.4601043929876237,11.119125168165526,1.048997530051334,0.5073409461663948,0.4351142857142857,1119.2300000000014,0.012172158781946734,1515.0499999999993,0.7387412956668109,0.17705349205222756,0.0,90.0,0.1598694942903752,0.0766721044045677,0.0,0.763458401305057,0.0,False,-2.1094881763269475,0.9500471054776145,1.1041531772511157,3.9353119936189564,0.18,0.17333333333333334,2412.3462520884204,150,200,flatten,+ema align
625,2.3532000000000015,92.35405528835823,0.6370050542590078,10.35104251671919,1.06737340602286,0.4768,0.4351142857142857,1470.750000000001,0.01568800000000001,1551.3999999999987,0.9480146964032501,0.2443108530780431,0.0,75.0,0.0912,0.072,0.2048,0.632,0.0,False,-1.4012424708209832,0.960233566280615,1.1115768532829384,3.754442470820985,0.10666666666666667,0.11333333333333333,2346.5265442631157,150,200,+chan10,+ema align
614,1.8793811074918587,96.94126628992254,0.4803860130714644,10.962071583896824,1.0514865621563017,0.503257328990228,0.4351142857142857,1153.9400000000012,0.012529207383279067,1515.0499999999993,0.7616514306458544,0.18539236424883482,0.0,90.0,0.16449511400651465,0.0732899022801303,0.0,0.762214983713355,0.0,False,-3.017247976186152,0.9267196823889072,1.134632815228192,4.896629083678011,0.11333333333333333,0.1,3006.5302573782988,150,200,+be1R,+ema align
820,5.182078088372971,48.21900646826748,3.077461450976896,4.718233854403551,1.411546192173946,0.4,0.4351142857142857,4249.304032465836,0.0345471872558198,675.0066376256245,6.295203329278379,1.1669866680760947,0.004878048780487805,15.0,0.8365853658536585,0.020731707317073172,0.0,0.14268292682926828,0.0,True,1.5601220829765492,1.1026042654409678,1.280192936320106,3.621956005396422,0.04,0.006666666666666667,2970.003924425066,150,200,+trail1atr,+ema align
595,1.8057983193277323,114.424379476927,0.38495428784969227,13.144020083579258,1.0467541046096167,0.4907563025210084,,1074.4500000000007,0.012038655462184892,1768.179999999999,0.6076587225282502,0.1519116343671301,0.0,105.0,0.16806722689075632,0.0,0.0,0.8319327731092437,0.0,False,-1.7519559531282685,0.9575927631214629,1.0931098739693006,3.557754272456001,0.2733333333333333,0.25333333333333335,2116.8637921113204,150,none,flatten,+ema align
607,2.573261943986821,109.01098780980546,0.5815781314131531,12.39778385327369,1.0711058445847674,0.4612850082372323,,1561.9700000000005,0.017155079626578813,1767.6299999999983,0.8836521217675656,0.22938302171334604,0.0,75.0,0.09719934102141681,0.0,0.21087314662273476,0.6919275123558485,0.0,False,-1.7011514725412078,0.950787597481619,1.1265458735703318,4.274413416528029,0.15333333333333332,0.16,2594.5689438325135,150,none,+chan10,+ema align
597,2.6714740368509227,112.21179424772322,0.5817007404625171,12.868249480488027,1.0728820220354707,0.4807370184254606,,1594.8700000000008,0.017809826912339493,1616.2799999999988,0.9867535328037234,0.23014694018965612,0.0,105.0,0.18090452261306533,0.0,0.0,0.8190954773869347,0.0,False,-1.3617139175257709,0.9653436625521625,1.1113990422840707,4.033187954376693,0.16,0.15333333333333332,2407.8132087628856,150,none,+be1R,+ema align
818,5.2225964260340305,49.242443010865934,3.033357014238658,4.824264047079295,1.4155607961909962,0.40097799511002447,,4272.083876495837,0.03481730950689353,675.0066376256245,6.328950914502327,1.1897205948624128,0.0,15.0,0.8533007334963325,0.0,0.0,0.1466992665036675,0.0,True,2.700307089947949,1.186243903373236,1.1933134426787513,2.5222893360860814,0.12,0.06,2063.2326769184147,150,none,+trail1atr,+ema align
766,1.7569973890339434,49.40982818925296,0.9841746109031436,5.00226954600601,1.0888171180136685,0.34203655352480417,0.24838461538461537,1345.8600000000006,0.05856657963446467,942.0799999999999,1.4286047894021747,0.3901938490578533,0.009138381201044387,30.0,0.5926892950391645,0.1618798955613577,0.0,0.2454308093994778,0.0,False,-2.127831503698129,0.9002300853818228,1.2094875917770052,3.8848288927320724,0.02,0.013333333333333334,2975.7789318327673,30,100,flatten,ema34>89
767,1.7126075619295966,49.35196228298628,0.9610613542175276,4.993153004715015,1.0866183581568911,0.3389830508474576,0.24838461538461537,1313.5700000000006,0.05708691873098644,942.0799999999999,1.3943295686141313,0.3813482906673236,0.009126466753585397,30.0,0.5827900912646675,0.16166883963494133,0.014341590612777053,0.24119947848761408,0.0,False,-2.2746346794711,0.8884537030642545,1.2230444359781176,3.987242241400697,0.03333333333333333,0.03333333333333333,3058.2147991543347,30,100,+chan10,ema34>89
782,1.495166240409207,44.75258356948684,0.9342750407555087,4.4841782375335235,1.0926689582529205,0.2672634271099744,0.24838461538461537,1169.2199999999998,0.049838874680306844,770.5300000000007,1.517423072430663,0.37491876987211525,0.01278772378516624,15.0,0.6764705882352942,0.13554987212276215,0.0,0.18797953964194372,0.0,False,-1.9655983368379502,0.8887474004360029,1.2294482748606381,3.460764577247157,0.006666666666666667,0.006666666666666667,2706.317899407277,30,100,+be1R,ema34>89
895,0.9284214518219986,36.36713467862513,0.7637436270432917,3.4061651264787334,1.0717897500770228,0.3541899441340782,0.24838461538461537,830.9371993806888,0.030947381727399897,896.3199116488514,0.9270542677693213,0.3019672560533949,0.02346368715083799,15.0,0.8256983240223463,0.07597765363128492,0.0,0.09832402234636871,0.0,False,-2.0492156173547134,0.8549639269075814,1.2536081539179134,2.977637069176712,0.0,0.0,2664.9851769131574,30,100,+trail1atr,ema34>89
738,2.6300542005420073,56.6711368508211,1.260755741469067,5.845233638461693,1.1284396506087873,0.3224932249322493,0.17938888888888888,1940.9800000000014,0.08766847335140011,797.1999999999971,2.4347466131460216,0.4985596259913297,0.008130081300813009,30.0,0.6138211382113821,0.08130081300813008,0.0,0.3048780487804878,0.0,False,-0.8078282009724457,0.962210940812742,1.1727570356408943,3.437882401514453,0.05333333333333334,0.05333333333333334,2537.157212317666,30,150,flatten,ema34>89
739,2.5367929634641433,56.594691611164116,1.2185168688147536,5.8333980148674875,1.1239557071040676,0.3193504736129905,0.17938888888888888,1874.6900000000019,0.08455976544880463,797.1999999999971,2.351593075765189,0.48218278340512855,0.008119079837618403,30.0,0.6035182679296346,0.08119079837618404,0.016238159675236806,0.29905277401894453,0.0,False,-1.746315522228831,0.9181928509862642,1.2240954674138291,4.283108485692974,0.04,0.04,3165.217170927108,30,150,+chan10,ema34>89
760,2.16263157894737,50.90374671049077,1.171222986259158,5.1738172451387445,1.1327330358765217,0.24342105263157895,0.17938888888888888,1643.600000000001,0.07208771929824559,1031.069999999997,1.5940721774467357,0.4754094699869109,0.009210526315789473,30.0,0.7,0.06710526315789474,0.0,0.23289473684210527,0.0,False,-0.8772234083850912,0.9499747621043746,1.1923822411527047,3.039854987332461,0.06666666666666667,0.08,2310.2897903726707,30,150,+be1R,ema34>89
885,1.6580239851190706,40.23056502830123,1.2260447217187425,3.789244490030429,1.128118763271919,0.35141242937853107,0.17938888888888888,1467.3512268303775,0.05526746617063563,742.6384190557876,1.9758622624129938,0.4966678372368321,0.00903954802259887,15.0,0.8587570621468926,0.03615819209039548,0.0,0.10508474576271186,0.0,False,-1.241236953744065,0.9115529509832963,1.2375789711996568,2.8992609388631356,0.013333333333333334,0.013333333333333334,2565.845930893875,30,150,+trail1atr,ema34>89
726,3.7898898071625364,61.192509868347784,1.6687705491710014,6.363529872303166,1.184476401896886,0.3209366391184573,0.1403913043478261,2751.4600000000014,0.12632966023875108,731.1399999999976,3.76324643707089,0.655243792173656,0.004132231404958678,45.0,0.6157024793388429,0.03856749311294766,0.0,0.34573002754820936,0.0,False,-1.47043230016313,0.9328610153977337,1.2697244094736597,5.260322107325667,0.0,0.0,3818.993849918434,30,200,flatten,ema34>89
727,3.6934938101788197,61.11635700499173,1.6294728242107677,6.351237960125942,1.1798887105375278,0.3177441540577717,0.1403913043478261,2685.170000000002,0.12311646033929387,731.1399999999976,3.6725798068769464,0.6401916648160259,0.0041265474552957355,45.0,0.6052269601100413,0.03851444291609354,0.016506189821182942,0.33975240715268223,0.0,False,-1.3707747489239575,0.9362729704663276,1.2601973438898517,5.064268559102777,0.006666666666666667,0.006666666666666667,3681.7232424677186,30,200,+chan10,ema34>89
749,2.7954472630173575,54.07027180699491,1.4149257805085873,5.53586862214014,1.1722148608201506,0.24032042723631508,0.1403913043478261,2093.790000000001,0.09318157543391185,1022.5299999999979,2.0476563034825435,0.5633499671051548,0.004005340453938585,30.0,0.7036048064085447,0.028037383177570093,0.0,0.2683578104138852,0.0,False,-1.2477421910532716,0.9294915813477764,1.261135532954932,4.043189454070629,0.04666666666666667,0.04666666666666667,3028.348901098901,30,200,+be1R,ema34>89
877,2.016797890054023,42.002081595283165,1.4219730343909696,3.9741032714813205,1.1566918263772261,0.3523375142531357,0.1403913043478261,1768.7317495773782,0.06722659633513405,779.1639468633114,2.2700379768568353,0.5676134149396634,0.004561003420752566,15.0,0.8757126567844926,0.014823261117445839,0.0,0.10946408209806158,0.0,False,-0.8587594142124574,0.9377360962870142,1.2334939765645918,2.87555730426648,0.02666666666666667,0.02666666666666667,2521.863755841703,30,200,+trail1atr,ema34>89
720,2.572500000000001,65.10841912769324,1.0601918982250085,6.798905945299152,1.1228540993153542,0.30833333333333335,,1852.200000000001,0.08574999999999991,1176.239999999998,1.574678637012858,0.421403224339765,0.0,45.0,0.6277777777777778,0.0,0.0,0.37222222222222223,0.0,False,-1.5308027567462612,0.9318022771366206,1.2050347234241858,4.103302756746262,0.06,0.05333333333333334,2954.377984857309,30,none,flatten,ema34>89
721,2.476990291262137,65.0291692495774,1.0227835414723614,6.785919517364527,1.118363976302152,0.30513176144244103,,1785.9100000000008,0.08256634304207111,1176.239999999998,1.5183210909338263,0.4067521340898482,0.0,45.0,0.6171983356449375,0.0,0.016643550624133148,0.36615811373092927,0.0,False,-1.7107730448922474,0.9223574504311729,1.2125060363304403,4.187763336154385,0.06666666666666667,0.06666666666666667,3019.3773653673115,30,none,+chan10,ema34>89
745,2.108657718120807,55.252068985949435,1.0416832498934836,5.672030270985605,1.1301253500698687,0.23355704697986576,,1570.9500000000012,0.07028859060402678,1226.5199999999968,1.2808189022600571,0.41132992870712765,0.0,30.0,0.7100671140939597,0.0,0.0,0.28993288590604027,0.0,False,-0.550779605854281,0.9671199546839653,1.1685472361483538,2.6594373239750877,0.12666666666666668,0.12,1981.2808063614402,30,none,+be1R,ema34>89
876,2.491631330336388,45.42976870998065,1.6232869993801695,4.300872852593763,1.1933635391925637,0.3527397260273973,,2182.669045374676,0.08305437767787954,779.1639468633114,2.80129625371075,0.6508921912369776,0.0,15.0,0.886986301369863,0.0,0.0,0.11301369863013698,0.0,False,-0.6483657509770722,0.9538394994146512,1.2511156645587678,3.13999708131346,0.03333333333333333,0.02666666666666667,2750.637443230591,30,none,+trail1atr,ema34>89
731,1.6716963064295483,59.70602557298,0.7570035370891333,6.1876765710066515,1.0656679346958693,0.42954856361149113,0.3486,1222.0099999999998,0.033433926128590974,1091.1999999999996,1.11987719941349,0.30044460234585985,0.008207934336525308,45.0,0.4473324213406293,0.2024623803009576,0.0,0.35020519835841313,0.0,False,-2.614289391607535,0.9046708835567003,1.1779620125566674,4.285985698037083,0.03333333333333333,0.03333333333333333,3133.055545265108,50,100,flatten,ema34>89
735,1.7372108843537408,59.259019660702826,0.7947705182659023,6.124616837297722,1.0690377270348248,0.4231292517006803,0.3486,1276.8499999999995,0.03474421768707483,1043.2,1.2239743098159503,0.3157500793560233,0.00816326530612245,45.0,0.4217687074829932,0.20136054421768707,0.0380952380952381,0.33877551020408164,0.0,False,-2.899225548455371,0.8912447124094871,1.1994884369576486,4.636436432809112,0.02666666666666667,0.03333333333333333,3407.780778114697,50,100,+chan10,ema34>89
740,1.5113513513513508,55.81255840861038,0.7366299420730917,5.748892686290355,1.067831767028448,0.3716216216216216,0.3486,1118.3999999999996,0.03022702702702703,752.3400000000001,1.4865619267884194,0.29433674935724036,0.013513513513513514,45.0,0.5108108108108108,0.17972972972972973,0.0,0.30945945945945946,0.0,False,-2.5397815136732715,0.8943584500399362,1.1939639715829438,4.0511328650246226,0.02,0.02,2997.8383201182205,50,100,+be1R,ema34>89
883,1.3801230555018074,40.13715945946089,1.0217661924705692,3.7847257327683135,1.0987556560421579,0.3793884484711212,0.3486,1218.648658008096,0.02760246111003615,733.0223193347624,1.6624987068798294,0.4041965959398914,0.02491506228765572,15.0,0.79841449603624,0.08607021517553794,0.0,0.11551528878822197,0.0,False,-1.3085424049856553,0.9172307224727557,1.19790542240019,2.6886654604874627,0.04,0.04,2374.0916016104297,50,100,+trail1atr,ema34>89
697,2.5120086083213784,67.5983816585593,0.98107275118187,7.174440541781683,1.0941694002561213,0.40746054519368724,0.26145,1750.8700000000008,0.05024017216642756,1038.6499999999983,1.6857170365378171,0.3924071261326365,0.005738880918220947,60.0,0.4720229555236729,0.10186513629842181,0.0,0.4261119081779053,0.0,False,-1.4546063189941445,0.948083984855878,1.154084888821796,3.966614927315523,0.02666666666666667,0.02,2764.7306043389194,50,150,flatten,ema34>89
701,2.527403708987163,67.1272419436694,0.9968615009823621,7.104081344904231,1.0958779790895514,0.4008559201141227,0.26145,1771.7100000000012,0.05054807417974324,1038.6499999999983,1.7057815433495442,0.3990826017387993,0.005706134094151213,60.0,0.4450784593437946,0.10128388017118402,0.04136947218259629,0.4122681883024251,0.0,False,-2.013468664574262,0.9247344468684026,1.1850731664649494,4.540872373561425,0.04,0.04,3183.1515338665586,50,150,+chan10,ema34>89
710,2.195915492957748,62.31331904837847,0.9389963694539929,6.552693291929794,1.0968823169731403,0.3408450704225352,0.26145,1559.100000000001,0.043918309859154944,1008.4599999999973,1.5460206651726447,0.38063380768832344,0.009859154929577466,45.0,0.5464788732394367,0.08732394366197183,0.0,0.36619718309859156,0.0,False,-1.7517250338967472,0.9290667483556345,1.1806281076300755,3.947640526854495,0.04666666666666667,0.04666666666666667,2802.8247740666916,50,150,+be1R,ema34>89
871,2.229158436173778,43.85390561858839,1.5001743538287275,4.163584000898093,1.1604719402641295,0.3777267508610792,0.26145,1941.5969979073604,0.04458316872347556,729.437083192586,2.661774459572876,0.6037348130301263,0.011481056257175661,15.0,0.8346727898966705,0.040183696900114814,0.0,0.1251435132032147,0.0,False,-0.7537060645859657,0.9505006278662549,1.2209060217763683,2.9828645007597436,0.02,0.013333333333333334,2598.0749801617367,50,150,+trail1atr,ema34>89
683,3.2107320644216695,72.01527971659749,1.1651712635956621,7.721157846569991,1.118592399028301,0.40263543191800877,0.20915999999999998,2192.9300000000003,0.06421464128843339,959.949999999998,2.284421063597067,0.464290794929967,0.0029282576866764276,60.0,0.4802342606149341,0.04978038067349927,0.0,0.4699853587115666,0.0,False,-2.212260767156054,0.9251760898517547,1.2090589146197437,5.422992831577723,0.04,0.03333333333333333,3703.904103967585,50,200,flatten,ema34>89
687,3.222372634643377,71.53891115186117,1.1806245330991902,7.647721921014972,1.1204618729033295,0.39592430858806404,0.20915999999999998,2213.77,0.06444745269286754,959.949999999998,2.306130527631652,0.4708139449023379,0.002911208151382824,60.0,0.45269286754002913,0.049490538573508006,0.042212518195050945,0.4556040756914119,0.0,False,-1.6579946091962143,0.9400030796266376,1.1919768107019062,4.880367243839592,0.04666666666666667,0.05333333333333334,3352.8122965177995,50,200,+chan10,ema34>89
697,2.608134863701578,65.39635749873594,1.0529139369031213,6.940732411222923,1.1150925776439788,0.3328550932568149,0.20915999999999998,1817.87,0.05216269727403156,968.3099999999986,1.877363654201653,0.42080063475362206,0.00430416068866571,45.0,0.5566714490674318,0.03730272596843615,0.0,0.406025824964132,0.0,False,-1.3970465916432515,0.9430940595743158,1.182376843882675,4.00518145534483,0.04,0.04,2791.6114743753465,50,200,+be1R,ema34>89
862,2.552275290924076,45.14427361650077,1.6598868310789379,4.308411411710973,1.1853900560326167,0.37819025522041766,0.20915999999999998,2200.0613007765533,0.05104550581848151,814.2985238990884,2.7017871655250536,0.6573336387380021,0.0069605568445475635,15.0,0.857308584686775,0.015081206496519721,0.0,0.12761020881670534,0.0,False,-0.7463600402828694,0.9527459617494671,1.2441827135703205,3.2986353312069454,0.013333333333333334,0.013333333333333334,2843.4236555003868,50,200,+trail1atr,ema34>89
671,3.811341281669151,81.53403381312658,1.2108773896183744,8.819537273383824,1.1390899093585922,0.3949329359165425,,2557.4100000000003,0.07622682563338301,1308.1799999999985,1.9549373939366168,0.4843652262421853,0.0,60.0,0.4858420268256334,0.0,0.0,0.5141579731743666,0.0,False,-1.7045040276475196,0.9425209063060619,1.2085566502953506,5.515845309316671,0.06666666666666667,0.06666666666666667,3701.132202551486,50,none,flatten,ema34>89
675,3.8196296296296297,81.05251519049456,1.2243529831983326,8.74143516542444,1.1410979287759877,0.38814814814814813,,2578.25,0.0763925925925926,1308.1799999999985,1.9708679233744615,0.4900702655837586,0.0,60.0,0.4577777777777778,0.0,0.04296296296296296,0.49925925925925924,0.0,False,-1.5498742431299486,0.9443724232345553,1.2083134796202868,5.369503872759578,0.04666666666666667,0.04,3624.4151141127154,50,none,+chan10,ema34>89
688,3.0486627906976738,71.95490350984943,1.1113304503891372,7.686600449527626,1.1353862757349333,0.32558139534883723,,2097.4799999999996,0.06097325581395349,1275.1799999999985,1.6448501388039352,0.43909427176517185,0.0,60.0,0.5625,0.0,0.0,0.4375,0.0,False,-1.5635281263657368,0.9353305544323831,1.213887721677131,4.61219091706341,0.06,0.06,3173.187350939626,50,none,+be1R,ema34>89
860,2.8362942138557994,46.73520072795411,1.7797393069484984,4.465427243302396,1.20603005807122,0.37906976744186044,,2439.2130239159874,0.05672588427711597,814.2985238990884,2.995477644041838,0.704660562521718,0.0,15.0,0.8686046511627907,0.0,0.0,0.1313953488372093,0.0,False,-0.0003959771308320783,0.9999438795648129,1.2060977448015364,2.8366901909866313,0.06,0.05333333333333334,2439.553564248503,50,none,+trail1atr,ema34>89
706,1.6930028328611852,68.51219072590223,0.6565868503078153,7.224929855742767,1.0578558680921446,0.48583569405099153,0.4416571428571429,1195.2599999999968,0.022573371104815797,1539.429999999998,0.7764302371657031,0.2608295613623221,0.00141643059490085,60.0,0.31869688385269124,0.23371104815864022,0.0,0.4475920679886686,0.0,False,-2.232374702788812,0.9307097401876844,1.1366120095388927,3.9253775356499974,0.06666666666666667,0.06666666666666667,2771.316540168898,75,100,flatten,ema34>89
712,1.62713483146067,67.38960458293224,0.6442740373011548,7.076541244547563,1.0565398409884077,0.4705056179775281,0.4416571428571429,1158.519999999997,0.02169513108614226,1533.4299999999982,0.7555088918307313,0.2560213789152262,0.0014044943820224719,60.0,0.2752808988764045,0.2303370786516854,0.08707865168539326,0.40730337078651685,0.0,False,-2.673847368835231,0.9076153698866101,1.164083240591665,4.300982200295901,0.02,0.02,3062.2993266106814,75,100,+chan10,ema34>89
707,2.253140028288539,66.34615459682885,0.9029883217565444,6.991561471120134,1.0831028789194859,0.45544554455445546,0.4416571428571429,1592.969999999997,0.030041867043847165,1456.4299999999976,1.0937497854342466,0.35730578575410354,0.005657708628005658,60.0,0.3578500707213578,0.22347949080622348,0.0,0.4186704384724187,0.0,False,-2.7102306010994086,0.9098310427340306,1.1904439704154033,4.963370629387947,0.006666666666666667,0.006666666666666667,3509.1030349772786,75,100,+be1R,ema34>89
875,2.5672915004569306,42.01589716344632,1.8074469865647058,3.9799511895796305,1.1875738789486037,0.3942857142857143,0.4416571428571429,2246.380062899814,0.034230553339425734,1132.6806170147602,1.9832422566038677,0.6901191593311609,0.02057142857142857,15.0,0.7828571428571428,0.09371428571428571,0.0,0.12342857142857143,0.0,False,-0.7796716926062714,0.9503622340076536,1.2496012956455924,3.346963193063202,0.006666666666666667,0.0,2928.592793930302,75,100,+trail1atr,ema34>89
669,3.2735276532137516,77.12856276842362,1.0977762586909015,8.355458966878233,1.1069094580153902,0.4663677130044843,0.34351111111111116,2189.99,0.043647035376183294,1355.239999999998,1.6159425636787603,0.4262641965633975,0.0,75.0,0.33482810164424515,0.1210762331838565,0.0,0.5440956651718983,0.0,False,-1.3367907185680492,0.960478903063709,1.1524557743898394,4.610318371781801,0.04666666666666667,0.04666666666666667,3084.3029907220252,75,150,flatten,ema34>89
675,3.139629629629629,75.99392259988831,1.073374919221863,8.195870859922582,1.104316438754671,0.45037037037037037,0.34351111111111116,2119.2499999999995,0.04186172839506167,1355.239999999998,1.5637451669077085,0.4167131838363791,0.0,60.0,0.28888888888888886,0.12,0.09333333333333334,0.49777777777777776,0.0,False,-1.522853623133047,0.9489592436062695,1.1637132428975636,4.6624832527626765,0.06,0.06,3147.1761956148066,75,150,+chan10,ema34>89
670,3.9891044776119395,73.52740464531212,1.4043118989179775,7.9593933191628565,1.145985840023509,0.42388059701492536,0.34351111111111116,2672.6999999999994,0.053188059701492464,1637.0099999999975,1.632671761320947,0.5442116685298947,0.005970149253731343,60.0,0.3940298507462687,0.11044776119402985,0.0,0.4955223880597015,0.0,False,-0.7372485120499572,0.974593333495329,1.1758605365311599,4.726352989661897,0.02,0.02,3166.656503073471,75,150,+be1R,ema34>89
863,3.9007567685332525,46.47970955560326,2.4654197065419536,4.433289973479078,1.288579579860225,0.3928157589803013,0.34351111111111116,3366.353091244197,0.05201009024711003,1003.8894539825342,3.35331054419341,0.9189158727648443,0.006952491309385863,15.0,0.8180764774044033,0.047508690614136734,0.0,0.13441483198146004,0.0,False,-0.32846239502450547,0.9787358142628735,1.3165754855212974,4.229219163557758,0.0,0.0,3649.816138150345,75,150,+trail1atr,ema34>89
654,4.414892966360853,82.65413504683688,1.3659803998600235,9.056154900180674,1.141417871703495,0.4617737003058104,0.2810545454545455,2887.3399999999974,0.058865239551478016,1314.7199999999975,2.1961634416453717,0.5289484140412588,0.0,75.0,0.3425076452599388,0.06574923547400612,0.0,0.591743119266055,0.0,False,-1.6228565773394625,0.9519049005171258,1.1990881348372255,6.037749543700315,0.03333333333333333,0.03333333333333333,3948.688201580006,75,200,flatten,ema34>89
660,4.267575757575755,81.5248159629101,1.3448175872748533,8.891724339327327,1.1391041349970912,0.44545454545454544,0.2810545454545455,2816.599999999998,0.05690101010101005,1308.7199999999975,2.1521792285592056,0.5206513964586649,0.0,75.0,0.29545454545454547,0.06515151515151515,0.09545454545454546,0.543939393939394,0.0,False,-1.3036697533317456,0.9586569320560447,1.1882291744910651,5.5712455109075005,0.03333333333333333,0.04,3677.0220371989503,75,200,+chan10,ema34>89
658,4.477477203647414,77.13428390439081,1.4890143329350216,8.425634896267676,1.1637681948911447,0.4133738601823708,0.2810545454545455,2946.1799999999985,0.05969969604863216,1807.7199999999975,1.6297767353351196,0.5772673422799924,0.001519756838905775,75.0,0.40577507598784196,0.05319148936170213,0.0,0.541033434650456,0.0,False,-1.1551604278074898,0.9615210412583767,1.2103408505424698,5.632637631454903,0.04,0.03333333333333333,3706.2755614973266,75,200,+be1R,ema34>89
853,4.279191052867586,48.22118709108152,2.5917809592464742,4.626275722629352,1.3185362769522855,0.39155920281359907,0.2810545454545455,3650.149968096051,0.057055880704901134,982.2194875050445,3.716226377637722,0.988036619158249,0.004689331770222743,15.0,0.8440797186400938,0.01992966002344666,0.0,0.13599062133645956,0.0,False,0.32433215682357597,1.0207170756243908,1.291774487211075,3.95485889604401,0.006666666666666667,0.006666666666666667,3373.4946383255406,75,200,+trail1atr,ema34>89
638,5.12065830721003,98.1618054194605,1.3176303780820282,10.889309183724112,1.1615437486092914,0.45141065830721006,,3266.9799999999987,0.06827544409613368,1667.5999999999985,1.95909090909091,0.5233682658686407,0.0,75.0,0.34796238244514105,0.0,0.0,0.6520376175548589,0.0,False,-1.1981628218592717,0.9655051007500297,1.203042581242682,6.318821129069301,0.04666666666666667,0.04,4031.407880346214,75,none,flatten,ema34>89
644,4.963105590062109,97.0554806285808,1.2977062132521509,10.716309840655668,1.1593772189467135,0.43478260869565216,,3196.2399999999984,0.0661747412008281,1667.5999999999985,1.916670664427921,0.5155609586118458,0.0,75.0,0.2996894409937888,0.0,0.09782608695652174,0.6024844720496895,0.0,False,-1.4598884928251552,0.9545795018406038,1.2145423369255492,6.422994082887264,0.08666666666666667,0.08,4136.408189379398,75,none,+chan10,ema34>89
645,5.472790697674417,92.42402206977334,1.503847618870221,10.197016866911085,1.2001192795830657,0.4,,3529.949999999999,0.07297054263565886,2007.949999999998,1.7579870016683694,0.5936201528755455,0.0,75.0,0.4170542635658915,0.0,0.0,0.5829457364341085,0.0,False,-0.5386983736983767,0.9818715619569859,1.2222772571099692,6.011489071372793,0.04,0.04,3877.4104510354514,75,none,+be1R,ema34>89
851,4.311103835384858,49.21431163196469,2.555417404140657,4.727099740017061,1.3213020030206797,0.39247943595769685,,3668.7493639125146,0.057481384471798104,942.9404754749285,3.8907539333961507,1.0096235137001957,0.0,15.0,0.8601645123384254,0.0,0.0,0.1398354876615746,0.0,False,1.1119046042982017,1.0709053316230799,1.233817746539832,3.1991992310866566,0.10666666666666667,0.06666666666666667,2722.5185456547447,75,none,+trail1atr,ema34>89
696,1.9283908045976963,74.2486470539983,0.6851901755394117,7.885914345209328,1.0625423461860708,0.514367816091954,0.5114500000000001,1342.1599999999967,0.01928390804597698,1293.4299999999976,1.0376750191351671,0.2665702003450809,0.0014367816091954023,60.0,0.23275862068965517,0.24568965517241378,0.0,0.521551724137931,0.0,False,-2.260004636359084,0.9350403891497674,1.136359839121218,4.18839544095678,0.06,0.05333333333333334,2915.123226905919,100,100,flatten,ema34>89
706,1.7978186968838485,71.72240176705718,0.6660294284439424,7.563461573218657,1.0600943795094104,0.4915014164305949,0.5114500000000001,1269.259999999997,0.017978186968838496,1196.4299999999976,1.060872763136999,0.25866724435346705,0.00141643059490085,60.0,0.17422096317280453,0.23937677053824363,0.13031161473087818,0.45609065155807366,0.0,False,-2.404303549444264,0.9224675933759131,1.1491941691196228,4.202122246328113,0.04666666666666667,0.04666666666666667,2966.6983059076474,100,100,+chan10,ema34>89
696,1.9283908045976963,74.2486470539983,0.6851901755394117,7.885914345209328,1.0625423461860708,0.514367816091954,0.5114500000000001,1342.1599999999967,0.01928390804597698,1293.4299999999976,1.0376750191351671,0.2665702003450809,0.0014367816091954023,60.0,0.23275862068965517,0.24568965517241378,0.0,0.521551724137931,0.0,False,-2.260004636359084,0.9350403891497674,1.136359839121218,4.18839544095678,0.06,0.05333333333333334,2915.123226905919,100,100,+be1R,ema34>89
874,2.8420435552837473,42.96928146098161,1.9553673276893704,4.07258826980366,1.2087563413240456,0.39931350114416475,0.5114500000000001,2483.946067317995,0.028420435552837475,959.3794031076523,2.5891175683696335,0.7359638741804376,0.020594965675057208,15.0,0.7791762013729977,0.09610983981693363,0.0,0.12471395881006865,0.0,False,-0.21555690659472326,0.9856868151667266,1.2263087247642521,3.0576004618784705,0.03333333333333333,0.03333333333333333,2672.342803681783,100,100,+trail1atr,ema34>89
659,2.6022610015174505,83.26105493136848,0.8023274508108517,9.08797937660352,1.0787425545631368,0.49013657056145676,0.40916,1714.8899999999999,0.02602261001517449,1309.3299999999992,1.3097462060748635,0.3106054458749196,0.0,75.0,0.2534142640364188,0.1274658573596358,0.0,0.6191198786039454,0.0,False,-1.2046168332609026,0.9678673333877044,1.1145562179346935,3.806877834778353,0.1,0.09333333333333334,2508.7324931189346,100,150,flatten,ema34>89
669,2.5500597907324356,80.7976689205229,0.8163278083152493,8.752939028720343,1.0796390360539143,0.4663677130044843,0.40916,1705.9899999999993,0.02550059790732434,1218.2399999999989,1.4003726687680595,0.31550539122722315,0.0,75.0,0.1898355754857997,0.12556053811659193,0.14050822122571002,0.5440956651718983,0.0,False,-2.176270301777814,0.9335459093467647,1.1564927072621165,4.726330092510249,0.08,0.08,3161.9148318893567,100,150,+chan10,ema34>89
659,3.1288163884673748,81.71068397956589,0.9829783194781122,8.918755731194738,1.0991658466531427,0.47496206373292865,0.40916,2061.89,0.031288163884673745,1380.4299999999976,1.4936577733025242,0.3794367164267526,0.0030349013657056147,75.0,0.27617602427921095,0.1244309559939302,0.0,0.5993930197268589,0.0,False,-1.3147311827957,0.9622339520061236,1.1423062388949539,4.443547571263075,0.08666666666666667,0.09333333333333334,2928.2978494623662,100,150,+be1R,ema34>89
863,4.029166860561715,47.2889674634448,2.502999827419173,4.5104779551402086,1.2981419109458818,0.39745075318655854,0.40916,3477.17100066476,0.04029166860561715,873.6681619487299,3.979967626276867,0.9286465343644803,0.006952491309385863,15.0,0.8146002317497103,0.047508690614136734,0.0,0.13789107763615296,0.0,False,0.20261593891493587,1.0127241811893501,1.2818316527421465,3.8265509216467795,0.006666666666666667,0.006666666666666667,3302.313445381171,100,150,+trail1atr,ema34>89
644,3.7534782608695636,88.48036907516604,1.0765393602500792,9.769495176203655,1.111656017209117,0.4860248447204969,0.3409666666666667,2417.239999999999,0.037534782608695624,1210.1399999999976,1.997487893962685,0.4128611525559179,0.0,75.0,0.2593167701863354,0.06832298136645963,0.0,0.672360248447205,0.0,False,-1.2896086689152693,0.9663250753824992,1.1503954989154055,5.043086929784833,0.12666666666666668,0.11333333333333333,3247.7479827814323,100,200,flatten,ema34>89
654,3.6824770642201807,86.03351945320846,1.0946145972651165,9.426423473362329,1.1131096633114286,0.4617737003058104,0.3409666666666667,2408.3399999999983,0.03682477064220181,1156.0199999999988,2.083303057040536,0.41902244158302765,0.0,75.0,0.19418960244648317,0.0672782874617737,0.1437308868501529,0.5948012232415902,0.0,False,-1.987756080849607,0.9389869626945415,1.1854367606097747,5.670233145069788,0.05333333333333334,0.05333333333333334,3708.332476875641,100,200,+chan10,ema34>89
645,4.1068992248062,85.5395589153848,1.2193458291678327,9.437463394417415,1.1306010621828588,0.4666666666666667,0.3409666666666667,2648.949999999999,0.041068992248062,1643.4999999999982,1.6117736537876495,0.46404223422558477,0.0015503875968992248,75.0,0.2868217054263566,0.06201550387596899,0.0,0.6511627906976745,0.0,False,-1.0368533208441901,0.9696510801088867,1.165987524147241,5.14375254565039,0.05333333333333334,0.05333333333333334,3317.7203919445014,100,200,+be1R,ema34>89
853,4.467723185834247,48.896812377095934,2.6685799858071766,4.691094302320872,1.3340993975065634,0.3962485345838218,0.3409666666666667,3810.9678775166126,0.04467723185834248,925.0194963559679,4.1198784377297795,1.004580162667704,0.004689331770222743,15.0,0.8405627198124267,0.01992966002344666,0.0,0.1395076201641266,0.0,False,0.8861897293320449,1.0573886112284996,1.2616926107768216,3.581533456502202,0.03333333333333333,0.006666666666666667,3055.0480383963786,100,200,+trail1atr,ema34>89
627,4.1485964912280675,103.83745889106461,1.0004166579830132,11.619526000154254,1.1205154815902745,0.47368421052631576,,2601.1699999999983,0.04148596491228066,1548.3099999999986,1.6800059419625273,0.3971008748730071,0.0,75.0,0.2679425837320574,0.0,0.0,0.7320574162679426,0.0,False,-0.7596402481795412,0.9805252406241949,1.1427706653190925,4.9082367394076085,0.14,0.12666666666666668,3077.4644356085705,100,none,flatten,ema34>89
637,4.0694976452119285,101.47618516539774,1.0121535098006798,11.265813230375825,1.1221225630441536,0.4489795918367347,,2592.2699999999986,0.04069497645211928,1478.119999999999,1.75376153492274,0.4016128609139721,0.0,75.0,0.20094191522762953,0.0,0.14756671899529042,0.6514913657770801,0.0,False,-1.0763910666941516,0.9687774511546929,1.158287243067732,5.14588871190608,0.06,0.06,3277.9311094841732,100,none,+chan10,ema34>89
630,4.498888888888886,100.37952560619935,1.1249427035305204,11.205803306341151,1.1421491234229337,0.44761904761904764,,2834.2999999999984,0.04498888888888885,1931.079999999998,1.4677279035565596,0.44445801017349645,0.0,75.0,0.30158730158730157,0.0,0.0,0.6984126984126984,0.0,False,-0.7278673986814441,0.9788759434670611,1.1667966007802568,5.22675628757033,0.11333333333333333,0.09333333333333334,3292.856461169308,100,none,+be1R,ema34>89
851,4.50499144717581,49.8696398137381,2.6352542312812024,4.79004487883873,1.3374255967639728,0.3971797884841363,,3833.747721546614,0.045049914471758094,925.0194963559679,4.14450477708775,1.0217820231223174,0.0,15.0,0.8566392479435958,0.0,0.0,0.14336075205640422,0.0,False,1.831023058041589,1.1171373589481848,1.1971899301829771,2.6739683891342207,0.14,0.09333333333333334,2275.547099153222,100,none,+trail1atr,ema34>89
694,-1.0536887608069176,83.61924325566731,-0.33196007189521876,8.893948874408313,0.9695013894664144,0.5288184438040345,0.6091599999999999,-731.2600000000009,-0.007024591738712774,2100.1399999999994,-0.3481958345634106,-0.13068244396252912,0.001440922190201729,75.0,0.14697406340057637,0.2521613832853026,0.0,0.600864553314121,0.0,False,-2.8920907862807415,0.9228229458889612,1.050582231169477,1.8384020254738238,0.31333333333333335,0.32,1275.8510056788336,150,100,flatten,ema34>89
705,-0.33964539007092454,78.26705505405387,-0.1152235601717293,8.259477328771444,0.9895696665255339,0.500709219858156,0.6091599999999999,-239.4500000000018,-0.0022643026004728196,2024.4299999999994,-0.11828020726821964,-0.04532661277281667,0.0014184397163120568,60.0,0.08652482269503546,0.24397163120567375,0.17872340425531916,0.4907801418439716,0.0,False,-2.692557152370142,0.9139620631059749,1.082725100386133,2.3529117622992177,0.23333333333333334,0.23333333333333334,1658.8027924209484,150,100,+chan10,ema34>89
694,-1.0536887608069176,83.61924325566731,-0.33196007189521876,8.893948874408313,0.9695013894664144,0.5288184438040345,0.6091599999999999,-731.2600000000009,-0.007024591738712774,2100.1399999999994,-0.3481958345634106,-0.13068244396252912,0.001440922190201729,75.0,0.14697406340057637,0.2521613832853026,0.0,0.600864553314121,0.0,False,-2.8920907862807415,0.9228229458889612,1.050582231169477,1.8384020254738238,0.31333333333333335,0.32,1275.8510056788336,150,100,+be1R,ema34>89
873,3.607047509908297,42.808495858471495,2.48959679360325,4.059672292610498,1.277894069830796,0.4009163802978236,0.6091599999999999,3148.9524761499433,0.024046983399388648,809.173681618835,3.891565615246088,0.9507123639594072,0.020618556701030927,15.0,0.7754868270332188,0.09736540664375716,0.0,0.12714776632302405,0.0,False,0.8178863063441014,1.0558747171949239,1.21027054537843,2.7891612035641957,0.02,0.013333333333333334,2434.937730711543,150,100,+trail1atr,ema34>89
655,0.16801526717557522,92.60410783601202,0.04643432586902895,10.138594021022811,1.004581852367346,0.5068702290076336,0.5076333333333333,110.05000000000177,0.0011201017811705031,1765.139999999999,0.062346329469618184,0.018083601698062036,0.0,75.0,0.15725190839694655,0.13587786259541984,0.0,0.7068702290076336,0.0,False,-1.4597260480168563,0.9634383016509942,1.0427049149341958,1.6277413151924316,0.3,0.3,1066.1705614510427,150,150,flatten,ema34>89
666,0.7655555555555574,87.26096841192593,0.22640905843924994,9.474385351247957,1.0221255758568855,0.4774774774774775,0.5076333333333333,509.86000000000126,0.005103703703703713,1915.7199999999962,0.26614536571106545,0.08803447239269746,0.0,75.0,0.09309309309309309,0.13063063063063063,0.19369369369369369,0.5825825825825826,0.0,False,-1.7363266545233742,0.9500843415892585,1.0758261462841494,2.5018822100789317,0.18,0.18666666666666668,1666.2535519125686,150,150,+chan10,ema34>89
655,0.16801526717557522,92.60410783601202,0.04643432586902895,10.138594021022811,1.004581852367346,0.5068702290076336,0.5076333333333333,110.05000000000177,0.0011201017811705031,1765.139999999999,0.062346329469618184,0.018083601698062036,0.0,75.0,0.15725190839694655,0.13587786259541984,0.0,0.7068702290076336,0.0,False,-1.4597260480168563,0.9634383016509942,1.0427049149341958,1.6277413151924316,0.3,0.3,1066.1705614510427,150,150,+be1R,ema34>89
862,4.921319500576227,47.108562293828285,3.067152316346795,4.495876245571966,1.384063561635025,0.3990719257540603,0.5076333333333333,4242.177409496708,0.032808796670508185,779.1584668980668,5.444563063513098,1.1520990102368773,0.0069605568445475635,15.0,0.8109048723897911,0.048723897911832945,0.0,0.14037122969837587,0.0,True,1.3199931576557846,1.0892337575127877,1.2706763374608099,3.6013263429204425,0.02666666666666667,0.013333333333333334,3104.3433075974212,150,150,+trail1atr,ema34>89
638,1.3071786833855807,98.59004024739883,0.33489776754680695,10.93681423341969,1.0346891688583622,0.5,0.4351142857142857,833.9800000000005,0.00871452455590389,1895.8499999999985,0.4398976712292645,0.12919643988667975,0.0,90.0,0.16300940438871472,0.0768025078369906,0.0,0.7601880877742947,0.0,False,-2.3783527136141753,0.9440229187139126,1.0960424247622806,3.685531396999756,0.19333333333333333,0.18666666666666668,2351.3690312858444,150,200,flatten,ema34>89
650,1.7653846153846164,92.9896858451552,0.48401769083466833,10.219890276691078,1.0497469085385207,0.4707692307692308,0.4351142857142857,1147.5000000000007,0.011769230769230775,1972.1399999999987,0.5818552435425484,0.18619056902730777,0.0,75.0,0.09692307692307692,0.07230769230769231,0.19846153846153847,0.6323076923076923,0.0,False,-1.5918960722975317,0.9536850730747013,1.1007269990649156,3.357280687682148,0.16,0.16,2182.232446993396,150,200,+chan10,ema34>89
639,1.5941940532081385,97.14657372958668,0.414824239624658,10.768251491597939,1.0434198670325443,0.49608763693270735,0.4351142857142857,1018.6900000000005,0.010627960354720942,1795.8499999999985,0.5672467076871683,0.16046341581461787,0.0,90.0,0.1674491392801252,0.07355242566510173,0.0,0.758998435054773,0.0,False,-1.3094174757281536,0.966326463310792,1.079779874244174,2.903611528936292,0.26,0.25333333333333335,1855.4077669902904,150,200,+be1R,ema34>89
852,5.276380430541136,48.47491939781174,3.1771579258531286,4.653346894113348,1.416386421507,0.397887323943662,0.4351142857142857,4495.476126821048,0.0351758695369409,830.5098013053048,5.412911587263086,1.2074999717688726,0.004694835680751174,15.0,0.8380281690140845,0.01995305164319249,0.0,0.142018779342723,0.0,True,1.8769322508573756,1.1245174118762873,1.2595504583105754,3.39944817968376,0.05333333333333334,0.02666666666666667,2896.3298490905636,150,200,+trail1atr,ema34>89
620,1.0987096774193557,113.87463929649788,0.2402435740866535,12.814430220800077,1.02817227603206,0.4838709677419355,,681.2000000000005,0.0073247311827957145,2147.0199999999986,0.31727696993973087,0.09490876354864118,0.0,105.0,0.17096774193548386,0.0,0.0,0.8290322580645161,0.0,False,-1.2902956943093118,0.9703874660832519,1.059548182523465,2.3890053717286674,0.31333333333333335,0.31333333333333335,1481.1833304717738,150,none,flatten,ema34>89
632,1.7891139240506337,108.70967780296763,0.4137407775200974,12.116517122720314,1.0487300334083787,0.45569620253164556,,1130.7200000000005,0.011927426160337552,2143.3099999999986,0.5275578427758939,0.16338660892243606,0.0,75.0,0.10284810126582279,0.0,0.20411392405063292,0.6930379746835443,0.0,False,-1.6081861641881057,0.955129542486366,1.0979976922066033,3.3973000882387394,0.17333333333333334,0.17333333333333334,2147.0936557668833,150,none,+chan10,ema34>89
622,2.1730225080385863,111.57709039347012,0.4857182090437883,12.535682118055414,1.0589407823100034,0.4742765273311897,,1351.6200000000006,0.014486816720257251,1970.829999999999,0.6858125764271912,0.1923729798287244,0.0,105.0,0.1832797427652733,0.0,0.0,0.8167202572347267,0.0,False,-1.407838056680159,0.9631741396046775,1.0994281706365499,3.580860564718745,0.22,0.2,2227.2952712550596,150,none,+be1R,ema34>89
850,5.3155952598247636,49.45558430209795,3.133617840118317,4.753067756809369,1.420245312154927,0.3988235294117647,,4518.255970851049,0.03543730173216509,830.5098013053048,5.44034033523716,1.2299108558165206,0.0,15.0,0.8541176470588235,0.0,0.0,0.14588235294117646,0.0,True,2.836264617853256,1.19632631899728,1.187172170002352,2.4793306419715075,0.14666666666666667,0.08666666666666667,2107.431045675781,150,none,+trail1atr,ema34>89
